/*--------------------------------*- C++ -*----------------------------------*\
  =========                 |
  \\      /  F ield         | OpenFOAM: The Open Source CFD Toolbox
   \\    /   O peration     | Website:  https://openfoam.org
    \\  /    A nd           | Version:  10
     \\/     M anipulation  |
\*---------------------------------------------------------------------------*/
FoamFile
{
    format      ascii;
    class       volVectorField;
    location    "1.5/fluid";
    object      U;
}
// * * * * * * * * * * * * * * * * * * * * * * * * * * * * * * * * * * * * * //

dimensions      [0 1 -1 0 0 0 0];

internalField   nonuniform List<vector> 
6240
(
(0.037252260173650922 -1.7459709079021906 1.7417164166272674)
(0.06892984707841128 -0.26380018462619953 6.3028966177853247)
(0.093052096626568909 -0.01636146790789143 6.1434819984509774)
(0.13592518192512298 0.31563331165179975 4.656200288829841)
(-0.0097799822686769951 -1.7525917627966283 1.6874813611287749)
(0.018186105816623867 -0.28934836830180827 7.104860289247581)
(0.04395677865232659 -0.04616810740710927 7.1055566491509641)
(0.079872721709306552 0.27305864368370653 6.1405421177932231)
(-0.046664719977815662 -1.7083715409919373 1.5761904555011792)
(-0.025833209045510581 -0.31291316147501147 6.8636127642386953)
(-0.008574526895652643 -0.078069575944481703 7.3795597108606801)
(0.023011774645959261 0.2182108406356606 7.085739186762626)
(-0.068691646120799796 -1.5901929431792134 1.2269765913757091)
(-0.061705853496786589 -0.310672096495067 6.2443414388728335)
(-0.066920491647422461 -0.083214484470782238 7.3083832179808494)
(-0.047236845447584427 0.18957481875628365 7.7240345356273465)
(0.01996150702045265 -1.800660095691079 1.6075603975380799)
(0.028340269084407208 -0.28116575926610171 6.2583545023931881)
(0.072225224627143869 -0.048422376709008175 6.0776946629244106)
(0.09196256418588615 0.24759428674064296 4.6267258720399127)
(-0.047558691583104218 -1.8326693841842852 1.6293120848504681)
(-0.028423262941296844 -0.3241906527817448 7.0411117579090439)
(0.011601695700406063 -0.082773841392810799 7.0400490593382425)
(0.04274323639533522 0.19380798927579679 6.0995760214152019)
(-0.093163279021189843 -1.7890735519416392 1.556678100589048)
(-0.087756250433336291 -0.34341374491979343 6.8040273218723755)
(-0.062738261499498529 -0.11216176064951625 7.3157739026613591)
(-0.036386445674377967 0.15473083526040546 7.0467418058913802)
(-0.10761023988781319 -1.6893885448361523 1.2320979568645041)
(-0.12687074502388843 -0.34381777752607823 6.2120756751667479)
(-0.12968923702299262 -0.11204003350489623 7.268746856547339)
(-0.1119245890790788 0.13441192311966813 7.6962521167417526)
(0.040196636300519048 -1.7144896396887497 1.7570019770017899)
(0.064775376200256599 -0.27351453137699727 6.2781883070393958)
(0.13518362541096332 -0.062842660374572756 6.0662774429927557)
(0.17778388434394557 0.27118294085831579 4.7150689343328382)
(-0.046188158548412531 -1.7312004852531111 1.8226373755766274)
(-0.0088185587387708576 -0.32406969592303492 7.0368942695529269)
(0.058618717465639951 -0.094813356871416274 7.0112067703668224)
(0.10579597527588047 0.17411719040588228 6.1201909117050688)
(-0.093028699647786317 -1.6264636647308766 1.7928243796285197)
(-0.077030202521361738 -0.32541108912428712 6.8112700918759073)
(-0.029163643340252184 -0.10552649930018096 7.2905176592020462)
(0.017386625137499629 0.1443045018529838 7.0330882318042338)
(-0.097739898605249842 -1.4665003057992492 1.4530543537144354)
(-0.10891015334284114 -0.30907457738703686 6.2477766769307763)
(-0.087845476653267252 -0.087367212927190976 7.2446122330670466)
(-0.035697745399807974 0.14234296960106929 7.6567323687965425)
(1.4608252865046929 0.058522176550231966 -0.43662590201177776)
(1.4428375549189487 0.43868983980496862 -0.83405094825042891)
(1.2336746151967337 0.66266433269506142 -1.1052304193485618)
(0.86707364518401386 0.72329847941334713 -1.2892593560466541)
(1.3504390620912696 0.11002588382119861 0.17671840667019856)
(1.5694490191609221 0.45583492907589884 -0.55641205986691855)
(1.4073688778893358 0.74419474461157498 -1.1555333713656621)
(0.99012740595446691 0.80322833116339065 -1.6090320117510972)
(1.0150693650511751 -0.13635533896272573 0.72674286822498957)
(1.1486716334402665 0.3540750278966654 -0.15435471417504995)
(1.1537512872974214 0.65420341660232006 -0.87350171458442205)
(0.93951300276276539 0.85068062237134101 -1.4620098085374387)
(0.90800231176831214 -0.55467269688470733 1.3241268302092548)
(1.1018696180129843 0.3201518622381424 0.66327410051040259)
(1.1979647787980241 0.71160939631519815 -0.062923954563985057)
(1.109773572239511 1.041741113821439 -0.78565135529423824)
(0.65376564975212048 -0.83945893790005088 1.6956772646868741)
(0.76083977413725723 0.17724717914026672 1.295644780261489)
(0.92185399387899247 0.56839980561986647 0.6745448175238129)
(0.95407620052669151 0.90502061455605076 -0.06662699766039501)
(0.52207830302000136 -1.09520534459705 1.8777133021099184)
(0.56992279701243465 0.075915138836590901 1.9439593015553858)
(0.68241472157743754 0.43800228548043707 1.3074311002332881)
(0.72407141393534213 0.78510364481714734 0.56537353370064081)
(0.38075245221806353 -1.2931499878409032 2.0306522574070502)
(0.34907270159383319 -0.03039324217517787 2.9352272377616058)
(0.41007918252654896 0.28720287347899731 2.1538897548372793)
(0.42641319814000317 0.61356626647930113 1.2050064687007789)
(0.26521622745882406 -1.4380981888528297 2.1140075150011879)
(0.17008335980337741 -0.10261169740648993 3.8448812014035108)
(0.19062182975289721 0.18082131814128705 2.6635793389561955)
(0.16680252768243115 0.50698958509788594 1.5761462244027278)
(0.16896822206758566 -1.5361438604181541 2.1952085266310108)
(0.02085619765507396 -0.1589795988721768 4.5819732027425779)
(0.01726097522217401 0.10043438478843393 2.8904194588931009)
(-0.046214651541377959 0.412135812087779 1.7917498715914137)
(0.11190443761745474 -1.5889523609389964 2.198191530506187)
(-0.067241474560068071 -0.18718268921285952 4.7506219820871909)
(-0.09667428896116495 0.059768303488770429 2.8969339465815045)
(-0.20012666042294044 0.38030939288678273 1.8134953199689885)
(0.08757936978226942 -1.6318629178869939 2.1373127798846023)
(-0.11170300007357507 -0.20892388099012224 5.2260864918740975)
(-0.15698794213532744 0.035253024330125976 3.3562129737607651)
(-0.29535592196933569 0.35491236066353704 1.9372825764650359)
(0.083781680907963729 -1.6667450510596673 1.95870522354587)
(-0.08862452534954611 -0.21746566326903369 5.7826321242564003)
(-0.13048284575865335 0.026044782462701796 4.3561865278742715)
(-0.26438060859571699 0.36254766549517425 2.0845847737629626)
(1.4242849733472034 0.044251056724226231 -0.61552347198263346)
(1.3582589752814556 0.4029477656703121 -0.96739236767197334)
(1.1200897014199127 0.59384984972892219 -1.2300849127859563)
(0.72199303460713349 0.59755033067528696 -1.3792006297821211)
(1.3676365322159416 0.12804035371645689 -0.14102026962270009)
(1.5008022347626357 0.4510218005540868 -0.82417590058593415)
(1.2723881121004557 0.68603120148253716 -1.3967426430618779)
(0.8004206421193335 0.66140509751593657 -1.7655243490318326)
(1.0514097868577374 -0.14523599273217699 0.32140955752418626)
(1.1374710118733375 0.33971565304586887 -0.49351509797256499)
(1.1010808684319104 0.61715064225918326 -1.1457449907970989)
(0.85758169387362881 0.76598115899512653 -1.6102288586563047)
(0.93163819863124886 -0.56803370435075529 1.0535725465226813)
(1.0998594733989708 0.30535571522478921 0.28119068693862842)
(1.1808640716669037 0.71133408787434105 -0.47103043295593422)
(1.0770908906918313 1.0125711298677691 -1.087898182096706)
(0.67215397860139026 -0.85720794471953721 1.426529979049916)
(0.76740094664328606 0.14783871456248138 0.97759794521606547)
(0.93947666901560511 0.56677012095298929 0.24011844407660882)
(0.97153718328021255 0.9219176909407939 -0.44084519973131109)
(0.53984007660676336 -1.1157382540787886 1.6270161026061454)
(0.56821960748214617 0.041820380048399212 1.706124931565232)
(0.69701664744108915 0.4142552598300176 0.98174982395044352)
(0.72841512635180361 0.78222958324688763 0.14633754647224115)
(0.39593534315897233 -1.3109341838591948 1.7901586870920947)
(0.3469667087651252 -0.059070692267984282 2.7653807045264616)
(0.41609288579190296 0.26544666836053421 1.925186402467157)
(0.43046842367233729 0.60701094641290698 0.87105485179978459)
(0.27920178058554906 -1.4611495441211122 1.8894131260439193)
(0.16691119956291778 -0.12984824077820659 3.7034959964265424)
(0.20059218014198976 0.16229874858713619 2.475383830233977)
(0.17767556969223 0.48336906380558742 1.2952148695463022)
(0.18101231971479051 -1.5579198875473499 1.9890551328026822)
(0.016582612919248677 -0.17042991108453628 4.4638681488838472)
(0.024817963984445142 0.090908066329118992 2.7270407367268419)
(-0.048068927333173375 0.39132819321005941 1.5704592702435176)
(0.12909522016314506 -1.6165060636071971 2.0118322030188609)
(-0.074919623210381397 -0.19818184510888828 4.6594341062968416)
(-0.091400408194254115 0.048340864786348969 2.7584286003075231)
(-0.198058641946466 0.33560235910587288 1.621223840160263)
(0.097186855898198823 -1.66228141540677 1.9739800032306489)
(-0.12148421919632565 -0.22196201120273895 5.15571237084181)
(-0.16020728782038379 0.021735608780955089 3.2733013853912647)
(-0.29454980933731684 0.31163521049618748 1.8138324466647191)
(0.087822242486310473 -1.7114644126048657 1.808926997638034)
(-0.10011565139427407 -0.23560433847048318 5.7100288244847945)
(-0.12316323687218317 -0.016947845098492294 4.3191761887078908)
(-0.27271573770247659 0.28557174738900548 1.9959852028602534)
(1.2604871737033791 0.05978080127479643 -0.55839180193342697)
(1.2020164667742725 0.36665470608559697 -0.87999378579241927)
(0.96005166827891053 0.51624383223096082 -1.1629997020881782)
(0.5485206792148406 0.46432820932749808 -1.2883778055060979)
(1.2878977926537338 0.10375819135561562 -0.14504703756313531)
(1.3469400057165479 0.3934401477535861 -0.79063894196244511)
(1.0788816746403236 0.57727710349450601 -1.3746295919665008)
(0.59632008984921492 0.48449914952635681 -1.6536243027630355)
(1.0946184215234012 -0.063270255115267029 0.38684406407359156)
(1.120752331027085 0.37005210908951042 -0.31224520969399278)
(1.0156681765447066 0.59439473607336124 -1.0397406443650818)
(0.75950773053208198 0.71041489002591418 -1.421151277103633)
(1.0704881067805758 -0.38274775751232609 1.0418780948705404)
(1.2289486680414199 0.49073462572148491 0.36747222513395816)
(1.2169681406265225 0.81244437788019408 -0.45094979430352577)
(1.0755095972468858 1.0802204529371526 -1.0597708834979536)
(0.83661260421772154 -0.66545409892535412 1.414771650709677)
(1.0053821876386932 0.3818327756012091 1.026511104755417)
(1.1730411212452081 0.81545658877158278 0.3149741675185091)
(1.2149482424491527 1.1519964678481964 -0.35490846208936405)
(0.68260368733539445 -0.92919222609275809 1.5987759109680506)
(0.78053098328312853 0.21322117031947352 1.6923720921333969)
(0.93725254126520174 0.64679198153167072 0.99103396430735347)
(1.0796187116184115 1.1105322510432631 0.28699616400165534)
(0.51181909252640789 -1.1407023680755657 1.7749611138740915)
(0.49898415993512141 0.042757141939444569 2.7505721425757828)
(0.60525230519800188 0.43215046853641215 1.8739574233665441)
(0.71154231010204738 0.9065869614710409 1.0001815609613485)
(0.37493137167919188 -1.2951706623547519 1.8753999493384035)
(0.29159788741085602 -0.058691312918947219 3.645425994570302)
(0.33326227493599658 0.30305220318506981 2.4051479318827909)
(0.38695811676928249 0.77280867375378626 1.400891113680053)
(0.25480279888530349 -1.4140378055312512 1.9803429493933873)
(0.12154027333730177 -0.11450395860369036 4.4105462069119712)
(0.14475416305253996 0.22291638539838526 2.6947185695326499)
(0.098282371966225815 0.64633539310973787 1.7108075807352501)
(0.18805248706595001 -1.4911372531059159 2.0048933728256872)
(0.018509504979506933 -0.14242001021619666 4.6716978283465158)
(0.0056675525944141908 0.16278006148532223 2.7636993313622646)
(-0.10489010746320679 0.56854517981247665 1.8161069840027719)
(0.13637436390670754 -1.5613323215068158 2.009254353285383)
(-0.050939450818107572 -0.18799045135656778 5.1927397266328414)
(-0.076360996973491566 0.083749862275989836 3.3775898193433624)
(-0.2596218582225191 0.48086470545440818 2.0420727500053371)
(0.10932255518560252 -1.6168875004047583 1.8747408622865063)
(-0.037125680153056867 -0.20557577125923507 5.7214070290420542)
(-0.039401241379863249 0.0029885127009043806 4.4252762053043346)
(-0.24175964007185316 0.41346992876202049 2.311613165871321)
(0.35645988088376407 0.54251841713636273 -1.6756839812318538)
(0.046974979643499226 0.23905125095587204 -2.0667007259778569)
(-0.010943556983842383 0.11440887128995568 -2.3276585805641297)
(-0.12907429930332318 0.2172181515654136 -2.208637716210105)
(0.38292075850232365 0.54909002184385958 -2.2357979541597803)
(0.065947020280663127 0.24350382045530772 -2.4123538598124452)
(-0.03094796458765485 0.23200801820504449 -2.3241857931205723)
(-0.21300766104899002 0.35196243768020929 -2.2523567190120981)
(0.55872069255688261 0.88468491407179917 -1.8336706280199888)
(0.16252987452056464 0.83546709415150355 -1.562793717691471)
(-0.12204131827330496 0.77571603003771739 -1.3014850066695167)
(-0.39736126102006725 0.67048157240951167 -1.3292041122989855)
(0.86602242083403702 1.4082360064578103 -0.86261955116045708)
(0.34855001507685385 1.5976384625552884 -0.2896572490903408)
(-0.19156494182666539 1.568061173077564 0.24103695501937841)
(-0.69764648670170515 1.3110105722726417 0.20943124782825367)
(0.78181966641661726 1.235440311598665 0.43332312199620127)
(0.36326178709930823 1.4122802328336619 1.6922431235309443)
(-0.11586743872683147 1.3839961960273484 2.7755754596195179)
(-0.58160434829184393 1.1516591546837462 2.7196745755167981)
(0.61032278321120148 0.94856761517434263 1.6745842590897415)
(0.30378909681741673 0.99156752989103647 3.6755418650667275)
(-0.029531292112358089 0.94107562454359517 5.0949893617814634)
(-0.36890209628524084 0.76428808481561505 4.737751247826937)
(0.43271863642720232 0.58673778014584799 3.0328555716332706)
(0.25524443670820579 0.6179565193168729 5.6425376321535863)
(0.023904264163423269 0.5881563658372948 7.1932304917556866)
(-0.23281414261290476 0.46528008335372839 6.5391840398943479)
(0.30834434827030205 0.33365278739491561 4.0805441327646514)
(0.20602859158141973 0.32479464623884496 7.0047506507026913)
(0.05549350188294605 0.30454971494407657 8.4811904849258362)
(-0.13739155053775087 0.2195404553984851 7.2529698892745067)
(0.22132086967328218 0.11736229005239797 5.0198780345995644)
(0.17477655931347838 0.11380126978606336 7.9556397973685318)
(0.069378505426452422 0.1003325797217689 9.182890648045035)
(-0.080134993060317489 0.045294528837727277 7.6634980978864835)
(0.16880124299805874 -0.015713088590585057 5.4480196668084142)
(0.14402827883107527 -0.038775582954158852 8.1203825057335735)
(0.071987883530096081 -0.050773789465007976 8.9111046222768753)
(-0.042729488301489253 -0.096563138752224525 7.7148359754637177)
(0.14193423475365555 -0.076746824752774709 5.5883211183737256)
(0.12547223880854111 -0.088409074003947763 7.7533753449633549)
(0.064313592633445993 -0.10792402760199978 8.5536193572153003)
(-0.034359457930724757 -0.1423551257203173 8.0260721291102239)
(0.14981124566062595 0.015154741382429504 4.7991891562807671)
(0.11094690717245831 -0.029371534262061818 6.8301033698716909)
(0.050589356806124322 -0.064325741045978185 7.8174293969276833)
(-0.037283125098873479 -0.12361651925470758 7.8683203868857969)
(0.19204629557569083 0.28547028526634577 -1.7239483232177575)
(-0.0097075586950254849 -0.088693134384232944 -2.0648758792067219)
(0.030970673394232359 -0.1054236034332363 -2.2791417933376659)
(-0.087389526941700657 0.16131808769806449 -2.1324560782124173)
(0.17126262377107301 0.25965113619721836 -2.2453247014646398)
(-0.021310866587655845 -0.081071553837579663 -2.3268289226232968)
(0.0054964369396694893 0.023449330350808935 -2.194262434754072)
(-0.1721267797326399 0.27679484738434035 -2.0976520039013522)
(0.44108966300366037 0.68269232772278254 -1.8179683893261844)
(0.11912543003759921 0.55777336489807339 -1.3815883246773832)
(-0.076119450669961855 0.51337106223833451 -0.98643774557958985)
(-0.30044867594024433 0.52806759253150526 -1.0195131176508252)
(0.79463486332794053 1.2936987590698947 -0.91089380800951503)
(0.28390319200525793 1.3695311491173243 0.0056152574001057587)
(-0.18567301899791214 1.3296916420230642 0.66577848815401164)
(-0.64172133786526531 1.1913843729372204 0.66609028147782623)
(0.74813835518804428 1.1735892385107309 0.35216841838249402)
(0.33654757394247281 1.2837728362042364 1.8627790639606456)
(-0.098253323229345699 1.2667388204221692 2.9995727845425586)
(-0.53556834105844486 1.0982196933721537 2.920342143482284)
(0.58332194865221965 0.84946455907045493 1.6297810880075236)
(0.32166720012439404 0.89602856661149055 3.7967798911140513)
(0.0023607730817932541 0.87957018995537162 5.2019401632232594)
(-0.33134441998996383 0.75178338123990829 4.8168275662664213)
(0.42461505310083908 0.52203826614076176 2.9963609047864188)
(0.27561813747748448 0.53902199674025331 5.6730215524091925)
(0.051892896721845161 0.53313066124489139 7.2131005149281044)
(-0.2086873631700869 0.45017220659664825 6.5305343652261083)
(0.30207951755531764 0.25827714921183875 4.0453063232732509)
(0.22990851938417342 0.25759654947785188 6.9968156539332167)
(0.069093493975788595 0.26227869503041878 8.456952077972641)
(-0.13655807391554767 0.20584191190591367 7.2251059440259748)
(0.21121020352103087 0.04954751956744885 4.9680782892638984)
(0.17939282354071989 0.046869481310875948 7.9074526271495422)
(0.058957971487305388 0.058464978298556243 9.1277200288794251)
(-0.098728809989770863 0.027605722064314723 7.6248303073715045)
(0.14394930253716676 -0.091119989321119074 5.393661397844701)
(0.13159316603522112 -0.097293575076980637 8.0566523105206542)
(0.037970246946622863 -0.092974441075820549 8.8534489635616076)
(-0.078725973828247017 -0.1167499409596227 7.6821351126021602)
(0.10655183212862566 -0.14447742084288412 5.5342835401789694)
(0.092341003630092011 -0.15305411492456283 7.6856795152574655)
(0.015356789207714062 -0.1544942699181753 8.4961133425480018)
(-0.079766901294591297 -0.17257839572514355 7.9871381795274239)
(0.086173746596832385 -0.088355483688270106 4.7614180186043047)
(0.063256604308981793 -0.1010800202659858 6.7739234378898727)
(-0.012549961920905789 -0.11995105202554908 7.7593376184541825)
(-0.096724439057607012 -0.1496408673130277 7.8304539244214517)
(0.0024491655184583285 0.01624637831331353 -1.7193508272611773)
(-0.073202026712387305 -0.34630886733089467 -2.1860833284152577)
(0.067707579652966116 -0.22334395543055918 -2.4426968720281144)
(-0.075143624592805949 0.15479201191713049 -2.2587779256294169)
(0.006103086819998855 -0.0025143712128965867 -2.1361999309730946)
(-0.029334009603696004 -0.24737118394939533 -2.3563341624662102)
(0.013150226331190906 -0.029991781637708621 -2.3398388748840002)
(-0.16316009879879773 0.26790299219058378 -2.2152829639022871)
(0.30877591620073769 0.51359206735791507 -1.6577565576698288)
(0.10670835885315154 0.49395338102780245 -1.3540108844349219)
(-0.036701772676026354 0.54261779514798059 -1.1657799038860301)
(-0.22440245055331448 0.46665254825672464 -1.174047381683226)
(0.86174648143335608 1.3915323023266575 -0.82541874488326006)
(0.47639697044362778 1.7181930717115717 0.010778987622284278)
(-0.046107330833267957 1.4372006865335154 0.59238204353547119)
(-0.40177074497059523 1.0388258948330238 0.5450592712180482)
(1.0737241327128828 1.5683482136668827 0.53706868385945261)
(0.59088934999970677 1.4967671234647462 2.0645565000634534)
(0.10135242281506707 1.2900581273355189 3.1216530058576835)
(-0.30323123745148822 1.0185712686149206 2.9754976959214212)
(0.87797454579823075 1.1393220813208544 1.7451553665513035)
(0.56529192590651545 0.98112445912913326 3.8690947401232783)
(0.24781406249515189 0.86887723672853434 5.201406042421123)
(-0.087799907236376123 0.72015434559103164 4.7434059604714554)
(0.66800829474808132 0.65791964362550504 3.0508550844427291)
(0.53956641335888456 0.5649459152379539 5.6555621958740678)
(0.30607305069096336 0.53631623496781766 7.1123588620866016)
(0.013405813377745403 0.45768565113595155 6.3474918596127257)
(0.52392175831333909 0.35264240241127953 4.0482418944013681)
(0.47337312091463912 0.26401472763738193 6.9011246740034373)
(0.30635535239498951 0.26986798835579467 8.291239913214012)
(0.057584750735747807 0.22110034036937692 7.0232059458141602)
(0.40654079163204276 0.084316425351158186 4.9203907746422884)
(0.400500729687505 0.037332723318741538 7.760678258195318)
(0.25956238548010646 0.072780070318923806 8.9312173947388835)
(0.066769819381760326 0.059344747998699696 7.4497205825714907)
(0.31240082439299927 -0.070101972417255423 5.302051339754664)
(0.30565815327476387 -0.1036402731916721 7.896851712991662)
(0.19307305619678997 -0.072507672895332581 8.6873298826846153)
(0.064251594576796633 -0.085075025334615181 7.5389666065236742)
(0.23424729034638067 -0.15077750528155215 5.4315357572848431)
(0.22196107423158459 -0.16260519613989202 7.5496050749176478)
(0.13315100393522511 -0.13825903615141991 8.3652360561220753)
(0.041101239159264696 -0.1362339415070789 7.8743862471407287)
(0.18407810932624449 -0.085964416914206795 4.7327743095048085)
(0.14953955924297729 -0.1162739721724526 6.6948472427051788)
(0.065941453909874825 -0.10367194264602252 7.6657376731753617)
(0.0043395767627502956 -0.11159948278268078 7.7177131490477597)
(-0.37168694162570287 0.33606096939572244 -1.9342714367422791)
(-0.60157764196714758 0.33575010286567425 -1.8844391742095721)
(-0.67283841694810309 0.21659674027892323 -1.8190931554086962)
(-0.72128858667377738 0.06523484609190365 -2.0564409576671103)
(-0.51113517844050749 0.43210656819609156 -1.6890542701763767)
(-0.71742448609580856 0.40579386388706401 -1.6491464046544373)
(-0.70481573234223116 0.22657367439354098 -1.6947930703909309)
(-0.75021811646556091 0.055669322065251707 -2.2779340737397948)
(-0.63598139519428543 0.60137525624150512 -0.74522346789674054)
(-0.70200495386997042 0.40973799044280912 -0.81930047684740215)
(-0.4174389311903971 0.15274855657234693 -1.0024491695273696)
(-0.3249809203853658 -0.035074375028040478 -2.2392731394494683)
(-0.96170383435822371 0.93832727288674367 1.14855079134656)
(-1.0921028391462386 0.58367699491849567 1.0116561382580733)
(-0.78202637277677545 0.17302743119613107 0.53147952456179892)
(-0.43200802541215499 -0.15654676406738893 -1.3801857538981188)
(-0.76924422867531961 0.77578678102774845 3.7074046273740948)
(-0.86545410735827522 0.42132362143555951 3.5571216567762778)
(-0.74796843124236922 0.062443051232197871 2.7058604567904831)
(-0.54755812620646405 -0.38255380706228143 -0.30807197194390684)
(-0.46230232022503043 0.55390398132492558 5.5772193576916562)
(-0.57814952357863203 0.25784408768398487 5.3081944634622324)
(-0.54836513042163149 -0.042444251181338183 4.0874148878318097)
(-0.51620397521880623 -0.60732571540370917 0.37636228985722403)
(-0.23918751832685131 0.39729184080094659 6.8133160223848153)
(-0.3614355454230429 0.13767073054820517 6.525101967732116)
(-0.37123928721513738 -0.12314209191608577 5.1288153522629187)
(-0.42607436379792518 -0.81882198802846973 0.82722154295045291)
(-0.053789369640512598 0.28657560995192 7.1836571094663624)
(-0.1875598880589163 0.051458586120260101 6.962399197874765)
(-0.21805828614783027 -0.1815086448223503 5.5674304055773511)
(-0.33225140876945736 -0.99789252012309149 1.0003661696636506)
(0.083760815693304735 0.22017842029740273 7.3214803327512339)
(-0.059973729000709727 -0.0046604542262454378 7.3004522030660706)
(-0.10659204053236951 -0.22172619761589341 5.8622493201893882)
(-0.25110348350337286 -1.1428396388541215 1.0313335484563173)
(0.19749546204849797 0.1808636143450302 7.2143921282421415)
(0.04303634877278454 -0.043068400594469862 7.0339807266966368)
(-0.010360375001964937 -0.25226536354641477 5.7227608413217173)
(-0.18118339789004179 -1.2625451202163207 0.93480292106228813)
(0.24455259590551262 0.17863002475702067 7.2953278551888641)
(0.089570323375059782 -0.058171465809021501 6.6793082722806716)
(0.037157542130923212 -0.26797394636895555 5.3494016619220925)
(-0.13558994386533504 -1.3545748512535851 0.88366516605218381)
(0.22677545477697186 0.18229706554618322 7.3124892243733592)
(0.07385284338495457 -0.070095534440005991 6.318390480907742)
(0.028870524979346855 -0.28746619904598975 4.8709972269504958)
(-0.14416771697108974 -1.4542398107261807 0.81364229636436869)
(-0.40625031285972879 0.36615231145524996 -1.8559069431194593)
(-0.72009753661948428 0.40078159837014515 -1.810466826727464)
(-0.81812661601617365 0.26562805214530499 -1.7566008368351445)
(-0.8672002425650287 0.080456340319530903 -1.9409784579196008)
(-0.51581994443110102 0.43751304829967014 -1.4999916964129572)
(-0.80953344379934611 0.45290615411387508 -1.481550646051651)
(-0.84117058239899867 0.2591931702189097 -1.5654845715323027)
(-0.91369020690179048 0.059450949282118769 -2.092623922565092)
(-0.57822197647780771 0.55455507896541223 -0.35692341914393688)
(-0.74064598525802439 0.43540193940054894 -0.43373905815435854)
(-0.4644903724429354 0.17824514231169847 -0.73311415741682318)
(-0.41366301340741218 -0.033168785325293305 -2.0268139536019967)
(-0.93295023926994425 0.92515819744349059 1.4843552778128695)
(-1.0806484751316718 0.61098373231545289 1.3333693123514363)
(-0.78300794893623238 0.22588456870475959 0.86004722055413485)
(-0.40409440773425892 -0.15179693312951131 -1.1314559653228327)
(-0.7282113966237046 0.79349555096070223 3.8232534871398203)
(-0.84819111755769883 0.47168106875263155 3.6521042392335721)
(-0.72427659211061646 0.12090670571503291 2.8014255236936805)
(-0.46821508577466098 -0.37099716688058476 -0.13815195216195403)
(-0.4414907833932058 0.57953520649565182 5.5881451047414252)
(-0.57439733589477293 0.30436022274232483 5.3099697509427637)
(-0.53378219644764713 0.0039157301887595176 4.1075127254132751)
(-0.4541654941022823 -0.61239576635054238 0.4932748054847641)
(-0.23183437788848893 0.41381412598366957 6.7702857476567919)
(-0.37577121445532263 0.17097937041808506 6.4809552766268093)
(-0.38114820213946871 -0.085966242706478804 5.1058927443746516)
(-0.40029563650039424 -0.83814343732020435 0.87501815138898353)
(-0.066580258077726578 0.28937846635119324 7.1311189008510949)
(-0.21551772008237635 0.067730218229277342 6.9092268148301192)
(-0.24190159902487804 -0.16036588913306993 5.5250269868659405)
(-0.33384902781865355 -1.0345162933042236 1.0185525284806085)
(0.05659855860804356 0.20820514463883252 7.2678777458335651)
(-0.10225169679187859 -0.0044376561803882398 7.2344985432566657)
(-0.14917939686070814 -0.2142066511267442 5.8090247027910982)
(-0.27550778825553535 -1.1965744070722553 1.0342324944530095)
(0.15912917333440302 0.15533302102003538 7.1673756938717545)
(-0.006856323380926105 -0.058946153792735614 6.9760174989331114)
(-0.060535025174807321 -0.26001448043991127 5.6726090241980867)
(-0.22308433634275263 -1.3317880621133373 0.91038499570029008)
(0.19963186674670522 0.14153469851073686 7.2558021317049164)
(0.030279787836045253 -0.085217783846661288 6.6348571624461412)
(-0.022070603169956789 -0.28818096016029932 5.3158300965005463)
(-0.18091578427332053 -1.4384126123050118 0.82685854289316263)
(0.17458654661998435 0.14289556553961058 7.2790480114169789)
(0.019114347949806203 -0.094046045212566487 6.2968736570520383)
(-0.017279049447541696 -0.31128624543884886 4.850546114079501)
(-0.17629891407998904 -1.5476749829526859 0.74471683916606846)
(-0.46255646334305162 0.42776017519044857 -1.9814624123211619)
(-0.87847939330799718 0.4998001711948224 -1.8681368791962338)
(-1.0232951004378261 0.3304776989802819 -1.7426904358828148)
(-1.0873278084757259 0.099675139453207259 -1.7975032004226028)
(-0.51209583898810351 0.43548739033427203 -1.6606703307682378)
(-0.89342250054996231 0.49369243025108361 -1.5333945504890309)
(-1.0178314099059587 0.31572199867479872 -1.5249645403274552)
(-1.1873822043047173 0.077099631633767943 -1.8819836304489688)
(-0.3657310831912633 0.43761591218724083 -0.56325557511098945)
(-0.49984620893621806 0.36091850451712737 -0.47431236544237815)
(-0.3517077604979913 0.1644939016271835 -0.61499454487916416)
(-0.60406150628645894 -0.043742540459834937 -1.8202847418749097)
(-0.56909688072936981 0.79299537473255099 1.484060398350544)
(-0.67750541494002281 0.55635050626355287 1.414279200614472)
(-0.36580441614069525 0.25648938824124301 1.0229503717993649)
(-0.45845340012725594 -0.19534911295288554 -1.0925086460779914)
(-0.4627835693709465 0.77033964819696921 3.8115227076361027)
(-0.5705391838320113 0.50645404912194802 3.652317469419732)
(-0.4323345877324668 0.23288220100273549 2.861441216234204)
(-0.29368643859530635 -0.36625024978233156 -0.27603697080069123)
(-0.21052203172257267 0.60553676478038898 5.4256593062445795)
(-0.36291756394792712 0.38906500389180615 5.1871425954569856)
(-0.32232559608378469 0.13264330037068114 4.0860592979138532)
(-0.24059991229012725 -0.5720498037606625 0.29217151994580209)
(-0.047732781994959887 0.45786328885356964 6.5454356433394603)
(-0.21462376902907571 0.26147859330846307 6.3083504444958649)
(-0.23039218277275214 0.038182377749166579 5.0577994290945059)
(-0.23126634478396857 -0.72881036694835233 0.74739195738193642)
(0.083144508780047505 0.32833299784392772 6.9039188851493432)
(-0.090233708405232954 0.14997878523958766 6.7377269349249156)
(-0.13409428983865498 -0.056098431062165104 5.4515730940921996)
(-0.21179459576495921 -0.8882892639514024 0.94141571292224624)
(0.17514173850671833 0.2408339400458554 7.0742256505615879)
(-0.01034441669598701 0.061946882758181346 7.0665993782777496)
(-0.084260270920121991 -0.12638165859373804 5.7389604306007653)
(-0.19200992484765461 -1.0152019226302234 1.035671396432829)
(0.25439633968837633 0.17623389435222042 7.0128618810401706)
(0.064758706785311496 -0.018300429395919731 6.8292833344951021)
(-0.019628926638301871 -0.1987394703803749 5.5943318253696397)
(-0.17164817278875336 -1.1284728161766291 0.97137836378461873)
(0.26890426611660784 0.15692133311944537 7.1531776538438718)
(0.079166444247177642 -0.063475545800052866 6.5538106001209062)
(-0.0020635278886658014 -0.25062318133484218 5.2985590139766172)
(-0.14534794188554176 -1.2237910668421073 0.95185748749971888)
(0.21328698519545339 0.15524166391386746 7.1919833827087816)
(0.047490176213946668 -0.074517926622969327 6.2760724433534527)
(-0.003353699251758597 -0.27719242760604962 4.8694487515595277)
(-0.14843696879190091 -1.3145055536979591 0.86475412080274139)
(-0.052289119425608349 -1.6628489876258563 1.5024136746114365)
(-0.17510251844903632 -0.20821838826446365 6.1789540196515613)
(-0.073238736902005802 -0.024979824255845138 5.9369982582368586)
(0.016883404732896391 0.11874615343192099 4.7741514614156859)
(-0.12029306862273195 -1.8097833782323485 1.6465260374366433)
(-0.22370720571952615 -0.32904869042792084 6.8692811249994019)
(-0.14434394718281734 -0.10890593688910422 6.8391996761368494)
(-0.052638120072493987 0.03391732597130151 6.0395160424985939)
(-0.16841614106491673 -1.8106046247759091 1.6326600064159531)
(-0.29114142382852848 -0.3899283417301681 6.648701775741177)
(-0.26550245312392801 -0.18929779655452469 7.1046338347436295)
(-0.22085851386971236 -0.035990177512396554 6.8778822324300837)
(-0.21551397433280592 -1.7537584522204945 1.3375341490306873)
(-0.37793068427354892 -0.43882028779239041 6.1371112452579011)
(-0.42375133568603301 -0.24303462681576882 7.0783696380959631)
(-0.43657113322101188 -0.12262955976331838 7.4889532640225678)
(-0.14447411997938173 -1.5140905565740599 2.447746647152421)
(-0.27447035707706957 -0.14389635758674985 6.4443340417761759)
(-0.19761513058318966 0.0071379031370473267 6.2397154170720155)
(-0.17462837929822267 0.049207303527538 5.2732622085396619)
(-0.20442595274551489 -1.764306966995006 2.5814710409872261)
(-0.31658993928479157 -0.32965803872773286 7.0363812746826699)
(-0.2626355373384141 -0.13966351816480851 7.0414020923981431)
(-0.21209375666379851 -0.088817981249546929 6.3540382390528443)
(-0.25767994039750552 -1.7986179956937833 2.6113449755696649)
(-0.39742352649472051 -0.41212045021332916 6.8399300628102404)
(-0.40233599175808854 -0.25064448719042209 7.2878746742119116)
(-0.39471357485719571 -0.15687050749696407 7.1095055949812762)
(-0.28886602648318488 -1.8227160580908852 2.4547623331520105)
(-0.48918980506603266 -0.52109095126255667 6.4502533064265846)
(-0.56607699927762467 -0.36080828018095684 7.3138947979573956)
(-0.63621940632169882 -0.33633239441875629 7.7546435719341815)
(-0.16249713053555237 -1.5407745473043593 2.8507628938328411)
(-0.3465903942307737 -0.13229575445372851 6.5285428576803639)
(-0.3262779866310152 -0.033943389983682515 6.3207926783671002)
(-0.383603650327969 -0.042912928443811019 5.4496627827598498)
(-0.21882922906578686 -1.8568362101141291 3.0253200942198575)
(-0.38125279573019161 -0.37622324906735433 7.0582325010980682)
(-0.38745224155093838 -0.23063984567247367 7.0754685478244497)
(-0.39553670744895908 -0.24967286547026049 6.4474813674161968)
(-0.26391373414550157 -1.9332233479146761 3.085522114187492)
(-0.46548004787927882 -0.48956665347261463 6.9031791213978861)
(-0.53059913411370574 -0.37709825970803174 7.3234163103311971)
(-0.58338446420343593 -0.33778275624161624 7.1760117312960983)
(-0.27731298294731449 -2.0144391270488762 2.9472793383076321)
(-0.54942791952320946 -0.65641614655537694 6.6296356050680396)
(-0.68893442265705573 -0.53876041628632887 7.4158215806107277)
(-0.82975472615177326 -0.59139279443519799 7.8623636585781744)
(-0.18298896330466954 -1.423903046285623 4.5057086442959529)
(-0.39630094482843603 -0.019911714339318057 7.3831761715993336)
(-0.45362935823464606 -0.03315662930509021 7.1946465909229174)
(-0.59714614787797227 0.024431625917129995 6.4727080453075398)
(-0.23032468140502588 -1.8347886417684502 4.6679249576913922)
(-0.41757049902412857 -0.35135718984664827 7.8347649266797736)
(-0.50103009479340233 -0.28790214602027081 7.8582007713944924)
(-0.57204404798810837 -0.32244935464647512 7.3276550768078259)
(-0.26708918049264235 -1.9762414177595871 4.7438286958100599)
(-0.4975974041593389 -0.50588295079835954 7.7447839192938579)
(-0.63087001678862498 -0.47240661721954608 8.1022671603655692)
(-0.73940635767137552 -0.46943578721292162 7.9891928074364529)
(-0.27423353321396005 -2.1672235087355918 4.6589615099035262)
(-0.57479507230457749 -0.76717378455879082 7.6135783296612383)
(-0.76665189964155833 -0.71117411834353828 8.2662757032212575)
(-0.96157012908427852 -0.84950695622664296 8.6579292406719937)
(-0.14616058366244447 -1.254659517310825 5.3228929209862956)
(-0.40961280722498478 0.14343774165305992 7.9250384864970895)
(-0.53192269578798279 0.065588944887366343 7.7114541538994379)
(-0.72550591640995943 0.21530066924056832 7.0620872852250125)
(-0.19173893874464754 -1.7648242585777358 5.4960036515073991)
(-0.41567910589453511 -0.27005363112061498 8.3274613047671782)
(-0.56533692671036606 -0.27189754131819593 8.3306531584748225)
(-0.67392692044008096 -0.29254108654220762 7.8518933142253484)
(-0.22630423523413123 -1.9843575578018142 5.5833171767175935)
(-0.48794037028972065 -0.48012425405678777 8.2816940098197058)
(-0.67745947004483797 -0.51780668579416989 8.5842651939649919)
(-0.82616689721316827 -0.5270758185156561 8.490469375519174)
(-0.23095079291466938 -2.2720732227510303 5.4886805947497148)
(-0.55744824586900554 -0.82850733342075245 8.2465259906695394)
(-0.78838517466318303 -0.83385520945794156 8.8031239478908958)
(-1.0268248237342541 -1.0167023920186935 9.1486620627857338)
(-0.14793500398231491 -1.0077288349544389 7.8255282861877538)
(-0.46404146816583758 0.39296213935621949 9.8366973958123989)
(-0.67609247834919084 0.2565497241221214 9.627238146047155)
(-0.95172062015592618 0.51346243699911709 9.1104161113736399)
(-0.19100680504869519 -1.6976919481964607 7.963898113307188)
(-0.4539421740857349 -0.16133233065848965 10.162460475940476)
(-0.68990191608594709 -0.22203124181695069 10.134464013897233)
(-0.85596873880884028 -0.2247253939347833 9.7568860715084931)
(-0.22633167903975385 -2.0622529029435932 8.0253967457818902)
(-0.52053529313903901 -0.46643733347988769 10.148152651788971)
(-0.78750262109839742 -0.57365250033111892 10.359936100188378)
(-0.98743300267206224 -0.59972485985687185 10.284785798429843)
(-0.23667097102283749 -2.5284415495627068 7.9231087338152832)
(-0.59531052950417518 -0.96731425811892102 10.179822106882355)
(-0.88606302750165244 -1.0258513063456978 10.585557289444701)
(-1.1833246922420908 -1.2847316725880698 10.831627126067751)
(-0.12121593139903752 -0.78428337034874684 9.2425373933591413)
(-0.47521348199876839 0.64061179848779293 11.098710077732353)
(-0.7439084370257445 0.49363619695932281 10.863880868070146)
(-1.0579756499455057 0.80424279614212779 10.390795298360681)
(-0.16164107820894591 -1.59888959547916 9.3855142013298671)
(-0.4520675301568482 -0.0031749276150218665 11.394672733195653)
(-0.73710151605251595 -0.093643725093632169 11.325573062258675)
(-0.93121827660022272 -0.080947089369750383 10.99453573840783)
(-0.20116442292362316 -2.0852984568168713 9.4381064778772146)
(-0.51387177269834905 -0.39461109235497449 11.404544038302223)
(-0.82371161613265198 -0.54733419318978749 11.547194051816124)
(-1.050058598894912 -0.5792682206651294 11.477488379041755)
(-0.22230744350914278 -2.674908616552679 9.3091116418561111)
(-0.59897156837930732 -1.0069956125021877 11.478887434748069)
(-0.92217860261728524 -1.1090089817707653 11.782624226748002)
(-1.2600822388058113 -1.4027810026198204 11.965474929849838)
(-0.13936924138366685 -0.37127728404693094 13.532624238045242)
(-0.5668578098479462 1.0331257570852461 14.919551880959608)
(-0.96421820243697198 0.9063399618360114 14.731674117083342)
(-1.3866893851934941 1.3291566536672412 14.336178826467888)
(-0.17302642050753655 -1.4973336728078792 13.65760367981407)
(-0.52501058343867213 0.16211375058007546 15.170495774111005)
(-0.92725890091643148 0.078260614597083528 15.090351590657242)
(-1.199601225590234 0.11304792949132729 14.848242390278493)
(-0.21670299668832335 -2.2636125594358392 13.667457937999394)
(-0.58654327665720585 -0.40853738741658313 15.201484033479444)
(-1.0065171807654576 -0.58294267717107384 15.26549885986231)
(-1.3037855394824316 -0.63535148126190577 15.207839373909163)
(-0.25589958565819509 -3.1552958498912056 13.508965441750403)
(-0.69698320995510876 -1.2604285149271375 15.25958545123332)
(-1.1247098573006398 -1.3824579142960334 15.443847117518684)
(-1.5581996438663308 -1.7794631424313365 15.519661656436609)
(-0.12508794600168516 -0.11853221945547784 16.055200177963904)
(-0.57822637202385996 1.2453230073127939 17.296398466651567)
(-1.0392573917910934 1.2020110785493097 17.149725182120338)
(-1.5033290897954934 1.6229746560711193 16.748593477678167)
(-0.1457976149403486 -1.4132538359630245 16.210430491458357)
(-0.52439295742508463 0.29015351403298706 17.565631674918251)
(-0.97409297018313457 0.25711294689780145 17.490167653769415)
(-1.2848143147514195 0.30247772152621205 17.286856992848215)
(-0.19268956665530473 -2.3834271175583512 16.206514337444659)
(-0.58409381883032396 -0.40051361541566743 17.617820094316851)
(-1.047248252109827 -0.54242485642036664 17.658421751295496)
(-1.3776191740594264 -0.60173075741900661 17.606847103050274)
(-0.25532160436980755 -3.4541355756084924 16.0213640880065)
(-0.7210688534274442 -1.3452822202713675 17.663572867424932)
(-1.1997392305168129 -1.4750758535998267 17.80678323467599)
(-1.6810804721132993 -1.8834612927698451 17.808667576936553)
(-0.17594120752433751 0.87623851001706832 25.088769196495132)
(-0.8134306476709352 2.0401465418511431 25.713511120456861)
(-1.571404174826591 2.1035293965748489 25.787156135991761)
(-2.2815704861815123 2.777557552002563 25.354143330499685)
(-0.1880949126583461 -1.2397745756900256 25.310931181190359)
(-0.72866529469468844 0.51115541460479819 26.069519369386573)
(-1.4606611147297168 0.57500590745100499 26.108725920620575)
(-1.9576823375804049 0.68357279080878197 26.004918249126774)
(-0.24200479559205518 -2.9212185860349331 25.276040166508587)
(-0.79397968718094314 -0.63760558626892661 26.115794868165146)
(-1.5378002127476789 -0.73471470676409611 26.236649239335161)
(-2.0459431664809 -0.82518669860991789 26.229101547215279)
(-0.33421987438758494 -4.78773774242923 25.065855384975812)
(-0.98575872602513237 -2.1466658669173224 26.017236631522085)
(-1.75416527196007 -2.2570952782044209 26.267695091419366)
(-2.4689745717921983 -2.8842473585016246 26.096943493004243)
(1.1365067969616414 -0.3244992881202734 -1.0198062208050116)
(1.1319466093917845 -0.085510144443518565 -1.1653649842807188)
(0.96286173309583056 -0.0013878295949799181 -1.378062569535208)
(0.4708178361227226 -0.21538469933648566 -1.4540071547595852)
(1.0548360334670741 -0.20160667939387328 -0.96408656299443563)
(1.1627710981715289 -0.048402505623440055 -1.2557033573402423)
(1.0360164566156396 -0.04122100890499307 -1.7085344342927542)
(0.43513884205891773 -0.38002475601452379 -1.8560071182814268)
(0.86344125346164979 -0.40004420030003657 -0.59700411044537949)
(0.94091006636880226 -0.14360239666948832 -0.97416198595461978)
(0.98906667847508201 -0.026364031850771706 -1.4684757466033895)
(0.69016806920246732 -0.12757923610823296 -1.6960557860635261)
(0.79929369570673214 -0.58931181236150199 0.19319905441861548)
(0.94563097919790284 -0.11291296542634877 -0.28434725725496468)
(1.0695510106327553 0.052217898662700733 -1.0217958460151888)
(0.78544177797184811 0.057695066287398934 -1.4890497856952642)
(0.57966972403154993 -0.72656813519920638 0.68617277150507328)
(0.6947723442285243 -0.052777955328478773 0.71982829561315442)
(0.93416449330948348 0.084485595796462948 -0.22892973884987014)
(0.77617164608070655 0.13240319580589024 -0.9698576129710853)
(0.44433648547187188 -0.93654453778221802 0.98475912708725644)
(0.5168739553071221 -0.080841677492635017 1.6612757513467222)
(0.75494205074603005 0.10610616680159596 0.64280131444225164)
(0.64106308262699241 0.10806173534762308 -0.36647030343472692)
(0.27779651377759385 -1.0791148865052629 1.2594292988036737)
(0.27219812960057893 -0.071241940114094515 2.7279955043168336)
(0.4847842143727541 0.12389553365083648 1.5521334071882356)
(0.39851694004648391 0.17032716487158631 0.51595375409826605)
(0.1503298402516591 -1.2101755672154901 1.4416051941213213)
(0.080053606033225644 -0.078284752934638407 3.5651660107080261)
(0.26157176756118561 0.080768501772254628 2.0223706194231306)
(0.18527760482661063 0.13460133015954645 1.0143974723895486)
(0.042572655582854689 -1.2901527237406787 1.6468341769920669)
(-0.082405698157532611 -0.076338671590584953 4.2446251069332543)
(0.088272271199882277 0.051898792869875261 2.3951583793049376)
(-0.039952176098186541 0.12356418298163287 1.5676190117001738)
(0.00034079029327729323 -1.359486523767462 1.7179792193058743)
(-0.16739331786453945 -0.10845190531287791 4.5619679027773952)
(-0.031000648505698364 -0.0026202683190913213 2.6974133567519836)
(-0.13430311018974375 0.084219101897838794 1.8761418155682623)
(-0.0276972922834565 -1.4329166849344541 1.7649940938419881)
(-0.22623496886337455 -0.12829238155617664 5.1225130269133317)
(-0.11309179279054446 -0.024539566525122722 3.5479667689100176)
(-0.16963118356896409 0.080130985849354214 2.3733341045649161)
(-0.019796783866642409 -1.5072343555435044 1.6273326134044839)
(-0.19844360446493892 -0.12734148596361858 5.633233802287954)
(-0.068796743421866313 -0.019977308202577374 4.6133551032731379)
(-0.047908563354468671 0.041315124042738127 2.9167050074909588)
(0.92467352595781616 0.050448261439475763 0.23979894204260971)
(0.89917531795957151 0.16821539340976191 -0.15952071179137614)
(0.70092647296725152 0.12844223834201629 -0.60033644459636148)
(0.071722245548914293 -0.2774207149958286 -0.77824355018921365)
(0.81978295220701214 0.32302637203567763 0.69758094726328967)
(0.88690021248489637 0.38003601193744818 0.2490979846733006)
(0.69065978014049456 0.21002310705346919 -0.54948146023240885)
(-0.15255575292570042 -0.35582448085091922 -0.66560346150273053)
(0.63210023589916831 0.081423461817268186 0.90403837403394338)
(0.65831045327307414 0.34593170131562812 0.69777904984361627)
(0.73382043327982271 0.35481274945407343 -0.1097443072215374)
(0.27891288356847721 0.064236857526524804 -0.41212749522316638)
(0.59442219221603254 -0.19661807583590929 1.2832471605497444)
(0.64211846507574133 0.2845253132262634 1.2488106851117675)
(0.7270832505037963 0.54081945100994644 0.69098663846147301)
(0.37681275444592432 0.38618214984516358 0.09921641663094892)
(0.39131812288456824 -0.40716788300633067 1.5556791321572239)
(0.41643717612490566 0.16532378131450509 1.8678847923034827)
(0.51366371583695702 0.409687090395291 1.3047099746423858)
(0.25486648014289504 0.41992496965671189 0.94319392797069646)
(0.27277149155085295 -0.61809771886646903 1.7887918248600023)
(0.26271003040690594 0.10081868220143501 2.5705776548998402)
(0.36658966536139986 0.30806544315191625 1.763767673116609)
(0.1334593628070406 0.30097558785417095 1.3891997357540273)
(0.12759045255998097 -0.78108320034202883 2.0183697156122418)
(0.070760833870853246 0.073863620758719731 3.3931826338982902)
(0.17599428535048042 0.25134097565303642 2.326400674598144)
(0.020436114763107603 0.20346500451767552 1.8780321082468148)
(0.023375643444313782 -0.91421584772335729 2.2156678466903417)
(-0.076925165241665622 0.057473988111126861 4.051002081265147)
(0.032002234839094867 0.19008178967644668 2.6859620809287637)
(-0.11935237367913329 0.12458622096371448 2.3166634862777253)
(-0.049451345963103063 -1.0173925348736761 2.4152456603778791)
(-0.19304795770291008 0.042743794998711573 4.6087731294510617)
(-0.086684128288957135 0.13480469793586602 3.0868450619021801)
(-0.21967949063103867 0.059483426135439957 2.8100072713922386)
(-0.073978048212008124 -1.1024088466776296 2.5035164781611465)
(-0.24273342937031178 0.014453548498123654 4.9402110453058219)
(-0.14830340011106238 0.078447122829440483 3.5005004551074861)
(-0.24595788837409882 0.021078950413977292 3.0846436710064182)
(-0.083405456546071774 -1.2135971444013491 2.5801162322211182)
(-0.28030895452494808 -0.018057820860873038 5.4891789379589975)
(-0.18346496344284774 0.046574875761396656 4.3162883388626394)
(-0.20773882469749089 -0.0037517416646703694 3.5316365307274027)
(-0.084678283470639784 -1.3173754231768251 2.510021729937272)
(-0.24981275075104789 -0.037152527182295503 5.9470040863002724)
(-0.13718569347569862 0.041850358182435363 5.2299501122201804)
(-0.09275142365501543 -0.00141241299084638 3.9891583610876653)
(0.74920001549199089 -0.29180032667806927 -0.76970855162808471)
(0.62910002534836151 -0.15151546164879848 -0.86321067207604485)
(0.25438341183200791 -0.29603523604976817 -1.0385050809400582)
(-0.43364632849093321 -0.78329456514581508 -0.89658662360031849)
(0.63153866959492999 -0.1148068955239919 -0.54854529584208611)
(0.52548042679920692 -0.092814592390531608 -0.76408162986804562)
(0.092498814131886001 -0.33059471965281451 -1.1334270181349315)
(-0.65658447152525246 -0.80895172433463158 -0.71691964728627966)
(0.50513646239559762 -0.22302497360217416 0.066837297789007211)
(0.45795996907659514 -0.018657069147480863 -0.071086623555178308)
(0.31189230818565461 -0.19119850539040312 -0.64525618719603983)
(-0.40908079346378973 -0.60807037710172718 -0.28931555522962404)
(0.42054649340136857 -0.35752545375487665 0.76054557012250734)
(0.37868557921051244 0.10223740314709796 0.90657253261241444)
(0.41446787441422578 0.10542327152726454 0.15761770767004143)
(-0.25336870525139799 -0.3638286160401506 0.28229803413317556)
(0.24074175269566589 -0.49773522098352191 1.2863333573029412)
(0.18341912719970513 0.11274991876167639 1.8990705412652638)
(0.21477553826264387 0.19850437297753901 1.1552943606487411)
(-0.091077951744184218 -0.085209685712137481 1.1376596658362148)
(0.13008645727180887 -0.65475644429452129 1.6483191334827283)
(0.025266550399070848 0.094290278499824354 2.6599053315197234)
(0.043606748690008093 0.15102807123295275 1.7213977362267741)
(-0.19990347961646748 -0.064839753342547018 1.7636162544125551)
(0.012162054670043849 -0.77842871516672496 2.0261275369593985)
(-0.12562114195058741 0.087528588354247358 3.4752753332116804)
(-0.10571936719014048 0.13472550107262363 2.3595469267055456)
(-0.29431052663695462 -0.073693039287167431 2.4486939411608333)
(-0.059656738276539722 -0.88587599694477548 2.300607609168229)
(-0.23211910673544089 0.075375968632328039 4.0502064875506338)
(-0.21358213244682267 0.083343783385760609 2.7927007494372642)
(-0.38104842239096332 -0.1042538025982687 2.9192517853474569)
(-0.097125039050062451 -0.9833909485583846 2.5657793191197573)
(-0.30435180535887513 0.062488853812004447 4.605446858229489)
(-0.27814298236171248 0.051034491056850095 3.3136523747909203)
(-0.42209600314062051 -0.12372408895117473 3.4233685306500155)
(-0.1024065753783692 -1.0765820968456705 2.6984117719380714)
(-0.32350139478196011 0.041154507645813292 4.9820802322335815)
(-0.2990182260202342 0.016839546655425672 3.8181893626409487)
(-0.40081595236509393 -0.12394449573171357 3.6655445262662467)
(-0.09488577050619576 -1.2073061473458611 2.8433663936552667)
(-0.34173051250145209 0.0070914955642567392 5.5721258930788284)
(-0.29409649316523867 0.0061279217737655947 4.641212030160828)
(-0.33015010223667896 -0.11998960496362759 4.0968603403353461)
(-0.099925812941258491 -1.333224711925949 2.832380775213311)
(-0.31072733446746731 -0.022002953083516484 6.0090076416220217)
(-0.25702467891542208 -0.00091772555934462778 5.4576707539582232)
(-0.23604486628334548 -0.085470759066400392 4.4601849194288823)
(0.55382306312673202 0.57357014063391865 2.0869456075715775)
(0.35292480165773732 0.68735607513424357 2.0587486784360958)
(-0.2433036536006937 0.46760567406881709 1.9058495811987837)
(-0.90658649593937546 -0.076187809881155463 1.8536408425333724)
(0.36425113922865171 0.75236907978428635 2.3211784157269642)
(0.10368014650225393 0.83642625530438675 2.4079086495624296)
(-0.60693122109568431 0.53022448044154447 2.3097936956032878)
(-1.2359764420688846 -0.0050233049947569159 2.4012996786329572)
(0.27351504772577234 0.42440451913555316 2.3766262831323006)
(0.055002173265262112 0.60619889438126795 2.4747130533956452)
(-0.43358600978439271 0.40316961126090561 2.2931759590734688)
(-0.9128573652369667 0.030298507323950095 2.4316459884984503)
(0.24395278451647137 0.112111328246838 2.6994011377941001)
(0.095350436164244975 0.50592864165513096 2.9133839313303245)
(-0.24264892107647282 0.39344655045632376 2.6123069347249404)
(-0.70793328470000927 0.09757753132120818 2.7570571761611951)
(0.10080084057185916 -0.098783441455894461 3.0190929937040569)
(-0.058779257266316338 0.43556461058067603 3.5219324642505176)
(-0.27780879782689405 0.35430664801680256 3.0771323530082006)
(-0.60233983929130042 0.1480782814975615 3.2487930421544173)
(0.0028047101672772816 -0.31144842736771594 3.2965409779281596)
(-0.16792129779075324 0.3540532054349762 4.0504251311502006)
(-0.35235207427489373 0.25523002770065351 3.4649764736206219)
(-0.64584356872991489 0.084794642990223615 3.7070987395936266)
(-0.079276593217711883 -0.46196190256663461 3.5934312156099577)
(-0.28428528405435555 0.31469714519072484 4.6380951511252233)
(-0.42537170974680077 0.19923173132075861 3.9162951493657907)
(-0.69413465545181063 0.046909928517090402 4.2230219086078833)
(-0.12331212375155159 -0.60067675914219565 3.8271843291117178)
(-0.34356712055129729 0.2747709748432714 5.0886428949601425)
(-0.46987968969018823 0.1278361048695246 4.2823776203635466)
(-0.7246521280687851 0.0091062663930620673 4.5995688727586854)
(-0.13134690495478846 -0.72803519523039906 4.0576947872834364)
(-0.38654745045838834 0.23886876273996241 5.5675519241752518)
(-0.4774041317968617 0.08739241976737297 4.7254516605818875)
(-0.71787147350606895 -0.016622743759012341 4.983699899610162)
(-0.12448977367573487 -0.85473790218667911 4.2010268570007092)
(-0.37642906675592891 0.20723225835449491 5.9359302440794979)
(-0.45695253733870161 0.050972164429272895 5.1695280681010241)
(-0.65448492063151265 -0.0058364816496478357 5.1617268360614448)
(-0.1037768159163959 -1.0241574111329914 4.367539056829453)
(-0.39006732090240726 0.14912293697763965 6.4804609820754342)
(-0.41837872727422465 0.033533384903851889 5.8382563143655641)
(-0.56735298797926159 -0.017958637308566505 5.4975666352536088)
(-0.11018538225452565 -1.1764904740379056 4.4107544032289487)
(-0.34400817758555496 0.1117773378815254 6.8663104880844816)
(-0.3731144316916164 0.01408537649192643 6.477702784803089)
(-0.44753980914942437 0.035619218622896069 5.7207545190367313)
(0.55661630219783176 0.58343717124858907 2.0521316269806698)
(0.32873052819018389 0.7510865041183139 2.2025414249938753)
(-0.19339424495572829 0.54459613599587908 1.9852609635174667)
(-0.73882299679976071 0.15406655201452985 2.0243106317818174)
(0.33566336236159044 0.71190849266576695 2.2959318367321306)
(0.041133863606627186 0.85847980075580399 2.5935710761372297)
(-0.58207248396079325 0.55948700671014318 2.4039869098730486)
(-1.0776170014485511 0.21877471437014756 2.6764618252333263)
(0.21167763258268751 0.50480578097444295 2.5757433664947427)
(-0.073002418437323371 0.74050629574214288 2.8795008686250028)
(-0.51411151740365213 0.51226575355253723 2.6134877812248285)
(-0.85092328972110853 0.29429010930966509 2.8847121855205917)
(0.17189041672935634 0.27721966894891797 2.9725018748694092)
(-0.080115116979525239 0.6973952901278021 3.3671546119052476)
(-0.45708878964394734 0.51623227260055582 2.9868383183755305)
(-0.78268104187926768 0.34032261203596181 3.2935419997989719)
(0.041360846107292154 0.098663763097534926 3.3756723629021819)
(-0.22157532529839039 0.64446864511909896 4.0126166960877159)
(-0.50915563057981417 0.48847674732591684 3.5414516734755148)
(-0.77000923592842041 0.36400414616163207 3.8792865273929924)
(-0.048073112628974901 -0.067589502627199302 3.725824362577999)
(-0.32301157847905754 0.57424734711880998 4.533871960900143)
(-0.59235529008546006 0.40071185380467733 3.9856067962983937)
(-0.85341001295864694 0.31055462232599929 4.4041627241958325)
(-0.1045694770999578 -0.20338314611031216 4.0782185186222915)
(-0.40578426157396735 0.5231579514797724 5.0988105900822287)
(-0.64415340953729994 0.34630480864080521 4.4786644522702863)
(-0.91258404048288133 0.27146121506625642 4.9543580665205083)
(-0.12906328176491702 -0.32787459268757496 4.354864035685063)
(-0.43690447651846609 0.47901388036638182 5.5431572815171064)
(-0.66670300102576296 0.28153837000756593 4.8785320584167158)
(-0.93582285162360335 0.24986353789796953 5.3410164409646192)
(-0.11564752517766282 -0.46538803619258734 4.6284003146082506)
(-0.45177053680905704 0.42688250088876495 6.0306371004573087)
(-0.64174708684554238 0.24187742045206773 5.344894276191642)
(-0.91291912927510255 0.21894928638078817 5.7144278225438851)
(-0.09625187503096122 -0.60006883168445879 4.8156233418817411)
(-0.41736011168957948 0.39532470386006391 6.4224418070942972)
(-0.5962799469207376 0.20876320990819397 5.7888997735890451)
(-0.82762996342508244 0.24282261711286315 5.8642207020228909)
(-0.063338377994722361 -0.79599198140999028 5.0408818113029765)
(-0.42066352157656739 0.32306310916750908 6.9776196408261546)
(-0.53240933070153851 0.18091212482403723 6.4307542408451255)
(-0.73977138382477792 0.20785290866954012 6.1840494924154878)
(-0.060664291845884594 -0.96177900945450789 5.1324578177012459)
(-0.3515193094458024 0.28869307350046836 7.3498376722310326)
(-0.46533059765947871 0.1538323282692792 6.9999396347274283)
(-0.57267295463887202 0.28112236927757878 6.3050011671617137)
(0.28941085928542698 1.5845228151473663 5.322563091423441)
(-0.06518485433854633 1.6447988982583461 5.3400155779568443)
(-0.67143811520805818 1.3382094458122984 4.9801775366215084)
(-1.202477897896659 0.91164590342943974 4.8633948288352373)
(0.054356923876638326 1.7436671213650068 5.6979192375788497)
(-0.37141472275228998 1.8364015298129717 5.9957253024430379)
(-1.0676635435615331 1.498742954505915 5.821686316648452)
(-1.6180130712910474 1.1067486000012461 5.9845976522734778)
(0.00029473037706425221 1.3768696897160944 5.4891085928186722)
(-0.39728800837198863 1.5352915649001377 5.8061453785076438)
(-0.95856980616788889 1.260748193074029 5.6029817002899787)
(-1.3537652569982284 1.0050673926612159 5.7862730476409352)
(0.013378350685831252 1.0765255719030236 5.7640455725125239)
(-0.35385509281602345 1.3799581799394991 6.1396814300800555)
(-0.87011840704397114 1.1421055785911369 5.8671097356571709)
(-1.2614361297796957 0.95379640622451167 6.0960161370922306)
(-0.079370809349436938 0.85082112689345601 6.0689610688438114)
(-0.45328444726294004 1.2555703305560444 6.5980595659948849)
(-0.90562516834723183 1.0331799830482953 6.2681659985579259)
(-1.2577775653955581 0.89704568152452713 6.5473364651286543)
(-0.13839760999536629 0.62637182460983787 6.3443856677289974)
(-0.51138306396834754 1.1131378470715456 6.9816277160206388)
(-0.94285184684147072 0.88165009131508754 6.6105579054892871)
(-1.2941696664036177 0.79782896859516983 6.9650330498262818)
(-0.16581113370347628 0.44326213637971418 6.6217899832571065)
(-0.55831462337167526 1.0048235542061439 7.4005846362506027)
(-0.95872497048278837 0.77921804526096028 6.9864628925605903)
(-1.3219884690628949 0.72457661823757347 7.3942897213803702)
(-0.16438680766036498 0.26368221147166765 6.8527865792533991)
(-0.55193774515968153 0.91058668803640963 7.7568071339661593)
(-0.93800348024668923 0.67530226861975673 7.3093653495958417)
(-1.2997158883212179 0.68426379213807276 7.7092315192020502)
(-0.12735429456752081 0.069426104302282257 7.0833357645879858)
(-0.53995842282602557 0.8106551121052602 8.1508930184566264)
(-0.87782732340575631 0.59820220802593749 7.6782630780137389)
(-1.2448972971426593 0.62709562222655824 7.9986001686903361)
(-0.090011284639862355 -0.12208421911078415 7.2596012024626564)
(-0.47824505053804306 0.7481726814231574 8.4907485380627552)
(-0.79751067144472754 0.53335839975149824 8.032063442162432)
(-1.1233444423754488 0.64531267839227557 8.1151105064460189)
(-0.041014145179802459 -0.38920247742743641 7.4736377393592699)
(-0.47258440274301122 0.6302133286962982 8.9538494290719228)
(-0.70915879046582742 0.460949608809888 8.5414158142936607)
(-1.0280618930298162 0.56610980850225323 8.3676278477356369)
(-0.021044222490524275 -0.60725052230623855 7.5900084643035743)
(-0.36992805236658088 0.58661246704828329 9.2734821607524562)
(-0.59784824732339814 0.41193403727012301 8.9888019412742484)
(-0.78332324354287286 0.65427057134238975 8.4103942141742571)
(0.12958497858480683 1.8990159691862212 6.3269078667269545)
(-0.25091014333986528 1.9594859057914003 6.4567915072437287)
(-0.82459311354165699 1.6300508484854763 6.0253736065095831)
(-1.3107745826892547 1.2361209853903525 5.877225771001676)
(-0.078690334085022129 1.9930173197245542 6.634184391882112)
(-0.5206108084559784 2.1110445812567038 7.0802859257266002)
(-1.1625842734346252 1.7754469161761997 6.8475116747126599)
(-1.6781167897557177 1.4383768485226707 7.0166079995051662)
(-0.095394188349893314 1.6849471359181558 6.5228229271764349)
(-0.52187660311072492 1.8570535063194828 7.0082889459680455)
(-1.0750970782742277 1.5664513544684548 6.7453532762327475)
(-1.4670199109672075 1.342525886311559 6.9252199194140305)
(-0.072252632202448208 1.4295475899225063 6.8178834787370981)
(-0.48328792573139434 1.7067394916973113 7.3547131701526416)
(-1.0113268036230207 1.4426541013421039 7.036208027992056)
(-1.4108502408085621 1.2795955359424165 7.2673424391102657)
(-0.13680443341140575 1.2284536467125373 7.1547864451699699)
(-0.55947942686996199 1.5830881152296246 7.8114460937973087)
(-1.0553448898126956 1.3325358081630994 7.4599402902803336)
(-1.4379663625061374 1.2128969100331948 7.745453755895034)
(-0.17807232269761253 1.0279545696654036 7.4638076276750214)
(-0.60204965868181826 1.4417618983507992 8.2005995387225727)
(-1.0901586974655011 1.1899129165864624 7.8285835152773204)
(-1.4800097764484765 1.1237169258742006 8.1895236915941307)
(-0.1824650507937112 0.84810841275031845 7.7614634563010103)
(-0.62488022195846726 1.3216512710983026 8.6052484930951429)
(-1.0944698412986624 1.0859309917005715 8.2103776312504486)
(-1.5008439089679779 1.0512067319471432 8.6149303342895056)
(-0.16101552509034714 0.66784704156785568 8.0219577036653789)
(-0.59789252881197941 1.2211360347143552 8.9699526278340898)
(-1.059178246893858 0.98664127475184982 8.5474039473015448)
(-1.4669510251670419 1.0203638041225711 8.9408686208179855)
(-0.10391118225614931 0.4553268141848511 8.2753620848313734)
(-0.56538796291810922 1.1054207074860007 9.355355769802248)
(-0.98356085667222304 0.90260982857066574 8.9129624531529732)
(-1.3969928906447406 0.95848466678022382 9.2171883693544672)
(-0.049928939041342123 0.2416896779013584 8.4858520688638119)
(-0.48736688728188737 1.0345808933142564 9.7006316955713956)
(-0.8885189935446034 0.83340677903938831 9.259169228371352)
(-1.2604802529193777 0.98002526646140242 9.333163120772447)
(0.011714018553081915 -0.062970732772485438 8.744502442829944)
(-0.4731475947660288 0.89914458389101892 10.150523530295759)
(-0.79313551421565109 0.74340551039954261 9.7558740352903826)
(-1.1688291808572513 0.88190184384999371 9.5868607127216006)
(0.047605510962814054 -0.31617514579254302 8.9065026042289706)
(-0.34974506766635199 0.85216718692851934 10.453590046066488)
(-0.65056378723213004 0.69035084111790535 10.171216990672198)
(-0.86326788736880045 0.97469529231705543 9.5450152539376099)
(-0.41478885110598068 3.4936740711076335 11.572586273553155)
(-0.92508467660509108 3.3852064379469389 11.506059499879331)
(-1.6599385280011989 2.8830851948180909 10.874448988339708)
(-2.2647437123113021 2.309285020990707 10.510826676754313)
(-0.58727970317900957 3.674407852111635 12.128565594747279)
(-1.1699215732298893 3.6423934511675227 12.4491173516831)
(-2.0258772432062795 3.2014494176176944 12.233772432286459)
(-2.7320585122977739 2.69751070821231 12.308457344968389)
(-0.43186531651462989 3.075606469869927 11.137291124474343)
(-0.98914194351339946 3.0972346219093545 11.5819707282637)
(-1.7679925617613654 2.7257046210026283 11.353806496950975)
(-2.3275781072661639 2.3827256206596608 11.459370273447378)
(-0.35795706865946364 2.7541033716959942 11.363022438899144)
(-0.88970295456524195 2.8330474335726019 11.86235496062198)
(-1.6404557288059614 2.5081241103946961 11.596577448003478)
(-2.205461080836558 2.2496020179271325 11.740550074829555)
(-0.36606699856958214 2.4944208008613273 11.626920907110511)
(-0.90047960214691947 2.6147787580788262 12.20440826655256)
(-1.6307002238782637 2.3169984917037669 11.920249108395748)
(-2.1814238549374987 2.1200713849601271 12.10550528723428)
(-0.35992122177508329 2.2227671079874303 11.885352358629859)
(-0.88283190648905752 2.3813414833776001 12.522387608651851)
(-1.5994724530526052 2.1021731470659719 12.222987298625176)
(-2.1503190336473903 1.9833914646801607 12.468662183218564)
(-0.31943788307195503 1.9673399600914176 12.119221176001821)
(-0.85011232898658551 2.1739581765685787 12.829357172819863)
(-1.5440515735225908 1.9285533861329587 12.515724438528455)
(-2.1032133427943256 1.8657356530711351 12.786085469812113)
(-0.25720600218881096 1.7053266706167665 12.346970419496049)
(-0.77334809111275726 1.9937292117661394 13.135796776205625)
(-1.4507955123837619 1.7661317105262919 12.794770142793665)
(-2.0063038932424053 1.8015073315977075 13.067312887098531)
(-0.16126806878342057 1.39664496107115 12.553667011545839)
(-0.69598988506838111 1.793203481456523 13.429145211481215)
(-1.3228511712112077 1.6126981853096647 13.077691611265106)
(-1.8773571371560878 1.6927035929288878 13.267482165988465)
(-0.073642465871585031 1.0883711378734187 12.755550404964216)
(-0.57966317521605026 1.6567763126758424 13.721097906057903)
(-1.1824104311652006 1.4842394590857431 13.36088742101701)
(-1.6949001277521283 1.6953073661909817 13.39840337390436)
(0.019296167079695385 0.65773706104527052 12.986077690381979)
(-0.53978795700606386 1.4323794241749925 14.054955069283027)
(-1.0528876920249497 1.3129337457701475 13.751429427082133)
(-1.5778871865779975 1.5219859763329993 13.5787118694656)
(0.1041540961615508 0.3077878080330384 13.175103499114217)
(-0.35589033423798894 1.3539677785450885 14.308561631442307)
(-0.8308887615258882 1.2263960747353799 14.092371321324107)
(-1.1483061582848524 1.6375241131787392 13.552905593035144)
(-0.94053160190768359 4.3864175760575526 14.519657076311155)
(-1.4738587686539548 4.1616363796075042 14.423284640791421)
(-2.2488645276759156 3.5623810004996526 13.700445548703067)
(-2.9125052314660214 2.8811325168627451 13.260468139843235)
(-0.99183479524063456 4.4858018610888317 14.956393217454895)
(-1.5898697269612678 4.3172645083285106 15.16879367617407)
(-2.5083934817270217 3.8286222885001124 14.956654828553166)
(-3.2872202544528606 3.2553633604897061 15.01266287504111)
(-0.70708124547222506 3.8235102686648275 13.745531831532661)
(-1.2943339202682718 3.7215715991174978 14.239713482303809)
(-2.1579157316398474 3.312182435354178 13.991300682865448)
(-2.8146466780531707 2.9035333531540779 14.071490039459409)
(-0.59623598095650565 3.4953006167905376 13.909268536957409)
(-1.1565980260844115 3.4072771982863723 14.489586918879448)
(-1.9951441500853284 3.0583836906310586 14.210092727731494)
(-2.6569791416524482 2.741179641765366 14.332087689133612)
(-0.54992250214074601 3.2205901166632982 14.142999490093375)
(-1.1066118234173303 3.1406909589846128 14.793018641904526)
(-1.9346067654612671 2.8338486136721008 14.502646378550217)
(-2.5873438062910847 2.5877314888023117 14.662924329385095)
(-0.49960817562503274 2.9365749106905157 14.391085964951852)
(-1.0412043286620438 2.8702353978581367 15.096759397110043)
(-1.856412002809078 2.6008024363533679 14.793032805712629)
(-2.5096408160476003 2.4403243728279991 15.014224046820695)
(-0.41465660283878542 2.6488689768179077 14.595268200981224)
(-0.9556001398930587 2.620153113137059 15.367048224786368)
(-1.7499422092492607 2.3989496662236203 15.051523328206841)
(-2.4043121411347506 2.3074269342519709 15.284680867330932)
(-0.31184486728235195 2.3514687636119054 14.825142872390359)
(-0.83994044858462114 2.4023221554974969 15.666006715808924)
(-1.6147752873377779 2.2166217415846865 15.321576346061473)
(-2.2646346064040328 2.2288056067850568 15.568676045538314)
(-0.17968204713117628 1.9903294213814415 15.010695450588337)
(-0.71799038912281488 2.1623958796012475 15.914517204384023)
(-1.4460810604083119 2.0338160739370776 15.570596594159962)
(-2.083199386085234 2.1026477449673715 15.717119188701576)
(-0.057497400641462811 1.622436376686671 15.234425345582896)
(-0.5786058096745359 1.9863144821111518 16.195579517130479)
(-1.2797477997814888 1.8815955952040768 15.847018128302969)
(-1.8799646410478905 2.0834858256702158 15.889598223652687)
(0.064279429631422261 1.1156412442396384 15.45768349822025)
(-0.5023166888483751 1.7237695537820459 16.463398388338064)
(-1.122223674020866 1.6777252078217619 16.199496890657802)
(-1.7169996584874332 1.8856553411848891 15.994370418168824)
(0.18841080410133038 0.68200984015317057 15.674211205205541)
(-0.30534406722974028 1.6150857827328331 16.720876113150389)
(-0.87340323663884922 1.5754450045369768 16.528840765334749)
(-1.2638999223947773 1.9871088136150661 16.040838788425994)
(-2.4010980832748361 7.9850799351500754 26.343761939930783)
(-3.2009811262958481 7.3641390501961617 25.920262682830863)
(-4.4416274595867469 6.3578303088077801 24.941072359968153)
(-5.4748318800644604 5.1755549021360254 24.14112545866406)
(-2.2518520441223586 8.4570015137234726 27.616046293659561)
(-3.1624833126179528 7.7478171425486124 27.25391888514709)
(-4.7409055393758033 6.954761781167174 27.170292970176913)
(-6.0452403039179394 5.9421788102531616 27.199095379499042)
(-1.5886220256905663 7.1996122336725916 24.389424399723822)
(-2.4458349493091571 6.5054681710689017 24.477292842761745)
(-3.9196600287969559 5.8915956713089477 24.37339525162416)
(-5.0212715187578594 5.1861162452083809 24.468543874877369)
(-1.3324727292254399 6.7375127508866335 24.378215549852058)
(-2.1325471275291412 5.9718428105599521 24.572419949411298)
(-3.5739618613941673 5.4760813322582695 24.455033963206997)
(-4.6699761919175842 4.9249324363303364 24.591798533903226)
(-1.1807177577506556 6.3361146304944063 24.393090131530879)
(-1.9449014487612513 5.4990342281813609 24.650976665304302)
(-3.3597495855172954 5.0937804388002377 24.528631887004401)
(-4.4324311932110811 4.6687976073588322 24.68499929199379)
(-1.0193200199993908 5.9061044653325654 24.501555806402656)
(-1.7383821759689453 5.0308372472469101 24.808296158463747)
(-3.1212639298291744 4.7096180946067081 24.67620833859473)
(-4.1778120427761669 4.4335603495702705 24.889984298482627)
(-0.83259311597039409 5.4474592771343451 24.524425157779401)
(-1.5245393956207969 4.5816043723754287 24.886712730405193)
(-2.8632736516451991 4.3516761741919376 24.750710790439278)
(-3.902402421929712 4.2013827304365936 24.956297190551993)
(-0.6301524546476156 4.9720029489273969 24.654692217751329)
(-1.2883639507970497 4.1843168776025337 25.064860176613081)
(-2.5892812917126724 4.0236613060941702 24.90370753980806)
(-3.613773342885485 4.0487755222393265 25.162442012275921)
(-0.3980146925515588 4.3796132404961075 24.663539973653624)
(-1.0531770110614094 3.7436885010848742 25.117013572528911)
(-2.2795844203852682 3.6763743237804256 24.975024047095825)
(-3.2742939976751626 3.8039551501261046 25.112479521575224)
(-0.18538254669139953 3.7942510879419906 24.85262887620301)
(-0.81750975372747947 3.419482090913553 25.344015807119149)
(-1.9991346929990332 3.3905002168321374 25.180451269148882)
(-2.9562741760220947 3.7522178291562462 25.376198760298717)
(0.034372646093551618 2.9603987913108472 24.842158383832576)
(-0.65475622597435512 2.9271791128193874 25.326808380799928)
(-1.7261919896881306 2.9843871174799634 25.275015215633815)
(-2.674792201140924 3.3559849063003311 25.122760348511786)
(0.30324163566628282 2.2870482145300848 25.132257362811949)
(-0.31139247682546289 2.7662533299476024 25.731408265148435)
(-1.29904862094371 2.8238715126313778 25.667564911927737)
(-1.9969517789392646 3.5643696271011587 25.643532464844096)
(0.12226266324840175 -0.88691171695963511 -1.76397028965943)
(0.5566570578702924 -1.0141336291548853 -2.0272062780400857)
(0.89576068223637273 -0.26748272613639801 -2.0914943986928054)
(0.48338285771787254 0.6294379069998487 -1.8894437457586066)
(0.090453195345185644 -0.97268816908942068 -2.0311412937571895)
(0.41719638329996178 -0.8973556027718167 -1.9518908900829492)
(0.52593711131104259 -0.1494258926365141 -1.6973353041602663)
(0.12611225363326231 0.60085444659802034 -1.544505933092311)
(0.41404164818132327 -0.56540475651043898 -1.6525600566348251)
(0.53614159560432118 -0.49789080423406423 -0.98028995905133665)
(0.52072567630223987 0.14326729192660706 -0.33842361962836592)
(0.11972472087614758 0.70869724224176145 -0.31458255879509089)
(0.60230511369207196 -0.33326182502643253 -0.69819195683723434)
(0.65886744973648026 0.078808046223094966 0.97414432778266624)
(0.45951925853883457 0.60601164218937265 1.8145449742116384)
(0.009597028740490279 0.83223475487119014 1.6657259647337959)
(0.64096735007500816 0.10915933938111136 0.84185616112567452)
(0.55412612134883155 0.43220804844985677 2.7684478932839816)
(0.22081653623677092 0.62935133328625936 3.8056654195184301)
(-0.19657562160651931 0.65558925778310906 3.4809684557572842)
(0.52242829551161396 0.10587087140956856 2.0556842390870265)
(0.41824637655386149 0.26543492097226568 4.3200826811428179)
(0.080449664507762891 0.40221666169769371 5.5682960648334081)
(-0.2566596123227462 0.41226122284354078 4.9490714077849374)
(0.31645211625974051 0.022924043147751288 3.2478745019669337)
(0.18327885435463695 0.10427641856159653 5.8162994504140091)
(-0.13477192983157785 0.16344901894897601 7.1469767911293722)
(-0.38568009338674114 0.13814741321752094 6.229181944219409)
(0.1412235627035647 -0.10637367731054946 4.1489279642424339)
(0.022867725174237175 -0.059722946723039579 6.846729639679352)
(-0.25745824631772868 -0.027508540631088766 8.1164053749761287)
(-0.4109363302665146 -0.044640206964138889 6.811924977614936)
(0.00021165898164455274 -0.20835515869046378 4.901612400117604)
(-0.11057903635181582 -0.184573862474983 7.5237534866380233)
(-0.34289528296108418 -0.176380793349004 8.603450409970316)
(-0.4322680987026577 -0.18942621010838095 7.2208671202301931)
(-0.06424764491118623 -0.27468805772076388 5.159837969081341)
(-0.15559619628612037 -0.25762948778983541 7.5587104340397087)
(-0.32790423262412149 -0.27211967049127339 8.3545620275587389)
(-0.41917591161678847 -0.29931722093219465 7.334918572428017)
(-0.071346430653392787 -0.27062792385694512 5.189865535999548)
(-0.14830051957011434 -0.27615897622367225 7.1961677032134386)
(-0.30524188291599086 -0.29604476593297469 8.0383648978067939)
(-0.44737554378501448 -0.3356496831157188 7.6536208733346749)
(-0.025198181268374392 -0.18475196857965762 4.6051920706434473)
(-0.090900829231671504 -0.18417491793656493 6.4237700959372726)
(-0.25971761401222371 -0.22537978519684068 7.3697768441934635)
(-0.44286840019587215 -0.28040824514714507 7.4790688622715153)
(-0.37308474638505662 -0.93626280865483569 -0.3944032090409717)
(-0.10114322437051824 -0.9507509073892042 0.32233394263199011)
(-0.076564598843477091 -0.21287846349496026 1.0183719283363868)
(-0.42520963433411896 0.30415953368977833 1.1317105639200522)
(-0.63296053272350494 -0.80581088816802549 0.12458467110603522)
(-0.54578857905756717 -0.64503228201187945 1.099380899604733)
(-0.58791771075101151 -0.15096511807369301 1.7985716802321199)
(-0.81818730708660936 0.13380584093321798 1.8177332372988857)
(-0.29447228740958303 -0.39324528096641104 0.74251149480093037)
(-0.1987077561021125 -0.32820559398736032 1.7240684770150345)
(-0.27199672011079939 0.043060477941602331 2.2744003022818942)
(-0.55844575345662828 0.27570070525129553 2.2180180175988893)
(-0.084924377343972318 -0.1866776675449115 1.6095630691069094)
(-0.0022824599720519829 -0.067955029805533751 2.8132021271078549)
(-0.21026383657121678 0.26774921490211195 3.5796595155169659)
(-0.55417455635729074 0.38126911721699214 3.3755712315785464)
(0.058902500903850893 0.025318313711803053 2.3788010184518695)
(-0.038188379837583726 0.14378904661245093 4.0198611175090777)
(-0.34913534576205435 0.27087854096537722 5.0179321149499811)
(-0.64058100700033815 0.23575230025089888 4.6217316698787183)
(-0.018786740055685154 -0.047493779683407844 3.2465722706244313)
(-0.13171864279996845 0.026068756770546896 5.2828078043780904)
(-0.44848195136400715 0.10856529722480332 6.4590451746856106)
(-0.67614137500695004 0.069539249285729285 5.788281373298096)
(-0.13192423244005155 -0.098186742337271052 4.1704358233478702)
(-0.28562222672304094 -0.071815564987962419 6.4505475394200955)
(-0.59515419157845473 -0.059689837697327955 7.7059503965005831)
(-0.74515613575258932 -0.13112207233491666 6.764181287969623)
(-0.24245525161324205 -0.20843004584557906 4.8790518999493022)
(-0.38301279966715407 -0.19951590210466902 7.2725117229542322)
(-0.65541878364975392 -0.20572261398199049 8.4624530153327626)
(-0.73292171129210515 -0.25756848610524957 7.2346529246702698)
(-0.31200931096369189 -0.27511905984313845 5.4453206245729637)
(-0.44618613704496979 -0.28793660660187825 7.7619779462553575)
(-0.67718394343054444 -0.30905550728999959 8.7914926671472085)
(-0.72301069053176392 -0.36495005562888372 7.5752104154084208)
(-0.32694272326532775 -0.32350413007050244 5.5889959397502889)
(-0.4290482595960014 -0.34137075344507845 7.6982884935628038)
(-0.60871921746190372 -0.37591683117539176 8.4994985682348787)
(-0.68420294341436061 -0.44258647406944124 7.6628559204501263)
(-0.28618999971340797 -0.29841781198545553 5.5540105305262495)
(-0.37029970254696915 -0.33946817030824578 7.3216331530696346)
(-0.54599961901509619 -0.36539309158842531 8.1683212326283385)
(-0.6892626307616434 -0.45455407793744534 7.9352305062618296)
(-0.21637692069541584 -0.21193315954298617 5.0742125063461598)
(-0.26941441411319411 -0.24739239544568584 6.6257190838084288)
(-0.45155612094625575 -0.29977726503444996 7.515499675302495)
(-0.64923560112458079 -0.41079132311880162 7.7178412792118394)
(-0.71549139372383408 -1.2366123015984578 -0.003450125416339486)
(-0.40407043277169852 -1.1053032047252456 0.96486117757204659)
(-0.31189913445064077 -0.38031139699178118 1.6334476612408149)
(-0.57331410973708508 0.17209973867258521 1.5608815341183606)
(-0.93856095410225049 -1.0910812716588034 0.53420558376891758)
(-0.69509503423044439 -0.87072145328319395 1.6425189530567841)
(-0.69702321348268381 -0.29903330096835834 2.3696783717619936)
(-0.90452247927759666 0.064851629516113632 2.283759885147687)
(-0.65059832719803756 -0.75843719464604187 1.1235732331427952)
(-0.51631871883083758 -0.56191807383305137 2.2291224119634054)
(-0.58135121226655573 -0.14758652468996075 2.904756704990505)
(-0.79597595420422806 0.1044482877757598 2.7515557186744735)
(-0.48865195965552222 -0.45385142052578331 1.9830441463112063)
(-0.46663928075372479 -0.28446885963378765 3.3596561528830056)
(-0.6501737585955345 0.0097247567914089915 4.2149901656842559)
(-0.88457412683087355 0.11988066528760292 3.907500681110331)
(-0.40559422061151418 -0.20211165381849441 2.8652815414339026)
(-0.52713654012619526 -0.11327088709294265 4.5214252825276313)
(-0.78999848778931725 -0.0043193987622502589 5.5363937909021699)
(-0.95980192102645912 -0.030568067372778444 5.0445062905638061)
(-0.47432650714444974 -0.23957893186972401 3.7148632114521116)
(-0.62115706165796303 -0.18768776568249157 5.6744577303398733)
(-0.89586007930470657 -0.13519913246986814 6.8263853214877761)
(-1.0075431990662067 -0.17776495522354371 6.0889642825305659)
(-0.55545417617574866 -0.25525018169726826 4.581714013704242)
(-0.73670571632893178 -0.25573978629158645 6.7074789088611055)
(-1.0114781457456703 -0.26941945649032351 7.9109865291106836)
(-1.0503670132813099 -0.34503921277640431 6.9382762483306291)
(-0.62287512352939312 -0.33450779879390263 5.2085038675451028)
(-0.79393611848730816 -0.3512886332147237 7.4100145098514698)
(-1.0437319300559609 -0.38803055023889904 8.5541734547862696)
(-1.026881343263337 -0.45022540218829887 7.3568032303555277)
(-0.64559505424978059 -0.374075020723598 5.6990637780411069)
(-0.80943109214384346 -0.420077450082669 7.8090942240994901)
(-1.0258616222888 -0.4682807802763479 8.8114454586063751)
(-0.99683921080909277 -0.54307023499749485 7.6791377594940027)
(-0.6192421357993918 -0.40546019986481591 5.7768292963758494)
(-0.74362238146550852 -0.45882231388456035 7.6906663118920742)
(-0.92139536370648711 -0.52387200964791059 8.4990261014425492)
(-0.94414090693915464 -0.61256588111738919 7.7548503457225726)
(-0.54059405929201299 -0.37403783132651997 5.7296776973784311)
(-0.63974549898431332 -0.45561127807583057 7.3303677687262123)
(-0.82033744642120465 -0.50076539528739783 8.1805615081342626)
(-0.92701518098299063 -0.62418431580283384 8.0356648827294102)
(-0.4461240433144788 -0.30752796251626413 5.2588267773556954)
(-0.49240867957906587 -0.37699737964676977 6.6689089359238451)
(-0.68202624218627805 -0.45730317457578074 7.5298025923584477)
(-0.86412895220643171 -0.5987290705542111 7.7724425707888756)
(-1.1992582096149023 -0.59415484355506354 2.4296604515754483)
(-1.0490775990722268 -0.75430520976009607 3.1737815446105682)
(-0.96319108340659321 -0.46644939672200642 3.6817164242015319)
(-1.0378538053766224 -0.2460175241261324 3.5172240918606894)
(-1.4746567617363129 -0.48943769975490448 3.065610346701086)
(-1.3397211674041067 -0.62446179210954078 3.8519400238531012)
(-1.3085112686175022 -0.42020319486504804 4.4171399775700895)
(-1.3798014269036747 -0.34027594985068171 4.3151448965053643)
(-1.1327701053902262 -0.30193058695962416 3.2243909211167221)
(-1.0979840138999017 -0.40317087356297904 4.0827964113986228)
(-1.1397521178262751 -0.28942846792409527 4.6647208176912658)
(-1.2148346531126557 -0.27686431019927132 4.5156349674673448)
(-0.97293519696809105 -0.18401621789596698 3.8135479724855834)
(-1.0057992114743499 -0.24332042659925593 4.9370419256760387)
(-1.1528525860021346 -0.15989377114240208 5.6973620966095089)
(-1.2599045959025217 -0.20791290470594595 5.3956096351104739)
(-0.88964938437289276 -0.049498109781504318 4.4794564161145853)
(-1.0332772160308499 -0.14290368410039458 5.8633026692146295)
(-1.2451285295179106 -0.18577528912670629 6.7702285249818104)
(-1.289754192005427 -0.32888678174412517 6.299045443429506)
(-0.92016095317028868 -0.1401435518592615 5.161382390566005)
(-1.0769988394464065 -0.23130241277410563 6.8066548476006057)
(-1.3035489729250971 -0.29541307038863124 7.8405527062320433)
(-1.3013401736655874 -0.42936136037528116 7.1470780133006206)
(-0.95872480703954654 -0.18387006724644678 5.8503325547691132)
(-1.1410878902273485 -0.30291294866029428 7.6514840319795576)
(-1.3704708660145513 -0.40773143254803518 8.7374310308697467)
(-1.3080419041892255 -0.55996905843062605 7.8384080471649789)
(-0.9765219896967694 -0.26852731569498089 6.3577581069256333)
(-1.1465381327222537 -0.39103163360583804 8.2224344271882277)
(-1.3594532353328834 -0.50591542143931767 9.2662720213858005)
(-1.2583406401304251 -0.63852921943582996 8.1929279725418684)
(-0.95857220058956927 -0.31453130187984685 6.7442379988272005)
(-1.1155783187284507 -0.45609043862935028 8.5334419860264159)
(-1.3027322111401318 -0.5686122539737164 9.4606411926875218)
(-1.2073369475247591 -0.71025034699434841 8.4809889226464339)
(-0.89393683153337578 -0.33798739032825559 6.7845093832678049)
(-1.0073042357604867 -0.48953030561946864 8.3933818276481418)
(-1.1655431281420081 -0.61619975551748396 9.1565736607352175)
(-1.132011184208964 -0.77224195908651105 8.5459302484902757)
(-0.79516679308564642 -0.32993823396703115 6.748865415962956)
(-0.87240876688528302 -0.49426283579776364 8.0829294054206624)
(-1.0352330887015855 -0.58172976040304614 8.874488991370356)
(-1.0965206140055939 -0.76488539311643799 8.8192647971255713)
(-0.67349308285879883 -0.25366461733587203 6.3282670440124553)
(-0.68691516402283892 -0.43063138406869184 7.5055435264358508)
(-0.85903422494424841 -0.56993254576184393 8.2756154393574786)
(-1.0054321383736988 -0.78419196447573158 8.5351299709187796)
(-1.1472724120951385 -0.25534727434426574 2.8390528089683862)
(-1.175612425607204 -0.48953531474724415 3.6783940501839361)
(-1.1612185673825377 -0.41732189369826861 4.2131895431766084)
(-1.1590997782706884 -0.36284927697845848 4.0029722088693704)
(-1.4187545105466253 -0.16554698635654014 3.5477196199055854)
(-1.4472610585157639 -0.39965883490626103 4.4048058680364397)
(-1.4753094281307817 -0.39258131993688899 5.0002141442567396)
(-1.4825544502880212 -0.45299120447251778 4.8603968720203596)
(-1.1751908512639277 0.011506112966212166 3.8279876696246649)
(-1.2869694063700856 -0.21859337884455429 4.7170454341915047)
(-1.370045261180864 -0.29908206047257002 5.322146775710765)
(-1.3696354121727674 -0.42763034239913639 5.1471196820047744)
(-1.1135276565676362 0.061695701752308311 4.4530734223107045)
(-1.2579868794265736 -0.1317630989433537 5.5814944590344684)
(-1.4181567797678951 -0.21571766295207209 6.3453742070415551)
(-1.4407683911698337 -0.37376854014447697 6.0140988791821721)
(-1.085993277328309 0.13112398492575594 5.152804760129742)
(-1.3001568227278415 -0.08639883014511969 6.484200902844611)
(-1.503820813379424 -0.25998324550661889 7.3647858562776598)
(-1.4654557133451773 -0.48767086541786098 6.8717172814588521)
(-1.1386577529176845 0.023259313716258511 5.835651316313843)
(-1.3448970017597024 -0.18810417296081469 7.3762676473787696)
(-1.5548942732913729 -0.36678118784392327 8.3614951096420018)
(-1.4728455670860987 -0.57704204112122326 7.6620718791108757)
(-1.1725630066492638 -0.042674098492626218 6.497359009253981)
(-1.3841899708623522 -0.27080005207375296 8.1545155746902118)
(-1.5936061688101175 -0.46901189097031659 9.1798234894847344)
(-1.4597864555124096 -0.68546724352045063 8.2959262677208425)
(-1.1758171499924048 -0.12344880544864373 6.9721220932622918)
(-1.3652719280956216 -0.35364644991404054 8.6697618184770793)
(-1.5608119830571767 -0.55486227502800645 9.6581534374743825)
(-1.3992093768046128 -0.75181828835368636 8.6340785284584491)
(-1.138347482821535 -0.18012091643808048 7.3295627336734501)
(-1.3027582674888902 -0.42115614908437099 8.9456976807759361)
(-1.4763885129601686 -0.60763948802815038 9.8298107261896597)
(-1.3323459823390709 -0.80989719867864229 8.9237461617756484)
(-1.0529088903740114 -0.18999238914933847 7.3515462735042911)
(-1.1671043617378754 -0.44633869972494117 8.7973993860644182)
(-1.3176846995765159 -0.64712304410209365 9.5353409306711079)
(-1.2446890158856072 -0.86708075746608626 8.991536430937547)
(-0.94630586267425487 -0.2128729235734072 7.3514595105213294)
(-1.0094457544757616 -0.46507303499356784 8.5348063695848957)
(-1.1645385154193566 -0.60843588479107746 9.2935414338965359)
(-1.1940852550820638 -0.85067038491646918 9.2919008383395436)
(-0.80342034383504191 -0.10500372446447734 6.9116203211919336)
(-0.79484737742246991 -0.40258718477534711 7.9952604877897082)
(-0.9603120654773899 -0.62067635343300498 8.7187475914723009)
(-1.0830707491272218 -0.90510923516286501 8.9699592509722805)
(-1.7295629592336705 0.3778513045055778 5.5677020144407248)
(-1.9286060000531295 -0.14616779682019854 6.2950597138400637)
(-1.9346609059777569 -0.47082533142439487 6.7070107003285404)
(-1.7961762984299399 -0.75673683608508113 6.4369535004459877)
(-2.0885107850312346 0.51058679340206192 6.5808804771727045)
(-2.2599324724527139 -0.073301654566323593 7.201842059098003)
(-2.287491783298556 -0.47808303253186729 7.6455079382567028)
(-2.1672943486246239 -0.89466680633407969 7.5131114596463995)
(-1.7473448001091831 0.5561997723793386 6.4471487472869278)
(-1.9683581584106329 0.030075001281706936 7.0999686752842033)
(-2.0442743038178772 -0.39107677291336873 7.5705662192531245)
(-1.9269988257897568 -0.82009270423191738 7.4193850222365167)
(-1.6521713623933787 0.5035491096769743 6.930150645533641)
(-1.8759272626015213 0.048633451893025925 7.7875315354132661)
(-2.0156585482840401 -0.31880303326621112 8.3989372735321819)
(-1.9367001147982641 -0.72458883970932764 8.1100595314582069)
(-1.6052841433559133 0.48244172873699076 7.4949059482489009)
(-1.8602628068646827 0.032046400071783748 8.5260189845648444)
(-2.029100940074724 -0.37079214130123889 9.2415863567078187)
(-1.90328609016496 -0.80540803782851256 8.8100524197679597)
(-1.6028689388536457 0.33223848774978926 8.0489877805872005)
(-1.8348681755674394 -0.087361379368967998 9.2584610004678094)
(-2.009956986858358 -0.46208716087399881 10.070395466379896)
(-1.8561025913638098 -0.85581460197885417 9.4593611139701554)
(-1.5907597942055705 0.22872280589045815 8.5820607725800961)
(-1.8097257680841534 -0.18866061476850196 9.8994771502346417)
(-1.9835123451451731 -0.5511667599092579 10.753602450973663)
(-1.7949223717926259 -0.92981782699456639 9.9849041844234119)
(-1.5422770105734616 0.13611981498522405 8.9719017536125225)
(-1.7308133023438026 -0.27043049687065496 10.326655946413641)
(-1.8972937116540676 -0.61865259337407419 11.1591945058028)
(-1.6979462077457577 -0.96958381481844924 10.285058526168092)
(-1.4649047700375257 0.056614279830627265 9.2637024649848687)
(-1.6156108937333022 -0.34659544306762941 10.556393994689284)
(-1.7655196983816799 -0.6594620644175947 11.307188005465882)
(-1.5971134865987291 -1.0011771862364978 10.551494624031895)
(-1.344825541082195 0.053245555401365663 9.2864600995944322)
(-1.438230605637647 -0.36501906848014654 10.435454278947262)
(-1.5718676089150523 -0.68780229959059125 11.065381335787301)
(-1.4812062602566958 -1.0465584867333573 10.627939929175753)
(-1.2173038188490626 -0.018395149207407417 9.3232976732695292)
(-1.2449708622068876 -0.40747004743909426 10.25189254866838)
(-1.3814661551137375 -0.64164545873407675 10.889531542669481)
(-1.4005092011554867 -0.99602637063070742 10.922826298980048)
(-1.0519035929775296 0.14152300750883393 8.946320561896334)
(-0.99219219221741561 -0.33500883684404853 9.8230109973195905)
(-1.1376751689131053 -0.68008105598169943 10.413543984608602)
(-1.2588563322019906 -1.108269812866675 10.608491917193005)
(-1.8996246866379243 0.72175068149283816 6.6376173886678433)
(-2.2298356293130954 0.11590778596385172 7.409795240640344)
(-2.2989799197873801 -0.40561754398770461 7.815577226866286)
(-2.1218542827203648 -0.86328250165268228 7.503505794146422)
(-2.2191807616006822 0.85656757551975971 7.6525061036411355)
(-2.515307851670272 0.18022626112018808 8.2817023105898446)
(-2.6032946694818038 -0.41862556019191999 8.7190598417574332)
(-2.4504844335621785 -0.99994732155143573 8.5634037985433746)
(-1.9345912372811336 0.88330216569641906 7.6337242936249083)
(-2.2581733425407986 0.24983630640530391 8.2747439609867239)
(-2.3778816803975271 -0.36034364217860232 8.7304249257927911)
(-2.2208844787418109 -0.95474844461009867 8.56244375372105)
(-1.863245169371706 0.79887326226395894 8.1304605091187856)
(-2.1692725292464106 0.22931986974003121 8.9533334518973025)
(-2.3342466418285497 -0.31227101761903553 9.5337077203111757)
(-2.2140518587346287 -0.86605463927414916 9.2326235014193951)
(-1.8329060229040641 0.73753113501236844 8.7083417647734755)
(-2.1402740708735291 0.17328318009137014 9.6793684953020733)
(-2.3177196998842797 -0.3776827256795276 10.348124430167696)
(-2.157208042673183 -0.94051840822979815 9.9122095032928019)
(-1.8231929039916732 0.58408805666746688 9.2614574862649643)
(-2.0912899604392416 0.046929249377711653 10.37878805130763)
(-2.2667300612294969 -0.46486830417032782 11.127835682672936)
(-2.0857437560901024 -0.98160964201815126 10.528826826890445)
(-1.7924422551969983 0.46906002599621222 9.7722637868957349)
(-2.0298361630688428 -0.062891480216392306 10.977506586711526)
(-2.1988392723243164 -0.54590398153820663 11.760430082876614)
(-1.9947345146834576 -1.0378675870675671 11.023944145283359)
(-1.7232189276504806 0.38288061040571891 10.152144858114349)
(-1.9179991334597521 -0.1393899388856773 11.378334574122064)
(-2.0787721638050769 -0.60030948801295092 12.141318200468049)
(-1.8775020207503803 -1.0647425113949558 11.328115370512107)
(-1.6223224210768459 0.29687042108718686 10.429376675805889)
(-1.7661842433006427 -0.21771685174141051 11.592861695336488)
(-1.9114095074388056 -0.63098432195529053 12.284430783440241)
(-1.7514949580831045 -1.0810220035742721 11.597682607172278)
(-1.4847510012582423 0.30441223433410053 10.467096131085389)
(-1.5623185023260338 -0.22714476524039129 11.497182499907996)
(-1.6939587066378905 -0.64684814012102099 12.082931880339588)
(-1.6197084395238766 -1.1152942491461963 11.696512536393637)
(-1.3452638572135374 0.20626205208238907 10.542318919520879)
(-1.3440651019265943 -0.28424022253146158 11.369165299106324)
(-1.475598924274782 -0.59777475036286964 11.95414740768962)
(-1.5155062036550311 -1.0491858828187679 12.005909055491282)
(-1.1668570460718233 0.41195652582062758 10.181167661256824)
(-1.0713350036539577 -0.19658153459148772 11.001226382152391)
(-1.2084241161114744 -0.64926472713769978 11.53538300706324)
(-1.3539789255856074 -1.1962100667167221 11.679143212332173)
(-3.0596450549525072 1.542619858588153 11.302776375450879)
(-3.6118232743982044 0.52519697683991906 12.123582576210968)
(-3.7133909929335833 -0.51568520008655205 12.441411037227541)
(-3.3779943988901655 -1.4459578075595863 11.992888110977416)
(-3.4828016583641466 1.7660229086345218 12.76245988523995)
(-3.9794655982308322 0.6012485811865883 13.270513870233824)
(-4.0828725882676782 -0.56237618808137402 13.580750303186125)
(-3.7740072238596531 -1.6675531128901622 13.395212195160413)
(-2.9437260613945466 1.6277494455750996 11.976638327609029)
(-3.4150845541327031 0.58379643850228669 12.456478799728808)
(-3.5392047176539401 -0.48728102462406581 12.788651159042812)
(-3.2558563315270277 -1.518173394475355 12.63092145502991)
(-2.7852902263293609 1.462624825282506 12.3768796603732)
(-3.2024496337941333 0.51339463163242882 12.994994642288813)
(-3.3579183159420727 -0.4361639958663327 13.423349501401724)
(-3.1346166234340562 -1.3819511490510774 13.158399313555091)
(-2.679851819713654 1.3308975995988135 12.831325962040896)
(-3.0628649806931643 0.41104783570596171 13.565899403538277)
(-3.2185944210613573 -0.50188367887660545 14.068077739956433)
(-2.9767309188843858 -1.4175520458962321 13.693978571186474)
(-2.5772336466339483 1.1342923881616589 13.280079448695634)
(-2.8961452887683459 0.26639957680105703 14.126164786607884)
(-3.0463659021510967 -0.56906865572097276 14.693739349219305)
(-2.8094416462636644 -1.4125368911449667 14.192782233850327)
(-2.4606201787075515 0.98210574897787195 13.67463952881771)
(-2.7256536664021795 0.14144544047238536 14.593549581381048)
(-2.8677931021202112 -0.63050671692650406 15.19087862179375)
(-2.6336407291840489 -1.4257100094683679 14.585410586787386)
(-2.3128531431030548 0.87324775487119755 13.991363305861247)
(-2.5168452152033285 0.059752524176951288 14.924221335099222)
(-2.654022896915508 -0.6633121271242709 15.509567500743177)
(-2.4477162079666681 -1.4166953150306478 14.860155737557255)
(-2.1397161980123043 0.7576825657983538 14.208706469686865)
(-2.273952973652873 -0.026679780544566458 15.09653797088473)
(-2.400201274908623 -0.67407105802154421 15.629758059091387)
(-2.253601288610712 -1.3920396647936017 15.089092628384721)
(-1.9490628457818504 0.75768342878539874 14.274263141958729)
(-2.0008231949469613 -0.03690332783586369 15.057705856461849)
(-2.118731095979717 -0.67540839891284876 15.512968363252892)
(-2.0697783781739845 -1.4060775052545609 15.209787262087699)
(-1.7556847125290331 0.60025639614590232 14.357504864150545)
(-1.7092696456890226 -0.11870337219492769 14.994315833022956)
(-1.8258676495664705 -0.61183374684174463 15.44068975909182)
(-1.9023258403084229 -1.2846262871318055 15.469510859623238)
(-1.5416979702090119 0.88721443499013997 14.112623071446377)
(-1.377298650754974 -0.0059389012257223556 14.761489212740297)
(-1.4977556384606006 -0.68581384494626085 15.160827347259497)
(-1.6983086852538127 -1.5104269708228082 15.219496502251546)
(-3.7844949416301512 1.9770366181449461 14.069533348812126)
(-4.458031977763552 0.7925455804459457 15.023304910839299)
(-4.6131394872747471 -0.49971118727639374 15.333055720664511)
(-4.2417559562164096 -1.6728553806805644 14.763263880014865)
(-4.0898153303502154 2.1879441005894518 15.388809822780955)
(-4.680349467585982 0.85691427329810677 15.932683411083993)
(-4.8325337083293824 -0.54877457847711497 16.2289694543739)
(-4.5062601122841119 -1.8878738955430698 15.996366062233472)
(-3.494618371587908 2.0083851998958426 14.548296947989524)
(-4.0323257542292508 0.80243254802117958 15.041038011519573)
(-4.19234496290583 -0.48538714489787782 15.354532032978254)
(-3.8965506922365751 -1.7319014110409305 15.157546026492827)
(-3.2865481724666399 1.8188169567811023 14.916304439570126)
(-3.7546423632886214 0.70842295454549353 15.526606414561078)
(-3.9313427385938127 -0.44888959554094054 15.921828076862328)
(-3.6954033993436237 -1.5969578697575262 15.628936589462169)
(-3.1300427061915261 1.6553737602223233 15.33129419930825)
(-3.5415693879395569 0.58209167787658767 16.040657190328719)
(-3.708051570070273 -0.5163709132292954 16.502713650805401)
(-3.4656639819462263 -1.6133660712526825 16.111026428184118)
(-2.9733995797704926 1.457070820923305 15.752977741694409)
(-3.308143147018499 0.43763525546067517 16.549392450739141)
(-3.4628653303380728 -0.57475308939268888 17.065977700575537)
(-3.2362071292618562 -1.5940530710354486 16.568475300343597)
(-2.795751068231247 1.2996321048974879 16.096102359989331)
(-3.0636476872265113 0.31413481210093047 16.951756674634758)
(-3.2060898595563119 -0.61948530246818934 17.491108087466245)
(-2.9978599889560913 -1.5816474106889729 16.910120137827448)
(-2.6004162943121596 1.1906581186983107 16.395898440619732)
(-2.7939302920585809 0.2362464268255981 17.250927320491137)
(-2.9278505442554459 -0.63790628287158213 17.777784516374084)
(-2.764916704310894 -1.5554351803761635 17.180916020190136)
(-2.3752830647771019 1.0764060474349595 16.575253791689875)
(-2.4895019506357667 0.15569312628658333 17.389424238786095)
(-2.6114626755520045 -0.63161560089658875 17.870246194830219)
(-2.520718170650794 -1.5081476607354458 17.380566489856214)
(-2.1564033172220678 1.0657893612506255 16.665099905500828)
(-2.1752597768074882 0.14309730138332216 17.380022975577702)
(-2.289023094538452 -0.62255698838198226 17.797839579156303)
(-2.3045746250436148 -1.5058801218545232 17.524815163010008)
(-1.9217768258854093 0.91238235145946123 16.732674613451017)
(-1.8390222042607045 0.06402267336106747 17.336225946268179)
(-1.9489794683041379 -0.5531582008579452 17.738886519171889)
(-2.0874790150939542 -1.3725533360502706 17.737817497884755)
(-1.7005512563052154 1.2099967882883818 16.558442151332702)
(-1.4935684783902698 0.179605092943108 17.177954882537723)
(-1.6019317047732988 -0.63718443383363488 17.537281840212774)
(-1.868312745047682 -1.6238197322214927 17.545874271827877)
(-6.8035268393643156 3.5363867490089129 25.084379873131127)
(-7.8624577709083603 1.421780974315572 26.347137366748893)
(-8.0506700781611045 -0.89174420758692385 26.623826715386475)
(-7.377087238229854 -3.0475075623910652 25.761429506339663)
(-7.2805146380151875 3.9460815012520198 27.238076840571054)
(-8.2445428230153741 1.5342655651472452 27.812863370095656)
(-8.4102560505041026 -1.0225923550939024 28.030270251924215)
(-7.7593643840684647 -3.4730402465758829 27.699412136848427)
(-6.0012195045501233 3.4959916765923316 24.527141495042041)
(-6.8297882904367349 1.365358021112322 24.920593113840663)
(-6.9916150482839754 -0.89496524045523096 25.150758158991412)
(-6.4341293042601535 -3.0867272162164472 24.972118458218077)
(-5.5632001607440653 3.2006966709223255 24.709121101309471)
(-6.2738137665754028 1.2174898177282507 25.169163517111343)
(-6.4381795459206579 -0.83229537687371613 25.451848757393023)
(-5.9804569067285405 -2.8616084219532767 25.214729887346689)
(-5.194929211911929 2.9463042291638586 24.864197082474785)
(-5.8050838239650631 1.0496991671878677 25.388939962004379)
(-5.9506630973173049 -0.87587196829950342 25.718135149450053)
(-5.5248944643257811 -2.7986809951265075 25.41766209706012)
(-4.8274176734705465 2.6754198849012605 25.10234326351064)
(-5.3200211018554437 0.87882601652520453 25.675124903260279)
(-5.4509571017513734 -0.89815189437286125 26.041592139922109)
(-5.0852629274124874 -2.6954273267963735 25.679080054845414)
(-4.4493747875458984 2.4481811375476625 25.228877292922931)
(-4.8344108547996401 0.73428646071086279 25.844618630476145)
(-4.9543455309847051 -0.90196926408025169 26.226098959949049)
(-4.6525032877610721 -2.5973390671281358 25.809250603646685)
(-4.07719926840418 2.2854648531430102 25.405516596293861)
(-4.3485625286500262 0.63642540308566575 26.009901328787272)
(-4.4634083458006089 -0.88583211019115404 26.383453455698866)
(-4.2509266180446934 -2.5034492388533556 25.972515063710315)
(-3.6753655518358741 2.1010121594413675 25.420053026051807)
(-3.8256593295551968 0.5371363556925749 26.011868556661522)
(-3.9333080290327453 -0.83785013706663414 26.352620586309712)
(-3.8355549692309836 -2.3673420416672997 26.005846371761141)
(-3.3232407355157552 2.0633225323839177 25.511322608960814)
(-3.3323630546813074 0.50522297826296092 26.018963316070316)
(-3.4344900293253988 -0.8117913589235014 26.319969583099876)
(-3.4856687453673478 -2.3378474974627124 26.135726773361142)
(-2.9321353465920397 1.7812962116443856 25.40989990200103)
(-2.7918160650883994 0.38433647750778732 25.901636168539)
(-2.8918648529333928 -0.69141307165199262 26.186158437936442)
(-3.107738305724665 -2.0661520291527 26.122985231010905)
(-2.6217371556552056 2.2522474887048061 25.44803015478773)
(-2.2872630727899299 0.54344291420804325 25.889292035605816)
(-2.3855016173415295 -0.8308212283375902 26.14377172596728)
(-2.7969550022839487 -2.5082978702156566 26.140608751456533)
(-0.33414781195366622 1.1643269852705027 -1.5476168129078951)
(-1.1699523379176513 1.3115903655798438 -1.4945408115481369)
(-1.5237407805123824 1.0467552523600288 -1.5422522402906873)
(-1.4845375917397459 0.65550328924581591 -1.6642783474504086)
(-0.77125472134761885 0.90584650794589749 -0.86184752759937255)
(-1.5381981949919479 1.1253535360449183 -0.89505221235582166)
(-1.8227143057843453 0.96916561024362202 -1.2299801151433281)
(-1.8202808931757111 0.70473164584018211 -1.7227455948365362)
(-0.68458836617266361 0.96891436934757791 0.41099726480371013)
(-1.335923960111252 1.018831543640871 0.24361176520542771)
(-1.4345128395270574 0.78397345973569144 -0.34804769056591411)
(-1.2745462918414048 0.51348394620671989 -1.6308079435954703)
(-0.58078299082440199 0.84711686181768575 2.3294458075470152)
(-1.089366115221853 0.79927217312313292 2.1312481735071538)
(-1.2471364489139267 0.52215050956654552 1.4051718306897922)
(-1.2904561473514591 0.14214605288891827 -1.0473580652665271)
(-0.61262148705182129 0.5356972693844414 4.1083486610269331)
(-0.9435043491570041 0.40774643854174319 3.8891799470371069)
(-1.0131731933146557 0.17552554528358738 2.9846274519909652)
(-1.0995229402521782 -0.21909940453497903 -0.27534221909452816)
(-0.54583397557187108 0.3022743652053459 5.3973365019035455)
(-0.83365760590342508 0.16584632242801067 5.1623915962415605)
(-0.8875950111368931 -0.018351315246275854 4.0638993477945506)
(-0.98638716439777696 -0.54823486977568103 0.24000058293304177)
(-0.48956031870648059 0.081199600689984469 6.2880808330575197)
(-0.71030935753321245 -0.06619869194270217 6.0894187870710574)
(-0.73593293884346522 -0.19616340668758075 4.9059901712683915)
(-0.82634079403566374 -0.83579561511512879 0.69740569831116872)
(-0.38621324589524209 -0.018606859866389363 6.592106493743958)
(-0.5860153952542958 -0.16973030584634594 6.4621165628533381)
(-0.59197621353155583 -0.27955254215255526 5.2398966569082921)
(-0.68943371154858057 -1.0469651205603039 0.8441118480751747)
(-0.29226379850785927 -0.0853320103654467 6.7725906754243077)
(-0.48317104601667038 -0.24931102304766706 6.7176393779122696)
(-0.48874474325720807 -0.33558927229238306 5.486381445204163)
(-0.57890750943866165 -1.2099427315556361 0.9642850749712828)
(-0.20575632658568244 -0.10651669406293468 6.7589151409716983)
(-0.37817714629892296 -0.25057505822625975 6.4935828496543699)
(-0.37425841472931454 -0.34263083345434198 5.3011167842514846)
(-0.48860283966200285 -1.3338322515614187 0.86540620049977135)
(-0.19329974976869102 -0.10812696299890852 6.9595108404351187)
(-0.33739389650085461 -0.2229037394346175 6.3196206719509895)
(-0.32896155970675367 -0.32257473663659231 5.0903363352813056)
(-0.41677489131625495 -1.4223115851217292 0.83740292224926427)
(-0.22532361700699668 -0.10292311213978937 7.0311919404738932)
(-0.33215619833406196 -0.18714081672462407 6.203621475332703)
(-0.29315549424894327 -0.30271516309042906 4.7737328235610654)
(-0.39178505527610158 -1.5481430684679738 0.68844622585832205)
(-0.95491108697543581 0.45520360480212829 1.2994318443005757)
(-1.4831010759659842 0.57096001486622594 1.0118894949592667)
(-1.6129976911008164 0.40806744402141187 0.54229635562480649)
(-1.46256570106129 0.23552639705560885 -0.28392973457118625)
(-1.269902094685972 0.21727972297559056 1.9420226227903428)
(-1.7340069838956498 0.32212092030005141 1.6727661837057965)
(-1.8178002717195405 0.14491879959955167 1.2132180052508397)
(-1.7359836490187706 0.084738097397235826 0.12501921516853948)
(-1.0653687595319854 0.35138781745927911 2.4300179064918019)
(-1.4779137797808928 0.37183684023961977 2.1602521137014432)
(-1.4355638428768265 0.15502625616721313 1.6456414441870892)
(-1.1897637561127781 -0.11064237063519321 0.43394243558448631)
(-0.99041471836455375 0.29493760022748439 3.7533773178729195)
(-1.3525145024332164 0.26524092197108901 3.4943614619846648)
(-1.3723458122887178 0.069985279375053541 2.7752207611430975)
(-1.2798875507849008 -0.46198926093644244 1.1064673476380895)
(-0.94987605265776609 0.062947574535186165 5.0227556607526109)
(-1.1790914407724034 -0.016419170171411868 4.7655317566273352)
(-1.1368161946196624 -0.16442058066710349 3.8777665247988766)
(-1.0778830938283799 -0.71915662714870554 1.5925158763204044)
(-0.88014572963240534 -0.09853716765333588 6.0284393321526837)
(-1.0718438796142538 -0.18443639231187817 5.7646627145720695)
(-1.0207986119074532 -0.30039983497997214 4.7169309135282775)
(-0.99198102067224769 -0.92940464376803922 1.8855202574622834)
(-0.79782550238337757 -0.25194526557719149 6.7006888909704712)
(-0.93432869688186548 -0.34947056841000973 6.4763677488739768)
(-0.87017201116379284 -0.43005084343446009 5.3674022342384138)
(-0.86409312665991433 -1.1370702882903123 2.1394883212463118)
(-0.68035373803078003 -0.31046897577889504 6.9313269593292004)
(-0.80327436583963585 -0.40556545059762528 6.7548041294340573)
(-0.73073364540503016 -0.47246919815688004 5.6112099762761538)
(-0.75619519510445621 -1.2869209989489387 2.2077788247439645)
(-0.57089170385216037 -0.34589423768578037 7.0787585625714078)
(-0.68115992665595448 -0.44631718950145438 6.9222453569171876)
(-0.6177680379749495 -0.49641491486422429 5.7846592319691261)
(-0.64977481435641404 -1.4118372512366237 2.263381520564784)
(-0.47091089480145309 -0.35227875907558243 7.0630818619872091)
(-0.56712284306932892 -0.41224453981474063 6.7008928716949931)
(-0.5013099673636805 -0.4716068439400396 5.5750362126316162)
(-0.57122524838326905 -1.5070581019967957 2.1732157122162463)
(-0.45236315595732224 -0.33585084334274967 7.2638197789591983)
(-0.50876559382824593 -0.36718013368687769 6.5925328837616837)
(-0.44814407062442096 -0.42891634948591612 5.4271258110916731)
(-0.49566701117816958 -1.5708630545814519 2.1335006246513957)
(-0.44412260251902241 -0.33925153013600556 7.3117239830586449)
(-0.49235111927627129 -0.32605876364143027 6.5536675848468482)
(-0.40198950261849853 -0.40430354849308847 5.192049778317414)
(-0.47528496375693896 -1.6731835091249208 2.0095540018126172)
(-0.98908406309875185 0.28520791863176875 1.6235543860687649)
(-1.4000478411706678 0.35583575631150699 1.3818439275491901)
(-1.4530461599696536 0.20283212935916808 0.94811768206134583)
(-1.2408968255565567 0.10774624310179845 0.11259214627077549)
(-1.2963260929497316 0.090563122750052863 2.369750702175347)
(-1.6566762574271641 0.14401376767206125 2.1019505877030298)
(-1.6635109759614723 -0.0073597152155558719 1.6001050360014766)
(-1.5051778045293855 -0.059811193873025935 0.5623099297703873)
(-1.1841866387011968 0.1198996482800026 2.9148791931200178)
(-1.4636953057339401 0.10787814432216486 2.6334965738634604)
(-1.3573486682527678 -0.065594159195259918 2.0724224230618273)
(-1.0571138128635975 -0.18291698512345669 0.80533739250755443)
(-1.1989837202306415 -0.0034892079719597165 4.1947884677348926)
(-1.4410824013564032 -0.052879154041812558 3.920485295770785)
(-1.3493632774911783 -0.22593120148867407 3.1913090747158965)
(-1.1319991545632011 -0.54477032966084693 1.4278041068065943)
(-1.1688633655229765 -0.22214691133028722 5.3289189832282666)
(-1.3025132207462589 -0.30917095837835346 5.0621866882266424)
(-1.1636934342177396 -0.43296256845222847 4.2073659526511751)
(-0.99458515732607145 -0.85707032402461325 1.9644064283041851)
(-1.1199254730996655 -0.37429316456762685 6.2129118839856128)
(-1.2194690956471488 -0.46156418034616409 5.9418920311863666)
(-1.0633741011139759 -0.55628700114785168 4.9612036066190921)
(-0.92226702253830117 -1.1010453427629761 2.2867479810080362)
(-1.040024619535483 -0.50221166812808415 6.7973740113555321)
(-1.0937166571582226 -0.59706648630865233 6.5607786222558904)
(-0.93151365243137652 -0.65598908923403554 5.5373447078476028)
(-0.82601820400950832 -1.3261051214786992 2.5599840679127319)
(-0.9237202960166867 -0.55505085560728362 6.9981493716412118)
(-0.96619201579941916 -0.63734959582887041 6.7953557435977903)
(-0.7956981069614385 -0.67884205056440128 5.7398383054255744)
(-0.73062269750329656 -1.4896731839894457 2.6426608374334459)
(-0.81022525684312818 -0.58208151755210102 7.1436716027958544)
(-0.83742169958992874 -0.65844093117952274 6.933077847459681)
(-0.68032270255937621 -0.67928431850939808 5.8880166351986478)
(-0.63277258137631542 -1.6214550519035882 2.7075060470203032)
(-0.69921585702153422 -0.59089068684576984 7.1218413845229538)
(-0.71462053673015369 -0.61024195090520728 6.7233312137495034)
(-0.55398018397049675 -0.6342380171385098 5.6642259159993058)
(-0.55123839667305563 -1.7231277519213279 2.6259032855343349)
(-0.66532317403269658 -0.57574801310943635 7.3438710098817417)
(-0.63769735077466105 -0.55691233541377938 6.6718008906770958)
(-0.48997178723565593 -0.57498051514403625 5.5705132056289033)
(-0.4709110434249914 -1.7863532852363806 2.5894784388242296)
(-0.61008144036091283 -0.58484772082169401 7.3405973768938466)
(-0.59392451411764124 -0.51269939532708286 6.6500066195825678)
(-0.42117540944736553 -0.54006506773763352 5.3194772371841816)
(-0.43763158357410592 -1.8814663432740368 2.4530442027339507)
(-1.2496149241618952 -0.27807298364977084 3.4927406328788662)
(-1.5000394078803492 -0.29708285091997799 3.3480728243884581)
(-1.4610904571013965 -0.49355021767746204 3.095248367251819)
(-1.2766876392088362 -0.62924563494477048 2.4911677558795642)
(-1.5575621130942208 -0.46624103914528808 4.2989884786561348)
(-1.7578798895605354 -0.51237636044045332 4.1105317010329641)
(-1.657386932172064 -0.72771935097823159 3.7860674765584967)
(-1.499611280309701 -0.91382513689253131 3.2189521823807223)
(-1.4019770125277582 -0.39626876159642788 4.546921011648287)
(-1.5432774671618654 -0.46658187310801141 4.3393705160446796)
(-1.3224850734170146 -0.67439492075069052 3.951978794680842)
(-1.0343651560673017 -0.92235052433000708 3.1749148665841651)
(-1.4262533881209891 -0.44708448158955699 5.5276016845028577)
(-1.5462544536942304 -0.53351862384600168 5.3114313055097453)
(-1.3353662755647016 -0.71726379764821113 4.7549470654092785)
(-1.0999371448751192 -1.1199569993341558 3.5260713461121385)
(-1.3873251065843759 -0.61415366402329896 6.4277301407918701)
(-1.4267798373173088 -0.71512073828927303 6.2103307071986018)
(-1.1860852415031007 -0.84175016816367354 5.533465623740339)
(-0.98425851014211585 -1.3434235764470719 3.8767441292119855)
(-1.3348539090613432 -0.72513585669249703 7.1474883967582601)
(-1.3458476134356132 -0.81190199345489444 6.9189630816115155)
(-1.0892765877523214 -0.90160140647746367 6.1277021598487469)
(-0.91635735861020851 -1.5170555444504263 4.1116003970871073)
(-1.2535997024499714 -0.82022762672646488 7.6297227247735169)
(-1.226565778645526 -0.90373818822054253 7.4208193439252597)
(-0.97127823579201467 -0.95220402518756042 6.5835923627959057)
(-0.83027158566700388 -1.6959941646025274 4.3081444419517823)
(-1.1324525936802556 -0.85857262780524757 7.8022221114237622)
(-1.0976308770668932 -0.91317755630911379 7.6128631804230196)
(-0.83671182133258371 -0.93972534488362336 6.7437441038244677)
(-0.74217803657488568 -1.8259210170460782 4.3776500376006684)
(-1.0158884808115221 -0.86913033067414847 7.9364420869442771)
(-0.96232326323191753 -0.90928172859750012 7.7251974819710094)
(-0.72091564785271334 -0.90717924908817404 6.8591878927086123)
(-0.64654626471573851 -1.9318062108884893 4.4271496065516809)
(-0.88826237135374264 -0.87699466162653883 7.9048348744481132)
(-0.8318063561932183 -0.84317837221241054 7.5470876651003493)
(-0.58534630685836053 -0.84021476145864515 6.6614898736892467)
(-0.56476320778587141 -2.0124895260757065 4.3702428716589647)
(-0.84879975721856815 -0.84516075669922486 8.1310726039418544)
(-0.73802906877958185 -0.77487849441880063 7.5391533654120995)
(-0.51395102399151416 -0.75439196596419744 6.615979445985829)
(-0.47861233177454082 -2.0491183301795033 4.3458020373270916)
(-0.71629074183751051 -0.86386574367900748 8.0438334663052746)
(-0.65619853735634193 -0.71965653053424472 7.5023538714821933)
(-0.40556622441633189 -0.70018750575368749 6.3640002221849139)
(-0.42470049349245687 -2.1163212491951517 4.2283016810110681)
(-1.2632052467277941 -0.46456032477343295 3.9283781767962456)
(-1.4168517752679279 -0.52789752729418238 3.8286524886881979)
(-1.3311383672064463 -0.71756981884287818 3.6208077002826564)
(-1.1645635402972769 -0.80972315610005197 2.9828944024545545)
(-1.5500803060572013 -0.64564396447529016 4.789923545609633)
(-1.6472639446975037 -0.73681664798579016 4.6373248821462694)
(-1.4893921281782374 -0.94330389690207039 4.3490085131973792)
(-1.3360869713333294 -1.0981564899050889 3.7819413977276128)
(-1.4318814454790845 -0.6281751148723157 5.1140499774431918)
(-1.4653865579994274 -0.73930145606568709 4.9461453437869229)
(-1.181274298780346 -0.93874017582226177 4.6050623923775627)
(-0.89859499770943707 -1.1469050679319313 3.8030132899289253)
(-1.5033744448095556 -0.68212598549826664 6.0556631373494341)
(-1.5195075245569409 -0.80599002078851456 5.8768543849701711)
(-1.2356431340905514 -0.98545527998195681 5.387867242891236)
(-0.98370307898889686 -1.3483111969089492 4.1652660408022344)
(-1.4784414986814343 -0.83207261009438305 6.8967931038985339)
(-1.4327316139789279 -0.9600843208469011 6.717271962313391)
(-1.1260777577511569 -1.0849160180897384 6.1281435626782805)
(-0.90312732456830835 -1.5619278273703008 4.525184005192326)
(-1.4391067274713676 -0.93431216727546795 7.5668663424293179)
(-1.3681634255888897 -1.039577289825693 7.3722289419996256)
(-1.0445576109337484 -1.1257680497807308 6.6855508584865513)
(-0.84948235297722807 -1.7343026477381613 4.7795837659837597)
(-1.3630268455048884 -1.0119410805089857 8.0185916592639241)
(-1.2619880870082711 -1.1052405447623717 7.8348463752461486)
(-0.94169706161784328 -1.1463797722865128 7.1065637528811321)
(-0.77778243413323844 -1.9009274023641558 4.9880216708712162)
(-1.2464078686096181 -1.0468227183886014 8.1905186292025292)
(-1.139409646394318 -1.1004647409622408 8.0180906531210994)
(-0.81384923935842923 -1.1143735680358291 7.2599429889518401)
(-0.69905822062074985 -2.0279723823706481 5.079669410286515)
(-1.1293848330484606 -1.0490879690953983 8.3350859976829668)
(-1.0044691032061368 -1.0796304534106673 8.1331044981027052)
(-0.70017441579156992 -1.0569179116122218 7.3724913293598675)
(-0.60899003008830876 -2.1248534327304371 5.1473140545668032)
(-0.993208865493451 -1.0549644176250603 8.2874439180818218)
(-0.87085251971290178 -1.002996176026933 7.9730364469107862)
(-0.5607222122412211 -0.97167295852387259 7.1882174444830325)
(-0.52771370959471908 -2.2000277029821613 5.1097244549057983)
(-0.95031378755870832 -1.0199835134751252 8.5594040701500642)
(-0.76865701234738271 -0.92558541486461565 8.0107995938312797)
(-0.48425550024862102 -0.86673932782599328 7.1893984068020114)
(-0.4399321179929912 -2.2244849804586422 5.1065820649968927)
(-0.75498336572587965 -1.0348169802556939 8.3550971834503454)
(-0.64803891471350217 -0.8597656659917845 7.9302535230078472)
(-0.34074737764443985 -0.79136849787448482 6.8911941593877168)
(-0.36435584636390561 -2.2749769005152158 4.9860770536635064)
(-1.7309662652645808 -1.0589629928290489 6.3402676570191048)
(-1.726253226092693 -1.247760409589971 6.3332178039740361)
(-1.5201550968832747 -1.5087805120377353 6.2438967012843269)
(-1.2955161459932123 -1.5881351184749375 5.5205288397057615)
(-2.0410474715349061 -1.2994960170846939 7.4028076163717795)
(-1.9607619189066883 -1.5203459905285932 7.3212407640467525)
(-1.657668256802681 -1.8076710283181237 7.1588202628853654)
(-1.4326862982475823 -2.0374073723005885 6.7606202824052319)
(-1.8175706631482713 -1.1994976277429139 7.319832173341327)
(-1.7083088018936445 -1.3978079500652616 7.2249768410831727)
(-1.2961904225399494 -1.6559046685414276 7.0215904802549192)
(-0.96766336360410632 -1.9441301540912168 6.4068342976095902)
(-1.8538299097435664 -1.1979364317090746 8.0498934032120104)
(-1.7348113910025114 -1.3858553446713857 7.9423922954843968)
(-1.324710686825022 -1.6085536525298694 7.6238070711103569)
(-1.0326285139306348 -2.0603595712545069 6.6706839628644916)
(-1.8022509557247155 -1.2975074721542827 8.7261167591354116)
(-1.6449653365217971 -1.4677769761801398 8.6159554172738755)
(-1.2226328902077268 -1.6287388475566691 8.2142447376200831)
(-0.96107554864563005 -2.2168634690603679 6.9506884086670766)
(-1.7338338368465211 -1.3625929416500906 9.2794804076433515)
(-1.5589051412023951 -1.48984793726364 9.1506538684451719)
(-1.1253334206708649 -1.6010817096027461 8.668034795972094)
(-0.90124865334055015 -2.3355520638300598 7.1620002804173808)
(-1.640069354866325 -1.4071833391661104 9.6635366989533491)
(-1.4437571425063962 -1.506907325687022 9.5372042686843379)
(-1.0180637713127123 -1.5622068794151498 9.0123356021237075)
(-0.82704222567202812 -2.4569558625923817 7.3365272263360621)
(-1.5084712950212007 -1.425130248840077 9.8289557363946791)
(-1.3103080968738736 -1.4652675740618379 9.7050216393254267)
(-0.88170267347001519 -1.4853346438809609 9.1541833051850254)
(-0.74559926903953988 -2.5464588693308476 7.4291796573017264)
(-1.3768266828918618 -1.4032783860875782 9.9727755047445203)
(-1.1625990522383398 -1.4105845025785591 9.8204091850449107)
(-0.75976724972248411 -1.3810001947194668 9.2580527719730057)
(-0.64967271361147405 -2.6060292485294139 7.501928054782498)
(-1.2187145543448938 -1.4027980277047813 9.924327368898517)
(-1.0167503765761332 -1.3099937564823729 9.7042261668627674)
(-0.60700989196382349 -1.2670549242213585 9.1273439878525426)
(-0.56171329144422633 -2.650137067452198 7.4917749270372402)
(-1.1669602419735345 -1.3349456406375904 10.216332754291763)
(-0.89837407981662676 -1.2007680210461742 9.7830332238650115)
(-0.520261915851566 -1.1171635058041198 9.1681239600503392)
(-0.46245298219734438 -2.631040345078 7.5144914327757659)
(-0.88265997017247722 -1.3635522087353136 9.9499044807188763)
(-0.72120112268322922 -1.1168026734385941 9.6803443499469637)
(-0.32411752892768519 -1.0227541145689714 8.8959447089414674)
(-0.35388520419934083 -2.6480539090970692 7.430553248474042)
(-1.9677565986719321 -1.2707118932185903 7.3296518527231989)
(-1.8746010621631704 -1.537703709302332 7.367566860300979)
(-1.6196487500346206 -1.8401982163456663 7.3502273057466558)
(-1.3873825177748746 -1.9203675888235663 6.5763471744753552)
(-2.2342198044877906 -1.5010840163445931 8.3777684154211336)
(-2.0586108664522818 -1.792147682084051 8.3296514868269611)
(-1.6948379693760605 -2.1106120828389727 8.2266546678895924)
(-1.4622094214937231 -2.3681966334479618 7.8665205062957932)
(-2.0122668518739446 -1.43759684343828 8.3737109909191947)
(-1.8075947535138963 -1.6968624992342027 8.3203641755405187)
(-1.3353533574131653 -1.9809890354879078 8.1907247856607306)
(-0.99505670009082248 -2.281449499950416 7.5226483440426986)
(-2.0437184046972412 -1.4329116470131031 9.06468374991125)
(-1.8275751532662108 -1.6735577725349531 9.0003087601430813)
(-1.3529146340406597 -1.9162758951074288 8.7752783123213263)
(-1.0479718066832409 -2.3879278328107771 7.7834555745910938)
(-1.9826296308096827 -1.5172267850193617 9.7125273981777998)
(-1.7405593592993083 -1.7276852023920433 9.6466114499002664)
(-1.2560494235709485 -1.9060456811927149 9.3516019292504335)
(-0.98255272048022591 -2.5339087131481071 8.0784870819666796)
(-1.90303475260134 -1.5708218040287221 10.243370142663061)
(-1.6458249256014403 -1.7278207184328935 10.156383563039309)
(-1.15210728731423 -1.8505786243087639 9.7935325762610805)
(-0.9199692740771227 -2.6462579325061975 8.311204338842261)
(-1.7958464373290992 -1.598408882443402 10.615606451552722)
(-1.5241141272054457 -1.7158797368707308 10.52783231500959)
(-1.0390056309708311 -1.7762020715078377 10.124722315042764)
(-0.84328946188033138 -2.752309043016659 8.5044816672138719)
(-1.6579158655064117 -1.6070468561070959 10.80071160722258)
(-1.3847062498511404 -1.6541597193160478 10.707363633016996)
(-0.89821110399390569 -1.6727173527365453 10.282330195168061)
(-0.75931243228678047 -2.8314593900386305 8.6246506143085284)
(-1.5130623102150138 -1.5716310602533257 10.957485052968531)
(-1.2287241407952663 -1.5757567791629319 10.837058379085281)
(-0.7681064761516303 -1.5364588988898591 10.394545756745384)
(-0.65905031635792866 -2.8746965129113473 8.724030541872537)
(-1.3442928674881212 -1.5618536198465909 10.914072057716487)
(-1.0734427228877919 -1.4597055042295697 10.752198055655883)
(-0.6071342191153617 -1.4008769416926217 10.302080345628738)
(-0.56404386609688262 -2.9042406197037853 8.7390077131914019)
(-1.2791518250926182 -1.480413834711602 11.251505570217132)
(-0.94568313766601098 -1.3322612972326164 10.875883286926257)
(-0.50979698111908678 -1.2230858444773922 10.379360694028479)
(-0.4559892026090312 -2.8626089255527405 8.796381276198046)
(-0.93630891858965648 -1.5066886932588122 10.899691250595241)
(-0.7236563108263826 -1.2347961612623128 10.747544813290562)
(-0.28185366819598479 -1.1149089703729096 10.12386375017592)
(-0.32172795364482121 -2.8558290610308408 8.7292988822827127)
(-3.0030342022555381 -2.2125204712020912 11.789855984293073)
(-2.6855655516553689 -2.7021245409243639 11.92224838128716)
(-2.2108010428754161 -3.1636944142531545 12.014207488851351)
(-1.835510656097973 -3.2413985438216231 10.932945032595995)
(-3.3098712318413259 -2.5612297944324358 13.205378057920846)
(-2.8686494821220481 -3.0691717786030943 13.19815727099572)
(-2.2317241564872536 -3.539562452956198 13.169444196095025)
(-1.8474414127993073 -3.9309665904744509 12.889540968658711)
(-2.8511959765782606 -2.3181230195919067 12.42098842748053)
(-2.4399354048963664 -2.7241943153882282 12.409121858977763)
(-1.7334765355910513 -3.1232437666826991 12.375703573196946)
(-1.2789119771298034 -3.5977607799989419 11.826024578446948)
(-2.7879415101667222 -2.2519144435505356 12.945922739778245)
(-2.3732832354250144 -2.605348227648113 12.928102938778347)
(-1.6760629383687335 -2.9383438381854941 12.8342895886161)
(-1.2772578270695369 -3.6192710630150251 12.017473915692554)
(-2.6559101769894635 -2.2759164493394928 13.446031363622673)
(-2.2361843004229986 -2.5671102078833101 13.429212817772406)
(-1.5424554777439614 -2.8196577179437563 13.285513813122801)
(-1.1896206934771536 -3.6976627101387742 12.249330763809631)
(-2.5048584669174323 -2.2763116816015585 13.88064573216135)
(-2.0819393502407166 -2.4837300099031858 13.842244931830622)
(-1.3925565920206526 -2.6632851651553171 13.651305137300731)
(-1.0983691899080341 -3.7401274098085198 12.453442610092011)
(-2.3392740849483635 -2.2532056568837042 14.178710234170367)
(-1.9138570448291425 -2.3951103628686394 14.1412875007239)
(-1.2430149245278965 -2.4957714505910147 13.916443240358738)
(-0.99649153172515181 -3.7778256051756567 12.618494653169854)
(-2.1558391898903415 -2.2272055328778997 14.370247037893776)
(-1.7347496855266238 -2.2692479530767451 14.315332892144616)
(-1.0705402662854115 -2.3155206277968614 14.076284728037603)
(-0.89010599828164194 -3.7925286563336171 12.743402745872872)
(-1.9626556637739032 -2.1428575526685707 14.503108802905265)
(-1.5392986498202426 -2.1244128748062541 14.43649320026431)
(-0.90954088781543496 -2.0974074148259136 14.176401837371262)
(-0.76552613717718976 -3.7643494881014514 12.844148096697833)
(-1.7543503722419467 -2.117811541181295 14.514889405578666)
(-1.3489335555802753 -1.9609883169534483 14.411247065505547)
(-0.7175537106811436 -1.9089096282749387 14.155808691300388)
(-0.64587135863995349 -3.7302456843867389 12.888268313972693)
(-1.6478396110482387 -1.9615448172769552 14.794028966542825)
(-1.1853265087269349 -1.763804255318127 14.544457077066422)
(-0.59405373022978636 -1.6467426368902709 14.231904012416713)
(-0.51047606283094593 -3.5977964015758541 12.966310073032265)
(-1.1886441954493099 -2.0208784891652161 14.51507182498792)
(-0.87960098735797576 -1.6404727435517088 14.468434804866853)
(-0.29985275370638054 -1.5206947651277865 14.100912621917352)
(-0.32376715332685491 -3.5252271004825775 12.94578771963041)
(-3.7727003920590718 -2.6755868277452728 14.513517510927189)
(-3.32177515681663 -3.3322588792715906 14.68771601888986)
(-2.7417616120262243 -3.9208625241304951 14.863204269015311)
(-2.3205552471583504 -4.0822208186271007 13.70115590816636)
(-3.9612892117367022 -2.9958721642174257 15.797120952539364)
(-3.3766506600638873 -3.6412708902728657 15.803844727014862)
(-2.6028588442024652 -4.2043553415103183 15.809635923193287)
(-2.1753622784734219 -4.7340599442212632 15.586575477268974)
(-3.4088814199357116 -2.7300760892879312 14.911757741981464)
(-2.8598549980107042 -3.2475260052063635 14.924228601208002)
(-2.0319542272378737 -3.7186309460862996 14.951600886327833)
(-1.5439335297606345 -4.3626000309192552 14.415175331397503)
(-3.2747880112131171 -2.6417976936174878 15.373503481983292)
(-2.7249619119935318 -3.0869944681102499 15.377821595608067)
(-1.9096107220196417 -3.4736450886221339 15.357164498233976)
(-1.4849467005387831 -4.3455789977438295 14.53053811046653)
(-3.080266594606115 -2.6314411239362414 15.819301053783379)
(-2.535915977291582 -2.9926824765517432 15.82378233067697)
(-1.7320741171866498 -3.2853807448667056 15.761486505080518)
(-1.3666623626484564 -4.388686526373375 14.73506601194204)
(-2.8767960148727023 -2.6018517896277653 16.225729987231567)
(-2.3336255241644484 -2.8638494701876134 16.202293086446737)
(-1.542323159556126 -3.0707912670379276 16.101328731942885)
(-1.2439285270599623 -4.4040047362763941 14.931408745651288)
(-2.6571361089475714 -2.5429049901163294 16.483619685984994)
(-2.1209887077002532 -2.721013986048944 16.462028810214381)
(-1.3539053420847742 -2.8406941959936671 16.330064157135059)
(-1.1144529029677781 -4.4050170306512237 15.086016758942842)
(-2.4361276941898127 -2.4887749864631119 16.694454825731295)
(-1.9055605430599938 -2.5546512478056753 16.638883219964946)
(-1.1529564608745275 -2.610325233991678 16.495928295289527)
(-0.98139717288381656 -4.3867392818978308 15.217952283206657)
(-2.1970218475582861 -2.3723033373053752 16.794459996247902)
(-1.675387780604755 -2.3630722006429403 16.742139236323034)
(-0.95944793468733347 -2.3417367702560017 16.575972795832925)
(-0.83301385354602941 -4.3190145635535702 15.31864682724696)
(-1.9645913399428276 -2.3256357668253367 16.86746792150462)
(-1.4554866016271164 -2.1699566142179538 16.751403653769238)
(-0.74519787831493534 -2.1164479259249447 16.59618946384013)
(-0.68442023514097339 -4.2439213633171526 15.375268208664243)
(-1.8009879649416531 -2.1351949459344501 17.070999121470741)
(-1.2569095610641989 -1.9357797254004261 16.87646531003211)
(-0.58665864597716033 -1.8131693209503332 16.645560155296149)
(-0.52360639710001966 -4.0588608775427293 15.468488012284251)
(-1.2916147226478341 -2.190104611394462 16.852346054467695)
(-0.90483057225336672 -1.7993455185907923 16.856993780565514)
(-0.27000602276977231 -1.6737185398268493 16.61927356054068)
(-0.29878576887709168 -3.9295871645747349 15.45419435220753)
(-6.4896471140422953 -4.9070188746822367 25.575778575612155)
(-5.5894715475892207 -6.0643669913171996 25.867612269424168)
(-4.4681815065650099 -7.0482505192557721 26.133431363744517)
(-3.6843017283274153 -7.2794185739796875 24.216211751547011)
(-6.7450018228703446 -5.5436892558001212 27.722119370240559)
(-5.5901838890541189 -6.6690486324760814 27.707276795789237)
(-4.095890141913257 -7.5862944451942909 27.649803680243906)
(-3.2693669447011526 -8.5034891336815033 27.469313515884185)
(-5.6099578315891678 -4.8788249899751328 24.993247243412952)
(-4.6124541886966153 -5.7177028167166286 24.960608201102676)
(-3.1638594310719506 -6.4428618906604056 24.93690032364707)
(-2.4023789683422252 -7.7502630691319627 24.876380774926702)
(-5.2557043818795162 -4.6888616167450516 25.236712917233181)
(-4.2712847382929127 -5.3846875008414123 25.188203061745533)
(-2.8581474712810766 -5.969457687386134 25.131472031299815)
(-2.194420598555971 -7.5780787753310808 24.760985943410347)
(-4.8826679219055737 -4.5695899117318293 25.414421668323453)
(-3.9298841935250475 -5.1180198350496937 25.367514170691749)
(-2.5554115220024052 -5.5683991619484576 25.281268538849265)
(-1.9862723868788617 -7.48963251865485 24.757809196899917)
(-4.5089721602690886 -4.4400055831020584 25.66041948236353)
(-3.5786803397814859 -4.8241844652830501 25.574790638637417)
(-2.2441163312815076 -5.1506812018225299 25.461319675767747)
(-1.7748322570560668 -7.3624754436954909 24.814088436788772)
(-4.1331654814115382 -4.2729051456961917 25.730313962459533)
(-3.2306679120659032 -4.5182980808057396 25.655858021544763)
(-1.946195655108977 -4.7231561520224759 25.514902805671227)
(-1.5632038592934092 -7.2124134366184363 24.820752154746081)
(-3.780537456307675 -4.14086544637264 25.893766591815957)
(-2.8966974243178569 -4.206821511329542 25.755324227570199)
(-1.6475607428918579 -4.322385250025504 25.608007383371181)
(-1.3523255178345237 -7.0418223119244558 24.865597616484472)
(-3.3976341463020634 -3.9020091073915033 25.82343666993)
(-2.5408774829682725 -3.854619499316811 25.734692199287302)
(-1.3533245801933003 -3.8665351685291127 25.554625596740941)
(-1.1190767561311112 -6.7913372695961023 24.848331978960331)
(-3.0519846221421014 -3.8272515645188077 26.016207988297246)
(-2.2146118005199682 -3.5434921901970551 25.77216800590913)
(-1.0496764087215078 -3.5179695517138012 25.617147817930856)
(-0.89202079482259045 -6.5460828309490839 24.892030939434395)
(-2.758913783382976 -3.4356415699458749 25.837582753436099)
(-1.8964524728698537 -3.1183782751253433 25.721209853925199)
(-0.80870399588313135 -3.0073638303995747 25.469073791303884)
(-0.64879027567960379 -6.1045960406968947 24.847518510874409)
(-2.0078296519011443 -3.6137836387686684 26.15131053316091)
(-1.3515717519880606 -2.9408807539208994 25.897538154135322)
(-0.33822050939715048 -2.8395661272673527 25.713608732888247)
(-0.29330820798022283 -5.8050185254264113 24.953251617945558)
(0.17911095062665289 -0.95459023782365293 31.113445727107766)
(0.13522968236938676 0.14385703389480378 31.321497639397688)
(0.10091056107986247 0.32155595456728636 31.541209128562155)
(0.097766360484171547 0.26080637012603525 30.955283327718295)
(0.18935411442312466 -1.4933340026670856 31.499123346913411)
(0.15048514899620155 0.12132035105434745 31.896697790139655)
(0.15136947837772741 0.18681453512399648 32.024587174820873)
(0.18006718813989447 0.20917556958575995 31.905732031515292)
(0.14287248483157416 -2.0468519897902682 31.434855271438852)
(0.10491372750263861 -0.0070812563081970236 31.947880052237124)
(0.10333654756636224 -0.034683182887198953 32.162796000503235)
(0.13343378718690141 -0.0075749515720982914 32.119517111833943)
(0.035216167525187601 -2.3920665987431371 31.146935826889461)
(-0.012798373978125964 -0.043101273829107403 31.635854252289601)
(-0.042257521554628134 -0.18958397262809956 31.99922070172774)
(-0.045565413068295674 -0.093806596518737642 31.63356603332614)
(0.13637892325018622 -1.0003238522159641 28.720656827306819)
(0.094129037354242218 0.087194775786066492 28.742920177377698)
(0.04864412117774785 0.23243434871946778 28.926680291309044)
(0.061539791005643163 0.1763344862959435 28.091805722653511)
(0.16556889950650641 -1.3360194341195952 29.297210527139615)
(0.13811432485979896 0.16324311952969564 29.571494987357809)
(0.14420939748947315 0.24366444438865828 29.68832415969873)
(0.17643425298081958 0.25227697092507861 29.438388152124805)
(0.12740479580289801 -1.8389473838284871 29.216092415996517)
(0.1072374810598391 0.0075334491970945414 29.646273463197325)
(0.11457478422875188 0.024512906052447426 29.87718795428183)
(0.15296077298117081 0.034466220593510899 29.704261906262488)
(0.0092441207889397293 -2.0466688509905593 28.857697331492218)
(-0.035041506525808348 0.036496939885672153 29.159775891159988)
(-0.081137091445530968 -0.026537552632530968 29.492573451222537)
(-0.06823459638682787 0.034763615997546897 28.895165774972781)
(0.10075480510694047 -1.2053671002956567 29.344723247736965)
(0.12583542887725144 -0.16148263615142514 29.149552695704813)
(0.14951892586402707 0.013245789168710073 29.254478195346763)
(0.25159696981791463 -0.10351007980622728 28.301216886317651)
(0.14617870867185201 -1.2161660591675887 30.019566742563828)
(0.18011289237670222 0.15488246950245194 30.131982756538008)
(0.26474994170225158 0.25274445146833674 30.250548142653304)
(0.35134675862268949 0.24379353860052463 30.010279069616967)
(0.11557962276054269 -1.469658358843273 29.978472713179222)
(0.1619456066760217 0.17823493739119387 30.256134742300972)
(0.2512760305017207 0.22164869197253578 30.520196897705866)
(0.34885567214204694 0.19715024711560239 30.356937897150083)
(-0.011348958257808468 -1.4363467644234977 29.679266791026844)
(0.010903959555607422 0.40321038958408795 29.713804548633718)
(0.03718516092020558 0.35102124451380212 29.989703266802458)
(0.13798509076633378 0.4024392417795844 29.278027259024846)
(-0.096877645594046088 -0.75467592777154202 29.683962778555308)
(-0.27984519259041818 0.166278492849944 29.000353117455266)
(-0.5287567696015345 0.43924647037305498 29.04041649012597)
(-0.48882840167852865 0.56718661516032265 28.037927290841324)
(0.044214573456788211 -0.8961466851191241 30.246248840613344)
(-0.027816294980882197 0.35005441243238222 29.964861964740003)
(-0.088517767596004507 0.49206530595527592 30.145331130242742)
(0.014747985778749424 0.54410767649228486 30.063017668445312)
(0.013310525612799235 -1.6202542032851333 30.291052946938198)
(-0.040087444429300172 -0.061277802190514284 30.164475762420174)
(-0.087709729952927792 -0.088996411775990394 30.544205657600212)
(0.026705940620353762 -0.20568874690288297 30.542093150794585)
(-0.20709502808804711 -1.7364595674849121 30.48981514938993)
(-0.38991454792817726 -0.01124037371407971 29.908163891889654)
(-0.63584498775242915 -0.18722550772729038 30.162699522126371)
(-0.60378348860506104 -0.38646283276698201 29.409508065431496)
(-1.1068070232680103 -0.03661170078191249 32.566927903083837)
(-0.87231783707923027 -0.27284279110515552 31.904068835244548)
(-0.65155388786668644 -0.37331698263316976 30.786808164466755)
(-0.49319996207253441 -0.43005784498758032 29.803962682684723)
(-0.79979778435676019 0.037640668433327383 33.764073988277715)
(-0.60276026071755251 -0.23003196965075268 33.18398552718179)
(-0.47630181850075926 -0.31212832871690088 33.068311032978322)
(-0.38483005745148352 -0.37545577531073904 32.962304887295971)
(-0.46479897777676582 0.2806194734097418 31.227776937940256)
(-0.3204429356834223 -0.078788647814808405 30.834223075227683)
(-0.26273947156919825 -0.11476799498810548 30.775126098617431)
(-0.23582680433495451 -0.16300974776863336 30.772476542342062)
(-0.29324437486384841 0.34964186985458412 31.144689083520099)
(-0.16359008658599136 -0.064548895339315626 30.951807241827357)
(-0.14066984130906604 -0.064142187821353475 30.8929449989541)
(-0.16932684300977399 -0.11301417931222972 30.946796972236974)
(-0.22476452000330183 0.43157065759718521 31.068872268194745)
(-0.12153299745062236 -0.02996015489293747 30.932385461629885)
(-0.14121555353128681 -0.018144358435968292 30.874398383514933)
(-0.20301493169066831 -0.081113002392010719 30.933817122115435)
(-0.14237023090349488 0.45989783343814011 31.182279102965488)
(-0.061154593471386055 -0.025062770104084073 31.111643492116684)
(-0.11295953693571899 0.0077964677180710398 31.048151876003608)
(-0.20211909900498592 -0.0681649262717135 31.173794079295082)
(-0.046562433916202135 0.47024411761331175 31.153667384057044)
(0.009915461924735228 0.0028731079598638912 31.118714650224476)
(-0.076227729829865157 0.056276461162189199 31.064092994189387)
(-0.19301639748904587 -0.024113271846643265 31.170055626443315)
(0.07797368461258837 0.41819587423257026 31.281836557586026)
(0.09944882232997794 0.014976163947013224 31.312097552290375)
(-0.012060761918081623 0.10001313583888372 31.232843515927044)
(-0.14868197109542747 0.0078604827769759925 31.416265324217932)
(0.20745359638256791 0.31646070174935176 31.226625368694073)
(0.19890183852508614 0.049012768553619641 31.276284447714644)
(0.064110825130625507 0.15750899544220551 31.238154579304585)
(-0.086205089068676369 0.076424342515941282 31.286224496636741)
(0.34733425406971308 0.11435942241881118 31.445234295317501)
(0.27605397055509173 0.046457421301331757 31.56119174986247)
(0.12935451926587913 0.19321660195773166 31.482698177878738)
(-0.03411787520199807 0.087521539340073284 31.663973765296905)
(0.46966635437536519 -0.14109420979922277 31.299564434024607)
(0.36656747071100099 0.095966343748092126 31.362173017066002)
(0.21208025954317539 0.25222392875242117 31.42688937259577)
(0.072746673155077823 0.18188926449239393 31.211894428443898)
(0.59257190919286973 -0.56146729465225964 31.651967796454379)
(0.38625200919711083 0.049667939301607657 31.981955846077167)
(0.24397618892481945 0.25363044771041182 31.982117965896943)
(0.079820361992044161 0.12869754441173969 32.101282287603638)
(-0.90039558553452259 -0.079285545957155229 28.412979329763544)
(-0.77926603284042961 -0.24826311590650457 27.603459374168345)
(-0.59434389565624191 -0.32572981088710323 26.557985370418244)
(-0.3764289844066126 -0.32239064149696883 25.465281062349764)
(-0.58605542976498637 0.0076186322486724353 30.361356565114253)
(-0.50906063203601104 -0.17367764687033085 29.566539766343723)
(-0.42073204446172924 -0.2369867289512407 29.267580368739207)
(-0.26639785452355269 -0.24012773271106486 28.824300232404955)
(-0.33566851623419053 0.14822068574039871 27.92618170969261)
(-0.27359670047295126 -0.091154135343782083 27.197009733395788)
(-0.22806200685907904 -0.10724935574235341 26.964381241467631)
(-0.12817384275441482 -0.087991706809940409 26.591605704734448)
(-0.19275089504494397 0.19803908248031615 27.971563632902747)
(-0.13984167798165767 -0.065993076700446976 27.5351610322925)
(-0.12488002256506248 -0.051252843465663785 27.320570555603471)
(-0.072094927524572472 -0.03031645373659143 27.034752239733645)
(-0.13001668621535617 0.22726063177702363 28.008154327198749)
(-0.091197358574572188 -0.05308087861831038 27.643793324681464)
(-0.10880404715340082 -0.027895335760438671 27.430377291718681)
(-0.079464412797813591 -0.015085884018814838 27.143268187643766)
(-0.065470751302741242 0.23712155137780805 28.29761703639565)
(-0.041888938524493692 -0.041208439256246517 28.019367261647709)
(-0.086573372185838909 -0.0017908280494583946 27.809406794876843)
(-0.082861738257211479 -0.00031710037333428873 27.599634655102388)
(0.014565760542505775 0.21865553002592378 28.406766909974362)
(0.022285595207547554 -0.025230974683364729 28.167001233419473)
(-0.049068805949695107 0.029597346534952346 27.972400041611568)
(-0.064958244285621469 0.025340295951169503 27.745178594699169)
(0.11368635670153419 0.16030296691442938 28.669697302158959)
(0.096513820572556572 -0.0096518104625515719 28.509174611342591)
(0.0045131378069177917 0.066621496157579785 28.299720904470718)
(-0.030270893489734357 0.052842399874663076 28.153513637895674)
(0.21813646394499756 0.051599912750568924 28.736971321575641)
(0.17764267832810396 0.01195390609173449 28.596299272438912)
(0.069033185710028602 0.10618773285089265 28.439101069734129)
(0.024186863895702834 0.09604928699273331 28.169255717426136)
(0.32744796220125977 -0.13002627729647326 29.057062182665607)
(0.2400363572109224 0.014177863258528099 28.99480522287385)
(0.11951482971447414 0.1318469238180012 28.812017594493728)
(0.061936852709466229 0.10328457035486571 28.674299947476971)
(0.4161005437560551 -0.36590246013017913 29.012333773303133)
(0.3034781102844234 0.043626858773644847 28.884600639192996)
(0.18852477962297967 0.17249314898137308 28.853925772726992)
(0.1536245269618722 0.15975312199773631 28.352571388564005)
(0.46921529613146928 -0.711824479922466 29.291812466323979)
(0.27470590661702193 0.0030576494284771704 29.593706160948404)
(0.13599328191934451 0.15282085559788436 29.534721070087596)
(0.061508350949169906 0.099317793415688208 29.34641631328854)
(-0.76074903140746297 -0.050164305981621936 30.055892595987121)
(-0.66022634616621956 -0.22444226994855759 28.996018727315576)
(-0.48696585204443493 -0.29842644176394628 27.672315914425035)
(-0.27807612958189104 -0.26270676383152602 26.229320314909106)
(-0.48102540845178077 -0.022128654194226431 31.888520047955513)
(-0.41846054480094985 -0.18785671774926954 30.806867662506615)
(-0.3199243715308791 -0.248245833799973 30.16212986541877)
(-0.16634504990877741 -0.21031089119471824 29.250084541949619)
(-0.27859115129152467 -0.0075738602003756232 29.48439236897741)
(-0.22754418839530621 -0.19833586376729698 28.389098128384205)
(-0.15529327312713881 -0.21037864880741017 27.818136944836713)
(-0.033608734771557257 -0.13186991266167489 26.972314284271157)
(-0.14633381251436289 -0.064537412957491061 29.434437597604923)
(-0.090752087117429422 -0.24775319337817223 28.670209348247891)
(-0.031013671329150751 -0.21210990304708782 28.176544484121234)
(0.047715963173496405 -0.12185429439829351 27.509657540042969)
(-0.081468751210654347 -0.12073665977169507 29.3389895158986)
(-0.037387644918497255 -0.28452330750501931 28.673633749948056)
(0.0010622935304970996 -0.23263554254369492 28.195010396047)
(0.065593231859168113 -0.14175794208824558 27.54343427990359)
(-0.020989476963218366 -0.18016868989882442 29.572560106303484)
(0.012149162757391705 -0.31192632695456712 29.007325934112121)
(0.034341413513723128 -0.23784940371990212 28.557766984430202)
(0.077803367477066926 -0.15838934992745465 28.018393729624197)
(0.050822712531963028 -0.24773240082178102 29.620087609681004)
(0.072034925380690368 -0.3195832870456477 29.113931250425537)
(0.075751035817850865 -0.22931178753169182 28.691899133253273)
(0.10520895848179029 -0.15573205696832329 28.15794339209447)
(0.13380103237703511 -0.34094556886896199 29.838734313605578)
(0.13112225920260798 -0.32479854178235512 29.424477249815602)
(0.12363098351415036 -0.21109969839011111 29.008496194490391)
(0.14051638989776263 -0.15848639031447584 28.569535581860933)
(0.21456054163042856 -0.45559502332538859 29.876219663910025)
(0.19606394369036487 -0.30480127102903737 29.495379303714898)
(0.17529610459305059 -0.17729150821574713 29.141502256677079)
(0.18876930965915037 -0.12840349387971189 28.610133264242705)
(0.29484587086988262 -0.63147840146112466 30.153563693442713)
(0.23022334150863374 -0.31465659989329137 29.873298381489771)
(0.20456469191675719 -0.16228076241381081 29.513716222819017)
(0.21092985661690922 -0.16163298024629968 29.121759230534877)
(0.34815227713270286 -0.81203318442030414 30.065443113773089)
(0.27895670779944332 -0.26171261131930601 29.740944065246683)
(0.25776546662489469 -0.10559724762046009 29.535893944255914)
(0.30232095526729519 -0.092768549385061308 28.822351370711687)
(0.33308273523238591 -1.1049348155048548 30.223778679819926)
(0.16606335700826205 -0.32597377873533501 30.449538393228)
(0.10791668936330376 -0.14535341522954323 30.252980197128114)
(0.090909189555111958 -0.23269509971768784 29.849086234152747)
(-0.72659202631778208 -0.10548784082120416 31.117191142223135)
(-0.73663780294514369 -0.25465311642675514 29.426817172376875)
(-0.63830731432501031 -0.3570049321216921 27.695655797041063)
(-0.3077822004063045 -0.25414093256113773 25.635262956641174)
(-0.56181501717474103 -0.056474595060209964 34.627324654427376)
(-0.63502375705403991 -0.19443053010937453 32.907546991031431)
(-0.60895583105991014 -0.27834921598056744 31.799383548465514)
(-0.26864840171207949 -0.16251821827369256 30.137484300473773)
(-0.47292011270697504 0.078885282529690279 32.161156630318395)
(-0.61521238586652638 -0.077029061751333935 30.405291925347171)
(-0.71688451167490919 -0.10564467074760456 29.439281826234158)
(-0.42000597018995295 0.071473838131282788 27.92878651022404)
(-0.39732308091713198 0.14061215123314627 31.92567890920229)
(-0.53980174612753873 0.0021083686054176637 30.482567995330879)
(-0.69083544213528192 0.06794742724650539 29.659105548258097)
(-0.53619273050017746 0.29601623789635867 28.485884914265249)
(-0.34546735991026911 0.15077885609898503 31.54833375384608)
(-0.51806781397330504 0.03647008474082556 30.211966479210357)
(-0.73571125147126493 0.14368970079503068 29.439741185304392)
(-0.63938682717009909 0.40030140146456838 28.331251763913222)
(-0.303094068632769 0.156349169099259 31.597418050832442)
(-0.48626708191470225 0.073369125015370851 30.39655958169606)
(-0.74807726694139021 0.22674735298863358 29.672064882823289)
(-0.73392917150573989 0.50523328882562235 28.732815241562683)
(-0.24018293061823459 0.12728506680248927 31.458939712412093)
(-0.44296649295356622 0.093772850007934797 30.336236022392182)
(-0.74519510539610057 0.28216952391619793 29.670077374274356)
(-0.78118702888369262 0.57930777620384666 28.772722516235845)
(-0.16620471134474829 0.067062241470125558 31.534540972718698)
(-0.38333098863041243 0.10643224712987527 30.526118488149855)
(-0.71558598275231522 0.33245919180090583 29.875330406644657)
(-0.8024556159059133 0.63808824165721501 29.10637785074859)
(-0.084278479717846688 -0.030966364297535676 31.424528181415678)
(-0.31686249409463368 0.11829534957840922 30.473677054871665)
(-0.66877271876082101 0.36926194150815839 29.910879900857683)
(-0.78728395859691924 0.69242583230556221 29.088202331877437)
(-0.0021943204327536819 -0.19329542975880662 31.604462705942428)
(-0.26253484828661133 0.094643803270324844 30.773814057102676)
(-0.62482371900508482 0.37354072520169718 30.196079112700161)
(-0.76617654867300944 0.67942382683192193 29.548123481490858)
(0.064930594020214144 -0.37107726560016147 31.351435976044286)
(-0.19812484738144803 0.11500626998114453 30.498061592387327)
(-0.54970496664716206 0.40540483101644331 30.117839822859551)
(-0.67140829353264631 0.71810007342190807 29.157315673743028)
(0.035684273005814449 -0.67514541446541321 31.500577933589469)
(-0.30496164998230352 0.0025282484260931628 31.23922688860355)
(-0.70038898900215918 0.30713106736394957 30.793265189207865)
(-0.8467494934340416 0.54950468197267177 30.287457457238279)
(-0.18615660839116607 -0.32629591419182163 30.730693119896983)
(0.042077029086602651 0.19108669543262896 32.177334907219823)
(-0.14486476016973099 0.71708938925995613 32.450981828528292)
(-0.72735003570123657 1.1325640872401752 31.467527133734659)
(-0.1155063624162992 -0.27103517339425592 32.87198491638064)
(0.098483608785013776 0.22847529318230286 33.55902944256151)
(-0.087848998716358234 0.68896934647373942 33.770550714726191)
(-0.62708695785046542 1.0401433277969805 33.335337791172684)
(-0.042115356559604376 -0.036274065152816122 30.611380427182304)
(0.061665719360986353 0.31340771733152434 31.076083691813924)
(-0.11732281896763898 0.56142861128280919 31.299866393657684)
(-0.51252337187272068 0.74179096682869139 31.045067407619662)
(-0.0068095812642196907 -0.016546103369697081 30.804195267160178)
(0.097062996718180597 0.28612696626900469 31.31772858166719)
(-0.071631363785378335 0.51471546792420764 31.579764396446176)
(-0.44847939038281809 0.66236261878574743 31.271820969632412)
(-0.02700090911041711 -0.0042205279901835792 30.835979609910083)
(0.081534289726918299 0.21844459619155709 31.421691783296144)
(-0.054807297279559145 0.38792658876498237 31.726132073865934)
(-0.37977559242607861 0.48731309893542984 31.351263383667348)
(-0.023189784945433091 -0.02034898377353556 31.083492358935249)
(0.098089740780854931 0.14365304231839229 31.70917628338729)
(-0.0092724520269449797 0.27662511306375265 32.04299262632658)
(-0.29743980373409373 0.34823569660840054 31.613331111533594)
(-0.017920577958993239 0.00099956491844966321 31.125120470064321)
(0.10774404899877421 0.096467054270114094 31.803974666978174)
(0.021375212719401758 0.18691153043952063 32.153928631437076)
(-0.23715630934901547 0.21387488733638466 31.665312067342274)
(0.0079072670182662921 0.033545320082877368 31.315068777772741)
(0.13400307105253687 0.07552303168235712 31.979435782961637)
(0.062577927625475621 0.1232038698046857 32.324017707312684)
(-0.17773040128472778 0.11045063456462048 31.840669286045994)
(0.032104137298936325 0.10038020325685386 31.24540072823854)
(0.1535298355117328 0.074479592861874999 31.924706492275941)
(0.090634580497681735 0.07896773887402482 32.243678467342797)
(-0.13518208968831272 0.010971979080993179 31.793728418374887)
(0.052483639797633992 0.14578847703471831 31.404928061614111)
(0.17425847413741746 0.082033184485939936 31.992578791326579)
(0.1161313517573859 0.044641664274190765 32.278288423933255)
(-0.099929442292384402 -0.060019270493832634 31.978802193427974)
(0.077304215129719606 0.25392916078520705 31.149217677367933)
(0.19019461592009193 0.11018531460267852 31.796622086575088)
(0.13608076802669594 0.023463746851798084 32.07024375673361)
(-0.069355828562487509 -0.15625875731665262 31.810087609877666)
(0.066169580324990193 0.30627195648589517 31.391556655442724)
(0.18495690102612564 0.13097902919992632 31.917002271455765)
(0.13767842737469113 -0.046594891323826881 32.163099261013592)
(-0.072416183950299237 -0.26894177539876007 32.030544420173484)
(-0.080632112954053176 -0.11913966162392646 26.333114748485642)
(0.079060346374147161 0.30480559781175437 27.852387973339521)
(-0.11234353200906444 0.68993057629949439 28.134008775794108)
(-0.64312157337613485 0.97026559628858478 27.101643701725902)
(-0.019928329316524909 -0.030705323808567549 28.836191222247081)
(0.10664210512441655 0.35509410558821963 29.854745526534543)
(-0.083322304231001038 0.64446453119548597 30.125081652480429)
(-0.55351509347599137 0.84519938669001504 29.425025752556884)
(0.046333428382315307 0.13176382966817432 26.573779910176608)
(0.12083918156869851 0.41013377964117426 27.334190166223681)
(-0.051817417767534277 0.53682049125614029 27.630313637773046)
(-0.4257530762780995 0.60744435218204307 27.143648617790827)
(0.058480521449284763 0.16884221403418673 26.997228994437375)
(0.14287840523724357 0.39595893747326272 27.810086460046474)
(-0.011635519208983014 0.48875389088702581 28.140953593254601)
(-0.37959753139011715 0.52684270323433113 27.585639198309803)
(0.039129584558226439 0.16155861186146478 27.147830671651089)
(0.14842716508932111 0.33201859558556895 28.066097327220398)
(0.030185761109423843 0.37993461753432262 28.443935892342342)
(-0.31021539890129229 0.39093250270887098 27.786690792710687)
(0.021307323403757097 0.1480236710378581 27.600349875099663)
(0.154814903834712 0.26516640456530927 28.565019086641215)
(0.070107891120478008 0.27745966827399265 28.96853458272269)
(-0.24763001357472439 0.2685507616483504 28.246689189167036)
(0.018337677969623909 0.15655808737867177 27.78150592741957)
(0.16561674337509225 0.22593771996881093 28.812938027127963)
(0.10446666084136097 0.19818237567756888 29.234377426455772)
(-0.19496914011983274 0.16238623193208226 28.439091748919829)
(0.022384013461231672 0.18056671919284389 28.124053593755082)
(0.17713259335559306 0.20607826052697942 29.14373594047327)
(0.1303774240477496 0.13981039751329397 29.555947190012692)
(-0.15407282229209665 0.07629567719240192 28.764714930405422)
(0.03479738136106552 0.23343579841820819 28.176371640470212)
(0.18609835585419846 0.21499336149628834 29.213962952405026)
(0.14845291348023121 0.10202212405231018 29.603454561953154)
(-0.12305733858016249 0.0013126602137429185 28.840365384455904)
(0.040692245223947904 0.25845502778375268 28.456378462608914)
(0.19435695914027432 0.21459669449638741 29.399402050562646)
(0.16620488147110105 0.066473753027922397 29.751927791568676)
(-0.098773708575701169 -0.05829947632005443 29.145970092202514)
(0.05608968891985313 0.36100194699060834 28.273914071972424)
(0.19363704759293002 0.25712473719290008 29.284140087144365)
(0.16823081049322181 0.04945785112487705 29.629266110029953)
(-0.083569147274820593 -0.13061342644788526 29.057939150681811)
(0.039272839192372684 0.28633706583479757 28.634980444976026)
(0.17436255295720679 0.21613199318542886 29.520139812048221)
(0.15908440720400754 -0.007911024825198584 29.828305904660944)
(-0.083799139119918487 -0.18050340920159724 29.407390136485418)
(0.020407546877411083 -0.032447438781859628 27.172583893288103)
(0.097188938428525218 0.37847699469294527 29.195245126063089)
(-0.12361606918259446 0.72115373511209169 29.590159320661584)
(-0.59262430789987608 0.95704263811507251 28.154694905483726)
(0.10435218781977733 0.045372095176952509 29.387210729942346)
(0.14809937761564201 0.43232726719730813 31.01646866783744)
(-0.073051345557163652 0.68362642365025517 31.438515822293457)
(-0.48180103088782028 0.84644895929587727 30.246547429426094)
(0.20294838732059134 0.15861497246975351 27.097219315869879)
(0.23507854831966213 0.47878320608543024 28.470682680243272)
(0.038652470454128292 0.59893552225856639 28.93941366897818)
(-0.30911466520828923 0.66357859490937154 27.962009557692923)
(0.24746929380364696 0.1589883175109108 27.546864669469734)
(0.32480860422483832 0.44536470176478143 28.871080814349217)
(0.15914595314765087 0.57299399737237289 29.360845124917073)
(-0.21216089581116276 0.63098989035357977 28.399668336483899)
(0.25647500671562257 0.13588858038223772 27.601469258081963)
(0.37179788631597699 0.38734362399606281 29.018771941055292)
(0.2472902872784308 0.48572096901705936 29.546313615001317)
(-0.11002982539797546 0.5345484209380551 28.491887844529128)
(0.25298894020376655 0.10998831114097737 28.047830047491733)
(0.40690166649359316 0.32214652300455249 29.464154762103512)
(0.32169470703539421 0.40356600110132146 30.005722369685159)
(-0.028355624769369592 0.44700813304816189 28.929117960860754)
(0.25649181349728128 0.11230274882902889 28.200384140506788)
(0.42928985667249231 0.29060432064728686 29.66572295604659)
(0.37182824572730355 0.34440933173477745 30.215673357129496)
(0.033577231698316286 0.37204478328919871 29.084009588008549)
(0.26027852998540668 0.12481446515242547 28.533708048635859)
(0.44265861599927547 0.27327093577150813 29.96133895492386)
(0.40675405801342335 0.29926656180630251 30.495088329297928)
(0.081300807455158872 0.3129584685725898 29.395314962386784)
(0.26375579725687348 0.17714349587219422 28.587990492832152)
(0.43957280455753134 0.28873608576974868 30.017559595343403)
(0.41645392267954884 0.27432973083622114 30.524287466861811)
(0.10659213600003557 0.26054856327749687 29.462787454399312)
(0.26206773400874311 0.17780139785605281 28.863835825318141)
(0.43283701193035146 0.28229068821307918 30.188918636867108)
(0.42253672865866637 0.24415604979405983 30.655434886777989)
(0.13348725131796674 0.22264438492828895 29.760436600286301)
(0.26207698172475935 0.30765205979440563 28.686188188052537)
(0.40463016581592509 0.34517450506109931 30.067860858960707)
(0.39882206026383882 0.23313864934964665 30.525100962428237)
(0.13334962765111824 0.15932950713411045 29.654119265474502)
(0.24102630212684392 0.10201425053381226 29.047440952054423)
(0.36226050841955493 0.23845658617958637 30.317688088517716)
(0.37246804823976448 0.17353956746045948 30.724381807623246)
(0.13823854721147388 0.15816901726523341 30.032490183051014)
(0.097525057250059083 0.2024635608106779 26.69374699808505)
(0.14067452608010717 0.52020834168218111 29.517844223477017)
(-0.059303106037775527 0.52989109978323101 30.200551113790802)
(-0.48353272956769661 0.67771901563726389 28.197562879567105)
(0.13671027868705976 0.34088810558693405 30.441869257312781)
(0.13332790642229422 0.59910007526323628 32.972186584486025)
(-0.060407352040878493 0.44067343919053381 33.711824214522075)
(-0.41561794706098903 0.49318295552497282 31.900476640170925)
(0.01626645965219526 0.61416337944582988 28.302008174318637)
(0.075036814937247676 0.7120453509840371 30.380036499274627)
(-0.089048782967355605 0.26384234508142956 31.184544933635522)
(-0.44996576668762611 0.1212567058791959 29.819336737826262)
(-0.17607542359996589 0.72823953506539807 28.631524063833677)
(0.035700663322651829 0.68772194542573728 30.547450841393957)
(-0.096537870862176509 0.23347628506260207 31.344026837608592)
(-0.59549269376130887 -0.02564069903540097 30.086984355544857)
(-0.29541762797264476 0.79586016688910144 28.460877918663897)
(0.014609877315103784 0.66799600057336772 30.386357877967129)
(-0.07911068085647989 0.12957231599542318 31.201589874356479)
(-0.63740687717132516 -0.19678223181548876 29.928637401068318)
(-0.42927637415597436 0.82893048503550182 28.775513586410526)
(-0.015409115898859117 0.61136516888690362 30.659211523042398)
(-0.071027335047122914 0.05644146224616519 31.460719918750719)
(-0.69457499842824721 -0.33307844667249287 30.206141635799018)
(-0.50600464431625869 0.8685427949028236 28.797513810867535)
(-0.028478288513471027 0.59377218770365225 30.676767655092828)
(-0.056743977427479414 -0.011783037972615705 31.467312164067536)
(-0.71762273337305482 -0.44660894851399802 30.215334900199753)
(-0.56601511581463115 0.90291806690490517 29.022403375285528)
(-0.030446956061464841 0.57850078451532305 30.847466348666721)
(-0.039591389508078841 -0.049293747408687902 31.600032668615761)
(-0.73740225531988413 -0.52774357919064074 30.405614393138162)
(-0.59202654878185212 0.95333075596548777 29.003433952532891)
(-0.027825567228849626 0.59313308038383061 30.803480313212077)
(-0.024560492489974689 -0.072050716568850301 31.517358317227846)
(-0.74229751060579829 -0.58679299678199026 30.380335747822357)
(-0.59321393373352327 0.96097350978309637 29.196286848433445)
(-0.0045589475898615579 0.58908125298093572 30.892946069605813)
(0.010826899495834128 -0.096165586164333974 31.546880546803198)
(-0.72042781956166679 -0.62812265802817047 30.575150224843583)
(-0.57937967733593865 1.0489934472135725 28.971240343523416)
(-0.0019004756242840073 0.64062292771595242 30.71537819730284)
(0.013541335272526772 -0.089614047124783117 31.345051788714063)
(-0.70912439520091153 -0.66134521052684647 30.386840017335278)
(-0.53701274142713173 0.87312682010713782 29.281907514990717)
(0.03326455464540027 0.54374175967123783 30.885118243913997)
(0.0583445907894986 -0.17150342099161456 31.437755013673289)
(-0.64719178013027023 -0.69151825973725956 30.723885087616956)
(-1.3167082402504053 1.1155596174764042 31.310485366053737)
(-1.6828968795871775 0.92908610759296162 31.672971535163541)
(-2.0936688376572379 0.64428693432416484 32.004813491976201)
(-2.4432713130093489 0.11016667140816012 30.02173625746283)
(-1.0914215727737813 0.97142256896450274 33.474280726896296)
(-1.2811948934946935 0.75211891521660434 33.522240258442395)
(-1.4658446199072237 0.49947712736304606 33.475742328539262)
(-1.7509487342984973 -0.07974086923644523 33.047126569196251)
(-0.84459985672052207 0.66619381322415994 31.159387423074339)
(-0.9199181566810104 0.46105654957644704 31.203075825602355)
(-0.98757980665091039 0.28114516820412649 31.161892367027622)
(-1.2211525389495526 -0.56128971558537644 31.558725813712904)
(-0.7488511569433427 0.5638345580993781 31.441109152786833)
(-0.76466738246905941 0.35953165143311339 31.453498540579748)
(-0.78298655864935895 0.23029762734459011 31.375101928962465)
(-1.0331460812206803 -0.9010874631881215 31.422427348282461)
(-0.66088823363634774 0.43144509440516349 31.504924990790258)
(-0.65769464796845623 0.24358840738464668 31.532719122726665)
(-0.65566739621667913 0.16018238467233195 31.423674753913335)
(-0.93475766124261395 -1.2607203261109454 31.335015644237391)
(-0.5388046629904405 0.33157124667301047 31.784933751525145)
(-0.51459326056298016 0.15830426599374439 31.765726820672974)
(-0.49377263316103603 0.12516645825622005 31.627000475124028)
(-0.80454130280527913 -1.5548055759614661 31.383260750618188)
(-0.43672171396851045 0.23624127093696581 31.789188999049056)
(-0.39586557071162165 0.078714245894702675 31.795881986952626)
(-0.35526239747218602 0.085238024048841218 31.621076222413695)
(-0.6920663082670222 -1.8334333734461807 31.349676012259646)
(-0.32744160126010585 0.17790684659238565 32.002105993228561)
(-0.27087564411292242 0.023568600281923268 31.929917473531656)
(-0.21088927263337753 0.069717939452498462 31.744740875724833)
(-0.56438760298458401 -2.0614418598657513 31.388323877428373)
(-0.22145347062636583 0.10455007592612567 31.858350935240544)
(-0.15347711797862901 -0.032304010501147416 31.863872832596407)
(-0.069572119031230589 0.041484460305047037 31.627551804327474)
(-0.44002091688378037 -2.2616925709972384 31.331482542881208)
(-0.12847214022902387 0.087562414267169292 32.172371055672485)
(-0.040349217261291287 -0.065679807704105322 31.977573716521338)
(0.065156646480391281 0.044502602602729688 31.766982800288499)
(-0.29616013034032429 -2.388916723025944 31.389646849609708)
(0.00033280559163920609 0.0028868476371129801 31.785911288498248)
(0.082343770395420762 -0.11874612640631388 31.808615111821783)
(0.21403063208209808 0.00216502381961169 31.476397831080764)
(-0.1586213002393739 -2.4884783930371261 31.277503119252984)
(0.10227301372214401 0.034225202556829558 32.501381447320561)
(0.227209393755052 -0.13046905404363032 32.179943297584352)
(0.35065498266677531 0.034933298121109506 31.940032943299258)
(0.021961402255382994 -2.4437310815137816 31.464755872298607)
(-1.2089276452760027 0.99900173787319468 26.814574938315825)
(-1.6200263965284423 0.87608439170489705 27.305766275522664)
(-1.9703677236974029 0.61385781601921585 27.664710913446608)
(-2.1930368941621246 0.15184471390101437 26.464201304552624)
(-0.97496493509588222 0.82813667362309917 29.360265559887367)
(-1.2093371253480805 0.66875711005916016 29.689158964461857)
(-1.3251299150364284 0.43207204422763662 29.811419731753631)
(-1.4679206329449397 -0.059693443126328169 29.525535879904119)
(-0.71889089084241931 0.58271458695287959 26.974313410856272)
(-0.86223767194564771 0.45419596716809274 27.349140992417674)
(-0.89503659107594191 0.28673222879932686 27.477964435693345)
(-1.026592496788046 -0.4428587688049973 28.231368678310801)
(-0.63495379283981312 0.48413366702068333 27.532089833812755)
(-0.72489966133674033 0.36053482081266341 27.859771855234246)
(-0.72559119969465891 0.2356342974504447 27.935561400840179)
(-0.87932878169699491 -0.74505984415403237 28.218126545767969)
(-0.52780519048090924 0.38316994708261892 27.721065561657969)
(-0.607565412541343 0.28222258530325456 28.079927884690061)
(-0.59405980074560583 0.19422514227673993 28.124540317772009)
(-0.78384564577295135 -1.0186400174609416 28.245758442429814)
(-0.42074035324932452 0.29351675505109626 28.222590155236961)
(-0.48012219446697196 0.20987812206613901 28.533562938302637)
(-0.45438833019224573 0.15805083297455894 28.535114545823738)
(-0.67791244888106195 -1.2710540298314168 28.445766065136851)
(-0.31741491128006399 0.2242324322287344 28.378702635955669)
(-0.36545711385137741 0.15471623826170888 28.718275949847392)
(-0.32536488616622916 0.1337182738304771 28.67577233871447)
(-0.5795301001970119 -1.4939030244637106 28.557752241759495)
(-0.22339355661336271 0.17259754790685558 28.753500670442605)
(-0.25501156024893562 0.10916324888828871 29.020591507295379)
(-0.19952078927933639 0.11545308310713936 28.947874169744651)
(-0.47677635384489725 -1.6897049565100664 28.719076441231262)
(-0.13199560716293568 0.12859001922433563 28.760540589228615)
(-0.15046743780855462 0.072829380069852248 29.091349573438702)
(-0.076877598602948072 0.099747580738196936 28.957464399075565)
(-0.37420734154556562 -1.8536546569630192 28.796620775781978)
(-0.048861052642414395 0.1107799357895666 29.186183140803529)
(-0.050040921690516486 0.049307319453635493 29.338540366663018)
(0.040524681749303203 0.09536309924132845 29.195412083272711)
(-0.2634791333338366 -1.9726862886747794 28.936263753460498)
(0.055208881301124758 0.069254956497421152 28.951002553742107)
(0.059205405293703731 0.018495553030595736 29.278394778527034)
(0.16240006140732643 0.073368678397667239 29.016651947297287)
(-0.15273677924018644 -2.0562693893132811 28.957706298256436)
(0.097689054513347695 0.088225596152409824 29.722780838278201)
(0.13419792687037493 0.020235503713410444 29.753877549702594)
(0.24946604924220123 0.091214204854023886 29.530954321092814)
(-0.044615595496265273 -2.0536429676142069 29.146419883141935)
(-1.1352385484521248 0.98057783257558395 27.68251237764099)
(-1.5367742671792783 0.86564582168165194 28.445087423163447)
(-1.8728388141452494 0.59363461344996327 29.06722517689213)
(-2.0669358631357948 0.12846816149706539 28.160218847792365)
(-0.90404040837696598 0.83592875681126033 29.965766025337786)
(-1.1451543409428255 0.70121629536704633 30.675784098344284)
(-1.2808175483665154 0.45856576133513777 31.102524914419639)
(-1.3984351363853578 -0.0055708568724507695 30.884869258843622)
(-0.644566114153725 0.66414362596347076 27.498731978918261)
(-0.80742598643895702 0.58432692449907464 28.287378803389807)
(-0.86619924235446477 0.412511388590383 28.720293066954309)
(-0.97353961446750115 -0.22515042184874823 29.769401250633834)
(-0.52411435723586108 0.62164934391544979 28.118492370654575)
(-0.63834221756384701 0.56945412022263309 28.787288696225637)
(-0.68650157274934842 0.45126601567245161 29.124907663275469)
(-0.83157912058154482 -0.39746529237592865 29.715574380904879)
(-0.39820676026896307 0.56659169254793507 28.216837420362875)
(-0.50611579996788147 0.55070458724549831 28.911423549280091)
(-0.54912820905334148 0.47101589606707278 29.205696397665843)
(-0.72945574437225202 -0.56860348815673667 29.638288669398456)
(-0.28071046453972709 0.51889309657427229 28.723191673401306)
(-0.36913133794025466 0.52532304314152467 29.343298368856647)
(-0.40804713590387431 0.48563406981164786 29.574802113509143)
(-0.62420958879935762 -0.7308184139998718 29.770836768155096)
(-0.17514278587217721 0.48188080839686165 28.869494889464832)
(-0.25217053290376223 0.50581722770505955 29.502183351774615)
(-0.28243788660746599 0.49351908572164788 29.676392796073092)
(-0.52847555598342066 -0.88336039326338056 29.822449075788967)
(-0.082827863457273401 0.46393799140032088 29.240559779605725)
(-0.14543131022926678 0.4897749259998378 29.793823838958044)
(-0.16782456042826249 0.50270307879245735 29.919253727564605)
(-0.43544983527362968 -1.0195705918376823 29.939410764260103)
(-0.0030346419666795093 0.43747617331294908 29.279188297952572)
(-0.052200861372802727 0.46834543035500348 29.868579285034993)
(-0.058425786700550257 0.49590710629179774 29.91985010984035)
(-0.34682067340884865 -1.148201730193696 29.979808141971606)
(0.071265607507410747 0.44947802909003803 29.689943223636806)
(0.034707308695998099 0.45855465463660983 30.119592066974498)
(0.037887388766274177 0.50666084024607061 30.137508749954158)
(-0.25554244113128272 -1.240584683907072 30.095386508456912)
(0.15374915088279303 0.40650968251167763 29.501472102071343)
(0.1203833562486419 0.42280824158477992 30.070622469999289)
(0.14169849809492249 0.47463329851072633 29.960758807657385)
(-0.17023472256780955 -1.3322151296819167 30.080534795614618)
(0.13565491750905323 0.46863064533471976 30.242951270411751)
(0.1335963796137343 0.43468723217142186 30.548901410077828)
(0.17208758173791613 0.50621411038009312 30.454083032896449)
(-0.10646058960290693 -1.3453815476788995 30.275792843316001)
(-1.1414012022962838 0.93227116163545265 27.361633734249356)
(-1.6480891683961181 0.90300768891695904 28.72254696791806)
(-1.8919063728132912 0.61120002946322627 29.718712995337395)
(-1.9721446660031667 0.18481654350261539 29.461727630921299)
(-0.98044450680664919 0.74921343011711239 31.28663317302701)
(-1.3846047656749039 0.71224764893826453 32.702353908807652)
(-1.429874410004337 0.44967416970730612 33.489337453742621)
(-1.4040574006973994 0.033329267474184111 33.608527463412806)
(-0.96444398946434584 0.39332375625235877 28.835950860972112)
(-1.2692709865972671 0.43156814391842113 30.276557081371539)
(-1.1320530333122432 0.2426474853241346 31.023039633833267)
(-1.035065236900897 -0.33310450951859449 32.600374722880261)
(-1.0604705924085669 0.14646810008430292 29.423978932356182)
(-1.2358034442965582 0.24494042601625279 30.590295896645845)
(-1.0626046389498722 0.15258013592761055 31.191228113031876)
(-0.99594878050810043 -0.64231069656348139 32.458706516300943)
(-1.0754340668552171 -0.030748077150500722 29.278366316261234)
(-1.195604748835891 0.13008464240381976 30.446282744294891)
(-0.97693401971706684 0.10002778758292942 30.986614893825962)
(-0.93029283734977319 -0.86322060059709349 32.134698605665733)
(-1.0822226598273541 -0.19915031935504537 29.697441297272292)
(-1.1257930509588838 0.010979561890038415 30.732983439845949)
(-0.87501053451226629 0.044326968290222014 31.195882103759896)
(-0.85269711583640395 -1.072749815492263 32.092127797940854)
(-1.0605952355726467 -0.31660812863446752 29.723816331527068)
(-1.0535231999838932 -0.067615976999634814 30.742525227430722)
(-0.76671231269411044 0.015702895285589935 31.133856814329359)
(-0.76592836855476187 -1.2458456631781754 31.953403196719091)
(-1.0310273068454359 -0.40344546164563466 30.01679461744126)
(-0.97194356818347194 -0.12619894242787363 30.927468024224314)
(-0.66058444331740274 0.002049632656713356 31.259970051589228)
(-0.68172307496405249 -1.3947580354162425 31.924840490267211)
(-0.98554142947361567 -0.46519433487038314 29.991366037059382)
(-0.88650641128921637 -0.16426794469281286 30.911789344755583)
(-0.54808398690491134 -0.0022799563522304879 31.152901598315996)
(-0.59031357911497084 -1.518113302711352 31.81740557757583)
(-0.92440448854519763 -0.47210576444418711 30.343929232598651)
(-0.79138575730539995 -0.16702511296155051 31.091010179038289)
(-0.43831606801161532 0.022859639806306443 31.293730555671686)
(-0.49754909609841397 -1.5967582917713323 31.82534552400141)
(-0.83286817036049676 -0.50303665681645027 30.056624149106987)
(-0.68326404785318096 -0.18599849990122061 30.953173627775627)
(-0.31882991642667896 0.016769822078990217 30.99970124901094)
(-0.40050858430434372 -1.6681882391718987 31.664652468081091)
(-0.83269755390607769 -0.40687801908628785 30.885835243125655)
(-0.67033185261849781 -0.11532863050610681 31.407498128394217)
(-0.27544340095367148 0.10434417355520137 31.470615424117661)
(-0.33683260364782924 -1.6385994126354886 31.829166274021159)
(0.53399235911113885 -3.0607350831469828 29.769334214115567)
(1.2163902722549513 -2.2908162038599129 28.410837429612844)
(2.2638050391411757 -2.2948987730262633 27.666590832596409)
(3.2652821417904749 -3.1047643635158333 25.922887264844672)
(0.50107165502872142 -1.2669451795596658 30.30600327976812)
(1.0536609207455641 -0.31591914366209112 29.527770870513564)
(1.9866041160347063 -0.30494878441858575 29.459710608576113)
(2.6782358383528075 -0.395174914034846 29.39558286130179)
(0.51032327384909271 0.14717233780446409 30.462714616039165)
(1.1231311229847678 1.285377344730765 29.861080577483911)
(2.1048795050865743 1.506453331101685 30.043808593000279)
(2.8390507119035573 1.5822492369595684 30.071400700181204)
(0.530673024131326 1.7549110240569559 30.748008912747345)
(1.328404544069808 2.9801915377520558 29.452104847892542)
(2.5093119671412256 3.183940042633735 28.987752239271863)
(3.6312035159299789 3.8509414953536312 27.511393153518657)
(0.39942072688129893 -2.6805589950463573 24.293829189206814)
(0.94226861437347542 -1.8156129304678552 22.574751972358559)
(1.5374038503333969 -1.8380126090935478 20.907730207571717)
(2.1559579105222966 -1.7131266838552865 18.844546610624782)
(0.38835789507460972 -0.8717117974807751 24.87097779074265)
(0.87585087381519644 -0.042592041370459202 23.925924845312075)
(1.5307376096696976 0.0087498908041519913 23.560497082847995)
(2.138912841354875 0.10206329399248015 23.435992896128493)
(0.44360850373740673 0.55225656977143223 25.124445432541766)
(1.0274820849294624 1.3980165833691338 24.429266814064558)
(1.7933476699179394 1.6747761076255461 24.407016261478983)
(2.4910666445215721 1.6095423553089818 24.442990794512465)
(0.48242808589445996 1.9756055902307537 25.359855487866714)
(1.1898866825467893 2.7359709750725476 23.800348323901048)
(2.0141157664780018 3.0474826466771741 22.564584835136852)
(2.8486385219315449 2.8172265231952576 20.892824731516757)
(0.36729656681899431 -2.6824942194446417 22.617289803789884)
(0.73714425985516574 -1.879650631004999 20.7829689940199)
(1.2070078929487691 -1.421670451042389 18.635580885782783)
(1.8775147974299249 -1.2546631622751658 16.724753780873261)
(0.40901019079535356 -0.60569145578657191 22.955460856447345)
(0.83097318830994782 0.10304566407091773 22.029112266431962)
(1.4814785690959584 0.32645993243780075 21.402290978474788)
(2.3219269987730344 0.41472174657240629 21.426693646805241)
(0.49593564796940404 0.96206753117592569 23.272859218822497)
(1.03771570992427 1.6256434687671639 22.661627566125492)
(1.8239865178803361 1.8919333020688474 22.432027137376505)
(2.7847420400434535 1.8021430397136964 22.704027419601864)
(0.56233539460688131 2.4713897648679155 23.619594912822546)
(1.1969438866992981 3.0258842401228985 22.059352131882974)
(2.0098527839759313 3.0426796735625095 20.38378607972211)
(3.022453543675597 2.6243549443541236 19.011655331513907)
(0.2524294178770729 -2.3548132549373317 19.736976298626445)
(0.41612769329245219 -1.5036713955718826 17.686028325802646)
(0.51075734673178252 -0.83130805673292463 14.949045189376596)
(0.72354474657422641 -0.39633311977553481 12.930028228913825)
(0.3595133501355593 -0.32175322305498705 19.816040428668142)
(0.67461543101617483 0.31509464763550332 18.900443293420004)
(1.1597426012148102 0.63901046503489167 17.961178427317023)
(1.9507150918555138 0.79634699041925827 18.060085970282547)
(0.48517271689801844 1.1936826529437283 20.173767014276351)
(0.94564717934616893 1.7487976534083813 19.675692025852516)
(1.6435808278379751 1.9814941007208993 19.194578249450949)
(2.6505321906782302 1.9666250042378863 19.664838411010155)
(0.55454768863770076 2.5332681460731807 20.600489563991562)
(1.0452537742481185 2.9358764955556 19.032933020562847)
(1.6228180755464028 2.6974058377597334 16.881956788666976)
(2.3684592041907782 2.3429080499953585 15.750287104930345)
(1.5542299358826177 -11.751965264785046 28.957445221940489)
(3.4252834421491607 -12.094318799565009 25.936284029718287)
(6.3310672393944856 -12.676740254543846 22.419830433534898)
(9.3455650194234146 -12.077215274150536 18.116701203709557)
(1.8659812330168504 -12.77824407710405 31.435442226838614)
(3.8847124996630322 -13.126661444215383 28.208307497958582)
(7.2446669658827334 -14.064468861035394 24.7876568457879)
(10.528639255468915 -13.652842740089865 20.066976525442026)
(1.4441032480966021 -10.692081535936174 28.940200846305)
(3.0522583097442353 -10.745312839075794 25.713609759126644)
(5.7956254432634315 -11.314819548907668 22.146494621166234)
(7.9691064207471696 -10.290048104902036 16.959822418454053)
(1.3330764435842022 -9.4176748089731799 29.201508732650296)
(2.8064541740247764 -9.3832316676478822 26.331562288695423)
(5.3429429585770238 -9.8611215093101929 23.179112471152823)
(7.0862373192857548 -9.1562914758343172 18.579621233109329)
(1.1769654314633564 -8.461795648617473 29.467701942835429)
(2.4839216595489471 -8.3682362209463985 26.836400422265449)
(4.8159607369105011 -8.8563081768725738 23.979863140802227)
(6.5018593142831724 -8.4161152917425373 19.718578593890054)
(1.0860733282795823 -7.6102207480016553 30.015691834884457)
(2.2527353776579133 -7.4387706876127053 27.606696834240179)
(4.4087682257463108 -7.8616311994400432 25.020907767751329)
(5.901662592229016 -7.6487822854673917 21.106268372501688)
(0.98567890513647882 -6.8827163555280766 30.418978006404654)
(2.0212148706566384 -6.6391573544076508 28.189902651433648)
(3.987777635262062 -7.0316446079543447 25.84854753440268)
(5.3828070644040542 -6.9996705645845818 22.176495809053304)
(0.92733063464728105 -6.2703761443830111 30.906787330652556)
(1.8350092815165435 -5.9501621226039338 28.855236654321441)
(3.648733713469861 -6.2586534645579768 26.714849988642715)
(4.9181309723937892 -6.432900079583586 23.297042679464372)
(0.85787292423731099 -5.6956626978218097 31.253286929935861)
(1.6609138672975479 -5.2742490631409567 29.346411893769695)
(3.2892734216612598 -5.5414255847756708 27.429776669927168)
(4.4548833112078681 -5.7876867097940421 24.168600602218156)
(0.82312766776896906 -5.33330357039726 31.710895126237247)
(1.5039085664944873 -4.8273851122243645 29.950279617688569)
(3.0326281080207815 -4.9680496329191666 28.186307070649622)
(4.0986533729625547 -5.4992433011498285 25.141799423178675)
(0.75659820372758979 -4.818023738050262 31.932924361712967)
(1.3797969707205255 -4.165004198554918 30.258137413690378)
(2.6995119394433256 -4.2876475509758354 28.74731410222719)
(3.7207194400083847 -4.64655710319464 25.684891108529712)
(0.62877569898608332 -4.7973217185048682 32.271366226201557)
(1.1127793293418964 -4.1287803260678393 30.915740316555553)
(2.4614383675301146 -4.0736116651499046 29.507448734128303)
(3.2441718046852284 -5.042809048257257 26.762381849385619)
(1.5159342431198661 -8.2533647453574623 20.160018388311403)
(2.2847782610729728 -7.7732766690246029 16.853563823837895)
(3.7364188293473335 -7.3306542999844329 13.296462816225231)
(5.2835972811548677 -5.572979585978505 8.8125617167476893)
(1.635850564225364 -9.0742783652018328 22.008409944912803)
(2.3612995574563627 -8.4424261328883681 18.219362246446813)
(3.782416415343087 -7.8948792219313608 14.084561752415839)
(4.9227584829506723 -5.1963982576312713 8.209710299166689)
(0.96028766436237711 -7.4779130930404527 19.252925483264782)
(1.2803210947663686 -6.5098884229544032 15.080382278233447)
(1.5236804529730836 -4.9735437215293041 9.2228230417734025)
(-0.24747586843421945 0.22909697657883388 -0.22461182835896232)
(0.77786149395893334 -6.6681326032588943 19.530500715671828)
(1.0841876408303195 -5.7285970218218569 15.663652831106369)
(1.2756306803103983 -4.4504193376955818 10.23852664606609)
(-0.066302668960473016 0.064673225515821123 1.9407689735267135)
(0.7060977267316273 -6.2718895812689439 20.404175903378626)
(1.0564156908621434 -5.3965214948022737 16.868931860743402)
(1.4450107948297186 -4.483561339865628 12.000693865459679)
(0.50960119236058909 -0.6362472341251928 4.7627041309185394)
(0.66639991562050127 -5.8482508520291363 21.395748720598998)
(1.0492541272170188 -5.0031856423051311 18.141154734891934)
(1.5467381523974024 -4.3521582101912371 13.720410387697408)
(0.88820510562872335 -1.0558536036296635 7.1688861747315453)
(0.63472099963971018 -5.4973443754426059 22.35718565241935)
(1.0387664352080996 -4.6643052634762592 19.36376584683423)
(1.6499833360171181 -4.2475430992858954 15.35950018735686)
(1.2060479840295697 -1.4240690740342283 9.4468549962142951)
(0.61774318320314014 -5.1648634809441516 23.276321900167947)
(1.0283035770793794 -4.3289129992052011 20.517118082112379)
(1.7104351048626634 -4.0652175466973226 16.862168213430586)
(1.4314857575205966 -1.7108734916911741 11.411573393746071)
(0.59174881729055107 -4.8230408748430804 24.105696368340411)
(1.0049613855704738 -3.9628623855797191 21.564420497906958)
(1.718418020754342 -3.8289224676817915 18.261077082854726)
(1.5618039729718733 -1.8180208558869362 13.241393398248102)
(0.57474606390708627 -4.5872053787649474 24.907712651588493)
(0.97677599322259923 -3.7012190225660624 22.559212991524898)
(1.7381078245356361 -3.6332076414993422 19.539177062602587)
(1.6561042583513768 -2.0423651776481719 14.830940161807264)
(0.54034354211793223 -4.226155550035501 25.604695316862927)
(0.94070279636446852 -3.2924987615246257 23.422297922945095)
(1.671243965698727 -3.2736328889173674 20.75255498527444)
(1.6930603337017656 -1.8836398656355811 16.296115989374325)
(0.4241383108624856 -4.1191708317429709 26.152303259421888)
(0.82225504150156459 -3.1988374701763256 24.253782440379055)
(1.5998556281350007 -3.2058440921317106 21.811126732926578)
(1.5241705567736834 -2.2339249016753686 17.546313980664149)
(1.771940797812696 -7.9131276839944897 19.434044147947677)
(2.3409206944743506 -7.4261948314690907 16.421871914082214)
(3.7808596332695399 -7.069187759565736 13.232185264124441)
(5.2940834135760602 -5.9500855717364205 9.323837337112364)
(1.8458661772450873 -8.7690706765189024 21.342504527355871)
(2.3554437292028436 -8.2190196452651882 18.02349080646416)
(3.8416284725161067 -7.8910862432974049 14.400210296010425)
(4.8064900377819386 -5.8220152973114869 8.9493038891215235)
(0.85260358440619954 -7.3102478689052957 18.447534192923705)
(0.77851755785307863 -6.3621978247620543 14.529937643551197)
(0.88411235818989886 -4.8798278734353904 8.8601437611227372)
(-0.74150853587548038 -1.4532156075184253 1.6130596080973423)
(0.48937611750381949 -6.5435337392634958 18.205206786491932)
(0.29406775954703807 -5.5296596606914656 14.332777440794697)
(0.2224528052026612 -3.8642663726317439 8.6444904523220476)
(-1.7508323108999804 -0.10756708205075732 -0.29032593695247455)
(0.40591230687184787 -6.1993276373396444 18.927193737418136)
(0.26873973577407212 -5.2007375847750046 15.253950975139096)
(0.39214637466581542 -3.7199109981877339 10.081697353547971)
(-0.65989820180883307 -1.0104451478122036 2.2459898065695896)
(0.37550296714267672 -5.8572011221243461 19.736199477633093)
(0.27422100337858413 -4.8783747413819931 16.266696066207164)
(0.50198374640508225 -3.5222788325585008 11.427264612080458)
(0.15053419367802398 -1.4141754031600657 4.4840198991731421)
(0.37115203327998264 -5.5554746097591998 20.634649269943836)
(0.32971117186251153 -4.585838259480373 17.373166841149104)
(0.64374658307071464 -3.3685854942632667 12.882900755306638)
(0.55737951449159528 -1.525073999269809 6.6924898788387157)
(0.37803981889415766 -5.2766005135475869 21.474869359443986)
(0.36319277756054152 -4.3228367298881425 18.423926168954431)
(0.72592356101375566 -3.2172201046500732 14.200939724604186)
(0.78711523628891633 -1.5576706410721204 8.5254996269395686)
(0.38120704503934938 -4.9566899289061643 22.307224385679394)
(0.41943424537311336 -3.9990106205317426 19.478931408129018)
(0.81603715970819368 -3.0232927644744394 15.559454474814132)
(0.87417635210148159 -1.4008566815834844 10.31848325665586)
(0.3901518652764262 -4.7377826254328754 23.046275189557328)
(0.43445345925922557 -3.8018122942809875 20.417414389456997)
(0.87891897243658668 -2.8953457495258044 16.730504303857661)
(0.97570328931739037 -1.547578932909907 11.795677414009218)
(0.37876996925759537 -4.3533207152393425 23.82036999306985)
(0.49186837352867202 -3.4002959970757076 21.403305198835703)
(0.91922258495390963 -2.6239214592628608 18.063439676849868)
(1.0223157697474698 -1.2695583376820869 13.357508703474929)
(0.30386628687846784 -4.2374469627997708 24.271630933084946)
(0.38580624092706878 -3.3644814951623361 22.118619609661994)
(0.85845725784975824 -2.5982623345471008 18.956284542524561)
(0.8844836747071938 -1.6554422424287334 14.487954411772854)
(1.9003013661531762 -6.4416477246781589 15.696815833571504)
(2.2993311949187643 -5.810666111898839 12.913118078884905)
(3.2082787920915794 -5.429237181422657 10.278485757638077)
(3.851927946832109 -3.9563705415332024 6.1985313352912739)
(1.9402891060852447 -7.4143366189355548 17.786880486936411)
(2.2664694453947067 -6.7271314710586818 14.771364543742139)
(2.9776850559518042 -6.1345682963021231 11.484739064792896)
(1.8027776156205748 -2.4021464568120598 3.7679946692733703)
(0.75241564436072739 -5.9049294088526914 14.542438389820079)
(0.4851326369512457 -4.4801183017277486 10.227567971382642)
(-0.76054003308425377 -1.7816447365446086 3.2802150806472263)
(-3.6134091221308027 2.8587578353679968 -5.1185570769523192)
(0.19517798505400977 -5.1068399485929721 13.961728964248659)
(-0.28594640342590955 -3.485153742485124 9.2375821770173374)
(-1.7672869922348584 -0.61443335039531488 1.4608848088593602)
(-3.2422560933709508 2.7019935379253908 -5.8407303851967995)
(0.083077745608464745 -4.9709378224702379 14.839958259988974)
(-0.31197770292078419 -3.41151428281866 10.245442255802184)
(-1.3236709516111542 -1.184976706716321 3.3312237450699986)
(-3.1824607976987065 2.4536078057404982 -5.5340904539625209)
(0.017302598123811304 -4.7895184415348018 15.737055461259812)
(-0.36751780356850799 -3.2889062604953261 11.341885445172307)
(-1.2224553478533269 -1.3643664816751853 4.8264412601346418)
(-3.3080315431674094 2.2373174461819749 -5.0358150457100912)
(0.01270501940248946 -4.6755045874629424 16.797476933347212)
(-0.30926402357876004 -3.226746784504936 12.657944934338762)
(-0.96465666311804421 -1.5933332348765503 6.6895455623672762)
(-2.8489498931930206 1.7363196411693664 -3.0410281044101559)
(0.027586330100436391 -4.5262469370468823 17.727309067086303)
(-0.26224303302408097 -3.1288355720682546 13.855361453911923)
(-0.7154832477653692 -1.6743777805741162 8.3073314274537928)
(-2.369916748930823 1.2008717202292947 -0.81968220070792408)
(0.063621573248226745 -4.3500016875980654 18.711685701266671)
(-0.15809963738719396 -3.0193165097561208 15.171431295302749)
(-0.49690999110355166 -1.7305445380662314 10.085030238394303)
(-1.897627961272929 0.94648534191219846 2.3180030035445038)
(0.085237867430626654 -4.1689451917361238 19.465123442695649)
(-0.11157622975409349 -2.9059383481442764 16.189885511836671)
(-0.28863382244252683 -1.6855890090428078 11.459781147309485)
(-1.415029939189647 0.58720696373039427 4.554483405025934)
(0.13758929220353111 -3.9031114537116927 20.427112490013737)
(0.041681710959662346 -2.7258758272095132 17.522439538412758)
(-0.068619096795591736 -1.644699597337475 13.267744845945288)
(-0.94745591635354254 0.47013522150417147 7.1093677538754569)
(0.070497288352873541 -3.6498792097440327 20.688052918922519)
(-0.031386560848898855 -2.6083026814964279 18.075160980085819)
(-0.024337968840891913 -1.613991963837669 14.087842268881779)
(-0.78009283688119091 -0.010237630097176917 8.3992190696108917)
(13.155334335688764 -7.2870535436241326 20.146866860767449)
(11.666368329227414 -1.6971760912961091 26.100395695280717)
(11.704997171462663 3.5907495081358509 26.837670500011544)
(13.390356705906141 8.8798145111290019 21.386550170724298)
(14.349896791150442 -7.9376087080145457 21.862297976311964)
(12.728506403603422 -1.7486283932454725 28.429163813167516)
(12.735697733319716 3.8518549636472876 29.216574842354568)
(14.507587759636655 9.5204151224593883 23.090672119809835)
(11.400076976712938 -6.1244617081726433 19.40112812782542)
(10.433245629523707 -1.1679309133524087 25.954718064766762)
(10.480349508076413 3.4179230471393853 26.901569170475316)
(11.711184502390109 7.7491543806649483 20.903260241504398)
(10.062320910900809 -5.4444326813774726 20.62631142526369)
(9.1608805488902849 -0.99435823303647297 26.628402639792945)
(9.246868246870406 3.1644604539180348 27.579781103451097)
(10.407613951484995 7.0575571285825554 22.098767511230836)
(9.1041855111501686 -4.8763824951337611 21.557431973717737)
(8.1839065052717039 -0.81835650286452732 27.167259909874645)
(8.2991576439900623 2.8816936140138552 28.134089520904844)
(9.4790446771526877 6.3981799165258897 23.042709973698653)
(8.1676787354159117 -4.3829599108492356 22.749590503003478)
(7.2924746979114854 -0.71467576964954926 27.97947702505158)
(7.4400228991089818 2.6329073286157008 28.934018878090079)
(8.5856714175611408 5.8282701624282494 24.234633870420801)
(7.3800011253876709 -3.9199298475519782 23.679271425233747)
(6.5270593813374251 -0.58841298664934116 28.593492521426835)
(6.6975899285673623 2.3929152165752638 29.539561943550101)
(7.8199502946093329 5.2851969310239211 25.176195321864437)
(6.6420265059426686 -3.5191500256553772 24.639328199693026)
(5.8261876853599643 -0.49015379868891401 29.245280830287737)
(6.011607877535333 2.1900779132324968 30.157750969775645)
(7.1034067143885178 4.8229348220784996 26.144655279490049)
(5.9637642129463639 -3.0642176785996367 25.392403577272233)
(5.1838162500408655 -0.35045563446556116 29.724820701349525)
(5.3780363534402644 1.9899684763923626 30.604875705820394)
(6.4235661401520057 4.3464421167038569 26.912272298761593)
(5.3838564250458214 -2.7977946364876605 26.142755588605308)
(4.6229883848573632 -0.27498656944065736 30.209274254523208)
(4.8184797117844278 1.8408944117157473 31.034061625845386)
(5.8636709292347806 4.0240919516386437 27.696634159675245)
(4.7796551054686631 -2.2064796663998343 26.650573739553565)
(4.0800494262841331 -0.074591468756072671 30.512135358588761)
(4.2752606396150323 1.6389035564064389 31.302979218120221)
(5.2290517657017519 3.5094930233715425 28.231979611555623)
(4.3691533542725374 -2.399863704689249 27.192901628814852)
(3.6132692718181105 -0.15146974988569095 30.903020624990774)
(3.8135609059878441 1.5849763621870294 31.621107742074567)
(4.8737122691058259 3.5059637177629881 28.869363749330663)
(7.3066268079090397 -3.7237886321744424 11.504738893225939)
(7.622044687425225 -0.66311661508041853 16.989719299348721)
(7.7386051303503649 2.6288443524248533 17.645389596139122)
(7.4781305965333793 5.2374082976224532 12.352719325661345)
(6.9379891933354427 -3.1799475204251495 10.742774488513698)
(8.2628953129957097 -0.43934992156064556 18.30319219490346)
(8.3987353801079525 2.7817614390330854 19.125175583222333)
(7.2586791300065103 4.9252320095070887 11.895953396005837)
(3.4741229112506824 -0.76124811197284648 5.6710221185176186)
(6.3855495350147669 0.26189053353018654 15.311633602613899)
(6.7007096775606723 2.4700703520682037 16.645220378950079)
(4.50222868061255 3.042543622405252 8.154981105456578)
(3.1446143954213479 -0.54164011893391262 6.8949096618684935)
(5.6797518734151256 0.3999139759123822 16.05626325043924)
(6.0367292863687387 2.3658303872504343 17.44894856523608)
(4.1444084066201334 2.8290354747021391 9.3473426983009027)
(3.4033496104440579 -0.79898717549932552 8.8642987492904819)
(5.3696317671459708 0.40345545070469607 17.286995596669474)
(5.7500430995916458 2.2693061179807517 18.681282531756565)
(4.3661047611119139 2.9484678311451966 11.214744240251015)
(3.4705745757148456 -0.94894651573855682 10.805189981986464)
(4.9986231806894343 0.38174407018296608 18.6185655989987)
(5.39751922640282 2.1773646058321443 19.987952718571826)
(4.400756493552759 3.0005346899268059 13.074981187666056)
(3.5409272391713964 -1.0942057146838373 12.633802874137569)
(4.684809156583313 0.37380115251489293 19.861691255056115)
(5.1028433867380478 2.0735142147539638 21.207782621573681)
(4.4525100537850939 3.0417567693308203 14.837217043721861)
(3.4985299001911407 -1.1866851887859278 14.281516949431982)
(4.3435860794189702 0.35767824759714806 21.02034750508297)
(4.7701674518429247 1.9849623201400393 22.321058376697327)
(4.3983063804075284 3.0480663646435704 16.45055989583761)
(3.3875639405420568 -1.1728384908519871 15.780465400976773)
(3.9967639358058245 0.39156877289624797 22.03291716198143)
(4.4297072845150547 1.8824735225607121 23.291800405001503)
(4.2723227452361048 3.0063779579030827 17.919588864873177)
(3.2791363900091723 -1.2488657471322875 17.094931744681109)
(3.6692256759373922 0.37677234063814424 22.953547818048985)
(4.0977752329099326 1.8145903412375168 24.145726393230113)
(4.171338655462832 2.9963716923641184 19.248908257714628)
(3.0507599645015704 -1.0286588402848131 18.288969514525188)
(3.301762533013088 0.48812964444685569 23.706853374608841)
(3.7244131724565648 1.6931644462695603 24.85437687165313)
(3.8994864001343252 2.8721895436998257 20.435841824589936)
(2.9444571033450715 -1.3179321398059021 19.210882008450735)
(2.9987174107493995 0.38757000584581286 24.442530592072199)
(3.4174286400007503 1.6895728387064901 25.499861529237286)
(3.8548119825598501 2.9352791690032896 21.472531341839538)
(7.1644213014823226 -3.3363130686407794 11.684008677610485)
(7.2166131337329587 -0.46910207864693348 16.330765332980469)
(7.375907324700373 2.5454130209591255 16.908318766242051)
(7.4010904277851166 4.8620613597722544 12.376610295226033)
(7.3803184779002908 -2.9858816786037798 11.687345524334912)
(7.896746016647807 -0.16631527005032798 17.718557020334671)
(8.0526759209525753 2.7899954023244664 18.402661023690925)
(7.5846347453545562 4.854095810243896 12.516568679507394)
(4.0729336535519787 -0.48121476302579697 6.4116308461592695)
(6.0689333644334962 0.73973617494716071 14.383942000158685)
(6.4779175592168912 2.6334777523690116 15.785530308462938)
(4.9951719686205323 3.0753344371067053 8.5796998847930723)
(3.0754037914595185 0.15183053782954953 6.2095814944883552)
(5.3286769047382645 0.99096025144515032 14.431876069397573)
(5.80459634770886 2.5243645443401128 15.985219573820194)
(4.3005543150638132 2.6858027888695997 8.7695305088315045)
(2.9989265969685661 0.0062942294339210243 7.6228962936653515)
(5.037089727233516 1.0035404728034576 15.401407937592484)
(5.548568696608128 2.4524623398015981 17.010691302794513)
(4.2902060247906988 2.693477189177734 10.120428521504243)
(2.8233466231452007 -0.043394377939962148 8.9819296906626978)
(4.7384689826002546 0.97785266516867975 16.493655576021609)
(5.2757982730064263 2.3582323712325906 18.11062537362011)
(4.2361603732193185 2.7060740206792078 11.480382997353782)
(2.7805988251709381 -0.16805865113826302 10.532099254501448)
(4.4827135884065346 0.9414363833332331 17.638668616248001)
(5.0472749799357395 2.2725508518401178 19.261796122965755)
(4.2437691177499195 2.7317808977627283 12.986699194039813)
(2.7283073803248472 -0.27222316884377717 11.916023768667733)
(4.2239867697866265 0.89763554913998544 18.731462827165466)
(4.7986092124569444 2.1867853326584825 20.32312617821583)
(4.2291584478032807 2.7696745476366038 14.387992635017707)
(2.6549365362759154 -0.31447648177069498 13.350630637801816)
(3.945439597076918 0.89351917756681032 19.766588603290081)
(4.5310384994575417 2.1060350208374476 21.321684387624348)
(4.1577462310510489 2.7990877635909399 15.802566397327972)
(2.6109423551957449 -0.46841101148981606 14.556454024223099)
(3.7009780584461018 0.84258593416994243 20.69528011890964)
(4.2782593117808281 2.0418423627984033 22.188007346874734)
(4.1253725612795931 2.8509145352033061 17.039955223322291)
(2.4960198002128453 -0.33085205192033185 15.863599426084468)
(3.3941280321786684 0.90881306403466966 21.547410526729287)
(3.9624071719703502 1.9580980683048257 22.984557800034651)
(3.9413076892716998 2.8591106610097059 18.326391310060639)
(2.442937810899652 -0.70663984422399173 16.69433125303765)
(3.1791260929171012 0.79735821579679544 22.27969200195265)
(3.7302239279131477 1.9459913154143988 23.60644858330555)
(3.9511761453839638 2.9232024108094201 19.250422253260801)
(5.2309218672534286 -2.4736057423178708 8.767895623315221)
(5.5955354421180195 -0.25680498900561616 12.698561691475909)
(5.7514013695945527 2.1798685380390679 13.098299077712309)
(5.4126424247633143 3.8901434016479528 9.1786125560163256)
(5.1735707680021221 -1.9721292590367767 8.6246905199632629)
(6.3237270623267889 0.15711811271066645 14.113943021444419)
(6.4476409890132409 2.5388003940241686 14.518345711209127)
(5.3456600840880206 3.9650809631029991 9.0059299894042155)
(-0.63048215427568688 1.8828620793500193 -1.167014703382915)
(4.0907531270547706 1.2734287675107436 9.6449119303036035)
(4.7389047084453848 2.5840009597421059 11.273377921223943)
(1.5909063482004715 1.9506053097884157 2.9922609218671026)
(-1.7148894202782383 2.253259864926215 -2.5689014090508588)
(3.2113069892446728 1.6416074815858279 9.1016784224157163)
(3.9736263962526976 2.5227140329733841 11.021778211403996)
(0.49401402650123322 1.3197904847610951 2.2193081985014982)
(-1.2437154562540722 2.1055770304558439 -0.67378710015052412)
(3.1592962876077433 1.6631058815077409 10.20916725498847)
(3.9418013910047676 2.5057450772267877 12.24176892346174)
(0.90496215830742954 1.5826103315103182 4.0355732624050988)
(-0.88997367541089012 1.9335652309001969 1.3991522357390838)
(3.049314786859084 1.6814185207495382 11.417883410048139)
(3.8570159008039435 2.4582970862770801 13.479267553646711)
(1.2421208480921717 1.7941066836370618 5.8360616776260015)
(-0.41466395750557616 1.6262861291650335 3.8535432581138864)
(3.0183616222799809 1.6125286576325899 12.78772268793227)
(3.8649147487346895 2.4077106410147002 14.868427482079518)
(1.6943611154319562 2.0184979309817646 7.831817698500001)
(-0.034952656879583988 1.2984396714726976 5.8591082963769159)
(2.9443549693051345 1.548650083207225 14.072709337576541)
(3.8167293043237387 2.3438777478164767 16.108401878224253)
(2.0464174233300332 2.1723399675971162 9.5878033235337377)
(0.27833077023751851 1.0629369462675926 7.8846927579711483)
(2.8766867120781776 1.4817192775611987 15.363477078099773)
(3.7610516952861035 2.2811896374450709 17.343056493916126)
(2.3708683191360489 2.3220202233273706 11.39153761654102)
(0.51827745206918652 0.76426347036492903 9.4692818995544421)
(2.7926990670759215 1.4013906309509994 16.460823124531338)
(3.6678318337959399 2.224941384530009 18.35178110139142)
(2.6027850888221642 2.4413360019680708 12.82520190079604)
(0.74982932112044842 0.67855965361729809 11.24562081683036)
(2.6834364078590469 1.3784372548134023 17.593428034211541)
(3.536821781637169 2.1693492167731852 19.402413211846909)
(2.788268867022321 2.5796480821022887 14.482422885097483)
(0.85983660031310016 0.28064902005637432 12.276986509903686)
(2.5712168221504701 1.278885203214229 18.380657982658871)
(3.3750121499683488 2.1418112705540611 20.016791865003515)
(2.853673294526057 2.661392679446998 15.336773623231819)
(9.3480901227764193 13.282183203165493 19.347483783654742)
(5.8191525413552627 13.483964566728147 23.282580354292566)
(2.5356399597535395 12.453448564723118 26.227058912829197)
(0.30481646554628311 11.242480030995463 27.523209354718752)
(10.460080822379343 14.473834433483127 20.892424978444016)
(6.9030142022833925 14.674857782548568 25.520502081243823)
(3.3629612555273596 13.494837182293537 28.687079836792726)
(1.0309375709130411 12.365560573605187 30.490714474182646)
(8.0130100334578653 10.878467994218097 17.738927421688981)
(5.6466414399267606 11.804089011566726 22.888191914073044)
(2.7844396131639422 11.065885785153279 26.217280175052228)
(0.97507685731255012 10.689910404462028 29.231186643663616)
(7.1223340068183445 9.7663704605927038 19.401406147805634)
(5.239957404224727 10.392308301200091 24.008828596017317)
(2.6155378326968277 9.7250875494788023 26.942461204115766)
(0.93741181785468897 9.3699280294810574 29.652544019089213)
(6.5430763183462641 8.9708711869335325 20.521934143203975)
(4.7373844379937218 9.3936413493630599 24.869385771423612)
(2.3327564876620035 8.7195236948611416 27.519767703292448)
(0.79584975929339963 8.2503133277571852 29.98540836924662)
(5.9565576390693451 8.1736680313920669 21.946134357117693)
(4.3858744218135826 8.4189990554611551 25.971849414150295)
(2.1478165284671284 7.8003405303994446 28.339299464009795)
(0.71577203681294166 7.2294498908910532 30.498670880359629)
(5.4631772784420978 7.4955408069324649 23.021026010201723)
(4.0016433335438037 7.5970655529760087 26.82863109891116)
(1.9543882047270966 7.0114909488111667 28.947581395403247)
(0.63355924419388043 6.3451969772770234 30.896773622454496)
(5.0009200370019213 6.8842388287636815 24.143876242601944)
(3.694835485179131 6.8305339101044895 27.708238387949521)
(1.7957906130189989 6.3178517096234268 29.590268441168778)
(0.57044788638518384 5.5517281042964468 31.320239010622473)
(4.5439742200879634 6.2558545583292 25.033361744738784)
(3.3566864384028752 6.1286838651906201 28.410322585106137)
(1.6415617607139992 5.6631631217470471 30.060579354288116)
(0.50582265124679204 4.8206601118310148 31.656047870652571)
(4.1872782125033483 5.8732980458331401 25.950062311882377)
(3.1174792199308752 5.5410106176596559 29.117429432333413)
(1.5116048990286117 5.1818514442916612 30.55877376078498)
(0.46190436425325815 4.2315884584888224 31.995976440381071)
(3.7654996316506031 5.1376753890274154 26.587890050116346)
(2.7907251190217779 4.898835540163704 29.642962926778395)
(1.3958062224455565 4.5809279626217823 30.847270010621877)
(0.40187487739735467 3.5798747250195158 32.249380920375621)
(3.4392313082406782 5.2558069172232047 27.443718306873773)
(2.6485849426878616 4.5876835116773158 30.271022624504031)
(1.2507373367651817 4.4221753735263807 31.303068063610247)
(0.34435628729244144 3.269097686590313 32.537013266349057)
(5.0008625816148324 6.1560807906637258 9.4145522777350514)
(3.1201872438543874 7.6957979559258805 13.645364752616141)
(1.4364131653618442 7.9329952296921267 16.926869077238941)
(0.37575794744263968 7.8878813678284354 19.194961696567425)
(4.7759646908031268 5.6274818581360631 8.6369019222955323)
(3.348622080001876 8.1223675522745626 14.303092391878907)
(1.8204150162953749 8.5877885922695523 18.368864141398095)
(0.85018526520953586 8.7724549391684423 21.3371324869807)
(0.31725940186733892 0.29465161232840809 0.75626686683347188)
(1.4454349263113455 5.2973645056903136 9.8083996371655875)
(1.026320978381658 6.6320214853429729 15.322899601331978)
(0.5499577293453608 7.4802026975611193 19.520234538977547)
(0.41114390135945272 0.44814333946812457 3.1240730938343493)
(1.354465823696863 4.9211718805514639 11.089014494582848)
(0.96189532511262044 5.9402577612221821 16.130072782350187)
(0.44776579408792183 6.6083681133812089 19.829418391019711)
(0.8770799693677036 1.1038150158916262 5.7601212339958874)
(1.5504177722833536 5.0125169768987758 12.896399286347547)
(0.99165864883891386 5.6694959889267178 17.44598144685833)
(0.40437698573151942 6.1102210923142026 20.701277239076571)
(1.2052690179485699 1.5368349193617561 8.2170541795870076)
(1.7069034458009753 4.93310939538918 14.712954648833247)
(1.0343052503066705 5.3249223801068819 18.819602409380511)
(0.37583110883287207 5.560840016526452 21.670922376317339)
(1.5102115721085754 1.9472536629772019 10.464964727320458)
(1.830376620872914 4.8754126015594768 16.392182698135187)
(1.0606001695133751 5.0471001402169646 20.102561352650575)
(0.36150074942564236 5.1147144822755379 22.634562607501934)
(1.7168405043350221 2.2076303581825116 12.462580772998276)
(1.9188657070778432 4.7205990802161955 17.933293295409495)
(1.0833075392229949 4.7324090451817877 21.268926513722739)
(0.34490181193320418 4.648548098835759 23.511929741387672)
(1.8403393700439326 2.3926913878919067 14.308278890741915)
(1.9385593790246061 4.53138782568411 19.337179959455124)
(1.0745433889484339 4.4286821593839436 22.317145608679226)
(0.32288286670021565 4.2127798303825337 24.339340496583596)
(1.9321430126190293 2.52135499439696 15.865262629266745)
(1.9742839774931074 4.3403309572846629 20.594563390026032)
(1.0769910628774018 4.1455250533837713 23.229316215530016)
(0.2960776004644684 3.8027140088363689 25.049511540928268)
(1.9086364501918545 2.5518900285794506 17.430321399285553)
(1.8971539070071273 4.0586916249792502 21.76841198862618)
(1.0293798395644169 3.8376590860753885 24.069370522493927)
(0.25784909899463349 3.3730703854634076 25.762819708737378)
(1.9084216293934335 2.6130519297027579 18.46963629873872)
(1.9132493648806392 3.8963259908683359 22.732604274087485)
(1.0177999304492349 3.6217215076423916 24.71978928377008)
(0.18910423146422201 3.018872594540265 26.262568174445025)
(5.1403239283229283 6.4388368753524832 9.9888568227529149)
(3.2234844648812411 7.2486542591386671 13.428398526094798)
(1.6240054832597792 7.5006955019911148 16.467905747996948)
(0.77043058892074867 7.5671827259838498 18.53162414918684)
(4.9771134292489894 6.3121022965151976 9.5807680774914772)
(3.4684160020793455 7.8892079945776796 14.330658156447516)
(1.9209594499560492 8.2467691730581958 18.006952256226782)
(1.1563958108992447 8.4324491508730617 20.580495837738887)
(0.51606142848559022 1.3077895499249095 1.790923808965021)
(1.1635478259224437 4.9209941670097814 9.1036471143017028)
(0.79006934040278676 6.3794183611956612 14.626857586398563)
(0.62390819242992335 7.2500178310199166 18.586263180684277)
(-0.45464987053711392 0.073587431912531448 0.83593152528042747)
(0.74731503969788204 4.1603535673611489 9.3467584382218583)
(0.51006964242639374 5.6503746368007235 14.725399080301727)
(0.38223847063350741 6.4203157048816335 18.39565204601173)
(0.47198595306878316 1.0906055436120841 3.7951273653610356)
(0.81052286295285214 4.1362034369893275 10.817625413088205)
(0.48854969469710346 5.4066557635125587 15.795164207879109)
(0.29867676258235376 6.0048903707925554 19.118643935926407)
(0.8749067508802798 1.3563201679325152 6.0613599486273637)
(0.93632899451570928 4.0266235384826201 12.269255396372612)
(0.5313742625894291 5.1452998226280187 16.935979218739046)
(0.26717742195974176 5.5763064214019824 19.908039054534271)
(1.0925291141340798 1.4938907029158843 8.1402293569603632)
(1.0443067888912185 3.9806775696476571 13.776929694473012)
(0.58541358222055562 4.9436254902021917 18.137998449721866)
(0.25602058265015437 5.2223806671173865 20.810266852957991)
(1.2158054720638347 1.5222378287204685 9.970612237205442)
(1.1730248261848875 3.9038195236685156 15.177136925002021)
(0.64910797867193859 4.7284669643601038 19.239257897392843)
(0.2549763147979765 4.8603365198246884 21.625803903193049)
(1.2836594932047143 1.5959364442361854 11.748655591730678)
(1.2660278097821833 3.824187915650247 16.575017114617022)
(0.69488079525870527 4.5067676677171349 20.303372015401592)
(0.24619325116652244 4.507502346287942 22.451210849028062)
(1.3944232844659714 1.7133221317803748 13.260223996242395)
(1.3633573222125648 3.7547580251256059 17.801406833577424)
(0.73981532389481108 4.3111809479434733 21.216894933029174)
(0.23722789477132328 4.1717542736589692 23.140918563833985)
(1.3845146649722724 1.8334761368134513 14.865368290307323)
(1.3864006302352938 3.6324077456523232 19.081883173122957)
(0.74669825192934325 4.0618086221962999 22.131276254738555)
(0.20175884570775407 3.8012696305819191 23.891925106610451)
(1.525521302154389 1.9784804959055327 15.97288389672495)
(1.4076685072364172 3.5425284771713836 19.990336246417147)
(0.74333620018156388 3.90990906935445 22.769777758474575)
(0.15364566066773711 3.4803338175037246 24.353711165011937)
(3.7609793241015108 4.3056953653217143 6.7670592734298021)
(2.6865637305312347 5.4271748858729145 10.236645464211938)
(1.5610736895603601 5.8211232841225451 12.895569813129258)
(0.97939946648593856 6.1670471217835194 15.025170100962606)
(3.0998362744045065 3.3519555207245726 5.210565848240857)
(2.7408225552261984 5.828369370812057 10.854961936201937)
(1.7028729532694344 6.5233246807006182 14.276737325893638)
(1.2391182559530851 7.0498706805597147 16.94577830060182)
(-2.6817269576238205 -3.3100494204455035 -5.1619382179836251)
(-0.3918051867031373 1.4171473244486912 2.7222814877863226)
(0.27758460455224532 4.2644281338662218 9.8283790676847733)
(0.48562921507005319 5.8262459804867381 14.443352805703896)
(-2.7459063784901701 -4.000025600255797 -5.9100121455943464)
(-0.90548508470148659 0.46961359472722919 1.8664871606245248)
(-0.14409086317309483 3.4020719598688154 9.2862864453865512)
(0.14339237922632664 4.9757608593399123 13.77057578180526)
(-3.0930536302423555 -3.8908317318694228 -4.7703216706609535)
(-0.64926473144921071 1.0063092331239214 3.8776953112429897)
(-0.15038584841601169 3.4850978217302835 10.615004734757399)
(0.04607116871798278 4.8028655239874993 14.662490059678122)
(-3.1773213180087785 -3.608462697896563 -3.2532214864769733)
(-0.52640341010440039 1.2597631202596333 5.6329238312678021)
(-0.096819865270939803 3.4816076061416359 11.934146057486435)
(0.018810504731448213 4.5606858248914959 15.560043560001821)
(-2.8050589037062368 -2.8706041942437386 -0.75768338457353512)
(-0.30403163406783329 1.6263375369033626 7.6226481507541033)
(-0.0052691250642026887 3.5958314106483287 13.449984498562733)
(0.022672739429431231 4.4261794407706772 16.671076936465813)
(-2.0323854123186047 -1.9373198495843313 2.0066158182948608)
(-0.08578795786339688 1.8611802607087669 9.3818207841286991)
(0.10707358808761563 3.6247024446271738 14.765774517152114)
(0.044218834442540315 4.2217702724959372 17.617690203804024)
(-1.2372762143729221 -0.98919967156218191 5.0429070129904989)
(0.17808849669857876 2.1397282892949483 11.248446697917501)
(0.22195407647343088 3.6633349566725943 16.111752814132736)
(0.062582505916450815 4.0445437603142427 18.631565403113985)
(-0.52638950009796726 -0.20729005640781745 7.4719624935436224)
(0.40539088123039863 2.3254792755536511 12.755444988425332)
(0.32657778720883218 3.6369004349121026 17.177766384613122)
(0.081529109697935198 3.8095638350274452 19.402152796942669)
(-0.017745575985641554 0.49452254642725957 9.9545876193118321)
(0.6039815097121457 2.553151984977347 14.467189922954196)
(0.40252275089848177 3.6092476794472197 18.378698220177601)
(0.069061075732765514 3.5993827566396788 20.347034246326441)
(0.51266937932871748 1.0392979512566283 11.552923239563812)
(0.73327554006003504 2.580643233617383 15.442348151601953)
(0.43498334581118508 3.4734635683469968 18.986190102666516)
(0.047812549105148011 3.2517421458937297 20.733507545174543)
(-0.09376065090166158 -0.92739503435207171 18.71926445303977)
(-0.14236557668940508 -0.081099227756090075 16.724271967438014)
(-0.16004350727516004 0.41439458001347723 13.910030184983036)
(-0.17089197299344136 0.38557555854192943 12.049638550328977)
(0.0012458129189214793 0.2171928291108404 18.312226881775281)
(-0.002216415137342575 0.84851392121882774 17.514827583037416)
(0.14081074143441327 1.1238553003905096 16.446760274464914)
(0.3332856724660313 1.2068453155087351 16.670949966296376)
(0.12556552160243403 1.0127279101088562 18.681378899214369)
(0.19443137653044759 1.4917205336408215 18.333704453431043)
(0.48652821836595844 1.6097222987817632 17.773212341228568)
(0.78610680020943935 1.860110544108194 18.416786662708013)
(0.24657664777190369 1.4941812234305873 19.253553092072085)
(0.38601395852626147 1.895332229860152 17.905470219896529)
(0.79818938842105969 1.649878808220119 15.876854830492393)
(1.0139147036032503 2.1383627789515645 15.105936979228364)
(-0.14114226109991918 -0.72485737106768444 18.17777588779947)
(-0.12139523606937583 0.098511283474098654 16.125141735334601)
(-0.15217113484748196 0.36073049672807384 13.497963919868832)
(-0.26774428566080877 0.11317631736212641 11.592117685629805)
(-0.10378449404110696 0.13075088064884433 17.323258396006157)
(-0.096947802784181719 0.72212910151472731 16.52693154916507)
(-0.055193379067151722 0.94130912977787662 15.549609258615414)
(-0.056326816312061254 0.95588025827159795 15.72693564591977)
(-0.0076688769433724191 0.84424686143933891 17.877171780478271)
(0.063230330619198472 1.2326853120128796 17.562802865525995)
(0.22814853864866705 1.4184033173838175 17.09870866968361)
(0.35394463154521777 1.6208348424944155 17.766217757726491)
(0.12341699046099494 1.1701428734428518 18.731199260687653)
(0.30353592950045361 1.4372721704984182 17.538352858526473)
(0.57155041095878756 1.4748169714087833 15.853440767837219)
(0.64737534931640384 1.895340853346325 15.200764225083361)
(-0.13132528011617214 -0.21518384044765126 17.692156200162934)
(-0.033921751747165399 0.75885384596447136 15.508810182376124)
(-0.035029448170305892 0.72904696576700512 13.127698632083353)
(-0.20627878884511297 0.76003055981787737 10.955901812156254)
(-0.21580026163610305 0.59273520519265976 16.664739003736891)
(-0.22889578114146991 1.271050882226852 15.770449359123651)
(-0.31545277550001105 1.3268629824282709 14.868716367848879)
(-0.47005915893241201 1.4602578531763901 14.811337597771072)
(-0.11476811661244303 1.4299867213475608 17.134363879369168)
(-0.1080413287055534 1.8586851276316152 16.734791153915253)
(-0.068511399413738433 2.0269407214756998 16.267543208153104)
(-0.090414760740190211 2.3242532280930415 16.798837484159407)
(0.10031114889722265 1.5662300762800752 17.840447284911182)
(0.24874845615383595 1.878841204795537 16.698710733077597)
(0.46510396594681697 2.0449617378919771 15.140930511376292)
(0.4899446687519034 2.5688664428562968 14.527057107273544)
(-0.012423969801721769 -0.75615565263964368 17.206514079295758)
(0.23971639503270487 0.20923354867418473 15.022264940840717)
(0.35904452861240888 0.001517056354820328 13.081932754695877)
(0.24228947900680076 0.091801725606933879 10.939333843195369)
(-0.2200580383207264 -0.21329382607221123 16.494019841447091)
(-0.14906592062851223 0.46085738685945077 15.489033993792685)
(-0.20675732873957861 0.35083097799846102 14.71708307615061)
(-0.35113252728424915 0.45431239426327358 14.477550279562815)
(-0.19276633735605453 0.5400395388814494 17.392395997376674)
(-0.13246646938638446 0.92043731668499318 16.884796767409444)
(-0.1366119179588666 1.0453919168964172 16.353908607867883)
(-0.15238626783235329 1.2493813787966508 16.775107393952737)
(0.039192001693699456 0.83121178309956956 18.148897393583031)
(0.23397526135617988 1.0727892323962411 17.124757263199381)
(0.38802324363314283 1.4194747829622718 15.625316533326403)
(0.41138106946963421 1.7185833156792554 15.100102175098264)
(2.3834388136007703 -0.023934138660480629 12.922294186656144)
(2.683220397148514 -0.009291545975569972 10.73824328215191)
(2.7107266854034977 -0.014615026388823869 8.6142471431768985)
(1.7455111459654549 -0.027806573312675793 5.550275297580078)
(3.0198762528864345 -0.057914221196621145 16.561204528353819)
(3.5200026288027129 0.0059585961742116538 14.504145916468666)
(3.4987564069009611 0.036286010396354991 11.662839324173303)
(1.8542217446283951 0.085757238911174316 6.6080884393789905)
(1.9787839174596318 -0.42333233514471813 13.831647841298794)
(2.5298902542705779 -0.047165487266977391 10.422285294593216)
(2.7445270778797433 0.073147732760879811 5.7839656253758553)
(1.6037939283712637 0.13391495433636552 1.5866928251435986)
(1.4205626935140783 -0.842211616566924 13.447262690292185)
(1.9057089018275652 -0.21491167176388482 9.2650088898097209)
(2.4414797027010886 -0.18903635446025299 3.9791367705498071)
(1.3242511151150798 -0.086433980766885146 -0.75952021835600603)
(0.96470506421006019 -1.1161769086434112 14.377191765970293)
(1.3421404880747441 -0.34955287836798543 9.9799241498350213)
(1.8908570253672465 -0.27906943305872417 4.3741703921472324)
(0.81493518189885139 0.055619870034438634 -1.5056754330152358)
(0.66353764122380143 -1.3540284830043932 15.254175222277446)
(0.86359788040166152 -0.45588649667110037 10.786849547366835)
(1.3248301041432506 -0.37061082792718897 5.0034281887113616)
(0.50903903439422593 -0.22471712396237775 -2.0021254127135832)
(0.42648332794172977 -1.4891368400568612 16.226190049408437)
(0.52782647819420347 -0.49962910431805846 11.875765209471458)
(0.90503124380563138 -0.34921730385196326 6.163492698685423)
(0.28997615811623279 -0.20323945807570029 -1.9789286461748714)
(0.252023118671649 -1.584299095705749 17.048938371969729)
(0.2343576682244046 -0.53027222072504621 12.877492372820726)
(0.56275380441238698 -0.32947310427120591 7.3649189287041148)
(0.13930775885110361 -0.34258295091142987 -2.3684077430248172)
(0.12339220496558197 -1.5934703109980437 17.863742278351598)
(0.04900794950403279 -0.50448817319082284 14.114911461169811)
(0.26763172959297327 -0.24135796429249451 8.7723354082415099)
(-0.17649014490372739 -0.056812991572632268 -0.879677462409578)
(0.0031100430084881796 -1.571366917776075 18.452188859142225)
(-0.1591858381479106 -0.4896715181637894 14.923739068757461)
(0.0085689371660228608 -0.13820331711085146 9.8178235719197406)
(-0.37649607990603234 -0.072051135853283654 2.0491936873003969)
(-0.055047225795746786 -1.4414504137558877 19.17176975132023)
(-0.20987965296652386 -0.38894746423322396 16.257908544914297)
(-0.17437917544760845 0.024428435378265164 11.831463686969085)
(-0.43187023645600503 0.21113792630419442 5.3826368457418274)
(-0.21809662063971863 -1.3305017082491351 19.023733301089297)
(-0.46293063526331973 -0.36094708612236825 16.320316566937606)
(-0.46202624319978292 0.069191795736850775 12.072364241532133)
(-0.63373884890290699 -0.0038641391430338269 6.3671762525042688)
(1.8399181271510721 -0.013276281897461155 10.376363719292589)
(1.8815572216353218 -0.0083981606567798371 8.5464994315894227)
(1.7478302116159543 -0.0069038491067359908 6.7463380912695854)
(1.0062919682297911 0.0038865646248149848 4.2002410679443543)
(2.8515102091972468 -0.055849308300685602 15.932744653950632)
(3.0514884506034172 0.0061449159703829883 14.174827614382407)
(2.9365517158270644 0.021912032889579321 11.513674927445733)
(1.7838334050854141 0.01347917651011043 7.0171729151263449)
(1.8660867863288919 -0.30275522971691093 13.525588691329125)
(2.134252036226381 0.042014764189056579 10.615995382096097)
(2.3231798879710146 0.090810747461887761 6.8288860940971947)
(1.4836353926093306 0.15677797039968544 3.1594599081103829)
(1.4444812403016987 -0.64448569589458304 13.478619456787035)
(1.7111935946416659 -0.034530708515930708 9.5772396148338679)
(2.0954989480998778 -0.0060446053182399099 5.3645234682097405)
(1.2992738040216296 0.25483336933808282 1.8795388672905484)
(0.96405053184824852 -0.86323390649899012 14.375534810456408)
(1.1577064348470005 -0.098584546095418363 10.018632394245619)
(1.5864955539386034 -0.085626257548075319 5.3009485542777623)
(0.81004809696891467 0.28966961929395807 1.0532188176301542)
(0.68197307777283023 -1.053480721869702 15.253322967003617)
(0.79511527573471596 -0.15526448361025494 10.641635791063541)
(1.2258611456728035 -0.16227409098295167 5.7205262035838542)
(0.44669290435790054 0.19786021623936961 0.19067357886652334)
(0.4173250072395332 -1.168193905634862 16.119777022937093)
(0.45296189437126005 -0.17959088585533356 11.510933269133199)
(0.80853871515216624 -0.18465936836031663 6.4173417369275549)
(-0.03286286056352946 0.14512416375704082 -1.0162807316465665)
(0.24146039090508203 -1.2389068901294935 16.847749461321072)
(0.21661232386412985 -0.1854537211119929 12.324919828618883)
(0.54135515065950135 -0.15165349838395265 7.3439841306940927)
(-0.17797730289689206 -0.045730725836552077 -1.9219759555205638)
(0.087957238184563954 -1.249712830506676 17.504738319192722)
(0.024937976110136484 -0.16095535690987561 13.473257589459951)
(0.26546281518206272 -0.086980156970796363 8.4009922475508887)
(-0.17070637047094811 -0.17573445388704054 -0.64339054667155049)
(-0.03066612319643133 -1.2273152117946229 17.956649528876166)
(-0.13641893554200302 -0.13817109487132218 14.132640228456193)
(0.076231756195794156 -0.014664782265350094 9.2510177303122738)
(-0.13862990051061877 -0.33921978634372868 1.5344861102281959)
(-0.1111171179983831 -1.1274106452856369 18.44677954982431)
(-0.21149989951219986 -0.069199543272732492 15.449488550528924)
(-0.088414405153568812 0.091745701006170521 11.206986518009812)
(-0.1403874388952473 -0.12516062740450878 4.5228901019061105)
(-0.27511160450693073 -1.0324136037550942 18.160602485428068)
(-0.43258126149534731 -0.045951211850510057 15.2595323155186)
(-0.33666488530108746 0.13651052918479789 11.225438769118092)
(-0.41924093445640914 -0.27848935091558058 5.6817239758070652)
(1.2259121983871262 -0.0053352220618774248 7.1062246391761867)
(1.2890507149247463 -0.0045353438896838056 5.955169487717078)
(1.1702684458496817 -0.0040124338014600868 4.7020698531312952)
(0.67296440461651696 -0.00034766139941954174 2.7364305074950424)
(2.7435084456393799 -0.026113432954637542 14.051066737861483)
(2.9046735376248356 0.021432470090173607 12.719559321036947)
(2.7515391952762189 0.031561928845829333 10.656585442084484)
(1.8430897077824058 0.028325520574425424 6.8022267180237019)
(1.9271490774094424 -0.16029300300609264 12.039319629118458)
(2.2811430177945349 0.14598565037742262 9.8558149182971704)
(2.4901124426061467 0.15531430309946945 7.1419292968084234)
(1.8447938093359966 0.1475398862448831 3.9671489252932464)
(1.6041712661958887 -0.34739391943303982 12.283920870258479)
(1.9675612358311807 0.24967664929167122 8.9865950485268193)
(2.3190620288413482 0.23013712897534164 5.8587600072714947)
(1.7591823785927163 0.34828801686684585 2.8034250741722899)
(1.157228492679536 -0.49750785443569845 13.396836006606755)
(1.4891157719529629 0.28412496221615313 9.3309861052173968)
(1.9572479738092463 0.25577050334836327 5.6991117756640781)
(1.4823582781341718 0.4478895438219988 2.2920015685913828)
(0.86688248958110758 -0.6179459019582717 14.378113388094148)
(1.1350899083864063 0.33178927745563025 9.8553270575252121)
(1.6338479265422745 0.27103032045499331 5.9097276078744683)
(1.2309092138025051 0.5556912481746431 1.948612016913243)
(0.60490542140810855 -0.69922506864477985 15.320730478576731)
(0.79879943825718669 0.36094594697006471 10.633463350409118)
(1.3042070234790648 0.28794544973373204 6.4446302633732966)
(0.98088058519970234 0.52526341828936207 1.8047132468567377)
(0.38674821815356875 -0.73934924251636247 16.066286910604898)
(0.5281651239024826 0.4080213354283232 11.340972698293623)
(0.996883122932538 0.30703624129266438 7.1365925804803361)
(0.74487804526730206 0.44392570053546276 1.5951478572743876)
(0.21407456020672916 -0.73729776722661167 16.739951958286554)
(0.27883501589867549 0.45528463971952343 12.403121685477643)
(0.68661858459057268 0.36703664708537986 8.061882848589752)
(0.51579713431935381 0.29840081220614845 1.7013637784737996)
(0.041793783311285727 -0.69366990232356618 17.174059041326554)
(0.084070297024623541 0.52473553062354095 13.006484138564602)
(0.42619121114017422 0.41908215397742921 8.8015486038064505)
(0.28933667235478061 0.31768146889328769 1.8857331627745277)
(-0.054278960502832416 -0.59641323694969617 17.617094781152474)
(-0.07195899357044365 0.59784228180239674 14.312484937801129)
(0.21938143259256401 0.51720902829802606 10.524107206067317)
(0.15468982186125729 0.40930071123928657 3.8379754554981229)
(-0.27750220499182265 -0.48434498025513861 17.303334654907054)
(-0.27919087785102698 0.66303327309548743 14.217378481858967)
(-0.051960672718882037 0.56084136780128346 10.649374068905205)
(-0.18318700806435337 0.48847337770708338 4.4490131236002233)
(0.64343804837082841 0.0018096791807401835 3.5904830433064032)
(0.73460460940337535 0.0043604322972312466 2.9996382561861679)
(0.63905733440041856 0.0015258060312047734 2.3573384997186135)
(0.3693117225767828 0.0046204616781587715 1.0747608085059199)
(2.5727824322846895 -0.026250053464834618 10.254883625919648)
(2.7414518348227817 -0.0014194639193012238 9.859923625328209)
(2.5430222945274101 0.014052569223560133 8.7982957095565055)
(1.8658930189182747 0.0021404505591570014 5.9316175586509008)
(1.9023617442266298 -0.18445334230410187 9.019599500664075)
(2.3267070553611435 0.09868328765075178 7.6090061396888506)
(2.4693501764526138 0.11257917698292749 6.0632107270314064)
(2.0016682532729133 0.11435629686000655 3.6418836899894145)
(1.6426532172049526 -0.4529056556415908 9.6087623439388086)
(2.0425001907153053 0.18012631275365334 6.8265736839137645)
(2.2615433368448201 0.19247455228787505 4.8196931272217007)
(1.8663514911281727 0.30124865726729727 2.4029582133239487)
(1.2249871301498891 -0.65723355070820055 11.285709464927022)
(1.593651598089342 0.18888218131489809 7.4180053268511461)
(1.9195658601024803 0.21261238337848851 4.7113186121270338)
(1.5634031607725025 0.4880109330577575 1.9001091470042366)
(0.96678111909864861 -0.82812936362497214 12.478009271764604)
(1.250535876222334 0.19624386697092785 7.9570840586998486)
(1.6183702645037776 0.20444084937871243 4.8403912930578441)
(1.296236631053014 0.63609408221999908 1.3968838523674805)
(0.72061796454017946 -0.94347147934802988 13.66775229889376)
(0.95406142810772077 0.20245456124670105 8.8904402419339039)
(1.3539474711784674 0.18265232641908857 5.4081910244096463)
(1.0151626705478876 0.80918268708114127 1.2627048022844793)
(0.53440204794518598 -1.0254391872555604 14.515734052404417)
(0.71322333090540024 0.19139602495674848 9.583773000244685)
(1.1380486135986776 0.12561825219642866 6.0926083924923473)
(0.7474501160090149 0.83019462919508091 0.89141449816139773)
(0.35247537190354405 -1.0508461750968308 15.34354891197084)
(0.4958197349121764 0.20401549027008853 10.814323318297724)
(0.91700949847332824 0.094403648165106491 7.1828097962004103)
(0.44711477581067538 0.86794226031220367 1.1025876303160205)
(0.20390031191519209 -1.0507184132419476 15.795946898147012)
(0.31537604099094096 0.19640792802407589 11.327369009550836)
(0.72490603339953397 0.027752870682413246 7.9436742462261183)
(0.21080311783082117 0.63691931507521493 0.79953636634424718)
(0.061966485950979193 -0.98089531701449151 16.409399338318131)
(0.15961860025048855 0.22496475585992892 12.954272564675808)
(0.56460231621667012 0.033211821524131109 9.8787947519699948)
(0.16291197739650526 0.53045913658370258 3.0635077993108273)
(-0.11939907162468832 -0.9181681327858453 16.107590710387186)
(-0.034889351108634954 0.22685995837208092 12.637399162721092)
(0.34092289193029673 -0.0023454613372214756 9.8280928241595813)
(-0.022976001466770681 0.19726151035980283 2.8992046604788784)
(0.0075708334442921811 -1.1317570134863806 7.1805114417936986)
(0.0062096575677088248 -0.36215230017385386 10.451306222276893)
(0.01306227041841585 1.6193048956060543 10.951505402781084)
(0.013611416385896526 2.7251031748547452 7.9015277535382804)
(-0.044809413359987345 -1.1187788025705949 8.5474809444070416)
(0.0079715950504317262 -0.074530294781360473 13.447386020635065)
(0.0025554963287584098 2.3924028159361939 13.894445161915044)
(-0.055687706171539862 3.6425224006855736 8.9604441034649085)
(-0.10719338073401552 -1.0994808437407697 2.4693361878710869)
(0.088026556001509035 0.44729799830639677 8.9686747362109056)
(0.16460364570116076 2.799126746593382 10.689465185862142)
(-0.054739123168198615 3.9675354562842968 4.3269767632614604)
(0.17965356398343194 -1.7132433692496472 0.21192630436806342)
(0.25185150482866386 0.56764721689230202 8.096491941201613)
(0.38096498057649392 2.7425685152888284 10.178013296322552)
(0.26851373382235755 3.9793303582018997 3.4530721675005607)
(0.10467658645416933 -1.3206993183249407 -0.1156515902016009)
(0.36982755843055715 0.74288079829486042 9.1857149376961438)
(0.53022330965493414 2.6727928447866671 11.377891390197343)
(0.41773410032422148 3.7482241306826189 4.874819816218892)
(0.091882414505683158 -0.63227036648547974 0.50777547661852718)
(0.47227775295111191 0.97412194099619132 10.164884581612798)
(0.66847207071879844 2.5713461345462294 12.527589511492742)
(0.62403379425846495 3.4996994006037681 6.3494928229588297)
(-0.14485949418738076 0.20962667562542892 2.6504424613763837)
(0.48600534750848134 1.1526691015839188 11.385140928191813)
(0.74896827003404964 2.5220339718177183 13.852821341279297)
(0.73629407077705156 3.4028803651704793 8.0904551716960427)
(-0.20374618605572509 0.47555780624856925 4.5530127274815415)
(0.47939328765147943 1.2599397108030284 12.575544036781642)
(0.81548656239086414 2.4088069001357684 15.037928032857804)
(0.86767572293902018 3.2376154357845754 9.6536013946502273)
(-0.3018704738747352 0.69491655754005022 6.5009944986219637)
(0.44911866859366462 1.3269488113022059 13.851378961368322)
(0.85073973688873583 2.3313260240957536 16.222125542482988)
(0.96945525805232957 3.1130235555331929 11.257766674230615)
(-0.31443312404036095 0.66579652023675373 8.1735741875095496)
(0.41604972500805398 1.3309198742409754 14.917520909553211)
(0.86037956589408926 2.2012952446796383 17.180718491998942)
(1.0231078533335858 2.92591014055846 12.541223890966034)
(-0.30774926070320308 0.9113856639100576 10.026632012266909)
(0.38581638736819623 1.4474742734200663 16.056645769350066)
(0.867338047329827 2.1727840691146492 18.170541169105043)
(1.0853806403034225 2.8234338824500353 13.960860918846121)
(-0.29518689751849331 0.54823618283444919 11.09733003266385)
(0.31455400780592302 1.2753330475474531 16.737525547159493)
(0.80145143851782574 1.957505056108795 18.574780437142156)
(1.0165967789106367 2.5311234000149025 14.523354942887018)
(-0.00087639739668689872 -0.36112741796469167 5.2088643948400071)
(0.0058685395300454683 -0.092449805789676154 8.4024267430993866)
(0.010116362469029423 0.93093949838437662 9.4553052178128585)
(0.0064524206535638354 1.4801355068036119 6.8676592073066045)
(-0.0077274473801624676 -0.24502541893972762 7.6393597132834747)
(0.012860194084973329 0.24702311127576426 13.17218430586002)
(0.014816785097138484 1.7652567137518098 14.405215127775572)
(-0.01318073136787876 2.4211238924978362 9.7254884700449864)
(-0.10977372248830783 -0.14060268730460246 2.0289245038673309)
(0.013347173128788758 0.68698932380140909 8.6674810602840822)
(0.074425587142393335 2.2141030704163707 11.421124581258649)
(-0.036902033476000969 2.7962205265480291 6.4331917284605229)
(-0.12085191852914899 -0.23763176708995581 -0.18437387961090462)
(0.058945346003461629 0.66779290010647641 7.6953909544996719)
(0.19257250581888144 2.1875131337286908 10.87318339487142)
(0.10900446832064017 2.8707200753347708 5.9805137096417313)
(-0.1191356618768649 -0.069440788407830745 -1.3421249885255839)
(0.039290463840233512 0.82043424700433332 8.4703873463657118)
(0.24979867760177371 2.1798104325600027 11.799197966535038)
(0.2295745730859351 2.8379792230364327 7.0213176854613568)
(-0.12175137761783186 -0.12626092838235856 -1.3541413881110926)
(0.010811916330182605 0.90031201627560731 9.3717770846837407)
(0.31521444129226889 2.1370792095602105 12.816476192832788)
(0.35899350299361665 2.7773109061051033 8.2705252589674618)
(-0.1997533304288947 -0.045591940900170831 0.39787413523097065)
(-0.017598692789630603 1.0417070900961394 10.511326437465121)
(0.34962112825347541 2.1344080459254871 13.931050035272223)
(0.46367638636479175 2.7674874597683035 9.6548479196573513)
(-0.34065175262430059 0.10511187869271824 2.9981230669771683)
(-0.038946610339038179 1.0857753408438302 11.674569311420008)
(0.37912908722630495 2.0742937093466294 14.999769133547449)
(0.55242328594243184 2.6956026068845209 10.993472836296352)
(-0.40230774536204178 0.38861861526492791 5.2489403477976593)
(-0.063816029518708559 1.1880423702252423 12.912651580458727)
(0.39211132643594188 2.0470908581966634 16.021219994798653)
(0.6217945155666128 2.6456751276073751 12.299473461111688)
(-0.44912176154022737 0.38463115521070435 7.2357543398807147)
(-0.087000200018383517 1.1479578866533873 13.98153296875846)
(0.39469146451822279 1.9438271334719124 16.894139474549341)
(0.66663511054969471 2.5058535649217029 13.414072236092569)
(-0.42035693924317924 0.67256228766121862 9.2311507113727487)
(-0.09260022713503091 1.2860815907977758 15.073487883134979)
(0.39139042168668459 1.9533951910425347 17.708507764532918)
(0.69187414640780598 2.4666406665897709 14.480237060341253)
(-0.42054825201245272 0.26517510113456727 10.575886549763991)
(-0.13591959726246433 1.0396788494353222 15.825626309291664)
(0.3554241725725053 1.7123894348403714 18.055136181420043)
(0.66617250302509534 2.1438756506904912 14.939603444812995)
(0.0014743275285404756 0.038008832322355135 3.3105753323359575)
(0.0025896760045685742 0.24172186347913896 6.0663927323890645)
(0.0067370282912860967 0.85723914035663162 7.1276726611962165)
(0.0095720143075010162 0.96237691725631291 5.1666447311341779)
(-0.024094330747589782 0.43712401406204937 6.5963608937185896)
(-0.0037513661647857102 0.82098859074117903 12.059456048766467)
(-0.0081349869316281291 1.947217955136866 13.418505194368942)
(-0.038401061013676088 2.0308149225104635 9.0819676910177556)
(-0.11623938287597398 0.82231406635383353 2.1757090812163575)
(-0.054574882953170464 1.5592003108482693 7.5058601087842085)
(-0.022121218705330882 2.8827945214186985 10.448778007929118)
(-0.015451063671285258 2.9550049634329048 6.0810832884934625)
(-0.20939921387580157 1.1106080219969194 0.64547469373311772)
(-0.1225762890235956 1.7142034550872622 6.2590487737850733)
(0.0048668701104253014 3.0224768480849566 9.6830745015667539)
(0.18212663408932625 3.2343476469917896 5.6109579445679909)
(-0.22228373273097768 1.1302810964601209 -0.13971252489038483)
(-0.21314324261403184 1.7990348126811058 6.8207610597080013)
(-0.016194832914393924 3.0392384066515614 10.576185216408192)
(0.28178931157847525 3.2994352394529072 6.7178658539847405)
(-0.19365139951807292 1.1524497415673478 -0.53396834671892335)
(-0.31472378258632683 1.8176999632173767 7.6801756116631861)
(-0.014630605122768557 2.9593831304587157 11.64441106080481)
(0.41013696731351518 3.2800961684209966 8.0069152482955666)
(-0.18740562489416773 1.1005119014403488 -0.013787498266883981)
(-0.40040153583152532 1.8534231260650544 8.8673821256096517)
(-0.033459877269880242 2.9217535397092238 12.786330981744296)
(0.47928916911859387 3.297538235767171 9.3912033929342744)
(-0.26175100597695039 1.0068239096175218 1.728249547611826)
(-0.46924818922673583 1.8178591248898337 10.157151293068068)
(-0.045629610024407553 2.8206987723862516 13.900374520512667)
(0.54020644786372241 3.2530180479580753 10.68861242061042)
(-0.33445842146926275 0.96214299267991588 4.1441156189520125)
(-0.50514656812336911 1.7946539426791228 11.558490422226573)
(-0.060637470784186395 2.7425872787248946 14.961265065816786)
(0.57466786854106522 3.1987231207865205 11.946963996787179)
(-0.32235329679452146 0.96758589346010671 6.3688872220930168)
(-0.52974953983285322 1.733145414061193 12.766142780929043)
(-0.080863973415115933 2.6276705784762031 15.868811171797331)
(0.57715022661172077 3.1068963345651222 12.991944879042467)
(-0.31383912780056511 1.0297858484121281 8.55630570485852)
(-0.52808161882002747 1.7816079837210181 13.954256769964624)
(-0.084885132083673376 2.6008477779820209 16.694615597344075)
(0.57669821732579563 3.0289713813101211 13.972293979794673)
(-0.25914278120551854 0.76485534530636956 10.117463416500135)
(-0.53882513517939257 1.5344647639623394 14.851590491825634)
(-0.13263991753749269 2.3630193195862188 17.099294424417245)
(0.51246719405148389 2.8104972471553267 14.355771537317098)
(-0.0047798979884483093 0.073806340405860316 1.4383774291599494)
(-0.0068950523716123473 0.071154712858338701 3.7984334379670472)
(-0.00024709921747952899 0.35337917419364823 5.0713180303674115)
(-0.0008217105530502354 0.45168470699315488 3.9215200903047212)
(-0.002277360804199084 0.51622812035013466 5.3096577324991294)
(0.014924002596577512 0.38726886952879253 11.015198735087065)
(-0.00061349381670185122 1.0562083269787772 13.270254188261758)
(-0.0035192609443209909 1.3595082699374492 10.521880028789244)
(-0.074550679190274791 0.51700815621721652 1.0469100548116741)
(-0.036156333377580507 0.60517926591001081 6.6822862085035828)
(-0.002063902524255022 1.7753285903162372 10.987842969933135)
(0.063840057358672889 2.3244206226201651 8.9605766135732043)
(-0.22827842315871977 0.41105856108578104 -0.45366535930659047)
(-0.13755383402027505 0.42392567192972536 5.4192175170310062)
(0.039061710717336814 1.7721433369512127 10.209212012349038)
(0.27327332859732401 2.5200529711542137 8.6812240221397232)
(-0.28068177422696461 0.41189206244200605 -0.78845213630262567)
(-0.24097889264710337 0.53547163413941012 5.872721390815121)
(0.037383806553161057 1.8231164655937175 10.946550385110141)
(0.41518692795560325 2.5798346650765422 9.301601533001957)
(-0.33081903344628771 0.38233061179498667 -0.82848547428781116)
(-0.34414742230960554 0.62332019292061136 6.8156660369905682)
(0.056619989137947399 1.7997315035592754 11.9637595314114)
(0.52919313644879462 2.567752221674704 10.223208722826428)
(-0.28069837652892721 0.52905812097409777 -0.14636626744981185)
(-0.37206714786771167 0.80379454538781581 8.1093717038668203)
(0.0560689656686751 1.8181357787666899 12.981334608069602)
(0.6019363684432294 2.5824891051035639 11.20888177003366)
(-0.20424236753558483 0.63232067916843426 1.550573589430559)
(-0.38169877354963416 0.87115670853341465 9.4730800327708664)
(0.046387454334761276 1.7652642113066468 14.031673440472975)
(0.64393859391449337 2.51635588803433 12.208402437407507)
(-0.10671084750510761 0.7828833381210718 4.112523367893556)
(-0.389564506825399 0.94735165585411285 10.951897151114476)
(0.021703348419882931 1.7251000412472222 14.997127233229948)
(0.65169239032840509 2.4671960258972971 13.17132192287993)
(0.0062235766619646192 0.5540875096226755 6.5818008570703004)
(-0.39690848402450168 0.85708328576133241 12.279308142191212)
(-0.010761125903319768 1.597502372075841 15.883440752921818)
(0.63881747611260231 2.3106598524159097 13.986409181622752)
(0.10430314819937397 0.52950350067432606 8.7789428375112895)
(-0.38271980261566452 0.89194187754848786 13.522759722796527)
(-0.051654541587584139 1.5725577282917611 16.625216434532888)
(0.58213249784546217 2.2783462372121353 14.758776327728333)
(0.20277480474025952 0.057774264101525398 10.371861895296705)
(-0.38721442915821691 0.58994535550227667 14.516087970969467)
(-0.09440834085406527 1.2837272265161752 17.037558821020486)
(0.54857476416727247 1.8948450674503057 14.95783100283386)
(1.8076289202205336 0.1009870968941152 5.8075807802082169)
(2.6235189779633923 0.014429272840736293 8.9185606727043893)
(2.2310924168501574 0.020762926223588603 11.257642018691897)
(1.6379557392531841 0.016589762852744848 13.201755215198322)
(1.5863182153239217 -0.19911435304664052 5.5684214454749421)
(3.3971433145554308 -0.039080321174419327 10.577386815935101)
(3.037268093468144 -0.017173848975444106 13.832447340138998)
(2.2655794544922641 0.035714366926820132 16.27909120665705)
(0.68847375706523928 -0.22536654172422313 -1.242646026430543)
(3.0339234338796124 -0.036046219554248214 3.5955448160899328)
(2.2653507073806876 0.18995205884089966 9.5671336216071801)
(1.5410765884995545 0.49454309258146323 13.932654901114342)
(0.74792553481364432 0.31107687044580812 -3.0291054878644874)
(2.8294146783276095 0.46820949657976679 2.2502124509036951)
(1.6937306249198749 0.64365554621930887 8.7971718722772891)
(1.056057865452358 0.99970951569907496 13.180035321762215)
(0.47313717994690202 0.43932467560649219 -1.9436414348365356)
(2.1894965923747463 0.64855545375083234 3.6556892459509789)
(1.2001979594120455 0.96777136707920175 10.046324133487749)
(0.70829581824494425 1.3272033634391529 14.037582711826769)
(0.56008016795297 0.99223503518198108 -0.035599510386598449)
(1.5868065509037736 0.91813167142576269 5.1313864218455238)
(0.79310469653123394 1.2657265425954656 11.278812928587078)
(0.45554938530506839 1.5921438447702105 14.867766031769625)
(0.39989957926753905 1.2542641641244829 2.1680495219149813)
(1.2561027385706913 1.0315583821880117 6.9558788617896594)
(0.56241193137026402 1.4709853950720782 12.702780839886831)
(0.29760876517954732 1.7465527709798421 15.875522046031561)
(0.38526307580677882 1.5857615017779794 4.2364496965790419)
(0.89811283534271158 1.1318287464696484 8.5844343515475785)
(0.34977967656272962 1.6413910685242799 13.939166969713378)
(0.16674934107025188 1.8284256527800913 16.725780735605369)
(0.45208822934472936 1.7517681601952155 6.382491694874143)
(0.70467513783808522 1.2065345292238185 10.361959894249502)
(0.24662328342197698 1.7552034057617123 15.152836112382177)
(0.081005776067117508 1.8531661068651157 17.614817839801027)
(0.6711612878004265 1.8595232014562735 8.3754544999934737)
(0.55427878707467859 1.2234312171235906 11.869484670928436)
(0.15313846349603491 1.809316895638543 16.131299901589149)
(0.018361540308004253 1.788328160107131 18.30468814993991)
(0.77120837220638294 1.9798430782106267 10.455572894165966)
(0.47453796206188698 1.3795871530485715 13.438972928043663)
(0.11784742196049786 1.8836166017986042 17.151979671050942)
(-0.044581130426603395 1.7448682493125958 19.06600084884737)
(1.0893425569239377 1.9803363645896974 12.17890203166659)
(0.5229734412803192 1.2857684080717147 14.463647757755982)
(0.12944682470774968 1.7962365072713997 17.570757889044916)
(-0.004060728545223124 1.5048539180834382 19.254615468521756)
(0.95225353671491131 0.010654997554907366 4.9880021536172547)
(1.7751043097569674 0.013283132875614539 7.9847244699648003)
(1.7016277135171856 0.015265402149700822 10.381384383041345)
(1.4610982165919733 0.015041390057068959 12.375619118506215)
(1.0367814716803081 -0.057469749613880274 6.7886008336091992)
(2.5674460869692037 -0.018756911005935545 11.495223046402744)
(2.5323448337518708 0.0085794382470112309 14.981745948128669)
(2.1839156784966942 0.06675684812735963 17.411187069137391)
(0.1619116893686583 -0.16832637287301358 3.4485664600905142)
(1.7683387774257229 -0.021374587544384805 6.3639345120025403)
(1.635338797547516 0.11666098918659526 11.438143193602652)
(1.3528948018698952 0.36594890421892773 15.395683506972448)
(-0.08652394237448735 0.090141631804101008 3.2269184680250951)
(1.3756006721744269 0.24986885716565024 5.7157964948728637)
(1.1623609340393504 0.42166679228163501 10.890910003663922)
(0.88755012385319643 0.77505701956156547 14.816772225617722)
(-0.070090985561995028 0.43373001440307279 3.62239307278143)
(0.98556319502698131 0.43490291654173729 6.4141242173346562)
(0.74947128630768378 0.64700759815054543 11.701731774944159)
(0.52501092962725826 1.0242460817491539 15.35223340772429)
(0.059101608365562393 0.78522711749585294 4.6279174319424987)
(0.71291227672010682 0.63817817832201384 7.5069403124623637)
(0.48869406861748799 0.85080760532177735 12.698139868391037)
(0.2972762992194376 1.2253798879950268 15.994770215377262)
(0.13595267767070188 1.0717513657652979 5.7401371522289306)
(0.53376046514707198 0.80685652240535122 8.7670220731745481)
(0.30936126188941371 1.0113122363584681 13.754450303821816)
(0.14039828979415991 1.3437359168797067 16.686657279495886)
(0.22900226887300673 1.3018492445527126 7.2505460454196697)
(0.3990746335977417 0.9423713033812956 10.175510783824375)
(0.18964019938580665 1.1293138759700676 14.762809252864043)
(0.024631288165709458 1.4031896957583379 17.347014758890715)
(0.34497621087090213 1.5174554404606198 8.7863788994544123)
(0.3350207854747877 1.0792275154521094 11.555162130421602)
(0.11333600319672001 1.2278556923751824 15.660136611990644)
(-0.05229769027338993 1.4188137081534606 17.95720326128998)
(0.5126644813576029 1.6482925523117575 10.424899490791319)
(0.32328415466895571 1.1563462967686891 12.890348015356594)
(0.078582817508327824 1.2774501649889098 16.487546134460171)
(-0.10540829662920662 1.3757488661640644 18.512720603328948)
(0.5997974507632946 1.7986382142628181 11.965632984109565)
(0.33577276073324219 1.2846858182664407 14.043890562880895)
(0.07415297395087686 1.3515416745073476 17.140259077471441)
(-0.12913697029677701 1.3286175870586459 18.931217885740153)
(0.83517561041234745 1.7936398067560675 13.492192765381724)
(0.46685982411587756 1.2735508293894124 15.079927343113505)
(0.1390969379564472 1.3115363216915714 17.517507576036593)
(-0.092444827577489938 1.1829496877770496 19.070994294486418)
(0.46956799794961074 0.020322734079015938 3.5156354042726603)
(1.0976653855547187 0.013502636747154668 6.2147840856522674)
(1.2113870915824907 0.011845706103971008 8.3127038208887161)
(1.1745033598011005 0.0066901795653480766 10.047125355222255)
(0.54629016586148726 -0.056630647909019519 6.3540279915407698)
(1.8520326367508326 -0.034756619643307653 10.921149609106715)
(2.0807918714227931 -0.0084082784979396512 14.305900331765997)
(2.0064215899778644 0.043562389271431037 16.540336223222464)
(-0.52729896187531367 0.077449926140641598 3.2341011838701408)
(0.79954564868465317 0.059737199838684515 5.944312484989517)
(1.0949538234901184 0.13380901240699647 10.903370339317998)
(1.1232627200829091 0.34636639926461649 14.576559418704615)
(-0.54426464802676122 0.5314377841153779 3.3964414626397148)
(0.40371135986741286 0.48890614918690894 5.2660010505102601)
(0.65813262719416643 0.52334010580766843 10.511423425297993)
(0.69116268027226657 0.79757739000371075 14.222450618000774)
(-0.44334162123522525 0.87344826863974401 4.3411488254565134)
(0.28374109788635504 0.77641594169460726 6.0460036642367569)
(0.39387759118653015 0.78201694176822512 11.25447274488911)
(0.38996440908757846 1.0574887489623339 14.727371996902086)
(-0.22583743912843635 1.3253235507467964 5.5491226799303366)
(0.22249008335416637 1.1171304573500345 7.2536612473847244)
(0.22283262457773342 1.055600198602761 12.228879489952387)
(0.20747126112994324 1.2892254963829992 15.400434851486667)
(-0.058172318909209063 1.6582982859934694 6.8220094421786781)
(0.24910506164482943 1.3526657267913516 8.5778419630274882)
(0.15351833776809765 1.2440007047254207 13.240257078391124)
(0.094989048702129264 1.4260043276978911 16.061698877212176)
(0.12857986554390094 2.0006654332075344 8.2182582443372372)
(0.24690644811109771 1.5705170970274915 9.9538839355513442)
(0.081013325885640988 1.4200731858006408 14.201751698180752)
(0.0096588717999812092 1.5265459193940372 16.702845388617547)
(0.2999210686218991 2.2335117596139478 9.6097045787462783)
(0.296671233179441 1.7261631620939468 11.293328871869397)
(0.075422607540401324 1.5410330153213752 15.05642849394105)
(-0.039989581479225329 1.5715447248851693 17.281453386105337)
(0.45799823912016485 2.429235070039343 10.996136045226812)
(0.32742628291688552 1.8377053041313383 12.541471733437092)
(0.057966251593810705 1.6475406651624802 15.822423258068056)
(-0.068235193209681425 1.5845058067478095 17.793959690585112)
(0.57415673332532147 2.5394851314488744 12.281109539576148)
(0.38792351410363218 1.9390590850259184 13.615151330213664)
(0.10531434576912815 1.7312946182213633 16.384876493129024)
(-0.071574256717963844 1.5769231787529969 18.132188530529604)
(0.672954776880207 2.5636573464288093 13.486307899679893)
(0.45201559318137879 1.9447535669929967 14.569008887764987)
(0.13958005608869598 1.7610007790246567 16.722833421028373)
(-0.027137573012594687 1.5207391658769716 18.221571670906378)
(0.50207791554526227 0.012263190070854553 3.4113705031497532)
(0.84124716003380129 0.01660040955232003 5.1898231293560233)
(0.98199836452062228 0.011903547903718115 7.0414704630315201)
(0.90556106797106717 0.0070878070898493665 8.461140811669976)
(0.95564860114354799 -0.033709050169823056 9.8950968120765914)
(1.8806888364727032 -0.042595143364470678 12.945371538678895)
(2.1656830481117009 -0.021950958124971505 16.214338552862053)
(2.0178194195289572 0.020532729180150786 18.166966878170879)
(0.20129215583264967 0.12102263535014808 9.4406120574393384)
(1.1540750651189666 0.020025738598594474 10.486520264797161)
(1.4575504523491716 0.012252413223573722 14.412712306500321)
(1.2410946302714669 0.16760712739087119 17.097760548977451)
(0.20925750561627027 0.56242272372186619 9.7786397674833498)
(0.83001946639548996 0.43861401148062545 10.29771719866749)
(1.0011945908253759 0.27009400113816906 14.298008863289699)
(0.78943022268183294 0.43801148232787784 17.016365846166703)
(0.25989816351940559 0.92359828436517999 9.9704231603088438)
(0.72657092654810052 0.76705480116106606 10.377097329773873)
(0.75122567287125142 0.47397357099352649 14.469788279419735)
(0.50779203215499591 0.62930744427366903 17.085012141330527)
(0.39901987434108471 1.2745769306462122 10.553610310061135)
(0.65816861148815964 1.0650123412951162 11.005224376295104)
(0.5600837648881638 0.65274807155524139 15.093228462997306)
(0.31639326042806054 0.76744110145975564 17.519806947098072)
(0.48694382934211244 1.534868033243989 11.095101094007891)
(0.63206355969231898 1.2599144121689894 11.638730465486054)
(0.44837956538041668 0.78089795965703412 15.603507669514402)
(0.19145095432635637 0.85022142829473657 17.815274225357918)
(0.5897050043213834 1.7217673028972409 11.92122140965818)
(0.60615712122514731 1.3888525584286742 12.538519592217279)
(0.3588685895323207 0.86216849831332654 16.26046148449732)
(0.095318799260128609 0.88574041719530217 18.251055214691473)
(0.64170077480504362 1.8447631866798124 12.650767196059597)
(0.58382706281670982 1.4650083377608565 13.360000830879978)
(0.29989723195043932 0.92654866554071724 16.710034898853934)
(0.032960744837074014 0.89397685234634172 18.520313637600815)
(0.71033410811125253 1.8663364031018312 13.60501117641804)
(0.58664207339868746 1.4751380968132282 14.281429461381553)
(0.27407648427363218 0.9333921746846584 17.312197483158307)
(-0.010834227502440345 0.85180702898802829 18.916505921471881)
(0.66012633849050761 1.8778682219135867 14.222341660645753)
(0.54396448019976951 1.4837977728150435 14.919235257567907)
(0.24242260163435203 0.98339378324239879 17.460929401464231)
(-0.02879774379872789 0.83456112244713632 18.928265262451578)
(0.75523575469610038 1.716810303374537 15.213033075480567)
(0.60889630585772681 1.3961195345897144 15.751775932275367)
(0.29712203808055598 0.91861106432367423 17.931202728859581)
(-0.019664093874255002 0.73687256809623325 19.17079381640286)
(-0.08330411673109353 2.3716428141258215 14.973502373515201)
(0.27387422754490109 3.561706136826797 12.901615324553086)
(0.51037904192093375 2.8233049961959744 11.75316863719091)
(0.66877253990254826 3.496112680584063 9.8552087271208446)
(-0.35816651514845665 2.7074620192512522 14.957510727641703)
(-0.32568563238895215 3.6558225399167545 13.702575774626791)
(-0.48181152091027674 3.4564533568880891 13.062007858606433)
(-0.59918278435932715 4.2649433119866416 12.503332806212809)
(-0.15380076710242979 3.9448228752079042 15.385622000020362)
(-0.17004898367131427 4.7119078245435579 14.431852623171778)
(-0.19758575322258429 4.7210014027765608 13.697841761685421)
(-0.35762791710626152 5.808768577443141 13.464078805710518)
(0.047842170788035168 4.6779318553047622 15.446884835000604)
(0.11529918812254403 5.2550506515519615 14.195345694744216)
(0.21679290308491733 5.0236296348355483 12.864472610699201)
(0.082507587420793269 6.2468616402518693 11.795977244651436)
(-0.036810944186748115 4.248550038912339 15.195958230509035)
(0.21612255523794469 5.6427139424017847 13.349349153575121)
(0.45763890859592837 4.9232975343476273 12.465182146271127)
(0.63310129077580235 5.956240736787108 10.938315582404629)
(-0.21877368032437633 4.3488362120173694 15.353142004322891)
(-0.13225160958261872 5.4784763052633076 14.077726481104158)
(-0.13692270502773879 5.2080626315002476 13.52359231548296)
(-0.13949922504671899 6.4951768381319255 12.965086403167234)
(-0.14232295872259096 4.8781868950265865 15.15424513663352)
(-0.15808993906795873 5.7387277958403278 14.047698105014444)
(-0.19337229990855692 5.5604077778861924 13.381411306719516)
(-0.32554051451235905 6.8796906280467587 12.966543986919978)
(-0.060684940828108366 5.328422135761433 14.452499461970437)
(-0.028672916839221071 5.8889898183587359 13.132142350479819)
(-0.031821333438182942 5.4460266479345165 12.006037642869201)
(-0.14714797063759971 6.5728613088456136 11.028476994138265)
(-0.0075168585166583441 5.4792838311151906 13.66005148810903)
(0.1845737049124761 6.9706570278167099 11.833066065305612)
(0.41325036691564376 6.2942627460908742 10.976992968952265)
(0.52888888252292088 7.1988950868815413 9.679356875842398)
(-0.1296670552965454 5.6552413498612282 13.73634885694298)
(-0.037986313358044407 6.9530609731678084 12.364311274575355)
(0.017063461565771303 6.6285728670096731 11.748181988933053)
(0.024250189152097906 8.0871370117071066 11.252491647558097)
(-0.1048832328894837 5.909855664614601 13.194255309123522)
(-0.11885002839309648 6.920889476530653 11.935035218296891)
(-0.15177072447331955 6.687106115943104 11.223391280546993)
(-0.27921357487121334 8.1682503416124632 10.852948435006679)
(-0.03877308527225707 6.0675005976227343 12.368746145286677)
(0.017610107957737996 6.7492637237263722 10.930386062412907)
(0.016029530716512246 6.2512297300829918 9.8226533630083228)
(-0.071345152668386383 7.4894164342973113 9.0212318105658618)
(0.027969126101503504 6.8288408965685079 13.961328643904423)
(0.17789507955866968 8.4760269310917202 12.298736496419149)
(0.38378691230810746 7.8868739391755902 11.577116437802005)
(0.48734117875997379 8.7016362165625516 10.519825037059075)
(-0.044690622275696541 6.7490979393522252 13.983679896341664)
(0.053999439437730862 8.254486881328658 12.703343458974581)
(0.16242455084821278 7.9189714264800601 12.137966971340878)
(0.20619060984463705 9.3899093291173816 11.742377002321115)
(-0.063532153734813995 6.505310360591797 13.324737844004247)
(-0.055691871176309089 7.6750853734227125 12.132430387080035)
(-0.047759274214366071 7.3951216108595217 11.504053786582512)
(-0.11015740096567163 8.9183616382239226 11.221277548734188)
(-0.040848295797167811 6.3401090427553619 12.26828038643713)
(0.011861892555026572 7.1182568789416294 10.964391369324311)
(0.0098519849842891929 6.6622040618676124 10.048236584099262)
(-0.053194495903701747 7.8991614240730348 9.4864623345974355)
(0.041787213895538404 6.7406791159294768 12.43087246596162)
(0.15245281212030523 8.4704972011553537 10.923591996866135)
(0.31444912048728807 7.9072959837523431 10.079614363119859)
(0.37766952380715069 8.363431316378934 9.2231908385486125)
(0.0074637747409409755 6.6290722646858491 12.280653488077093)
(0.095284402770030516 8.3613841458413702 11.182995100304625)
(0.20115147528022212 8.0432719374332908 10.503955619717052)
(0.23706252140875475 9.3941282253799585 10.356191125083427)
(-0.021178997035775748 6.0592420964731115 11.386285295009779)
(0.0023007288238387057 7.4690714483686778 10.332916827117945)
(0.0023278879628197786 7.1844418253843427 9.5937671151152131)
(-0.042192220840108277 8.7110332544419418 9.6142425932271429)
(-0.015135315650355344 5.4603434672309969 10.076844742131293)
(0.057638483192051691 6.4482801732794508 8.8758995340887274)
(0.026557406941140366 6.011754817311628 7.8842945958353878)
(-0.01969476392493185 7.2920903828798247 7.6854147758540181)
(0.04782856147632239 8.0201408144887694 13.295934582592986)
(0.091865604951297655 9.9158970611881614 12.022039558632793)
(0.17749333227620054 9.428297225253786 11.228854461133036)
(0.23889028091121622 9.6863339071065706 10.530309453845268)
(0.063037199451989656 7.726664839666503 13.166337328393437)
(0.10127543633999916 9.75709765096334 12.337099562213295)
(0.16550712396869954 9.5033717586769715 11.698661558806574)
(0.2105726105232287 10.630299939163196 11.611194648059039)
(0.052145925716114039 6.8133965786196056 12.410464147269252)
(0.045415350927962846 8.5636766217399014 11.626315858792308)
(0.035824758514244111 8.3242670763887521 10.977279344573033)
(0.048472977732451739 9.6598379896205753 11.047919596680472)
(0.022841865572489527 6.0870054210117521 11.165874026635086)
(0.034967437569793217 7.4442141279085874 10.264330759663077)
(-0.027061040513551553 7.1285275557777572 9.5381944012817765)
(-0.029912387746928192 8.2369661258443809 9.4445764844661593)
(0.014684036116181822 6.9311191375819474 11.303907311014868)
(0.038471227147346916 9.0268237845129597 10.324393458236045)
(0.071443316041436986 8.2907593407310003 9.2105428373558258)
(0.10514434479124332 8.1638142065683184 8.474445906185073)
(0.041381187219525502 6.6504430031639243 11.073913788335361)
(0.058405114988952095 9.2128542845782064 10.789475077204701)
(0.070637534070597002 8.8421768906812481 9.9362622992307568)
(0.1099512599876762 9.7387400800163597 9.9812662580028153)
(0.026327076661052939 5.3059977663937845 9.9242063395434243)
(0.013229357329580128 7.6933167122994774 9.71290541524613)
(-0.04737838175289056 7.3518283753728131 8.8555236270047697)
(-0.029015057473746633 8.602057293268448 9.1766574725416046)
(-0.037647738273564685 3.8662471385066035 8.1422979446397008)
(-0.020861565428013942 5.7384073030303204 7.6698663514199632)
(-0.13799780844109702 5.3167239026167996 6.7282706382099979)
(-0.10934196777595101 6.3941766368565389 6.9206470978712051)
(-0.046944869662045079 9.6460719412657223 13.396485958726227)
(-0.22387857676881173 11.728579200516466 12.508060497100535)
(-0.42163401138387452 11.002970509086001 11.354693554054604)
(-0.39470621035488318 10.667641759160183 10.776281332363764)
(0.048320368433975511 9.4206862141542622 13.39468047556114)
(-0.091655355902358848 12.222484466546415 13.247608336270854)
(-0.24228192776459734 11.805667490402428 12.354412422002513)
(-0.14143669493830321 12.206480718198858 12.286508357623838)
(0.072731287476832371 7.7637751043395973 12.786740967099462)
(-0.084627706696123642 10.511212989273064 12.688075222749953)
(-0.27927112984330865 10.100320241991756 11.930564862234307)
(-0.16271747259635713 10.795271530062564 12.097315536677295)
(-0.18042195575943387 6.6186704297006873 11.48683346699452)
(-0.38394664704691506 8.7856536536030063 11.000168358674332)
(-0.69358736104930174 8.3790354281359694 10.410429519027288)
(-0.60826675063032654 8.9041595967886913 10.532274183280672)
(-0.063037011434467771 7.6678621565963967 10.716885252350075)
(-0.21346069258536815 10.023536506309682 10.219342441289328)
(-0.44887351463788483 8.1762218618180142 8.1950606759614004)
(-0.40328839205410921 7.4722257112793971 6.9119718653272084)
(-0.042875965011458302 8.0126805895111399 11.2043460856297)
(-0.1761310904450176 11.487977170432901 11.844676713971348)
(-0.33326320414100313 10.280361476603503 10.323254249304187)
(-0.19561285786017785 10.210501549121501 9.6832656815296332)
(-0.10230733894726757 5.9220620942229445 9.978953375453564)
(-0.30508175417010358 9.6065861615601076 10.896090947384014)
(-0.54845932347907411 8.5506251114432938 9.5225558444517393)
(-0.47323438104348764 8.960793860503804 9.3266886623870793)
(-0.20500883808468942 3.6871722355517309 7.6610594022749119)
(-0.38217037729905329 6.2819915935959205 7.7301505077396673)
(-0.66986192920430732 5.1008028737613254 6.2746658405685523)
(-0.55948961968607502 5.5448027746360129 6.1446036860405426)
(-0.0023329486815694815 14.172133845036697 14.192252051422212)
(-0.52592900250446128 16.362397144428144 13.99842848012489)
(-1.1815271099315405 14.75424291091884 11.46025060953837)
(-0.94760465702806218 14.061600373252377 10.340387434844985)
(0.027380928858742836 15.144343741650756 15.347182939503355)
(-0.31624972590499212 18.101759211974311 15.761547083619856)
(-0.75602844376197953 16.620502352791704 13.548495621064713)
(-0.35355627476077689 16.002172731567956 12.73955859225417)
(-0.089180340458140647 12.898225973036675 15.252610986142081)
(-0.49970477964097088 16.520686077884797 15.981591543306886)
(-1.0618400427701831 15.049857013576986 14.284603229015591)
(-0.69451565488837785 14.66133774674517 13.835598768361619)
(-0.20574948375778451 10.752272169062518 13.257536520825525)
(-0.82751131181566184 13.405208570415583 13.06437917728905)
(-1.6475366744539901 12.020490757479919 11.721481935947384)
(-1.3501282598329749 11.69003303011544 11.696584057439136)
(1.5481347643185543 1.1624312013716829 1.2853876870946817)
(1.7009624963228571 0.53256446058244766 0.60853084344074138)
(1.3801938168529986 0.2887462918458546 0.31910978486181996)
(0.79404817169327047 -0.086500884729571098 -0.022758141182848215)
(5.4204884744731228 5.749219496158779 5.6595134674852199)
(6.2210317209858657 5.6495934233799572 5.5663393639997318)
(5.5506578025160564 5.123009060058699 5.0713376243535162)
(3.4778085217671855 3.9107894372397531 3.8344030446200592)
(4.7988633690072806 4.8766673136909455 6.3036510044588123)
(6.1261569863439354 4.8541037136397733 5.0416970564820591)
(6.3484949793538981 4.2557648526704019 4.1865500169045244)
(5.1423389889958564 3.3569995777568145 3.0628931615604453)
(4.1057150501342718 3.9675138247989294 7.7280576850712084)
(5.8118056663437638 4.1575744189863402 5.2717249158673676)
(6.4566791320435595 3.5034172315515963 3.9016330586243675)
(5.863472229403607 2.8927388599581452 2.6683315186354273)
(3.0684569034672711 3.738359665095675 9.1706511516540399)
(4.5720185839974761 3.9186200628701169 5.973163341823617)
(5.4911066011520608 3.0862345452962039 4.13908258368396)
(5.3402070344453199 2.4961256437180226 2.5539534048141088)
(2.3880637082490206 3.318082175334693 10.366908022631591)
(3.7289575638793862 3.5994197969270751 6.652617351099134)
(4.7209343130421795 2.6390694824668781 4.5205635509543933)
(4.8565075196072849 2.0685119354884138 2.4680374714488678)
(1.7603441284905232 3.066746992726288 11.397461863476547)
(2.8127667599766473 3.4301550050670224 7.511776992823747)
(3.839875651971858 2.3789882460774319 5.1917992401810231)
(4.1267736697299195 1.7044972172142674 2.7064970074034229)
(1.2621809174145873 2.8074384671142281 12.199309626637401)
(2.1327959527878249 3.3219766523122582 8.2774197416888509)
(3.0654564079972642 2.2099005392882654 5.9946641932459386)
(3.3230889609453129 1.527402130145241 2.951502344021165)
(0.85098744682326333 2.6088136420793187 12.920931599147597)
(1.4832216199931301 3.2869911728908305 9.2585152513415192)
(2.3386368184478896 2.1892997354192842 7.0068630906678866)
(2.3302144953306123 1.4942586281989576 3.8755432476111773)
(0.51112546197742503 2.4954402711792594 13.384925624112626)
(1.0725506969407368 3.3327794291329074 9.9097781203846367)
(1.7563098449055674 2.3029583303836083 7.9477453667835505)
(1.6270663296033434 2.0432710610219398 4.7853929021377466)
(0.26424446945487545 2.3687019825075328 13.979316868835712)
(0.65117268833171571 3.3449694684494982 10.995623806089009)
(1.2698286667330523 2.4476221825768003 9.1893968799777532)
(0.99761023836527718 2.350774610052595 6.5331213776370989)
(0.031531890489758199 2.444723316728679 14.153255569427614)
(0.49294679519447604 3.5848052786226812 11.375591454377904)
(0.98256846476943593 2.7845797458708441 9.946615334462015)
(1.0878713686803043 3.2341656578483344 7.1783659506089226)
(1.3187335052546485 2.5162072820181511 2.5849487981154318)
(1.1048616340348167 1.4959264886062291 1.5538269116668242)
(0.79812703323021539 1.068319575468355 1.1340375951357522)
(0.54014091976204992 0.93055645045456004 0.96617445166254101)
(5.4426803930594261 8.9640594255405688 8.9346117907438156)
(5.9385492239454338 8.4196306866724999 8.3608344000733403)
(5.4370147031010641 7.4315273256949341 7.3578918536006181)
(3.6513253261004661 6.1922444450577272 6.1540788903001813)
(4.4594791249664629 8.2522605171918002 9.7225228825313401)
(5.1397417275322415 8.0646164517300249 8.403958306945631)
(5.4628060027491276 7.2133373521831112 7.3097055960556059)
(4.8754120908700846 6.4436280160466337 6.3492294379662111)
(3.7894052481455782 7.3271904600403461 10.93057870062251)
(4.6809423052870489 7.5397020012508094 8.7700370017398299)
(5.3462623144911881 6.5922004341848224 7.3513301597699705)
(5.2665622842690496 6.2015927817702474 6.3407327165868947)
(2.7280575120049062 6.7788681845918992 11.810291902028707)
(3.4373003432779088 7.1696884220514736 9.169428910380871)
(4.2304326059681978 6.1010474810693767 7.5263919549254288)
(4.4064639091925475 5.7951702278764081 6.3232247931067072)
(2.0811318625556385 6.2019853554150783 12.624361095189121)
(2.6810340273318745 6.8153702468453892 9.6619148988357857)
(3.5201584176477323 5.6424069162145623 7.8673345908598176)
(3.7856616541308945 5.4672250916098735 6.4653988841900469)
(1.4760190422689281 5.762657044317355 13.226623739944779)
(1.890006210069308 6.526611380022211 10.164998866321339)
(2.7141881657715303 5.3144950710020709 8.330330758840784)
(2.9435823989864249 5.1580859725914099 6.736137785840743)
(1.0401582037985575 5.387849699154982 13.734283145385859)
(1.3504647655558 6.3476838512112703 10.709746128496903)
(2.1258320595433582 5.1268984875338353 8.9232586311537769)
(2.2360100919928803 5.123889221845336 7.2216797063769391)
(0.69127501004509773 5.0596621343205639 14.128867532707879)
(0.87447902953595746 6.151386047298514 11.266801080715247)
(1.5546764060693845 5.0437115151490142 9.6132583069765598)
(1.4465486204086764 5.1087421845510272 7.9012764809087059)
(0.4395776948091546 4.8622586599925075 14.440167259960791)
(0.60769042444617893 6.1196121787676896 11.762818280600023)
(1.2159895562183987 5.1179913939344379 10.297925099175117)
(1.0539909939124115 5.5439203044915093 8.6852768008192136)
(0.26135331328424288 4.6057471331269113 14.750968638184073)
(0.36378839066309232 5.927109575878359 12.339657578429719)
(0.92498501088958796 5.0945608564472407 11.060982899589087)
(0.59068653832379703 5.6491165343320224 9.5236400734201521)
(0.086876054679866477 4.5846960634742491 14.921714814499135)
(0.29793265792324253 6.0642715711876169 12.733711447812556)
(0.8653808764835651 5.2930789043923934 11.634779345936689)
(0.83694719416534691 6.3303241971081237 10.057031420342122)
(0.97348028293325151 1.8333731140883265 1.8598698120124588)
(0.79019826891204037 0.83806109788787508 0.86753127377896266)
(0.63113775983767995 0.50855654558589691 0.5514508406440608)
(0.36656407343197234 0.40791879034216699 0.44988629175849748)
(5.1516246066141571 9.4082859533017054 9.4062566189370145)
(5.504558077667804 8.9617392108090037 8.9264002360242856)
(5.1399112901174204 8.0434355524644623 7.9907770542205263)
(3.6461174184045912 6.9181668354608421 6.8734911306409607)
(4.094864666508137 8.8432566499528633 10.012292067111753)
(4.5577002481225337 8.754225065914218 8.9419088184640483)
(4.9489082754255485 7.9266573086314231 7.957040554533644)
(4.4965672303113919 7.2555325664861972 7.1421452197422512)
(3.5200236730512438 8.1843287333769901 10.997558344566283)
(4.1268780807095542 8.4965389640414823 9.2066846316490292)
(4.7799466122677083 7.5322575549893509 7.979691304769239)
(4.7621978767685658 7.0711254782677049 7.1074555247234334)
(2.5198530956585867 7.678196107947004 11.583008490761028)
(2.9665296512921748 8.1803154210864442 9.3535920958940437)
(3.7354758962413999 7.055977614519751 7.913855763573677)
(3.8938860640779538 6.6451686125370335 6.9168430410911634)
(1.9239423360776651 7.2151280180610176 12.162344867099957)
(2.2745012400497586 7.9568358612867813 9.6513015898758621)
(3.080422356280307 6.7047580194052951 8.0753672051476038)
(3.3228783083808651 6.3583659355868019 6.9496306719144805)
(1.3676801493679986 6.827369972168845 12.545171226966565)
(1.5589312457963849 7.7437036365097986 9.9287025926563075)
(2.3562532002906971 6.4331221211318148 8.2987800661620774)
(2.5462754294392926 6.1373421648665039 7.0719565816279131)
(0.9753327917000435 6.515807840844932 12.88025481516482)
(1.0751423725170439 7.6499470184063254 10.295866880121002)
(1.8422580757154394 6.3392942544075455 8.7024848370282495)
(1.9352858833518682 6.206663607347723 7.4628668535398557)
(0.66434027535116691 6.2354151605465304 13.111089955506117)
(0.65219793162888529 7.5120081559478677 10.631037969835093)
(1.3404564884416854 6.3204000919131991 9.1625618106586675)
(1.220632542554045 6.3373971538155622 7.932588662367432)
(0.44921966425811072 6.0587167501081058 13.30522640743491)
(0.43074756315490526 7.4892236972589759 10.962086040389906)
(1.0704069675268479 6.4560612475935244 9.6785020900078713)
(0.84280414157110728 6.8071718977968452 8.5646945278687383)
(0.29646448764996575 5.8352317116300672 13.461612717190704)
(0.23527711819503139 7.3146123344062168 11.271041483674397)
(0.803650997712263 6.471599455438299 10.161166041982328)
(0.3723962884486936 6.997964059237221 9.0317371953922372)
(0.1448659516355443 5.7659332309904912 13.567591425143656)
(0.21123445124677001 7.386302477603726 11.557621337474314)
(0.84026011908927078 6.633437602413025 10.560322439091149)
(0.60831181905999254 7.5464900876329146 9.469197231359372)
(0.70769342180003514 2.1264964354429727 2.1411338667430568)
(0.56657723885928979 1.3761655664958015 1.3942235403536953)
(0.4707769746267545 1.2012571329319142 1.2310355614480195)
(0.30713220130336222 1.1355205265588217 1.1622508789183781)
(4.6629460590473135 10.779769883218533 10.795803996833518)
(4.8789319147709183 10.434103951819711 10.410147329704524)
(4.5903612497507043 9.6543716594439051 9.6167602688558524)
(3.4408227915177161 8.5411455672119025 8.5074991294910198)
(3.6292599988866967 10.339824199214048 11.345867239924589)
(3.9148195079322421 10.394415075638983 10.533885955660699)
(4.2785583122141491 9.7177795194919501 9.7545018269449049)
(4.0242732441676354 9.1446659496200091 9.0575627249083066)
(3.1900187264221382 9.7457810589660188 12.153575114154886)
(3.567942225423999 10.237040582694366 10.760768351597749)
(4.1323996456382517 9.4561245847390865 9.8244560772873566)
(4.1970723803619361 9.0640691588313818 9.1040544870412035)
(2.2903838582332652 9.2264534579117967 12.579849573830618)
(2.525547960606878 9.9410197890824357 10.806992104953487)
(3.1733234999881068 9.0074532030314991 9.6966662217270425)
(3.3527903737915867 8.649002558207977 8.8742421351999123)
(1.7605938016811629 8.7735286355958504 13.012289038979558)
(1.9127827029956617 9.7572225800104739 11.015562252219551)
(2.5952256378160383 8.704313375183343 9.7965725130851702)
(2.8238013576682977 8.4093220399027739 8.888570085744453)
(1.2642027876486714 8.37231753812077 13.278679677633873)
(1.2816357028012235 9.5481158317514154 11.177441367771406)
(1.9537079115834768 8.4223250541030623 9.9016892521354798)
(2.112054205500292 8.1939872487335137 8.9331292293671307)
(0.91744736187044928 8.0522540433374221 13.5145228727259)
(0.85971175097141928 9.4530796891619815 11.43857381555525)
(1.5167598100312309 8.3092123859687472 10.174942280632552)
(1.5828871390278518 8.2504808857595364 9.2311310342608728)
(0.64025141938056596 7.7516812395426253 13.660148113361835)
(0.48772763672610464 9.2795135307021415 11.631164097741195)
(1.0824366867852413 8.2274067799249515 10.465092794441555)
(0.95052899279141456 8.3239988368559423 9.5418197505635192)
(0.45852132980580662 7.5444969211556465 13.782616775282992)
(0.30505590613553069 9.2057738185464597 11.840155589660563)
(0.87313571315396621 8.2954574407230037 10.824177549549175)
(0.6311902061673258 8.6677396022867228 10.000155122329355)
(0.32638678759728013 7.2827356241446113 13.862899179457861)
(0.14451947688771616 8.9647846597607526 11.985479094400905)
(0.65000519661531653 8.2254913986062661 11.112477248795349)
(0.2147185261716294 8.7445502741140402 10.249400282951806)
(0.20032157191101471 7.1554986731191974 13.919630176791232)
(0.1603466021233183 8.9552333060577336 12.166717634639751)
(0.76218580197072316 8.2872274034422642 11.355417801073243)
(0.48309550846735377 9.1283509938529992 10.557183635172468)
(0.58417188692565747 1.319062861662581 1.3284980743821966)
(0.44294815156901973 0.50864480695802683 0.5174361560682974)
(0.40736345674270863 0.32608059016391239 0.34389878462409801)
(0.20511406170439556 0.25441340205773255 0.27624673190799548)
(4.1994814790280417 10.328752989140455 10.361178173281962)
(4.3591509803165236 10.07931918982205 10.068313345925478)
(4.152457204230056 9.4059788438041583 9.382396039437495)
(3.2312717029849551 8.4640951372989761 8.440685159928913)
(3.2295688668915448 9.9676543429806266 10.804018616890133)
(3.4334393776788956 10.075010213329723 10.143662145224908)
(3.8004643182827271 9.4397258754587448 9.4317297215727702)
(3.6156028143487497 8.8430508413656153 8.7579931062803951)
(2.8954581859524278 9.4736640120648232 11.463144393518283)
(3.1590271910486116 10.025248000114706 10.325154875123847)
(3.6674284152223633 9.316408456762753 9.5021810048564195)
(3.7323337320895846 8.8246175692588729 8.8000083001392646)
(2.0971934693007177 8.9788102006701482 11.754078994880929)
(2.2331675830865518 9.7417659550701536 10.254319978209681)
(2.8097068528854559 8.8504381083832016 9.2280701020790694)
(2.9506118749796633 8.3375999218629371 8.4095753210613413)
(1.6237617980431305 8.5698124301416225 12.065962223034237)
(1.6765993611778254 9.6230188923581377 10.389665300660656)
(2.2731284216927392 8.6042477964954589 9.239502455554371)
(2.4625785741852781 8.1099793328827889 8.3531522045542506)
(1.1802147404396224 8.1937400281272907 12.229526028552693)
(1.1146094380665226 9.4498917641263063 10.45103488913019)
(1.6995662489222574 8.3195270024406849 9.1985915383222263)
(1.8297727353059874 7.8650097157820893 8.2601961866074163)
(0.86601822842317933 7.8936103266490143 12.380092855884211)
(0.72076658076786204 9.3979676386040101 10.643795927937994)
(1.2867018796485254 8.2295436481511093 9.3624657231156139)
(1.3450792173575747 7.9290123677576494 8.4985250137601653)
(0.61083856856985586 7.6161571541482429 12.437686474008427)
(0.3831710962030736 9.2484076352865792 10.717245453138167)
(0.89116424947656037 8.151234589835207 9.5071483929083165)
(0.79492544111152386 8.0146984394001723 8.6951828995511065)
(0.44445012019331209 7.4040889352674082 12.497394736576977)
(0.19536829256289939 9.1665609786656521 10.84805892900515)
(0.68144107866152748 8.2252557122748549 9.7744044929975615)
(0.46273835025286297 8.3473167824175096 9.1249257697068025)
(0.32360509617440858 7.1710692560717346 12.480407606911427)
(0.062843037229374038 8.9400576023350418 10.837438411411419)
(0.47574052069463446 8.1787544045620244 9.9082186467854587)
(0.12493727235279378 8.4354182192656104 9.2212466057235396)
(0.21491589278221732 7.0034686640913275 12.508286326737077)
(0.067429604275031946 8.8901599618392915 10.980944167926239)
(0.57741956117869508 8.2172184974870124 10.094726195103483)
(0.2484290622188243 8.7452088873005636 9.5685279784356059)
(0.5270742478966598 2.1760133279330125 2.184582964256216)
(0.39392929775454771 1.5456776112182886 1.5480358187665471)
(0.3147115997450019 1.3864836508911278 1.3937578761911502)
(0.15944360782027439 1.344964367238056 1.3552420327228296)
(3.7217604594762337 11.484099005770576 11.532574021173797)
(3.8086797509975341 11.317693109755542 11.317897919645773)
(3.6225336958239982 10.800106787861189 10.792518102627815)
(2.9051705175833438 9.8914429255617851 9.8815004394628509)
(2.8227140179067609 11.192715408019643 11.932224455074127)
(2.9317335456713063 11.372753441358045 11.436612471833985)
(3.2249225925272023 10.881216267242277 10.887952760847032)
(3.1083363034414502 10.304392826305431 10.254549706229689)
(2.6001730016197744 10.733305247598139 12.493829114148767)
(2.7435132168433189 11.372582463034284 11.628565413680059)
(3.1369135812920192 10.859643452257517 11.032529062556439)
(3.2094955198143436 10.373090888038526 10.389979802014009)
(1.8997470278341881 10.251422724183024 12.733072143839498)
(1.9215621793819502 11.114382346321225 11.548891273458711)
(2.3574578255723289 10.436874580194537 10.775711104932514)
(2.4696628238350873 9.9116046794271693 10.024886793053202)
(1.4817001937483396 9.8577325841127283 12.991584808415501)
(1.43006116929945 11.033930406865474 11.677100378600221)
(1.8753938659281193 10.248877862356633 10.797310828991147)
(2.0301317335714422 9.7220314419464842 9.9853987794701364)
(1.0835978620447102 9.4883973074221455 13.131534394095446)
(0.922721322158777 10.881212325999257 11.726986872403138)
(1.350467306621759 9.970042221812589 10.729632432068174)
(1.4508544077255441 9.4643865060259316 9.8723629467825393)
(0.7986100244077029 9.1914673950886208 13.254625988561116)
(0.5661252289560138 10.8404188321853 11.892510248016055)
(0.97003921690868689 9.8676111328218941 10.831148035920997)
(1.0181365630467969 9.4788777997610278 10.036447674596978)
(0.56410390652654263 8.9162426797357757 13.305230903350234)
(0.25532787181753036 10.686167908635101 11.935478633015684)
(0.6053548530891284 9.7474150176004635 10.900669684447678)
(0.53498397559318178 9.500484031507721 10.164114064032562)
(0.41605384339551782 8.6953148872007109 13.347464383129891)
(0.08159668149606282 10.570622807435209 12.004127750806676)
(0.40449754075310579 9.7731131784014682 11.080194715221571)
(0.23644492062690606 9.7281865214698637 10.482989775016206)
(0.31204012753458749 8.4628330524282624 13.333052900159483)
(-0.036044122772840942 10.347836345560635 11.965268028454775)
(0.22760915232872103 9.6953235509272417 11.147773420973223)
(-0.026669076802208726 9.7761840242531335 10.549413107351096)
(0.22599497148364939 8.2713779029073091 13.346118336787296)
(-0.021491621125901493 10.268926132369247 12.061667227692544)
(0.32664687666730369 9.6973037151371084 11.277287478473028)
(0.057146729310260269 9.9768952633826995 10.814676390529783)
(0.54326272089620953 1.3720315143770843 1.3815468485171294)
(0.43054477044040657 0.6467791601785241 0.65095425960263031)
(0.37673370321174066 0.4449812235534254 0.44901736551240862)
(0.24259075317354714 0.40552423430932705 0.41032416507260666)
(3.3357942970082175 10.257720624027893 10.322482010463846)
(3.4287774552441808 10.208920937070692 10.225907189443621)
(3.298670948474566 9.7949539130374585 9.8043838940983097)
(2.7444758139687568 9.0030845721198443 9.0136868388537117)
(2.5140094080018658 9.8983932307077644 10.532887374523279)
(2.608816921401385 10.083321953813829 10.114084509239177)
(2.8796976789771036 9.525466322926837 9.5126477620292409)
(2.8368370636912004 8.7312287410505505 8.6864044334917025)
(2.3526709650689344 9.566583275177436 11.053996213156161)
(2.4678290173176971 10.242954390900552 10.373937126499117)
(2.79939709460109 9.7374242160379314 9.7941462944220792)
(2.8760243955649774 8.9713632783377868 8.9051663990157266)
(1.735978090403532 9.0943947922576704 11.20721683270823)
(1.7453558588455551 9.9611497413193391 10.204826761501471)
(2.1138651168176028 9.2483295609799221 9.4033874555211998)
(2.2283626972998403 8.419587923662105 8.3830984037366783)
(1.3538152307899958 8.7532912003925123 11.41790215450216)
(1.2862923226807006 9.9790659887033151 10.352030510573623)
(1.6499990556304818 9.151823363159064 9.4328117191712035)
(1.7908837785215657 8.2672849380202003 8.3117901315741545)
(0.99252711142625183 8.397087338008097 11.500318186279898)
(0.8290028126321447 9.8547772719716829 10.359386799447284)
(1.1769382093675125 8.8293943889912914 9.2482529977552055)
(1.2791254786404092 7.9285901087586428 8.0570294761458481)
(0.72320320037592822 8.1225981914263095 11.585130353093112)
(0.47882862162356676 9.898166253397056 10.544179567394186)
(0.79351617133146446 8.7427916238845995 9.2968029006579815)
(0.84673657748704145 7.9270285897101971 8.1666832623608698)
(0.50213972313984034 7.8536485381229211 11.581399941442202)
(0.19079537571933713 9.7554710045908841 10.522619204223062)
(0.45711943931470822 8.5739745877746429 9.2421041734475988)
(0.42413337541818269 7.9020462276608567 8.193498716684072)
(0.35494914024040608 7.6332307539590012 11.589524647923152)
(-0.0040329528416136254 9.6474213075949713 10.554294292410708)
(0.22269525799672524 8.5983469389641805 9.371929884863528)
(0.082009711005394628 8.1688580915499927 8.5488558631866365)
(0.25895078993357779 7.400414179683561 11.498337162518073)
(-0.10577647506397658 9.4103381919282025 10.406010959530249)
(0.063470842852757586 8.506465605898919 9.3210654678768972)
(-0.11180758635400444 8.208325702269418 8.540552295888693)
(0.17279727329704328 7.1895205574947214 11.488162856056814)
(-0.13111427098575157 9.3576231079919783 10.518321742144582)
(0.077674560783130023 8.5478135007313227 9.4766853554802886)
(-0.20375706939189561 8.4812732449569594 8.9402555214492434)
(0.61487956074978778 3.4981837059975125 3.5123828830853236)
(0.47564960672838746 2.8955548148707919 2.9050565692382699)
(0.35506812691463419 2.7661668133861217 2.772294056230761)
(0.21583116013748019 2.6167442270532897 2.6205062439525624)
(2.8305516813541418 12.220741992883573 12.341337090772763)
(2.8019806615423266 12.235094119486709 12.302913081602984)
(2.6279758282269512 11.940273514652397 12.01567358863136)
(2.2842199391794376 11.083386272019029 11.160193090487637)
(2.0462220379334481 11.770215756647859 12.315489197997623)
(1.9536020551076179 11.952706597501711 11.984318266277828)
(2.0171827924974393 11.452207197129544 11.455513393818938)
(1.9499493632911253 10.435783994028784 10.46290137413232)
(1.9978462815151499 11.610395633548208 12.842754095574945)
(1.9229147883439515 12.264796325379406 12.32318512640923)
(2.014200076222779 11.883276107529575 11.865044097066249)
(2.0409529223171217 10.84678496831371 10.74102030574282)
(1.4791476843835687 11.231356627300968 13.023402103517473)
(1.298265411674048 12.057728666760644 12.196751294850095)
(1.4184407958558292 11.520152671950596 11.574698386073777)
(1.4231909167174477 10.503852384251346 10.385047520906653)
(1.1473887212463216 11.005065919526144 13.257704591251649)
(0.89938370660533129 12.17906168430987 12.381734596357225)
(1.0007117179481109 11.56502383827265 11.669700832943111)
(1.0570835834929193 10.487983381364298 10.375002681893061)
(0.83119268489417519 10.725158553634062 13.388952381727337)
(0.49928250770794591 12.122825308120101 12.430325551157152)
(0.59967374264493545 11.309902424992666 11.531488751758843)
(0.61673638022541455 10.269057133578485 10.216347767133438)
(0.57909323371857768 10.525781663910331 13.512176624321855)
(0.16511389970543225 12.238662615382623 12.647023324745641)
(0.21833526542876497 11.268719193820795 11.576035787803843)
(0.22169011302285732 10.230733700353065 10.272734485706303)
(0.37453623733181346 10.321649339817345 13.558507739330473)
(-0.097223627606305291 12.14731357228305 12.651807825709771)
(-0.091305648389479716 11.102241001271802 11.499151430665437)
(-0.13658317498085867 10.195995179566157 10.284120350825425)
(0.23617300079758222 10.136540121753082 13.599118017833938)
(-0.30814551055277922 12.05452334699601 12.68956097059135)
(-0.36613573434898211 11.078204760824907 11.556767967254757)
(-0.49303633481297371 10.331355633425506 10.534300223081038)
(0.15890062844423156 9.9708652232751973 13.537604427495792)
(-0.39010326760416969 11.905652595082678 12.570681196364605)
(-0.50159447866304596 11.012456868560305 11.468534053690229)
(-0.58868145355025969 10.42162400686956 10.555205653783984)
(0.08488608714363087 9.7619047703335013 13.561299726195852)
(-0.4724504522737033 11.818545635806432 12.667641317544918)
(-0.61537274750065463 11.013971039450322 11.600526486248397)
(-0.87129523496480166 10.568629890631097 10.930462569872391)
(0.71036924972564974 4.2656517737846409 4.2901672886634463)
(0.61781430393571413 3.3463534470621474 3.3659088233669188)
(0.48984046284947697 3.0994384256958902 3.1122724319559638)
(0.44571407606919911 2.5319823898465232 2.5419222656413738)
(2.4650482942017025 10.206721299454173 10.369306714537405)
(2.4969482046072238 10.409996265267008 10.506319717590301)
(2.3480612266395737 10.292102792034449 10.40466713627861)
(2.2344749790623526 9.4487661447709428 9.5485822586695512)
(1.7681759091722995 8.5619184687455494 9.0612347573433105)
(1.6862954264203678 8.6905281338385567 8.7266589242439352)
(1.6264233837728577 7.6579586946645053 7.6751300316001618)
(1.6354516195339057 4.7536026894293348 4.7859691524247152)
(1.7574974876577421 8.9229198477601432 9.9268690041604728)
(1.7108792210294272 9.5817081568132032 9.5173104188751907)
(1.6696525394997042 8.8242182456731619 8.687304368240909)
(1.7554778828914466 5.8770824277104552 5.3943498283025972)
(1.3525798580231905 8.6252664395731884 10.102471672743119)
(1.2183262286197307 9.3700220409460719 9.3284079602789465)
(1.2385690883984986 8.5037326158798141 8.3962566375878414)
(1.2002473348543645 5.7164676009869284 5.0314320105151893)
(1.0448170516559963 8.6486710160551965 10.491949171074332)
(0.86509416303751929 9.7811503813809981 9.7206170080420762)
(0.88251996312211367 8.7812974272579325 8.6682726105255519)
(0.91876218773204865 6.0915190873928395 5.2510664126658266)
(0.77876940876055589 8.4832551230724853 10.684172736442605)
(0.51515093971831571 9.8312317220187175 9.8192508472232429)
(0.55926571262135183 8.5495766276410912 8.5242199654311719)
(0.48900759375965674 6.0380785315893295 5.1822098766245741)
(0.52256858170866616 8.4507628779795532 10.92016285978352)
(0.19445317807994328 10.222746894786992 10.243578272964394)
(0.20737845371683597 8.5812887900343284 8.6147300746406525)
(0.16445327000483179 6.0730555929411114 5.2703055042535825)
(0.33030751382464796 8.3287935017013162 11.023117850219892)
(-0.079448410892252477 10.284960045507157 10.356364379022649)
(-0.090829875951150163 8.3877817614228576 8.5009706507537484)
(-0.21863391247449601 5.9505202657453937 5.2071880482391091)
(0.17411383255844037 8.2079654485614544 11.089583437884826)
(-0.2951048936423018 10.326547510825803 10.477411388349967)
(-0.38005641086994268 8.2861282506735776 8.4739541855398368)
(-0.5620259972120274 6.0482025370696499 5.4413453056540639)
(0.093858239270914384 8.0299627901794448 11.001132449930736)
(-0.41683306802879883 10.184432246437011 10.355774329188302)
(-0.54572379944120131 8.1351576999035018 8.3041546771781931)
(-0.73880969421348319 6.174159288388525 5.5489831883997773)
(0.0043902304206818116 7.8254511560744078 10.96774483341558)
(-0.52662965698689601 10.129964019445955 10.430598401175869)
(-0.73892570215527076 8.091262496234771 8.382277735298624)
(-1.0762112580561454 6.5109901068926268 6.1158230902222614)
(0.56861512963262451 11.707278496052179 11.750137428091625)
(0.39689132482702177 9.8215666747758146 9.8528117211216255)
(0.19952022115266471 9.3984961114158594 9.418555330381249)
(0.2264739647891981 8.5021573625461677 8.4975927982834669)
(1.407150442720281 15.050525818741944 15.445137254400233)
(1.1165767101751118 14.689622899332024 14.985588994667673)
(0.7387989204759321 14.900982352283474 15.213528725426293)
(0.68519847907247422 14.264550631418583 14.644603011279605)
(0.76894391756505731 12.183829264387397 12.431954309518435)
(0.13580792266789307 12.339753910711726 12.216857354596142)
(-0.61342499984137777 11.160976224839766 11.048757875791583)
(-0.67559715543783139 6.8517850497750086 6.9351619541812033)
(1.1032006717822422 13.152239713296916 12.852069982817387)
(0.62422340906426221 13.531062231292699 12.535368045043381)
(0.237061604448003 12.662106514997433 11.515510237539438)
(0.47881229676818765 6.9859954539307108 5.5746286373134399)
(1.0751346431382494 13.247410442358792 13.080409722077793)
(0.56698541846778416 13.810890932352157 12.587079090756506)
(0.28738018580666136 13.189288208050703 11.766602149382059)
(0.72794637828959174 8.3723457040538989 6.7288778495393178)
(0.88666344796393504 13.698975292054264 13.418412139190039)
(0.35363117460751126 14.416228075520859 12.790088393598671)
(0.027504669158046311 13.742670319965125 11.774978532196197)
(0.45390789025801631 9.6755723316235258 7.4652841067095812)
(0.74456655063915067 13.796797668627439 13.701842943465385)
(0.14786337449251263 14.745440848785305 13.020057944664975)
(-0.24135288460426893 13.988960039364168 11.808501157596556)
(0.23313630922990516 10.527087226187138 8.1117626649725842)
(0.54010733994512183 14.077064925741253 14.082668766169247)
(-0.11110093407641529 15.255178111935686 13.403206186064072)
(-0.59400913239301423 14.199289824831874 11.763815912254469)
(-0.13534119953218343 11.056392050392976 8.3512821367819061)
(0.3884270213461391 14.224924849703944 14.393822282989952)
(-0.3207441190978087 15.652116038461992 13.764566567916885)
(-0.9006851044133557 14.325211728803453 11.759592356313748)
(-0.48453761803214146 11.379848803434767 8.4705178154741283)
(0.23380913204410905 14.235260874353949 14.588547821375583)
(-0.56042267516852895 15.910019193237675 14.065505609905319)
(-1.2684715379475227 14.321639315725603 11.710300367094055)
(-0.93870878107515099 11.361942210650012 8.343229659138327)
(0.16640191146870675 14.286146098573877 14.62385554214069)
(-0.65825023981426034 16.158141778657981 14.194923402781775)
(-1.4531169411554474 14.457742398455736 11.675321753506434)
(-1.2041217846918031 11.709761650521974 8.3796834966239775)
(0.040647738581715026 13.930178693790111 14.50641998491983)
(-0.89373200663653019 15.990206372206037 14.190648717864715)
(-1.8359433117817328 14.199904933562495 11.559810363441537)
(-1.7575573648170306 11.620459761945479 8.4478495909767819)
(0.046040472270971244 0.0907469813433711 -0.2180802274626403)
(-0.00049439214151317018 0.70921582120714732 1.2029225622572781)
(-0.0041904477350441036 1.3495526654547438 2.0160729178479118)
(-0.0062020816542382061 1.366193559418156 1.478248002769933)
(-0.053850443336457818 1.8712845147172101 4.2025181872187316)
(-0.01603056476579879 2.9621230423069336 9.0348211445266866)
(-0.0061928783870348067 4.2885665856048627 10.483340652049735)
(0.0093847788974152063 4.4157210341888753 8.2719660711189889)
(-0.061057288811252268 3.4585628956258918 0.362330569273842)
(-0.080292444191157428 4.1973823376212902 4.1935686824862941)
(-0.048032988724327194 6.4784077382252443 7.9159992595629181)
(-0.0098539990586497556 6.5780633019365968 6.4038821244846202)
(0.15055186717089869 4.171494888852405 -0.67036315720941242)
(-0.12224801809975948 4.7634790983465027 2.3747950410522387)
(-0.13708347282800559 7.0281375692805428 6.7195313937900858)
(-0.07003384732386593 7.314735891980142 5.8846245753477309)
(0.33803798756167558 3.5100357227965824 -0.35271550946225455)
(-0.12017167345661765 4.4209683091614727 3.008800422658175)
(-0.26953478923191909 6.9673392771987759 7.4909149492923834)
(-0.15049881194529846 7.1755369928926038 6.4581543284282779)
(0.61671714771698605 2.9053609186494249 0.2838689595998265)
(-0.196409211403754 4.2212521493434689 4.4705360395072109)
(-0.35607482092758591 6.8049264024434031 8.6570944120488225)
(-0.21471005060240236 7.0455018792753838 7.3555301421534329)
(0.79223982313493291 2.4477026196428016 1.7580240337084321)
(-0.23431712964419649 4.2124433136613941 6.4213345680627301)
(-0.42369054759953817 6.5282835491046916 9.7897513633807627)
(-0.23672023194963521 6.7693723482232127 8.4042348691517148)
(1.0326609516565763 2.4893708142164597 3.5671892087392139)
(-0.28510244685011121 4.2319146699825074 8.0014662656887801)
(-0.46319837304524114 6.3377647438043292 10.874851451582028)
(-0.26477564177012675 6.6303675709150394 9.3630792177154749)
(1.0945203112276143 2.4670076767827243 5.7985855009399376)
(-0.3178099031253826 4.1703555823619345 9.5929502824398867)
(-0.49767205356773875 6.0595833192697039 11.904787853199425)
(-0.23283767858368287 6.3024152450395974 10.378571865949974)
(1.2272105231543038 2.6434675816935482 7.488526697877016)
(-0.35268099397681529 4.1531021114500719 10.847975582243322)
(-0.51942014814985416 5.9056625403818055 12.745075855071017)
(-0.25864855663699715 6.2879178296101923 11.053663990295137)
(1.0940595156028319 2.5329331852451817 9.2717111272646306)
(-0.39545169998357954 4.0868182413670295 12.062065448713094)
(-0.50284741885334461 5.6364305679227842 13.547048131909495)
(-0.1454755985989061 5.8128709085996224 12.020039540779532)
(1.1916229013550594 3.0815492103180624 9.7529513218946686)
(-0.41149655360401588 4.101559484798786 12.738688426324551)
(-0.56122893083731018 5.5685939556603792 13.798624059503005)
(-0.2315126450511302 6.1395866866725575 11.837155087181431)
(0.042180019847603181 0.87508871534027521 0.76559039463254452)
(0.0039361006229476914 0.97795288215564391 1.302698441095044)
(-0.0047859625059549051 0.84747655480017825 1.3367819122031874)
(-0.0055733643374527965 0.39966671237323054 0.5000114042514574)
(-0.043992603347239471 4.6261532875398439 5.2796015819741395)
(-0.014281519476256482 5.0089619916677908 9.122128159947648)
(0.011245745563996021 5.0071300041635682 9.6778103101791775)
(0.024553907905754062 3.934274113986389 6.8730335459471679)
(-0.011153217854853665 7.0770543241235409 3.4632309317884045)
(-0.070005678609662891 6.8973252741791029 5.7695573742357418)
(-0.052538952381152054 7.5463122573912456 7.7973810185842201)
(-0.020180768582889592 6.0730679146206521 5.3749475749853577)
(0.21994372985259886 7.7322939595156175 3.2303446288328872)
(-0.019270157693690605 7.7013357024897751 4.6152125882562478)
(-0.17235394519856054 8.2111655522100708 6.7210040154920678)
(-0.13765644404171221 7.0379628143192701 5.0607386601757174)
(0.38874046003493234 6.8844891015814804 3.6240335774917511)
(0.059192323968337658 7.0963209579963884 5.2902003500817942)
(-0.27152296504654383 8.0511733399753975 7.4288428947030249)
(-0.23140192302961288 6.9545322254832964 5.6615248745063269)
(0.62935237040277259 6.1347709877420948 4.2689113999397774)
(0.09034282625952908 6.7554350303404824 6.4604599532571978)
(-0.36959373268257334 7.9547502438500493 8.5725795391374611)
(-0.32630146158894835 6.9253645614487169 6.5699616338653168)
(0.76604336435269271 5.4091369929557462 5.3333344775971057)
(0.094541070008583056 6.5547586547908816 8.1126454986995)
(-0.42082308663915968 7.5991731352681722 9.6807995196789047)
(-0.36613836701228936 6.7040440016960021 7.6425392086120167)
(0.91007523530939372 5.1608319567788623 6.6831210652063433)
(0.083437390552338508 6.5147975152780297 9.4999052940089861)
(-0.44674434466843832 7.3880521951842688 10.714800261400839)
(-0.40610706196037971 6.6026316227948598 8.629197503610186)
(0.95201485048084966 4.9178402495177798 8.3005221710416865)
(0.087613849317136755 6.2781397946577204 10.84559804455307)
(-0.45356936169106615 6.9992071902919406 11.68835784325692)
(-0.40009204373306057 6.2609120303958905 9.6197331200909577)
(1.0134897509372003 5.0412220984924332 9.5107972924543382)
(0.078709412774927323 6.2634418957331475 11.88249673640359)
(-0.45391575831483066 6.8554898790715111 12.425080198261465)
(-0.40451924547512241 6.3293298057858038 10.33427326611349)
(0.93856466157182028 4.8756291314020279 10.818944444501769)
(0.055490278282548919 6.0137596037959691 12.866182380380335)
(-0.43087731078913766 6.4514578925728712 13.160914708801359)
(-0.3385691884492058 5.8854886646983786 11.203763321654439)
(0.92027047230307069 5.5344494940669415 10.871486627222565)
(0.025222711626158356 6.2640479987652391 13.226613455669884)
(-0.45813655992584418 6.5962519926368302 13.329814771610009)
(-0.35993761268514435 6.4083847052225931 11.221509186764269)
(0.023287563741960456 0.56587616443840849 0.0054395794398865681)
(0.015509996758604001 0.68135231264009932 -0.00032894643590784876)
(-0.0021868357456306118 0.56475635019510428 -0.071425829972858956)
(-0.0010776700892068663 0.10984069175959381 -0.30968596194704506)
(-0.022393216410285879 5.8970304380212752 4.7039658171826941)
(-0.018606334312896562 6.302292229445583 7.4153764536835522)
(0.014325738263732634 5.8361728924953624 7.7194127121538072)
(0.012493930830793074 3.8830402999810909 5.3247114475786725)
(-0.0044119671459466828 8.0805836563699796 3.467522837537357)
(-0.057685616166690899 8.2640651446723279 4.2151423338077203)
(-0.065052155155618324 8.7213112315860535 5.5438238040464478)
(-0.0056771163267962292 6.6567747880436121 3.7641974917223617)
(0.15476106927384761 8.5620288267387004 3.3035095324214065)
(0.010160808180509672 8.9864473404029344 3.2072621335193698)
(-0.16793441699678163 9.4568534543140288 4.4322110578373843)
(-0.077163455872422071 7.848367512685785 3.4337616119275478)
(0.29235736032380094 7.622125968282484 3.4557965649622764)
(0.076935096480040599 8.3191282672902833 3.7187221320101362)
(-0.23402826961997258 9.231535564901364 5.04005501131003)
(-0.16507121354069848 7.7911173254432402 3.9366439649791327)
(0.46294150133826356 6.945233613239183 3.9480397204447688)
(0.13327285272541112 7.9989388141716411 4.7961837881486993)
(-0.32470599646414272 9.1477365326838136 6.2157329737057943)
(-0.23213142545985224 7.7709408753930411 4.8163758823125908)
(0.57216372940739368 6.2952930328141035 4.8113726341491043)
(0.15319489306091447 7.8266103264351923 6.4314847852174113)
(-0.37739783970957197 8.8592407872266961 7.4801785459415466)
(-0.27083508228750536 7.5191682783869558 5.8224040567095621)
(0.68128756874370267 6.126025886437505 6.0082165385688935)
(0.16029820483920137 7.8874850012775131 7.9497492902945064)
(-0.40207230811495809 8.7051283281604501 8.6604525740261948)
(-0.29638311969536058 7.4102108389325085 6.7574492146809222)
(0.71913241381977611 6.0333525469451459 7.4775023774894507)
(0.17143724678407241 7.6983800860096903 9.3488099357366057)
(-0.40063571506373991 8.2657764678795491 9.6733671284622815)
(-0.28601734215408731 7.0578786616971243 7.7284926662174271)
(0.75545558143626712 6.2473928818079729 8.6024679919105047)
(0.17520405111487722 7.7131484715639953 10.362198736613678)
(-0.3975345205974759 8.0807162571477988 10.390918523226658)
(-0.27641422821935763 7.1219512048661029 8.4159782409734145)
(0.71544588397622377 6.2215960295747941 9.6980213993712265)
(0.16127127607207922 7.4481689013129797 11.246904705801096)
(-0.36717604819951072 7.5899630256691886 11.048373118507854)
(-0.21973939119362487 6.6302839191441469 9.181386253994118)
(0.67064611370417804 6.8037466030585918 9.6627532090779447)
(0.12566855627310008 7.8211094092570264 11.492015983372825)
(-0.40414979335245371 7.8604315486752583 11.199391270804012)
(-0.23274628515073395 7.291195753147699 9.242855369546735)
(0.011569240039759992 1.0909106707339336 0.94898991884182105)
(0.010980591839034168 1.0604076465699812 0.99219853462336316)
(-0.0017259627363083127 0.79529736855856581 0.99819455174941119)
(-0.0016611249098389437 0.59047530601085407 0.85142908369403036)
(-0.012699371304029422 7.7141433574244109 5.8553378825534432)
(-0.013822964456432475 7.6516576251782595 7.6389096112834185)
(0.013774227184816617 6.6448828655488965 7.8142763185703608)
(0.022542887412370618 4.4924856958508679 5.6496773543049157)
(0.00039458917421621452 10.037203933507698 5.540931435762829)
(-0.037292638269451887 9.7373392137592329 5.5317071522368755)
(-0.052941541979808028 9.5822070862091042 6.2723381666380051)
(-0.01513158611634942 7.6397327677874953 4.8547977908307827)
(0.12891544441362762 10.490531763577655 5.5920447232665689)
(0.046167407996471024 10.44359768342248 5.0235576317971589)
(-0.11185841745554155 10.286686524034536 5.466520251973547)
(-0.079470122546307434 8.7875797603896917 4.6437050633534964)
(0.24250890420043608 9.547079730422718 5.7390599345295001)
(0.11851368973526398 9.7387289613145622 5.4853408204663685)
(-0.13639884266440089 9.9500618674625443 6.0107069751970315)
(-0.13923259415269601 8.6174389009832861 5.0722987774399559)
(0.38089178585811223 8.9182159873563354 6.1698389072107389)
(0.19254204370441066 9.4315456387464582 6.3621424712455736)
(-0.18439940807012531 9.8711113341055814 7.00786640985904)
(-0.20230475779262264 8.5643433363980641 5.8458303734379315)
(0.47857903087891501 8.2447132282600482 6.8470541414191572)
(0.23615065866091392 9.2014823813305462 7.6886260258492394)
(-0.20290923165261326 9.6110751711471512 8.1872881010218688)
(-0.22511010609511972 8.247887799702081 6.7038839888425956)
(0.56876273057038151 8.0029047096934534 7.7682804383673849)
(0.26207467664461992 9.2601684057834799 9.0198706256021293)
(-0.21302019051217719 9.5141415910257638 9.3088374046018441)
(-0.24249532350072284 8.0653440107614678 7.5261678646668333)
(0.60769762873476496 7.8144302722534071 8.8918180168981245)
(0.28750185575134979 9.0659699103556033 10.2528075252931)
(-0.19640511934750118 9.0552356092834092 10.248075560549582)
(-0.22385920727106734 7.6365770131654278 8.3542408684283203)
(0.62717457291527423 7.9732490943790895 9.7928854728986483)
(0.30088078066169111 9.0572376050726149 11.117399229420215)
(-0.18006512582063616 8.8406005815172009 10.873020418447565)
(-0.21219803179962513 7.5810180773832192 8.9707682775213602)
(0.60430778021991483 7.9142691856150398 10.627679967996018)
(0.29912231873448925 8.7507506645162092 11.804801096846569)
(-0.15518147874664123 8.2745024849686946 11.372143673434186)
(-0.16235287759710848 7.0626502781970064 9.5511926164891765)
(0.56092091991973514 8.4218223955074567 10.541892224080238)
(0.26115463994265126 9.1937162263741374 11.945385560214349)
(-0.18328232745804079 8.6623480103976913 11.506802256269452)
(-0.16380108829942813 7.6945601975330131 9.6953845497967812)
(0.0028092883204986377 0.43177945711302235 -0.054611942880111002)
(0.012730443186963241 0.38067317756325075 -0.21495211020654176)
(-0.00051788429448382408 0.1219321895574717 -0.27432436985749126)
(-0.0022080079950727431 -0.2293578245269367 -0.37496865990862138)
(-0.0010887001722040925 7.7985705998231216 5.3480849769504051)
(-0.012860134584780566 7.6680576707885422 6.3200695519664158)
(0.0073230713485826692 6.5655842787302232 6.3227932720205011)
(0.030415440564757337 3.6916337462477635 3.9870033515460945)
(-0.01264116999836359 9.5607781387455635 4.916525048206136)
(-0.018871958205449922 9.3431257777738264 4.3076286181031387)
(-0.035762683938303945 9.0272675752875582 4.6302844446035269)
(-0.0031290996609611194 6.6950518004243103 3.1431656178884393)
(0.056553907154417583 9.9311425742282342 5.0127315852034924)
(0.055149787124103511 9.8669679828652548 3.9756744783083406)
(-0.065041700517524448 9.6333441118538197 3.9772973277393957)
(-0.068144183791224291 7.8946788250365687 3.1545727388684988)
(0.14303074345852884 8.9243876945633271 4.9289329641085162)
(0.10567487106368405 9.1148908564774178 4.2054572782799022)
(-0.080079870175522372 9.2005125960184255 4.3598274553328356)
(-0.11855189597188927 7.6823444362515518 3.4723629540749652)
(0.2368131294378952 8.3530091289633219 5.2563633819101758)
(0.1825547146550002 8.8961074739354711 5.0438662420954259)
(-0.10212499565163309 9.2193259395409406 5.3439783423117575)
(-0.16976804771579621 7.7444642170276543 4.2769471014141995)
(0.3154091179008342 7.7274663740687037 5.7347411234968177)
(0.22207356065180553 8.7765800362065729 6.2550891525200978)
(-0.11307629545689771 9.095694607983404 6.5179886591140992)
(-0.18825004258649758 7.5186273322142796 5.0812397191205028)
(0.37921821812051909 7.566490878245391 6.5831667038208552)
(0.25452099182894516 8.9978003158451436 7.6551057918373155)
(-0.11859251356317019 9.1691103674073506 7.743024858941804)
(-0.19602227694011715 7.4093077283151727 5.9155667277966684)
(0.4138218396517972 7.4773681544246804 7.5552499320169328)
(0.26988438567269074 8.9971289282192188 8.9000494751387205)
(-0.1066649835318623 8.8481347342957744 8.6921859480459691)
(-0.17290777700905793 6.9999329655256881 6.6183448802688396)
(0.42066801657545816 7.7024330749427721 8.4879243690755395)
(0.28434530632056831 9.0661691974908223 9.8008948497052444)
(-0.092572832355519233 8.6520335890500348 9.325539465372696)
(-0.1475838583440445 6.9437743487213419 7.238896638492605)
(0.41532636049942551 7.8088544411330751 9.1994122112324668)
(0.28153702448976103 8.8300351812698388 10.351840120263539)
(-0.071861805791512468 8.0691089715610129 9.6359805619235441)
(-0.10111719455813417 6.4331722547628818 7.6288778833432627)
(0.37198506577026302 8.1521108219861809 9.2619788914196572)
(0.24720044601117186 9.2789718825067524 10.556856649007498)
(-0.096740727566683143 8.5281556450720686 9.8607890688273443)
(-0.080544625493848609 7.1093742580009458 7.9028868441315936)
(-0.00093947680263567826 1.3569083265055268 1.2112120532582911)
(0.00064836057615693808 1.3632147075384242 1.2867050486853031)
(-0.0011721572230462473 1.2071229124732616 1.4398913329435574)
(-0.0033419520054551277 1.0824479430662486 1.3862204385481804)
(0.016834740758974096 9.2776494112329377 6.7259776253428782)
(0.0041950415778148854 8.8895816574551247 7.2807115347618687)
(0.022829517452433487 7.8936208085911739 7.4209138302025996)
(0.049538696019862057 5.7356420432677817 5.7211886935968259)
(-0.021307763590949907 11.011087694989522 6.7158571884115776)
(-0.00920225437863759 10.644575008540876 6.0991705908645022)
(-0.02874031099155509 10.181281344939567 6.4319344366139903)
(-0.011687470532481533 8.4358900846890919 5.507898691334451)
(-0.0043828262716224262 11.46128860866656 6.9389300981089441)
(0.031922716450686985 11.303350635512011 6.1957251694383455)
(-0.056318228803656327 10.864535777079551 6.2149111021884904)
(-0.11398352063058972 9.5202803535817058 5.6950476253163984)
(0.048861520972665481 10.549239729870461 6.9385416589952049)
(0.066384702898395084 10.572816900591041 6.4151137460027332)
(-0.049212138572344945 10.379252143764129 6.5764150270529091)
(-0.15218233785445257 9.2571121646363554 6.0489380508635016)
(0.10103671675343233 10.093265447611376 7.250685147417876)
(0.11038247962263498 10.400672810143648 7.1180824199254262)
(-0.067593698918991973 10.384824089058554 7.3795856966204294)
(-0.21699965121953751 9.2769833241975004 6.7209838125716388)
(0.16239048187386693 9.475755353700448 7.6452162861627935)
(0.14532559418711941 10.207535631262218 8.0653532499696095)
(-0.055284320055630692 10.238186182574049 8.3471491392742152)
(-0.21902890469581479 9.0278846966727233 7.3804248266620931)
(0.20060941750155328 9.2779291429319581 8.3143088919209553)
(0.16504322155704587 10.397249350234029 9.2471406817022466)
(-0.055958979332197914 10.318020097113896 9.4245358411566773)
(-0.23119619856150561 8.865089710371798 8.0863189754806211)
(0.23288456314124059 9.0923592868660457 9.0669136576875609)
(0.18440416582804697 10.400106075092202 10.330348954678444)
(-0.028185060165904795 10.03840073039356 10.261081860281955)
(-0.19224063860309756 8.4301803171895973 8.6445403664973099)
(0.23391538806428713 9.2454137416449509 9.8658411364748115)
(0.198189078642593 10.461071621104981 11.160327068625875)
(-0.0045521732377031754 9.7925820118359592 10.837945635404651)
(-0.16297752028319548 8.21265710173898 9.1594366479886862)
(0.23634022272800459 9.3201056912433522 10.443638233815042)
(0.21008966332332354 10.212512257622173 11.589395329648303)
(0.024386489224530426 9.2032059578870911 11.023861327789685)
(-0.10612359498779278 7.692354057804935 9.4273744615654209)
(0.20597961190607458 9.5772641855395122 10.593356436034401)
(0.18588859778670755 10.611614205918281 11.817958094440806)
(0.016649714752430354 9.6042151774394036 11.262567662314154)
(-0.071351245347999609 8.1445755410841265 9.660257497198252)
(-0.00086922016071282963 0.4249476062987238 -0.051745863023102516)
(0.00031599248460984462 0.55796378492702248 0.015040892236131616)
(-0.00095704929128096318 0.34752700341591442 0.064060370650497897)
(-0.004735945343506678 -0.24736001435291602 -0.29353192773906356)
(0.028934990576768099 8.3814287304972321 5.691076731097974)
(0.015132305079804335 8.1579050841988821 5.9741491874425314)
(0.025666106963727186 7.2226948273383975 5.9343298732436596)
(0.067120136622436918 4.2430551080313226 3.6410883282107842)
(-0.02850919696940804 8.5673239386085616 4.3741437535865799)
(-0.010453781859774747 8.7951976199061299 3.9799464811582768)
(-0.017153154573467846 8.4714446409690645 4.2608681725192437)
(-0.015441478429114031 5.2929559590514232 2.0717947933233929)
(-0.090872884047860328 9.294762160218168 4.8877157655385925)
(-0.0092341476388713168 9.4212387771389405 4.2116417146755767)
(-0.062447433866977479 9.0908306773265846 4.1965460443857019)
(-0.16586963418523856 6.8852398248883127 2.9714803641240559)
(-0.074121848941721122 8.4150051881371493 4.7153138173685756)
(0.021945398832186686 8.6702230861830962 4.2393364261392303)
(-0.068656233244911533 8.5456141258481253 4.3581928786102218)
(-0.21614676161600416 6.7168921270076378 3.3071701419534136)
(-0.058855272916825144 8.1429612968095206 5.0655999680856807)
(0.051091015770400983 8.7036414100348871 5.0389925636467936)
(-0.089398954550698642 8.7367749814613145 5.2556299314483956)
(-0.28792072322012408 7.064789110235882 4.1960338789496534)
(-0.011113973611641141 7.54873319870606 5.2991490379348107)
(0.082422970466249107 8.6257630791954458 5.9377603838480182)
(-0.085494488232474866 8.7472245186618256 6.2209547244211985)
(-0.29607425859316999 7.010091020405973 4.8933852628194696)
(0.021785550421538392 7.4713528566307223 6.0020076552971142)
(0.099762430431049057 9.0608828663398917 7.2880239559211653)
(-0.095783908234194831 9.0799578981468319 7.4731531233380339)
(-0.31014354738421401 7.0846972641195674 5.7356092580454652)
(0.05584251259045888 7.3797514089948777 6.6830169271738757)
(0.10471601223629536 9.2909590190632656 8.4411654918479915)
(-0.084371590894644563 9.020420513124833 8.3617847024986904)
(-0.27746247651064077 6.7763174435551186 6.2550376193379025)
(0.064364040790922505 7.6386191583034346 7.616268015855117)
(0.11111338588966153 9.5829377125021225 9.4952896026445437)
(-0.07212497174605377 8.9055791952272472 9.0735626087415024)
(-0.2417816962058017 6.5936916364748894 6.8115936175089482)
(0.071261041741803838 7.8905734733941371 8.1742261219925503)
(0.10913715559148408 9.442913274582212 9.8507271586381417)
(-0.046087554656139007 8.3399006961996403 9.0946846479231578)
(-0.18320600936719958 6.1308480175377333 6.9442849325107288)
(0.053001602018464197 8.1214893238162489 8.6105609231519722)
(0.094421027637486374 9.8344424357020959 10.308910926527741)
(-0.042444830303843759 8.6847288818215631 9.506527755117899)
(-0.12579100534701645 6.4785422273216282 7.3198789132002933)
(-0.0058840698110826477 2.6498482342820671 2.1138872316439832)
(-0.00058576415308387263 2.9208916460335654 2.4105414164510655)
(-0.00035904302711657773 2.771493495634942 2.7411827936442132)
(-0.011014855394097306 2.3161733329918208 2.4389950832327725)
(0.12376826730676165 10.607077937725418 7.7761087458599487)
(0.058608035462389095 10.382533502951443 7.9092299328466495)
(0.061362076283197051 9.5930227894212958 8.2031602419115472)
(0.16169154755560347 7.62265941031308 6.7882482047687516)
(-0.10309540582316541 10.273829388795097 6.0948946757539177)
(-0.0048035053063031708 11.31144922056985 6.6171511313302576)
(-0.0070655772379876027 10.724962350034271 7.4092984234102799)
(-0.099471976035906962 7.7831710869480588 5.3954675153188481)
(-0.5149059552118006 11.274759185686186 6.6837908586332464)
(-0.12477162674470477 12.002563222945595 7.0524678029380841)
(-0.12331129752986157 11.635389752621434 7.6844484059353082)
(-0.60454799104839951 9.3895305073331237 6.6485784905911514)
(-0.61230249009006343 11.064153576883209 6.9031692995086082)
(-0.15430214021753991 11.670556315700487 7.2285821514180393)
(-0.15008873089890395 11.264006441520113 7.9090443675226085)
(-0.72826093697810734 9.6649130360436892 7.3180740310058612)
(-0.74098039116640868 11.124142591322844 7.3541066815485729)
(-0.19663978789387829 11.752069660206981 7.9078275523745161)
(-0.21922022443942263 11.449521341154744 8.5620996843715957)
(-0.90936571727081161 9.9873125268462477 8.0808025299852577)
(-0.71208011189268361 10.846048145054343 7.7281018562695492)
(-0.1821583413208902 11.687762643457294 8.6153005159409695)
(-0.22015981491943268 11.40529571163821 9.2941308772974729)
(-0.90905151253649707 10.010276830650705 8.7016267647762113)
(-0.70681919878203892 10.768593074970353 8.3284045726252707)
(-0.18814144731783225 11.953824048607828 9.668997580615784)
(-0.24989224041189473 11.645740003359025 10.286253931073901)
(-0.94523729420105718 10.038502849571747 9.37877158585618)
(-0.64470527536425415 10.630757848830626 8.8850616226795633)
(-0.1807585089300712 12.11447843398018 10.620006609751085)
(-0.23734338400727958 11.625102321195364 11.07278463610543)
(-0.8963632335313455 9.8229645542833239 9.8748557439016587)
(-0.60882645177729955 10.661346184063586 9.670133855600346)
(-0.16938733469994835 12.354984465837617 11.615365659638831)
(-0.21806800460823567 11.545328120870487 11.798487463498422)
(-0.84330150450049524 9.5918836233664191 10.355747188301004)
(-0.55112938347528273 10.825747772356772 10.104080815680451)
(-0.16604190360323759 12.27889422539875 11.977465400451372)
(-0.18685730450066848 11.105763346181314 11.922418784239222)
(-0.75967687302540121 9.2206266407361497 10.58557793004389)
(-0.52621020102053107 10.837826353867696 10.747157776442963)
(-0.16473311066855029 12.492009920846149 12.542571870666974)
(-0.14788933222033171 11.153105388189887 12.331599659029267)
(-0.66038592270067198 9.170393807478149 10.860828757499728)
(-0.0047260299311595918 2.2712457936176582 1.6544025583629469)
(0.013509759412649185 3.3491101823502563 2.739917270323796)
(0.0036096742281136853 3.4592238108863613 3.1735367418784244)
(-0.012455543317768037 1.7306927673731005 1.7613996112500614)
(0.13836271476726533 8.0790581787631268 5.4223479414880273)
(0.04518182712318472 8.8452377306821717 6.3038556697628358)
(0.080936862779798613 8.2625533314686468 6.5598999653992101)
(0.19174301867045698 4.427139394711145 3.707779250852747)
(-0.10255130627872519 -0.63770175112196936 -3.615874523295143)
(0.010417635666700587 5.8616956038174486 1.7956599447034189)
(-0.036735577787213598 5.9024866147627995 3.3997617821083566)
(-0.091796136878095 -4.4589334573084942 -3.9318600543808437)
(-0.66133787880336359 2.4604513830566677 -1.6391579930078366)
(-0.054410348689522506 6.9022908384723554 2.4255530678877673)
(-0.27621123666866049 7.3571538758865573 3.7893442203126293)
(-0.62128954135686942 -0.015962096307337848 -0.68048415322020372)
(-0.66934202920816743 4.0648081897246646 -0.042942867267646387)
(-0.067275338574021626 7.1691910911692629 2.7366904981620417)
(-0.33943137730747996 7.3089828707811488 3.812132137282616)
(-0.62882652026145947 3.0135967459519932 1.1515372464184188)
(-0.8302317484980738 5.5134660228050807 1.4918869994198491)
(-0.10174837433650205 7.9480145228053294 4.0131535701431051)
(-0.45730160578283735 7.9983633980939963 4.7472438524362222)
(-0.78858168594390399 4.8356062503682891 2.8703719847041613)
(-0.74180037467364257 6.1814494889358516 2.5911834474871736)
(-0.090665324785550838 8.4393088958171738 4.9880784590585323)
(-0.47511835386597434 8.3868467714377086 5.6374310371171115)
(-0.76964172710959999 5.8965522981603149 3.9551008965607748)
(-0.75260175040710253 6.7275457020035683 3.6363740521938372)
(-0.10290432908025005 9.1715010325222082 6.4535573651979421)
(-0.53025037460968605 9.082443675775739 6.9742885971270221)
(-0.80903588063313114 6.4928366604125314 5.0507496205519207)
(-0.65581095949131885 6.9630826872559917 4.4858475043398158)
(-0.10343544310638614 9.7377628618761403 7.6398197011745212)
(-0.52669675292604823 9.5027267117966705 8.0460184682619786)
(-0.76757260399352911 6.7331595400698614 5.7506633226313237)
(-0.61249294923804365 7.2905066213679861 5.5098686572089601)
(-0.10669964173247672 10.311848183991474 8.9843214031147163)
(-0.53074531527883861 9.8066346267403137 9.1162452331809387)
(-0.7439717603490088 6.7277067616115973 6.4169658061238319)
(-0.54252220034696275 7.5892404948568721 6.1477559148603662)
(-0.1321263295381602 10.410703076537779 9.4027469567534929)
(-0.5013446298977039 9.6172113378666104 9.3801567175980747)
(-0.6783935661041598 6.4393046324660439 6.6213064104182218)
(-0.48185480675731096 7.8096323324314181 7.0727594749233536)
(-0.13589319219302864 10.721077074887441 10.299413145783396)
(-0.49031421508311401 9.6323979185629227 9.971245313355384)
(-0.63060835292603878 6.3302088336403335 6.9450385690974787)
(0.035527187443492599 8.502851289436455 7.1160482528778166)
(0.03075308593276382 9.7073682087313369 8.2542056160180817)
(0.015151211618946918 9.5514466964264439 8.9948438511362152)
(0.024163477522744038 7.5821228744846554 7.9118595659604027)
(0.092555170757996602 13.02532669805742 10.224446234077609)
(0.14295044201827417 13.380394472882749 10.160218610102804)
(0.20263040993633169 11.930668726351636 10.863444893829225)
(0.13634475368474791 9.8358108939217122 10.990602045954128)
(0.18783056602116593 -1.1775610762988586 1.473678960496928)
(0.20455721080506023 11.316343059324637 8.6892012925043289)
(0.20445232634925559 10.226442705433115 9.5170098875335469)
(0.10020722584847379 3.0539469828202925 4.2232980545904342)
(-0.37320009890372485 5.5615744500395072 2.6492759091159854)
(0.0114129697536599 12.650624931061659 8.1848146592673441)
(-0.27669122972040627 12.09814227450895 9.7800406046334825)
(-0.73673459546976394 6.5425535535420867 7.5032951092699847)
(-0.49729407648463209 10.729000233210636 4.3251102498961043)
(-0.067523216210807938 13.826662588797515 7.5392712647043725)
(-0.40532684088819282 12.964105374872039 9.3511511069523081)
(-0.85925356407446196 9.9842135805426775 8.5655474450638938)
(-0.80989224763590995 12.665849628540814 5.836735852873093)
(-0.1698542670762779 14.721542003890519 8.2624414915367996)
(-0.60783077467921987 13.843618732449151 9.6978001076996687)
(-1.0719360259024111 11.658904557688951 9.0720956385316924)
(-0.88272995273658728 13.815814379210781 6.9625522370452329)
(-0.14483452828704288 15.217958854182966 8.9242238633834123)
(-0.58986966052734435 14.304298732464046 10.309916057777535)
(-1.1178448520667694 12.458112779776656 9.7489660930048139)
(-1.017157403272001 14.352340965000366 7.7743224617449123)
(-0.11872907772171581 15.785617910713251 10.000428334032852)
(-0.60324222122278914 14.909959296845916 11.308974978479112)
(-1.2330974007906437 12.799019841418996 10.419178986921567)
(-1.0357278732790658 14.659548296437071 8.3895056302590501)
(-0.079047398206999187 16.190793784253117 10.927458068379087)
(-0.54898381150133435 15.334128284254884 12.275724853420549)
(-1.2736236432380879 12.903902233394916 11.012691024283674)
(-1.0371894436701155 14.728028980669585 9.021531287318302)
(-0.025526170623889701 16.541218152046692 11.965345145369154)
(-0.48365044896026227 15.640413342145925 13.254848533719017)
(-1.2757938352471327 12.797949129459811 11.578989271510174)
(-1.0220721114890221 14.882148158739485 9.3864836055114722)
(-0.079869374729461998 16.623106268194437 12.346607706599469)
(-0.49102910637011726 15.638529428281574 13.637507621537187)
(-1.300380065088417 12.637333833324984 11.802787428443802)
(-0.93790156480669595 14.745677626448039 10.073660689612309)
(-0.059044430450689876 16.595164211154305 12.960720670239731)
(-0.42512941736157239 15.413339544096889 14.138135096699155)
(-1.2094018446491976 12.255487699005741 12.157129222897979)
(-0.648701708138676 1.3418427769329535 1.3546541631836637)
(-0.57029483173934903 1.8796198012265359 1.8938852238619257)
(-0.64948514640711053 2.6510182123968948 2.6702655342664232)
(-0.18424558302601926 3.2095389543029151 3.2343627832772341)
(-0.42005242645032653 5.9752494322458505 5.9354719912067315)
(-0.68677119773247219 7.5169472769046024 7.5042716142120369)
(-0.7824759702761841 9.2657481786651523 9.2502293503658759)
(0.02989152505309994 10.266746111179341 10.212627296297109)
(-1.9258665155599319 6.0291118055821959 6.220565610512991)
(-1.7531936822324587 6.2018145399240598 6.6253481439366642)
(-1.6764174311254867 8.068583274274955 8.7874704030458659)
(-0.68459103832310597 9.4446570312301326 10.297216695338109)
(-2.4210414128142248 6.1817562648011029 6.8391526709208454)
(-2.078544646790605 5.8736500180792079 7.0713523103234719)
(-1.9126443102456732 7.4600102578695067 9.3364400857739369)
(-0.91807259456592205 8.7077310475803529 11.005366645489381)
(-2.2245030618879347 6.0814867086246185 7.1992972241489523)
(-1.7716152907234624 5.6089713881667214 7.3806861391008116)
(-1.7235402680319547 7.0554803099655947 9.8252129127706649)
(-0.9015531908375134 8.1044083222118353 11.57383829065642)
(-2.0463109252298661 6.186781365981143 7.7541156035651788)
(-1.5249019085674815 5.5235457634769372 8.0180109673663544)
(-1.5398017048973123 6.8457195193712232 10.584572726554159)
(-0.84025056963544931 7.6401496018809594 12.343649460713371)
(-1.6375289359084997 6.1756090246197859 8.2422477683090136)
(-1.1399991964178171 5.4423559896549474 8.6180660102490396)
(-1.262771993511645 6.6532981520763963 11.253119256254166)
(-0.7379258757856223 7.2097551907766411 12.980976410501626)
(-1.2731223159258056 6.36254406897568 8.8314640146360013)
(-0.84071401081891628 5.4946602812156025 9.401851160811578)
(-1.0392700047259615 6.561494902752762 11.959375442529392)
(-0.63042707213089955 6.8714190979638143 13.643820628919091)
(-0.76424103891805106 6.3698651502924788 9.427994263548289)
(-0.51506865996997975 5.5056826156440337 10.170365044088321)
(-0.7756581827846184 6.3661709833890541 12.577045516769308)
(-0.532835811844663 6.4848923994891443 14.200501727368172)
(-0.47977319468557456 6.6965389297365121 10.019344034207858)
(-0.29689208925200811 5.6314371965873642 10.958324052247603)
(-0.60939118112268909 6.3683166466054724 13.167376937789491)
(-0.42830573309985354 6.2610616671063966 14.727475755941329)
(0.081885883625723813 6.5305831724190435 10.665222719939784)
(-0.060739657980490074 5.520933761074251 11.697901793322933)
(-0.37552713941103555 6.0481794598719034 13.675012224830454)
(-0.35898805898702385 5.8120946094353512 15.1616564966628)
(-0.031229123825831186 7.1275846827833229 11.091033241878383)
(-0.011727417248349059 5.7485451137645196 12.33166258974927)
(-0.3263852638860244 6.205805218622289 14.062650350748285)
(-0.27511722293715773 5.7470632001933097 15.486228879144671)
(-0.082503500548621614 -0.32285132730578803 -0.310144049294652)
(-0.097982463534864284 0.17781948295365593 0.19046778271297848)
(-0.10296386394043315 0.2456459551187648 0.26058277756800785)
(-0.0012691852952692699 0.42046051989918348 0.43710097184262448)
(0.2875851687616634 3.4258551776873687 3.348181861637701)
(-0.29654590091177563 5.540236486830282 5.4695110582778934)
(-0.34016336138769143 6.5613372540450463 6.5005667309493411)
(-0.070764279937236024 7.2491161321989823 7.1786519959094885)
(-1.2288841032746649 3.4798393518023363 3.6408151270468356)
(-1.2046018701019352 3.9834291962973984 4.2207042423209362)
(-1.0179038023900524 5.1959975372521505 5.5362459589629553)
(-0.65716012779766109 6.617748559397878 6.9965356309263349)
(-1.9610267129525678 3.9476944523432946 4.543533480200538)
(-1.7384455368967631 3.8248072902494803 4.6989432244795575)
(-1.4106461468636737 4.785654621212891 5.9531695893679251)
(-0.96222745969099477 6.2171433427004272 7.5693567564649529)
(-1.8908113759424281 4.0810841797708806 5.101027412646209)
(-1.5839257638353814 3.8378032995793547 5.2234462683004956)
(-1.3502766873766308 4.7775897847569411 6.6377142121424431)
(-0.97977657790760864 6.1191238355099831 8.3441878411631585)
(-1.8470444217481781 4.2592832403904639 5.7129393979512582)
(-1.5009473139874081 3.8884114569690089 5.9156246840650217)
(-1.301418564425578 4.8392652322507352 7.4928498006229125)
(-0.9669773000472518 6.0099314428074138 9.2334037157471354)
(-1.5356257179875914 4.3654504901101081 6.2543847188691792)
(-1.2506578104248549 3.9986618860612864 6.6211892722930026)
(-1.1430977574068357 5.0012204808738616 8.379109545070575)
(-0.90091501467611723 5.9603700735554348 10.106215709601532)
(-1.2365295727765968 4.59687733689747 6.8385062870875011)
(-1.0693608268852857 4.1816557454674896 7.4282670190497733)
(-1.0166960193483965 5.1635803411657886 9.2243846633994213)
(-0.8258238851361086 5.8981401859890097 10.939793035675773)
(-0.76613043659954538 4.8259830943601338 7.5318912201987311)
(-0.81366877361700829 4.4080920081012502 8.3056494216484786)
(-0.82890849221808771 5.30935185938218 10.076585658395409)
(-0.7404514919186419 5.8160234539330062 11.746155975315601)
(-0.53966937830004891 5.1641737924291311 8.114648675829832)
(-0.6791850336537989 4.6951273096032891 9.1360640321137243)
(-0.72096257644764372 5.4929460041419942 10.785026340377373)
(-0.66283462002312565 5.7560030562322524 12.424841134802605)
(-0.025314002661604797 5.4741215726426242 8.9962003373277692)
(-0.43937051166636143 4.9040926541755034 10.066855348503015)
(-0.52718196646664484 5.5774587768040735 11.601521430426159)
(-0.5882041376334417 5.607345008151766 13.161964956818538)
(-0.21466871395940451 5.9336841106432487 9.3618742077893629)
(-0.48996062093075587 5.2146012171001495 10.699376046421603)
(-0.52441973948983145 5.7488812568331378 12.046797635148575)
(-0.55531962264004886 5.541392659148876 13.602859390271501)
(-0.093513328004676391 -0.28221166020102151 -0.28014049592861429)
(-0.22080695305955864 -0.080597866370991922 -0.079300367881121617)
(-0.028553328229219185 -0.082147050176905836 -0.079344898444250106)
(0.036932897295139301 0.111565225378643 0.11513809029296533)
(-0.01054954045363231 1.880363295970005 1.8294518814062273)
(-0.50908491583482185 4.4018395283639808 4.3731855458163418)
(-0.33518279837881304 5.6111932270444154 5.5725086560537047)
(-0.14797793511612065 6.4846471518745066 6.4279257731657555)
(-1.5492468649909046 2.7668857449461224 2.6852694524143761)
(-1.603955079934172 2.58067639850736 2.6589742123477351)
(-0.96530382769319334 3.8014025235981923 3.9565562693568781)
(-0.64473503479312178 5.6226072880127971 5.7733822663755108)
(-2.2024187909717599 3.7205967760735734 3.6659597690146963)
(-2.1437753923719063 2.8705598154374581 3.1517781776977278)
(-1.4018265768669924 3.5158200966867899 4.0526273190725171)
(-0.96948453104912813 5.2452261454090845 5.9460043700813801)
(-2.1044931051509215 3.9533902648378083 4.0718576690256683)
(-1.8702856511496559 3.0794388092564255 3.5529860023115174)
(-1.2840878638182991 3.6622327882879242 4.5312602226299807)
(-0.96957734681989394 5.2604519757896728 6.5054153095780167)
(-2.0038615451597552 4.2537403621431125 4.4969432363173905)
(-1.7024766166466676 3.3248854454988401 4.061704781266096)
(-1.2108222367974415 3.9137952623843226 5.1736720444487956)
(-0.94124234444202715 5.3051777066497863 7.1710804471171592)
(-1.6628921412005062 4.3971066847238882 4.8236873216570659)
(-1.3572790217133559 3.5537234628441081 4.5833059496369506)
(-1.0224070264522327 4.260161099898963 5.9261657565577668)
(-0.87424304210263126 5.4155136154757306 7.9059323575779015)
(-1.3485845971119215 4.5982923691320003 5.1086291101817514)
(-1.1245069933968543 3.8215946331634982 5.1773233100701281)
(-0.89388495591821449 4.614735157061558 6.6590809318855708)
(-0.79708392242524617 5.5120556589320273 8.6161543606251083)
(-0.82376614064152553 4.720366128959899 5.4380394262903282)
(-0.81276776514523219 4.1418233700397034 5.8906114903812679)
(-0.69952920939513719 4.9815074281219358 7.4745916600130338)
(-0.72017533975229797 5.6054963255324868 9.3581051946424409)
(-0.53986768713898159 5.0335608241180116 5.7824441959087389)
(-0.66685186549914521 4.5223041778047115 6.6060678987505339)
(-0.61239285133936106 5.3104358176435698 8.1184558076299407)
(-0.65124163223617004 5.6726910948152041 9.9803580941245826)
(0.089726240939988086 5.5799516990773066 6.6272152787700236)
(-0.37999957313326316 4.9421235282089002 7.5085547412255247)
(-0.41894601183445368 5.6212752925864518 8.9344838817103174)
(-0.58779896510735108 5.6974307029684983 10.69065933950958)
(-0.1479629701213151 6.0252881126673703 6.9009190987452289)
(-0.4768963100883713 5.3193437306716413 8.0884667357039604)
(-0.46099191807621814 5.8780081475719568 9.3674467323642219)
(-0.57855440629927002 5.6899561004222585 11.130088859939155)
(-0.054491524816664715 0.5765331723432392 0.58141182711007855)
(-0.10459403199877891 0.64535176623239143 0.65274813156313205)
(0.035440979667519794 0.69877041312916977 0.70616304682063846)
(0.044731703267203639 0.78140147809204841 0.7871595061476403)
(-0.044031916547996798 3.0777150519454195 3.0134543830391869)
(-0.40268581438651979 4.6406251793137452 4.5734576668187739)
(-0.21864025320649491 5.7417083073200397 5.6696548064779257)
(-0.12222617598347478 6.6666744183503486 6.5940909339587783)
(-1.463532698099989 4.4221002898280517 4.4257216711167144)
(-1.3444669036925727 3.7962910743058678 3.9590059231940771)
(-0.77712883948259315 4.3433350141500098 4.5277975800553074)
(-0.57760172427189371 5.8420957664198623 6.006855059496198)
(-2.1395565217953685 5.1785010221471808 5.2990628898137198)
(-1.9546126472597891 4.1156170392922329 4.6139346042043323)
(-1.2064931585086147 4.1809621890269462 4.8197051137610361)
(-0.88263570957337023 5.4979219403427946 6.2176070446664129)
(-1.9760301209546667 5.2483893290169261 5.5691681462065814)
(-1.6906334872843687 4.2303915867230613 4.947429998859957)
(-1.1164443168365177 4.2404671531765397 5.1947973229405404)
(-0.90092821152491487 5.4302007521984637 6.6628403633082867)
(-1.8733640027686511 5.3923431906116797 5.904019344974655)
(-1.5638841023169614 4.321232772340263 5.3523161344282215)
(-1.0505567408308911 4.3240102599392181 5.6981991356979238)
(-0.87026203397952717 5.3913689186235034 7.2345838434877132)
(-1.4996535548938379 5.42344822765729 6.1089978221704593)
(-1.2186920439381075 4.3978712484225122 5.6890737162084921)
(-0.87619860262342375 4.5199557251427018 6.2435453792043969)
(-0.80871787847968146 5.4359842866432073 7.8437632349022914)
(-1.1882609549995746 5.4359323959414692 6.2516996707462305)
(-1.0124342765431937 4.4721497621968762 6.0807448163921949)
(-0.75985521957134794 4.7243300380228685 6.8230689772298172)
(-0.74131709945642099 5.4752809845045123 8.4705967825250053)
(-0.65289177264519127 5.3868640103169243 6.34464769413675)
(-0.70252637175612354 4.6117179242223081 6.5392692330506632)
(-0.58980003551279925 5.0100018421481867 7.4777628478620173)
(-0.67345494072830159 5.5530415929595316 9.1241121815334978)
(-0.35828307960642614 5.4640071161974753 6.4845265866827759)
(-0.57863969083026046 4.8247210349787109 7.0487798278639451)
(-0.51702568212030864 5.2730233449692347 8.0409424467360715)
(-0.62299949026180479 5.6038710561008518 9.7048983043345611)
(0.19622126314774702 5.8616415657951171 7.0843400400578833)
(-0.31778635682663198 5.1414593560922626 7.7397033837045255)
(-0.35874935865023394 5.5961020182495833 8.753434613126883)
(-0.57001261132807723 5.6488368540808933 10.355144385430558)
(-0.024667908489756772 6.1747403696448009 7.320359954485534)
(-0.43037156610382943 5.4577925496277304 8.2317322651127967)
(-0.41201939978926749 5.8551022986278287 9.1876571559562894)
(-0.59425515493870662 5.6561963788321163 10.807709359300196)
(-0.12123523541386817 -0.60508534128824187 -0.60029387590718741)
(-0.27640211652517238 -0.50101401171758508 -0.49640472512422251)
(-0.030651098867722524 -0.41099397951046551 -0.40677914097634854)
(0.019708110883792877 -0.13338161704646406 -0.12958638959447655)
(-0.51405152492603456 0.66968188724474997 0.58682349754656449)
(-0.91981901562418844 2.5415228382053692 2.4874350334576705)
(-0.43128862348987945 4.1276527268448087 4.0853156532110413)
(-0.23265675900122931 5.4084841925468954 5.3515577269350443)
(-1.7464830031650165 2.4410408091520805 2.3192362130320627)
(-2.2401336500206042 0.68372860239959388 0.76305396276794268)
(-1.0677785927239898 1.1169223004724227 1.2557143326941467)
(-0.61348999370415513 3.4571291592333235 3.5802245931074164)
(-2.2649186314583343 3.7563003490104538 3.6992862913396189)
(-2.5502591859619295 1.8344986830323424 2.1035767419340075)
(-1.4976059848479752 1.2894903860616591 1.7706104164949965)
(-0.95318415974671822 3.0722196810999916 3.6760973481570081)
(-2.1174019732360128 3.8257179984048588 3.8937711668271748)
(-2.1842860079831095 2.1147867886015517 2.4945081867330936)
(-1.3128082812129727 1.4888250806132008 2.1707841871085578)
(-0.9310211236486482 3.012811453042147 4.0248774258510718)
(-1.99135032275535 4.152790718664539 4.3225277931112958)
(-1.9521552842063024 2.4585245345128328 3.0112275653977694)
(-1.1836074557736682 1.806938999091281 2.7654139715143828)
(-0.88483664828164732 3.0896304662370606 4.5921837216212014)
(-1.6494292780161919 4.2142808715278397 4.4784623103026098)
(-1.5190481825499278 2.6173820498390357 3.3056382960614981)
(-0.92914472879188281 2.1676755846133973 3.3257543787310491)
(-0.79435841910213545 3.2563634720005927 5.1921400232164894)
(-1.322501083014892 4.2603289305592078 4.5728619412381732)
(-1.2160761038399071 2.7708342093600149 3.6372927451311114)
(-0.74885618485926109 2.5618762093711056 3.9462580628105393)
(-0.70723463927432229 3.4423899372088358 5.8343500680178719)
(-0.81507075575172216 4.0736558557569458 4.4132473936381791)
(-0.8197659787554058 2.9226065981309164 3.9522698558410312)
(-0.53010870599994731 3.0413077566274569 4.6325470183417927)
(-0.62264052677462434 3.6778363995339314 6.4971576007031278)
(-0.44668588652645952 3.9667234099404509 4.2587899619069782)
(-0.60036061629574899 3.1831004736589681 4.3789106771167878)
(-0.40998073838773902 3.5081806276850229 5.2786085735727912)
(-0.55894671166527465 3.8785879637604257 7.1111513256102965)
(0.1211958874177925 4.4255790765742304 4.7267593577004741)
(-0.29646463329551942 3.655226582536192 5.0445465681295403)
(-0.25245305691611519 4.0497026497241402 6.0423964255483922)
(-0.50741150416895375 4.0878836547641377 7.7598295288201262)
(0.0023980317679386806 4.7796400059118387 4.9745090610381588)
(-0.3414791480991054 4.1018035511770226 5.5910179750156219)
(-0.27622754003589128 4.4789674684016312 6.5873057974649383)
(-0.52300258181119974 4.2179136571319749 8.2674102982749478)
(-0.05466883171282582 1.1375135012805186 1.1482398546041115)
(-0.19701386371341562 1.0726291688348915 1.0826879870392903)
(-0.010185356868608346 1.1253018567590858 1.1353662240251587)
(0.036898973900003594 1.3778115700922953 1.3856329730023336)
(-0.46474585664437457 4.3934670701936636 4.2251667332826797)
(-0.83615259264527386 4.6299130714776826 4.5178985375586462)
(-0.47653934286291449 5.5440626424121593 5.4444164794658239)
(-0.28027065156731473 6.6368639430578913 6.5329495544034337)
(-1.6564518353215258 5.1596215422577183 5.2372013056503324)
(-1.9708650350084174 3.9773516625253249 4.1624372896690893)
(-1.1430427945478792 4.187187170900823 4.3702069701046851)
(-0.71009400510832033 5.3743834837724256 5.554424382353325)
(-2.2493956577034391 5.8796712157873214 6.4324047028660782)
(-2.3349669377993068 4.5732355181330409 5.3114349882198368)
(-1.4839798001414226 4.3816627912600916 5.0923952585284393)
(-0.99841767822938965 5.1534961142111522 5.960514965160197)
(-2.1404940921731863 5.9736274456193383 6.7683725822000271)
(-2.1223130563640416 4.82419513546406 5.8414294278025478)
(-1.3584138676121116 4.5434100427427131 5.5457199419733234)
(-0.98116267841039662 5.0396720931798908 6.303559302115076)
(-2.0688255276402088 6.145433186496926 7.2030761131762979)
(-1.9636905782446321 5.0173014173122379 6.3532256897736845)
(-1.2379047030569967 4.6544602702526383 6.0396791527209581)
(-0.91200337240809148 4.9456781728920829 6.8047637446362694)
(-1.7648262599068945 6.2126671025896263 7.3992839976669833)
(-1.6210021893906834 5.1317474777675116 6.6285512993004865)
(-1.0170256975429528 4.796404420507498 6.392591911412099)
(-0.81871293504190767 4.9129954911166873 7.2339143789826199)
(-1.4606843324890908 6.2419314256843581 7.5362020745928282)
(-1.3409627137610045 5.1980204882195915 6.8903647198635189)
(-0.81293320417891268 4.9214435424425549 6.7786983576236564)
(-0.69901788920980168 4.8899643365304915 7.7344745150190324)
(-0.98120876595079809 6.1315842894582193 7.4431035146720133)
(-0.97531600992983702 5.2337122088104282 7.0478552852206704)
(-0.59819062880540297 5.1009354710079098 7.1436732664340257)
(-0.60904607337512051 4.9133440170177165 8.198564373891978)
(-0.55938237970941695 6.0548346110195084 7.311844502990053)
(-0.71250717847138845 5.3102067021285748 7.2547032335697201)
(-0.42644270578731652 5.3038609643203332 7.5377967135391142)
(-0.50678726421198683 4.9493459720937292 8.6782964890979208)
(-0.027990965161370323 6.1890668795979158 7.394380984878457)
(-0.41318544705764582 5.4795562880348108 7.5505520279206007)
(-0.27592203114164243 5.5676739288379782 7.9936405634437042)
(-0.45637925205877306 4.99523574661327 9.1567021697229691)
(-0.025626213141397573 6.36313916270894 7.4860715807871303)
(-0.4060186753736959 5.6989893152626721 7.8545320908055132)
(-0.25345416233657309 5.8350013414457749 8.3834255018734449)
(-0.44163809265010551 5.0396083822786935 9.5842593815311137)
(-0.23988670045754171 -0.82637112231812093 -0.80478123366892163)
(-0.40952980393431876 -0.71446993746836318 -0.70068963168556142)
(-0.076118553335962236 -0.4746581076730797 -0.46618668337301478)
(0.0078376230781909105 0.1548406369915068 0.16138745170714563)
(-0.99199075151748073 0.13003157395093587 -0.17912074705360462)
(-1.6754399700290792 1.0411117280519662 0.87268278486758666)
(-0.82501539028877646 3.0619060383586523 2.976346134625298)
(-0.47625719839803304 4.8630398848519594 4.7711561429915461)
(-2.1478728504894802 -1.4888708637475589 -1.3282600287603896)
(-3.072732649780245 -3.3332620672342546 -3.1393755168580597)
(-2.2187517172695097 -2.2111738663285854 -2.0591657677411384)
(-1.2465790523792468 0.70424301843706538 0.85381543427645579)
(-2.5736112065551238 0.72624483390264583 1.4104402271401448)
(-3.2051579488977655 -1.5204069990036868 -0.98910099018064979)
(-2.2816158740348196 -1.3243284924382621 -0.84234888200309621)
(-1.4531706115689258 0.54650635701963768 1.3669859363318364)
(-2.5224146444784088 1.7567081598135339 2.585254447347046)
(-2.9652364582141049 -0.15814178896721645 0.49056495628808366)
(-1.9600363190530017 -0.57503737887061568 0.13528997108969593)
(-1.2526918341067148 0.62249877791679875 1.8290884608819418)
(-2.4837991543168632 2.7041393448944038 3.708455491110104)
(-2.6559694546685844 1.0023777594868155 1.8782376842807023)
(-1.728671899169707 0.23831813924877746 1.2820293161602103)
(-1.1781744224116253 0.77642528290617774 2.550493221203658)
(-2.1985850324339604 3.2512909285262417 4.2813949659939468)
(-2.2053580361352694 1.7110610849310643 2.6593804140057502)
(-1.3938242707566502 0.87317039582535771 2.0773759968845225)
(-1.0233550649502716 0.99180863941376918 3.1419577946944321)
(-1.9113744151392345 3.6309736268794102 4.709474141071917)
(-1.8440840406969954 2.1775121223421166 3.2911046926525933)
(-1.1605949325117648 1.400830930443745 2.8367992593116127)
(-0.93377091825917069 1.2077632257484383 3.8172879250070548)
(-1.4493559151378088 3.6771712362439426 4.6950439194252755)
(-1.3972220737904342 2.3947835048416466 3.5634215367865307)
(-0.85855390626348249 1.8594494725683777 3.397895074060568)
(-0.79775541691832796 1.4398653258402381 4.3914992359073306)
(-1.0075227163810929 3.5783019978219408 4.5215505616647738)
(-1.0833219419146352 2.5598947653430879 3.8446291448937395)
(-0.67135793146437917 2.3136123031499722 4.0037482579990638)
(-0.72084398427387075 1.6815813633312322 5.0127282044679085)
(-0.47351146778958692 3.5805311676629086 4.3522814867692663)
(-0.71939513390351051 2.7688574710812688 4.0743662416161017)
(-0.43753386209245432 2.8088292491416582 4.565660610253909)
(-0.61413279779808438 1.9261583270274591 5.554121972782136)
(-0.23056396669234089 3.7750452229407796 4.4312905940746754)
(-0.59469846592023801 3.1021607052156952 4.4853835201511325)
(-0.37522535434191012 3.3216058692165231 5.1825572852416766)
(-0.59176382063063293 2.142428076744729 6.1243628383659949)
(-0.22828683514147011 1.9193963712691684 1.9283529878851782)
(-0.51107537068159981 2.0026625255811727 2.0050345438317239)
(-0.22149010003519032 2.2751410273584995 2.2798499867508126)
(-0.09153276022898281 3.0396609669935182 3.0410452972525461)
(-0.89094226701784385 5.2467639832806858 5.0802112742811687)
(-1.6846891039531018 5.5483528236655726 5.4688799431263195)
(-1.0896237686270065 6.380678330366206 6.2753125073516873)
(-0.69671700617204158 7.6541723537666231 7.5425075441383953)
(-1.469006324435211 -0.49174132911297119 -0.34644138174567196)
(-2.6113458179632376 1.0846010855163906 1.199554496915979)
(-1.5285162336325406 5.1466124127618276 5.2456325328981404)
(-0.94574064744576625 6.2953375638635753 6.4099449126837067)
(-2.5706954480085886 3.0355898482681298 4.0341330281964867)
(-3.1651908309949475 3.492199067507368 3.9872292834705125)
(-2.1302589862080485 5.4359681423309674 5.8844507474824308)
(-1.4467468837930009 6.2343543446457481 6.8833553543350163)
(-3.0090507853314121 5.0440445955864019 6.4550281056051135)
(-3.2874601579701763 4.7981333813796319 5.7040347935342552)
(-2.2092103419968261 5.7074741773334727 6.4844231223464615)
(-1.5391253384899499 6.1388336989202443 7.2926928862242359)
(-3.1198991740564472 6.0157545313045828 7.9123757632973248)
(-3.153881438478622 5.6883207285358477 7.0342563453006006)
(-2.1105695951952095 6.0876306852231474 7.2767677305493841)
(-1.4961050735475847 6.0161878951735925 7.8179851820573782)
(-2.9880928532169722 6.6571720982031595 8.7360406702033764)
(-2.8533415385022667 6.3281396146254751 7.8697578939498118)
(-1.8768755182072521 6.4743224465502482 7.8528055746902306)
(-1.383571828037321 5.9850267944646189 8.2959383882609092)
(-2.7708044695740597 7.0429820845309878 9.272322498106135)
(-2.564462114749325 6.6954279511822392 8.4414905269568461)
(-1.6535612519136493 6.718352284104796 8.3271522735753685)
(-1.2597598959356531 5.8954933439296378 8.7570190254546088)
(-2.4009465837782535 7.2652320553930663 9.4941949527123697)
(-2.1833241393883958 6.9269684666911271 8.7560374979736704)
(-1.3636522929708548 6.9467235300380104 8.6731268507201253)
(-1.1038901429777814 5.8541524335728887 9.1733530706765585)
(-1.9883303315851415 7.3562883666657592 9.5195560049993961)
(-1.8665076455675664 7.0500064759802656 8.9608070648412479)
(-1.1383663289982464 7.1362282725883217 8.9844958961157086)
(-0.97692380899394504 5.8082911921608575 9.5734068444675717)
(-1.5052770543581979 7.3899404303356553 9.4083880454066868)
(-1.5122420608362348 7.1301346072608691 9.0840974535829933)
(-0.88801265441011246 7.3112021676558872 9.2713039398826869)
(-0.84863064026053314 5.7894285238029974 9.9412466191092097)
(-1.1311172873811175 7.5284323728924747 9.3478427658513485)
(-1.3239208156198119 7.2664349722759152 9.2382313503607474)
(-0.73271947277366745 7.5512308230153353 9.5666476962601994)
(-0.73785059364170014 5.7828639363660148 10.306080028970566)
(-0.47174047023796406 -0.66318176313598365 -0.65858776875274705)
(-0.70876745328114876 0.37910805376387724 0.36580252735855368)
(-0.30636866833420828 1.9595156587732021 1.935352681587956)
(-0.19834895363702718 4.4823570126563554 4.4418374027405001)
(-1.2193864273045729 -3.618883859914122 -3.7865339922799044)
(-2.1474127202001645 -1.4725574259832444 -1.5230216289587977)
(-1.1631967502021585 2.7810956271041034 2.7480753095934878)
(-0.75211053976639541 5.9621478728522286 5.9201985379549038)
(1.1492772207816855 -10.206339133071095 -10.223469154166544)
(-0.057669354574533302 -7.9945331668670114 -7.9735104933004912)
(0.065175872539244936 -3.7459285438270418 -3.7877110385559236)
(0.25906854041970956 -1.0391649965761318 -1.0524637783656281)
(-0.75545043095939113 -8.144777815264062 -7.3291738474326618)
(-1.4577620690158866 -6.7050989563994126 -6.5994509583308609)
(-1.0302793205667644 -3.0140728604049594 -3.1460293819746155)
(-0.60584364060284424 -0.062410665702356517 -0.16884791573143704)
(-2.7197063883926145 -5.4521039773962441 -4.2787690649425469)
(-2.7667572491120733 -5.3230225707066241 -5.0680080652584545)
(-2.0869333864061725 -2.5529812786767927 -2.5519917259473885)
(-1.3261683597507341 -0.23024798951439915 0.1468861101679543)
(-3.0337854583984121 -2.0771539630864617 -0.94657983914547517)
(-3.2659079951964083 -2.2423248398848354 -1.9178998284722415)
(-2.2622834397264788 -0.51124899069464247 -0.33137476887284373)
(-1.3679886032932069 0.47383295175273238 1.3152177645766643)
(-3.127111701089123 0.37745440887530629 1.4933342531487968)
(-3.1552890469412094 0.043276992725924876 0.49518122257229874)
(-2.1077267167691907 0.91085491354437653 1.4020792031611549)
(-1.343546110610953 0.92639264659956699 2.3514104954149122)
(-2.8118470955178871 2.0124615053126114 3.0600321624419493)
(-2.7610223998362402 1.5204208348860067 2.1030959883755744)
(-1.8118984214662583 2.0408819590863465 2.7378890770949078)
(-1.2779930336259346 1.4191420925459961 3.3063921361617634)
(-2.5258192326269482 2.8420475466232129 3.8831435596213391)
(-2.361781090981331 2.3025986239605327 3.0428647963126214)
(-1.5578478033706589 2.7753921812072715 3.7034306582544487)
(-1.1825687929502771 1.7656287332141962 4.1536045910076433)
(-2.0546368382664362 3.2094708015471185 4.1627687146052867)
(-1.980413071438716 2.7336296027527385 3.5992316249480782)
(-1.3051557732328418 3.400367404985416 4.4474713222077922)
(-1.0840301846643945 2.1517307756547734 4.9408701780066178)
(-1.6507247595297037 3.2870224562373629 4.1847772193770192)
(-1.6553488769281723 2.946025900727899 3.9433111050268734)
(-1.0656074321911575 3.8577319960407217 5.0716871159468893)
(-0.9740863326087813 2.4185862862051124 5.632956164463125)
(-1.2127203762143228 3.3896279646726826 4.0970176256661643)
(-1.4142016821543688 3.244249921246769 4.3184937217904169)
(-0.90673675960930156 4.3874277002840589 5.6515495210525151)
(-0.88841660190026706 2.7147620400782899 6.2656758306873357)
(0.12361433209436165 6.6691862540631952 6.6630269682711454)
(-1.1184437014506496 7.6508041614515818 7.5869680952364122)
(-0.72544477988848277 8.7828573520628925 8.7329846863673293)
(-0.49721890942571256 11.419648057181542 11.32505802529295)
(1.8427384602789545 7.3453265943468962 6.9896003389914663)
(-2.0052385146969796 8.2699122512839427 8.0852259359604197)
(-1.4576018037428278 10.120446339334242 9.9224128387132016)
(-0.74723306148626223 11.580551551427204 11.280442652510832)
(6.8287217743017328 -4.8416418850878218 -5.64173302294079)
(1.4587541148857861 0.48034109653465984 -0.38008743975963061)
(0.93855756109917621 8.1101821161641485 7.7165461871609544)
(1.3537844520426296 8.2249781859349991 7.4633030898858923)
(3.6753624336958297 -2.0603852446433799 -2.102297536225854)
(-0.62595597829481908 3.6908759885971181 2.1028356952242677)
(-0.46688515099497435 9.0071110887997623 8.5136466371346486)
(-0.12817044210942971 9.3850083261619552 8.6814531136711786)
(-1.9358435818788302 5.1525125238317839 4.5164680630894587)
(-3.2195691247501101 6.8533916150993051 4.9076632560393199)
(-2.2410861932223822 9.1290932212627673 8.5357888218184002)
(-1.3576152613996628 9.7139110215292774 9.183604910224572)
(-3.3589577572033518 7.68006580536795 7.2624660413915345)
(-3.7191764275666954 8.4052094742557504 6.7509608996692752)
(-2.6723139324435317 9.8145323256790498 9.2616850444280239)
(-1.8609947209597391 9.8824227398344284 9.9328058241925081)
(-3.3823549005757498 8.9056748916007908 8.4107748981307715)
(-3.8049565856973357 9.4778385640459621 7.9726236083259199)
(-2.7013821019146973 10.383928230982882 9.7843013841978586)
(-1.8837718734581066 10.007629706569642 10.477217383921753)
(-3.3680238946592782 9.4874046504101752 9.2952430183806829)
(-3.6271336149925446 10.056136073492739 8.8905870883236613)
(-2.4942665463762448 10.985119144718141 10.418960429021094)
(-1.7998646561542968 10.199680757343833 11.143068314647767)
(-3.2278202347230924 9.9037061930087553 9.8542683087392611)
(-3.4786950296583976 10.490567170330197 9.5514939781738946)
(-2.3017429020759468 11.482568159050365 10.877240466668802)
(-1.67555469288479 10.421738944613137 11.705858361100072)
(-3.0235450353231985 9.9795249429160702 10.138746382398066)
(-3.2466927190931818 10.660703931953108 9.9145948118825054)
(-2.0454583010904597 11.915223335372279 11.276827900181289)
(-1.5372582950745119 10.72833797083026 12.31421790966569)
(-2.8686801525602719 10.216567621789 10.444167421277768)
(-3.0276100219996382 10.895436159629661 10.323444047911433)
(-1.8297671524039356 12.2758752982961 11.656929610274936)
(-1.3981021873366881 10.931930148555908 12.791967307772698)
(-2.4898187246436732 10.297140914218073 10.50129478274644)
(-2.7097380355924936 11.067664817860003 10.493632416699235)
(-1.4643043604052988 12.575430226811781 11.899935514935473)
(-1.1297475914770927 11.106155163403866 13.180095730336834)
(-0.3847313822918712 8.9110274956261986 8.0104323990969739)
(-2.2522792004182053 13.722383755050917 10.082540104045568)
(-1.4847574850065435 9.112473978608655 4.9352291154076955)
(1.1687297039673432 4.9454899702625257 2.4032281297673133)
(-0.49320249927776472 12.592674680481304 11.613573182152985)
(-2.3119531160738891 16.992827924606669 13.740551008636217)
(-2.2440686160285943 14.094300742507942 9.913615370238924)
(-0.59940692295912723 11.082936864112781 7.0147158284721458)
(-0.58900618430762974 9.6433529979408412 12.60030912874959)
(-2.5104711973361242 14.509374270936634 15.154079128610086)
(-2.5234307475364153 11.671585386896135 11.479111021922238)
(-0.93898177694434204 9.0629656859737242 8.6834778571124751)
(-0.61901429566796973 5.8224941440173996 7.6353678866639543)
(-2.426754803440772 9.9563009397863222 10.304797822989691)
(-1.9005769066555724 5.9169053136853087 5.3378039702703681)
(0.53510933048484843 3.8712992729857647 2.2724040682023028)
(-5.2668835640484737 63.408808245021874 35.720543925554587)
(-13.250395362848847 65.675673287683694 35.790968944901287)
(-23.028594211090116 66.789350673601646 27.987066055378236)
(-27.194971809976277 70.859138530053741 14.392936707999118)
(-3.5130358325106501 52.517637295557556 52.352522239748076)
(-10.094038790989545 58.435161490815609 49.416335907529273)
(-18.419771023356233 58.757109110608653 44.758676426446826)
(-21.020028129809617 59.517288099683775 38.363155492136386)
(-3.279339899569401 36.403070588893442 65.197356330979545)
(-10.069377849983274 46.516391610344243 60.092459047628552)
(-18.629573413687719 44.824710768070929 57.993659771738258)
(-21.173096868912804 41.030289932183926 56.967685318568947)
(-5.1813289662858208 18.27416559527061 74.266003294492393)
(-13.458947644459728 31.796010885237646 65.663970646214082)
(-23.958375858463185 27.063895796470067 65.545549253917372)
(-28.242340305916549 15.71376801177599 68.67602253983226)
(1.1116212194623118 52.349366706042289 -3.6718140975680504)
(2.100451598376111 42.275385017902082 -3.2129308240595589)
(-0.41000144999662352 38.98361779922508 -3.5479160976376019)
(-9.6389263465888089 33.048253008950873 -3.3839294915670228)
(2.3826760798464925 26.318003801271363 -0.38874985452111815)
(5.0415607124781978 20.318774823700764 -0.49169080942883853)
(6.0958134802021133 20.070915816459483 -1.0385031891181402)
(-3.5220305440506601 25.473465428132904 -2.5687926652240392)
(2.195275706076897 -6.1226351025826542 2.988245344356967)
(6.3744418381250334 -4.7000978532739577 2.3048185814814475)
(13.024394244270349 -11.403396972877033 1.9623112468714465)
(19.890224351298023 -21.391737065984398 1.7527029525561615)
(1.3931145157230058 -2.4843671934294118 2.8946649914115565)
(4.6548019875631779 -0.44383212625878515 2.2755329983453385)
(10.72107814619725 -8.188046912397434 1.5613696515852025)
(20.518477188677849 -23.983894399277276 1.8753718655175833)
(1.0564595896473195 1.7193905687993329 3.6243824386045138)
(3.4139442107134461 3.9098629017044755 3.0031693587419559)
(9.0006483367975232 -3.905621659874241 1.4673928597165233)
(18.154345098264248 -20.857898576222766 1.2430006913796996)
(0.66898659946866224 4.9124789729521003 3.9765940430231046)
(1.9817348433556936 7.2179477600231472 3.5507559257525942)
(7.0008111614246156 -1.2425428108388958 1.4099457188276927)
(15.645759787003184 -18.488687327666117 0.79008883095452487)
(0.37345942029778978 7.651994747954908 4.9014999785290279)
(1.0762259985824489 10.185919015104016 4.5673688577948415)
(5.3120972231730095 1.6662019376802515 1.6437301168878102)
(12.875356596087604 -15.633462504905468 0.30641724851500268)
(-0.019008415913997875 9.5969088494244463 5.5595965038335002)
(0.082649145249042294 12.352488028201819 5.4784587429290044)
(3.604225241301501 3.7766013291784208 1.7945680941840028)
(11.034927234127247 -14.23737455665669 -0.17421119432452989)
(-0.30485998194732855 10.807451984204141 6.5029145613818358)
(-0.62583320445572455 13.917476395887125 6.6443562755683452)
(2.0695815247126035 5.7521538889348323 2.2972840365725009)
(9.183395394878703 -12.694637532715937 -0.62448997283618946)
(-0.55690932258339998 10.744646183108232 7.0686462753325259)
(-1.310297064317947 14.327306037327251 7.5909223713643348)
(0.79995109852801416 6.5916001582425139 2.5864518780584511)
(8.5097614241470847 -12.944091920321908 -1.1655223726479786)
(-0.67681134742767801 10.087332002003336 7.6755969810566427)
(-1.7802476368125495 14.233800699291992 8.622082464022693)
(-0.50596248260051235 7.4110334165454947 3.3453090353079005)
(6.4345481220670608 -10.774311719589099 -1.3091988454045995)
(-0.67388405928877293 7.3847003179508475 7.5404411534393514)
(-2.1350410557321613 12.413572489289088 9.0438358015936764)
(-0.81295315323923456 5.3592102180234491 3.2917520946603163)
(6.1116872065928014 -11.712186672587771 -1.5360395991371871)
(-49.557237273531463 202.76074667095733 -12.855144193789346)
(-56.797636739531292 180.55727500034845 -12.68786528902025)
(-77.395246356959817 162.24065845335923 -13.136263432216973)
(-98.18070976365135 129.15368686719205 -10.686110014763395)
(-32.176799537382216 190.21498344854425 -10.557712162765096)
(-39.112874710779728 164.01872118053916 -8.4474075733502367)
(-66.7561619233811 165.04274831111843 -12.522465740907199)
(-101.29812925603873 150.89997249530686 -13.469330074444116)
(-13.17526699352169 99.222486913836292 -2.8532162948146627)
(-18.215343338174211 93.179972033112136 0.19649863083736177)
(-30.521577289251571 85.532176764791572 -4.5686421236144721)
(-50.96759858553547 80.361158273065925 -8.3510094458210222)
(-10.511607533505998 98.946018165285878 1.411848663893466)
(-15.876752912551968 93.563236963302671 4.4313794934838455)
(-28.058742858596332 86.169320076590012 -1.1593988938388353)
(-43.680223909373751 76.215459168698672 -6.2428920561265571)
(-9.6435847710092908 99.442998729469068 4.8015093893647327)
(-14.826213932031854 94.046604651386886 8.207822456518965)
(-26.823252802081228 86.768049099310119 1.3525290492551316)
(-41.551481080511067 75.931624149416663 -5.6235400033973812)
(-8.6875896889712436 99.465659895781755 8.8252511540599148)
(-13.965042452166498 94.109650560844855 12.338826066494855)
(-26.194806190202272 87.011369154402217 4.5040730537785656)
(-40.369796298221402 76.637950623619503 -4.3291869437782529)
(-7.9132957047854147 99.307028689086877 12.780374571139737)
(-13.224530481872067 93.968196104776084 16.329000333307167)
(-25.692519580425113 87.229050152320909 7.5203668744914678)
(-39.583132027329903 77.034623341522789 -3.2680881093370915)
(-7.1455823968732881 98.643495166110583 16.859295442784923)
(-12.551699359274807 93.400848192800424 20.27731535047873)
(-25.330590557977043 87.153173364837855 10.647640131399951)
(-38.809209630610269 77.265164036907976 -2.1091128567234532)
(-6.363149507385069 97.263231939244889 21.156574773399242)
(-11.917722589326766 92.248402213710278 24.265124154710847)
(-24.988947941834248 86.757609532226709 13.948044100442353)
(-38.041309430964098 77.181595522520198 -0.58794597238304369)
(-5.5020849875734461 94.732278490400034 25.005074734404971)
(-11.291850129675355 90.22527799169174 27.643129211940156)
(-24.727777427939788 85.829747864593017 16.90628900361428)
(-36.909593489581603 77.095281035967943 0.47812644467398713)
(-4.7945840088862974 89.834572259133864 29.667929796268112)
(-11.018336609044471 86.398579371232387 31.523247198760149)
(-24.579979023262009 83.691775864471396 20.783675147279641)
(-35.977565571585032 75.621949983439251 3.5161309795265621)
(-3.7986596664223762 81.276433075219785 30.911882275150777)
(-10.564240761915711 79.891153904137965 32.352359187755965)
(-24.024201334051224 79.21234883448281 22.141659441368684)
(-32.105237423804965 75.956895014037528 3.6127001950489732)
(-25.062604043826461 19.294698865846467 9.943106400255612)
(-28.273310387742033 18.408582871957762 16.346988483691629)
(-28.394761716524105 18.270847917118232 16.653374792873894)
(-24.979300631903136 12.590848520834273 16.35539423202599)
(-9.5463011526331769 6.0509081185053031 5.7850159034561521)
(-12.202245521821171 7.9987097175887589 8.8847773942103121)
(-13.531617303766133 12.009841168220079 6.4197652879130942)
(-10.574501596436546 10.296222091118549 2.6894071159974997)
(22.675403854601385 -24.52917993663517 -0.85529973568025763)
(6.9376697062220858 -4.871851171523363 -0.049353638773603943)
(5.0859716484380444 3.3735741900393164 -6.0744983064539317)
(16.432358398750726 4.1692236157715623 -22.21635983886231)
(19.639513098789088 -20.527206372224168 -0.7575971638888257)
(3.4526079225983768 -0.80659160354862713 0.82082316289544199)
(2.0639994332309826 4.8998427856295805 -3.2521607214116921)
(12.089868275119418 4.1188638325737896 -16.682058556524563)
(15.294758645064057 -15.268997022217947 -0.62736611513664997)
(0.49948384326713641 3.2734334842020996 2.4845109902159619)
(-0.62547646566280002 7.041809715568772 -0.23400463027965965)
(7.3771972410400375 4.7025527833987555 -11.148595088920588)
(11.302040109232591 -10.024665818887373 -0.65414629929188373)
(-1.9164219211541873 6.337028595570426 3.945118141684314)
(-2.9115083036432101 8.626334363084192 2.4787925909971471)
(4.6717326491213109 5.1644121788055157 -7.8878185944341119)
(7.8332443975992394 -5.8007833212385469 -0.086509172800250653)
(-3.498298263663886 8.7565341883241032 5.7536188637824157)
(-4.5136950089035386 10.295408596712493 5.0386702201107161)
(2.2721812869078963 5.787852457251156 -4.9226958385663631)
(5.2775593952726911 -2.5628988988853534 0.46523934731184574)
(-4.5578411293590255 10.579035222289894 7.1993361131335911)
(-5.5667078485221673 11.436119294979198 7.2333524537339038)
(0.7304967749029212 6.0502500019864511 -2.475680100782736)
(3.1384301727158759 0.20315739556934498 1.2193333591538824)
(-4.8858403377405004 11.929054917485278 8.4209337463896219)
(-5.896107699259729 12.315449556586227 9.0099707712083266)
(-0.49786826025195136 6.2505261786278794 -0.3176863902802331)
(1.8094860189067794 2.2426726444165808 1.7836503672813304)
(-4.5190688400470229 12.598789821930389 8.9969853699777929)
(-5.4678574388808538 12.486964881535251 10.089871099749425)
(-0.79403413570780657 5.9370198377797818 1.2248534445989641)
(0.87624506338981323 3.9412545968801465 2.2637900966838957)
(-3.4518365035664602 12.583866192952156 8.886387229295087)
(-4.2929105571655599 11.987826001115851 10.333370838168932)
(-0.89531027627840376 5.4612469059466129 2.3708211576302776)
(1.2527320216953155 4.2149504197711547 2.2367761586619954)
(-1.787619350823193 11.800250559174884 8.0410751404089691)
(-2.3951062748284415 10.617262584724912 9.651048257544268)
(0.47591003504882129 4.0774691089276658 2.1368977323236882)
(-122.49184110666286 104.65599710515426 32.118255931957485)
(-126.14437549486956 90.184274758350369 63.681120855365023)
(-122.77171638243686 68.504082474621057 80.530104569200347)
(-119.86068405841169 38.369117880788409 93.179641257122285)
(-116.9717395525999 107.04693436473227 29.407727193759705)
(-116.40512116662637 88.903038832751918 60.98335667923623)
(-116.0035986230037 70.012897276487266 78.275622773010227)
(-116.52934960082324 39.8652982660318 92.564383863089006)
(-57.646035784694377 59.23702475537408 14.274418767747434)
(-64.670233692674188 56.76896910666165 37.647758370134966)
(-65.634202989096082 47.04527292279851 47.702984731177942)
(-60.275834778693167 26.087446161042738 47.474653563564779)
(-54.452114812058078 60.999435830786027 16.004476696544728)
(-61.620820919156372 59.172916877082919 40.109789649942542)
(-62.547185940103773 48.698646238287971 51.082563985145619)
(-57.105736369257997 26.874283494190308 51.391351003480658)
(-52.303864877115089 62.031570902710534 17.479632965861494)
(-58.967031559979858 61.178251346415415 42.526304012080978)
(-59.712464678346109 50.47470080298573 53.740498645646021)
(-55.126432655368035 27.427601700768459 53.973770999850331)
(-49.940096046602903 63.59183232138475 18.984582845979965)
(-55.9383094049156 63.211123077049912 44.828979928933911)
(-56.547688947214709 52.164056017681418 56.427345188878782)
(-52.409716980338416 28.049040795924682 56.30116828620524)
(-47.899699052534693 65.009737939944486 20.363871497871166)
(-52.860777828708471 64.956216083616582 47.044441644704534)
(-53.321266245210225 53.713867198945579 58.882239050600305)
(-50.190380920784889 28.634928477785444 58.612927371550533)
(-45.68964585156985 66.504158896763812 21.518803591665169)
(-49.447892959721543 66.482424769544181 48.936084776705385)
(-49.770137903197956 54.930591667679984 61.120113181053526)
(-47.7150968579774 28.88608101691803 60.871468983759222)
(-43.442392655092299 67.843056268745926 22.639292034971522)
(-45.673542034470422 67.632695405766711 50.405976201553969)
(-45.869192716332201 55.720668546808128 62.973329566064457)
(-45.149605046458149 28.983226578956394 62.974544351921203)
(-40.86384196804714 69.316130876451169 22.811792632938822)
(-41.295254516210363 68.264815827604153 50.89064392878781)
(-41.399559008844072 55.560643773408778 64.278636173345404)
(-42.214403335793662 27.83855366139381 65.253471824454721)
(-38.095197195971387 70.181977200705319 23.625633066486756)
(-36.081651773617402 67.9428419300081 50.110567051815934)
(-36.136091952647796 54.126841459035724 64.56135344198475)
(-39.12830916548215 27.055099902790683 67.068199149440474)
(-33.206872833968283 72.403578493162385 18.39511878426298)
(-29.217056769177677 66.305488382456659 46.017604288209931)
(-29.22643714811856 49.235246972720333 63.489179764205645)
(-34.058793266954922 19.87141749301836 70.396806518054817)
(-12.087199110473934 -2.8290445892074074 28.987100791588304)
(-1.7012038814802612 -3.3624134889061486 37.25327753773049)
(1.1002977276683228 -2.9905055349553749 39.755298370614611)
(0.41968279815777054 -3.2022665196329303 46.155816811027535)
(-3.5596757962429106 -1.6579594700107483 15.329804812422246)
(7.1407217016525122 -0.49524292558502686 12.955618262062231)
(4.3245070103235159 -0.16522014486789763 16.680267474605834)
(1.7229745220188515 -0.56986226550771979 27.010692674119259)
(21.285055701372013 3.3653419506298601 -34.807776846091116)
(16.555504657854865 3.6228838798515857 -27.357810698219339)
(6.629351020424652 3.02174126537829 -12.368427739222208)
(2.7519620317597351 3.204678123159705 -13.939306235758533)
(16.86479297581511 3.6510398290444188 -30.841454678344803)
(13.330515518971039 3.729405453596776 -24.909656708794625)
(3.7991079135803218 2.8941030163146779 -7.6701293026807322)
(0.67726143442643572 3.2669202156587347 -8.6116255693053461)
(11.8351977754012 3.2343316158727071 -24.855296465391213)
(10.390479726218958 3.5721892535141926 -20.584814636938859)
(1.8841014984611686 3.676571550743152 -2.8633893965205384)
(-0.66580992771787961 3.5223530973476711 -3.6789661347041909)
(8.2874719218752535 2.7048184930101664 -21.216690595438262)
(7.351551734880581 3.3423528524419686 -16.279226903355443)
(0.43366940774210344 4.1491645086588385 0.99863302218361816)
(-1.1002653989587068 3.749849098790333 0.68062169748811263)
(5.2354358564536811 2.2599662921204096 -17.39143302177844)
(4.9392447582466881 3.2026348837549188 -11.889825532357936)
(-0.35433058567426162 5.0389835984111286 4.2580866606722072)
(-1.3575929289741906 4.2404029769022324 4.5290236380975504)
(3.4720789012886417 1.7556142279364388 -14.825663534127079)
(3.1001445984310121 3.0562203273303483 -8.3573639698459292)
(-0.98378713925157246 5.7714605738886995 6.748417741555369)
(-1.4902383012691098 4.7806391840502407 7.6723394694877793)
(2.207851817882482 1.3999618519571013 -12.409779209983355)
(1.6661609519839091 3.1362684107157928 -5.0848556405012992)
(-1.3294892954587696 6.7712118583752865 8.6214557647307632)
(-1.6262180746294528 5.4924762214749778 10.392347578295089)
(1.8689621933499272 0.93176635218225889 -11.019036061073562)
(0.43356512477240527 3.1851321497041511 -2.7058277256460772)
(-1.7691927785275403 7.5832460235112098 9.3650605216098821)
(-1.7974418344819243 6.2138481480114773 12.126136056231193)
(1.2240649527743805 0.99515983005995556 -8.5123011420740458)
(-0.68891472535558274 3.7457406000627294 -0.18702090394292759)
(-1.9845359609500215 8.5024346694020032 9.7320315860769337)
(-1.7773246918058778 6.7693203229978254 13.316819975641623)
(1.540182330880179 1.0051253825321877 -7.3948427906708751)
(-1.4069027711433859 3.9948177709035422 0.40109959793384292)
(-2.570146054242394 8.9372025606086218 8.4848685970978774)
(-1.9048191882010934 6.9483537751724818 10.921195453324883)
(-103.79323038117114 -8.2935371363076271 120.12918700054458)
(-84.55024668691469 -11.082115699023854 152.38952006446831)
(-62.651695434959407 -10.824113702200247 165.57636501702157)
(-52.470680173689082 -11.039927406523207 175.04406822840099)
(-110.74232540281275 -9.0199465118328384 134.67568154443725)
(-81.525741873677845 -9.7183414513895965 155.0137757031072)
(-51.759858556372428 -7.4668956427854249 157.01451482202657)
(-44.234340389304194 -11.056170378642392 182.59364028081586)
(-62.140821619956768 -3.5655083013246998 63.415684304704762)
(-48.186708682678386 -1.8677369114745461 78.247589711999623)
(-31.922312163968019 0.62118013958360985 87.555835595891281)
(-25.916232071579618 -5.7637227278990384 95.294777898341565)
(-56.574979892744615 -1.8879709268107534 65.256820823232871)
(-42.807082556320076 1.0789912089845699 78.814357055026221)
(-27.012688770778325 4.3280115876655767 89.064930154033689)
(-21.245932353998455 -3.5843885836849605 97.188489433078814)
(-52.989193895239978 -1.2984883722527372 66.98815947662753)
(-39.276646724865188 3.3017917387744573 80.292816747211333)
(-23.943186042570279 7.4861085583977065 89.996720847146221)
(-18.648332970900579 -2.0255801950400714 98.331384297865029)
(-49.917940857212734 -0.22258965341098 68.781650966300759)
(-36.189153052726084 5.9054447648195882 81.26086918108409)
(-21.08834570885935 11.079311402081922 90.8525095848359)
(-16.164566436078523 0.29687757632401912 100.10220171383405)
(-47.333024647303098 0.66651044746748012 70.23361210143041)
(-33.678028639900241 8.4790989519070585 82.239373772713094)
(-18.879660613050568 14.550182571474599 91.278756877954748)
(-14.249019867216203 2.661451638944655 101.45641457325927)
(-44.82437406380248 1.4810917521205911 71.453114175576744)
(-31.467584011223291 11.158937651152959 82.956398573103598)
(-16.841913483490114 18.054593082760437 91.501419200069691)
(-12.52217324832117 5.2904309977744619 102.33382287492248)
(-42.349142157997427 2.6637106937198203 72.427873584739217)
(-29.399418089078285 14.070539317763796 83.255532155512924)
(-14.967920636387316 21.667698903602364 91.198224478411376)
(-10.984441936478822 8.2537777231297031 102.94950931089225)
(-39.572139084450683 3.2556071444272416 73.575071930249123)
(-27.568961805325138 16.683958174776251 83.062440382952929)
(-13.175864001827664 24.748397305345986 90.202344026941873)
(-9.5525932102707518 11.020288249017179 103.32883315586379)
(-36.85133057831073 5.9417894262857045 72.93881384569201)
(-25.680256832949155 20.346598856933767 81.774808290943412)
(-11.574038636901829 28.499796372762169 87.496945295162575)
(-8.4325117755154047 14.956750416558959 103.0149367170967)
(-31.258339758322709 5.39567130619265 74.458487335097246)
(-23.844397679831768 21.359566643910757 78.331905741890367)
(-9.7696138556496681 29.092886879631422 81.999859986429669)
(-6.6342151611289015 16.488199266137944 102.34900496804302)
(-7.8522490190308964 372.07588573836523 317.74551737783941)
(-16.528750586204168 373.43120809524441 321.27191540547386)
(-31.933175066873218 378.42481447163698 316.61895173581422)
(-46.560950166453594 384.86644123570403 303.96477003597619)
(-6.2874172587261699 341.32624765000958 342.4032565147611)
(-13.67694203720937 348.41612832302508 341.63779292770181)
(-27.638129988400177 354.94162517752864 340.77999252973149)
(-40.689290344191953 359.33022961982601 336.01566776375853)
(-6.7382122933394051 312.4122782192868 362.11232250863986)
(-13.52528886472574 325.3175111746815 356.33809576431463)
(-26.772876651602921 332.13166589432649 359.28241036683937)
(-40.148872313204564 333.8460864299588 360.76441072413036)
(-8.0113151495316206 281.90326884983938 382.09547841326025)
(-14.782465214125844 301.50254452157748 371.97894208286232)
(-29.051328248984035 307.44412079959119 379.17037980382213)
(-45.616962556048485 302.04426491950079 383.9597450536898)
(-57.136240302688627 463.02144281122833 221.64842525518642)
(-69.388904234506271 456.42749306553213 233.10020575849248)
(-90.920242220767506 417.96833836437037 228.61331820548168)
(-110.21532924875663 367.49559954000676 226.24222168058304)
(-40.664035097037406 469.45370889155373 227.91453403587431)
(-53.982061356553018 446.0555352358881 234.26189758254054)
(-85.273423866707702 438.26826840250988 241.86894694490238)
(-111.74929094387451 408.95567869911213 245.65693302512153)
(-29.256488744034879 430.75148437052718 219.39415718305136)
(-42.013992243765415 418.81509780843874 232.7374517191775)
(-69.866247134253854 410.05153474348401 236.11581008443292)
(-96.607284040720714 392.00294906348569 238.40116967786656)
(-24.52675424684281 429.00842130530901 228.11135364277285)
(-37.121493152506098 418.72731884114518 243.02325295333753)
(-64.843743399514352 410.01548815864993 243.96154216767275)
(-92.604566116145818 399.41841187139437 245.8429386907309)
(-21.765650520771889 425.7537049732066 236.71036382576426)
(-33.024983276080853 415.04661002694388 252.62644259393912)
(-59.757403442321284 408.41066060801211 251.88673290854072)
(-86.778266252302316 396.5669089893662 249.0123148118102)
(-18.825254812500951 422.63984537393463 245.58443852889573)
(-29.169733102246116 411.66581182552579 261.82102148682128)
(-54.983684681142194 406.27440545408803 259.49406966424613)
(-81.91629839531781 399.03663339201842 255.76448572283954)
(-16.26445775891224 418.75467405784514 254.35863155207869)
(-25.663168710839351 407.87382197796114 270.61713997885533)
(-50.469992623653582 403.8110401322096 266.93324825809776)
(-76.325054430226558 397.58842971792131 260.77776360888151)
(-13.677286183436721 414.5371058987123 263.23823021917678)
(-22.338175114352438 403.95244013390072 278.96778409383552)
(-46.187504323242131 401.13045079592337 274.17286549523703)
(-70.932073440612371 396.37969097946336 265.76590953873608)
(-11.166708039058346 409.40029599953107 272.09364750587088)
(-19.156920660993908 399.59402478581785 286.86049492173731)
(-41.924187027776753 398.18735853701833 281.27670435267669)
(-65.696626394971545 394.78809133438335 270.78264818692679)
(-8.6246722747992557 403.59220517680507 280.73694480058032)
(-16.158600980701355 394.97415611987583 293.85948218777685)
(-37.900087853506143 394.92228493521975 287.76672303137639)
(-60.367193122993271 393.08842175038814 275.07345148481818)
(-6.0557983671237459 395.44526069897677 289.94477576499702)
(-13.320180140969892 389.06915318862264 301.06164687357557)
(-33.885458771308301 390.50515144746356 294.86088427250212)
(-55.582994135479645 390.26962961656187 281.03241416376864)
(-2.2654678707642488 387.65652914905053 295.67281335571164)
(-9.0484382306119731 384.4123345082283 303.76886896096181)
(-27.438657594266381 387.79210479575767 297.89233176830288)
(-45.183833255659444 391.00147251686241 281.89948052030576)
(-140.77363806729124 361.74687396429988 270.1694979030533)
(-158.73253872528431 350.58119049809693 315.15838362118814)
(-156.10642047931606 314.34695333897571 337.70426495744869)
(-140.96998315295991 268.30109178584649 344.70652228646139)
(-135.82611959946013 379.7627498307931 279.053201530161)
(-149.01548846816411 353.31714994435845 315.68614581691799)
(-148.95214908198673 319.71291375222006 342.62497487028452)
(-137.15923583152573 279.56590700276843 361.80257024362737)
(-119.51031020499724 367.92317149197794 272.14063058991661)
(-131.86886591906125 342.80117193009812 308.03460298682961)
(-132.91458346952712 312.28335942890163 335.5562391939925)
(-119.67985396047489 270.50276270558032 347.64654157654121)
(-113.25890659263158 373.18649695720279 279.49939869504766)
(-124.78363265184903 348.73861725331858 315.49694027588055)
(-126.1552279135941 319.29434909363482 344.05698192114136)
(-116.97673062765699 279.79706067570589 360.98334765908089)
(-105.07373510295632 373.25316767609758 285.44265116461463)
(-114.59483008419684 350.67358579834394 320.10259244631601)
(-115.72924266790488 323.46570788975038 346.61139788496922)
(-110.02627961957224 287.34169050976323 366.74500385669978)
(-97.238464459641349 373.58298390514364 290.84295489804333)
(-105.02060176774664 352.45323527945396 324.49451360468379)
(-105.79271073799983 326.68638410231483 349.6307039399461)
(-100.95684144263588 291.51729197411953 367.44600764194661)
(-89.533529860256806 373.57872191614302 295.98701154169174)
(-95.480409245409703 353.94970481098079 328.4800376893603)
(-96.001830836127766 329.92390216882086 351.95514215684159)
(-93.110262226921293 296.4388127271697 369.86041544784081)
(-82.08830015881405 373.59690155907464 300.70205057644949)
(-86.162285855116124 355.10863605844804 332.12562850317033)
(-86.417079140981627 332.53999127482189 354.21773517868894)
(-84.770211214848615 300.31549151983711 371.04783119889862)
(-74.860880324634664 373.41644372022046 305.18901335179248)
(-76.912702369995799 355.87992781036633 335.34489596370531)
(-76.939685770464251 334.74375098264926 356.02997964164433)
(-76.778279786683569 303.69773221496138 371.99619931802283)
(-67.953896758326948 373.35549784338974 308.7040286276665)
(-67.893787572797962 356.15013695090335 337.79946960953271)
(-67.733132781866132 336.08097688643437 357.45606574577403)
(-69.112063273784102 306.01311518094002 373.07596594709941)
(-60.978983707785787 372.83486513629555 312.63052265842805)
(-58.555645520096732 355.85913376763938 339.72430758885605)
(-58.258211013946287 336.80105834383994 358.28193854362178)
(-61.400413987203763 308.42432185987531 373.71759807388497)
(-55.053904554968312 375.82585111073672 309.41907359096587)
(-50.278403331961506 355.75809296185651 338.40553213878741)
(-49.983216871652402 334.71580798799408 358.81370110044958)
(-55.256719860795542 304.84374434125766 376.97126641940031)
(-115.9442303369579 227.83940973772638 356.31525034969917)
(-95.296944495195362 223.2182705589216 397.10957226026215)
(-73.341214551443585 224.38870459427997 431.43266903925343)
(-59.724139109425835 201.93483100054823 416.27347805533878)
(-117.7381484802885 245.78816073067378 393.7893596286965)
(-92.752739461734549 238.11349961433248 424.0441904584809)
(-60.140173930538467 230.20636927861423 433.97084246491147)
(-44.961829141036816 209.06308680893972 436.19816474695369)
(-105.83873821677071 244.36160666233584 387.32644469389135)
(-80.450096617773141 236.55418044992206 408.71308477427823)
(-49.481321482131058 228.45787180567137 410.33881549857841)
(-36.965246338896499 202.31328745596284 417.68182953053537)
(-99.82566761706947 250.65001341527798 392.62400925165974)
(-73.072572309399405 240.01168368158335 402.33055245367223)
(-44.064842520549597 238.68054122809284 412.38966710623362)
(-32.621490151745881 212.4055289170029 427.24987396947665)
(-90.983973595826171 253.16674720772238 390.54474043408987)
(-66.00429665011697 248.45867537609573 405.52047260127688)
(-37.241812848590016 246.26629237597214 407.92198330168202)
(-27.690855048971859 216.0346632900289 420.21858337700752)
(-84.704240741885087 258.77399649584208 392.00314043156612)
(-60.151032045896372 255.54011482535535 403.71972904039268)
(-32.851000773179742 254.11814471888573 405.23903704983411)
(-24.755529578099559 223.59998665092033 420.96255706290412)
(-77.302255859622392 263.11052750354884 391.94464010794314)
(-53.562690281648102 262.4120984781502 402.22011046623379)
(-27.967681663806779 261.207805241784 401.71955217031956)
(-21.211313173205081 230.31004909418169 418.15464033320916)
(-70.587569117075034 267.50022276143562 391.58241109295466)
(-47.874481940604184 268.93301166917649 399.84542328883049)
(-23.828349027664796 268.03879295859969 398.5352347089584)
(-18.111709974284892 237.2905988339096 415.4301821100554)
(-63.783633573627917 271.98710790020914 391.12823703289712)
(-41.95075062280722 275.47926701210991 397.51861198330897)
(-19.734181490321166 274.37253132474319 394.98407380265786)
(-15.132862670974761 244.52442724737384 412.27357162492433)
(-57.123539745662136 275.68926609537374 390.10473117400556)
(-36.674145472283008 281.28982933257282 394.45102003219415)
(-16.128688265853825 280.0565869725728 391.31952654928403)
(-12.290688351641943 251.86385615162843 408.83216240432074)
(-50.4359590690038 281.27760011242219 388.57072314292344)
(-30.599107493655787 287.90980175967997 390.93920992448267)
(-12.084977087661761 285.64011473462665 386.70918863028044)
(-9.2210231995004666 259.99254540227946 404.08704860513086)
(-40.061706926652718 281.8390818295224 389.33565545732176)
(-23.888692831746649 290.40618932993527 387.92676156643671)
(-7.1747614551180243 287.36276810993542 382.40440970421946)
(-4.6189099924314316 265.8209483992436 399.71911255693806)
(2.8135567324596962 470.20516956824093 470.12227632326602)
(2.7893077595706792 472.04587180464938 469.70646422615471)
(2.8809811630014162 476.01037303374102 469.48009047915195)
(2.5474824913129672 477.57336088805334 467.75749726130971)
(2.9883683152636706 457.39628510793591 471.73630252804844)
(2.8675443788979438 465.00403187820456 468.81163683798553)
(2.8689395768603778 470.81188930984933 471.12243699629215)
(3.0877861621156755 475.02473830376857 471.84461046619867)
(2.7271206172663409 446.77519689119725 472.99848290623254)
(2.4559545813993737 459.86142182367416 466.95683220968681)
(2.3325969176663865 467.0699083368313 471.64480400558671)
(2.5708388682302346 472.64434508472391 473.69611384010034)
(2.2020287926608928 439.95885966640327 478.91455592801793)
(1.8040752948645089 458.15009788987618 470.03445064825365)
(1.486943508138713 465.60940386597133 476.04281526120019)
(0.97688111872953054 469.07648063680136 476.10904382786259)
(-29.66519091988776 490.27073024096558 480.97010775021198)
(-23.396558481061067 485.04031413828596 491.78258859957072)
(-19.012569109487028 455.61112766227035 465.02125297373146)
(-15.742604687511969 425.29953453119964 437.93766346545391)
(-6.8559941715578026 513.04545417107568 495.38978547462426)
(-2.468739557736173 497.53513916869946 494.03554030896555)
(-2.8019038067729665 496.70510878372772 493.85739488844729)
(-4.4550685510090329 485.3224521289751 486.08146811885302)
(-5.0981909539246839 499.45623625224835 480.57299322747008)
(-1.2281062032629237 486.12937590755973 485.2971239284073)
(-0.21256555132638377 484.49632169719905 484.89897784422715)
(-0.51356372956251184 478.66705831386435 481.11481073866429)
(-2.3401880824252013 498.41244426435566 476.75061852094575)
(1.3120410133178744 487.73487402676096 484.65364378264388)
(1.6808507311578875 486.35137970549579 483.47664055362401)
(0.55302542896329632 487.37607109797636 486.59400770769031)
(-1.059510142441181 496.71396462188704 474.32471973534228)
(2.3055133956648497 486.21803734721612 483.12674146236418)
(2.1674357452640103 485.13692112875822 481.89269858200134)
(1.0128033891606019 482.48912005293874 480.85143277885902)
(0.099344630749414201 495.97951934039156 472.97313623314318)
(3.3067519444264279 485.59504687869685 481.96275566966898)
(3.0106696196280525 484.90275712452524 480.42719494176328)
(1.0885421430204145 484.27317725532623 481.06290961611893)
(1.2601372968786968 494.43347280222542 471.89295922535251)
(4.1599113907106435 484.4937952648213 480.81736625374822)
(3.4602323921395772 484.07691335548503 479.07638013561944)
(1.5625977491991523 482.91152622836535 478.87077154988128)
(2.3430256011457158 492.94240221238874 471.4093089698988)
(4.9188804646399733 483.58522447700682 479.81422540724628)
(3.9894247597106398 483.54330566296238 477.8992123311383)
(1.7123488193214018 482.56262661995254 477.48856738636897)
(3.474625786640646 490.77767675007465 471.16358161349518)
(5.6292763236674741 482.43710999190228 478.7627525138858)
(4.3843523763361087 482.87938460717982 476.83763265426336)
(1.9748004370904149 481.67451218883627 475.81380498355088)
(4.5838058182240813 488.32604051346078 471.4445917716551)
(6.2566216052992933 481.30700334702919 477.70183792760906)
(4.8084239155848305 482.29382455377601 475.81600503018575)
(2.1609006557566794 481.35265534269303 474.5531225159362)
(5.8066129121800909 484.35646080738036 471.31104336404849)
(6.8359359517704466 479.3095911389413 475.97060535611757)
(5.0516035158804664 481.0026019006059 474.33721618396328)
(2.1341644897483145 480.18920439652084 472.66069976627944)
(7.8919334286671035 480.9692343769126 472.901739443949)
(8.4598479895716157 478.69758981285224 475.27335797143178)
(7.0771394396195131 481.43828844209645 474.09150170022178)
(4.4097312021159665 482.22967568779308 473.32407920893303)
(-9.3235960028458926 446.97774348380136 459.73338455344901)
(-2.8107330641513482 474.67982589013405 476.22737237103445)
(-4.7688130768398036 473.80497568970338 460.22323511194844)
(-14.452071799546474 454.09320971865981 430.54706512426174)
(-3.24693056815804 483.32501622547039 486.42154247332536)
(-1.2125583422800963 491.2582566709994 488.07245160705486)
(-3.3651942215818851 492.98269354757832 480.2946303756076)
(-9.5516666276960986 484.41531927535567 467.68348195233511)
(1.7492227027017027 480.02876075270996 482.89810443007752)
(2.9626927176531344 486.0562237761722 482.91322649349166)
(1.2412723188380175 489.65853254628126 478.00960562505014)
(-4.618126820657964 480.39674431969695 463.9903494278318)
(1.6750495796620639 483.73584103541305 483.05123537085336)
(1.9773704871478679 488.1032659761683 484.36108938597192)
(0.48001969842000003 490.74423435518247 482.0199477855536)
(-3.1692237575316931 485.49328928076136 475.3260803430324)
(2.3812800779815051 482.538796037194 481.41110535149863)
(2.5584882211967264 486.2446332159069 483.17753115852582)
(1.33278966101376 488.50535946202478 481.37454149782201)
(-1.9728207264613771 485.23604418699784 476.72816097170079)
(2.4156831559885412 482.06541710251611 480.20674095048952)
(2.5290427055453892 485.14500305848856 482.48878325049139)
(1.4752464261384681 486.82650609719144 481.20867453322217)
(-1.4000456960763239 483.28571978518295 478.02365051134859)
(2.7846552663899229 481.44822781638453 478.82044189148041)
(2.8027362828391666 483.81608160855785 481.64052897074794)
(1.9119206462206653 484.9835841254847 480.91543889381938)
(-0.4856418341970356 481.61338777055101 478.6996038408771)
(2.9042603585093953 480.79366336577942 477.72787095416822)
(2.9581308659545709 482.57844140986498 480.96727436386249)
(2.2073673887179601 483.29964877180379 480.64481301090291)
(0.083596451078150003 479.82895473821566 479.38921472272079)
(3.0567605159009656 480.17357929422707 476.67587412745951)
(3.1758287077338285 481.20575787751432 480.24716984766246)
(2.543034745238284 481.49446871791764 480.32822468953344)
(0.67229663505594917 477.70783991746424 479.6182943813219)
(3.0835907555287561 479.51616172194559 475.61570530380908)
(3.3390939613506267 479.72832723295909 479.38514676559765)
(2.7946921904118192 479.57704338493971 479.83094881599163)
(1.021318219535466 475.72110934052841 480.00406574654181)
(3.0558487441024331 478.53308587671012 474.59495621208288)
(3.508995389742164 477.7352988921366 478.2419260658454)
(3.0240541929601914 477.19394181396905 478.91559564099867)
(1.3129214269104952 473.36784921844145 479.98438395479616)
(3.0111496620439295 479.17922560633679 471.84520435570147)
(3.6622563609949825 476.59060785028299 475.99344734128346)
(3.1412102481926496 474.79980477811631 477.74150237177048)
(1.2603219735066777 470.76472961463577 480.65015204688814)
(-23.194171700429351 436.84087309422034 415.56861333636618)
(-27.332190975942098 453.04852611756962 437.86527033171637)
(-31.387739251573198 472.47306384541889 464.00851470710109)
(-36.885514222678026 439.09301624277919 450.41083180788576)
(-13.395274675510343 484.64856701693253 473.44944336010411)
(-11.914017372905194 492.10193379559854 488.17465595072736)
(-10.127726347277328 488.22099137345072 490.16224180572129)
(-13.629422280891774 465.65714700494652 486.43946334111286)
(-9.1873801198856224 488.13792728226503 475.01315362224733)
(-9.7914385548972547 492.00272420174838 485.2755684927821)
(-10.446425419683901 483.28087231195275 482.20070899529424)
(-14.117534770731229 460.74701782647418 486.05811592119494)
(-6.4866702213422816 490.46971884878201 482.3598468504639)
(-7.0367773407633685 482.3883336063621 480.75957745257142)
(-6.3372385664837712 482.23337142660887 484.63896618702586)
(-10.281846330867159 462.69255184330223 494.53395730772007)
(-5.3790501304842664 484.11386295622367 478.05503841979038)
(-4.7114219633298431 482.87193528588989 482.91697908988368)
(-3.6160119594670452 479.38943919274453 483.25119665200077)
(-7.75276774634722 457.02548723602723 493.81685771560552)
(-3.3748546340045857 483.29922057018854 479.88955282582651)
(-2.8408205267427378 480.66246318053732 482.92444139865131)
(-2.0131397004981344 477.13756451118189 482.67162873955124)
(-6.2322626803413721 453.70715830926764 494.86432339138702)
(-2.0748847796877352 481.0857362473165 479.27845900602949)
(-1.4712912000147569 479.05021535783766 482.98049000117192)
(-0.25595845469559581 474.81185843770794 481.64165309528556)
(-4.5258571097953624 450.53558318951644 494.71907070714889)
(-0.49462437969245976 479.44053057641537 479.54845984682368)
(0.14781095870030522 476.97570296406423 482.51639691466482)
(1.3114104466976821 472.62878680552836 480.67693115147205)
(-2.8692919819169198 448.07910096507925 494.36503222294658)
(0.8893904593991413 477.68798904705142 479.23225479276147)
(1.5240230817834173 475.39208849901718 482.27418104302984)
(2.9000661259482459 470.6021935062501 479.65365900387803)
(-1.1582248227643683 446.36661350353887 493.71287169966223)
(2.3670244736384518 476.23531793607424 479.2359146970058)
(2.999430080974959 473.57991024303897 481.65196640909596)
(4.3648988282896735 468.58461047767457 478.54814393731954)
(0.53699337017895954 445.40648559308579 492.86173643917289)
(3.8531600296115718 474.38892047046772 478.62054255623167)
(4.4950389390473147 471.73267017352077 480.77258969408859)
(5.9032627464209302 466.23495997159495 476.94490940664764)
(2.3433720076330871 444.88081889668194 491.2623206326175)
(6.1344744968422029 475.02816940680492 480.41723433679039)
(6.7245005893194261 470.66088808564308 480.59123749091441)
(8.0011462644748956 464.43794035128496 475.69496340112261)
(4.859457730012978 445.90173144087765 489.74410729275422)
)
;

boundaryField
{
    inlet
    {
        type            zeroGradient;
    }
    outlet
    {
        type            inletOutlet;
        inletValue      uniform (0 0 0);
        value           nonuniform List<vector> 
160
(
(2.8135567324596962 470.20516956824093 470.12227632326602)
(2.9883683152636706 457.39628510793591 471.73630252804844)
(2.7271206172663409 446.77519689119725 472.99848290623254)
(2.2020287926608928 439.95885966640327 478.91455592801793)
(2.7893077595706792 472.04587180464938 469.70646422615471)
(2.8675443788979438 465.00403187820456 468.81163683798553)
(2.4559545813993737 459.86142182367416 466.95683220968681)
(1.8040752948645089 458.15009788987618 470.03445064825365)
(2.8809811630014162 476.01037303374102 469.48009047915195)
(2.8689395768603778 470.81188930984933 471.12243699629215)
(2.3325969176663865 467.0699083368313 471.64480400558671)
(1.486943508138713 465.60940386597133 476.04281526120019)
(2.5474824913129672 477.57336088805334 467.75749726130971)
(3.0877861621156755 475.02473830376857 471.84461046619867)
(2.5708388682302346 472.64434508472391 473.69611384010034)
(0.97688111872953054 469.07648063680136 476.10904382786259)
(-29.66519091988776 490.27073024096558 480.97010775021198)
(-6.8559941715578026 513.04545417107568 495.38978547462426)
(-5.0981909539246839 499.45623625224835 480.57299322747008)
(-2.3401880824252013 498.41244426435566 476.75061852094575)
(-1.059510142441181 496.71396462188704 474.32471973534228)
(0.099344630749414201 495.97951934039156 472.97313623314318)
(1.2601372968786968 494.43347280222542 471.89295922535251)
(2.3430256011457158 492.94240221238874 471.4093089698988)
(3.474625786640646 490.77767675007465 471.16358161349518)
(4.5838058182240813 488.32604051346078 471.4445917716551)
(5.8066129121800909 484.35646080738036 471.31104336404849)
(7.8919334286671035 480.9692343769126 472.901739443949)
(-23.396558481061067 485.04031413828596 491.78258859957072)
(-2.468739557736173 497.53513916869946 494.03554030896555)
(-1.2281062032629237 486.12937590755973 485.2971239284073)
(1.3120410133178744 487.73487402676096 484.65364378264388)
(2.3055133956648497 486.21803734721612 483.12674146236418)
(3.3067519444264279 485.59504687869685 481.96275566966898)
(4.1599113907106435 484.4937952648213 480.81736625374822)
(4.9188804646399733 483.58522447700682 479.81422540724628)
(5.6292763236674741 482.43710999190228 478.7627525138858)
(6.2566216052992933 481.30700334702919 477.70183792760906)
(6.8359359517704466 479.3095911389413 475.97060535611757)
(8.4598479895716157 478.69758981285224 475.27335797143178)
(-19.012569109487028 455.61112766227035 465.02125297373146)
(-2.8019038067729665 496.70510878372772 493.85739488844729)
(-0.21256555132638377 484.49632169719905 484.89897784422715)
(1.6808507311578875 486.35137970549579 483.47664055362401)
(2.1674357452640103 485.13692112875822 481.89269858200134)
(3.0106696196280525 484.90275712452524 480.42719494176328)
(3.4602323921395772 484.07691335548503 479.07638013561944)
(3.9894247597106398 483.54330566296238 477.8992123311383)
(4.3843523763361087 482.87938460717982 476.83763265426336)
(4.8084239155848305 482.29382455377601 475.81600503018575)
(5.0516035158804664 481.0026019006059 474.33721618396328)
(7.0771394396195131 481.43828844209645 474.09150170022178)
(-15.742604687511969 425.29953453119964 437.93766346545391)
(-4.4550685510090329 485.3224521289751 486.08146811885302)
(-0.51356372956251184 478.66705831386435 481.11481073866429)
(0.55302542896329632 487.37607109797636 486.59400770769031)
(1.0128033891606019 482.48912005293874 480.85143277885902)
(1.0885421430204145 484.27317725532623 481.06290961611893)
(1.5625977491991523 482.91152622836535 478.87077154988128)
(1.7123488193214018 482.56262661995254 477.48856738636897)
(1.9748004370904149 481.67451218883627 475.81380498355088)
(2.1609006557566794 481.35265534269303 474.5531225159362)
(2.1341644897483145 480.18920439652084 472.66069976627944)
(4.4097312021159665 482.22967568779308 473.32407920893303)
(-9.3235960028458926 446.97774348380136 459.73338455344901)
(-3.24693056815804 483.32501622547039 486.42154247332536)
(1.7492227027017027 480.02876075270996 482.89810443007752)
(1.6750495796620639 483.73584103541305 483.05123537085336)
(2.3812800779815051 482.538796037194 481.41110535149863)
(2.4156831559885412 482.06541710251611 480.20674095048952)
(2.7846552663899229 481.44822781638453 478.82044189148041)
(2.9042603585093953 480.79366336577942 477.72787095416822)
(3.0567605159009656 480.17357929422707 476.67587412745951)
(3.0835907555287561 479.51616172194559 475.61570530380908)
(3.0558487441024331 478.53308587671012 474.59495621208288)
(3.0111496620439295 479.17922560633679 471.84520435570147)
(-2.8107330641513482 474.67982589013405 476.22737237103445)
(-1.2125583422800963 491.2582566709994 488.07245160705486)
(2.9626927176531344 486.0562237761722 482.91322649349166)
(1.9773704871478679 488.1032659761683 484.36108938597192)
(2.5584882211967264 486.2446332159069 483.17753115852582)
(2.5290427055453892 485.14500305848856 482.48878325049139)
(2.8027362828391666 483.81608160855785 481.64052897074794)
(2.9581308659545709 482.57844140986498 480.96727436386249)
(3.1758287077338285 481.20575787751432 480.24716984766246)
(3.3390939613506267 479.72832723295909 479.38514676559765)
(3.508995389742164 477.7352988921366 478.2419260658454)
(3.6622563609949825 476.59060785028299 475.99344734128346)
(-4.7688130768398036 473.80497568970338 460.22323511194844)
(-3.3651942215818851 492.98269354757832 480.2946303756076)
(1.2412723188380175 489.65853254628126 478.00960562505014)
(0.48001969842000003 490.74423435518247 482.0199477855536)
(1.33278966101376 488.50535946202478 481.37454149782201)
(1.4752464261384681 486.82650609719144 481.20867453322217)
(1.9119206462206653 484.9835841254847 480.91543889381938)
(2.2073673887179601 483.29964877180379 480.64481301090291)
(2.543034745238284 481.49446871791764 480.32822468953344)
(2.7946921904118192 479.57704338493971 479.83094881599163)
(3.0240541929601914 477.19394181396905 478.91559564099867)
(3.1412102481926496 474.79980477811631 477.74150237177048)
(-14.452071799546474 454.09320971865981 430.54706512426174)
(-9.5516666276960986 484.41531927535567 467.68348195233511)
(-4.618126820657964 480.39674431969695 463.9903494278318)
(-3.1692237575316931 485.49328928076136 475.3260803430324)
(-1.9728207264613771 485.23604418699784 476.72816097170079)
(-1.4000456960763239 483.28571978518295 478.02365051134859)
(-0.4856418341970356 481.61338777055101 478.6996038408771)
(0.083596451078150003 479.82895473821566 479.38921472272079)
(0.67229663505594917 477.70783991746424 479.6182943813219)
(1.021318219535466 475.72110934052841 480.00406574654181)
(1.3129214269104952 473.36784921844145 479.98438395479616)
(1.2603219735066777 470.76472961463577 480.65015204688814)
(-23.194171700429351 436.84087309422034 415.56861333636618)
(-13.395274675510343 484.64856701693253 473.44944336010411)
(-9.1873801198856224 488.13792728226503 475.01315362224733)
(-6.4866702213422816 490.46971884878201 482.3598468504639)
(-5.3790501304842664 484.11386295622367 478.05503841979038)
(-3.3748546340045857 483.29922057018854 479.88955282582651)
(-2.0748847796877352 481.0857362473165 479.27845900602949)
(-0.49462437969245976 479.44053057641537 479.54845984682368)
(0.8893904593991413 477.68798904705142 479.23225479276147)
(2.3670244736384518 476.23531793607424 479.2359146970058)
(3.8531600296115718 474.38892047046772 478.62054255623167)
(6.1344744968422029 475.02816940680492 480.41723433679039)
(-27.332190975942098 453.04852611756962 437.86527033171637)
(-11.914017372905194 492.10193379559854 488.17465595072736)
(-9.7914385548972547 492.00272420174838 485.2755684927821)
(-7.0367773407633685 482.3883336063621 480.75957745257142)
(-4.7114219633298431 482.87193528588989 482.91697908988368)
(-2.8408205267427378 480.66246318053732 482.92444139865131)
(-1.4712912000147569 479.05021535783766 482.98049000117192)
(0.14781095870030522 476.97570296406423 482.51639691466482)
(1.5240230817834173 475.39208849901718 482.27418104302984)
(2.999430080974959 473.57991024303897 481.65196640909596)
(4.4950389390473147 471.73267017352077 480.77258969408859)
(6.7245005893194261 470.66088808564308 480.59123749091441)
(-31.387739251573198 472.47306384541889 464.00851470710109)
(-10.127726347277328 488.22099137345072 490.16224180572129)
(-10.446425419683901 483.28087231195275 482.20070899529424)
(-6.3372385664837712 482.23337142660887 484.63896618702586)
(-3.6160119594670452 479.38943919274453 483.25119665200077)
(-2.0131397004981344 477.13756451118189 482.67162873955124)
(-0.25595845469559581 474.81185843770794 481.64165309528556)
(1.3114104466976821 472.62878680552836 480.67693115147205)
(2.9000661259482459 470.6021935062501 479.65365900387803)
(4.3648988282896735 468.58461047767457 478.54814393731954)
(5.9032627464209302 466.23495997159495 476.94490940664764)
(8.0011462644748956 464.43794035128496 475.69496340112261)
(-36.885514222678026 439.09301624277919 450.41083180788576)
(-13.629422280891774 465.65714700494652 486.43946334111286)
(-14.117534770731229 460.74701782647418 486.05811592119494)
(-10.281846330867159 462.69255184330223 494.53395730772007)
(-7.75276774634722 457.02548723602723 493.81685771560552)
(-6.2322626803413721 453.70715830926764 494.86432339138702)
(-4.5258571097953624 450.53558318951644 494.71907070714889)
(-2.8692919819169198 448.07910096507925 494.36503222294658)
(-1.1582248227643683 446.36661350353887 493.71287169966223)
(0.53699337017895954 445.40648559308579 492.86173643917289)
(2.3433720076330871 444.88081889668194 491.2623206326175)
(4.859457730012978 445.90173144087765 489.74410729275422)
)
;
    }
    symmetry
    {
        type            symmetry;
    }
    focusWall
    {
        type            noSlip;
    }
    walls
    {
        type            noSlip;
    }
    fluid_to_graphite
    {
        type            noSlip;
    }
}


// ************************************************************************* //
