/*--------------------------------*- C++ -*----------------------------------*\
  =========                 |
  \\      /  F ield         | OpenFOAM: The Open Source CFD Toolbox
   \\    /   O peration     | Website:  https://openfoam.org
    \\  /    A nd           | Version:  10
     \\/     M anipulation  |
\*---------------------------------------------------------------------------*/
FoamFile
{
    format      ascii;
    class       volScalarField;
    location    "1/fluid";
    object      nut;
}
// * * * * * * * * * * * * * * * * * * * * * * * * * * * * * * * * * * * * * //

dimensions      [0 2 -1 0 0 0 0];

internalField   nonuniform List<scalar> 
9184
(
0.0061463716920648901
0.0061447007992110848
0.0061431021651516989
0.0061429932967448928
0.0061444569321606017
0.0061473758982725753
0.0061516047044408526
0.0060084571417435215
0.0056158357712294653
0.005073969930106146
0.0045259055078770618
0.0040588348588186038
0.0036606438876100292
0.003321070324082982
0.0030283613059452282
0.0027711657703629947
0.0025447625383907125
0.0023470076049139556
0.0021716647418960752
0.0020167808042350086
0.001878646471956234
0.0017552553008433724
0.0016448126349214991
0.0015452642068384814
0.0014561913120593557
0.0013761342174205388
0.0013030701614766302
0.0012367841488785686
0.0011763210762017866
0.0011207363559754676
0.001069305791757693
0.0010227880833710537
0.0061464562598746069
0.0061446666738536257
0.0061430663731457018
0.0061429386364635161
0.0061443997899292791
0.00614729799561964
0.0061515143452639401
0.0060172859362217839
0.0056284529830733362
0.0050808154381970895
0.0045327115978660388
0.0040651755842836205
0.00366625524884532
0.0033267468078101866
0.0030336451715706251
0.0027759159833631772
0.0025493137114938778
0.002351104734099304
0.0021754840789025049
0.002020302392305745
0.0018818290192461728
0.001758173070164924
0.0016474761273740219
0.0015476773883558517
0.0014583598436732515
0.0013780812765381077
0.0013048048705288152
0.0012382962519856308
0.0011776415885930219
0.0011218743412511499
0.0010702802150144234
0.0010236300425818417
0.0061466962813137216
0.00614457514674109
0.0061429735450705203
0.006142793040927557
0.0061442613197682083
0.0061471117101224186
0.0061513142043950839
0.0060415254010980383
0.0056592548150326298
0.0050911223308310691
0.0045438791862596551
0.0040753858227870893
0.0036746076845692588
0.0033359749433667638
0.0030421423703714417
0.0027832126472435237
0.0025565930946307882
0.002357436112130764
0.0021814341679473694
0.0020258501778124744
0.0018867302822167371
0.0017627093319860405
0.0016516426207807927
0.0015513987268515484
0.0014617194839784385
0.001381124828861293
0.0013075156445205203
0.001240629703048295
0.0011797119588864548
0.0011236420128285507
0.0010717818737549499
0.001024926537253204
0.0061473646857529898
0.0061442452530423488
0.0061426167260086751
0.0061422086291906741
0.0061436855718661129
0.0061463282035093747
0.0061504690966792354
0.0061470588788479002
0.005794075628409525
0.0051301175175124695
0.0045867414336194755
0.0041132743416219704
0.0037027044302716762
0.0033687826904131783
0.0030713672727172418
0.0028061293744404952
0.0025800796552595401
0.0023760269332047048
0.0021983894485727161
0.0020413267034799366
0.0018989490903069792
0.001773597458755817
0.0016611681541621869
0.0015588530821275112
0.0014679915979568239
0.0013865240450053561
0.0013118888178142896
0.0012438887847234345
0.0011827281076926474
0.0011260480451359958
0.001073710500278566
0.0010265527678809977
0.0061467648695379207
0.0061446047151592301
0.0061430517331723224
0.006142920045427853
0.0061444734292661635
0.0061474027570078719
0.0061517040935210859
0.0060232632383479031
0.0056188335831875956
0.0050492013185655929
0.0045073701471316993
0.004042673047557164
0.0036455587512465313
0.0033098718642453856
0.0030188115301603645
0.0027626358281317123
0.002538450357228661
0.0023416316837551244
0.0021676972245704539
0.0020141605150027185
0.0018768358543193118
0.0017545704847349766
0.0016451339098311096
0.0015463040707653143
0.0014581206374439967
0.0013790016645632748
0.001306834838846203
0.0012411746807427923
0.0011816108953469628
0.0011259332098251746
0.0010740346998969368
0.0010270440653231869
0.0061470534568871709
0.0061451242003751801
0.0061440026021079711
0.0061444629411498228
0.006146748475985564
0.0061505425258994032
0.0060821826867487917
0.0057920776936503694
0.0052470618128815137
0.0046341830607059317
0.0041318786418817997
0.0037046896032112793
0.003337769911848218
0.0030289451679378523
0.002761315842730963
0.0025276567036325898
0.0023256998854802964
0.0021474874041731169
0.0019917894310025313
0.0018543979312528771
0.0017319824539509157
0.0016236732916316604
0.0015267933068497412
0.0014395373228918099
0.0013622444959875302
0.0012932901418404835
0.0012308135394110339
0.0011743961546952565
0.001170815730965421
0.0011170575628289788
0.0010667980919961814
0.0010210101715615444
0.0061472914366503106
0.0061451029859900114
0.0061441091352013944
0.0061446655459278
0.0061471933327483996
0.006151189166569474
0.0061026765595288456
0.0057521799676435656
0.0051305599595322313
0.0045284610832452138
0.0040407099741471154
0.0036218325589982957
0.0032649082532070568
0.0029619187104444901
0.0027008486947541831
0.0024741080204419555
0.0022766620452633387
0.0021039942636594138
0.0019521209560974977
0.0018186599737628855
0.0016998158866178604
0.001594425251646059
0.0015000286635073554
0.0014149699545088854
0.001339693300885093
0.0012723045902566159
0.0012110760037286187
0.0011558094928794842
0.0011061275601373882
0.0010598940790606838
0.0010169270564547523
0.00097740371849364084
0.0061472220612596466
0.0061452074464839728
0.0061442176046789835
0.0061448135469764336
0.0061473306098403643
0.0061513519552474456
0.0060939958322881026
0.0057368503718573383
0.0051220056749260966
0.0045218314172795274
0.0040335012262930287
0.0036159452216035421
0.0032595900567279948
0.0029566199025466691
0.0026955888824526796
0.0024687478414492743
0.002271183996668146
0.002098272079123682
0.0019461245059844404
0.0018122294632519568
0.0016929408946707934
0.0015870553095450721
0.001492095157305921
0.0014060737689108416
0.0013299456238769684
0.0012611879034468488
0.0011968692696849486
0.0011421264926973959
0.0010947829197460591
0.0010498322639279558
0.0010080796412440473
0.00096968520108491616
0.0061476394426673523
0.0061460070088026515
0.0061452632055765252
0.0061460804582746309
0.0061487302818718391
0.0061528197726662577
0.0060725446045479595
0.0056575457132931675
0.0050284350374237763
0.0044473372264780976
0.0039706396432732625
0.0035630945798847506
0.0032148570281077303
0.0029159103256678081
0.0026575045839872255
0.0024336430396639831
0.0022382854764087497
0.0020678129099326059
0.0019176280195326522
0.0017851418052906619
0.0016673290364367028
0.0015898421946348043
0.0014952290596682114
0.0014097394191144314
0.0013339045011498808
0.0012657118026973746
0.0012034055687129897
0.0011468478926431368
0.001096040842442337
0.0010494761208588309
0.0010068819306597093
0.00096814794879991454
0.0061479549618861963
0.0061460064607979968
0.0061453125147666304
0.0061461371019694185
0.0061488304825343138
0.006152924959964428
0.0060983093010999901
0.0056633894859030812
0.0050172821008039811
0.0044389201858520055
0.0039647640179153558
0.0035579785454887599
0.0032114248401743347
0.002912259423641721
0.0026541632673191184
0.0024301011552926512
0.0022348790312284646
0.0020646680699398386
0.0019146319184574932
0.0017820446429988592
0.0016638261642822458
0.0015600221489348836
0.0014678036272202878
0.0013846482173711806
0.0013105863139657335
0.0012439404412288933
0.0011831105787228047
0.0011283095943730619
0.0010793861860638253
0.0010347534278665851
0.0010069609318444071
0.0009682065070416516
0.0061478849359931894
0.00614624814439391
0.0061455740785512306
0.0061464375021392202
0.0061491028309981939
0.0061531919794912725
0.006076721810260215
0.0056369338212734175
0.0050123470186574986
0.0044369666751303029
0.0039623683430773078
0.0035573765740941408
0.0032108524976922014
0.0029123217413050823
0.0026541351607837663
0.0024301876455926209
0.0022350885235541355
0.0020644307416535748
0.0019143726748505096
0.0017816116291062519
0.0016633591091478751
0.001559361705791452
0.0014669709964749908
0.0013835196440458713
0.0013093018424059557
0.0012422782960060761
0.0011804792557102589
0.0011255733557186333
0.001077182097429362
0.0010325755428203061
0.00099161525844124448
0.00095385561738477761
0.0061488387562843565
0.0061475767191107623
0.0061472503800315634
0.0061483689867637874
0.0061511033907796636
0.0061551770524194077
0.0060211444594637899
0.0055293106318746559
0.0049084692184323837
0.0043643737439593719
0.0039094571503636823
0.0035189564068555347
0.0031825076478276442
0.0028907784608729436
0.0026374946090621096
0.0024167010664278062
0.0022235251051546802
0.0020540177756309267
0.0019046266681388615
0.0017731940986209485
0.0016563434559430767
0.0015530299606346439
0.0014611226694830415
0.001377703367184321
0.0013034395513450551
0.0012420684184429583
0.0011813055662386281
0.0011262436801600325
0.0010770625969638114
0.0010321794038571142
0.00099104351309306873
0.00095313408332143809
0.0061490522523262462
0.0061477237124230293
0.0061474512719694513
0.006148566429089071
0.0061513262812825584
0.0061554034164803678
0.0060435446406004126
0.005510809599059906
0.0048919321632457892
0.0043518065999913281
0.0039006135257169021
0.0035122217437805088
0.0031773908257955409
0.0028867756543196148
0.0026341567192258533
0.0024139628765156422
0.0022214869098344894
0.0020517026952059404
0.0019025443185412124
0.001771475178802557
0.001654559642935739
0.0015516993058169101
0.0014596444445959895
0.0013754245548114521
0.0013015843569672036
0.0012353861529894729
0.00117514146781461
0.0011204618124248113
0.0010716204992012365
0.001027526034438366
0.00098689490671086881
0.00094905496315386933
0.0061504285143405254
0.0061498343209182302
0.0061501499427266734
0.0061517103383136986
0.0061545994615034363
0.0061123738086652155
0.0058763648024107744
0.0053230836834611264
0.0047536701884394175
0.0042556170849136453
0.0038294602439030191
0.0034583201402488347
0.0031354315309062462
0.0028553020335618669
0.0026104726467325793
0.0023947870015001145
0.0022054702569913195
0.0020383979770380273
0.0018916734811714091
0.001762199076268422
0.0016465710065995407
0.0015444025009884916
0.0014529922943989492
0.0013703447935786419
0.0013010252025762951
0.0012350032177271234
0.0011747476178032372
0.0011199216460493391
0.0010709481993875711
0.0010263697376915999
0.000986469680469701
0.00094809142724953921
0.0061506587977342587
0.0061501190359572735
0.0061505071529917524
0.0061521632697582023
0.0061550424178937017
0.0061184646960299877
0.0058575406942988602
0.0052950208831548488
0.0047359253704409628
0.0042426255219878937
0.0038203225683019091
0.0034514790514080761
0.0031298184252780328
0.0028511987944240787
0.0026074532670541115
0.002391940477766169
0.0022027201543685787
0.0020361029368181705
0.001889305922534545
0.0017598844117624976
0.001644230862031582
0.0015414449032047847
0.0014504011158187201
0.0013669509460432778
0.0012918977243454809
0.0012282841585717591
0.0011694975953266756
0.0011153858548646836
0.0010669168804887707
0.0010230071252146779
0.00098298902364352863
0.00094784068832782131
0.0061513755302586405
0.0061511086656274756
0.0061518149333307081
0.0061538144125725738
0.0061568608741573144
0.0061243625562601798
0.0058295819473135786
0.0052712581228666318
0.0047356356526074344
0.0042530292342417399
0.0038367109525211376
0.0034704513340271912
0.003149706762476322
0.0028696354643114705
0.0026227421524482393
0.002405905264578729
0.0022163471771942064
0.0020481022212005761
0.0018995461539364638
0.0017688216292243667
0.0016520715350258753
0.0015479341145289791
0.0014556514071313543
0.001372583120760149
0.0012981343237229584
0.001232069613507905
0.0011702630516151077
0.0011153725847620488
0.001066210786718853
0.0010218377538104065
0.00098151746993050955
0.00094312693842069539
0.0061521263198474636
0.0061522527346951602
0.006153287042155898
0.0061554943243354145
0.0061587007955138297
0.0061001121812633624
0.0057678353235273514
0.0052318510654767942
0.0047166803976538127
0.0042512740557286719
0.0038430304710369424
0.0034808785798005784
0.0031616747428472765
0.0028802666655694839
0.0026320471148109136
0.002408822006468637
0.002218268901573099
0.0020499677243818156
0.0019011474718089816
0.0017698581387188459
0.0016530926700182964
0.0015486275087284633
0.0014561671850448366
0.0013731472485779498
0.0012987473042232356
0.0012326711771437906
0.0011726632197593483
0.0011171996360610714
0.0010676715537198463
0.0010231685673223264
0.00098291583528519496
0.00094481859971452592
0.0061523781260478345
0.0061525620414934375
0.0061536928042106465
0.0061559628820994318
0.0061592147806518362
0.0061073242593734142
0.0057466062210217612
0.005217587980310647
0.00470739135005987
0.0042483737833186735
0.0038425638426465118
0.0034815089033139201
0.0031634658529071814
0.0028814659133226742
0.0026333309171797871
0.0024161076572988844
0.0022251127358971154
0.0020554878693728579
0.0019055093942483684
0.0017734177009006175
0.0016554115773724156
0.001550009156958716
0.0014570409299967089
0.0013738188571609049
0.001298241738423598
0.001231880577277729
0.0011717065465942464
0.0011164044016202987
0.0010673846584793704
0.0010230562039970352
0.00098296121131682826
0.00094507533059686973
0.0061530011428553924
0.0061534163915497146
0.0061548707962148126
0.0061572867754430645
0.0061606231630808254
0.0061256575586859027
0.0056895484290817033
0.0051734346105979578
0.0046867153667873133
0.0042434082006945276
0.0038417247624622664
0.0034865305459470326
0.0031769044247002228
0.0028952403558588254
0.0026455634140344401
0.0024276308838907289
0.0022361924609191545
0.0020652270847571958
0.0019127665304953347
0.0017801959454594716
0.0016602363989211594
0.0015541375553246451
0.0014606786842988329
0.0013759437498643444
0.0012998372049785633
0.0012321603080528926
0.0011714025828767818
0.0011161913176553548
0.0010660338104297219
0.0010213747747947052
0.00098170156737591814
0.00094411645723062288
0.0061529300470743748
0.0061531314628697747
0.0061543444827506233
0.006156550725756371
0.0061599514136869184
0.0061559752810132614
0.0058156927563906939
0.005275978420459973
0.0047792352725924579
0.0043151927651173191
0.0039062325440282729
0.0035442283504880886
0.0032193330544961082
0.0029281735801181138
0.0026748628164184247
0.0024526098277419806
0.0022546885966481288
0.0020799072553416903
0.0019236536542435369
0.0017873542224426254
0.0016662148851257638
0.0015572703901550672
0.0014616193435325333
0.0013764480030637189
0.0012992650245503285
0.0012305574091177854
0.0011709434745961951
0.0011154162354356687
0.001065182386056555
0.0010201352502670334
0.00098092679632138017
0.000942987596748498
0.0061528401164470123
0.0061528743906999351
0.0061537108593707514
0.0061555756961424483
0.0061586780412042335
0.0061527598748993767
0.0059711033088603984
0.0054360023396467097
0.0049049718738125919
0.0044158917737757656
0.0039804371596652253
0.0035997442072892819
0.003264491293631665
0.0029674865445707172
0.0027043494844799306
0.0024723453679560614
0.0022700055464466118
0.002092282659287392
0.0019325278699398041
0.0017942522481283014
0.0016696485422896226
0.0015590977924243201
0.0014619762780026318
0.0013742804842615012
0.0012954614355111412
0.0012256217217050311
0.0011675997516355156
0.0011126090720557484
0.0010623126626014689
0.0010165510087626411
0.00097614898199579027
0.00093835672385323191
0.0061527008506954669
0.0061526970116600119
0.0061533965586890301
0.0061550458411695277
0.0061577823020348777
0.0061531886627186547
0.0060341314281974947
0.0055378348844620923
0.0049915267056462433
0.004490470641300425
0.0040443257481103372
0.0036477319931140029
0.0032993232903102392
0.0029941321329648917
0.0027268590417204408
0.0024902730266186941
0.002281872569153142
0.0020986520729304172
0.0019359613349433941
0.0017927106417173911
0.001665640560420584
0.0015525207809063942
0.0014523440237580226
0.0013648771330606927
0.0012867516269589121
0.0012169260859356125
0.0011550720520358659
0.0011063207329561325
0.0010559811698311633
0.0010103214825702986
0.00096871942115460527
0.0009319546509627927
0.0061517814920472079
0.0061513513227199846
0.0061516863338227376
0.0061528981434765097
0.0061550816736486488
0.0061582482261621878
0.0061220750704894956
0.0058062720747467022
0.0052472831322097268
0.0047032215002936664
0.0042157091630240741
0.0037850626159458955
0.0034090364960190187
0.0030806027637247622
0.0027943649351588589
0.0025430670202623634
0.0023214948035622405
0.0021266493874385847
0.0019538320799216027
0.0018015037666005915
0.0016668763695088672
0.0015513099775213814
0.0014491291217550778
0.0013586972929215805
0.0012774823405277442
0.0012048139489225396
0.0011398307541800484
0.0010852581824331098
0.0010347660583714703
0.00099756408487855475
0.00095643970050235242
0.00091955038534713364
0.0061512490462121601
0.0061503466630888131
0.0061502074027148636
0.0061508209314548104
0.006152327787234642
0.0061546240340038284
0.0061564282502326812
0.0060549912599321123
0.0054954246053066204
0.0049012148687317255
0.0043728721337842284
0.0039140598751881165
0.0035148985603789258
0.0031666052569377205
0.0028599272615834831
0.0025907661058258017
0.0023546765595891454
0.0021496649273706554
0.0019698927907773724
0.0018112555534468898
0.0016710172214793313
0.0015471886119618606
0.00143627676833604
0.0013418508088422461
0.0012556575616853353
0.0011805711859742044
0.0011151414613480371
0.0010702264792014171
0.0010181702255131311
0.00097296497551724315
0.00092905086787722392
0.00089154781693713981
0.0061506272650561165
0.0061487926123665448
0.0061474798586785666
0.0061468166966490373
0.0061468286647431026
0.0061474122975687471
0.0061488928737631395
0.0061415231762088299
0.0059293549113403629
0.0052721694412835004
0.0046844736691012455
0.0041645022305766251
0.0037043231004002157
0.0033085038760314097
0.0029647042742612733
0.0026648008370183745
0.0024056924916150478
0.0021832810863799197
0.0019867046916591437
0.0018122835885733431
0.0016603080213039203
0.001528636454652827
0.0014114035958195388
0.0013094854114736863
0.0012189201182021001
0.0011415607219304013
0.0010888713893297194
0.0010309203176479106
0.00097647895588311054
0.00093185771382496801
0.00088713079765235484
0.00084890692528031978
0.0061496379866692701
0.0061467838884460661
0.0061438263997662347
0.0061405051704267934
0.0061366596886717776
0.0061319676997456194
0.0061263311144331856
0.0061194946235014341
0.0060644149753437491
0.0056418946411470388
0.0049644108541504655
0.0043658618998614071
0.0038538099332323479
0.0034152009656256799
0.0030349657339186508
0.0027084479151476453
0.0024280140577388198
0.0021838068524783327
0.0019722802885003298
0.0017889941954468713
0.0016271659897590556
0.0014871699579214611
0.0013649441396801178
0.0012579824195734885
0.001159303512929715
0.0010791438816200696
0.0010062242547972773
0.00094677786399494329
0.00091477493062131886
0.0008705830425623385
0.00082410179235503276
0.00078818444628806015
0.0061410655764746989
0.0061160836347932991
0.0060735027476494291
0.006013630514789042
0.0059384411522090935
0.0058502375123067789
0.0057513545252838322
0.0056436069907701628
0.0055303032998436294
0.0053988098566952782
0.0050183644503637949
0.0044254407073539325
0.0038518763374272083
0.0033771658519955055
0.0029764885981185597
0.0026388596039784284
0.0023506312499777878
0.0020936659221150989
0.0018738510175719365
0.0016831078974933189
0.0015130057050410874
0.0013640152756124735
0.0012311598116639558
0.0011170066767944382
0.0010159421536099556
0.00092924089945490272
0.00085346934747307845
0.00083331973287783406
0.00077693857870954482
0.00073269652753400446
0.00068173938062486073
0.00065082003129646182
0.0047245569522887665
0.0037322289299392838
0.0030306842890408295
0.0025462866668552351
0.0021965494031885831
0.0019334796044728122
0.0017279221148577908
0.0015620221354154947
0.0014262817297621137
0.0013134161995475792
0.001217550088647372
0.0011351294903079231
0.0010635263635152365
0.0010005122366488475
0.00094440731925771214
0.00089381925870679114
0.00084778455576190793
0.00080562425475280643
0.00076685811209332056
0.00072058058197082045
0.0006772907894663651
0.00063778683002103963
0.00060144206523607001
0.00056570672242464042
0.00052552221040242937
0.00048764313183222537
0.00051966906520573746
0.00048078298584192249
0.00044347159999081937
0.00041287688684330979
0.00038157294987445714
0.00036190164156067826
0.00098253586665502887
0.00094457501873881206
0.00090402877017553237
0.00086533324519558977
0.0008334780236122799
0.0008055286632833819
0.00077598078882106241
0.00074318173490911998
0.00071354533853395163
0.00068930812195164412
0.00066778157398633708
0.000644610845704331
0.00062268845973638138
0.00060157808902324252
0.00058152548756151845
0.00056330820086884792
0.00054635708103755874
0.00053102997372268985
0.00051673448921067851
0.0005034787103602278
0.0004912480232782487
0.00048025482182702229
0.00047054649985994073
0.00046166431461260114
0.00045372042995919391
0.00044676142416565881
0.00044078541871087897
0.00043570215136526467
0.00043195854030162758
0.00042901645718946847
0.00042649039267871834
0.00042382338481500705
0.00042132354855643642
0.00041920558505452969
0.00041698558181491231
0.00041479568367259361
0.00041251045592510219
0.00041014343151737345
0.00040844951435139282
0.00040676737758627653
0.00040462686711993228
0.00040144145098376628
0.00039829535839556394
0.00039460339963334675
0.00039064804505085622
0.0003863617382960887
0.00038247696037681353
0.00037841092331609863
0.00037374699459885016
0.00036835344684640989
0.00036228662694206615
0.00035595408299282151
0.00034932427289659321
0.00034313957977525836
0.00033683601440377323
0.00032994124191681583
0.00032236346257424734
0.00031425876023870753
0.00030595674920450689
0.00029813490517229706
0.00029029732153933641
0.00028195617269247489
0.00027280636170848153
0.00026388321162683034
0.00025454617944003209
0.00024520356524208755
0.00023621622902715098
0.00022743297634972995
0.00021824190118336173
0.00020893365779476653
0.00019982287750911043
0.00019111166472200752
0.00018212787535361758
0.00017316167788094432
0.00016379024925918971
0.00015418492976286064
0.00014465171833578014
0.00013570988434047446
0.00012685982014775239
0.00011901279217251151
0.00011222422873254154
0.00010648530966167499
0.00010147784046417618
9.4017624131060979e-05
8.7289266759871053e-05
8.3095435638803883e-05
8.0821096674028392e-05
7.8079311226374664e-05
7.4242534739673302e-05
7.041800913667456e-05
6.7655963774468288e-05
6.7077789614919601e-05
0.00098328218759407377
0.0009452349061201496
0.00090468248389656667
0.00086591084685935121
0.00083395620537267997
0.00080601929101553409
0.00077650376721742046
0.00074370670118191549
0.000714009974861238
0.00068972691892903214
0.0006682158398485298
0.00064508964487405688
0.00062313104821231995
0.0006019697269684899
0.0005818959468925697
0.00056361413662958854
0.00054666583949177579
0.00053128802172296098
0.00051699667433591516
0.00050371322078819896
0.00049146479510413341
0.00048047420610819295
0.00047073174430473195
0.00046184242502621682
0.00045388447127208699
0.00044693798358964941
0.00044097378816204815
0.00043589959549706248
0.00043208020236614668
0.00042951405932874838
0.00042685783796634361
0.00042419511929307459
0.00042164348564953277
0.0004193036257172567
0.00041703435044254276
0.0004147838081434229
0.00041243724230321052
0.00040991865949147998
0.00040761438819985599
0.00040721012035257862
0.00040452223293461191
0.00040126233146600367
0.00039793257270050468
0.00039424614135240808
0.00039027664223200272
0.0003859952073069292
0.00038172025124625394
0.00037843907582761757
0.00037335920435337176
0.00036773443583126944
0.00036160682592035971
0.00035515854905213487
0.00034844019984104453
0.00034173608375598016
0.00033644186067817178
0.00032899145520654498
0.00032116444310517086
0.00031307685691752849
0.00030483456735493455
0.00029672094053043705
0.00028988322046551108
0.00028126706820174067
0.00027225683391901361
0.00026340026531556835
0.00025427008800447308
0.00024510720889112217
0.00023618753578872931
0.00022784613491757538
0.00021871584530150568
0.00020961889435376459
0.00020063387183107519
0.00019216020380372805
0.00018331481763109414
0.00017464176993264605
0.00016548431408646867
0.00015603670505464436
0.00015232873766628843
0.00014317181480295621
0.00013421355374920781
0.0001260732594229795
0.00011898553764610227
0.00011284822751403702
0.00010786422774119684
0.00010039032303972705
9.3246937510271842e-05
8.8822800075290928e-05
8.631917736439052e-05
8.358626351634901e-05
7.9666654786173422e-05
7.5536040043381225e-05
7.2592329647478841e-05
7.2514888978988557e-05
0.00098440911902618442
0.0009463385455681497
0.00090571916386692364
0.00086666026607149275
0.0008346465816751297
0.00080675329382139972
0.00077739876311112648
0.00074468424503515277
0.00071426087056574176
0.0006906647617848751
0.0006689724333786897
0.00064599200291982906
0.00062432860770425525
0.00060271678507743882
0.00058311118390306604
0.00056433633717421577
0.00054751941769903703
0.0005316417730191358
0.0005173223869287002
0.00050384473926193426
0.00049147496940753731
0.00048041200468622287
0.0004706206635671023
0.00046166697260784811
0.00045364562173925917
0.00044661802965500466
0.00044057028625275738
0.00043538504604699612
0.00043146930945694892
0.00042396957672769832
0.00042097329982217885
0.00041851183053989569
0.0004168745834706054
0.00041563008674329154
0.00041452780599926753
0.00041321029285261928
0.00041166915655955902
0.00041007862997735471
0.00040848458400669351
0.00040720057639101335
0.00040525417157218069
0.00040361363139469763
0.00040209314714184581
0.00039981954091976134
0.00039684470505847692
0.0003932975580944536
0.0003893232155048123
0.00038531203787695023
0.00038125010721408318
0.00037738122517201811
0.00037238894106780021
0.00036645562946152854
0.00036040747923073228
0.00035384205895986118
0.00034741465680201191
0.00034087891222608197
0.00033447574687954713
0.00032721874137095535
0.00031920220588083358
0.00031122024042906687
0.00030317604015793617
0.0002946372038651498
0.00028637083362817927
0.00027871125961988192
0.00026997594320592362
0.00026076629745779798
0.00025158159768998693
0.0002423338978664605
0.00023306282872272529
0.00022476462079818951
0.00021462323632685882
0.00020489695644204
0.00019541709727975058
0.00018675665481526131
0.0001771714787261148
0.00016720030298663453
0.00015706765448742844
0.00014719975885385693
0.00013808057979455444
0.00012965874165583559
0.00012201334878643094
0.00011859678420144479
0.00011325926831280049
0.0001058116058423174
9.7800403094375511e-05
9.3159018300550061e-05
9.0407948930458412e-05
8.8162513844829561e-05
8.4036926346403576e-05
7.9326684611653588e-05
7.6162961544065148e-05
7.6431815695161712e-05
0.00098566930998642954
0.00094831396197003531
0.00090731907345106453
0.00086691655933113124
0.00083579789386537494
0.00080806311709728849
0.00078024122781873934
0.00074855572894894854
0.00071285687193074114
0.00069139559927951255
0.00066874799657027696
0.00064522662588462423
0.00062296973196854255
0.00060133792758466323
0.0005810062616894118
0.00056243572487760371
0.0005383966775343019
0.00052322054805760843
0.00050941555488337974
0.00049644523146813229
0.00048449336213064937
0.00047398721878718866
0.00046463167459016494
0.00045618197609847446
0.00044837124805346577
0.00044149536722094937
0.00043556214449615518
0.00043036561879164704
0.0004260686883658592
0.00042287021444269136
0.00042042788483164704
0.00041822223500995648
0.00041645166564225353
0.00041574920715719248
0.00041440337803118213
0.00041286487131730507
0.00041106349728668593
0.00040921396598431393
0.000407351206599749
0.00040563470532273656
0.0004034959018444403
0.00040166676105375882
0.00039977407637278796
0.00039748724765749843
0.00039491313783484314
0.00039145514333354412
0.00038766293582884583
0.00038380906656152147
0.00038001635717390477
0.00037609256460000164
0.00037157344966645331
0.00036601559982556994
0.00036062302247644342
0.00035431490110032792
0.00034794235002959782
0.00034155818250218182
0.00033513938083079797
0.00032803018258182486
0.00032004571916264884
0.00031236687145343536
0.00030418249128267758
0.00029561320617287772
0.0002887262352914905
0.00028079960694003201
0.00027206262094968989
0.0002636127997528542
0.00025525521925862294
0.00024639059641535355
0.00023725961656867182
0.00022815860091816539
0.00021905074502074536
0.00021055299778829063
0.00020133527001582369
0.00019218162140190325
0.00018271173853743193
0.00017285143466645969
0.00016287386558487552
0.00015306593244946435
0.00014387906911460423
0.00013482583601376035
0.00012675064639549807
0.00011978934040337986
0.00011485410096736696
0.00010722032113321797
9.8610084507747106e-05
9.4107759675323189e-05
9.0758077129862895e-05
8.9547556324524237e-05
8.4850069808179557e-05
7.9902738038086762e-05
7.6898343309024825e-05
7.7446842173625437e-05
0.00098587859626276392
0.0009497616462955527
0.00090790656413171117
0.00086645071360260913
0.00083507961521264165
0.00080663015180527182
0.00077677722380127068
0.00074319366771427229
0.00071177260303833211
0.00067512714263088689
0.00065259695436764825
0.00062941214963177364
0.00060810888988916529
0.00058783207022865248
0.00056891565409956739
0.00055141570883487727
0.00053538591880556254
0.00052075413117134766
0.0005074521613515011
0.00049485949081301539
0.00048340999429949568
0.00047315596545944341
0.00046418365524055063
0.00045572250331234442
0.00044777496373493838
0.00044060361165042396
0.00043432806170858485
0.00042859498470662507
0.00042356735016123499
0.00040799449927392327
0.00040344148731209876
0.00039959447211723124
0.00039633405285717304
0.00039404993332976969
0.00039254991422080812
0.0003918008751012111
0.00039097091444433062
0.00038992292328154926
0.00038915967809256211
0.00038845440019413547
0.00038759134456954868
0.00038611441492189947
0.00038459623510032524
0.00038319993963589625
0.00038256388726089669
0.00038047818965937096
0.00037781983496728422
0.00037463818075689686
0.00037121055667661238
0.00036763956103863136
0.00036352894509661773
0.0003593095225675528
0.00035637860633011786
0.00035118518128922843
0.00034543640875803146
0.00033927420670830778
0.00033286319944839208
0.00032605084989207564
0.00031906519667849364
0.00031346139498946872
0.00030569825129693348
0.0002976983921063308
0.00028936236040549254
0.00028105374538344357
0.00027241484444352954
0.0002639736617693885
0.00025565678109266618
0.00024675498880398093
0.00023788225023893482
0.00022862267453520996
0.00021944805809268636
0.0002107477158462923
0.00020179971043863014
0.0001932867371407635
0.00018403244790844248
0.00017434257750108115
0.00016468006959273555
0.00015488075846487774
0.00014548647029532716
0.00013653169476146232
0.00012857763694693798
0.00012136711405419246
0.00011709072437201083
0.00010898807091679988
0.00010004010398124364
9.5337865256565018e-05
9.2451809774448979e-05
9.1122111602210938e-05
8.6496863549532398e-05
8.1034846496661676e-05
7.7986973579049568e-05
7.8893275291746855e-05
0.00098103290287306403
0.00094368487965650614
0.00090262205409106589
0.00086268687931752134
0.00083088274272299771
0.00078271911432262848
0.00075280023954360346
0.00071989119234409861
0.00069018059278605623
0.00066954405238152078
0.00064852461177633764
0.00062582889953466782
0.00060583217194931259
0.0005860117300456743
0.00056814982198779196
0.00055118004492166184
0.0005354519094052224
0.0005209602811674912
0.00050752080218804409
0.00049473529730516242
0.0004778184776586723
0.00046628091693843118
0.00045584439265998413
0.00044605239161502557
0.0004370145970083908
0.00042901260974781083
0.00042203270646498187
0.00041558034354284486
0.00040962988723419356
0.00040464701616343236
0.00040047848933665535
0.0003967864924727125
0.0003935749434064099
0.00039104306192168923
0.00038920654461301822
0.00038770540259289702
0.00038605987899937579
0.00036666612532650945
0.00036541082271399295
0.00036452572742935778
0.00036363542428107415
0.00036264945574402877
0.00036169927234788024
0.00036074610217998735
0.00035992695878633716
0.0003590381285386147
0.00035844781824438459
0.00035680183294133511
0.00035445352219971242
0.00035194223225193529
0.00034888163516948401
0.00034545439455072247
0.00034201737264453249
0.00033833042463292157
0.0003345409621579774
0.00032981148567491007
0.00032419429721582539
0.00031841099685217143
0.00031208421826495544
0.00030582612088916568
0.00029931101649208311
0.00029317631521029761
0.0002859200608024302
0.00027803010156608428
0.00026995112351070117
0.00026179118347356792
0.0002537030175809703
0.00024557209665566405
0.00023786854234110244
0.00022921287972653146
0.00022022502276550205
0.00021178626049060326
0.00020432224814917018
0.00019607438514203029
0.00018695471143347322
0.00017765467056209843
0.00016834392447492695
0.00015905321210563406
0.00015072363909348184
0.00014062366532040349
0.00013154187657210678
0.00012411526363158775
0.00011844221197290735
0.00011050757295477816
0.00010139796074846445
9.5859831511494253e-05
9.3551648106152377e-05
9.2115705360575282e-05
8.7664776565701764e-05
8.1669394361895767e-05
7.8561144706262986e-05
7.9861051794713565e-05
0.00094198162309470316
0.00090804101103816827
0.00086860825253536533
0.00083099481589928492
0.00080280752507886168
0.00077633738386264403
0.00074745306647264404
0.00071573865098013769
0.00068335513327195745
0.00066856442304781397
0.00064842974280066707
0.00062656377378613891
0.00060630959525607693
0.00058655643188667552
0.00056348611012994692
0.00054636497254469184
0.00053046199912778385
0.00051574733277591305
0.00050197072834732063
0.00048885283148004119
0.00047667706896701629
0.00046528075193471723
0.00045493612771290597
0.00044537257161221647
0.000436392774288703
0.00042826642174041029
0.0004208143792001178
0.00041379410429565316
0.00039790400516222512
0.00039137950382295088
0.0003855412700753335
0.00038018842829534911
0.00037539419039013408
0.00037123230066119498
0.00036749860485834625
0.00036502862403684535
0.00036297337010139267
0.00036159014748781787
0.0003609617257029923
0.00036019091133886931
0.0003593232138550632
0.00035808877460127673
0.00035686933368140141
0.00033997897888921199
0.000339252166291395
0.00033857117816985698
0.00033839498240521008
0.00033754900909426677
0.00033704900615309661
0.0003363068688036946
0.00034591442797615203
0.000342877816057818
0.00033963489094989156
0.00033616352833747755
0.00033254933456426585
0.00032816928405863415
0.00032278273455406176
0.00031747049483845969
0.00031132137673756799
0.00030510561802444701
0.00029877442010031502
0.00028928527696421688
0.00028251705432410791
0.00027599017212940545
0.00026965818590167116
0.00026254781185133769
0.00025487853457493119
0.00024706364601552092
0.00023905784619081283
0.00023060741418435253
0.00022229627483205655
0.00021431357029724605
0.00020566569628488799
0.00019735870418740852
0.00018892713246371418
0.00017973083302305658
0.00017056488299576684
0.00016141050562931477
0.00015218773406084002
0.00014261567881647074
0.00013370423197363651
0.00012627934570817913
0.00012023842480054592
0.00011148542229790471
0.0001016616083941608
9.6074576507245766e-05
9.4708400963057829e-05
9.279543516554342e-05
8.8407269320001965e-05
8.1782456612704201e-05
7.8387007600516862e-05
8.0303552857326224e-05
0.00093508650663736673
0.00090190017916869493
0.00086270002046257498
0.00082458836143795185
0.00079904481318720903
0.00077348780811656314
0.000746942139746718
0.00071641277824989946
0.0006882047790950556
0.00066903286632645303
0.0006433988721402296
0.00062031625895895323
0.00060010289251943415
0.0005808582800673433
0.0005629153633023217
0.00054604742301790599
0.00053049872830922219
0.00051602989188269518
0.00050234438362088847
0.00048909630043953583
0.0004764538829665799
0.00046060794053770612
0.00044915773928650815
0.00043844532601255938
0.00042843414218609059
0.00041915184323829292
0.00041051326996680221
0.00040274739068986659
0.0003959303660756841
0.00038988898094379811
0.00038413791354262132
0.00037873616662279338
0.00037354918801456684
0.00035967166800280264
0.00035458645982430059
0.0003500259082693605
0.00034602336796477995
0.00034258633205851299
0.00033978542290145772
0.00033763991041698592
0.0003373872328469085
0.00033624136171586921
0.0003352363182904046
0.00033474443466767701
0.00033422442015765134
0.00033369427722734231
0.00033333261394679405
0.00033274255192726476
0.00033243226992639278
0.00033232718971840927
0.00033133346476331768
0.00032947876584187784
0.00032738368962473036
0.00032463506074585538
0.00032159000186103305
0.00031793826654550163
0.00031405808139636137
0.00031089828195498035
0.00030589863486411075
0.00030025226679615189
0.00029455538477669244
0.00028848038991863121
0.00028189426106457695
0.00027537585956959889
0.00026877327758803479
0.00025810540189257441
0.00025107000989144898
0.00024419402246354539
0.00023769316261300268
0.00023018433295105323
0.00022221876330363435
0.0002141231119808583
0.00020611496195823412
0.00019850332236123934
0.00018980929293026274
0.00018059427066283488
0.00017137158181464239
0.00016251643609712342
0.00015355620207009956
0.00014462929350695985
0.00013604293387389131
0.0001274730670625966
0.00012124311854110368
0.00011181552955857833
0.00010096835310625844
9.5570620696866241e-05
9.4126130731769038e-05
9.2722296448115267e-05
8.8627447368944356e-05
8.0719021439032689e-05
7.7461254724790627e-05
7.9683171438517329e-05
0.00093369998414604598
0.00090117265777802128
0.00086265041895655214
0.00082616347866264119
0.0007997903302411635
0.00077487992023952403
0.00074706411362384707
0.00070714501717094539
0.00068031991434139218
0.00066281653247981002
0.00064294143653483623
0.00061964712672167501
0.00060083872710581438
0.00058164410603542597
0.00056329399068013231
0.00054330884252744229
0.00052720969459035512
0.00051235988351446373
0.00049826935115512903
0.00048472808179876961
0.0004718521119235841
0.00046005170976125764
0.00044909252547587034
0.00043865005775892997
0.0004287090681296137
0.00041926703868646221
0.00040704707515796748
0.00039803763428244564
0.00038963938970375028
0.00038200100547829699
0.0003749161975273778
0.00036918202685461393
0.00036344727165914177
0.00035794843392071964
0.00035291312682492518
0.00034807691272076388
0.00033505104883837659
0.00032999081837728071
0.00032542312003085811
0.00032137988728878791
0.00031799858448931838
0.00031484880412395878
0.00031231024941446618
0.00031140586467338661
0.00031004277908705139
0.0003090165685466335
0.00030842523486110873
0.00030823988101796542
0.00030840770654170325
0.00030836947236806352
0.00030800047060789185
0.00030757513706655476
0.0003078316388643257
0.0003065397887191676
0.00030459142919047911
0.00030234566950121801
0.00029950960601610985
0.00029646767417049023
0.00029277210405560187
0.00028896264945459246
0.00028625308801843888
0.00028116826531680779
0.00027539139408792331
0.00026938598879705619
0.00026358766697872927
0.0002570181704933334
0.00025016465636665426
0.00023935460108372825
0.00023327418357937878
0.00022631534741727417
0.00021945034472475752
0.00021334906773697878
0.00020556726164419191
0.0001975077531995794
0.00018941033594050967
0.00018067812797923643
0.00017186021769524104
0.0001622788413872263
0.00015370908391944437
0.0001448646167156405
0.00013580465983420884
0.0001276337996481646
0.00012155072418271896
0.00011101666314612221
9.9573461044991806e-05
9.4639079179614782e-05
9.2725970577226761e-05
9.2023322690586474e-05
8.7685541678071157e-05
7.9277445666523115e-05
7.5891982060609749e-05
7.8331126981345611e-05
0.00093376190178415762
0.00090120839628037399
0.00085070032450233952
0.0008150544528702006
0.00079071212724691564
0.00076602670524561858
0.00073741198450931206
0.00070637954287202124
0.00067845403344281025
0.00066351843084626197
0.00064360056525869806
0.00061724660934713482
0.0005971248325896013
0.00057786570685712589
0.00055967331625050973
0.00054251855351495606
0.0005272610706480214
0.00051299782825177257
0.00049926063809070664
0.00048571230622996409
0.00047180158574122673
0.00045930937057568351
0.00044754410952467456
0.0004364855483350427
0.00042603272913125609
0.00041637287541359381
0.00040719163286689425
0.00039834609093416032
0.00038988385653449496
0.00037952663439847303
0.00037132396227780042
0.00036366698656020447
0.00035631447647648006
0.00034950533931593051
0.0003439558913411926
0.00033845953507596134
0.00033309913753482733
0.00032816447438406744
0.00032340548324579952
0.0003115961815041054
0.00030662020629819051
0.0003020177586859156
0.00029788792850906612
0.00029440972075093824
0.00029119472426156168
0.0002886882154909538
0.00028714185436035366
0.00028562815923282388
0.00028440146458962978
0.00028360722914034923
0.00028331595013183553
0.00028326811952410311
0.00028371527739902387
0.00028364770870947076
0.00028356389638551098
0.00028316629343316628
0.00028192378322301791
0.00027984865182397638
0.00027731068305410873
0.00027453291508395037
0.00027147282131091607
0.00026768893575690087
0.00026370973889055561
0.00025966149057545906
0.00025598574804482993
0.0002502841544118431
0.00024416355857328001
0.00023780235611815041
0.00023180864003526845
0.00022029078613198551
0.00021386208842601539
0.00020750438385747845
0.00020087899863813495
0.00019413991454915783
0.00018752527748451211
0.00017913631108540222
0.00017059043841912059
0.00016008336446365546
0.00015176391950110499
0.00014335661098136254
0.00013508104549626949
0.00012762818973282141
0.00012078954978632393
0.0001090006658660335
9.7615629129225529e-05
9.3538737456400265e-05
9.0615913339864201e-05
9.0718438203582586e-05
8.6052380522825511e-05
7.719676578056782e-05
7.3791659601639501e-05
7.636088259893737e-05
0.00092042958796802426
0.00088764204338483491
0.00084855435896462902
0.00081267235397361416
0.00079012735995889316
0.00076581314863187683
0.00073858419382857182
0.00070722548541432345
0.00067572765597055228
0.00066076649412582697
0.00064032021785123986
0.00061569952702724047
0.00059804285202407664
0.00057919937010880295
0.00056095434424411836
0.00054338145687878188
0.00052759342087774198
0.00051292527184884857
0.00049907326410265007
0.00048533341294207443
0.00047250432002706583
0.00046045125444145913
0.00044881382113614259
0.00043809894727189942
0.00042714240536163942
0.00041672811804537702
0.00040681747953203964
0.00039717659771065582
0.00038824594594553052
0.0003798576582577307
0.0003718182494376216
0.00036408521547868773
0.00035495561494071261
0.00034721207040460349
0.00033998380856164925
0.00033293020913992207
0.00032618975663020164
0.0003209130378115881
0.00031538604664246058
0.0003099957213607606
0.00030496631170138675
0.00030004842669549515
0.00028900111702658102
0.00028395103149671778
0.00027938532382825864
0.00027521201500815709
0.00027175274578887163
0.00026857836825339431
0.00026593852087279749
0.0002640924193732713
0.00026289086024854238
0.00026204829089325428
0.0002771123597007298
0.00027718183572606516
0.00027724985094449773
0.00027716789913555712
0.00027634765450634558
0.00027455478913342634
0.00027218128932150271
0.00026970289813011469
0.00025422780328166437
0.00025135579941717664
0.00024827110414442864
0.00024497772521303769
0.00024175116860507013
0.00023800750505244961
0.00023341832063592839
0.00022856778504529548
0.00022370966791302219
0.00021775925937339086
0.00020505454923114923
0.00019957896129616301
0.00019455413901323798
0.00018858328943850792
0.00018190970334949763
0.00017442000522055359
0.00016680046587682609
0.0001592381550549076
0.00014821009536797227
0.00014043052865474412
0.00013307162953904341
0.00012470400327944961
0.00011825738811025973
0.00010635636448152463
9.4939426363871042e-05
9.0041181369533948e-05
8.7747844597736637e-05
8.8830175709390453e-05
8.343158601905107e-05
7.4661330946797252e-05
7.1232794424933794e-05
7.3768798787420055e-05
0.0009197049249294486
0.00088829076259852547
0.00084927681438659521
0.00081390644760549768
0.00079031985883093404
0.00076633591825743151
0.00073302182121280494
0.00070001308321536416
0.00067261899593345316
0.00066201060948524763
0.00064204270597221732
0.00061777838173002772
0.00059721591539788272
0.00057845580774738207
0.00056105465615091405
0.00054410921097218458
0.00052902516826668999
0.00051476062591394596
0.00050253991809308233
0.00048848767558885538
0.00047507144195907061
0.00046264266968119752
0.00045051055907077806
0.00043933932080035239
0.00042866756283807214
0.00041838214700048364
0.0004098970442443856
0.00039986588775915022
0.00039022213846362497
0.00038100260153309078
0.00037227381343845256
0.00036397969840883945
0.00035589612239577052
0.00034812618588086081
0.00034035466799955982
0.00033252900579357875
0.00032503076942685125
0.00031786014507707969
0.0003108850853246762
0.00030474477868187898
0.00029898981402307274
0.00029326148602333265
0.00028767667679262482
0.00028235990118584376
0.00027750804657329984
0.00027291662974297359
0.00026886685958245386
0.00026521699583239211
0.00026208249030448691
0.00025962744829258351
0.00025784048941414215
0.00025635586395246685
0.00025503234511897158
0.00025401228195396774
0.00025343011269372855
0.00025304471990528796
0.00025261722987227362
0.00025198479503721729
0.00025115368269887177
0.00025018431357676549
0.00024823391315360421
0.000245306123367749
0.00022875485391456082
0.0002265239601544128
0.00022468204590363192
0.00022222979897857769
0.00021955418919825486
0.00021553716168293524
0.00021134380306084483
0.00020680158606060765
0.00020147335612594593
0.00018858242595032096
0.0001838750679551776
0.00017875462891535658
0.00017367951894611854
0.00016760543105513159
0.00016109618224023023
0.00015429444160942527
0.00014260169869728293
0.00013552994346393893
0.00012812621856594621
0.0001207044156481391
0.0001149855900197846
0.0001028253539686829
9.1372009746342451e-05
8.5832787949878197e-05
8.436626505045657e-05
8.5884768442857706e-05
8.0252806369864358e-05
7.1824330567997829e-05
6.8385285192835158e-05
7.0683421536115706e-05
0.00091534952252351099
0.00088233656708940381
0.00084172400278335283
0.00080714451231802436
0.00078499398932634047
0.00076140220825231611
0.0007345811188040097
0.00070217915572481492
0.00067572153235989467
0.00066154923496839066
0.00064100218502441387
0.00061545237080812623
0.00059895274400139243
0.00058045828967216609
0.00056371397865502082
0.00054693402375677303
0.00053169995208635285
0.00051788067042624877
0.00050428493826179099
0.00049062574544781064
0.00047740635648948484
0.00046737066756883446
0.00045515346927935298
0.00044359851530690822
0.00043235147094704415
0.0004219754892308564
0.0004119275194470034
0.0004020515665889324
0.00039482795560494505
0.00038525195826563809
0.00037600866367262971
0.00036679269454127135
0.00035813757008586362
0.00034990432910349072
0.00034188858777403749
0.00033527021563662166
0.00032712601279323583
0.00031924130388175055
0.00031156526400640786
0.00030394343405912077
0.00029693490500980061
0.00029026529802857133
0.00028377064232509619
0.0002775494225572221
0.0002717092357787067
0.00026608504538743106
0.00026068834866791054
0.00025570001897453753
0.00025122230025211571
0.00024703639696378195
0.00024335658951700324
0.0002399818862664096
0.00023701148577316231
0.00023451432653665729
0.00023299913319331666
0.00023117839291569246
0.00022959263963216227
0.00022830039452126683
0.000227212130629344
0.00022649000348834309
0.00022539243728308313
0.00022377334600283416
0.00022154845833921469
0.00020505964970634377
0.00020327070883104401
0.00020138780076824653
0.00019958565780475241
0.00019793630248572371
0.00019539104790927236
0.00019259519833543566
0.00018844628701016533
0.00017434803633541596
0.00017056003980826613
0.00016688013072686908
0.00016361475700409222
0.00015856245184006512
0.00015272503787804956
0.00014663967661036892
0.00013980949418890653
0.00012867754260334068
0.0001220218677469616
0.00011606091508006386
0.00011056705962661841
9.7751206277107733e-05
8.6568625705008939e-05
8.1281797156051709e-05
8.0574459704451431e-05
8.1802283279001399e-05
7.675982567880117e-05
6.8753489771752638e-05
6.534529471555321e-05
6.7169090847637783e-05
0.00091347548896541847
0.00088602661854443219
0.00083991347139372339
0.00080553700135013197
0.0007859199645578489
0.00076308592003191008
0.00073073392060594392
0.00069740034249449689
0.00067010543972953539
0.0006628867656978259
0.00064357166597402236
0.00061938642145247923
0.00060077563247612118
0.00058195159426830192
0.00056586635551273204
0.00054946387336681803
0.00053640116281243881
0.00052230555753085073
0.0005088538179015466
0.00049514233050549337
0.00048228991262668934
0.00046999283135525143
0.00046154155316191281
0.00044986748686884321
0.00043864109767989431
0.00042784858286255633
0.00041731200173410025
0.00040728960970131469
0.0003974937972306475
0.00039126432480153338
0.00038169903660708931
0.00037237625640466253
0.0003630392883821831
0.00035424867586602025
0.00034580243146208045
0.0003374770023754336
0.00033152160256936201
0.00032315345974604322
0.00031494996535149397
0.00030688562737706812
0.00029886672657251635
0.00029118350005100324
0.00028383027598971784
0.00027663958057069045
0.00026971256508637306
0.00026298408595236514
0.00025652065428566551
0.00025045452617563323
0.00024485530090499855
0.00023943776749648122
0.00023425478496336003
0.00022942203453219309
0.00022493955876340592
0.00022078756311017924
0.00021709469858932306
0.00021383587877315288
0.00021087174770049294
0.00020821094594651997
0.00020618727204406496
0.00020516140504340478
0.00020342824139854969
0.00020154173967218853
0.00019954598189723507
0.00019728285269180227
0.0001820636728567717
0.00018012312337193891
0.00017835412563001258
0.00017723773175372696
0.00017612204062124345
0.00017405225735911571
0.00017124488697881063
0.00016789437809905031
0.00015491291649039234
0.00015203869482292821
0.00014904474531533341
0.00014587242708100672
0.00014175663304498955
0.0001369546899173934
0.00013135954826659125
0.00012039306908193684
0.00011493331702367273
0.00011047434051808637
0.00010393717826059917
9.1824588207863378e-05
8.1299120908402006e-05
7.6449008841245986e-05
7.6485394241463338e-05
7.708141878010966e-05
7.3010663466296599e-05
6.5527289729601894e-05
6.2230733315770607e-05
6.326704799431252e-05
0.00091418096769270202
0.00088194014084212746
0.0008360585495617676
0.00080264271433137845
0.0007825307293176973
0.00075928480954228004
0.00073254859951026876
0.0007004354845495047
0.00067528924696156386
0.00066520845528881048
0.00064611240717627578
0.00062191962808030876
0.00060299050140980915
0.0005862857818412214
0.00056996944325762801
0.00055359795335312265
0.00053893615097547101
0.00052516640656180753
0.00051470336241563476
0.00050120429685843193
0.00048857434224220471
0.00047629322307709318
0.00046458680126571959
0.00045311910499502118
0.00044577192253495644
0.00043504239489720848
0.00042465989666041538
0.00041414311710046155
0.00040418360310223267
0.00039447592466341531
0.00038892275530364389
0.0003794501327237308
0.00037007855035462589
0.00036054595938086185
0.00035158278524376386
0.00034291560454972138
0.00033438081583953905
0.00032894726655824364
0.00032032157369497037
0.00031182977294923859
0.00030343634680485033
0.000295058176097694
0.00028694446292310628
0.00027905065674690966
0.00027132180411054962
0.00026376471285993026
0.00025640670136643838
0.00024932451001806016
0.00024247561751128779
0.00023581817637808076
0.00022946158039500601
0.00022338838856965324
0.00021774615350004449
0.00021311246648793251
0.00020827206849625138
0.00020371115720853609
0.00019944269468188694
0.00019544285314385115
0.00019167840898691942
0.00018838245403199794
0.00018572343202273207
0.00018306688180515717
0.00018040972992657136
0.0001777012455004997
0.0001648523670976272
0.00016182944788253228
0.00015891090626248943
0.0001564649746767935
0.00015502859109866639
0.00015392696721808861
0.00015229044683951116
0.00015003363532270286
0.00013723510402729571
0.00013490275742886207
0.0001330765371957256
0.00013171308314710719
0.00012922169925177459
0.00012572196465899634
0.00012123472836155939
0.00011057832495400434
0.00010620343711592462
0.00010145288619791897
9.6327136557813873e-05
8.5734435632291406e-05
7.5863901217435993e-05
7.1440066365344542e-05
7.1532120134940467e-05
7.1966544342499497e-05
6.9094382569058788e-05
6.2126566604534661e-05
5.8346086885064674e-05
5.9015190062408964e-05
0.00090765594471800808
0.00088172011382003435
0.00083508892970354884
0.00080215144780233642
0.00078403216764850645
0.00076190955917766149
0.00073066719865989295
0.00069829835080287652
0.00067620124386021259
0.00066747717566442819
0.00064771818697060212
0.00062158067075339656
0.00060668001440643651
0.00058929461734055528
0.00057425523941812744
0.00055848342552525482
0.00054406303929013604
0.00053091036520066094
0.00051805868545210323
0.00050797285125783807
0.00049527955573563519
0.00048353494001304232
0.00047171287118207564
0.0004604209810372714
0.00045357535656477451
0.00044296085086692244
0.00043257512862839422
0.00042225919417376612
0.00041202482127422336
0.0004022676040225158
0.00039271219456089195
0.00038740647751772032
0.00037785996253435032
0.00036836132360050858
0.00035892643476385868
0.00034999094781748167
0.0003411825097133131
0.0003324711769904281
0.00032731136374661654
0.00031849258833728847
0.00030970770869380226
0.00030095609012909907
0.00029225011168549259
0.00028380624733015972
0.00027547340624054699
0.00026729689737567153
0.00025928220335444413
0.00025150482597728461
0.00024382561865742949
0.0002363024354170099
0.00022906636897933333
0.0002220955510039939
0.00021559458910298693
0.00020943075466021369
0.00020350813697206195
0.00019787332397339696
0.00019248959940310024
0.00018738184524412515
0.00018253398878707424
0.00017792326415776887
0.00017442977447222179
0.00017067988306196442
0.00016696256750771258
0.00016329690310595271
0.00015954349434238414
0.00014869407905253085
0.00014497336127458643
0.00014169676619115042
0.00013954597803300209
0.00013737009574428101
0.00013499125036411344
0.00013241071130062237
0.00012119210020586909
0.00011875261915708869
0.00011690251364571383
0.00011643488232569752
0.0001148635933224091
0.00011238724970463526
0.00010913252500903036
9.88952433045213e-05
9.5505885915955993e-05
9.2047134468552973e-05
8.851190199552953e-05
7.8989933338540066e-05
7.0045872941177633e-05
6.6059080563859294e-05
6.5265889365193476e-05
6.6501440800288136e-05
6.5190901874467418e-05
5.8743330246018476e-05
5.4115560115807522e-05
5.4536174273936002e-05
0.00091008179702769664
0.00087573379379285671
0.00083400608724187473
0.00080181597450481928
0.00078531193798702054
0.00076246698254087662
0.00073405291295137694
0.0006979116024102036
0.00067543492170053364
0.00067077049936615954
0.00065152560251913671
0.00062655119695102367
0.00061180233024060726
0.00059371101556788283
0.00057753936052410424
0.00056368886323570743
0.00054997025599703639
0.00053727658006751979
0.00052484097622283884
0.00051176598333243432
0.00050246047672289839
0.00049096396909534029
0.00047939458051451559
0.0004683181182730294
0.00045762116813191428
0.00045127543965539803
0.00044095650651377845
0.00043098581358122506
0.00042073645841673139
0.00041088774824275603
0.00040125458703514606
0.00039615991836160918
0.00038662237810676789
0.00037718938670469577
0.00036742584916277921
0.00035818079116060186
0.00034920486664811101
0.00034031393744664783
0.00033546661435383655
0.00032646268780874666
0.0003174480817412164
0.00030840006134688505
0.00029930162660072484
0.0002904503940842271
0.0002816885052600443
0.00027305248058867793
0.00026449376727384307
0.00025605160810865488
0.00024774858458800854
0.00023961151038323953
0.00023171922840567816
0.00022402387288034378
0.00021674438471099377
0.0002097239084750944
0.00020300905809746329
0.00019646201227822884
0.00019014090315161783
0.00018408412438328199
0.00017824847748988372
0.00017261159499750692
0.00016755765984872138
0.00016285484756972616
0.00015827404705772607
0.00015386827200441716
0.00014939822997596803
0.00014071254426477092
0.00013615232309609527
0.00013184644301839744
0.00012814060340165942
0.00012505461114017198
0.00012188365021833647
0.00011868829410615467
0.00010973235964403756
0.00010657600314314529
0.00010352552754686192
0.00010127968366436594
9.9853017866151424e-05
9.8084897446401486e-05
9.5685117648154988e-05
8.6488897035937151e-05
8.3879851481945852e-05
8.1883256592232096e-05
7.9879903303974492e-05
7.0684713768676396e-05
6.3276305824521125e-05
5.9770903608888505e-05
5.8699368769392303e-05
6.109838139396703e-05
6.148029491993102e-05
5.5495948751649763e-05
4.9784559958527222e-05
4.9895196796289269e-05
0.00091060626313957047
0.00087731497725964021
0.00083635436920293546
0.00080318436208010014
0.00078505146519392314
0.00076105172049481474
0.00073400399971249909
0.00070175899348539576
0.00067987908962327212
0.00067981739790880214
0.00065525196260037813
0.00062911169788105819
0.00061347456586828704
0.00059680704258209538
0.00058226152179188416
0.0005692614219139023
0.00055608613058684528
0.00054411589543855703
0.00053157986760341838
0.00051888062824443325
0.00050995025148450434
0.00049890260360395042
0.00048793050349700399
0.00047691924888600563
0.00046631089096592902
0.00046019646574984126
0.00045009078529414514
0.00044015161572306298
0.00042988567141815249
0.00042006044236426277
0.00041046646371799706
0.00040573902906585125
0.0003962519772311792
0.00038660490121811974
0.00037663661376107025
0.00036728188564253642
0.00035817451480103319
0.00035364755321723663
0.00034454470768670287
0.00033538394315962578
0.00032613778183765148
0.00031670804573497176
0.00030735999203084251
0.00029820980345828544
0.00028916079770958589
0.00028020360386278738
0.00027129474070944392
0.00026246374120623452
0.00025375568720971582
0.00024515421702451281
0.00023672094072199051
0.00022845489783823641
0.00022053303395682165
0.00021287243654155536
0.00020535784272391214
0.00019807855277018246
0.0001910195579177756
0.00018420889396228969
0.00017758755054550336
0.00017118341529103389
0.00016533990917750371
0.00015974346125238717
0.00015435948066207228
0.00014918123096872263
0.00014220828923811358
0.00013673610385958254
0.00013143095089978077
0.0001262990829185706
0.000121854732824227
0.00011780171406867198
0.00011379916823232576
0.00010984247433239007
0.00010232159954591564
9.818778030487734e-05
9.4185329453910896e-05
9.1092869572591926e-05
8.8640843961027628e-05
8.6218302599984573e-05
7.8677983055805778e-05
7.5649482651945896e-05
7.2790020660831227e-05
7.1506205956594989e-05
6.9684853741922974e-05
6.1204683836168402e-05
5.552308685568267e-05
5.2584368952154923e-05
5.2238388317239126e-05
5.5880834011238123e-05
5.7996654901926009e-05
5.2256776025430523e-05
4.5288805081453832e-05
4.5084193651610058e-05
0.00090756983086366855
0.0008787999915534808
0.00083196656867652922
0.0008020404910082942
0.00078704754840521504
0.00076181170546555971
0.00073291713243332573
0.00070223630041827442
0.00068134592198132893
0.00067789470246034137
0.00065734431302034145
0.00063220749955260184
0.00061643413737755932
0.00060040065802520459
0.00058711222273248207
0.00057439957216063849
0.00056189364309117075
0.00055011479874251677
0.00053830467879165415
0.00052610630436713635
0.00051775492450201362
0.00050728055936356115
0.00049651148172861711
0.00048591383053403091
0.00047557030608590616
0.00046977388093942676
0.00045987582482280825
0.00044988386485014759
0.00043970017359143892
0.00042998623396081338
0.0004205257691914449
0.00041601694145772158
0.00040646972250491138
0.00039648274144602169
0.00038660580294512569
0.00037723799640641126
0.00036805518836353354
0.0003635932913204047
0.00035425793842332182
0.00034482802642012307
0.00033524525871894397
0.00032540656162193855
0.00031598553002464789
0.00030677269145284878
0.00029752615359801603
0.00028831020380414962
0.00027913557892956695
0.00027000153259828456
0.00026090930096856732
0.00025190827745153398
0.00024307277442003761
0.00023446352168385383
0.0002260106132010161
0.0002177728310925886
0.00020981903630974843
0.00020204462303289594
0.00019444680816616274
0.00018707414820355595
0.00017989192606357302
0.00017305397508594718
0.00016647057049079821
0.00016014558479504983
0.00015402568866030968
0.00014810472586322738
0.00014218390290254574
0.0001362017306513826
0.00013031968095427498
0.00012460553513998098
0.00011960975831847992
0.00011460775798507927
0.00010972001825001704
0.0001034236555990819
9.844794276443984e-05
9.3660264747919003e-05
8.9012973694056529e-05
8.5199336105550613e-05
8.1692309749578583e-05
7.8248900460869687e-05
7.1473346078187915e-05
6.7758541190478754e-05
6.4500548780930565e-05
6.2481662061139446e-05
5.9413557798381379e-05
5.2609563363008381e-05
4.7771109203502978e-05
4.5458156819222495e-05
4.5898248402467717e-05
5.0805921520237504e-05
5.4137202066588288e-05
4.8497196496614979e-05
4.0600412100100556e-05
4.0170261434946537e-05
0.0009067850968734329
0.00087201344191121556
0.00082739682590077072
0.00079958023652426104
0.00078781828957742294
0.0007606164039356887
0.00073009474163603864
0.00070101550384385903
0.00068200754581067323
0.00067967841294671596
0.00065931827013779114
0.00063261443391978366
0.00061902477751647647
0.00060416854518039657
0.00059141847504975509
0.00057928509760561946
0.00056796926499416451
0.00055669519095235512
0.00054556951566342915
0.00053690845694908545
0.00052606569094182105
0.00051574600759636861
0.00050523721286334605
0.00049538453720766743
0.00048997321399669492
0.00048011821695045546
0.00047032265657394562
0.00046010523997600878
0.00045045541687688197
0.00044087066173212173
0.00043650071033317042
0.00042705319462853192
0.00041731929722560782
0.00040705361141415611
0.00039741945335445086
0.00038800524064062361
0.0003834666241012827
0.00037397862369070679
0.00036438465013441623
0.00035453553066267516
0.00034453898097571898
0.0003348307118018392
0.00032528982159058087
0.00031582452122076363
0.00030633951888376059
0.00029685472165406158
0.00028740499246692955
0.00027800790138501354
0.00026863777316168193
0.00025934541651119589
0.00025018824782200758
0.00024124002966178579
0.00023247427606213453
0.00022387706674690741
0.00021547718440113238
0.00020730386614953037
0.00019932475317931437
0.00019156616066745135
0.00018404690015098662
0.00017676496612752392
0.00016972118148536597
0.00016290894099786041
0.00015629518981717736
0.00015097263121565307
0.00014443047592825722
0.00013796604894277572
0.00013152428964061048
0.00012543054824190226
0.00011962970681996717
0.00011399875678065387
0.00010851849118687814
0.00010287576332159267
9.745602869338897e-05
9.21954453947311e-05
8.7109348585846124e-05
8.2428955566232536e-05
7.7862528649817723e-05
7.3342655642816707e-05
6.68399372359539e-05
6.2297603555698086e-05
5.8040429173101103e-05
5.5009769076612292e-05
5.1585642225752635e-05
4.5874045519749396e-05
4.0838241430613549e-05
3.8661957660224289e-05
3.9719605490495989e-05
4.5810417277337233e-05
5.1549587636942853e-05
4.3548900101436579e-05
3.5815641151596267e-05
3.5296255581600997e-05
0.00090239391364504117
0.0008668407422364017
0.00082354340241051652
0.00079722579118365628
0.00078683296084347673
0.00075748717661149436
0.00072796505996385822
0.00069987086456243218
0.00068163204670742931
0.00068424055500822462
0.00066001033732511298
0.00063305568024148292
0.00062240738046663493
0.00060775937744199729
0.00059580252106472542
0.00058457281332752664
0.00057435585680613659
0.00056379981744604491
0.00055352343023848415
0.00054562856888796185
0.00053509348919235182
0.0005248412743619886
0.00051525673203927313
0.0005106114014603166
0.000501130265049838
0.00049134868852770345
0.00048126680692788616
0.00047169431087880722
0.00046219948517326099
0.00045793500767723664
0.00044839090360622165
0.00043848765784026641
0.0004281657111185133
0.00041844533140228271
0.00040887289660447411
0.00040404985759802023
0.00039428362524701746
0.00038448470399990599
0.00037434170371852815
0.00036402697316172648
0.0003541060886221795
0.00034432572595810047
0.00033457007842965954
0.00032488935358964213
0.00031516799538938191
0.00030872700634397245
0.00029890073921253992
0.00028913033072367833
0.00027647968808545802
0.00026692593759633152
0.00025748135996016508
0.00024824264419340535
0.00023918945841123099
0.00023032971149066639
0.00022164026720983347
0.00021317758076295161
0.00020491181933416161
0.00019687598236285686
0.000189072800672174
0.00018149602486242881
0.00017414126105030526
0.00016860843266999843
0.00016147794851444324
0.00015448027270590587
0.00014754897622113749
0.00014066924645513032
0.00013395492646317464
0.00012752149530903878
0.0001212680777745501
0.00011521343830589106
0.00010966742903552913
0.00010374013671759916
9.7965355618119141e-05
9.2348535318187568e-05
8.6735232211099527e-05
8.1247445598752426e-05
7.5887142740166936e-05
6.9815658592250785e-05
6.4431934532054451e-05
5.9314163716064754e-05
5.4344978707376868e-05
5.0489759975624035e-05
4.6698448959401725e-05
4.1451646751108161e-05
3.561834531450246e-05
3.2524261769140139e-05
3.3806277824892061e-05
4.0388624551566734e-05
4.4942233588400763e-05
3.7573946368829576e-05
3.0757642848441604e-05
3.0502069932282997e-05
0.00089596447354032692
0.00086224827620304907
0.00081661192000936792
0.00079498121249233921
0.00078396873939487618
0.00075159760716764429
0.00072423057257874101
0.00069614347577160937
0.00067897980682524281
0.00068019122526992025
0.00065336425361399355
0.00063256718499478577
0.00062312552557457928
0.00060999597738224502
0.00060022635859999912
0.00058967802262709752
0.00058039943560682036
0.00057431807731919346
0.00056537105005423848
0.00055458752138679707
0.0005445957396821089
0.00053548628482291856
0.0005309717222964454
0.00052200034817951593
0.0005124112633906004
0.00050293355732649052
0.00049354843409541978
0.00048916938085321021
0.00047976707026859626
0.00047005910521704828
0.00045974298759921716
0.00044956662984055567
0.00043976961662560275
0.00043438259640413639
0.00042447848851624883
0.00041442093150673582
0.00040412470669000438
0.00039357037172898005
0.00038331243236716775
0.00037318625152964115
0.00036309539481518615
0.00035571290772833325
0.00034562877883365654
0.00033563254211675393
0.00032554110003684241
0.00031546718441852428
0.00030543863909098109
0.00029548591624647789
0.00028559312588193438
0.00027584611381176313
0.00026623308525406883
0.00025673162117559838
0.00024738293767452677
0.00023642865263826931
0.00022750206439288881
0.00021881905245709046
0.0002103329336324201
0.00020207921701924391
0.00019404602347821746
0.00018761032078210295
0.00017988717415154767
0.00017232110585353451
0.00016489594113162719
0.00015761438260955866
0.00015032459061802833
0.00014323985009688755
0.00013636085767331616
0.00012967856481437083
0.000123445373298643
0.00011703014467719456
0.00011073290070928866
0.00010460191407295793
9.8611872510485582e-05
9.2685481748049382e-05
8.6774272287231194e-05
8.0917865134880995e-05
7.5120806442913315e-05
6.8923033605908303e-05
6.3244493800352245e-05
5.7798181446893004e-05
5.2526954498195121e-05
4.7925943381223318e-05
4.3782012842603902e-05
3.8519920962444674e-05
3.2014057983837853e-05
2.808005956467241e-05
2.869690277002918e-05
3.4148566414042092e-05
3.7247886033498135e-05
3.4270471742233827e-05
2.8064815627710263e-05
2.8185814591080491e-05
0.00088461438437863963
0.00084871376123877597
0.00081011491400359787
0.00078145506720490128
0.00077024739158703791
0.00074467405967197392
0.00071700794552289617
0.0006820116670529289
0.00067454192002601703
0.00067260315234744339
0.00065087160618672118
0.00063265496290173932
0.00062177209893188822
0.00061224977685079315
0.00060456857487215031
0.00059579230940394717
0.00058952863280343473
0.000582067951231086
0.00057357920612967947
0.00056403071024577211
0.00055908655266611392
0.00055058629825724143
0.00054160176220634118
0.00053243798569577703
0.00052365537760655381
0.00051906749286963856
0.00050980853276967012
0.00050031059351701604
0.00049028223602247411
0.0004803586250007203
0.0004704215441356873
0.00046386776795303924
0.00045393857990112216
0.0004437128468063783
0.00043312960769981146
0.00042221571430673841
0.0004116062715170395
0.00040115134620335969
0.00039088964042286692
0.00038178711600046338
0.00037130444637978528
0.00036086776060968652
0.00035047293769449643
0.00034007273201798818
0.00032970678787317553
0.00031950805174965678
0.00030951946973800659
0.00029937818326350441
0.00028934711762142304
0.00027952316778360591
0.00026982822111045146
0.00026026339788701083
0.00025083897224351787
0.00024159831670202738
0.00023255340933631932
0.00022370517470148853
0.00021502724670013437
0.00020657261994563091
0.000198273684017705
0.00019017787987515752
0.0001822586908417218
0.00017455147745796417
0.00016679112256390288
0.00015919743219562993
0.00015178093832579476
0.00014457969834501369
0.00013750323584400351
0.00013016261470951638
0.00012343894656018811
0.00011693200410216121
0.0001105817958606611
0.0001043417048550427
9.8135818472980249e-05
9.2149385518911392e-05
8.6163041775826052e-05
8.0190596611945424e-05
7.3490764331333457e-05
6.7721330453190037e-05
6.2040399598648044e-05
5.6581618991913274e-05
5.1109919369041998e-05
4.6128875883545125e-05
4.1733880969078851e-05
3.6144722694881679e-05
2.9295698166176927e-05
2.4962648099550354e-05
2.4669208438634724e-05
2.7400532449510699e-05
2.9638261430046329e-05
2.7396290854285829e-05
2.2489135784795796e-05
2.4804954926023934e-05
0.00085562836772904566
0.00081828081975556227
0.00078043363325749307
0.00076853058365890605
0.00076122993387556389
0.00072136580145400479
0.0006948246310987448
0.00067326601520004831
0.0006646261177255914
0.00067101562210703132
0.00064131759519355381
0.00062567094410920666
0.00062172654517857336
0.00061467320045140671
0.00060874501189946367
0.00060145875015298457
0.00059555369906614706
0.00058955267211685449
0.00058452340005092868
0.00057609169606595806
0.00056785164816077513
0.00055974441001406788
0.00055439544531051313
0.00054629235357603486
0.00053793494607142574
0.00052859846638602065
0.00051833793752528484
0.00050865846810490189
0.00050046706233445551
0.00049059485441914569
0.00048052207938441315
0.0004701333461829564
0.00045909206398303022
0.00044831761976301391
0.0004375339766398297
0.00042565868678326224
0.00041472350990258482
0.00040398198229510233
0.00039324306773981884
0.00038262895494826379
0.00037192586976467359
0.000361047351819455
0.00035024318803587363
0.00033954322989935019
0.00032897703780262154
0.00031861111380788142
0.00030840112894196727
0.00029835473177641005
0.00028851759301797681
0.00027885348143012734
0.00026931042149930761
0.00025989427850842416
0.00025060698355440324
0.0002415634907003044
0.00023259017303513751
0.00022382616441904286
0.00021511540831179002
0.00020652034925013258
0.00019807721975210511
0.00018981943716758003
0.00018167258702886781
0.00017373230847222098
0.00016590734515934907
0.00015824131380056452
0.00014907195679662925
0.00014184924313155896
0.00013482864162181262
0.00012804144550885308
0.00012147425900045313
0.00011496663940866615
0.0001084603824517183
0.00010211807090320301
9.5956514172852313e-05
8.9954716552220065e-05
8.2531864790926179e-05
7.6764764885343525e-05
7.1114968578978385e-05
6.5507417321097528e-05
6.003392509715517e-05
5.4616780281748082e-05
4.9236177458187753e-05
4.4241183777596702e-05
3.9797725825081399e-05
3.4347270754571197e-05
2.7093982731748788e-05
2.236277903683043e-05
2.0883149905839054e-05
2.2308401668573294e-05
2.3924649769324551e-05
2.1759315511196765e-05
1.7631265180050157e-05
2.6823520126301567e-05
0.00081215269954856622
0.00077521174932152642
0.00074408580175130241
0.00073640127590205481
0.00073326283826129852
0.00070549225329700799
0.00066399231892194654
0.00064794413265955306
0.00064686194544347968
0.00066310386315443645
0.0006358189888725223
0.00061565717348133361
0.00061664583634780902
0.00061162799924999742
0.00060701098935994732
0.00060371867607400239
0.0006012858390879363
0.00059586510875120824
0.00058976123721119964
0.00058139171067310533
0.00057391332846868824
0.00056641301255667487
0.00055871459229916954
0.00055043692684161611
0.00054009085006439346
0.00053105158794230286
0.00052212635333935943
0.00051281047570348652
0.00050222175707362565
0.00049139689027891998
0.0004802010290085733
0.00046900679963258714
0.00045434271257441922
0.00044334066613860551
0.0004324685988900462
0.00042171239052946936
0.00041044124506604341
0.00039904930915772026
0.00038771787755450301
0.00037660541044108814
0.00036556967263441805
0.00035442953527651871
0.00033839400523149726
0.00032779031128639489
0.00031737298833066629
0.0003071991166970732
0.000297205911781086
0.00028736873115645892
0.00027777431804615647
0.00026831515389402299
0.00025904606245526142
0.00024993080148049513
0.00024509782608321795
0.00023622036097961543
0.00022746897138060433
0.00021878905195933806
0.00021023332461536941
0.00020178715034735982
0.00019344393563946335
0.00018190311312968167
0.00017392536585415449
0.0001660934525087078
0.00015850441858546359
0.00015110276299722241
0.00014398134312961733
0.00013704844330921607
0.00013025853250914823
0.0001234638200064122
0.00011685626598583788
0.00011033740544331648
0.0001040099459415843
9.7771095579777975e-05
9.0011166123233878e-05
8.4387494712872952e-05
7.8996648061626621e-05
7.3536857702494133e-05
6.8134509058731063e-05
6.2669561884831637e-05
5.7701641365046042e-05
5.2713160218783175e-05
4.7795862154202643e-05
4.3190822637015621e-05
3.9171948220498148e-05
4.1838661333756965e-05
3.3978231294327101e-05
2.5421747796266427e-05
1.9743070879485458e-05
2.3571315415101273e-05
2.7493081803888773e-05
2.5809192823988994e-05
1.9119871220739101e-05
5.6062838707686126e-05
0.00074680217548869516
0.00071054305581044861
0.00068518611243190369
0.0006836131770992423
0.00066160355615753797
0.0006360330816703204
0.00061838970457229233
0.00060697019254237709
0.00061225770383782131
0.00062989935533563446
0.00059870707471085358
0.00059342103979711082
0.00059863140922636728
0.00059838039520322423
0.00059392158131955626
0.00059332440981843418
0.00059367211027977842
0.00058974903471645278
0.00058413046373681282
0.00057072220144182965
0.00056463395516392423
0.00055832068261433328
0.00055035925899477956
0.00054219557018977699
0.00053379389940671779
0.00052450144913115753
0.00050800749708488453
0.00049773412893069848
0.00048747037742051909
0.00047707782827705416
0.0004663636281324012
0.00045533484786357942
0.00044415298540261163
0.00043287204675459016
0.00042138402940178853
0.00040309913632545643
0.00039163654314953045
0.00038044573608670155
0.00036948461133417643
0.000358563065980835
0.00034774009266548843
0.00033727403475293825
0.00032701820389532694
0.00031662614083790511
0.00030635847143909876
0.00029620954992398175
0.00028636910430067999
0.00027672702483881779
0.00026726805943216988
0.00025792915748487736
0.00024876733104981842
0.00023969686299096793
0.00023084627605766064
0.00022218617410662281
0.00021370177785391074
0.00020528804302505767
0.00019709997183058454
0.00018900907075185741
0.00018116657561652316
0.00017344676598440856
0.00016600011601412777
0.00015859924931011933
0.00015141226070988277
0.00014431204011593158
0.00013742719004014966
0.00013064254198726831
0.00012407748493429953
0.00011762112952832003
0.00010921979827810642
0.0001038156456697643
9.8633896143615141e-05
9.3502020111258565e-05
8.8476616398467232e-05
8.33588007852399e-05
7.8074970580551474e-05
7.3490784283553414e-05
7.0122377558390467e-05
6.6957861034889522e-05
6.4227683281298302e-05
6.2002101365854357e-05
6.0528727378394211e-05
6.0126667284042698e-05
8.2507150456304169e-05
8.4845313470200418e-05
8.2805520249810318e-05
7.0071994638210458e-05
5.7866931456374004e-05
5.9087327827000991e-05
6.7428600122913812e-05
6.2609990874700253e-05
4.6821038824709199e-05
0.00016947465518298574
0.00059543906184371419
0.00056788367834774748
0.00055886760242763154
0.00056263926162442631
0.00057001511723998725
0.0005208258035934942
0.00051439879033381381
0.00052068560086822595
0.00053639069430850769
0.00056184329140571349
0.00054714795666544315
0.00055014934248808747
0.00054613885990704232
0.00055296767085474775
0.0005628567305393517
0.0005634624345589609
0.00056345383350666462
0.00056094400672713292
0.00054398561514142627
0.00053871736684758028
0.0005338053780966673
0.00052937977941062454
0.00052297201992043847
0.00051568386539336988
0.00050768341673240042
0.00049861017705374149
0.00046755006465049422
0.00045794937783790926
0.00044854789803835173
0.00044005058301385035
0.00043252011977423961
0.00042634944223364572
0.00042231776751577854
0.00040403456110770555
0.00038790379473590625
0.00037227325462440663
0.00035706120485182191
0.00034224829882002707
0.00032796253443381762
0.00031404315041493633
0.00030066357661959892
0.00024457530872961899
0.00023469150636144337
0.00022577887389055746
0.00021771864068393699
0.00021044191575106475
0.00020393399381400085
0.00019805444325161599
0.00019271543794632896
0.00018778827528637953
0.00018318325748253758
0.0001788017760639384
0.00017450178596793204
0.0001911656683409578
0.00018490476794218679
0.00017845861098910151
0.00017187295036413447
0.0001651647444072296
0.00014611918139745484
0.0001411236535887482
0.00013629909258371092
0.00013168921026000008
0.00012736530312691067
0.00012331788643110496
0.00011954699124131899
0.000115986037955552
0.00011259177144301004
0.0001092697112481434
0.00010592323178327365
0.00010188450687564909
0.00010144534127866185
0.00010133033794696133
0.00010134437212960939
0.00010156450799614665
0.00010205594280557673
0.00010284406410933253
0.00010392457324244974
0.0001052895332553739
0.00010701636390200457
0.00010924355423654694
0.00011214317352959322
0.00013470196271666145
0.0001409493859966406
0.00014712427811077703
0.0001493434694589386
0.00014648265188252916
0.00014337724022040713
0.00014088795048019525
0.00014043832197785378
0.00014144122542347759
0.00013884305371902883
0.00042767013655975461
0.00032798830857661487
0.00032378227892307805
0.00033866060524719098
0.00034241708091103549
0.00035402435767836266
0.00032730003433624553
0.00034023664959183307
0.00036841346403348243
0.00041936765791641733
0.00043647591928427877
0.00043464028610086015
0.00039639665922455367
0.00039639673649222889
0.0003963307311941596
0.00039688405717266815
0.00039788626882724775
0.00039784564566990813
0.0003935582995936663
0.00038643154440953158
0.00037710237851200389
0.00036617024523383809
0.00035390675526859058
0.00034076144717596702
0.0002426971981406623
0.00023013108307311133
0.00021857242194847155
0.00020790972545695082
0.00019803845463670102
0.00018888737565157427
0.00018044428106832701
0.00017272792288579737
0.00016574984901193544
0.00015952069753748076
0.00015404156918853688
0.00014925481809768826
0.00014752097290567765
0.00014541166434295
0.00014310281481272314
0.00014074260393397002
0.00013842411130522058
0.00013621435978510636
0.0001341582568210336
0.00013228867172763805
0.00013062836689742958
0.00012918695646305052
0.00012796723863317595
0.00012696427879192824
0.00012616626539077447
0.00012555731589396167
0.00012511670332403143
0.00012481917002680955
0.00012463983003938736
0.00012455271970861516
0.00012453031319806717
0.00012454531308057269
0.00012457314266747536
0.00012458705391217136
0.00012457045390845339
0.00012451379289762045
0.00012441947847940246
0.00012429868150876338
0.00012417353162948736
0.00012406844816011901
0.00012400931295659831
0.00012401628720839296
0.00012410883363492818
0.00012429760057020903
0.00012459649861966743
0.00012500762901334939
0.00012553710202396911
0.00012618595074509893
0.00012696121386507155
0.00012786808218103924
0.000128929732974695
0.00013020180104247016
0.00013489293496124822
0.00013720018636209226
0.00013973327924366729
0.00014245005509386951
0.00014530185641076462
0.00014820415411154973
0.00015114119489933632
0.00015499363430511594
0.00015996594027199365
0.00016184604937009091
0.00016493082422633338
0.00017316586898744537
0.00019043069829082195
0.00021783481015442036
0.00023943808310476493
0.0002512631198951235
0.00030594132852372727
6.6826246910350334e-05
6.7060948906967825e-05
6.6641878192657308e-05
6.884291896370597e-05
7.3226522475592935e-05
7.6675391366402048e-05
7.8293011090108016e-05
7.8576164261988683e-05
7.7879873299683698e-05
7.706829712165199e-05
7.5336593265763283e-05
7.445800483528488e-05
7.6537397306388583e-05
7.9679237095933307e-05
8.1582849573676796e-05
8.4766095287228325e-05
9.2502266346952336e-05
0.00010388021329527664
0.00011539670385531082
0.00012681755924343836
0.00014270014172763654
0.00016558451642423948
0.00019116796912553924
0.00021323695029119871
0.00022786780971290323
0.00023012738295012989
0.00022802559545883873
0.00022569444822608271
0.00022318532383435553
0.00022065827165869103
0.00021807730638828346
0.00021528271098450886
0.00021235362667769981
0.00020933332431436835
0.0002062250077236343
0.00020300524051887375
0.00019978077032097486
0.00019653325565755135
0.00019336874123388335
0.00019096372639187465
7.2601506469994516e-05
7.3670883366743487e-05
7.3905274298658702e-05
7.6867600500101732e-05
8.2359348147732081e-05
8.7204899901353495e-05
9.033925351092497e-05
9.1659508489349285e-05
9.1278349321352026e-05
9.0220891809753663e-05
8.9056367020039247e-05
8.8954059749144803e-05
8.9854661451128296e-05
9.1045389479517261e-05
9.2751342733508559e-05
9.6671318604954563e-05
0.00010368222659898034
0.00011267128658665791
0.00012230086831745574
0.00012825918343551258
0.00014380571646702177
0.00016606778824014841
0.00019132079611106136
0.0002132088599760802
0.00022844475338168344
0.00023056827621114917
0.00022841780575936956
0.00022605342066815446
0.00022351642970908189
0.00022099991248684871
0.00021842561411404083
0.0002156392788664863
0.00021270266039952841
0.0002096940576859091
0.00020661154759454359
0.00020344451785981774
0.00020026541630725463
0.00019706747482858223
0.00019394669501435403
0.00019151824356952089
7.6522595958659345e-05
7.8176541137509048e-05
7.8712681781560679e-05
8.2435992820790321e-05
8.8970762733526509e-05
9.5291161715598249e-05
0.00010005316756971446
0.00010234171225656476
0.00010298836111952852
0.00010229098180450534
0.00010172057784614032
0.0001022477187586935
0.00010198828066603203
9.6139077754191725e-05
9.8323068257940953e-05
0.00010371170641859247
0.00011091972459790258
0.00011849521955067331
0.00012707089639269468
0.00013798821464347554
0.00015293976633335064
0.0001714838186585462
0.00019191944504476347
0.00021183661595360783
0.00022904702256469698
0.00023532152762709455
0.00023322688921537349
0.00023047414330233692
0.00022771207132179486
0.00022506266401749089
0.00022237928011167968
0.00021956979250647323
0.00021670308034310077
0.00021378090370841147
0.00021077539624752694
0.00020767525241882238
0.0002045517856269401
0.00020138789512519296
0.00019828951559206149
0.0001956172724983373
7.7708587167916931e-05
7.9554998307020212e-05
8.1486971210502644e-05
8.5857255665547328e-05
9.2584053716124586e-05
0.00010045853652024726
0.00010699726001212481
0.00010910580535512971
0.00010955774107670896
0.00010983096536441116
0.00011043343880834574
0.00010577945735492912
0.00010486657655045637
0.00010435175509857662
0.00010759978448840833
0.00011452043764101689
0.00012195031441479578
0.00012831392154875025
0.00013687357822805065
0.00015088053867856602
0.00016771462105680257
0.00018415259666027867
0.00020064513201676704
0.00021984510616259736
0.00023692713041211514
0.00023644957131591953
0.00023351758927879894
0.0002306338124173091
0.00022794006564131532
0.00022533775545685591
0.00022261614241996604
0.00021979931079474998
0.00021700283208351474
0.00021419460508470054
0.00021134061110119381
0.00020840711512120391
0.00020549819025965986
0.00020255216978701102
0.00019969922330399667
0.00019712731284685773
7.933250542514994e-05
8.1303192740581759e-05
8.4374187289785232e-05
9.0566475039656767e-05
9.7054040221743114e-05
0.00010458287530834211
0.00011265389355533093
0.00011596879560804612
0.00011571838402465481
0.00011252272319286875
0.00011430169011744832
0.00011520121003705131
0.00011365322525963097
0.00011361076793049318
0.00011878964742977406
0.00012688706425226855
0.00013338770762619606
0.00013877415573363241
0.0001482391171925741
0.0001646324809163106
0.0001824329269305728
0.00019815708250267637
0.00021259258889608869
0.00022651545552418355
0.0002347732658658387
0.0002329461052442521
0.00023006286995407965
0.0002271881305105754
0.00022448683052044368
0.00022186687551082696
0.00021916275638962984
0.0002164149047933529
0.00021371330949445611
0.00021101531926898736
0.00020824434574430673
0.00020537820706270261
0.00020256748326862606
0.00019974296667194937
0.00019706035246246049
0.00019485226258258423
8.0442284332496648e-05
8.2692660850751685e-05
8.6964241537446175e-05
9.4008442221975847e-05
0.00010134659738365609
0.00010972491203614137
0.00011779411631434969
0.00012177601095139462
0.00012233369284803737
0.00011950749657100948
0.00012250596296635034
0.00012503889784005792
0.00012404854548668951
0.00012389797050114826
0.00012961113862301643
0.00013911727588268087
0.0001472496546603371
0.00015361167333480567
0.00016286903219261687
0.00017857523760626286
0.00019633035923980851
0.00021160255335361881
0.0002225270679035271
0.00022974852842346199
0.00023306929898896556
0.00023130999752724442
0.00022846219497170823
0.00022560691081940901
0.00022290947543968765
0.00022027492680784354
0.00021756607691079103
0.00021484178961906364
0.00021217995920232803
0.00020952171251730661
0.00020675952141963326
0.0002014279108693853
0.00019871941503344533
0.00019601279182288603
0.00019349582443556893
0.00019159000801580064
8.0959798379125393e-05
8.3442727029035179e-05
8.9398809364016698e-05
9.7624076720153897e-05
0.00010410739369527927
0.00011422381760680314
0.00012352430146018382
0.00012679663748032825
0.00012495087776913345
0.00012739983288381041
0.00013148396767343975
0.00013456710875645936
0.00013441490185263447
0.00013567768019878549
0.00014314522861320171
0.00015373704526291135
0.00016160048889059624
0.00016819938925548931
0.00017864332299415673
0.00019442564215423007
0.00021067478529624361
0.00021682932792606803
0.00022567349811091771
0.00022996513316569123
0.00022904145197419351
0.00022634961420497574
0.00022352390351402214
0.00022072943519169707
0.00021809734606653686
0.0002154952011724845
0.00021283294588855001
0.00021020446555343594
0.00020765187798220492
0.00020510285344071635
0.00020247773872091837
0.00019975499405713122
0.00019712459516844761
0.00019448204283413896
0.00019204090092176087
0.00019008621994734588
8.0495254655303729e-05
8.352681971887855e-05
9.1181087555654804e-05
0.00010114930052327979
0.00010668659511179998
0.00011755804744735318
0.00012863629242312074
0.00013193048761592165
0.00013053577812331828
0.00013563154411777199
0.00014175212396927742
0.00014469399588022843
0.00014473639392153105
0.00014821928908970045
0.0001585276544302705
0.00016967333501624333
0.00017705195350264867
0.00018333822178851812
0.00019431026744401932
0.00020122516508712602
0.00021655755560732743
0.00022569083608899927
0.00022787071733151279
0.00022617025820446628
0.00022358835470971496
0.00022090018200449115
0.0002180836529815811
0.00021537605201516537
0.00021284366566292338
0.00021028629901715366
0.00020767148759628419
0.00020513825554380465
0.00020271375395660498
0.00020029318511210494
0.00019779854904085123
0.00019521489774865995
0.00019276382016089234
0.00019028525025155998
0.00018804468562230476
0.00018631960038411179
7.9228212821636461e-05
8.3087916628967823e-05
9.2440795655843026e-05
0.00010352144500993529
0.00010963456588797271
0.0001203399870144844
0.00013247918890356257
0.0001368661817172037
0.000136637298945698
0.00014395389026426028
0.00015231472799094142
0.00015545630053647924
0.00015604937558782149
0.00016216328367590904
0.00017499978963638686
0.00018594448000626193
0.00019267280157199738
0.00019849783867289993
0.00020099586642300174
0.00021486040886256643
0.00022462978015930769
0.00022506616028859916
0.00022255437742300046
0.00021995250446492826
0.00021736381822256667
0.00021458782027729322
0.000211672587503748
0.00020899552493333279
0.00020657630358816539
0.00020408925022781098
0.00020155801102387806
0.00019911829288513008
0.00019677677580710705
0.00019447669739855404
0.0001922029044294684
0.00018980896817244984
0.0001875293305456489
0.00018519868134156989
0.00018316722992465332
0.0001817139109394732
7.7225890883077507e-05
8.1366264080373529e-05
9.3421421232928366e-05
0.00010482175724510839
0.00011099319817731157
0.00012315807233372517
0.00013577059059950128
0.00014144505614108912
0.00014339100333436372
0.00015253460685988283
0.00016259095500907819
0.00016728978719276493
0.00016928226401970525
0.00017708675340615329
0.00019070787856802262
0.0002012522717548867
0.00020626265622592671
0.00020957263951417772
0.00021225365782224156
0.00022009088776062357
0.00022067901096632189
0.00021794923410108698
0.00021491015571646044
0.00021234713333750932
0.00020989807770050708
0.00020698257374918722
0.00020387924683869645
0.00020116404816798594
0.00019875439928562086
0.00019618527976710101
0.000193566870256191
0.00019113691298408366
0.00018887776223293785
0.00018671481944451264
0.00018451996262838812
0.00018224413791606119
0.00018025833550903628
0.00017828435476897493
0.00017658283567224551
0.00017554045741415008
7.4700939017253832e-05
7.9466357649448348e-05
9.3524533626283848e-05
0.00010598590081242432
0.00011165257481126905
0.00012477141000508964
0.00013911484630656167
0.00014610002750645718
0.00014974207967927828
0.00016183448602458418
0.00017363413018846983
0.000179157449602445
0.00018270262222575505
0.00019288993416246552
0.00020474930470017498
0.00021011197033465848
0.00020989233619436352
0.00021157728138719131
0.00021399981458717089
0.00021426704496556401
0.00021195548203259814
0.00020859573495761325
0.00020550097819437837
0.0002031282028350998
0.00020071568003324545
0.00019774390458279184
0.00019462374466624598
0.00019189301217411174
0.00018936273815348454
0.0001866450942128923
0.0001839612456422856
0.00018149346154415383
0.00017919473116494004
0.00017702548179337091
0.00017477666820168997
0.00017237793689651597
0.00017028623162128624
0.00016828281096707945
0.00016693413680611812
0.00016664584457887308
7.1693503916058369e-05
7.7246173484718777e-05
9.2852138474259089e-05
0.00010671149402346037
0.00011290455504880966
0.00012560743266631471
0.00014202477811762245
0.0001520271694886062
0.00015637728231585258
0.00017022459613429244
0.00018586507483212751
0.00019269315204677382
0.00019594311015680432
0.00020381986265171563
0.00020444701168459209
0.00020438692525536804
0.00020270090844755537
0.00020663841845258566
0.00020573825810051412
0.00020410401007034824
0.00020136649254709482
0.00019792829917166812
0.00019512839171903425
0.00019284081847396919
0.00019036845806316523
0.00018738788549448591
0.00018436633910396541
0.00018168010483336512
0.00017904199816532528
0.00017621868822649512
0.00017351051564635053
0.00017102673049351131
0.00016871349077958881
0.0001665276814994742
0.00016420812851809203
0.00016169335410864507
0.00015948866797332149
0.00015736189314811239
0.00015598923938585859
0.00015616842504948339
6.8308167257920239e-05
7.475234908308494e-05
9.1704942960549841e-05
0.00010725913928934171
0.00011328839693337451
0.00012676520591594644
0.00014476078394479202
0.00015860660055056646
0.00016521230656809662
0.00017845749189962092
0.00019386956196336573
0.00019891742491603734
0.00019776906992774457
0.00019548136148152557
0.00019411921309053101
0.00019268815367708535
0.00019734113862491983
0.00019605716454262586
0.00019469668137453918
0.00019279447865071714
0.00018976412827253586
0.00018666319203953569
0.00018407304841347414
0.00018183660271985349
0.00017934703365729223
0.00017643273789244969
0.00017355074202612451
0.00017092190551360495
0.00016822092915953158
0.00016536083751915668
0.00016266499993714765
0.00016018888674823779
0.00015789226228588054
0.00015571873833440875
0.00015335845352209852
0.00015076694338536713
0.00014849321101824441
0.00014629806890428286
0.00014494368020805009
0.00014549393107008782
6.4658782646374212e-05
7.2047355523978932e-05
8.9954870726348025e-05
0.00010638940233723624
0.00011367089664973657
0.00012870909194116751
0.00014771368094730538
0.00016197967255052967
0.00017463704923863634
0.00018341973188939139
0.00018764638970304278
0.00018664105458906854
0.00018474469359632656
0.00018311196295909548
0.0001818306308807288
0.00018058972842346002
0.00018556801099141638
0.00018434539864377211
0.00018293742141561506
0.00018087736605215912
0.00017780111871688794
0.00017493938419023354
0.00017254998539779659
0.00017039050640653967
0.00016794052599951214
0.00017110440507666735
0.00016830627778613157
0.00016569978194092211
0.00016297940390230285
0.00016011672058707826
0.00015163483874773467
0.00014919114931483224
0.00014693564148603232
0.00014480077231099911
0.00014243945217694599
0.00013981888877911603
0.00013752457377326708
0.00013530530494608716
0.0001339859925686821
0.00013472890741852799
6.0845965112355801e-05
6.9194264221970192e-05
8.7829924618015049e-05
0.00010478988236628779
0.0001141186438319477
0.00013099151081182454
0.00015113773227324199
0.00016630669011145135
0.00017488688203221579
0.00017596988487787393
0.000174658731118855
0.0001732581209249408
0.00017179211676169304
0.00017047825925940616
0.00016936742733330426
0.00016823192484333369
0.00017335078720549812
0.00017217558372768988
0.00017073942324005937
0.00016857227965666948
0.0001655901543339006
0.00016296538765974311
0.00016076131304628195
0.00015868428246883169
0.00015630373112559821
0.00015955005242848622
0.00015687598487402964
0.00015432698055614671
0.00015162705965374594
0.00014882969621868666
0.00014621095275964906
0.00014378859323428282
0.00014156268495109264
0.00013945294988704766
0.0001315596312801131
0.00012896235620816983
0.00012669414333922043
0.00012449007540429657
0.00012323286154928331
0.00012413051748890673
5.6904784559347111e-05
6.6216204366802118e-05
8.5388160086023474e-05
0.00010295873756805108
0.00011542275884839355
0.00013341233127938618
0.00015143980756562487
0.00016126315473992143
0.00016398009961500774
0.00016271140198054066
0.00016134230480379795
0.00016024888380117795
0.00015904510276676975
0.00015788194534581559
0.00015682427849470436
0.0001557282134853461
0.0001608879657393951
0.00015978563344454838
0.0001583554135127156
0.00015618895681116459
0.00015334519802216259
0.00015091624501929643
0.0001488605073680483
0.00014685577025697112
0.00015041633011139433
0.00014782943069993637
0.00014529540402453985
0.00014282370551573753
0.00014018625763467224
0.00013748501896062112
0.00013495717171958284
0.00013261449462437249
0.00013046749293233546
0.00012842322324915667
0.00012080027106493972
0.00011827527890857126
0.00011607792703778168
0.00011392416937315053
0.00011275544854487182
0.00011382349229159369
5.2852427624753426e-05
6.3084695925885571e-05
8.2718551286138677e-05
0.00010090982010456736
0.00011449252400560598
0.00013400486164262337
0.00014298395956726152
0.00014307242402291064
0.00014976454288625219
0.00014917196112712003
0.00014831545298628129
0.00014749232662657815
0.00014647630450781435
0.00014533342971237632
0.00014425297349275726
0.00014317330654335856
0.00014830994805573527
0.00014732683946780127
0.0001459601908636517
0.00014390799786497449
0.00014118392539028062
0.00013890177424170637
0.00013696437175685268
0.00013502592243038117
0.00013283010603943736
0.00013609300255361579
0.00013370981594084492
0.00013133100702573066
0.00012878822491961469
0.00012620939176890197
0.00012378444206040715
0.00012153062812861897
0.00011948543245150149
0.00011753163294603582
0.00011022439621320631
0.00010781109161547404
0.00010572315969902026
0.00010365573780322296
0.00010259991915887088
0.00010386108800997673
4.8722201895145945e-05
5.9719974816614415e-05
7.9859747500112842e-05
9.8682505834127163e-05
0.00011224923218833283
0.00012908391629706394
0.0001301371510950838
0.00012979223311275324
0.00013618894062616179
0.00013608323852675654
0.00013563461005493892
0.00013500187317386949
0.00013409872190095484
0.00013292349903330515
0.00013180968919582323
0.00013073406033485275
0.00012985440204610444
0.00013489328679128641
0.00013362949974067713
0.00013174685716163542
0.00012918309869842991
0.00012701631848369428
0.00012516915513353515
0.00012328246684438379
0.00012118306217469761
0.00011900209404103616
0.00012219291015244787
0.00011992031023925226
0.00011749189675723152
0.00010992078266757789
0.00010769248102641492
0.0001056066018319949
0.00010372327352727239
0.00010193370822596191
9.9896063853502164e-05
9.7626442672629174e-05
9.5675943256132227e-05
9.3726512651922056e-05
9.2806619154913001e-05
9.4291396384617386e-05
4.457319186617574e-05
5.7972174363023165e-05
7.6861455973856744e-05
9.6305576279178938e-05
0.00011017677752533928
0.0001176466630156143
0.00011747265956851585
0.00011727181515876031
0.00012330866183178347
0.00012352365223539363
0.0001233555819716065
0.00012284496933417344
0.00012205744860693812
0.00012082560845997653
0.00011966274118158902
0.00011857722399950898
0.00011767835175658994
0.00012258614265223819
0.00012146808653524008
0.0001198282856458565
0.00011755075684050098
0.00011541694152726453
0.0001136032789467395
0.000111748911269589
0.00010975344678607231
0.00010773015577597414
0.00010571945910105288
0.00010362174456439168
0.00010141945413799671
9.923765918160516e-05
9.7173280990797944e-05
9.5229590381500854e-05
9.3461743000528539e-05
9.1787778709517001e-05
8.9908940998101116e-05
8.7820210634608682e-05
8.6031265763676992e-05
8.4226536082547009e-05
8.3460567790197851e-05
8.5204155894813612e-05
4.0524044230229614e-05
5.446850373619049e-05
7.4067514546451244e-05
9.4005177238839171e-05
0.00010711122013162822
0.00010617220591091423
0.0001059168650464168
0.0001058694795809075
0.00011123540374976054
0.000111548744474448
0.00011150525372601478
0.00011105524144863779
0.0001102708769472636
0.00010907271972414526
0.0001078942879417598
0.00010682165546788888
0.00010587472179562676
0.00011048308966480307
0.00010955706540467634
0.00010821202494833951
0.00010638975207632716
0.00010426247474808008
0.00010240473145563363
0.00010058312469164507
9.8704536545745437e-05
9.6820084122926179e-05
9.492758001152715e-05
9.2971622338567007e-05
9.0959065212619858e-05
8.8971978168815395e-05
8.7084645347609195e-05
8.5305847154162139e-05
8.3675582407609025e-05
8.212937899420932e-05
8.0433221308756728e-05
7.8568476734723134e-05
7.6972831062367274e-05
7.5354676982408795e-05
7.4740790005437403e-05
7.6770897994900741e-05
3.8586229430828712e-05
5.1420973231214632e-05
7.2032806196765085e-05
9.1596824349732405e-05
9.7602700407151133e-05
9.7370942985696701e-05
9.7153154039924394e-05
9.7026900079970072e-05
0.00010057280852864876
0.00010070972035841692
0.00010059851414601344
0.00010011884412264822
9.9274161571724626e-05
9.8037693533115089e-05
9.6867722440548146e-05
9.5825195991311571e-05
9.4812456751597183e-05
9.3917317195296859e-05
9.8005009051043844e-05
9.6959854741689513e-05
9.551247086929824e-05
9.3702857949662152e-05
9.1771402687228709e-05
9.0005760559036448e-05
8.8239226773281245e-05
8.6481679060022745e-05
8.474158051064355e-05
8.2974007171014673e-05
8.1184534258319483e-05
7.9438272662740673e-05
7.778194540367381e-05
7.6220662160613476e-05
7.4792112679325951e-05
7.3447917502661591e-05
7.2006572977452974e-05
7.0455780785732471e-05
6.909756408561545e-05
6.7779082242254107e-05
6.7215405579190701e-05
6.9550710386317394e-05
3.5315454104620223e-05
5.0017753778106765e-05
7.2355049277390634e-05
9.1847181800871182e-05
9.6002746431622654e-05
9.7652732412539288e-05
9.681591136906126e-05
9.5739402346750385e-05
9.3762982472671362e-05
9.3177511824692986e-05
9.2556808771107905e-05
9.1710971345695678e-05
9.0533647358880269e-05
8.9022488011514963e-05
8.7418593466281891e-05
8.6743800878456766e-05
8.5760163476682785e-05
8.4776285785969938e-05
8.7424359303142477e-05
8.6585380868373798e-05
8.5406569820662716e-05
8.3912720551657449e-05
8.226159960439011e-05
8.0501326010562479e-05
7.891922791331262e-05
7.7373821769978609e-05
7.5916009447286469e-05
7.4480791979089953e-05
7.3061363925618398e-05
7.1722267150113922e-05
7.0485051985008732e-05
6.9358790134406805e-05
6.8419323317410723e-05
6.7614667892650521e-05
6.6616009258455033e-05
6.5318781707901508e-05
6.5445381226228734e-05
6.6789539830470405e-05
6.7020212942898617e-05
6.8164849475262573e-05
3.4681628367516205e-05
5.4740200681061667e-05
8.2088984231560718e-05
0.00010272770788311398
0.00011671806320148439
0.00012075823092326395
0.00011786996189180414
0.00011421258308252054
9.8794473873790173e-05
9.6276626264495731e-05
9.4159404516840994e-05
9.2102773992365283e-05
8.9853553213767231e-05
8.7354594776738322e-05
8.4697010710811773e-05
8.3373000809776375e-05
8.2981919929589479e-05
8.2352504013073139e-05
8.1716977584438287e-05
8.0991981993368766e-05
7.8629125913475307e-05
7.7339284618414258e-05
7.6063680981463866e-05
7.4767711669064714e-05
7.3437208192613223e-05
7.2275668069597508e-05
7.1391552705582265e-05
7.0815851663524906e-05
7.0678642001051445e-05
7.1130253411576464e-05
7.201706223679517e-05
7.3173300269358964e-05
7.4308371240613291e-05
7.5745401980038151e-05
7.8984199007964094e-05
8.524286659822243e-05
9.1288026628606747e-05
0.00010587253698517524
0.00010741206935578202
0.00010240084498902644
4.5495668552207712e-05
8.5495131850203926e-05
0.0001283013701942017
0.0001505097170593217
0.00018303440736157557
0.00018537523675938686
0.00017780171874959898
0.00016961567052640889
0.00016138014653466358
0.00012647701253194673
0.00012135162448064491
0.00011673254939089766
0.00011214195932696056
0.00010748645569441316
0.00010296120862378024
9.8463279481900156e-05
9.6836405392540425e-05
9.8566509686045828e-05
0.00010032421314490472
0.00010187357121288231
0.00010286835394780347
8.6096522352638029e-05
8.6398891250664208e-05
8.7039677279894566e-05
8.8105624999778302e-05
9.0678190730196517e-05
9.4753390836565821e-05
9.9921566239616306e-05
0.00010692728466429017
0.00011627176155249989
0.00012689010820175216
0.00013813538480919184
0.00014946636626843876
0.00016174118182027034
0.00017893570853235564
0.00020536795973310503
0.00023024663071454421
0.0002857693178149219
0.00029116451745058819
0.00027473831873044179
0.00011062906542406046
0.00018969141283893656
0.00026339056680057572
0.00027490672073327005
0.00029588960011533636
0.00029751250167093976
0.00028521982863026463
0.00027275940727650969
0.0002603227598437462
0.0002490395478088785
0.00018961061281622875
0.00018182345045296379
0.00017440516443195214
0.00016780108226103585
0.00016332067490182331
0.00015975997192209683
0.00015592334939027572
0.00015206370153464377
0.00016567356226993029
0.00018053850374542891
0.00019321421289790616
0.00020837281120918236
0.00022939736479121167
0.00024981817454846668
0.00027048253101102205
0.00020033969802404059
0.00022157652278226227
0.00024441622334041237
0.00027175817067202624
0.00030470401263090282
0.0005083613579928613
0.00056027111362088526
0.00061426602504837931
0.00067092764361349592
0.00074139503592311469
0.00083452549457093805
0.00092583759013348992
0.0011090965884629413
0.001144045215404273
0.0011082870060015581
0.00031493617115641709
0.00040412138332612813
0.00040230245213024318
0.0004285880184641525
0.00046904398860519265
0.00048405444511784068
0.00047131760439024837
0.00045953998438997309
0.00045192894985789252
0.000451017028079585
0.00045999484113829945
0.00032114159411353798
0.00031676220633389588
0.00031677315965148735
0.00032487452428508177
0.00033303927890252692
0.00033758618723705492
0.00034494538380650653
0.00036167944910203958
0.00037899897986351115
0.00039930455386638641
0.00047291469678373873
0.00054575433817619068
0.0006137387279740278
0.00067956501539391924
0.0007563583604540279
0.00084501291322869494
0.00093315592469879732
0.001029565275472617
0.0011373088447922586
0.0012530123495267183
0.0013696956300999806
0.0014969479864951473
0.0016304878336920355
0.0017789523323386413
0.0019547358957884287
0.002127312353659031
0.0024550982314635525
0.0025659092440863656
0.0024957020927133121
0.00052822806173935533
0.00067275523906573653
0.00062903141941861654
0.00066424862460370002
0.0007177435049326099
0.00074448015565907065
0.0007331647912934095
0.00072936364684473729
0.00074051634936347401
0.0007678737601879964
0.00081252325029023103
0.00085684303143424934
0.00089901569145179911
0.00095062745816188485
0.00088852460808206692
0.00093350109051105763
0.0009709568027480921
0.0010153722696966887
0.0010770740750080435
0.0011414352411869329
0.0012018760171124661
0.0012789530459076958
0.0013843590302036509
0.0014976662273747665
0.001619026680030472
0.0017642966274737716
0.0019347844997052337
0.0021118437143691393
0.0023051900610085649
0.0025172367085530621
0.0027419336954071592
0.0029672076968008435
0.0032035815727917078
0.0034479125744286713
0.003718645198956949
0.0040299784344387879
0.0043379417059432697
0.0048061256910611142
0.0050580721758527901
0.0047676078182142543
0.00036126259789854377
0.00042994248668972834
0.00050015057446515436
0.00054812330368663972
0.0005959648746608722
0.00065274113911294477
0.00069150542627232075
0.00071598232484989155
0.00074162810472684344
0.00077539425202940591
0.00081811760181252585
0.00086355940373047111
0.0009128124421987978
0.00097303120522315527
0.0010425232396698823
0.0011143896422267092
0.001190663301804986
0.0012780311689023897
0.0013808453399672467
0.0014921912024116833
0.0016087211597247074
0.00172989292240477
0.0018752999978569667
0.0020234560413428591
0.0021748771531956744
0.0023361104844311798
0.0025050547355165206
0.0026727635343094646
0.0028434220288414075
0.0030183478778797283
0.0031972597622720901
0.0033802771161934491
0.0035760949229093238
0.0037795813346520536
0.0039730093298371971
0.0041608605073020864
0.0043520342821692657
0.0045872843199017254
0.0046338695801089441
0.0043706197358104474
0.0061464051714132948
0.0061446867839493463
0.006143087196794495
0.0061429705151771763
0.0061444323522090926
0.0061473422506310481
0.0061515649206959422
0.0060121228891359861
0.0056212569166722917
0.0050771928024298009
0.004529061852063759
0.0040617769006217504
0.003663268820680049
0.003323689359141669
0.0030307986744995252
0.0027733659686427848
0.0025468566605767007
0.0023488980338030817
0.0021734228154657192
0.0020183977729685424
0.001880109935502199
0.0017565942051851276
0.001646032974082176
0.0015463708041345368
0.0014571846361778101
0.0013770248688146623
0.0013038635853835337
0.0012374768750888674
0.0011769250911957325
0.001121257605690873
0.0010697526134122544
0.0010231741569125283
0.0061465483183448782
0.0061446317957512134
0.0061430309958318829
0.0061428838055534521
0.0061443466448276593
0.0061472263109826801
0.0061514357036337591
0.0060262825074507307
0.005640225608868856
0.0050854613213562145
0.0045376000022948754
0.0040696956505744189
0.0036700940426274077
0.0033308469182500764
0.0030374494253670101
0.0027792607975602548
0.0025526001535278215
0.0023540168620210865
0.0021782183452417458
0.0020228446304054481
0.0018841050067254128
0.0017602746668662771
0.0016494043833742654
0.0015494148780434839
0.0014599272104609631
0.0013794965269273939
0.0013060664651176027
0.0012393889680730916
0.0011786034137201808
0.0011226989076749089
0.0010709832266516661
0.0010242373041791776
0.0061469413052317361
0.0061444719360301565
0.0061428660003229373
0.0061426193933073305
0.0061440964089119875
0.0061468894255511499
0.0061510797918040002
0.006071738511814832
0.0056967253838556449
0.0051008631885656949
0.0045548828152136229
0.0040851008344828989
0.0036817536262236526
0.0033444665198074544
0.0030497290543765616
0.0027892101274902478
0.0025627842615096384
0.0023624279552448193
0.0021860634997239795
0.0020301458348436154
0.0018902642822859199
0.0017659504348752956
0.0016545781624562243
0.0015538617987973509
0.0014639057690629018
0.001383099888323759
0.0013092345657707502
0.0012420413860062716
0.0011810094393794812
0.0011247230426280591
0.0010726805778313046
0.0010256977983022883
0.006146962018682544
0.0061444785379928916
0.0061428848193102884
0.0061426458170180638
0.0061441450208650867
0.0061469511038077041
0.0061511664515201681
0.00607000527798701
0.0056892291495077886
0.0050895120467998401
0.0045452939771586766
0.0040764842156977774
0.0036739274745481525
0.0033377887646502545
0.0030438872315608238
0.0027841095498487923
0.0025587022700369168
0.0023590429892117624
0.0021835247006656601
0.0020285009951390184
0.0018892209925074079
0.0017657489484564366
0.0016552070402786317
0.0015550353725325686
0.0014658974835073538
0.0013861368256002093
0.001313358038701507
0.0012468591959369614
0.0011873194264864439
0.0011289567737576749
0.0010756057981451174
0.0010279442517480725
0.0061470649919480782
0.0061450332580626349
0.0061438398281969276
0.006144190910477001
0.0061463572192051018
0.0061499966092288362
0.0060878513707924948
0.0058372646291988285
0.0053219292198428093
0.0047012858462138363
0.0041928643195819591
0.0037595261594709564
0.003386599580563773
0.0030744382855654472
0.0028028422486887504
0.0025649892303232897
0.0023600505072785966
0.0021785175885763071
0.0020201788183621741
0.0019966712745572517
0.0018614122687932097
0.0017408730170504517
0.0016330186952914516
0.001535694906925439
0.0014489400101570255
0.0013710768104753413
0.0013001075893306676
0.0012357041335471816
0.0011768387953915015
0.0011219911022632403
0.0010708423423500789
0.0010243963464811297
0.0061471111257014243
0.0061451565200506281
0.0061440964522722769
0.0061446262693342409
0.006147020594070649
0.0061509285312400883
0.0060844754776327092
0.0057631713137890686
0.0051876589221184393
0.004580694845121731
0.0040844063576577104
0.003661829100394416
0.0032998189850030669
0.0029937904154110247
0.0027293872864700376
0.0024991262442984998
0.0022994967221442097
0.0021239767602648611
0.0019702992089140323
0.0018348079505415042
0.0017142560137279085
0.0016074319630977477
0.0015118280911692694
0.0014257891669907968
0.001349532167103258
0.0012814026941351804
0.0012196100122769038
0.0011638217502484051
0.0011137710873457682
0.0010669052529090194
0.0010231854596522403
0.0009829464099936219
0.0061474972904268944
0.0061449863124293002
0.0061440435555526396
0.0061445745580038322
0.006147252273079995
0.0061513105375935202
0.0061422582044029219
0.0057629031655268949
0.00507048724637057
0.0044715175021051564
0.0039961374770812741
0.003579705959192592
0.0032281940547054157
0.0029282128865472453
0.002670160669284122
0.0024466015446082362
0.0022499487825628568
0.002079656705974116
0.0019275376345619069
0.0017954286886379123
0.0016804892323984781
0.0015784922648010658
0.0014869168742554489
0.0014035156010497496
0.0013303755222702038
0.0012644055080164402
0.0012040098834046012
0.0011494026649750426
0.0011001545747067077
0.0010544363294842326
0.0010120673691283307
0.00097312156805989759
0.0061471719311835841
0.0061453216099823151
0.0061443298384630893
0.0061449546156052397
0.0061474281051844765
0.0061514386564954608
0.0060824301522959395
0.0057275971344989338
0.0051323610875336481
0.0045327798369859456
0.0040416148724987735
0.0036241262437689062
0.0032669243084937792
0.0029632008167807871
0.0027014358507044581
0.0024737196660873377
0.0022758732114684637
0.0021023243266025233
0.0019500445004082775
0.0018156700682580903
0.0016960791055704019
0.0015900623056566169
0.00149511976646828
0.0014094350151732016
0.0013333599199474757
0.0012649664124393446
0.0012023326678649489
0.0011453251506835559
0.0010940436140424144
0.0010468209482613138
0.0010036237744048676
0.00096536217367702078
0.006147732011676732
0.0061460734614083839
0.0061453548711814052
0.006146194888700599
0.006148851852415033
0.0061529453330801918
0.0060730049128890394
0.0056512342016724294
0.0050239342432245549
0.0044447255484897624
0.0039682672612144027
0.0035615137624602543
0.0032137839838789635
0.0029147940011951226
0.0026563473234773615
0.0024323032759983486
0.0022369837009830066
0.0020664350347109023
0.0019163126727320815
0.001783619866731671
0.0016656497615765156
0.0015616859379805816
0.0014691950967208407
0.0013859672863802527
0.0013118276265768072
0.0012452299053392071
0.0011844424794589243
0.0011466426364609488
0.0010962957693889006
0.0010499610236091759
0.001007472229283581
0.00096867086299460658
0.0061480143090772085
0.0061459990491106072
0.0061453045218304216
0.0061461080998303679
0.006148807919372206
0.0061528901780429383
0.006117637315914551
0.0056738017679841771
0.0050131602849981857
0.0044349917776638353
0.0039626261092899906
0.0035556205998505765
0.0032098562239751237
0.0029105013993467859
0.0026526269619256016
0.0024284575671019177
0.0022330804602562946
0.002063109984881367
0.0019128030783787892
0.0017803201252364446
0.0016607993631026275
0.0015567699202688591
0.0014659398723741975
0.0013824594857428283
0.0013092072808368318
0.0012427204343802086
0.0011819372260502689
0.0011271669771109596
0.0010782114744055933
0.0010335706524766766
0.00099256811866660485
0.00095480940418748289
0.0061486815366865091
0.0061474164489887639
0.006147033181249973
0.0061481285199504266
0.0061493575764782534
0.0061534426890894481
0.0060743306003667183
0.0056177410660198952
0.0050009962932896128
0.0044292770843305596
0.0039566640339741953
0.0035535873412136723
0.0032080784875443335
0.0029104146265638235
0.0026526246540669223
0.0024291286795383449
0.0022344405998155148
0.0020636205318840923
0.0019137287628196199
0.0017811780694444871
0.001663244264887587
0.0015594216210846575
0.001466950458299049
0.0013837265572437831
0.0013094517898362616
0.0012426227065706029
0.0011815309212224005
0.0011261552204777947
0.0010767537852492608
0.0010313081601331514
0.00099049151557471619
0.0009527717991335853
0.0061490879717111483
0.0061474648235880077
0.0061471974175696161
0.0061482408916275662
0.0061510676162965421
0.0061551581459815636
0.006085737785100364
0.005523716480593693
0.0048959041342319558
0.0043534537694877688
0.0039024548578702328
0.0035131628395150432
0.0031783556568661326
0.0028872278677899784
0.0026342374018232789
0.0024141132627472214
0.0022218762397688721
0.0020519317359105936
0.0019029117852703305
0.0017719343413767075
0.0016552191923758393
0.0015522994127528289
0.0014603778019127893
0.001377014274505362
0.0013027188958347942
0.0012362686245703924
0.001175752197816617
0.0011210318228438256
0.0010766778765637862
0.0010319872708001361
0.00099108936721517852
0.00095321324232806545
0.0061492171062028627
0.0061481130434399463
0.0061478963786125067
0.0061491283540358634
0.0061518326881559613
0.006155920971248962
0.0059849557720300459
0.0054810848355223134
0.0048764223966926111
0.0043418430504726969
0.0038926945556545757
0.0035065923071829989
0.0031726035892373477
0.0028835477496651626
0.0026322657986703572
0.0024123777644285377
0.002219838359840568
0.0020510027810087808
0.0019020375793496222
0.001771014383460398
0.0016546269175586985
0.0015514670563366399
0.001459686515921269
0.001376354302590493
0.0013019257172520924
0.001235399513722171
0.0011747814242417075
0.0011188966900288755
0.0010710643881392382
0.0010269771873407509
0.00098651699292540878
0.00094866162205716094
0.0061508007692655147
0.0061500391953611079
0.006150405278276508
0.0061520818315859357
0.0061548731762589683
0.0061398043189133484
0.0058800525063623264
0.005280702923595987
0.0047239730787706404
0.0042307318164803995
0.0038111728944830929
0.0034433812587695888
0.0031220719428097809
0.0028451250934086758
0.0026034660754157197
0.0023883674431257914
0.0021995686679630948
0.0020342233899285338
0.0018880393251052455
0.0017593263984580071
0.001644282128124445
0.0015421935734402984
0.0014513778742897146
0.0013689187237058318
0.0012952712054110139
0.0012298269368637305
0.0011704926944430022
0.0011193132163108555
0.0010707013418039611
0.0010266779262530484
0.00098615821755582839
0.0009483279558561064
0.0061512741068588334
0.0061510514478503942
0.0061517289442987672
0.006153655866722672
0.0061566620707441781
0.0061124050036718185
0.0058171504631971621
0.0052733402675369931
0.0047324754652563403
0.0042516337684332505
0.0038337574611506898
0.0034676866058963077
0.0031466541568970379
0.0028666021918099097
0.0026208797218731095
0.002404209370366942
0.0022138809810639203
0.002039350473293104
0.0018921922723636538
0.0017625342500653869
0.0016464568074364382
0.0015437739713042944
0.0014520682258177555
0.0013691863716489732
0.0012950571906930578
0.0012291313782968132
0.0011692862770254352
0.001112920482653088
0.0010659677481577373
0.001022278353126817
0.00098220035448482964
0.00094420163172942797
0.0061514309251978821
0.0061512121658931999
0.0061519359475785441
0.006153941271227239
0.0061569958842756026
0.0061250592237541059
0.0058278443890930256
0.005269589763973845
0.0047353854609357357
0.0042534932634826304
0.003837724231976293
0.0034715193507883022
0.0031508199720701436
0.0028705703643341881
0.002623370333365984
0.0024063861896508089
0.0022169764032631523
0.0020483156482114782
0.0018995146664655437
0.0017690442130023749
0.0016516649492134704
0.0015474969148803694
0.0014550522901117802
0.0013719841932709235
0.001298411445986018
0.0012326048206216967
0.0011725783207201042
0.0011171719440272781
0.0010667722026767347
0.0010224764047832382
0.0009822083981051691
0.0009441356256523533
0.0061522995990218338
0.0061524061738735761
0.0061534750065354669
0.0061557621034884248
0.0061590148773272386
0.0061231558827404822
0.0057643793181679634
0.005220260132911745
0.0047082621962645961
0.0042466876651743295
0.0038418774765794934
0.0034797200955143546
0.0031608612897034609
0.0028789301631789548
0.0026312275385258085
0.0024143982109519867
0.0022236967294048458
0.0020544179863349172
0.0019048875860789892
0.0017731816151013761
0.00165544967783233
0.0015506262759005908
0.0014578702109863068
0.0013744104807478391
0.0012994919980998535
0.0012325684718443365
0.0011726596378545421
0.0011174468099243732
0.0010676225603125247
0.0010224485706510768
0.00098317864968009436
0.00094507114503475278
0.0061529272550963987
0.0061533482502717169
0.0061547246105002167
0.0061571156153379736
0.0061604461481915163
0.0060883406624327955
0.0057063528737015517
0.0051855821789497797
0.004696477135755917
0.0042486761009588149
0.0038479122616068145
0.0034915354904554129
0.0031775663180160399
0.0028964595291910422
0.0026472571272177156
0.0024290572784084908
0.0022367906916486895
0.002065952358604059
0.0019143990282534597
0.0017804554860376901
0.001661295172045583
0.0015546294123124284
0.0014587186086794726
0.0013747605709515686
0.0012994669853846328
0.0012322514279880675
0.0011714966468207018
0.0011147861368954182
0.0010658788686645419
0.0010216866991314948
0.0009820091187061784
0.0009443238295581347
0.0061529691216569765
0.0061532909784083149
0.0061545455565643094
0.0061568172487232514
0.0061601495735953051
0.006110422532486664
0.0057673338193684649
0.0052673860645394152
0.0047677046241333364
0.0043113125143586072
0.0039004277069889029
0.0035374607782981903
0.003216291809288395
0.0029278884294486195
0.0026736545991292702
0.002450778432293381
0.0022542483489952692
0.0020701202207405655
0.0019172730186656256
0.0017825610853301464
0.0016628526154979614
0.0015556779178215888
0.0014609897064318657
0.0013763386470385974
0.0012998063146777757
0.0012318900293431224
0.0011706599204957581
0.0011154416386518306
0.0010655154851866842
0.0010209408632780449
0.00098184473760187406
0.00094422965567538778
0.0061528551353521709
0.0061529820417908195
0.00615392373429266
0.0061558879049905578
0.0061590501124671312
0.006137964839109924
0.0058985820477614305
0.0054034015364638399
0.0048824490190967906
0.0044002095018416953
0.0039717003174361215
0.0035933069529088366
0.0032590157407617519
0.0029626506471209391
0.0027017632169654719
0.002471900188786757
0.0022603101594868787
0.0020842217147418827
0.0019274711753419489
0.0017900619562651338
0.0016674735493996959
0.0015582656715175205
0.0014621676385073389
0.0013763762744152771
0.0012989269312991382
0.0012293222123503772
0.0011682188051315627
0.0011130481947958925
0.0010629193520015937
0.0010202779407910477
0.00098032743315161789
0.00094257153653631506
0.0061527492033564947
0.0061527608586708152
0.0061534868240391387
0.0061551740742121306
0.006157987186579463
0.0061524279026309294
0.0060097529775309582
0.0055188364076894144
0.0049757192587666808
0.0044780831635847845
0.0040339805202190245
0.0036403203041978512
0.0032939242733595058
0.0029903160814078429
0.0027237457755621879
0.0024881183941774165
0.0022807689712043642
0.0020984093609358618
0.0019364449510568009
0.0017939805112988526
0.0016675447811224657
0.001558634073467919
0.0014607048500366782
0.0013733626411733852
0.0012945621390933262
0.0012247461459470291
0.0011623035073815794
0.0011074181779252069
0.001057138223300917
0.001011521893934999
0.00097520742321932706
0.00093776520577026749
0.0061523861262414931
0.0061521718376527689
0.0061527033024477229
0.0061541499819751542
0.0061565388704008916
0.0061601840202001245
0.0061307720274630358
0.0056709798429039719
0.0051069316546809235
0.0045786790364585571
0.0041099772524012413
0.0037008363984741143
0.0033436371772514574
0.0030269294018195692
0.0027508107965412039
0.00250838638879301
0.0022949589072789392
0.0021080975628189162
0.0019419183532468523
0.0017955924801445402
0.0016667149372240429
0.0015518137130434246
0.0014500591292544969
0.0013601576001468958
0.0012796178521120502
0.0012151114410187652
0.0011532013428198183
0.0010981646019731387
0.0010455356797762941
0.00099959297066918446
0.00095853910761774111
0.00092158548019862668
0.0061516158673471794
0.006151089903447057
0.0061513459072570055
0.006152439228336996
0.0061545186616539316
0.0061575120024508368
0.0061219570153960611
0.005870722136124119
0.0052968315829165025
0.0047442874457258484
0.0042482610187493533
0.0038111937790444961
0.003430257816851124
0.003097886108467343
0.0028077715806428547
0.0025528796669636658
0.0023283800574209323
0.0021314776454508756
0.0019569118430921364
0.0018031258549962962
0.0016676526025169401
0.0015483276703061348
0.001443345053590505
0.0013506294887930957
0.0012662428610524265
0.0011947245180844448
0.0011302684116370396
0.0010738185705781748
0.0010319302530264615
0.000986806749352065
0.00094478101390054608
0.000907361354030544
0.0061510589984656357
0.0061497222710054002
0.0061489898876018736
0.006148990721202471
0.0061496927161358269
0.0061511373446722865
0.0061535938055365036
0.0061271548644891947
0.0056977755659415215
0.0050759199177038755
0.0045215257446532577
0.0040366942436208314
0.003605339252996951
0.0032343180389907936
0.0029090969636223906
0.0026299850154373502
0.0023863614778187234
0.0021684297898989496
0.0019789815672844407
0.0018136519516329863
0.0016671794069434719
0.0015399280134262214
0.0014264333234576755
0.0013274968341167421
0.0012399260970671353
0.0011638638517183569
0.0011093535865901452
0.0010527466504732376
0.00099946179746190282
0.00095424173064922763
0.00091058690507141952
0.00087254430905219611
0.0061501532582584183
0.0061478910006163758
0.0061460452704830398
0.0061445905019595791
0.0061435556963862006
0.0061428322607737116
0.0061425923260867476
0.0061427341208917961
0.0060809128851467198
0.0055169101634199537
0.0048545840726638327
0.0042849141486021713
0.0037943229656569179
0.0033729426980754094
0.0030097507812880766
0.0026964038647251626
0.0024239930067110624
0.0021854637029994129
0.0019808548326863927
0.0018036323970896354
0.0016454387677752439
0.0015105905428879976
0.0013907501202569379
0.0012862057418068886
0.0011936124369649407
0.0011139900321037936
0.0010612442391576948
0.0010040132195791671
0.00095019324163166921
0.00090596151432782593
0.00085826406546677845
0.00082043480953658586
0.0061477337958526614
0.0061400032075672965
0.006127128950954022
0.0061079888194501171
0.0060819406618338586
0.0060485873929910479
0.0060084892005685502
0.0059619901913046166
0.0059098903437753208
0.0057282662152421133
0.0051006238786754296
0.0044339956205718262
0.0038795175897178014
0.003423212306379755
0.0030330146688245731
0.0026907560662056793
0.0023978122208503879
0.0021439165974059355
0.0019259436268644393
0.0017382271999558841
0.0015722535704077814
0.0014506851901691313
0.0013254544256148676
0.0012166707630514679
0.0011198408554568455
0.0010364752242272277
0.00096000065493768484
0.00089775786777310826
0.00083967235945374094
0.00079503932967088368
0.00077789319041967199
0.00074087969621191912
0.0060315210703603597
0.0058109209765083991
0.0055280783895599785
0.005225183682777787
0.0049259746275679243
0.004641734251000707
0.004376979165486774
0.0041318529822451169
0.0039057546961766137
0.0036973470411688848
0.0035043900240808341
0.0033124756115487574
0.0030992890553438114
0.0028930364151029397
0.0026350375328111708
0.0023339474046997445
0.0020664577974386137
0.0018343604262904157
0.0016337402207071828
0.0014512644912923933
0.0012905873540975672
0.0011508863755693645
0.0010303794957039008
0.00092487398300279526
0.00083303293737980056
0.00081699608936915624
0.0007472392184656269
0.0006885535132150056
0.00063230762903464114
0.00059056928148493171
0.00053961183310913664
0.00050885631812239455
0.00071386808993472817
0.00048367885329752945
0.00036540530642543696
0.00030649488687293206
0.00027310043936468935
0.00025252915937362701
0.00023944175045062283
0.00023118780709825519
0.00022632448283456977
0.00022399376972280624
0.00022355074431595708
0.00022443005349693954
0.00022609480011779855
0.00022810299906065072
0.00023018986806412205
0.00023219958933401496
0.00023404718998488173
0.00023569024529597189
0.00023714101696173463
0.0002384321635901431
0.00023952454399387671
0.00023974299892507063
0.00023983320509326613
0.00024000396015244263
0.00024003602677381711
0.00024036061360404199
0.00024091324115890785
0.00023729987626888686
0.00022939792553000105
0.00022337099508968594
0.00021327097459102951
0.00020468843062508392
0.00098287942818050741
0.0009043312659614089
0.00083370219165536017
0.00077622174767201231
0.0007137755614350092
0.00066798263848708613
0.00062288805478434453
0.00058169595834029462
0.00054650227400246734
0.00051685808029470841
0.00049135462107472913
0.00047063428035416642
0.00045380044621810074
0.00044087139223550288
0.0004320477917762964
0.0004266309818462625
0.00042143161974648536
0.00041699550059374362
0.00041247934391182138
0.00040827352413018415
0.0004045623299514162
0.00039807156679133653
0.00039036843882094924
0.00038199961047347228
0.00037346204747508205
0.00036188354454349587
0.00034890227058981309
0.00033661464605707671
0.00032189234869099378
0.00030546906100645873
0.00029000688772026729
0.0002722946163894001
0.00025387615911587113
0.00023529121111639533
0.00021741855764594178
0.0001985655770976827
0.00018093728205909255
0.00016236904386702049
0.00014266071709432087
0.00012567876966631381
0.00011170007649761989
0.0001017692740278985
8.7613277461389764e-05
8.1519498692487252e-05
7.5207531714148026e-05
6.8708403641769267e-05
0.00098381481083665775
0.00094573277590295161
0.00090516020780078343
0.00086629263007260906
0.00083428719029853319
0.00080636787561639417
0.00077690003016658653
0.00074412191190192456
0.00071424481371759412
0.0006900773516258725
0.00066853883578231606
0.00064546270819044885
0.00062352267174498662
0.00060226564894544051
0.00058221714140853289
0.0005638292102096231
0.00054694380821293509
0.00053148360741376069
0.00051728729303044557
0.00050397012826853616
0.00049168663418696355
0.00048076891188790125
0.00047104154264766482
0.0004621645345306714
0.00045403040008070529
0.00044705583970249349
0.000441040382312609
0.00043590916808989796
0.00043200382816270164
0.0004293552061707276
0.00042663845675154318
0.00042390992271600005
0.00042134501317403586
0.00041920547165271143
0.00041700182555220273
0.00041484250922224186
0.00041261088194462713
0.00041031125393980913
0.00040860459763169025
0.00040703380654665672
0.00040494168975805847
0.00040267647250204214
0.00040053741861015654
0.00039805036243515854
0.0003949418871675625
0.00039126088589527542
0.00038715030007626609
0.00038352646543423382
0.00037925923871898242
0.00037470151873404239
0.00036957423759573671
0.00036351502484029407
0.0003573591245847361
0.00035068935563719483
0.00033843830698351021
0.00033150699387629341
0.00032428365043818457
0.00031624650728873923
0.00031558353789259058
0.00030762740040506082
0.00030007082066415723
0.00029150541826047813
0.00028326148922316462
0.00027502741568075594
0.00026641393777801221
0.00025725106439319716
0.00024818324925328763
0.00023926457897997715
0.00023015259206427669
0.00022128285699279276
0.00021208480676695874
0.00020304923250746281
0.0001939235599266757
0.00018530779128344895
0.00017602530191258039
0.0001662537548127651
0.00015626813506427816
0.00014645824424511317
0.00013718676120706103
0.00012937580405134532
0.00012147419329266995
0.00011457331816476752
0.00010969283416460647
0.00010180307276464631
9.4280402688430085e-05
8.9723992416056229e-05
8.7051459669828979e-05
8.4359454506266888e-05
8.0514160434102345e-05
7.8365998056183773e-05
7.5504871399947196e-05
7.5388442355311076e-05
0.0009850474977733132
0.00094712310751348045
0.00090639491711734597
0.00086692636768383516
0.00083505300808813594
0.00080720123670475141
0.00077816385866937487
0.00074573424803802259
0.00071344046452744643
0.00069273982521081705
0.00067023048757270385
0.00064646660761391453
0.00062434028928231287
0.00060245592569638739
0.00058223537499328096
0.00056360700343367212
0.00054650205493539047
0.00053092295082216717
0.00051651331792613683
0.00050309446059450421
0.00049073524003937408
0.00047517411467931035
0.00046557648293579193
0.00045694025854854214
0.00044896976679097746
0.00044196865159109043
0.00043591762591533494
0.00043061047495055133
0.00042618880676214633
0.00042287819746302289
0.0004200770580808666
0.00041786657774507175
0.00041653126418305357
0.00041589949234610373
0.0004150721732293626
0.00041398210229048107
0.00041273854273662545
0.00041156512568375422
0.00041055302442853002
0.00040866145750373764
0.00040636511300102309
0.00040420097761587471
0.00040311307776081241
0.00040049130795495412
0.00039741457165577563
0.00039383431444698594
0.00038988914113754998
0.0003858150711368338
0.00038176641284672536
0.0003785484215753632
0.00037365046232772797
0.00036797440838303423
0.00036210812938650876
0.00035572352870305769
0.00034919168991176357
0.00034247366256183416
0.00033715756536834408
0.00032945072151814776
0.00032122975866572955
0.0003129407037247028
0.00030446743908135114
0.00029571816058243634
0.0002871937168500531
0.00027926516780955982
0.00027029344709408843
0.00026082145265815662
0.00025161755554851945
0.00024223442403969957
0.00023297472889922309
0.00022395443580081723
0.00021465948893668762
0.00020908583833736672
0.00019996373619776692
0.00019115034946841152
0.00018159812093071563
0.00017190974995445594
0.00016208973550091717
0.00015243519703316965
0.00014337098285472445
0.00013450861672501311
0.00012637877306272862
0.00012006464473988328
0.00011432291573539968
0.00010672984424310507
9.8147418730097153e-05
9.3411803569405153e-05
9.0358207600257085e-05
8.8935451455199126e-05
8.4697334286564784e-05
7.9867297066779975e-05
7.6925907175676538e-05
7.7262531008769175e-05
0.00098635921556674308
0.0009512393861687298
0.00090944892235429102
0.00086646699106066895
0.00083791680177892295
0.00080849556174292638
0.00077879831726205228
0.00074527159453574424
0.00071347938702357187
0.00068953786673976497
0.00066728566356521568
0.00064340892100356339
0.00061056314026409196
0.00058974676950405926
0.00057057656195013491
0.00055278781259580987
0.00053659876959946825
0.00052172909740038969
0.00050813027951590833
0.00049539054819951829
0.00048364977790631971
0.00047328485088058006
0.00046433066629888048
0.00045604217838347101
0.00044848466801243695
0.00044155073769342184
0.00043549380365628812
0.00043008095010371402
0.00042547350236042837
0.00042177920663730872
0.00041866140479993773
0.00041600741601401819
0.00041410455219760155
0.0004125238726045969
0.00041095217145166734
0.00039491259917441015
0.00039358126003484272
0.00039206309078998035
0.00039090566711359319
0.00038968081348215831
0.00038836956839766136
0.00038688745627714978
0.00038559008800295616
0.00038431595623210043
0.00038321510541013392
0.0003811994818299707
0.0003784701430173433
0.00037521532631913039
0.00037168634995737919
0.00036818836571633138
0.00036395245169945092
0.00035990228782263253
0.00035581498848554594
0.00035078993895023007
0.0003451038509611881
0.00033888097124535401
0.00033277530614049056
0.00032588458870426744
0.00031920345264687945
0.00031265835287393423
0.00030530024992707968
0.00029745026210439005
0.00028922511658623838
0.000281062298231983
0.00027252256818612627
0.00026402805312308175
0.00025702127364719872
0.00024738557626132173
0.00023792424824567069
0.00022857405626190816
0.0002193777522818813
0.00021061743627940591
0.00020133486127044977
0.00019232828215790646
0.00018274847085705001
0.00017301950166260952
0.00016436676722471864
0.0001546776729419941
0.00014542368154566788
0.00013623825899389971
0.00012813126105082855
0.0001205275705893975
0.00011499419664088901
0.00010744393386797024
9.8838265167496906e-05
9.4400859163732093e-05
9.2227731805187964e-05
9.0648016370697119e-05
8.6161299163122921e-05
8.084686873418873e-05
7.7806477519239841e-05
7.8698996719020521e-05
0.0009839467028629255
0.00094660392312429225
0.00090547801246463125
0.0008652598498146072
0.00083327572060797235
0.00080471567450555602
0.00077444654076196822
0.00072345674508705047
0.00069253610235351878
0.00067188116103309987
0.00065018978919682521
0.00062740768375965899
0.00060651079108377313
0.00058652711138796926
0.00056790889438238206
0.00055052598837736981
0.00053488772747572241
0.00052071245004340293
0.00050759508717475906
0.00049510501421059616
0.00048343503791127877
0.00047295581736413444
0.00046343593453941856
0.00045466530678346705
0.00043861866022173784
0.00043053543391959607
0.00042330064840335107
0.00041673532063083151
0.00041070323778219921
0.00040558497500793632
0.00040117610221823317
0.0003974551349767519
0.00039434914750263294
0.00039202553807136009
0.00039081207515772177
0.00039084900832111509
0.00038982437189281975
0.00038848311322169278
0.00038743472929791978
0.0003861889753605756
0.00038478524628074326
0.0003831793259774714
0.00038163959059038435
0.00038025141109831366
0.00037883558857465738
0.00037698851747167177
0.00037487071444804919
0.00037188307699799949
0.00036867719648985686
0.00036541634752800439
0.00036152281779722802
0.00035775284385664268
0.00035382752906621014
0.00034919870215017654
0.00034401728425887388
0.00033796871780365529
0.00033180728308127396
0.00032505592772771831
0.0003184363529376193
0.00031178714565103854
0.00030449081961020396
0.00029700217445594859
0.00028634315048243662
0.00027831734849072259
0.00027035825139371656
0.00026203163800079995
0.00025386828297244385
0.00024548439247993773
0.00023764724200320641
0.00022872150010386634
0.00021942011727436731
0.00021037828363478666
0.00020173246128228677
0.000193691233989457
0.00018455423017633884
0.00017506642525176502
0.00016559442427326434
0.00015606974168521707
0.00014890564330725324
0.0001397121464291654
0.00013105865507366348
0.00012349045840932672
0.00011887362389922567
0.00010952185479742808
0.00010042347379413843
9.5521467740497968e-05
9.3452848355563871e-05
9.1892272733739124e-05
8.7456383685883098e-05
8.1501742177572591e-05
7.8302550412701091e-05
7.9815609420122175e-05
0.00094684407402407264
0.00091295473860188831
0.0008729686868096801
0.00083455030036764188
0.00080619810254770345
0.0007791433220913918
0.00074967395449523628
0.00071729181453217706
0.00068791431387131292
0.00066850417568697451
0.00064766615614437052
0.00062582132308289316
0.00060631011965634406
0.00058684900133010157
0.00056839353545294353
0.00055117760214745096
0.00053524662212312381
0.00051641565053414467
0.00050258764434914758
0.00048934136821991757
0.00047689368743271241
0.00046539616113023532
0.00045492535523453044
0.00044528546762062648
0.00043633421210048174
0.00042845469722913715
0.00042178111364193184
0.00041529405407131912
0.00040918437925971341
0.00040389189329605776
0.00039907603449585593
0.00039470177705830097
0.00037789285216558463
0.00037353972642811996
0.0003698199804984999
0.00036695027457608268
0.00036434487214324012
0.00036272514617232549
0.0003624553890153086
0.00036206916451911043
0.00036169726659264695
0.00036108137335469164
0.00036028640237857471
0.00035940340369509244
0.00035853761339016312
0.00035766392197151501
0.00035717721355702859
0.00035567313680966189
0.00035343792176481314
0.00035105752010256523
0.00034805399788005341
0.00034467183252217751
0.00034098903042238714
0.00033695244331862455
0.00033440155756525933
0.00032931839828591206
0.0003237253248426586
0.00031783681346996321
0.00031163257788266316
0.00030530487395097989
0.00029888611429448224
0.00029307817871427136
0.00028590907235096641
0.00027811797763417677
0.00027058901103385662
0.00026249077751434977
0.00025443770019957718
0.00024612491300004277
0.00023855696054728869
0.0002301341757993028
0.00022191931243935859
0.00021413011756649423
0.00020554990508296053
0.00019683470422862055
0.00018764886053284938
0.00017824581857195815
0.00016886388328283928
0.00015963239812239323
0.00015055378786018025
0.0001421250035174159
0.00013338073362284441
0.0001259247482824986
0.00012012978621183373
0.00011085053391337712
0.00010164600275919586
9.6217638229082353e-05
9.4395068781547332e-05
9.2724087410371369e-05
8.8361807612016328e-05
8.1648537180192108e-05
7.8281449584860881e-05
8.050156040198127e-05
0.00093819791099081478
0.00090433302332722254
0.0008652425179930919
0.00082791230433357937
0.0008001188161352495
0.00077420656085316843
0.00074653886781740446
0.00071569251523463564
0.00068753008415357712
0.00066869166723456199
0.00064859510591805869
0.00062612172010309791
0.00060066668683392017
0.00058122476523257748
0.00056287423944574404
0.00054585773152951672
0.00053012278452275173
0.00051572688454992765
0.00050219301842553167
0.00048911718514480635
0.00047687313637160753
0.00046538602137153901
0.00045474575828063403
0.00044476029479645503
0.00042955022607859004
0.00042009354815773347
0.00041148388503566105
0.00040334338755720103
0.00039613119829725707
0.00038999491719825973
0.00038418941006945013
0.00037929516842830042
0.00037483896143592936
0.00037079728632133938
0.00036713219258109299
0.00036399329427475231
0.0003609877649763512
0.000345154596256799
0.00034246605303217651
0.000340348496553487
0.00033892449089969415
0.00033775447678332322
0.00033679924627557891
0.00033642263462536611
0.00033614502510768984
0.00033581439928265184
0.00033549817491087023
0.00033483199048650847
0.00033425465398040258
0.00033418291041457411
0.00033272020450953431
0.00033054990194803955
0.00032816314593261145
0.0003252173633345501
0.00032222037984789014
0.00031842479755549125
0.00031464073073790241
0.00031084451953621766
0.00030604439542611026
0.00030052249516252964
0.00029488893511991866
0.00028897750183296689
0.00028260519306038653
0.00027598338878930044
0.00027027096141969665
0.00026270350534583368
0.00025476159484805801
0.00024669317230037723
0.00023909213876241101
0.00023071379187845187
0.00022175108248179352
0.0002140275030966884
0.00020593529229944127
0.00019846358043025249
0.00018974386544934606
0.000180372868934754
0.00017104973641626238
0.00016183166270652597
0.00015259938475220076
0.00014327612725771591
0.0001351494289172176
0.00012727992268802543
0.00012126004503551796
0.00011194065078143727
0.0001017420454316774
9.6357139897579292e-05
9.424183768438454e-05
9.2827212166355879e-05
8.8805335687090552e-05
8.1189136835746467e-05
7.7868406893036592e-05
8.0545682631097694e-05
0.00093091097100980584
0.00090201909140542956
0.00086075277246942328
0.00082345876007744543
0.00079905140775298812
0.00077450564882019894
0.000747277235257454
0.00071618419376319063
0.00068070198371973807
0.0006633391158413081
0.00064278072668712315
0.00061985408186556032
0.00060074664932932185
0.00058107952427502582
0.00056337466821603779
0.00054646419157630764
0.00053062726005314578
0.00051583432789647804
0.00049895173445991604
0.00048513724829536838
0.00047201010869777336
0.00045982302142880376
0.00044858450023988654
0.00043808854074605042
0.00042841423947085521
0.00041942362093349683
0.00041098904095426673
0.00040292912555320521
0.0003955565048199644
0.00038302467792988447
0.00037599306212670659
0.00036960076167701712
0.00036369235377694663
0.00035817005422420569
0.00035313576215999107
0.00034905641665161131
0.00034528213593821536
0.00034185393731516991
0.00033894064188984724
0.00033654196833749102
0.00033451750975573827
0.0003183200760395383
0.00031593744949604024
0.00031426724969601893
0.00031292088590244521
0.00031173442166729335
0.00031113886686912968
0.000310867894765089
0.00031082461644686883
0.00031117848651363711
0.00031091117754533984
0.00031081124948603299
0.00031045443260222937
0.00032155433905562856
0.00031890398380376056
0.00031548662971938614
0.00031193461868108855
0.00030807547128480355
0.00029481705969125206
0.00029066599773513118
0.00028633970280202603
0.00028132781537908044
0.00027567650980870039
0.00026981351857586014
0.0002640353193890325
0.00025758714399414678
0.00025089098451647532
0.00024402733968280132
0.00023754275597548383
0.00022991600082138063
0.00022187195309453407
0.00021264322619864777
0.00020505120068497527
0.00019743347162813634
0.00018927901580206535
0.00018060407391711728
0.00017184078165075241
0.00016288006630948361
0.00015386451455147372
0.00014484000400178429
0.00013568748987393068
0.00012756630483161583
0.00012161778806392356
0.0001124297478028582
0.00010096826278370266
9.5710843678128841e-05
9.2985959712463422e-05
9.2342292450276348e-05
8.8805844050883725e-05
8.0337166408468995e-05
7.6989791477452009e-05
7.9704830526201544e-05
0.0009342845739895233
0.00090133036793197405
0.00086281029003984792
0.00082634499910278446
0.00080007454816242649
0.0007670111368584695
0.00073806500917915862
0.00070629141179645648
0.00067918531679809731
0.00066595566493845291
0.00064350252169071461
0.00062072726955092971
0.0006006329418003992
0.00057836197751744112
0.00055986438854469206
0.00054261087318063035
0.00052668956526385374
0.00051217986880552836
0.0004986408969571088
0.00048534634354474029
0.00047258964513553661
0.00046055942414517268
0.00044922398082179147
0.00043663332938392592
0.00042599690749663182
0.00041603161635155657
0.00040666197542124042
0.00039772371574139535
0.00038965595890544375
0.00038221543656737262
0.00037534003309684508
0.00036886574105822212
0.00035743969279889305
0.00035065391281691199
0.00034449540980513557
0.00033873235102640375
0.00033326386844639123
0.00032824946054271824
0.00032407613702199842
0.00032041805249975551
0.00031713597241967058
0.00031401963491073669
0.00031153074421998064
0.00030964711728454273
0.00030799855678630898
0.00030644239598530247
0.00030571594598234413
0.00030521233234823836
0.00030508324317846499
0.00030527600629898433
0.0003051829554510858
0.00030523613201926782
0.00030539921093168898
0.0003046662163655393
0.00030299782932031598
0.00030103037070008026
0.00029829636427822247
0.00029526258805880724
0.00029157017394022556
0.00028777267479293051
0.00028385257843304427
0.00027896296620059111
0.00026540631412688877
0.00026069742312286308
0.00025610586269635653
0.00025086087664582673
0.00024511708253077702
0.00023926927113893212
0.00023298589776445415
0.00022611045947949106
0.00021917040535066328
0.00021227859140084235
0.00020463360538382506
0.00019443060053436648
0.00018740724812337206
0.00017938416990634517
0.00017111279247693134
0.00016264658109616355
0.00015392402019494492
0.00014486081533557246
0.00013588896451002298
0.0001273618502359668
0.00012110192209775867
0.00011110093961940662
9.9476271448516708e-05
9.3466122300069773e-05
9.0994959018803257e-05
9.1219571321403579e-05
8.8294345597638972e-05
7.8814947329908347e-05
7.5429673010870272e-05
7.8171844327224504e-05
0.0009213660324650458
0.00088855063315445833
0.00084945581012361071
0.00081417336920722974
0.00078957396874639095
0.00076525616533881563
0.00073905826268116763
0.00070730445401123992
0.00068054653473092889
0.00066381941131641187
0.00064076064116877854
0.00061683567423301809
0.00059718673195243712
0.00057745658096058146
0.00056047741716969254
0.00054366432243223165
0.00052793598532690047
0.00051309077569186882
0.00049892266309573441
0.00048486405676457795
0.00047165909583463843
0.00045956043060721983
0.00044805967919134629
0.00043720488007475511
0.00042682268010391035
0.00041689918668337767
0.00040672483691538586
0.00039703174217918221
0.00038781526637739829
0.00037920313366802386
0.00037104192149303993
0.00036364849445456757
0.00035659952091719494
0.00035003281634413466
0.00034384522151659951
0.00033363941351606541
0.00032708491194890062
0.00032110988976466817
0.00031546402006680147
0.00031009673250124753
0.00030506085524940543
0.00030081925673271931
0.00029688981401737309
0.00029338098308639255
0.00029014132799388878
0.00028752294789090337
0.00028571879146048983
0.00028409497531461659
0.0002826779384753023
0.00028168239398921463
0.00028120634060648691
0.00028097972960220558
0.00028119591018362355
0.00028122343455198987
0.00028099254383185589
0.00028192139152161203
0.00028056751371574384
0.00027872764801220855
0.00027626788299725237
0.0002734767094091757
0.00027025913974811408
0.00026640369331012645
0.00026210988938537433
0.00025760119775604471
0.00025279933176826125
0.00023930248249723042
0.00023442007395551646
0.00022965513851983479
0.00022564930658007748
0.00022013463327649115
0.00021349045652015029
0.00020687720942447646
0.00020027887824559446
0.00019324795579567217
0.000182446456296961
0.00017489036470406385
0.00016737546974860673
0.00015979302442500535
0.00015169204092547569
0.00014321135966321793
0.00013497961494462007
0.00012519602496307569
0.00011864762986807196
0.00010892283873293099
9.7421197227792069e-05
9.0789318041675381e-05
8.8215963908692632e-05
8.9583161693578014e-05
8.6036270726517092e-05
7.6746462082481735e-05
7.3337728179409409e-05
7.6067811688092446e-05
0.00091897930160148261
0.000889735574178688
0.00084769428141488431
0.00081118662160436551
0.00079003489997542286
0.0007663855062467102
0.00073839170357889276
0.00070087445344935585
0.00067533403460586199
0.00066110491617553586
0.00064132630722877769
0.00061802035340437721
0.00059823706056330367
0.00057843449055580492
0.0005603301427320053
0.00054326907493809629
0.00052794712856089594
0.00051365979162006775
0.00050007960805858174
0.00048644750549558434
0.00047336446077231444
0.00046203434681301039
0.00044981377695466328
0.00043831661300186504
0.00042758174742760658
0.00041738956535399154
0.00040769230803133576
0.0003982018799896959
0.00038901534768784638
0.00038054346396502081
0.00037170115735334124
0.00036319929823557347
0.00035498502995908127
0.00034735124233703084
0.00034035938782881077
0.00033346177572103001
0.00032689853997804399
0.00031819482518339898
0.00031128528783838855
0.00030486046414934917
0.00029892355405651007
0.00029315378472865119
0.00028765459865395891
0.00028240957180969417
0.00027793961771554288
0.00027378118082672649
0.00026995756540236108
0.00026649358494070495
0.00026341475062366252
0.00026057159993797541
0.00025962162823686219
0.00025802338027421947
0.00025682961771376277
0.0002559667679480747
0.00025546953668139494
0.00025526836248887172
0.00025490471897224602
0.00025433730252985489
0.00025365507470328309
0.00025358944022195939
0.00025230038463024536
0.00024991683305332135
0.00024682531882535365
0.00024326843126756909
0.00023972255211636914
0.00023520590239558425
0.00022096170755150527
0.00021683520033585565
0.0002128998219671863
0.00020854925655819741
0.00020397421425087751
0.00019869678643001006
0.00019344577588380289
0.00018696462286907963
0.00017486802837888123
0.00016833664980366543
0.00016190389555982787
0.00015589322294708063
0.00014779655338322404
0.00014008824036257819
0.00013215323087850458
0.0001213366327116929
0.00011542994868021103
0.00010621327181849777
9.4613230400440626e-05
8.6854728509782046e-05
8.4895804439222218e-05
8.7472654124649038e-05
8.3169463376871449e-05
7.4192692327032289e-05
7.0777695480160797e-05
7.3334822708644401e-05
0.0009199469253301229
0.00088790768159391765
0.00084885684749008803
0.00081329910718981569
0.00078625060681554188
0.00076195947447860711
0.00073253909538252158
0.0006997295314547596
0.00067546193869098793
0.00066184665039558657
0.00064111411281972592
0.00061664217355217245
0.00059812959628657489
0.00057937305267817269
0.00056211021243845647
0.00054528818666285033
0.00053123119736317112
0.0005168733040324348
0.00050300262323886243
0.00048928038974002143
0.00047615698514114849
0.00046382105757000335
0.0004518544474968651
0.00044268454436908957
0.00043145579032169261
0.0004208127700922299
0.00041071268456163121
0.00040069387707810343
0.00039125203671679933
0.0003821664912754747
0.00037337794648154552
0.00036605882535213201
0.00035727356146367706
0.00034887889782528813
0.0003406427931256422
0.00033299383564055075
0.00032567992340132822
0.00031862591088282566
0.00031169625108602754
0.00030384920163723807
0.0002968587924719965
0.00029002194534991468
0.00028347117704446512
0.00027724949488073966
0.00027160414735765667
0.00026605365497097539
0.00026078485846782402
0.00025598436118279337
0.00025162108538776321
0.00024763982208774815
0.00024424287357018151
0.00024118999933525138
0.0002385969207070142
0.00023661040387996802
0.00023518772233988963
0.00023374827969813782
0.00023235340235179406
0.00023103014109578275
0.00022976105412657788
0.00022895233068174461
0.00022790238499812484
0.00022689563835913177
0.00022609015638712786
0.00022438209136786387
0.00022256787724695383
0.00021942385586024439
0.00021550986949578973
0.00020033581812829249
0.00019733922053013201
0.00019477114352004936
0.00019145910430680719
0.00018733405495237153
0.00018251337801228188
0.00017724094494710418
0.0001717095678716688
0.00015962789066428161
0.00015384265700522603
0.00014805132352687755
0.00014193776000410798
0.00013496477594105707
0.00012727530413146057
0.0001168348139461504
0.00011139112857140221
0.00010261636634822935
9.0823639510957381e-05
8.2389141969342424e-05
8.1145864104669325e-05
8.3342359576822516e-05
7.9930713487814297e-05
7.1349852742143375e-05
6.7926359441945907e-05
7.015867230046366e-05
0.00091491942771263998
0.0008814127437786071
0.00084089842325798701
0.00080555088241255994
0.00078711313023450838
0.00076248670067889646
0.00073443474260903357
0.0006979319014925302
0.00067395751748802919
0.00066289608001771528
0.00064261867893451805
0.00061868258493293028
0.00060011219208244953
0.00058167261957422264
0.00056439472704020318
0.00054777928128316785
0.00053305455839817344
0.00051912946412813058
0.00050795121296241471
0.00049400059327450003
0.00048082110124366318
0.00046849461082770544
0.00045642672565706456
0.00044501325422095447
0.00043396851899854901
0.00042653568893051097
0.00041604747770055111
0.00040586919665218336
0.00039583580157657365
0.00038637097983159409
0.00037724968271957821
0.00036827494912213004
0.00036196970127937432
0.00035315731594719272
0.00034461372241170805
0.00033612974873279387
0.00032784696913153562
0.00032008014259208401
0.00031248997814976463
0.00030507074452832929
0.00029825680022170661
0.00029071159445177158
0.00028332672215797397
0.00027613209374876657
0.00026926249485144236
0.00026260418719000817
0.00025625937021484186
0.00025036234366943488
0.00024498928710131932
0.00023979273637014765
0.00023491895555435337
0.00023048469638703672
0.00022650770893838123
0.00022299964503192938
0.00022007766477517591
0.00021715465746439803
0.0002144446920402111
0.00021189580990760363
0.00020966986530546921
0.00020777613699730476
0.00020582575304967072
0.00020384145233428211
0.00020221120737772249
0.0002013504753265497
0.00020053620559279742
0.00019887955846069639
0.0001964273017716335
0.00019343545784162038
0.00017870334704774316
0.00017650609567803962
0.00017407017255587865
0.00017182941934248063
0.00016881082093794645
0.00016507416288703445
0.00016066661251455674
0.00014791582958038359
0.00014325527060134622
0.00013853853953786928
0.00013361747551243752
0.00012773115410801521
0.00012102944900571891
0.00011091034132465115
0.00010494925025868174
9.6871437563095242e-05
8.5882551848738271e-05
7.765622088971787e-05
7.715429585883934e-05
7.859633674026995e-05
7.6377123225486134e-05
6.8260430207801675e-05
6.4906996792764179e-05
6.6562467177705813e-05
0.00091472909418359861
0.00088231544932868423
0.00084234562868309439
0.00080729835754205393
0.00078642028855102197
0.00075992936132920203
0.00073023804720134702
0.00069782934765611252
0.00067499509853678427
0.00066398569936689596
0.0006441591778295916
0.00061898779377651293
0.00060234683041405406
0.00058427658524006388
0.00056869660269433893
0.0005522398095668768
0.00053731179010280225
0.00052358483747320212
0.00051038157073421961
0.00049685854207917178
0.00048707907481191335
0.00047471941932855779
0.00046295314096510807
0.0004512925409773971
0.00044017224498732178
0.00042947434452094812
0.00042294497007530548
0.00041265334435522215
0.0004025979530180824
0.00039262764147353661
0.0003830080766286051
0.00037381450352554177
0.00036479592362195058
0.00035918871013752737
0.00035026119659857221
0.00034149491806234871
0.00033266943007615607
0.00032418277408164379
0.00031602277434971771
0.00030803117557314468
0.00030020367926382853
0.00029406849301369712
0.00028612201863270533
0.00027827379421093486
0.00027059025967597004
0.00026310585104670974
0.0002558606349531801
0.00024891738928593788
0.00024231338035286511
0.0002359380938042377
0.0002299327662364791
0.00022432798922514103
0.00021923565523505377
0.00022003997750001371
0.00021636593418452189
0.00021288514088523699
0.00020967845760180289
0.00020669390024817487
0.00020397168761418979
0.00019145267106434593
0.00018816741638046089
0.00018503998327963514
0.00018220000198039418
0.00017972860010634232
0.000178294192921531
0.00017754650570174022
0.00017571738995498997
0.0001733903917667841
0.00015899558157381666
0.00015662384394833433
0.0001548842260178521
0.000153839973762402
0.00015279208406589084
0.00014986413178664517
0.00014637783457336842
0.00013426061196178708
0.00013100893591723055
0.00012766077223668829
0.00012398851534504919
0.00011919449657054728
0.00011370105972508663
0.0001031408945283791
9.740855368237252e-05
9.0850946435239166e-05
8.0560951507863672e-05
7.2672787365746371e-05
7.2498346300176424e-05
7.3424792930071477e-05
7.2591625802705023e-05
6.5012579066457484e-05
6.1673709019405813e-05
6.2607440068047275e-05
0.00090997443447254098
0.00087625845233209147
0.00083524172511900436
0.00080110362590450027
0.00078548429356450943
0.00076100427313736062
0.00073288347993354899
0.00069761245101712503
0.00067442113145478263
0.00066756413085142675
0.00064742702634735779
0.00062266338563014844
0.00060509275767241515
0.00058736579126733937
0.00057151690785056208
0.00055529421026960935
0.00054257516519653365
0.00052913303625221845
0.00051645477978930177
0.00050295994777931952
0.00049023868743553454
0.0004817403901694371
0.00046997658879340399
0.00045864796737676757
0.00044729510952293733
0.00043672173746894056
0.00042638268476002667
0.00042037492165719538
0.00041033146977785236
0.00040049275495700535
0.00039057876539969722
0.00038101215626118668
0.00037169321812720031
0.00036257610020397303
0.00035737017316106998
0.00034842767782444566
0.00033948902431269059
0.00033029632918073453
0.00032160215201342782
0.00031315422678632811
0.00030485209690598339
0.00029670706732391375
0.00029102462551458205
0.00028270199899786317
0.00027445181299931868
0.00026634546449826675
0.00025843249296504748
0.00025075812988542979
0.00024323502788650144
0.00023593138145222971
0.00022895184339078172
0.0002222832473872848
0.00021811976408109732
0.00021292061312456714
0.00020795796196178756
0.00020321507470082145
0.00019876827701176373
0.0001945910519923517
0.00019062437507583053
0.00018687814616160628
0.00017616698214129264
0.00017212180859691947
0.00016824125759527057
0.0001646636563257936
0.00016156529816775949
0.0001593571435023722
0.00015688789104929688
0.00015431302742889303
0.0001425408678411478
0.00013964241225712911
0.00013708002953692082
0.00013496637940144115
0.00013387395140658281
0.00013247918647883218
0.00013031330185985098
0.00011943848283647485
0.00011703357604999543
0.00011470465284102575
0.00011236725793780499
0.00010909961021961836
0.00010453769156654286
9.3797875899841518e-05
8.9699046635959522e-05
8.4826875536236912e-05
7.5059108598641799e-05
6.7190876956251281e-05
6.6307536946861947e-05
6.7900563372252085e-05
6.8649951533588237e-05
6.1607127143872858e-05
5.7704412069967329e-05
5.8322119890825175e-05
0.0009101009346267066
0.00087754839560194239
0.00083731492615585473
0.0008032405060829249
0.00078425946724356961
0.00076055583241839918
0.00073434108834134456
0.00070120836305085103
0.00067711415312952646
0.00066927830025313652
0.00065003237537643874
0.00062564125902986876
0.00060853536541397913
0.00059164601029979946
0.00057617361640098291
0.00056046138771209165
0.00054586418921991476
0.00053554512576765747
0.00052296155464589091
0.00050964843734177664
0.00049715404996512674
0.00048533207563993528
0.00047756711450924733
0.00046638281719867873
0.00045565695875217794
0.00044476688724339939
0.00043441637425269353
0.00042434358955760563
0.00041882954980714291
0.00040899080899503061
0.00039914396827828597
0.0003891755044595913
0.00037962919531203063
0.00037038192944961691
0.00036555488269645638
0.00035644991872003646
0.00034739228863113535
0.00033805999898605922
0.00032886876336725283
0.0003200261088031065
0.00031132869615631715
0.00030279193636522045
0.00029764828751982394
0.00028898183457348492
0.00028033119042890022
0.0002717685981812667
0.00026329518820995113
0.00025497562634802239
0.00024679444166507972
0.0002388000239178749
0.00023105104268732627
0.00022312611559339448
0.00021632079515079586
0.00020991028428080083
0.0002037943705665551
0.00019796667893814816
0.00019243972718737345
0.00018721996688112494
0.00018226324811606995
0.00017756012536836527
0.00016881394295566293
0.00016378250876775312
0.00015896714025587295
0.00015442050728526761
0.00015015082059566587
0.00014693805442632084
0.00014361002998803231
0.000140301198811476
0.0001306112270608827
0.00012675283292013314
0.00012326429645468336
0.00012019981578803476
0.00011829376237075869
0.00011664917891852724
0.0001146785201314946
0.00010484410712700151
0.00010219925697598138
0.00010020703730285269
9.8885333694301858e-05
9.6980822522708252e-05
9.3603891034548287e-05
8.388817117460904e-05
8.1333925996613618e-05
7.8396107710432261e-05
6.910722769651304e-05
6.1063920359267579e-05
5.9709712180905287e-05
6.2353061754998241e-05
6.4760465409703327e-05
5.8241812772370857e-05
5.3453694064359904e-05
5.3820217350135831e-05
0.0009095931109182738
0.00087827768802666332
0.00083287873736142756
0.00080095095604695876
0.0007856357795031424
0.00076343225499248847
0.00073074288351377195
0.00069775213268289348
0.00067860162577876293
0.00067285424668357696
0.00065237253175525769
0.0006281943332119976
0.00061153366114779129
0.00059533337404201218
0.00058051709536626904
0.00056546136390000579
0.00055193805494587475
0.00054203606457652346
0.00052949215024344302
0.00051677872805734886
0.00050436920394735202
0.00049295667372319834
0.00048573037222318779
0.0004748308445093678
0.00046418057682980117
0.00045315460165728323
0.00044292850966750794
0.00043307731561291219
0.0004278125703656369
0.0004180089256585872
0.00040823593138717551
0.00039810953630786515
0.00038856308668346913
0.00037926373003899293
0.00037458875170828538
0.00036535038040727303
0.00035614115506994346
0.00034664763911000684
0.00033725107586636565
0.00032819736852065943
0.0003192661837217891
0.0003104357975723419
0.00030547584190692155
0.00029653970197880821
0.00028758357378782449
0.00027868838741032726
0.00026984073147018231
0.00026108012689750359
0.00025243859982087381
0.00024391146754388428
0.00023555506932331876
0.00022558045171917196
0.00021795279184666876
0.00021066860162947539
0.00020370160833732415
0.00019700641459306431
0.00019056432743324515
0.00018442041615113219
0.00017854008701422868
0.00017288019222961079
0.00016562983425252203
0.00015991530822844901
0.00015441608372675198
0.00014924201858240241
0.00014417949758910694
0.00013978019216940113
0.00013542339191356773
0.0001311242087945153
0.000123120081063231
0.00011865225613156024
0.00011447508171595868
0.00011067218349587186
0.00010791783695707469
0.00010512664745761294
0.00010198477838475108
9.3348213852692744e-05
9.0227853072097149e-05
8.7659381362217435e-05
8.561126742279157e-05
8.4421597918174929e-05
8.1933019044504272e-05
7.3623864479590027e-05
7.1427138317923296e-05
6.8692344939336181e-05
6.2111199020361296e-05
5.421776408532813e-05
5.3237625062806566e-05
5.7043209006627417e-05
6.11270399538437e-05
5.503005608827673e-05
4.9088105832199736e-05
4.9149943511663628e-05
0.00090904972204495626
0.0008736170996093346
0.00083150838898405288
0.00080066657384201851
0.00078884657503850569
0.00076375683269575196
0.00073447907952953434
0.00069883707611372459
0.00067850332181659454
0.00067507412195860837
0.00065407058988140509
0.0006280694754164732
0.00061503182725114501
0.00059927256947116822
0.00058515314264147766
0.00057089549278070435
0.00055812723372560262
0.00054582366302071859
0.00053613076988604077
0.00052395289459169548
0.00051188990334817476
0.00050102567872279866
0.00049421412440171526
0.00048367973877614095
0.00047323277454017074
0.00046239982831949053
0.00045226044636271503
0.00044248418319119516
0.00043746367858432916
0.00042770221015464376
0.00041785992896576138
0.00040790950109648297
0.00039838521988067835
0.00038899029115879399
0.00038441887144243929
0.00037508215421568308
0.00036564423660124997
0.00035589648423779214
0.00034649431916007124
0.00033730083518440862
0.00032818341285603946
0.00031909533626179313
0.0003141086875722627
0.00030496938261684797
0.00029578719895771255
0.00028662139645575877
0.00027749610755660415
0.00026841939763131144
0.00025939743040845911
0.00025046269356591581
0.00024167819709071571
0.00023306357400789036
0.00022222646998395037
0.00021425743734607004
0.00020656083526878819
0.00019913335506317509
0.00019198340422664181
0.00018513387888630513
0.00017854016993731052
0.00017255970909653371
0.00016604951702540489
0.00015971347294054905
0.00015351298449931626
0.00014740717412259398
0.00014173620818456472
0.00013648863409210289
0.00013135744565488241
0.00012634685276647907
0.00011987783102929275
0.0001148007817826578
0.00010987244386341184
0.00010522320452799834
0.00010127844938608583
9.7383542615734665e-05
9.342532524477864e-05
8.6343173278456088e-05
8.2533639363337058e-05
7.9116687895377968e-05
7.6287240985730608e-05
7.4025760150782567e-05
7.1405829477044015e-05
6.4146517524864873e-05
6.0849063115444497e-05
5.9253579820506275e-05
5.4284437672343948e-05
4.717055792729405e-05
4.6895310467047827e-05
5.185573889051393e-05
5.7691216729697794e-05
5.183090612148579e-05
4.4521085160778985e-05
4.4280956969400536e-05
0.00090934375985383693
0.00087517481278995106
0.00082890265287587192
0.00080086723762060161
0.00078616977652040362
0.00076357394075349792
0.00073481830211390175
0.00069827657181691875
0.00067728657539264925
0.00067764504757568248
0.00065590369331981594
0.00063009731877403477
0.00061828576501316338
0.00060272365526658675
0.00058956770874777796
0.00057604132565549249
0.00056399933509248352
0.00055466607737468196
0.00054323831140405839
0.0005312778934758722
0.00051990479682801401
0.00050947245568005659
0.00050300391282428612
0.00049297573050018203
0.00048267098824214652
0.00047204828953076989
0.00046225070821346995
0.00045756221131084405
0.00044798101671954222
0.00043819408607524517
0.00042796864385859424
0.00041832505970619256
0.00040889893940582964
0.00040451838435797777
0.00039506816985932755
0.00038555297865043543
0.00037570631457742862
0.00036581604720388277
0.00035634933412795322
0.00034700330545824688
0.00033773853381992877
0.00033273807346757687
0.0003233313098491587
0.00031393424930294193
0.0003044574408750402
0.00029499393220729471
0.00028559289557030611
0.00027625749554183415
0.00026696212714994057
0.00025776238311354987
0.00024867647266966613
0.00023977259781587132
0.00023101004259645441
0.0002224174872225282
0.00021403380274301957
0.00020362351904844054
0.00019595399836629042
0.00019042931916812833
0.00018305178444997844
0.0001758769962381114
0.00016887525272704437
0.00016202388017296957
0.00015525144966556078
0.00014863474734700088
0.00014249084180266352
0.0001365642790380966
0.00013079848161510929
0.00012519045459184237
0.00011941962830580837
0.00011369963295025359
0.00010807463577534624
0.00010291699822733106
9.813369932018732e-05
9.3492040044944037e-05
8.8894228163434496e-05
8.2816021086379131e-05
7.8263524307934084e-05
7.3884612021380189e-05
7.0091635231919776e-05
6.6705627350903328e-05
6.3303044212498232e-05
5.6429620532657008e-05
5.2476134655938191e-05
5.0472358735008544e-05
4.6599749608581627e-05
4.0435933074487759e-05
4.0723662652123877e-05
4.6783377037138851e-05
5.4636893764836714e-05
4.8041201038414455e-05
3.9708710289233849e-05
3.9267463366606602e-05
0.00090733846177698421
0.00087224799334516658
0.0008309319421053174
0.00079897237894214709
0.00078492986349159503
0.0007618691721572459
0.0007333781863084831
0.0006968757246298236
0.00067812467278389446
0.00067956273920200807
0.00065635137951780402
0.00063214874350037056
0.00062059110412090426
0.00060573872518603089
0.00059369469263088762
0.00058118514051159001
0.00057007491993312659
0.00056152137779439206
0.00055100632757408184
0.00053920509055298662
0.00052849527500260177
0.00052231658719443434
0.0005126557139698484
0.00050296924157738627
0.00049252540613962449
0.00048271370295214903
0.00047326181902068091
0.00046896178363357751
0.00045929724292693503
0.00044895309158791822
0.00043905286726098454
0.00042965035685797672
0.00042543148544610474
0.00041589109044440532
0.00040619034598378439
0.00039596991997270406
0.00038587717627933278
0.00037625038673019112
0.00036673950512631983
0.00036160244258839262
0.00035198431410420902
0.00034231725686256135
0.0003325570365575398
0.00032276059080094534
0.00031298049131583494
0.00030320844992985153
0.00029351888140289315
0.0002840064233149172
0.00027455827894825051
0.00026514097480469522
0.00025583741809941134
0.00024670819575190844
0.00023773608187033915
0.00022892352955620291
0.00022027548022421987
0.00021185652148076207
0.00020365327959811667
0.00019568772395307349
0.00018794841843055101
0.00018040232770392687
0.00017301522436434128
0.00016573033981625646
0.00015853760859697792
0.00015171903061263344
0.00014511014566196542
0.00013870018715400693
0.00013331132330024139
0.00012700255469629283
0.00012076818981649308
0.00011463289980059392
0.00010865002837585052
0.00010300630603730643
9.7606172236993955e-05
9.2406252150885928e-05
8.674939638524687e-05
8.1305517078086005e-05
7.5922092588295127e-05
7.0667971158400178e-05
6.6060138886033697e-05
6.1713297421308255e-05
5.7482859195489166e-05
5.1234882039789072e-05
4.7184966123014341e-05
4.4454460307231281e-05
3.9922763539494165e-05
3.72180925174268e-05
3.4826930221189263e-05
4.1483512164306892e-05
4.7309265937656164e-05
4.2727652587974767e-05
3.4848504080314134e-05
3.426199852412399e-05
0.00090257594739357112
0.00086717343673595659
0.00082593263490180293
0.00079507256234336043
0.00078292329423269532
0.00075905283819895314
0.00073009503765342947
0.0006936988166915864
0.00068063324647722181
0.00067767509972489911
0.00065580440851655691
0.00063485483658088726
0.00062132132886503686
0.0006085142265079657
0.00059776447143634621
0.00058670988824112934
0.00057825935319816128
0.00056905369287416627
0.00055927072194125467
0.00054831213887655665
0.00054185580443406845
0.00053262597996794328
0.00052309496633614651
0.00051352242255168579
0.0005039849106139656
0.00049981928144078244
0.00049059208709990464
0.00048090936148540613
0.0004705454178504798
0.00046074402879530362
0.00045126329342771066
0.00044678044336765078
0.00043708718183383674
0.00042722953310507582
0.00041680507578172645
0.00040660530674918767
0.00039666719884057689
0.00038695610844544342
0.00038111257259172048
0.00037114952711281323
0.00036109436286564818
0.0003509410370078323
0.00034080896875821054
0.00033075270878384294
0.00032066335764090637
0.00031072349799458079
0.00030081804989205626
0.00029098968446152919
0.00028129489523840426
0.00027174891864966961
0.00026236777701535175
0.00025317571887825224
0.00024404913472526196
0.00023505631626678404
0.00022620275926971852
0.00021756920549359179
0.00020912607600035688
0.00020090868047582496
0.00019287856327574173
0.00018501922454291703
0.00017725374474944949
0.00016968541233301922
0.00016235882482024892
0.00015526980978198477
0.00014835407074517888
0.0001425618426123353
0.0001358378370001732
0.00012922857358681835
0.0001226982297488669
0.00011627088371859156
0.00011002740141249082
0.00010401455994891128
9.8211992929249603e-05
9.2513328610478875e-05
8.6712905795924194e-05
8.0917816410161465e-05
7.516438031731944e-05
6.9595482045064212e-05
6.4189525323849028e-05
5.9078719689849578e-05
5.4119590205485885e-05
4.8287191468265349e-05
4.4076719552450368e-05
4.0636985999537384e-05
3.4992187091175634e-05
3.1773694673265792e-05
2.9667141424349983e-05
3.5308645977745167e-05
3.9055603597792724e-05
3.6588033253792673e-05
2.9635555620188825e-05
2.9116266887285747e-05
0.00088588861741133466
0.00084818079933931417
0.0008093011447683527
0.00078848387197262971
0.00078212376499421947
0.00075478127081290546
0.00071434722094761193
0.00068837354628342273
0.00067862678956130142
0.00067771076567552319
0.00065613143798085895
0.00063151036902832824
0.00062329946467583254
0.00061161161885980376
0.00060208559706385824
0.00059364085946575235
0.00058526424563520862
0.00057676213274338159
0.00056799232045975586
0.00056112787126255865
0.0005522117750464896
0.0005430005109275265
0.00053390910653092205
0.00052502698238475053
0.00052067348255484399
0.00051182542637576601
0.00050196625032743278
0.00049221300988744917
0.00048265841053452425
0.00047751010957069014
0.00046776543128074726
0.00045775015821832802
0.00044748276515598102
0.00043704725191723662
0.00042684087450853048
0.00041675488177829022
0.00040963157160312522
0.00039941684197878795
0.00038924857160301646
0.00037901053008613909
0.00036827866565337296
0.00035762277695529148
0.00034727300137269985
0.00033710089498623433
0.00032689728225605526
0.00031675177482551927
0.00030669583927493075
0.00029670978828756774
0.00028680142912912231
0.00027706147333940364
0.00026749391921326409
0.00025802923237931783
0.00024874865870837444
0.00023963077552590349
0.00023068475331870249
0.00022196028475327323
0.00021334418530729419
0.00020490034390556315
0.00019662932374342563
0.00018858412559407631
0.00018070692079304225
0.00017302634267389415
0.00016553466434535499
0.00015867664757575288
0.00015145364781993034
0.00014441262073429303
0.0001374838909601344
0.00013071644920357458
0.00012388403526675696
0.00011728482306010509
0.00011084979647149276
0.00010461013003092295
9.8142882686891051e-05
9.225929366615636e-05
8.6379433336964423e-05
8.054396483934086e-05
7.465828003353777e-05
6.8837586520257863e-05
6.3094320212663245e-05
5.7575892996816355e-05
5.1337747883481707e-05
4.639628872744051e-05
4.2067188978761204e-05
3.8088711977402373e-05
3.1571524760098832e-05
2.7652843835974378e-05
2.5393981501367674e-05
2.8406789738231383e-05
3.075563094676963e-05
2.8711158114630557e-05
2.3374772354145534e-05
2.4587166408697003e-05
0.00087267804268673966
0.00083695106777374587
0.00079659579080732911
0.00078005416018457131
0.00076157695783004708
0.00073358612404453565
0.00070762642110817734
0.00067389273190073256
0.00066823576145769994
0.00067363130653294708
0.00064632894008916325
0.00062784316498230212
0.00062261473952987762
0.00061347514573860558
0.00060762401362132203
0.00059904376358581074
0.00059169632456842732
0.00058721175410589592
0.00058005471294287226
0.0005704714580764777
0.00056196233799488756
0.00055696193526845288
0.00054892509837846013
0.00054051954750945752
0.00053122362905082103
0.00052198098215280246
0.00051259340274852397
0.00050633765988420071
0.00049699225915073736
0.00048721758846332762
0.00047667660461400457
0.00046627372668741577
0.00045592421200228071
0.00044685370550666149
0.00043638476442480845
0.00042585500980868614
0.00041528972653960723
0.00040455379544215907
0.00039371961419624177
0.00038291170271421662
0.00037214863678422316
0.00036149775985412364
0.00034993080434577643
0.00033937812338522092
0.00032892264390687248
0.00031863175392323042
0.00030847194178214548
0.00029841377436065966
0.00028852053145978347
0.00027879307128433743
0.00026918287401999513
0.00026054643460285778
0.00025118079716897259
0.00024200814417445215
0.00023298479273053754
0.00022414756740511314
0.00021544431868575258
0.00020692593129775739
0.00019854890958088202
0.00019035960832938656
0.00018168425374156733
0.00017386244908817769
0.00016619507561184058
0.00015872387619893667
0.00015142704589959512
0.00014433649471058007
0.00013709923862963375
0.00013010922169246126
0.00012324522127341194
0.00011657392560313466
0.00010883465859447054
0.00010256337485629923
9.651879863413666e-05
9.0713869861266673e-05
8.5021183711287419e-05
7.9163916532955353e-05
7.3265126883427482e-05
6.7414558229284373e-05
6.1630764649204324e-05
5.5006349088631484e-05
4.9554611949650465e-05
4.4567316195222561e-05
4.0206461180461069e-05
3.5747033807598324e-05
2.8890589507983481e-05
2.4511102784103937e-05
2.1972242160318588e-05
2.3134316416814271e-05
2.45524778224757e-05
2.2288946432184895e-05
1.8091501985449566e-05
2.4582918854109146e-05
0.00083613600814334431
0.00079865555566272861
0.00076520290110189957
0.00075435499065271497
0.00074948571174440271
0.00070688107680172288
0.00068050868277665252
0.00066196077962947378
0.00065707183453303617
0.00066843965223297808
0.0006430962599311955
0.0006219062921032682
0.00062007946646360206
0.00061414133034764563
0.00060860483099405189
0.00060365803669118923
0.00059914621989138456
0.00059353725386893444
0.00058807919517421027
0.00058039251172678735
0.00057307273130197383
0.00056502239495732703
0.00055668935240038087
0.0005490291236794543
0.00054025914020685401
0.00053115567158387343
0.0005219791159764395
0.00051215824518833944
0.00050205391406467239
0.00049185811985821555
0.00048014680564400564
0.00046935432307575338
0.00045890668900186161
0.00044858640553834504
0.00043737771389546263
0.00042602728275528608
0.00041475446008513051
0.00040354965180136582
0.00038881765319767381
0.00037784458167726377
0.00036707481467308778
0.0003562438665352805
0.00034558368707905137
0.00033519542616096209
0.00032486616273695606
0.00031470359917169322
0.0003045801199443807
0.00029459630287951286
0.00028479925964994675
0.00027504824145078841
0.00026545528075697843
0.00025602937417894993
0.00024679046527807739
0.00023776223824218374
0.0002288900778459056
0.00022016312339365697
0.00021155414784780616
0.00020314664604639105
0.00019489034042147784
0.00018679990437689
0.00017888601998314855
0.00017121542401538962
0.00016357045311010898
0.00015592817644861522
0.00014844830507351555
0.00014112467348378481
0.0001339482369540195
0.00012690312897231491
0.0001178489127910784
0.0001113199088637678
0.00010505259608570643
9.8952639019499422e-05
9.3177320208310733e-05
8.7511986765043045e-05
8.1898245735971198e-05
7.6190995893172495e-05
7.0539102080798252e-05
6.4867661148430112e-05
5.8450930319648613e-05
5.3092212486459843e-05
4.7838285612179339e-05
4.288401568253763e-05
3.8321726606227458e-05
3.3867668076290299e-05
2.7019481739758104e-05
2.2542648785107657e-05
2.550480945089442e-05
2.6251617875365197e-05
2.7755731514824126e-05
2.4217893027597307e-05
1.789792773234882e-05
4.8154643456604365e-05
0.00078309025617503969
0.00074681478859764568
0.00071696804624830815
0.00071391440554779376
0.00071187674334540949
0.00066540224981305061
0.00064302200722721127
0.00063044093249678553
0.00063186448709618586
0.00064904134342052297
0.00062517080057553401
0.00060648459175425434
0.00060985361578317601
0.00060697320694685344
0.00060222995740481875
0.00059997950831386631
0.0005986083506852503
0.00059470467710725562
0.00058930169016155191
0.00057880841178805157
0.00057222255634596956
0.00056592559701218166
0.00055868993193367619
0.00054946653451085656
0.00054000388578571013
0.00052653939627965191
0.00051687294799489822
0.00050690256422962379
0.00049703884029838219
0.00048654656134647123
0.00047521603607836283
0.00046405743985160352
0.00045277498805614902
0.0004355179025705836
0.00042416808749241386
0.00041284464087731014
0.00040177012100640035
0.00039104425305113805
0.00038028116384937162
0.00036911567745924836
0.00035814547735599412
0.00034718224079825078
0.00033639126057295819
0.00032576384060872083
0.0003153188985962144
0.00030510413409263549
0.0002951238672692473
0.00028532434885638832
0.00027576952157170323
0.00026635877011927051
0.00025713033065018735
0.00024802002921709364
0.00023908321775993087
0.00023029567352594068
0.00022167039099581836
0.00021309624832937854
0.00020474916996244185
0.00019646161769794782
0.0001883028204975831
0.00018023966676158172
0.0001723358506596844
0.00016450222037346109
0.0001568508490015578
0.00014928592029302389
0.00013891793777634961
0.00013192890419496414
0.00012521361286424215
0.00011863575246050606
0.00011231238515157714
0.00010610435750485044
0.0001002831513681639
9.4596979076774245e-05
8.9124793197432536e-05
8.3783440419875571e-05
7.8653482571605527e-05
7.3444581189978763e-05
6.830422910017686e-05
6.6583965835163443e-05
6.212423110870817e-05
5.7428811203804142e-05
5.2239982576739874e-05
4.599592032621935e-05
3.9755512261763215e-05
4.1858782353139952e-05
3.9939158908089132e-05
3.5957824775736214e-05
3.4723919916165764e-05
5.7604731991800533e-05
6.2180655375587097e-05
5.8523570704831614e-05
4.8553686825371297e-05
0.00016022438340682082
0.00069921241426191411
0.00066539935412339099
0.00064332827399960738
0.0006171128667437491
0.00062411847948420603
0.00060119776610108343
0.0005844785951915661
0.00055947055127762723
0.00058829429840848233
0.0006066228680313133
0.0005767013274283546
0.00057625925788900559
0.00058225994242769568
0.00057489658001816108
0.00057884578531525849
0.00058009821409458009
0.00058109342968436142
0.00057822340928738122
0.00057336450919202864
0.00055863133936234137
0.00055289393097258238
0.0005472483136606276
0.00054021150009614621
0.00053186286526089985
0.00052355253992884246
0.00051403967092693444
0.00049533393274407841
0.00048515436303559091
0.00047476140870680747
0.00046447900563559373
0.00045445843077586391
0.00044401213280751821
0.00043327013920761443
0.00042241308371747768
0.00041130997331057401
0.00040004837613508766
0.00038872923467169282
0.00035854244645006089
0.00034742626524909739
0.00033667403736855223
0.00032636513540827515
0.00031656207218772872
0.00030709841700079317
0.00029776637248045521
0.00028842896525444508
0.00027901175471698706
0.0002696695982646255
0.00026030031794114171
0.00025098287500902462
0.00024175669393211114
0.00023277627861202678
0.00022411550058724463
0.00021576125314748184
0.00020763439367043335
0.00019979566433676123
0.0001921190643133641
0.00018465734978705429
0.00017735580582732671
0.00017028957943456528
0.0001633924340486404
0.00015678241199516206
0.00015040730632101789
0.00014435958265164036
0.00013855586846102144
0.00013296643737703562
0.00012587358566320419
0.00011956914280659413
0.0001136915955272711
0.00010830084877689453
0.00010330643477425682
9.8777326646202701e-05
9.4637776033371497e-05
9.1009633182017176e-05
9.7546209681378167e-05
9.619176425764636e-05
9.4981131949586109e-05
9.3896086822517841e-05
9.2854083729959966e-05
9.1804594046738467e-05
9.0604083727755159e-05
8.8917250623068444e-05
8.6927990196272731e-05
9.1087967223368391e-05
9.4836957244794388e-05
9.4855988440974007e-05
8.7496489166528143e-05
8.4676901975042697e-05
8.6492221053556507e-05
0.00012441631335509022
0.00012746861206138876
0.00013040668426817089
0.00030391450244282819
0.00045968904490635603
0.00044281015771357042
0.0004482468111967786
0.00045455316042752002
0.00046918096302189815
0.00045838248207421162
0.00042760111477038249
0.00044420377878761784
0.00049326694084863773
0.00051667293357934233
0.00048757919233781779
0.0004970299832148243
0.00051087885650078759
0.00052002589987938674
0.00052757357716785066
0.00053075969179236428
0.00050682385754880898
0.00050686929558758757
0.00050711577592564929
0.00050935354925294449
0.00050475536942787996
0.0004935358974038263
0.00048268568317337318
0.00047112620210597778
0.00045874159206341894
0.00044548088895600218
0.0003707202863598519
0.00035792365999398704
0.0003456074157544247
0.00033381714378991181
0.00032238418649298316
0.00031142782930878671
0.00030120217440087577
0.00029194151284173131
0.00028021139956096617
0.00026879875135225748
0.00025781527682551932
0.00024733480181762162
0.0002374469464474539
0.00022813279842478617
0.00021945465424136784
0.00021143235014532151
0.00020406968412268518
0.00019735143963766307
0.00019124060263522668
0.00018569850162566156
0.0001806898497826091
0.00017610883642701442
0.00017186662307845456
0.00016786130176439659
0.00016402047622537439
0.00016028958109451136
0.00015661927599674679
0.00015298078210128802
0.00014940714033124641
0.00014590629976171811
0.00014252511365255027
0.00013929968353008522
0.00013627391321744924
0.0001334695499591859
0.00013093410344908882
0.00012869011172811644
0.00012677445003330822
0.000125197291077075
0.0001239805189247848
0.00012265299677082092
0.00012334047833127619
0.00012430647832456065
0.00012553810032697971
0.00012704297929695414
0.00012882417099050424
0.00013089713007180645
0.00013327797858207221
0.00013599832838067627
0.00013911981052902738
0.000142666644028248
0.00014657653060823288
0.0001535320479888469
0.00015544171037618071
0.00015725164848845452
0.00015358023101871073
0.00015317849466852157
0.00015561584168815698
0.00015657634383228717
0.00015414124356741943
0.00014874532545524472
0.00014617851678833737
0.00014974469615749219
0.00016105977020229519
0.00016994711475255901
0.00017928440961404059
0.00033611865296629447
0.0001872425618262954
0.00018915717332379574
0.00020779622159946542
0.00020928348700863659
0.00022094431128853704
0.00022843504457010152
0.00024278682710765682
0.00025672006975407626
0.00025250653155723811
0.00024552816144060325
0.00023841305880373844
0.00022870245417371243
0.00021948975777803047
0.00013678232881191561
0.00013001844937595341
0.00012334469053211465
0.0001164032413335748
0.00010953728111342351
0.00010327582319010423
9.7757727683382565e-05
9.295813994518081e-05
8.8827788517716814e-05
8.5303468285245995e-05
8.2311397847517143e-05
7.9776478074599944e-05
7.7634039010251242e-05
7.5834776226879627e-05
7.4333516384895328e-05
7.3086906954367644e-05
7.2063213594385483e-05
7.1232045354114424e-05
7.0564493848887915e-05
7.0043621896184161e-05
6.966430942231999e-05
6.8384157202672213e-05
6.9155401433818042e-05
6.9929483288433403e-05
7.2000730258169122e-05
7.3274744492748283e-05
7.4451744731942099e-05
7.55513716152994e-05
7.6584637059023112e-05
7.7561642854057542e-05
7.8489257754227196e-05
7.9377768482529032e-05
8.0237292931929877e-05
8.1073785557030938e-05
8.1894551147754252e-05
8.2710185075801946e-05
8.3529669852562029e-05
8.4366156418426089e-05
8.5234598816847187e-05
8.6146941402406155e-05
8.711743532745304e-05
8.815830528493758e-05
8.9277534403762852e-05
9.0479624253999742e-05
9.1766707122187114e-05
9.3137542210432449e-05
9.4586666141512941e-05
9.6108517459984891e-05
9.7695620075916061e-05
9.9341315340259259e-05
0.00010104263413449581
0.00010279711571804678
0.00010460842025050265
0.00010647642494573519
0.00010840870703321462
0.00011040881576158478
0.00011248581136356819
0.00011464841151847166
0.00011690602745196702
0.00011926794675807436
0.00012176631055664249
0.0001245110650970051
0.00012748945475438801
0.00013068566555826319
0.00013412079770265425
0.00013776132760204055
0.0001415513231831605
0.00014536437190375582
0.0001491264763165133
0.00015317628890185319
0.00015906951148242227
0.00016158829754557683
0.00016519558941069002
0.0001734526595532483
0.00018988904188424547
0.00021537144385434451
0.00023556211860604418
0.00024678030666751321
0.00031093563944472832
6.7903395349062316e-05
6.7803978674411803e-05
7.4104164603333494e-05
7.8775451426627786e-05
7.771264699269651e-05
7.4627363289122881e-05
7.5196831933311672e-05
7.9985888583702496e-05
8.9541880177311436e-05
0.00011379122588550672
0.00014008297075107849
0.00019211295012835195
0.00023009571728161899
0.00022738089924458917
0.00022258389111970412
0.00021752347542659443
0.00021175940226919216
0.00020560072717544601
0.00019906334618150477
0.00019257614920410845
7.5612411736420803e-05
7.4368893060749297e-05
7.4888344230685777e-05
7.7983721653046919e-05
8.3714835850063783e-05
8.9087215058463452e-05
9.2879154082500817e-05
9.4972104511383514e-05
9.4949694846566788e-05
9.4066937679950305e-05
9.3688827365542168e-05
9.4912796207778096e-05
9.6140462812819858e-05
9.6280607976950705e-05
9.812103373771075e-05
0.00010333711159323886
0.00011001126973731587
0.00011746181775847491
0.0001258684433209465
0.00013644109632937336
0.00015146729302212432
0.00017068268680593162
0.00019201060613896454
0.00021234490366119898
0.00022921426145913688
0.00023372530327458237
0.00023220864923250925
0.00022953360422335535
0.00022683686800725389
0.00022422765832485982
0.00022158016855723759
0.00021878567942408859
0.00021590080394654325
0.00021296304943462484
0.00020997980671307517
0.00020692763813916801
0.00020385590859069852
0.00020074136325819655
0.0001976998190870027
0.00019501381205113885
7.7628095493480117e-05
7.9292272751513621e-05
8.1098273270406305e-05
8.3239449798686301e-05
8.9486083685741757e-05
9.6123789810212174e-05
0.00010117097518919031
0.00010337714095521686
0.00010493618356821883
0.00010397172277282737
0.00010263950617318967
0.00010402147619346185
0.00010344075492159972
0.00010242042559323977
0.00010552492051492163
0.00011289324243654604
0.00012068593221096502
0.00012730253753474841
0.00013604488090946483
0.00014918484638113368
0.00016514318578878518
0.00018179201470019859
0.00019923232819239479
0.00021795314136030004
0.00023290597048049563
0.00023619025056088175
0.00023293986865552207
0.00023019177574871175
0.00022748800094506106
0.00022514083900467195
0.00022243324787161255
0.00021963098244588616
0.00021681757869479841
0.0002139798081753292
0.0002110850477015393
0.00020811060878887791
0.0002051346799609187
0.00020213372307768289
0.00019921700873269549
0.00019676088947575518
7.9104806459103619e-05
8.1047902350631009e-05
8.4037684351659633e-05
8.7262698397366759e-05
9.349459660583484e-05
0.00010105916450801693
0.00010818691042632879
0.00011016902500482422
0.00010989513071926173
0.00011155116226291284
0.00011320967149051152
0.00011345095826353328
0.00011186141562285508
0.00011215281404536324
0.00011732643651599175
0.0001251332970797723
0.00013190986296553498
0.00013780649949881793
0.0001467971128115603
0.00015393857178915568
0.0001702519547686288
0.00018635041731654761
0.0002026013385081096
0.00022085251442933933
0.00023562127514822537
0.00023602665835969244
0.00023313836994737531
0.00023026410971650795
0.00022755361280679193
0.00022492006629100194
0.00022217884660937474
0.00021936083407186768
0.00021657903636630409
0.00021378708440003208
0.00021089821604925092
0.0002078996128560152
0.00020492551960864805
0.00020193035670056778
0.00019904022960787464
0.00019660005390544386
8.0274649438673315e-05
8.2522166541408397e-05
8.6624412419940283e-05
9.3368339777723648e-05
9.7877360635581821e-05
0.00010537353440322935
0.00011350620761492155
0.00011775498868365046
0.00011695880224079066
0.00011722729790007369
0.00012106966878775906
0.00012384803153166316
0.00012260764235662701
0.00012256528068710205
0.00012840509942510899
0.00013730400147560969
0.00014439440799116006
0.00014259831471239527
0.00015135896688755663
0.00016650920568700412
0.00018406941807991433
0.0001997720011578263
0.00021394280460248986
0.00022821234922973678
0.00023497237001858124
0.00023254768731881831
0.00022966137704843559
0.00022675603849814984
0.00022405093125734503
0.00022145348627415981
0.00021875944190028612
0.00021601836577581372
0.00021332696663213809
0.00021064423102888402
0.00020789438425643976
0.00020502979512395603
0.0002022325661262662
0.00019940384638516897
0.00019672212264449263
0.00019448579203766407
8.0841043641660971e-05
8.3359844091187571e-05
8.9036918657190675e-05
9.6858048351854299e-05
0.00010186622466966338
0.0001104685964177709
0.00011866007446506503
0.00012268688628129941
0.00012413322110660374
0.00012584432857366007
0.00012979914167266825
0.00013322768337156336
0.00013304769492212458
0.00013422236929662754
0.00014112941015969558
0.00015052307878010644
0.00014985057297529946
0.00015584345689129459
0.00016494710433803624
0.00018024672115751002
0.00019830072712789972
0.00021420440385785171
0.00022687471737577032
0.00023139011729929269
0.00022972919917541902
0.00022700553161758829
0.00022415762713522315
0.00022134581982812061
0.00021871018300875387
0.00021611764406041092
0.00021346027797986334
0.000210828031091429
0.00020825632106621339
0.00020568798393274675
0.00020307429534636512
0.00020038263405830538
0.00019779826570740739
0.00019518468132039113
0.0001927735734699404
0.00019075278109356226
8.0855473286597086e-05
8.3373252123942955e-05
9.0938599797056751e-05
0.00010029877420252409
0.00010496072091493499
0.00011477700822847315
0.00012473533311984454
0.0001278459387386469
0.0001289879354772976
0.00013409411549936611
0.00014018012303139841
0.00014323918364330908
0.00014341706716772121
0.00014664435247755826
0.00015541321787802917
0.00015674358978643718
0.00016391529910354043
0.00017013795090551611
0.00018062604509534963
0.0001974133622743066
0.00021482129855456472
0.00022645344637767779
0.00022818865522420263
0.00022685554778831662
0.00022425874423622082
0.0002215858552183034
0.00021878745225247838
0.00021606855644548204
0.00021350764360242912
0.00021093521780852446
0.00020831408204432329
0.00020576449658383708
0.00020331831794003193
0.00020088149324155177
0.0001983686117507696
0.00019578152873195412
0.00019333408115012395
0.00019087488660939772
0.0001886517795332644
0.0001869301351750429
8.0324571042519842e-05
8.2905303012736694e-05
9.2087211446004573e-05
0.00010296293130710768
0.0001078910745141337
0.00011803189536183922
0.00012970807236261351
0.00013293998617253423
0.00013474587229570501
0.00014265981247725426
0.00015081254039098956
0.0001538682849080279
0.00015464879064349971
0.00015997010734892432
0.00016218748622721257
0.00017217377017535694
0.00017917345621850747
0.00018530487472807953
0.00019669126901717562
0.00021403102048453805
0.00022502639949225777
0.00022554522742074801
0.0002234175051138609
0.00022088720271172481
0.00021845411548207714
0.00021581236007636766
0.00021300051343162624
0.00021384503377944804
0.00020783566256335216
0.00020527080642809335
0.00020265768746911738
0.00020015896747199092
0.00019781476912784151
0.00019550720188005964
0.00019307525301218178
0.00019053772977374904
0.00018818372089348816
0.00018584357977692126
0.00018380490218374457
0.00018238714196408789
7.8803428489203643e-05
8.1942198448814452e-05
9.3384190371146526e-05
0.00010453540563879522
0.00011020565909447146
0.00012090804711275542
0.00013325107141427052
0.0001382288054598078
0.00014172238521164686
0.00015094488232361274
0.00016102943020333425
0.00016536396480895123
0.00016724303474131055
0.00016634949410064935
0.0001776940850602118
0.00018820758196410619
0.00019489121438358967
0.00020074243250710745
0.00021243695016139239
0.00022083261360877492
0.00022167142744411328
0.00021901059645342271
0.00021639736257254014
0.00021822831822520693
0.00021589717507142006
0.00021323337631969758
0.00021036430373904628
0.00020769747053230904
0.00020523888854929569
0.00020266636895244339
0.00020003905278754143
0.00019755107800880533
0.00019524454385526019
0.0001929932973451395
0.00019058087322876911
0.00018800061205421446
0.00018162740490783761
0.00017934270737546564
0.00017747953086496657
0.00017642825583209657
7.6754093640028542e-05
8.040666037123899e-05
9.3657738524385365e-05
0.00010570549935489248
0.00011211472747816918
0.00012346309475628922
0.0001365139878106077
0.00014185388636542748
0.00014869205279173178
0.00016044725821146664
0.00017185124368850299
0.00017732632647123649
0.00018043482325895169
0.00018102534004089732
0.00019332735703177022
0.00020323700835131369
0.00020920482132655391
0.00021575122948189253
0.000215606604532564
0.00021547848792332394
0.00021323266199284549
0.00021548978416579959
0.00021300902683482679
0.00021083246486488776
0.00020858169653324005
0.00020577793998157725
0.00020271996476563746
0.00020001253950700126
0.00019757313093270507
0.00019494390801058707
0.00019227420908066222
0.00018980733690294121
0.00018755158321778092
0.00018539990509392284
0.00018308273091528329
0.00018054221311308456
0.00017821509540051479
0.00017591441078126591
0.00017406959043703911
0.00016860662212220395
7.4171301177125941e-05
7.8554893391180337e-05
9.3119829578272668e-05
0.00010652082088892658
0.00011289224512897088
0.00012494140327518372
0.00013994391908529348
0.00014727035886608064
0.00015424641631695527
0.00016902508844316127
0.00018376621024154491
0.00018970492597150603
0.00019210266861110982
0.0001954590160669757
0.0002047660995962593
0.00021131060273120797
0.00021106735017692148
0.00020890618201881936
0.00020729045346773607
0.00020561658799016423
0.00020347465407121433
0.00020643679897901863
0.0002039176407555335
0.00020175009841505356
0.00019940864836202627
0.00019642990593390539
0.00019328002539391052
0.00019054852321055614
0.00018801593945484658
0.0001852803718290659
0.00018259628765568851
0.00018012797813603769
0.00017781809994859608
0.0001756420933795369
0.00017338579359288324
0.00017090680244178258
0.00016866232061274084
0.00016645482436804693
0.0001648424860057433
0.00016419845326635333
7.1097465758016817e-05
7.6384400960511096e-05
9.2069826162400606e-05
0.00010718338180675703
0.00011364477042917475
0.0001258956426548594
0.00014263449718702011
0.00015339613310061395
0.00016295586482517634
0.00017699488302626277
0.00019210548474584476
0.00019607294359985403
0.00019559878274100017
0.00020066548019127665
0.00020310628892894798
0.00020264037050009268
0.00020050480152994612
0.00019810937641181513
0.00019635466152340459
0.00019470828368471616
0.00019858492973624608
0.00019607303571666753
0.00019358272753341402
0.00019134480728059803
0.00018878433486502585
0.00018564701698549644
0.00018253652738082549
0.00017986610316544815
0.00017724941827832575
0.00017445586555735947
0.00017180665185826565
0.00016936031177428845
0.00016703037032856434
0.00016482363695050642
0.0001625844827543978
0.00016013691351588919
0.00015792826909533073
0.00015573297827102219
0.00015426464254102924
0.0001541972950702604
6.7672129603495049e-05
7.3923811525808443e-05
9.0406515047863572e-05
0.00010657293743167339
0.00011398689348606629
0.00012722921855134783
0.00014529361306164689
0.0001605387224117294
0.00017347976742914533
0.00018355853758928917
0.0001888304119985984
0.00018925125269484441
0.00019287197474630494
0.00019320690978579867
0.0001922635767618406
0.00019075653607181781
0.0001886336540337652
0.00018637924491850659
0.00018473347289937596
0.00018315232629722574
0.00018732573680911257
0.0001848689508840242
0.00018241954914068002
0.00018007344778730474
0.00017734866389280932
0.00017417102740339291
0.00017112676869146526
0.00016847900405991822
0.00016583596880082041
0.00016307822753895826
0.00016051029817535994
0.00015810998964434656
0.00015577750485724597
0.00015357230746292427
0.00015139865743417659
0.0001490097543914762
0.00014685018582090184
0.00014467343513833338
0.00014330316178486321
0.00014367219540825272
6.399089714145172e-05
7.1234381961663879e-05
8.8365745487626422e-05
0.00010505526690815659
0.00011446704237029813
0.0001291852358337382
0.00014816145061171705
0.0001667353353695944
0.00017841625748568586
0.00017784215634272256
0.00017693235448817168
0.00017588933532719931
0.00018168359654771211
0.00018087503625729477
0.0001799168117881524
0.0001784949466381375
0.0001763363156389019
0.0001742327605499626
0.00017266634062521651
0.00017116948699253052
0.00017549037496763465
0.00017311863813799819
0.00017073280366942134
0.00016834477545591236
0.00016553278879614095
0.00016235041842420573
0.000159431807733196
0.00015683803847939626
0.0001541886815181207
0.0001515057010958881
0.00014903875126037747
0.00014671043027192354
0.00014441715029533952
0.00014223984908312559
0.00014014572976249321
0.00013784666394529301
0.0001357610387759389
0.00013362509295378183
0.00013234255532820007
0.00013297939566016807
6.0149330881294745e-05
6.8387265502636662e-05
8.6009181386379897e-05
0.00010324744467866994
0.00011507663035113462
0.00013151516822923923
0.00015198496993821509
0.00016822245379444212
0.00016667312137658535
0.00016489832344807317
0.00016355115550751976
0.00016282100055244026
0.00016876814635302971
0.00016822677590266224
0.00016740190988272902
0.00016603199699463816
0.00016390740968102915
0.0001618893273351407
0.0001603657425968481
0.00015893548117985309
0.00016331944317459236
0.00016108870466138853
0.00015881061482894313
0.00015641608845143312
0.00015358775272034109
0.00015052491092802938
0.00014777765356151508
0.00014525868857994252
0.0001426535502256542
0.00014004721351320112
0.00013765410520663195
0.00013539988140109926
0.00013317450858495931
0.00013106463718609785
0.00012906515621580184
0.00012685256451654982
0.00012484686795629279
0.00012276465959722518
0.00012157385401044763
0.00012240816132974748
5.6163416369284073e-05
6.5415798062443288e-05
8.330557032311331e-05
0.00010120435789256132
0.00011481969139164973
0.00013379303170288836
0.00015251936343268157
0.00015356275252997875
0.00015235786474766469
0.0001513347399425869
0.00015048410082660996
0.00014999963839719779
0.00015596411859812879
0.00015557496247822549
0.000154812443345994
0.00015348678700895647
0.00015146025776688576
0.00014950513586598656
0.00014800039233427495
0.00014661581633670161
0.00015102949678482398
0.0001489845486021321
0.00014684115026264164
0.00014450274179289162
0.00014176835247781128
0.00013886858481865146
0.00013626433515924363
0.000133830013733464
0.0001313171741143305
0.00012883135847509576
0.00012653307669207762
0.0001243686128873378
0.00012224842794239521
0.0001202144254464801
0.00011827157011322302
0.00011615385893909117
0.00011422421162804965
0.00011219611177517379
0.00011109862201560809
0.00011211193271806409
5.2046044251377684e-05
6.2250235296779072e-05
8.0475665844227049e-05
9.8995906184290227e-05
0.00011290093981729135
0.00013302036356142361
0.00014082146366321003
0.00013973090972285718
0.00013870672798399483
0.00013819500386832821
0.00013773816291425003
0.00013741041350398054
0.00014326721142065204
0.00014294692743329357
0.00014220376415211337
0.00014093961387089409
0.00013911061978433281
0.00013718585479128361
0.00013567286658501993
0.00013431212179532457
0.00013873133225510308
0.00013691124215234007
0.00013494748947625701
0.00013273850961635267
0.0001301648368067706
0.00012746543507091701
0.00012499120686089164
0.00012264978087993592
0.00012025194860990613
0.00011792533769039437
0.00011575672397157177
0.00011366995716277608
0.00011167185584781691
0.00010974633187288418
0.00010785275655400691
0.00010578874239311009
0.00010392900215705939
0.00010196384998248861
0.0001009600069042971
0.00010214175764151879
4.7836377974051798e-05
5.8746882132254541e-05
7.7401698488132296e-05
9.6625630244543041e-05
0.00011010011177781603
0.00012661429458000001
0.00012793172381085716
0.00012670271098613739
0.00012578232358796345
0.00012559680186581692
0.00012538299134468996
0.00012511366706951914
0.00012490535631337146
0.00013044714856972489
0.0001297390964009716
0.0001285802587316187
0.00012697140596609456
0.00012505636136376418
0.00012351195539230127
0.00012215752640767105
0.0001265030753818456
0.0001249384836695658
0.00012318026556918429
0.00012112975422606641
0.0001187609011620824
0.00011633129459446732
0.00011405675468267873
0.0001118123036576435
0.00010954446042887866
0.00010734870357683941
0.00010528333389371289
0.00010329171056570844
0.00010140177148233049
9.9606416892144702e-05
9.7781262147445154e-05
9.5767073728351312e-05
9.3969190944040223e-05
9.2076438176633653e-05
9.1173235554739264e-05
9.2522429235564294e-05
4.3575794450890424e-05
5.4997941333567724e-05
7.4446497421562827e-05
9.4274943979398202e-05
0.0001062154416200963
0.00011545455565198492
0.00011534101749353405
0.00011436119530117139
0.00011356959032767431
0.00011354680335643608
0.00011345145106390078
0.00011318814581617858
0.000112898272589198
0.0001181747584778089
0.00011754253792612223
0.00011652393804150971
0.00011513534994733903
0.00011327547224890981
0.00011166549117650636
0.00011031446594378371
0.00010910163658689011
0.00011315221166682132
0.00011160006051927698
0.00010973759072481289
0.00010762257864869772
0.00010547145203802547
0.0001033723139251852
0.00010126333188153046
9.913773674691743e-05
9.7074696036717804e-05
9.5117731976618984e-05
9.3243378099482646e-05
9.148052758041532e-05
8.9808885181804013e-05
8.8065016985726564e-05
8.6120991546805039e-05
8.4389969416621326e-05
8.2582676750812511e-05
8.1785410148599834e-05
8.3304265648424672e-05
3.9319096686085686e-05
5.1657350945874544e-05
7.218072051231789e-05
9.1816069630136214e-05
0.00010301939698844674
0.00010450782898974955
0.00010399063534773728
0.00010320172049454721
0.00010249109333447389
0.00010243422469276643
0.00010233062054075644
0.00010202126996108492
0.0001015888594767432
0.00010627166397446608
0.00010571872211711307
0.00010485286907626145
0.00010363809177829013
0.0001019665360217914
0.00010026855617466856
9.89315427943896e-05
9.7718905886100835e-05
0.00010156724108290169
0.00010023027238353624
9.8600584418682798e-05
9.6760158285097677e-05
9.4855328667489057e-05
9.2940465471397593e-05
9.0999036863329542e-05
8.9039570645085329e-05
8.7121207069506718e-05
8.5293558663336144e-05
8.3559032726575645e-05
8.195117891455845e-05
8.0423383424634774e-05
7.8792795132394416e-05
7.6978014678251704e-05
7.5362629850971984e-05
7.3728244402647042e-05
7.3046194371798067e-05
7.4710968806105632e-05
3.5329194361111149e-05
4.9523527990401671e-05
7.1893507615092834e-05
9.1915019974784471e-05
9.785959138305521e-05
9.7064796332667509e-05
9.5722034971966975e-05
9.4505580181837703e-05
9.3669106966803525e-05
9.3591491079870269e-05
9.3391647259421137e-05
9.2964283889010268e-05
9.2324256805824035e-05
9.1612600609142895e-05
9.4814635450375767e-05
9.4030010466383503e-05
9.2905903035264098e-05
9.1421501449506475e-05
8.9711148456164309e-05
8.839843893982141e-05
8.7195549905923444e-05
8.6020885358848849e-05
8.9207632702246757e-05
8.78626611291948e-05
8.6296914742778474e-05
8.4633453757011824e-05
8.2950081171648325e-05
8.1232547399011181e-05
7.9497714139624539e-05
7.7812073049771913e-05
7.6219270491596173e-05
7.4728158997901061e-05
7.3376827183473868e-05
7.2111748744199035e-05
7.0777465468710495e-05
6.9398535830821555e-05
6.8183586557710681e-05
6.8666897309062471e-05
6.8097862566219021e-05
6.8891921445167687e-05
3.3544742656072614e-05
5.2216429319202411e-05
7.9921097302712866e-05
0.00010381538049957658
0.00010298865325462826
0.00010089850708144807
9.7082936082362072e-05
9.3986142242857796e-05
9.1345420514699072e-05
9.1784089211349422e-05
9.1403144657488562e-05
9.0694918451321923e-05
8.9679034561870204e-05
8.8454626891584938e-05
8.7162366664983291e-05
8.6065314459248812e-05
8.4718092273129863e-05
8.3133587834951863e-05
8.1355134175282439e-05
7.9894535089266601e-05
7.9001882931651007e-05
7.8068992302593446e-05
7.7216684892526482e-05
7.6376542960153741e-05
7.5482735622362483e-05
7.5986638629097373e-05
7.4755161038262191e-05
7.3553149170337885e-05
7.2427942849808159e-05
7.1485743469376189e-05
7.0742776671795475e-05
7.0189978490590137e-05
6.9812495959434181e-05
6.9617213765159119e-05
7.9317041370626217e-05
8.2884948849809922e-05
8.6015456953370293e-05
9.5173212833191384e-05
9.3997302499165258e-05
8.9043689303483739e-05
4.0657877798196781e-05
7.7483650672202211e-05
0.00012380394725133089
0.0001506234832302601
0.00013535664161672364
0.00013095591372028193
0.00012261011112809213
0.00011576181637396464
0.00010910000855801627
0.00010907807034352544
0.00010843123626146855
0.00010715577669550321
0.0001053839251700641
0.00010319177519985007
0.00010081627108774603
8.8647527057339687e-05
8.623087247022796e-05
8.3915977505870788e-05
8.1683189946782665e-05
7.9212778389307098e-05
7.6748612627852708e-05
7.837201256842517e-05
7.960171417778947e-05
8.0873182495512689e-05
8.2304039457520777e-05
8.4681303974330541e-05
8.8002664998030534e-05
9.1883980701641492e-05
9.6809636683791735e-05
0.0001031754256976434
0.00011040384188373928
0.00011837776171834712
0.00012723116226527343
0.00013702654591627144
0.00014835149393273989
0.00016416277103341922
0.00017747585366719563
0.00021245113452298287
0.00020797253455933902
0.00018499027868652647
9.9119665199790539e-05
0.00017589159667838862
0.00023444630944082555
0.00024880827880100669
0.0002090835507152139
0.00020307355146787935
0.00019034030017401002
0.00017994724176356646
0.00017107353908696538
0.00016443853382952511
0.00016307859508618713
0.00016019851140821695
0.00015667426718094264
0.00015292055858845847
0.00015025145400576558
0.000148385899012844
0.00014634467446456083
0.00011327457282679151
0.00011138603391845571
0.00010975145078637042
0.00010776172258471694
0.00010696129973358208
0.00010768886568257585
0.00011901944503706901
0.00013038165296200418
0.00014446785868788074
0.00016102561051688439
0.00017784018917507406
0.00019670992609795626
0.00021864381891292871
0.00024188472167834739
0.0002660818870960032
0.00029317108712547963
0.00032214208067424575
0.00035089742276156563
0.00038528205751201081
0.00040790857747197151
0.00050619671115953999
0.0005139050812034507
0.00048277933310818938
0.00027424594168087727
0.00036577098463387797
0.00038941903787872414
0.00031453160379847113
0.00032932524808265392
0.00032438613828916654
0.00030657671927584627
0.0002916672892054479
0.00027810311690333855
0.00026285403873771429
0.0002561671135481447
0.00025540191533657118
0.00025433216073421811
0.00025686415633230863
0.00026766794095718887
0.00028155180377980519
0.00029420534347878358
0.00030975129798660434
0.00033191030019114732
0.00022961872849545806
0.00023589925421152214
0.00024713449563525797
0.00026760739860902556
0.00028890473285814048
0.00031160359022602526
0.00034302190724767992
0.00038278002700364584
0.00042389324323490732
0.00047163392173019743
0.00052774240471863468
0.0005880721184248019
0.00064780603553649411
0.00070971048043457657
0.00077437353380066
0.00085695490187852634
0.00096953379536388095
0.0010822046995815557
0.0013053974179118668
0.0013641994549596929
0.0013452153710759333
0.00042363202066930542
0.00048215092400726755
0.0004827365480836697
0.00050020221674820504
0.00053163188173579025
0.00053705692609991665
0.00051277678189707329
0.00049312902640323195
0.00047826459657099806
0.00046846544629003064
0.00046973234663943118
0.00045578664867207408
0.00047163281124085188
0.00050189177272841334
0.00059490016110714638
0.00066382042189378323
0.00072509102864625038
0.00079136847375772617
0.00087058803116948566
0.00094606248000652065
0.0010095488582198353
0.0010797307093189431
0.00078441935780806851
0.0008488458745861203
0.00091698394448465944
0.0010023974774576927
0.0011064723740828526
0.00121582620636444
0.0013396571617424169
0.0014806672769803633
0.0016327432563685484
0.0017844448747595222
0.0019406913634086483
0.0021024587017742335
0.0023026377475013904
0.0025561257512225878
0.002812783389916319
0.0041277292437769016
0.0043534010630587455
0.0041500027300193131
0.00043505621318755291
0.00053848331723500517
0.00056837617719515709
0.00061819678428611901
0.00068542413348268673
0.00073913056774539633
0.00075687668136149812
0.00077529983581700384
0.00081091518834574996
0.0008706847285899832
0.00095525061777962036
0.0010440497246132605
0.0011392687449133946
0.0012608141630254307
0.0014068510136285052
0.0016067518154159188
0.0017225377960130572
0.0018527487991377711
0.0018732400841128022
0.0019620805958831329
0.0020489400434235169
0.00215419165586418
0.0022846920096971056
0.0024237491192129462
0.0025738016357225607
0.0027460616819429242
0.0029397622895187756
0.003142919258066681
0.0033628710401342101
0.0035989440124127511
0.003844395185745632
0.0040891123831932252
0.0043363195692787794
0.004585634401838636
0.0048666205649517281
0.0051893507630838553
0.0055194889712419249
0.0059258325863147804
0.0060255857577407217
0.0056639435795476029
0.00036650001829835623
0.00043502940801763934
0.00050030106382438391
0.00054487819155072433
0.00058678173294180271
0.00063809218022925268
0.00067499238732548312
0.00069716191715417299
0.00071748129559637231
0.00074136181553421715
0.00076932173464473795
0.00079897063952213032
0.00083071340341957429
0.00086716065102606201
0.00090637152162428901
0.00094610636864541698
0.00098738079842122252
0.0010316442349772559
0.0010789123785189478
0.0011276029305791269
0.0011779658505414034
0.0012311660825106254
0.0012871411286019285
0.0013459396105801804
0.0014081532709567662
0.0014738695030018058
0.001543159657965414
0.0016163114069575304
0.0016933755675080024
0.0017738787325297803
0.0018574355394215215
0.0019430992143429028
0.0020303215184629825
0.002117545468776961
0.0022108592206521761
0.0023150940532700661
0.0024201402178457734
0.0025209750797375442
0.00260204467383959
0.0026520865037059351
0.00094487289133223711
0.00086559899525922202
0.00080575089358313353
0.00074341275546784707
0.00068949008125530778
0.0006448223064168682
0.00060175106158417415
0.00056344591056373995
0.00053114803255272869
0.00050358373891511089
0.00048035229996335035
0.00046174076238837247
0.00044683800840673404
0.00043578869431556522
0.00042917482053720437
0.00042394897889146208
0.00041923464977803676
0.00041478013745283211
0.00041007336856143962
0.0004068224189415879
0.00040132944050988125
0.00039434656336723872
0.00038605608629586332
0.00037829842898809115
0.00036793643868336895
0.00035551913871922615
0.00034256738125105221
0.00032954525147703363
0.00031375622829095504
0.000297469591752867
0.00028145014065700952
0.0002632176293813618
0.00024445938319198095
0.00022687677212824718
0.00020790353096506811
0.0001902771754135234
0.00017175734360207694
0.0001524756898963363
0.00013459582080276012
0.00011787580352422191
0.00010599689838867417
9.4084382344096314e-05
8.3638431383051731e-05
7.890028281336075e-05
7.1414652093771292e-05
6.8134816787710826e-05
6.8156489019032397e-05
6.9876058580451667e-05
7.7386057859102066e-05
7.8782526660712958e-05
7.678188534342201e-05
7.3133218970920693e-05
7.8734225227595684e-05
8.1937986409001652e-05
0.00010185077914028977
0.00012451823762484179
0.00016454399014537285
0.00021444019305106928
0.00022936841172569301
0.00022510586248264633
0.0002200800047578033
0.00021471784982145923
0.0002087460152888952
0.0002023297381405205
0.00019576921819936113
0.00018954212223616605
)
;

boundaryField
{
    inlet
    {
        type            zeroGradient;
    }
    outlet
    {
        type            zeroGradient;
    }
    fluid_to_graphite { type nutkWallFunction; Cmu 0.09; kappa 0.41; E 9.8; value uniform 0.0001; }
    wedgeBack
    {
        type            wedge;
    }
    wedgeFront
    {
        type            wedge;
    }
    defaultFaces
    {
        type            empty;
    }
}


// ************************************************************************* //
