                                                                               
                             
                                                                   
                                                            
                                          
                             
                                                                               
FoamFile
{
    format      ascii;
    class       faceList;
    location    "constant/fluid/polyMesh";
    object      faces;
}
                                                                               


18396
(
3(1 34 958)
4(33 957 958 34)
3(2 35 959)
4(34 958 959 35)
3(3 36 960)
4(35 959 960 36)
3(4 37 961)
4(36 960 961 37)
3(5 38 962)
4(37 961 962 38)
3(6 39 963)
4(38 962 963 39)
3(7 40 964)
4(39 963 964 40)
3(8 41 965)
4(40 964 965 41)
3(9 42 966)
4(41 965 966 42)
3(10 43 967)
4(42 966 967 43)
3(11 44 968)
4(43 967 968 44)
3(12 45 969)
4(44 968 969 45)
3(13 46 970)
4(45 969 970 46)
3(14 47 971)
4(46 970 971 47)
3(15 48 972)
4(47 971 972 48)
3(16 49 973)
4(48 972 973 49)
3(17 50 974)
4(49 973 974 50)
3(18 51 975)
4(50 974 975 51)
3(19 52 976)
4(51 975 976 52)
3(20 53 977)
4(52 976 977 53)
3(21 54 978)
4(53 977 978 54)
3(22 55 979)
4(54 978 979 55)
3(23 56 980)
4(55 979 980 56)
3(24 57 981)
4(56 980 981 57)
3(25 58 982)
4(57 981 982 58)
3(26 59 983)
4(58 982 983 59)
3(27 60 984)
4(59 983 984 60)
3(28 61 985)
4(60 984 985 61)
3(29 62 986)
4(61 985 986 62)
3(30 63 987)
4(62 986 987 63)
3(31 64 988)
4(63 987 988 64)
4(64 988 989 65)
3(32 65 989)
4(34 67 991 958)
4(66 990 991 67)
4(35 68 992 959)
4(67 991 992 68)
4(36 69 993 960)
4(68 992 993 69)
4(37 70 994 961)
4(69 993 994 70)
4(38 71 995 962)
4(70 994 995 71)
4(39 72 996 963)
4(71 995 996 72)
4(40 73 997 964)
4(72 996 997 73)
4(41 74 998 965)
4(73 997 998 74)
4(42 75 999 966)
4(74 998 999 75)
4(43 76 1000 967)
4(75 999 1000 76)
4(44 77 1001 968)
4(76 1000 1001 77)
4(45 78 1002 969)
4(77 1001 1002 78)
4(46 79 1003 970)
4(78 1002 1003 79)
4(47 80 1004 971)
4(79 1003 1004 80)
4(48 81 1005 972)
4(80 1004 1005 81)
4(49 82 1006 973)
4(81 1005 1006 82)
4(50 83 1007 974)
4(82 1006 1007 83)
4(51 84 1008 975)
4(83 1007 1008 84)
4(52 85 1009 976)
4(84 1008 1009 85)
4(53 86 1010 977)
4(85 1009 1010 86)
4(54 87 1011 978)
4(86 1010 1011 87)
4(55 88 1012 979)
4(87 1011 1012 88)
4(56 89 1013 980)
4(88 1012 1013 89)
4(57 90 1014 981)
4(89 1013 1014 90)
4(58 91 1015 982)
4(90 1014 1015 91)
4(59 92 1016 983)
4(91 1015 1016 92)
4(60 93 1017 984)
4(92 1016 1017 93)
4(61 94 1018 985)
4(93 1017 1018 94)
4(62 95 1019 986)
4(94 1018 1019 95)
4(63 96 1020 987)
4(95 1019 1020 96)
4(64 97 1021 988)
4(96 1020 1021 97)
4(97 1021 1022 98)
4(65 98 1022 989)
4(67 100 1024 991)
4(99 1023 1024 100)
4(68 101 1025 992)
4(100 1024 1025 101)
4(69 102 1026 993)
4(101 1025 1026 102)
4(70 103 1027 994)
4(102 1026 1027 103)
4(71 104 1028 995)
4(103 1027 1028 104)
4(72 105 1029 996)
4(104 1028 1029 105)
4(73 106 1030 997)
4(105 1029 1030 106)
4(74 107 1031 998)
4(106 1030 1031 107)
4(75 108 1032 999)
4(107 1031 1032 108)
4(76 109 1033 1000)
4(108 1032 1033 109)
4(77 110 1034 1001)
4(109 1033 1034 110)
4(78 111 1035 1002)
4(110 1034 1035 111)
4(79 112 1036 1003)
4(111 1035 1036 112)
4(80 113 1037 1004)
4(112 1036 1037 113)
4(81 114 1038 1005)
4(113 1037 1038 114)
4(82 115 1039 1006)
4(114 1038 1039 115)
4(83 116 1040 1007)
4(115 1039 1040 116)
4(84 117 1041 1008)
4(116 1040 1041 117)
4(85 118 1042 1009)
4(117 1041 1042 118)
4(86 119 1043 1010)
4(118 1042 1043 119)
4(87 120 1044 1011)
4(119 1043 1044 120)
4(88 121 1045 1012)
4(120 1044 1045 121)
4(89 122 1046 1013)
4(121 1045 1046 122)
4(90 123 1047 1014)
4(122 1046 1047 123)
4(91 124 1048 1015)
4(123 1047 1048 124)
4(92 125 1049 1016)
4(124 1048 1049 125)
4(93 126 1050 1017)
4(125 1049 1050 126)
4(94 127 1051 1018)
4(126 1050 1051 127)
4(95 128 1052 1019)
4(127 1051 1052 128)
4(96 129 1053 1020)
4(128 1052 1053 129)
4(97 130 1054 1021)
4(129 1053 1054 130)
4(130 1054 1055 131)
4(98 131 1055 1022)
4(100 133 1057 1024)
4(132 1056 1057 133)
4(101 134 1058 1025)
4(133 1057 1058 134)
4(102 135 1059 1026)
4(134 1058 1059 135)
4(103 136 1060 1027)
4(135 1059 1060 136)
4(104 137 1061 1028)
4(136 1060 1061 137)
4(105 138 1062 1029)
4(137 1061 1062 138)
4(106 139 1063 1030)
4(138 1062 1063 139)
4(107 140 1064 1031)
4(139 1063 1064 140)
4(108 141 1065 1032)
4(140 1064 1065 141)
4(109 142 1066 1033)
4(141 1065 1066 142)
4(110 143 1067 1034)
4(142 1066 1067 143)
4(111 144 1068 1035)
4(143 1067 1068 144)
4(112 145 1069 1036)
4(144 1068 1069 145)
4(113 146 1070 1037)
4(145 1069 1070 146)
4(114 147 1071 1038)
4(146 1070 1071 147)
4(115 148 1072 1039)
4(147 1071 1072 148)
4(116 149 1073 1040)
4(148 1072 1073 149)
4(117 150 1074 1041)
4(149 1073 1074 150)
4(118 151 1075 1042)
4(150 1074 1075 151)
4(119 152 1076 1043)
4(151 1075 1076 152)
4(120 153 1077 1044)
4(152 1076 1077 153)
4(121 154 1078 1045)
4(153 1077 1078 154)
4(122 155 1079 1046)
4(154 1078 1079 155)
4(123 156 1080 1047)
4(155 1079 1080 156)
4(124 157 1081 1048)
4(156 1080 1081 157)
4(125 158 1082 1049)
4(157 1081 1082 158)
4(126 159 1083 1050)
4(158 1082 1083 159)
4(127 160 1084 1051)
4(159 1083 1084 160)
4(128 161 1085 1052)
4(160 1084 1085 161)
4(129 162 1086 1053)
4(161 1085 1086 162)
4(130 163 1087 1054)
4(162 1086 1087 163)
4(163 1087 1088 164)
4(131 164 1088 1055)
4(133 166 1090 1057)
4(165 1089 1090 166)
4(134 167 1091 1058)
4(166 1090 1091 167)
4(135 168 1092 1059)
4(167 1091 1092 168)
4(136 169 1093 1060)
4(168 1092 1093 169)
4(137 170 1094 1061)
4(169 1093 1094 170)
4(138 171 1095 1062)
4(170 1094 1095 171)
4(139 172 1096 1063)
4(171 1095 1096 172)
4(140 173 1097 1064)
4(172 1096 1097 173)
4(141 174 1098 1065)
4(173 1097 1098 174)
4(142 175 1099 1066)
4(174 1098 1099 175)
4(143 176 1100 1067)
4(175 1099 1100 176)
4(144 177 1101 1068)
4(176 1100 1101 177)
4(145 178 1102 1069)
4(177 1101 1102 178)
4(146 179 1103 1070)
4(178 1102 1103 179)
4(147 180 1104 1071)
4(179 1103 1104 180)
4(148 181 1105 1072)
4(180 1104 1105 181)
4(149 182 1106 1073)
4(181 1105 1106 182)
4(150 183 1107 1074)
4(182 1106 1107 183)
4(151 184 1108 1075)
4(183 1107 1108 184)
4(152 185 1109 1076)
4(184 1108 1109 185)
4(153 186 1110 1077)
4(185 1109 1110 186)
4(154 187 1111 1078)
4(186 1110 1111 187)
4(155 188 1112 1079)
4(187 1111 1112 188)
4(156 189 1113 1080)
4(188 1112 1113 189)
4(157 190 1114 1081)
4(189 1113 1114 190)
4(158 191 1115 1082)
4(190 1114 1115 191)
4(159 192 1116 1083)
4(191 1115 1116 192)
4(160 193 1117 1084)
4(192 1116 1117 193)
4(161 194 1118 1085)
4(193 1117 1118 194)
4(162 195 1119 1086)
4(194 1118 1119 195)
4(163 196 1120 1087)
4(195 1119 1120 196)
4(196 1120 1121 197)
4(164 197 1121 1088)
4(166 199 1123 1090)
4(198 1122 1123 199)
4(167 200 1124 1091)
4(199 1123 1124 200)
4(168 201 1125 1092)
4(200 1124 1125 201)
4(169 202 1126 1093)
4(201 1125 1126 202)
4(170 203 1127 1094)
4(202 1126 1127 203)
4(171 204 1128 1095)
4(203 1127 1128 204)
4(172 205 1129 1096)
4(204 1128 1129 205)
4(173 206 1130 1097)
4(205 1129 1130 206)
4(174 207 1131 1098)
4(206 1130 1131 207)
4(175 208 1132 1099)
4(207 1131 1132 208)
4(176 209 1133 1100)
4(208 1132 1133 209)
4(177 210 1134 1101)
4(209 1133 1134 210)
4(178 211 1135 1102)
4(210 1134 1135 211)
4(179 212 1136 1103)
4(211 1135 1136 212)
4(180 213 1137 1104)
4(212 1136 1137 213)
4(181 214 1138 1105)
4(213 1137 1138 214)
4(182 215 1139 1106)
4(214 1138 1139 215)
4(183 216 1140 1107)
4(215 1139 1140 216)
4(184 217 1141 1108)
4(216 1140 1141 217)
4(185 218 1142 1109)
4(217 1141 1142 218)
4(186 219 1143 1110)
4(218 1142 1143 219)
4(187 220 1144 1111)
4(219 1143 1144 220)
4(188 221 1145 1112)
4(220 1144 1145 221)
4(189 222 1146 1113)
4(221 1145 1146 222)
4(190 223 1147 1114)
4(222 1146 1147 223)
4(191 224 1148 1115)
4(223 1147 1148 224)
4(192 225 1149 1116)
4(224 1148 1149 225)
4(193 226 1150 1117)
4(225 1149 1150 226)
4(194 227 1151 1118)
4(226 1150 1151 227)
4(195 228 1152 1119)
4(227 1151 1152 228)
4(196 229 1153 1120)
4(228 1152 1153 229)
4(229 1153 1154 230)
4(197 230 1154 1121)
4(199 232 1156 1123)
4(231 1155 1156 232)
4(200 233 1157 1124)
4(232 1156 1157 233)
4(201 234 1158 1125)
4(233 1157 1158 234)
4(202 235 1159 1126)
4(234 1158 1159 235)
4(203 236 1160 1127)
4(235 1159 1160 236)
4(204 237 1161 1128)
4(236 1160 1161 237)
4(205 238 1162 1129)
4(237 1161 1162 238)
4(206 239 1163 1130)
4(238 1162 1163 239)
4(207 240 1164 1131)
4(239 1163 1164 240)
4(208 241 1165 1132)
4(240 1164 1165 241)
4(209 242 1166 1133)
4(241 1165 1166 242)
4(210 243 1167 1134)
4(242 1166 1167 243)
4(211 244 1168 1135)
4(243 1167 1168 244)
4(212 245 1169 1136)
4(244 1168 1169 245)
4(213 246 1170 1137)
4(245 1169 1170 246)
4(214 247 1171 1138)
4(246 1170 1171 247)
4(215 248 1172 1139)
4(247 1171 1172 248)
4(216 249 1173 1140)
4(248 1172 1173 249)
4(217 250 1174 1141)
4(249 1173 1174 250)
4(218 251 1175 1142)
4(250 1174 1175 251)
4(219 252 1176 1143)
4(251 1175 1176 252)
4(220 253 1177 1144)
4(252 1176 1177 253)
4(221 254 1178 1145)
4(253 1177 1178 254)
4(222 255 1179 1146)
4(254 1178 1179 255)
4(223 256 1180 1147)
4(255 1179 1180 256)
4(224 257 1181 1148)
4(256 1180 1181 257)
4(225 258 1182 1149)
4(257 1181 1182 258)
4(226 259 1183 1150)
4(258 1182 1183 259)
4(227 260 1184 1151)
4(259 1183 1184 260)
4(228 261 1185 1152)
4(260 1184 1185 261)
4(229 262 1186 1153)
4(261 1185 1186 262)
4(262 1186 1187 263)
4(230 263 1187 1154)
4(232 265 1189 1156)
4(264 1188 1189 265)
4(233 266 1190 1157)
4(265 1189 1190 266)
4(234 267 1191 1158)
4(266 1190 1191 267)
4(235 268 1192 1159)
4(267 1191 1192 268)
4(236 269 1193 1160)
4(268 1192 1193 269)
4(237 270 1194 1161)
4(269 1193 1194 270)
4(238 271 1195 1162)
4(270 1194 1195 271)
4(239 272 1196 1163)
4(271 1195 1196 272)
4(240 273 1197 1164)
4(272 1196 1197 273)
4(241 274 1198 1165)
4(273 1197 1198 274)
4(242 275 1199 1166)
4(274 1198 1199 275)
4(243 276 1200 1167)
4(275 1199 1200 276)
4(244 277 1201 1168)
4(276 1200 1201 277)
4(245 278 1202 1169)
4(277 1201 1202 278)
4(246 279 1203 1170)
4(278 1202 1203 279)
4(247 280 1204 1171)
4(279 1203 1204 280)
4(248 281 1205 1172)
4(280 1204 1205 281)
4(249 282 1206 1173)
4(281 1205 1206 282)
4(250 283 1207 1174)
4(282 1206 1207 283)
4(251 284 1208 1175)
4(283 1207 1208 284)
4(252 285 1209 1176)
4(284 1208 1209 285)
4(253 286 1210 1177)
4(285 1209 1210 286)
4(254 287 1211 1178)
4(286 1210 1211 287)
4(255 288 1212 1179)
4(287 1211 1212 288)
4(256 289 1213 1180)
4(288 1212 1213 289)
4(257 290 1214 1181)
4(289 1213 1214 290)
4(258 291 1215 1182)
4(290 1214 1215 291)
4(259 292 1216 1183)
4(291 1215 1216 292)
4(260 293 1217 1184)
4(292 1216 1217 293)
4(261 294 1218 1185)
4(293 1217 1218 294)
4(262 295 1219 1186)
4(294 1218 1219 295)
4(295 1219 1220 296)
4(263 296 1220 1187)
4(265 298 1222 1189)
4(297 1221 1222 298)
4(266 299 1223 1190)
4(298 1222 1223 299)
4(267 300 1224 1191)
4(299 1223 1224 300)
4(268 301 1225 1192)
4(300 1224 1225 301)
4(269 302 1226 1193)
4(301 1225 1226 302)
4(270 303 1227 1194)
4(302 1226 1227 303)
4(271 304 1228 1195)
4(303 1227 1228 304)
4(272 305 1229 1196)
4(304 1228 1229 305)
4(273 306 1230 1197)
4(305 1229 1230 306)
4(274 307 1231 1198)
4(306 1230 1231 307)
4(275 308 1232 1199)
4(307 1231 1232 308)
4(276 309 1233 1200)
4(308 1232 1233 309)
4(277 310 1234 1201)
4(309 1233 1234 310)
4(278 311 1235 1202)
4(310 1234 1235 311)
4(279 312 1236 1203)
4(311 1235 1236 312)
4(280 313 1237 1204)
4(312 1236 1237 313)
4(281 314 1238 1205)
4(313 1237 1238 314)
4(282 315 1239 1206)
4(314 1238 1239 315)
4(283 316 1240 1207)
4(315 1239 1240 316)
4(284 317 1241 1208)
4(316 1240 1241 317)
4(285 318 1242 1209)
4(317 1241 1242 318)
4(286 319 1243 1210)
4(318 1242 1243 319)
4(287 320 1244 1211)
4(319 1243 1244 320)
4(288 321 1245 1212)
4(320 1244 1245 321)
4(289 322 1246 1213)
4(321 1245 1246 322)
4(290 323 1247 1214)
4(322 1246 1247 323)
4(291 324 1248 1215)
4(323 1247 1248 324)
4(292 325 1249 1216)
4(324 1248 1249 325)
4(293 326 1250 1217)
4(325 1249 1250 326)
4(294 327 1251 1218)
4(326 1250 1251 327)
4(295 328 1252 1219)
4(327 1251 1252 328)
4(328 1252 1253 329)
4(296 329 1253 1220)
4(298 331 1255 1222)
4(330 1254 1255 331)
4(299 332 1256 1223)
4(331 1255 1256 332)
4(300 333 1257 1224)
4(332 1256 1257 333)
4(301 334 1258 1225)
4(333 1257 1258 334)
4(302 335 1259 1226)
4(334 1258 1259 335)
4(303 336 1260 1227)
4(335 1259 1260 336)
4(304 337 1261 1228)
4(336 1260 1261 337)
4(305 338 1262 1229)
4(337 1261 1262 338)
4(306 339 1263 1230)
4(338 1262 1263 339)
4(307 340 1264 1231)
4(339 1263 1264 340)
4(308 341 1265 1232)
4(340 1264 1265 341)
4(309 342 1266 1233)
4(341 1265 1266 342)
4(310 343 1267 1234)
4(342 1266 1267 343)
4(311 344 1268 1235)
4(343 1267 1268 344)
4(312 345 1269 1236)
4(344 1268 1269 345)
4(313 346 1270 1237)
4(345 1269 1270 346)
4(314 347 1271 1238)
4(346 1270 1271 347)
4(315 348 1272 1239)
4(347 1271 1272 348)
4(316 349 1273 1240)
4(348 1272 1273 349)
4(317 350 1274 1241)
4(349 1273 1274 350)
4(318 351 1275 1242)
4(350 1274 1275 351)
4(319 352 1276 1243)
4(351 1275 1276 352)
4(320 353 1277 1244)
4(352 1276 1277 353)
4(321 354 1278 1245)
4(353 1277 1278 354)
4(322 355 1279 1246)
4(354 1278 1279 355)
4(323 356 1280 1247)
4(355 1279 1280 356)
4(324 357 1281 1248)
4(356 1280 1281 357)
4(325 358 1282 1249)
4(357 1281 1282 358)
4(326 359 1283 1250)
4(358 1282 1283 359)
4(327 360 1284 1251)
4(359 1283 1284 360)
4(328 361 1285 1252)
4(360 1284 1285 361)
4(361 1285 1286 362)
4(329 362 1286 1253)
4(331 364 1288 1255)
4(363 1287 1288 364)
4(332 365 1289 1256)
4(364 1288 1289 365)
4(333 366 1290 1257)
4(365 1289 1290 366)
4(334 367 1291 1258)
4(366 1290 1291 367)
4(335 368 1292 1259)
4(367 1291 1292 368)
4(336 369 1293 1260)
4(368 1292 1293 369)
4(337 370 1294 1261)
4(369 1293 1294 370)
4(338 371 1295 1262)
4(370 1294 1295 371)
4(339 372 1296 1263)
4(371 1295 1296 372)
4(340 373 1297 1264)
4(372 1296 1297 373)
4(341 374 1298 1265)
4(373 1297 1298 374)
4(342 375 1299 1266)
4(374 1298 1299 375)
4(343 376 1300 1267)
4(375 1299 1300 376)
4(344 377 1301 1268)
4(376 1300 1301 377)
4(345 378 1302 1269)
4(377 1301 1302 378)
4(346 379 1303 1270)
4(378 1302 1303 379)
4(347 380 1304 1271)
4(379 1303 1304 380)
4(348 381 1305 1272)
4(380 1304 1305 381)
4(349 382 1306 1273)
4(381 1305 1306 382)
4(350 383 1307 1274)
4(382 1306 1307 383)
4(351 384 1308 1275)
4(383 1307 1308 384)
4(352 385 1309 1276)
4(384 1308 1309 385)
4(353 386 1310 1277)
4(385 1309 1310 386)
4(354 387 1311 1278)
4(386 1310 1311 387)
4(355 388 1312 1279)
4(387 1311 1312 388)
4(356 389 1313 1280)
4(388 1312 1313 389)
4(357 390 1314 1281)
4(389 1313 1314 390)
4(358 391 1315 1282)
4(390 1314 1315 391)
4(359 392 1316 1283)
4(391 1315 1316 392)
4(360 393 1317 1284)
4(392 1316 1317 393)
4(361 394 1318 1285)
4(393 1317 1318 394)
4(394 1318 1319 395)
4(362 395 1319 1286)
4(364 397 1321 1288)
4(396 1320 1321 397)
4(365 398 1322 1289)
4(397 1321 1322 398)
4(366 399 1323 1290)
4(398 1322 1323 399)
4(367 400 1324 1291)
4(399 1323 1324 400)
4(368 401 1325 1292)
4(400 1324 1325 401)
4(369 402 1326 1293)
4(401 1325 1326 402)
4(370 403 1327 1294)
4(402 1326 1327 403)
4(371 404 1328 1295)
4(403 1327 1328 404)
4(372 405 1329 1296)
4(404 1328 1329 405)
4(373 406 1330 1297)
4(405 1329 1330 406)
4(374 407 1331 1298)
4(406 1330 1331 407)
4(375 408 1332 1299)
4(407 1331 1332 408)
4(376 409 1333 1300)
4(408 1332 1333 409)
4(377 410 1334 1301)
4(409 1333 1334 410)
4(378 411 1335 1302)
4(410 1334 1335 411)
4(379 412 1336 1303)
4(411 1335 1336 412)
4(380 413 1337 1304)
4(412 1336 1337 413)
4(381 414 1338 1305)
4(413 1337 1338 414)
4(382 415 1339 1306)
4(414 1338 1339 415)
4(383 416 1340 1307)
4(415 1339 1340 416)
4(384 417 1341 1308)
4(416 1340 1341 417)
4(385 418 1342 1309)
4(417 1341 1342 418)
4(386 419 1343 1310)
4(418 1342 1343 419)
4(387 420 1344 1311)
4(419 1343 1344 420)
4(388 421 1345 1312)
4(420 1344 1345 421)
4(389 422 1346 1313)
4(421 1345 1346 422)
4(390 423 1347 1314)
4(422 1346 1347 423)
4(391 424 1348 1315)
4(423 1347 1348 424)
4(392 425 1349 1316)
4(424 1348 1349 425)
4(393 426 1350 1317)
4(425 1349 1350 426)
4(394 427 1351 1318)
4(426 1350 1351 427)
4(427 1351 1352 428)
4(395 428 1352 1319)
4(397 430 1354 1321)
4(429 1353 1354 430)
4(398 431 1355 1322)
4(430 1354 1355 431)
4(399 432 1356 1323)
4(431 1355 1356 432)
4(400 433 1357 1324)
4(432 1356 1357 433)
4(401 434 1358 1325)
4(433 1357 1358 434)
4(402 435 1359 1326)
4(434 1358 1359 435)
4(403 436 1360 1327)
4(435 1359 1360 436)
4(404 437 1361 1328)
4(436 1360 1361 437)
4(405 438 1362 1329)
4(437 1361 1362 438)
4(406 439 1363 1330)
4(438 1362 1363 439)
4(407 440 1364 1331)
4(439 1363 1364 440)
4(408 441 1365 1332)
4(440 1364 1365 441)
4(409 442 1366 1333)
4(441 1365 1366 442)
4(410 443 1367 1334)
4(442 1366 1367 443)
4(411 444 1368 1335)
4(443 1367 1368 444)
4(412 445 1369 1336)
4(444 1368 1369 445)
4(413 446 1370 1337)
4(445 1369 1370 446)
4(414 447 1371 1338)
4(446 1370 1371 447)
4(415 448 1372 1339)
4(447 1371 1372 448)
4(416 449 1373 1340)
4(448 1372 1373 449)
4(417 450 1374 1341)
4(449 1373 1374 450)
4(418 451 1375 1342)
4(450 1374 1375 451)
4(419 452 1376 1343)
4(451 1375 1376 452)
4(420 453 1377 1344)
4(452 1376 1377 453)
4(421 454 1378 1345)
4(453 1377 1378 454)
4(422 455 1379 1346)
4(454 1378 1379 455)
4(423 456 1380 1347)
4(455 1379 1380 456)
4(424 457 1381 1348)
4(456 1380 1381 457)
4(425 458 1382 1349)
4(457 1381 1382 458)
4(426 459 1383 1350)
4(458 1382 1383 459)
4(427 460 1384 1351)
4(459 1383 1384 460)
4(460 1384 1385 461)
4(428 461 1385 1352)
4(430 463 1387 1354)
4(462 1386 1387 463)
4(431 464 1388 1355)
4(463 1387 1388 464)
4(432 465 1389 1356)
4(464 1388 1389 465)
4(433 466 1390 1357)
4(465 1389 1390 466)
4(434 467 1391 1358)
4(466 1390 1391 467)
4(435 468 1392 1359)
4(467 1391 1392 468)
4(436 469 1393 1360)
4(468 1392 1393 469)
4(437 470 1394 1361)
4(469 1393 1394 470)
4(438 471 1395 1362)
4(470 1394 1395 471)
4(439 472 1396 1363)
4(471 1395 1396 472)
4(440 473 1397 1364)
4(472 1396 1397 473)
4(441 474 1398 1365)
4(473 1397 1398 474)
4(442 475 1399 1366)
4(474 1398 1399 475)
4(443 476 1400 1367)
4(475 1399 1400 476)
4(444 477 1401 1368)
4(476 1400 1401 477)
4(445 478 1402 1369)
4(477 1401 1402 478)
4(446 479 1403 1370)
4(478 1402 1403 479)
4(447 480 1404 1371)
4(479 1403 1404 480)
4(448 481 1405 1372)
4(480 1404 1405 481)
4(449 482 1406 1373)
4(481 1405 1406 482)
4(450 483 1407 1374)
4(482 1406 1407 483)
4(451 484 1408 1375)
4(483 1407 1408 484)
4(452 485 1409 1376)
4(484 1408 1409 485)
4(453 486 1410 1377)
4(485 1409 1410 486)
4(454 487 1411 1378)
4(486 1410 1411 487)
4(455 488 1412 1379)
4(487 1411 1412 488)
4(456 489 1413 1380)
4(488 1412 1413 489)
4(457 490 1414 1381)
4(489 1413 1414 490)
4(458 491 1415 1382)
4(490 1414 1415 491)
4(459 492 1416 1383)
4(491 1415 1416 492)
4(460 493 1417 1384)
4(492 1416 1417 493)
4(493 1417 1418 494)
4(461 494 1418 1385)
4(463 496 1420 1387)
4(495 1419 1420 496)
4(464 497 1421 1388)
4(496 1420 1421 497)
4(465 498 1422 1389)
4(497 1421 1422 498)
4(466 499 1423 1390)
4(498 1422 1423 499)
4(467 500 1424 1391)
4(499 1423 1424 500)
4(468 501 1425 1392)
4(500 1424 1425 501)
4(469 502 1426 1393)
4(501 1425 1426 502)
4(470 503 1427 1394)
4(502 1426 1427 503)
4(471 504 1428 1395)
4(503 1427 1428 504)
4(472 505 1429 1396)
4(504 1428 1429 505)
4(473 506 1430 1397)
4(505 1429 1430 506)
4(474 507 1431 1398)
4(506 1430 1431 507)
4(475 508 1432 1399)
4(507 1431 1432 508)
4(476 509 1433 1400)
4(508 1432 1433 509)
4(477 510 1434 1401)
4(509 1433 1434 510)
4(478 511 1435 1402)
4(510 1434 1435 511)
4(479 512 1436 1403)
4(511 1435 1436 512)
4(480 513 1437 1404)
4(512 1436 1437 513)
4(481 514 1438 1405)
4(513 1437 1438 514)
4(482 515 1439 1406)
4(514 1438 1439 515)
4(483 516 1440 1407)
4(515 1439 1440 516)
4(484 517 1441 1408)
4(516 1440 1441 517)
4(485 518 1442 1409)
4(517 1441 1442 518)
4(486 519 1443 1410)
4(518 1442 1443 519)
4(487 520 1444 1411)
4(519 1443 1444 520)
4(488 521 1445 1412)
4(520 1444 1445 521)
4(489 522 1446 1413)
4(521 1445 1446 522)
4(490 523 1447 1414)
4(522 1446 1447 523)
4(491 524 1448 1415)
4(523 1447 1448 524)
4(492 525 1449 1416)
4(524 1448 1449 525)
4(493 526 1450 1417)
4(525 1449 1450 526)
4(526 1450 1451 527)
4(494 527 1451 1418)
4(496 529 1453 1420)
4(528 1452 1453 529)
4(497 530 1454 1421)
4(529 1453 1454 530)
4(498 531 1455 1422)
4(530 1454 1455 531)
4(499 532 1456 1423)
4(531 1455 1456 532)
4(500 533 1457 1424)
4(532 1456 1457 533)
4(501 534 1458 1425)
4(533 1457 1458 534)
4(502 535 1459 1426)
4(534 1458 1459 535)
4(503 536 1460 1427)
4(535 1459 1460 536)
4(504 537 1461 1428)
4(536 1460 1461 537)
4(505 538 1462 1429)
4(537 1461 1462 538)
4(506 539 1463 1430)
4(538 1462 1463 539)
4(507 540 1464 1431)
4(539 1463 1464 540)
4(508 541 1465 1432)
4(540 1464 1465 541)
4(509 542 1466 1433)
4(541 1465 1466 542)
4(510 543 1467 1434)
4(542 1466 1467 543)
4(511 544 1468 1435)
4(543 1467 1468 544)
4(512 545 1469 1436)
4(544 1468 1469 545)
4(513 546 1470 1437)
4(545 1469 1470 546)
4(514 547 1471 1438)
4(546 1470 1471 547)
4(515 548 1472 1439)
4(547 1471 1472 548)
4(516 549 1473 1440)
4(548 1472 1473 549)
4(517 550 1474 1441)
4(549 1473 1474 550)
4(518 551 1475 1442)
4(550 1474 1475 551)
4(519 552 1476 1443)
4(551 1475 1476 552)
4(520 553 1477 1444)
4(552 1476 1477 553)
4(521 554 1478 1445)
4(553 1477 1478 554)
4(522 555 1479 1446)
4(554 1478 1479 555)
4(523 556 1480 1447)
4(555 1479 1480 556)
4(524 557 1481 1448)
4(556 1480 1481 557)
4(525 558 1482 1449)
4(557 1481 1482 558)
4(526 559 1483 1450)
4(558 1482 1483 559)
4(559 1483 1484 560)
4(527 560 1484 1451)
4(529 562 1486 1453)
4(561 1485 1486 562)
4(530 563 1487 1454)
4(562 1486 1487 563)
4(531 564 1488 1455)
4(563 1487 1488 564)
4(532 565 1489 1456)
4(564 1488 1489 565)
4(533 566 1490 1457)
4(565 1489 1490 566)
4(534 567 1491 1458)
4(566 1490 1491 567)
4(535 568 1492 1459)
4(567 1491 1492 568)
4(536 569 1493 1460)
4(568 1492 1493 569)
4(537 570 1494 1461)
4(569 1493 1494 570)
4(538 571 1495 1462)
4(570 1494 1495 571)
4(539 572 1496 1463)
4(571 1495 1496 572)
4(540 573 1497 1464)
4(572 1496 1497 573)
4(541 574 1498 1465)
4(573 1497 1498 574)
4(542 575 1499 1466)
4(574 1498 1499 575)
4(543 576 1500 1467)
4(575 1499 1500 576)
4(544 577 1501 1468)
4(576 1500 1501 577)
4(545 578 1502 1469)
4(577 1501 1502 578)
4(546 579 1503 1470)
4(578 1502 1503 579)
4(547 580 1504 1471)
4(579 1503 1504 580)
4(548 581 1505 1472)
4(580 1504 1505 581)
4(549 582 1506 1473)
4(581 1505 1506 582)
4(550 583 1507 1474)
4(582 1506 1507 583)
4(551 584 1508 1475)
4(583 1507 1508 584)
4(552 585 1509 1476)
4(584 1508 1509 585)
4(553 586 1510 1477)
4(585 1509 1510 586)
4(554 587 1511 1478)
4(586 1510 1511 587)
4(555 588 1512 1479)
4(587 1511 1512 588)
4(556 589 1513 1480)
4(588 1512 1513 589)
4(557 590 1514 1481)
4(589 1513 1514 590)
4(558 591 1515 1482)
4(590 1514 1515 591)
4(559 592 1516 1483)
4(591 1515 1516 592)
4(592 1516 1517 593)
4(560 593 1517 1484)
4(562 595 1519 1486)
4(594 1518 1519 595)
4(563 596 1520 1487)
4(595 1519 1520 596)
4(564 597 1521 1488)
4(596 1520 1521 597)
4(565 598 1522 1489)
4(597 1521 1522 598)
4(566 599 1523 1490)
4(598 1522 1523 599)
4(567 600 1524 1491)
4(599 1523 1524 600)
4(568 601 1525 1492)
4(600 1524 1525 601)
4(569 602 1526 1493)
4(601 1525 1526 602)
4(570 603 1527 1494)
4(602 1526 1527 603)
4(571 604 1528 1495)
4(603 1527 1528 604)
4(572 605 1529 1496)
4(604 1528 1529 605)
4(573 606 1530 1497)
4(605 1529 1530 606)
4(574 607 1531 1498)
4(606 1530 1531 607)
4(575 608 1532 1499)
4(607 1531 1532 608)
4(576 609 1533 1500)
4(608 1532 1533 609)
4(577 610 1534 1501)
4(609 1533 1534 610)
4(578 611 1535 1502)
4(610 1534 1535 611)
4(579 612 1536 1503)
4(611 1535 1536 612)
4(580 613 1537 1504)
4(612 1536 1537 613)
4(581 614 1538 1505)
4(613 1537 1538 614)
4(582 615 1539 1506)
4(614 1538 1539 615)
4(583 616 1540 1507)
4(615 1539 1540 616)
4(584 617 1541 1508)
4(616 1540 1541 617)
4(585 618 1542 1509)
4(617 1541 1542 618)
4(586 619 1543 1510)
4(618 1542 1543 619)
4(587 620 1544 1511)
4(619 1543 1544 620)
4(588 621 1545 1512)
4(620 1544 1545 621)
4(589 622 1546 1513)
4(621 1545 1546 622)
4(590 623 1547 1514)
4(622 1546 1547 623)
4(591 624 1548 1515)
4(623 1547 1548 624)
4(592 625 1549 1516)
4(624 1548 1549 625)
4(625 1549 1550 626)
4(593 626 1550 1517)
4(595 628 1552 1519)
4(627 1551 1552 628)
4(596 629 1553 1520)
4(628 1552 1553 629)
4(597 630 1554 1521)
4(629 1553 1554 630)
4(598 631 1555 1522)
4(630 1554 1555 631)
4(599 632 1556 1523)
4(631 1555 1556 632)
4(600 633 1557 1524)
4(632 1556 1557 633)
4(601 634 1558 1525)
4(633 1557 1558 634)
4(602 635 1559 1526)
4(634 1558 1559 635)
4(603 636 1560 1527)
4(635 1559 1560 636)
4(604 637 1561 1528)
4(636 1560 1561 637)
4(605 638 1562 1529)
4(637 1561 1562 638)
4(606 639 1563 1530)
4(638 1562 1563 639)
4(607 640 1564 1531)
4(639 1563 1564 640)
4(608 641 1565 1532)
4(640 1564 1565 641)
4(609 642 1566 1533)
4(641 1565 1566 642)
4(610 643 1567 1534)
4(642 1566 1567 643)
4(611 644 1568 1535)
4(643 1567 1568 644)
4(612 645 1569 1536)
4(644 1568 1569 645)
4(613 646 1570 1537)
4(645 1569 1570 646)
4(614 647 1571 1538)
4(646 1570 1571 647)
4(615 648 1572 1539)
4(647 1571 1572 648)
4(616 649 1573 1540)
4(648 1572 1573 649)
4(617 650 1574 1541)
4(649 1573 1574 650)
4(618 651 1575 1542)
4(650 1574 1575 651)
4(619 652 1576 1543)
4(651 1575 1576 652)
4(620 653 1577 1544)
4(652 1576 1577 653)
4(621 654 1578 1545)
4(653 1577 1578 654)
4(622 655 1579 1546)
4(654 1578 1579 655)
4(623 656 1580 1547)
4(655 1579 1580 656)
4(624 657 1581 1548)
4(656 1580 1581 657)
4(625 658 1582 1549)
4(657 1581 1582 658)
4(658 1582 1583 659)
4(626 659 1583 1550)
4(628 661 1585 1552)
4(660 1584 1585 661)
4(629 662 1586 1553)
4(661 1585 1586 662)
4(630 663 1587 1554)
4(662 1586 1587 663)
4(631 664 1588 1555)
4(663 1587 1588 664)
4(632 665 1589 1556)
4(664 1588 1589 665)
4(633 666 1590 1557)
4(665 1589 1590 666)
4(634 667 1591 1558)
4(666 1590 1591 667)
4(635 668 1592 1559)
4(667 1591 1592 668)
4(636 669 1593 1560)
4(668 1592 1593 669)
4(637 670 1594 1561)
4(669 1593 1594 670)
4(638 671 1595 1562)
4(670 1594 1595 671)
4(639 672 1596 1563)
4(671 1595 1596 672)
4(640 673 1597 1564)
4(672 1596 1597 673)
4(641 674 1598 1565)
4(673 1597 1598 674)
4(642 675 1599 1566)
4(674 1598 1599 675)
4(643 676 1600 1567)
4(675 1599 1600 676)
4(644 677 1601 1568)
4(676 1600 1601 677)
4(645 678 1602 1569)
4(677 1601 1602 678)
4(646 679 1603 1570)
4(678 1602 1603 679)
4(647 680 1604 1571)
4(679 1603 1604 680)
4(648 681 1605 1572)
4(680 1604 1605 681)
4(649 682 1606 1573)
4(681 1605 1606 682)
4(650 683 1607 1574)
4(682 1606 1607 683)
4(651 684 1608 1575)
4(683 1607 1608 684)
4(652 685 1609 1576)
4(684 1608 1609 685)
4(653 686 1610 1577)
4(685 1609 1610 686)
4(654 687 1611 1578)
4(686 1610 1611 687)
4(655 688 1612 1579)
4(687 1611 1612 688)
4(656 689 1613 1580)
4(688 1612 1613 689)
4(657 690 1614 1581)
4(689 1613 1614 690)
4(658 691 1615 1582)
4(690 1614 1615 691)
4(691 1615 1616 692)
4(659 692 1616 1583)
4(661 694 1618 1585)
4(693 1617 1618 694)
4(662 695 1619 1586)
4(694 1618 1619 695)
4(663 696 1620 1587)
4(695 1619 1620 696)
4(664 697 1621 1588)
4(696 1620 1621 697)
4(665 698 1622 1589)
4(697 1621 1622 698)
4(666 699 1623 1590)
4(698 1622 1623 699)
4(667 700 1624 1591)
4(699 1623 1624 700)
4(668 701 1625 1592)
4(700 1624 1625 701)
4(669 702 1626 1593)
4(701 1625 1626 702)
4(670 703 1627 1594)
4(702 1626 1627 703)
4(671 704 1628 1595)
4(703 1627 1628 704)
4(672 705 1629 1596)
4(704 1628 1629 705)
4(673 706 1630 1597)
4(705 1629 1630 706)
4(674 707 1631 1598)
4(706 1630 1631 707)
4(675 708 1632 1599)
4(707 1631 1632 708)
4(676 709 1633 1600)
4(708 1632 1633 709)
4(677 710 1634 1601)
4(709 1633 1634 710)
4(678 711 1635 1602)
4(710 1634 1635 711)
4(679 712 1636 1603)
4(711 1635 1636 712)
4(680 713 1637 1604)
4(712 1636 1637 713)
4(681 714 1638 1605)
4(713 1637 1638 714)
4(682 715 1639 1606)
4(714 1638 1639 715)
4(683 716 1640 1607)
4(715 1639 1640 716)
4(684 717 1641 1608)
4(716 1640 1641 717)
4(685 718 1642 1609)
4(717 1641 1642 718)
4(686 719 1643 1610)
4(718 1642 1643 719)
4(687 720 1644 1611)
4(719 1643 1644 720)
4(688 721 1645 1612)
4(720 1644 1645 721)
4(689 722 1646 1613)
4(721 1645 1646 722)
4(690 723 1647 1614)
4(722 1646 1647 723)
4(691 724 1648 1615)
4(723 1647 1648 724)
4(724 1648 1649 725)
4(692 725 1649 1616)
4(694 727 1651 1618)
4(726 1650 1651 727)
4(695 728 1652 1619)
4(727 1651 1652 728)
4(696 729 1653 1620)
4(728 1652 1653 729)
4(697 730 1654 1621)
4(729 1653 1654 730)
4(698 731 1655 1622)
4(730 1654 1655 731)
4(699 732 1656 1623)
4(731 1655 1656 732)
4(700 733 1657 1624)
4(732 1656 1657 733)
4(701 734 1658 1625)
4(733 1657 1658 734)
4(702 735 1659 1626)
4(734 1658 1659 735)
4(703 736 1660 1627)
4(735 1659 1660 736)
4(704 737 1661 1628)
4(736 1660 1661 737)
4(705 738 1662 1629)
4(737 1661 1662 738)
4(706 739 1663 1630)
4(738 1662 1663 739)
4(707 740 1664 1631)
4(739 1663 1664 740)
4(708 741 1665 1632)
4(740 1664 1665 741)
4(709 742 1666 1633)
4(741 1665 1666 742)
4(710 743 1667 1634)
4(742 1666 1667 743)
4(711 744 1668 1635)
4(743 1667 1668 744)
4(712 745 1669 1636)
4(744 1668 1669 745)
4(713 746 1670 1637)
4(745 1669 1670 746)
4(714 747 1671 1638)
4(746 1670 1671 747)
4(715 748 1672 1639)
4(747 1671 1672 748)
4(716 749 1673 1640)
4(748 1672 1673 749)
4(717 750 1674 1641)
4(749 1673 1674 750)
4(718 751 1675 1642)
4(750 1674 1675 751)
4(719 752 1676 1643)
4(751 1675 1676 752)
4(720 753 1677 1644)
4(752 1676 1677 753)
4(721 754 1678 1645)
4(753 1677 1678 754)
4(722 755 1679 1646)
4(754 1678 1679 755)
4(723 756 1680 1647)
4(755 1679 1680 756)
4(724 757 1681 1648)
4(756 1680 1681 757)
4(757 1681 1682 758)
4(725 758 1682 1649)
4(727 760 1684 1651)
4(759 1683 1684 760)
4(728 761 1685 1652)
4(760 1684 1685 761)
4(729 762 1686 1653)
4(761 1685 1686 762)
4(730 763 1687 1654)
4(762 1686 1687 763)
4(731 764 1688 1655)
4(763 1687 1688 764)
4(732 765 1689 1656)
4(764 1688 1689 765)
4(733 766 1690 1657)
4(765 1689 1690 766)
4(734 767 1691 1658)
4(766 1690 1691 767)
4(735 768 1692 1659)
4(767 1691 1692 768)
4(736 769 1693 1660)
4(768 1692 1693 769)
4(737 770 1694 1661)
4(769 1693 1694 770)
4(738 771 1695 1662)
4(770 1694 1695 771)
4(739 772 1696 1663)
4(771 1695 1696 772)
4(740 773 1697 1664)
4(772 1696 1697 773)
4(741 774 1698 1665)
4(773 1697 1698 774)
4(742 775 1699 1666)
4(774 1698 1699 775)
4(743 776 1700 1667)
4(775 1699 1700 776)
4(744 777 1701 1668)
4(776 1700 1701 777)
4(745 778 1702 1669)
4(777 1701 1702 778)
4(746 779 1703 1670)
4(778 1702 1703 779)
4(747 780 1704 1671)
4(779 1703 1704 780)
4(748 781 1705 1672)
4(780 1704 1705 781)
4(749 782 1706 1673)
4(781 1705 1706 782)
4(750 783 1707 1674)
4(782 1706 1707 783)
4(751 784 1708 1675)
4(783 1707 1708 784)
4(752 785 1709 1676)
4(784 1708 1709 785)
4(753 786 1710 1677)
4(785 1709 1710 786)
4(754 787 1711 1678)
4(786 1710 1711 787)
4(755 788 1712 1679)
4(787 1711 1712 788)
4(756 789 1713 1680)
4(788 1712 1713 789)
4(757 790 1714 1681)
4(789 1713 1714 790)
4(790 1714 1715 791)
4(758 791 1715 1682)
4(760 793 1717 1684)
4(792 1716 1717 793)
4(761 794 1718 1685)
4(793 1717 1718 794)
4(762 795 1719 1686)
4(794 1718 1719 795)
4(763 796 1720 1687)
4(795 1719 1720 796)
4(764 797 1721 1688)
4(796 1720 1721 797)
4(765 798 1722 1689)
4(797 1721 1722 798)
4(766 799 1723 1690)
4(798 1722 1723 799)
4(767 800 1724 1691)
4(799 1723 1724 800)
4(768 801 1725 1692)
4(800 1724 1725 801)
4(769 802 1726 1693)
4(801 1725 1726 802)
4(770 803 1727 1694)
4(802 1726 1727 803)
4(771 804 1728 1695)
4(803 1727 1728 804)
4(772 805 1729 1696)
4(804 1728 1729 805)
4(773 806 1730 1697)
4(805 1729 1730 806)
4(774 807 1731 1698)
4(806 1730 1731 807)
4(775 808 1732 1699)
4(807 1731 1732 808)
4(776 809 1733 1700)
4(808 1732 1733 809)
4(777 810 1734 1701)
4(809 1733 1734 810)
4(778 811 1735 1702)
4(810 1734 1735 811)
4(779 812 1736 1703)
4(811 1735 1736 812)
4(780 813 1737 1704)
4(812 1736 1737 813)
4(781 814 1738 1705)
4(813 1737 1738 814)
4(782 815 1739 1706)
4(814 1738 1739 815)
4(783 816 1740 1707)
4(815 1739 1740 816)
4(784 817 1741 1708)
4(816 1740 1741 817)
4(785 818 1742 1709)
4(817 1741 1742 818)
4(786 819 1743 1710)
4(818 1742 1743 819)
4(787 820 1744 1711)
4(819 1743 1744 820)
4(788 821 1745 1712)
4(820 1744 1745 821)
4(789 822 1746 1713)
4(821 1745 1746 822)
4(790 823 1747 1714)
4(822 1746 1747 823)
4(823 1747 1748 824)
4(791 824 1748 1715)
4(793 826 1750 1717)
4(825 1749 1750 826)
4(794 827 1751 1718)
4(826 1750 1751 827)
4(795 828 1752 1719)
4(827 1751 1752 828)
4(796 829 1753 1720)
4(828 1752 1753 829)
4(797 830 1754 1721)
4(829 1753 1754 830)
4(798 831 1755 1722)
4(830 1754 1755 831)
4(799 832 1756 1723)
4(831 1755 1756 832)
4(800 833 1757 1724)
4(832 1756 1757 833)
4(801 834 1758 1725)
4(833 1757 1758 834)
4(802 835 1759 1726)
4(834 1758 1759 835)
4(803 836 1760 1727)
4(835 1759 1760 836)
4(804 837 1761 1728)
4(836 1760 1761 837)
4(805 838 1762 1729)
4(837 1761 1762 838)
4(806 839 1763 1730)
4(838 1762 1763 839)
4(807 840 1764 1731)
4(839 1763 1764 840)
4(808 841 1765 1732)
4(840 1764 1765 841)
4(809 842 1766 1733)
4(841 1765 1766 842)
4(810 843 1767 1734)
4(842 1766 1767 843)
4(811 844 1768 1735)
4(843 1767 1768 844)
4(812 845 1769 1736)
4(844 1768 1769 845)
4(813 846 1770 1737)
4(845 1769 1770 846)
4(814 847 1771 1738)
4(846 1770 1771 847)
4(815 848 1772 1739)
4(847 1771 1772 848)
4(816 849 1773 1740)
4(848 1772 1773 849)
4(817 850 1774 1741)
4(849 1773 1774 850)
4(818 851 1775 1742)
4(850 1774 1775 851)
4(819 852 1776 1743)
4(851 1775 1776 852)
4(820 853 1777 1744)
4(852 1776 1777 853)
4(821 854 1778 1745)
4(853 1777 1778 854)
4(822 855 1779 1746)
4(854 1778 1779 855)
4(823 856 1780 1747)
4(855 1779 1780 856)
4(856 1780 1781 857)
4(824 857 1781 1748)
4(826 859 1783 1750)
4(858 1782 1783 859)
4(827 860 1784 1751)
4(859 1783 1784 860)
4(828 861 1785 1752)
4(860 1784 1785 861)
4(829 862 1786 1753)
4(861 1785 1786 862)
4(830 863 1787 1754)
4(862 1786 1787 863)
4(831 864 1788 1755)
4(863 1787 1788 864)
4(832 865 1789 1756)
4(864 1788 1789 865)
4(833 866 1790 1757)
4(865 1789 1790 866)
4(834 867 1791 1758)
4(866 1790 1791 867)
4(835 868 1792 1759)
4(867 1791 1792 868)
4(836 869 1793 1760)
4(868 1792 1793 869)
4(837 870 1794 1761)
4(869 1793 1794 870)
4(838 871 1795 1762)
4(870 1794 1795 871)
4(839 872 1796 1763)
4(871 1795 1796 872)
4(840 873 1797 1764)
4(872 1796 1797 873)
4(841 874 1798 1765)
4(873 1797 1798 874)
4(842 875 1799 1766)
4(874 1798 1799 875)
4(843 876 1800 1767)
4(875 1799 1800 876)
4(844 877 1801 1768)
4(876 1800 1801 877)
4(845 878 1802 1769)
4(877 1801 1802 878)
4(846 879 1803 1770)
4(878 1802 1803 879)
4(847 880 1804 1771)
4(879 1803 1804 880)
4(848 881 1805 1772)
4(880 1804 1805 881)
4(849 882 1806 1773)
4(881 1805 1806 882)
4(850 883 1807 1774)
4(882 1806 1807 883)
4(851 884 1808 1775)
4(883 1807 1808 884)
4(852 885 1809 1776)
4(884 1808 1809 885)
4(853 886 1810 1777)
4(885 1809 1810 886)
4(854 887 1811 1778)
4(886 1810 1811 887)
4(855 888 1812 1779)
4(887 1811 1812 888)
4(856 889 1813 1780)
4(888 1812 1813 889)
4(889 1813 1814 890)
4(857 890 1814 1781)
4(859 892 1816 1783)
4(891 1815 1816 892)
4(860 893 1817 1784)
4(892 1816 1817 893)
4(861 894 1818 1785)
4(893 1817 1818 894)
4(862 895 1819 1786)
4(894 1818 1819 895)
4(863 896 1820 1787)
4(895 1819 1820 896)
4(864 897 1821 1788)
4(896 1820 1821 897)
4(865 898 1822 1789)
4(897 1821 1822 898)
4(866 899 1823 1790)
4(898 1822 1823 899)
4(867 900 1824 1791)
4(899 1823 1824 900)
4(868 901 1825 1792)
4(900 1824 1825 901)
4(869 902 1826 1793)
4(901 1825 1826 902)
4(870 903 1827 1794)
4(902 1826 1827 903)
4(871 904 1828 1795)
4(903 1827 1828 904)
4(872 905 1829 1796)
4(904 1828 1829 905)
4(873 906 1830 1797)
4(905 1829 1830 906)
4(874 907 1831 1798)
4(906 1830 1831 907)
4(875 908 1832 1799)
4(907 1831 1832 908)
4(876 909 1833 1800)
4(908 1832 1833 909)
4(877 910 1834 1801)
4(909 1833 1834 910)
4(878 911 1835 1802)
4(910 1834 1835 911)
4(879 912 1836 1803)
4(911 1835 1836 912)
4(880 913 1837 1804)
4(912 1836 1837 913)
4(881 914 1838 1805)
4(913 1837 1838 914)
4(882 915 1839 1806)
4(914 1838 1839 915)
4(883 916 1840 1807)
4(915 1839 1840 916)
4(884 917 1841 1808)
4(916 1840 1841 917)
4(885 918 1842 1809)
4(917 1841 1842 918)
4(886 919 1843 1810)
4(918 1842 1843 919)
4(887 920 1844 1811)
4(919 1843 1844 920)
4(888 921 1845 1812)
4(920 1844 1845 921)
4(889 922 1846 1813)
4(921 1845 1846 922)
4(922 1846 1847 923)
4(890 923 1847 1814)
4(892 925 1849 1816)
4(893 926 1850 1817)
4(894 927 1851 1818)
4(895 928 1852 1819)
4(896 929 1853 1820)
4(897 930 1854 1821)
4(898 931 1855 1822)
4(899 932 1856 1823)
4(900 933 1857 1824)
4(901 934 1858 1825)
4(902 935 1859 1826)
4(903 936 1860 1827)
4(904 937 1861 1828)
4(905 938 1862 1829)
4(906 939 1863 1830)
4(907 940 1864 1831)
4(908 941 1865 1832)
4(909 942 1866 1833)
4(910 943 1867 1834)
4(911 944 1868 1835)
4(912 945 1869 1836)
4(913 946 1870 1837)
4(914 947 1871 1838)
4(915 948 1872 1839)
4(916 949 1873 1840)
4(917 950 1874 1841)
4(918 951 1875 1842)
4(919 952 1876 1843)
4(920 953 1877 1844)
4(921 954 1878 1845)
4(922 955 1879 1846)
4(923 956 1880 1847)
3(1881 1973 4549)
4(65 989 4549 1973)
3(1882 1974 4550)
4(1973 4549 4550 1974)
3(1883 1975 4551)
4(1974 4550 4551 1975)
3(1884 1976 4552)
4(1975 4551 4552 1976)
3(1885 1977 4553)
4(1976 4552 4553 1977)
3(1886 1978 4554)
4(1977 4553 4554 1978)
3(1887 1979 4555)
4(1978 4554 4555 1979)
3(1888 1980 4556)
4(1979 4555 4556 1980)
3(1889 1981 4557)
4(1980 4556 4557 1981)
3(1890 1982 4558)
4(1981 4557 4558 1982)
3(1891 1983 4559)
4(1982 4558 4559 1983)
3(1892 1984 4560)
4(1983 4559 4560 1984)
3(1893 1985 4561)
4(1984 4560 4561 1985)
3(1894 1986 4562)
4(1985 4561 4562 1986)
3(1895 1987 4563)
4(1986 4562 4563 1987)
3(1896 1988 4564)
4(1987 4563 4564 1988)
3(1897 1989 4565)
4(1988 4564 4565 1989)
3(1898 1990 4566)
4(1989 4565 4566 1990)
3(1899 1991 4567)
4(1990 4566 4567 1991)
3(1900 1992 4568)
4(1991 4567 4568 1992)
3(1901 1993 4569)
4(1992 4568 4569 1993)
3(1902 1994 4570)
4(1993 4569 4570 1994)
3(1903 1995 4571)
4(1994 4570 4571 1995)
3(1904 1996 4572)
4(1995 4571 4572 1996)
3(1905 1997 4573)
4(1996 4572 4573 1997)
3(1906 1998 4574)
4(1997 4573 4574 1998)
3(1907 1999 4575)
4(1998 4574 4575 1999)
3(1908 2000 4576)
4(1999 4575 4576 2000)
3(1909 2001 4577)
4(2000 4576 4577 2001)
3(1910 2002 4578)
4(2001 4577 4578 2002)
3(1911 2003 4579)
4(2002 4578 4579 2003)
3(1912 2004 4580)
4(2003 4579 4580 2004)
3(1913 2005 4581)
4(2004 4580 4581 2005)
3(1914 2006 4582)
4(2005 4581 4582 2006)
3(1915 2007 4583)
4(2006 4582 4583 2007)
3(1916 2008 4584)
4(2007 4583 4584 2008)
3(1917 2009 4585)
4(2008 4584 4585 2009)
3(1918 2010 4586)
4(2009 4585 4586 2010)
3(1919 2011 4587)
4(2010 4586 4587 2011)
3(1920 2012 4588)
4(2011 4587 4588 2012)
3(1921 2013 4589)
4(2012 4588 4589 2013)
3(1922 2014 4590)
4(2013 4589 4590 2014)
3(1923 2015 4591)
4(2014 4590 4591 2015)
3(1924 2016 4592)
4(2015 4591 4592 2016)
3(1925 2017 4593)
4(2016 4592 4593 2017)
3(1926 2018 4594)
4(2017 4593 4594 2018)
3(1927 2019 4595)
4(2018 4594 4595 2019)
3(1928 2020 4596)
4(2019 4595 4596 2020)
3(1929 2021 4597)
4(2020 4596 4597 2021)
3(1930 2022 4598)
4(2021 4597 4598 2022)
3(1931 2023 4599)
4(2022 4598 4599 2023)
3(1932 2024 4600)
4(2023 4599 4600 2024)
3(1933 2025 4601)
4(2024 4600 4601 2025)
3(1934 2026 4602)
4(2025 4601 4602 2026)
3(1935 2027 4603)
4(2026 4602 4603 2027)
3(1936 2028 4604)
4(2027 4603 4604 2028)
3(1937 2029 4605)
4(2028 4604 4605 2029)
3(1938 2030 4606)
4(2029 4605 4606 2030)
3(1939 2031 4607)
4(2030 4606 4607 2031)
3(1940 2032 4608)
4(2031 4607 4608 2032)
3(1941 2033 4609)
4(2032 4608 4609 2033)
3(1942 2034 4610)
4(2033 4609 4610 2034)
3(1943 2035 4611)
4(2034 4610 4611 2035)
3(1944 2036 4612)
4(2035 4611 4612 2036)
3(1945 2037 4613)
4(2036 4612 4613 2037)
3(1946 2038 4614)
4(2037 4613 4614 2038)
3(1947 2039 4615)
4(2038 4614 4615 2039)
3(1948 2040 4616)
4(2039 4615 4616 2040)
3(1949 2041 4617)
4(2040 4616 4617 2041)
3(1950 2042 4618)
4(2041 4617 4618 2042)
3(1951 2043 4619)
4(2042 4618 4619 2043)
3(1952 2044 4620)
4(2043 4619 4620 2044)
3(1953 2045 4621)
4(2044 4620 4621 2045)
3(1954 2046 4622)
4(2045 4621 4622 2046)
3(1955 2047 4623)
4(2046 4622 4623 2047)
3(1956 2048 4624)
4(2047 4623 4624 2048)
3(1957 2049 4625)
4(2048 4624 4625 2049)
3(1958 2050 4626)
4(2049 4625 4626 2050)
3(1959 2051 4627)
4(2050 4626 4627 2051)
3(1960 2052 4628)
4(2051 4627 4628 2052)
3(1961 2053 4629)
4(2052 4628 4629 2053)
3(1962 2054 4630)
4(2053 4629 4630 2054)
3(1963 2055 4631)
4(2054 4630 4631 2055)
3(1964 2056 4632)
4(2055 4631 4632 2056)
3(1965 2057 4633)
4(2056 4632 4633 2057)
3(1966 2058 4634)
4(2057 4633 4634 2058)
3(1967 2059 4635)
4(2058 4634 4635 2059)
3(1968 2060 4636)
4(2059 4635 4636 2060)
3(1969 2061 4637)
4(2060 4636 4637 2061)
3(1970 2062 4638)
4(2061 4637 4638 2062)
3(1971 2063 4639)
4(2062 4638 4639 2063)
4(2063 4639 4640 2064)
3(1972 2064 4640)
4(1973 2065 4641 4549)
4(98 1022 4641 2065)
4(1974 2066 4642 4550)
4(2065 4641 4642 2066)
4(1975 2067 4643 4551)
4(2066 4642 4643 2067)
4(1976 2068 4644 4552)
4(2067 4643 4644 2068)
4(1977 2069 4645 4553)
4(2068 4644 4645 2069)
4(1978 2070 4646 4554)
4(2069 4645 4646 2070)
4(1979 2071 4647 4555)
4(2070 4646 4647 2071)
4(1980 2072 4648 4556)
4(2071 4647 4648 2072)
4(1981 2073 4649 4557)
4(2072 4648 4649 2073)
4(1982 2074 4650 4558)
4(2073 4649 4650 2074)
4(1983 2075 4651 4559)
4(2074 4650 4651 2075)
4(1984 2076 4652 4560)
4(2075 4651 4652 2076)
4(1985 2077 4653 4561)
4(2076 4652 4653 2077)
4(1986 2078 4654 4562)
4(2077 4653 4654 2078)
4(1987 2079 4655 4563)
4(2078 4654 4655 2079)
4(1988 2080 4656 4564)
4(2079 4655 4656 2080)
4(1989 2081 4657 4565)
4(2080 4656 4657 2081)
4(1990 2082 4658 4566)
4(2081 4657 4658 2082)
4(1991 2083 4659 4567)
4(2082 4658 4659 2083)
4(1992 2084 4660 4568)
4(2083 4659 4660 2084)
4(1993 2085 4661 4569)
4(2084 4660 4661 2085)
4(1994 2086 4662 4570)
4(2085 4661 4662 2086)
4(1995 2087 4663 4571)
4(2086 4662 4663 2087)
4(1996 2088 4664 4572)
4(2087 4663 4664 2088)
4(1997 2089 4665 4573)
4(2088 4664 4665 2089)
4(1998 2090 4666 4574)
4(2089 4665 4666 2090)
4(1999 2091 4667 4575)
4(2090 4666 4667 2091)
4(2000 2092 4668 4576)
4(2091 4667 4668 2092)
4(2001 2093 4669 4577)
4(2092 4668 4669 2093)
4(2002 2094 4670 4578)
4(2093 4669 4670 2094)
4(2003 2095 4671 4579)
4(2094 4670 4671 2095)
4(2004 2096 4672 4580)
4(2095 4671 4672 2096)
4(2005 2097 4673 4581)
4(2096 4672 4673 2097)
4(2006 2098 4674 4582)
4(2097 4673 4674 2098)
4(2007 2099 4675 4583)
4(2098 4674 4675 2099)
4(2008 2100 4676 4584)
4(2099 4675 4676 2100)
4(2009 2101 4677 4585)
4(2100 4676 4677 2101)
4(2010 2102 4678 4586)
4(2101 4677 4678 2102)
4(2011 2103 4679 4587)
4(2102 4678 4679 2103)
4(2012 2104 4680 4588)
4(2103 4679 4680 2104)
4(2013 2105 4681 4589)
4(2104 4680 4681 2105)
4(2014 2106 4682 4590)
4(2105 4681 4682 2106)
4(2015 2107 4683 4591)
4(2106 4682 4683 2107)
4(2016 2108 4684 4592)
4(2107 4683 4684 2108)
4(2017 2109 4685 4593)
4(2108 4684 4685 2109)
4(2018 2110 4686 4594)
4(2109 4685 4686 2110)
4(2019 2111 4687 4595)
4(2110 4686 4687 2111)
4(2020 2112 4688 4596)
4(2111 4687 4688 2112)
4(2021 2113 4689 4597)
4(2112 4688 4689 2113)
4(2022 2114 4690 4598)
4(2113 4689 4690 2114)
4(2023 2115 4691 4599)
4(2114 4690 4691 2115)
4(2024 2116 4692 4600)
4(2115 4691 4692 2116)
4(2025 2117 4693 4601)
4(2116 4692 4693 2117)
4(2026 2118 4694 4602)
4(2117 4693 4694 2118)
4(2027 2119 4695 4603)
4(2118 4694 4695 2119)
4(2028 2120 4696 4604)
4(2119 4695 4696 2120)
4(2029 2121 4697 4605)
4(2120 4696 4697 2121)
4(2030 2122 4698 4606)
4(2121 4697 4698 2122)
4(2031 2123 4699 4607)
4(2122 4698 4699 2123)
4(2032 2124 4700 4608)
4(2123 4699 4700 2124)
4(2033 2125 4701 4609)
4(2124 4700 4701 2125)
4(2034 2126 4702 4610)
4(2125 4701 4702 2126)
4(2035 2127 4703 4611)
4(2126 4702 4703 2127)
4(2036 2128 4704 4612)
4(2127 4703 4704 2128)
4(2037 2129 4705 4613)
4(2128 4704 4705 2129)
4(2038 2130 4706 4614)
4(2129 4705 4706 2130)
4(2039 2131 4707 4615)
4(2130 4706 4707 2131)
4(2040 2132 4708 4616)
4(2131 4707 4708 2132)
4(2041 2133 4709 4617)
4(2132 4708 4709 2133)
4(2042 2134 4710 4618)
4(2133 4709 4710 2134)
4(2043 2135 4711 4619)
4(2134 4710 4711 2135)
4(2044 2136 4712 4620)
4(2135 4711 4712 2136)
4(2045 2137 4713 4621)
4(2136 4712 4713 2137)
4(2046 2138 4714 4622)
4(2137 4713 4714 2138)
4(2047 2139 4715 4623)
4(2138 4714 4715 2139)
4(2048 2140 4716 4624)
4(2139 4715 4716 2140)
4(2049 2141 4717 4625)
4(2140 4716 4717 2141)
4(2050 2142 4718 4626)
4(2141 4717 4718 2142)
4(2051 2143 4719 4627)
4(2142 4718 4719 2143)
4(2052 2144 4720 4628)
4(2143 4719 4720 2144)
4(2053 2145 4721 4629)
4(2144 4720 4721 2145)
4(2054 2146 4722 4630)
4(2145 4721 4722 2146)
4(2055 2147 4723 4631)
4(2146 4722 4723 2147)
4(2056 2148 4724 4632)
4(2147 4723 4724 2148)
4(2057 2149 4725 4633)
4(2148 4724 4725 2149)
4(2058 2150 4726 4634)
4(2149 4725 4726 2150)
4(2059 2151 4727 4635)
4(2150 4726 4727 2151)
4(2060 2152 4728 4636)
4(2151 4727 4728 2152)
4(2061 2153 4729 4637)
4(2152 4728 4729 2153)
4(2062 2154 4730 4638)
4(2153 4729 4730 2154)
4(2063 2155 4731 4639)
4(2154 4730 4731 2155)
4(2155 4731 4732 2156)
4(2064 2156 4732 4640)
4(2065 2157 4733 4641)
4(131 1055 4733 2157)
4(2066 2158 4734 4642)
4(2157 4733 4734 2158)
4(2067 2159 4735 4643)
4(2158 4734 4735 2159)
4(2068 2160 4736 4644)
4(2159 4735 4736 2160)
4(2069 2161 4737 4645)
4(2160 4736 4737 2161)
4(2070 2162 4738 4646)
4(2161 4737 4738 2162)
4(2071 2163 4739 4647)
4(2162 4738 4739 2163)
4(2072 2164 4740 4648)
4(2163 4739 4740 2164)
4(2073 2165 4741 4649)
4(2164 4740 4741 2165)
4(2074 2166 4742 4650)
4(2165 4741 4742 2166)
4(2075 2167 4743 4651)
4(2166 4742 4743 2167)
4(2076 2168 4744 4652)
4(2167 4743 4744 2168)
4(2077 2169 4745 4653)
4(2168 4744 4745 2169)
4(2078 2170 4746 4654)
4(2169 4745 4746 2170)
4(2079 2171 4747 4655)
4(2170 4746 4747 2171)
4(2080 2172 4748 4656)
4(2171 4747 4748 2172)
4(2081 2173 4749 4657)
4(2172 4748 4749 2173)
4(2082 2174 4750 4658)
4(2173 4749 4750 2174)
4(2083 2175 4751 4659)
4(2174 4750 4751 2175)
4(2084 2176 4752 4660)
4(2175 4751 4752 2176)
4(2085 2177 4753 4661)
4(2176 4752 4753 2177)
4(2086 2178 4754 4662)
4(2177 4753 4754 2178)
4(2087 2179 4755 4663)
4(2178 4754 4755 2179)
4(2088 2180 4756 4664)
4(2179 4755 4756 2180)
4(2089 2181 4757 4665)
4(2180 4756 4757 2181)
4(2090 2182 4758 4666)
4(2181 4757 4758 2182)
4(2091 2183 4759 4667)
4(2182 4758 4759 2183)
4(2092 2184 4760 4668)
4(2183 4759 4760 2184)
4(2093 2185 4761 4669)
4(2184 4760 4761 2185)
4(2094 2186 4762 4670)
4(2185 4761 4762 2186)
4(2095 2187 4763 4671)
4(2186 4762 4763 2187)
4(2096 2188 4764 4672)
4(2187 4763 4764 2188)
4(2097 2189 4765 4673)
4(2188 4764 4765 2189)
4(2098 2190 4766 4674)
4(2189 4765 4766 2190)
4(2099 2191 4767 4675)
4(2190 4766 4767 2191)
4(2100 2192 4768 4676)
4(2191 4767 4768 2192)
4(2101 2193 4769 4677)
4(2192 4768 4769 2193)
4(2102 2194 4770 4678)
4(2193 4769 4770 2194)
4(2103 2195 4771 4679)
4(2194 4770 4771 2195)
4(2104 2196 4772 4680)
4(2195 4771 4772 2196)
4(2105 2197 4773 4681)
4(2196 4772 4773 2197)
4(2106 2198 4774 4682)
4(2197 4773 4774 2198)
4(2107 2199 4775 4683)
4(2198 4774 4775 2199)
4(2108 2200 4776 4684)
4(2199 4775 4776 2200)
4(2109 2201 4777 4685)
4(2200 4776 4777 2201)
4(2110 2202 4778 4686)
4(2201 4777 4778 2202)
4(2111 2203 4779 4687)
4(2202 4778 4779 2203)
4(2112 2204 4780 4688)
4(2203 4779 4780 2204)
4(2113 2205 4781 4689)
4(2204 4780 4781 2205)
4(2114 2206 4782 4690)
4(2205 4781 4782 2206)
4(2115 2207 4783 4691)
4(2206 4782 4783 2207)
4(2116 2208 4784 4692)
4(2207 4783 4784 2208)
4(2117 2209 4785 4693)
4(2208 4784 4785 2209)
4(2118 2210 4786 4694)
4(2209 4785 4786 2210)
4(2119 2211 4787 4695)
4(2210 4786 4787 2211)
4(2120 2212 4788 4696)
4(2211 4787 4788 2212)
4(2121 2213 4789 4697)
4(2212 4788 4789 2213)
4(2122 2214 4790 4698)
4(2213 4789 4790 2214)
4(2123 2215 4791 4699)
4(2214 4790 4791 2215)
4(2124 2216 4792 4700)
4(2215 4791 4792 2216)
4(2125 2217 4793 4701)
4(2216 4792 4793 2217)
4(2126 2218 4794 4702)
4(2217 4793 4794 2218)
4(2127 2219 4795 4703)
4(2218 4794 4795 2219)
4(2128 2220 4796 4704)
4(2219 4795 4796 2220)
4(2129 2221 4797 4705)
4(2220 4796 4797 2221)
4(2130 2222 4798 4706)
4(2221 4797 4798 2222)
4(2131 2223 4799 4707)
4(2222 4798 4799 2223)
4(2132 2224 4800 4708)
4(2223 4799 4800 2224)
4(2133 2225 4801 4709)
4(2224 4800 4801 2225)
4(2134 2226 4802 4710)
4(2225 4801 4802 2226)
4(2135 2227 4803 4711)
4(2226 4802 4803 2227)
4(2136 2228 4804 4712)
4(2227 4803 4804 2228)
4(2137 2229 4805 4713)
4(2228 4804 4805 2229)
4(2138 2230 4806 4714)
4(2229 4805 4806 2230)
4(2139 2231 4807 4715)
4(2230 4806 4807 2231)
4(2140 2232 4808 4716)
4(2231 4807 4808 2232)
4(2141 2233 4809 4717)
4(2232 4808 4809 2233)
4(2142 2234 4810 4718)
4(2233 4809 4810 2234)
4(2143 2235 4811 4719)
4(2234 4810 4811 2235)
4(2144 2236 4812 4720)
4(2235 4811 4812 2236)
4(2145 2237 4813 4721)
4(2236 4812 4813 2237)
4(2146 2238 4814 4722)
4(2237 4813 4814 2238)
4(2147 2239 4815 4723)
4(2238 4814 4815 2239)
4(2148 2240 4816 4724)
4(2239 4815 4816 2240)
4(2149 2241 4817 4725)
4(2240 4816 4817 2241)
4(2150 2242 4818 4726)
4(2241 4817 4818 2242)
4(2151 2243 4819 4727)
4(2242 4818 4819 2243)
4(2152 2244 4820 4728)
4(2243 4819 4820 2244)
4(2153 2245 4821 4729)
4(2244 4820 4821 2245)
4(2154 2246 4822 4730)
4(2245 4821 4822 2246)
4(2155 2247 4823 4731)
4(2246 4822 4823 2247)
4(2247 4823 4824 2248)
4(2156 2248 4824 4732)
4(2157 2249 4825 4733)
4(164 1088 4825 2249)
4(2158 2250 4826 4734)
4(2249 4825 4826 2250)
4(2159 2251 4827 4735)
4(2250 4826 4827 2251)
4(2160 2252 4828 4736)
4(2251 4827 4828 2252)
4(2161 2253 4829 4737)
4(2252 4828 4829 2253)
4(2162 2254 4830 4738)
4(2253 4829 4830 2254)
4(2163 2255 4831 4739)
4(2254 4830 4831 2255)
4(2164 2256 4832 4740)
4(2255 4831 4832 2256)
4(2165 2257 4833 4741)
4(2256 4832 4833 2257)
4(2166 2258 4834 4742)
4(2257 4833 4834 2258)
4(2167 2259 4835 4743)
4(2258 4834 4835 2259)
4(2168 2260 4836 4744)
4(2259 4835 4836 2260)
4(2169 2261 4837 4745)
4(2260 4836 4837 2261)
4(2170 2262 4838 4746)
4(2261 4837 4838 2262)
4(2171 2263 4839 4747)
4(2262 4838 4839 2263)
4(2172 2264 4840 4748)
4(2263 4839 4840 2264)
4(2173 2265 4841 4749)
4(2264 4840 4841 2265)
4(2174 2266 4842 4750)
4(2265 4841 4842 2266)
4(2175 2267 4843 4751)
4(2266 4842 4843 2267)
4(2176 2268 4844 4752)
4(2267 4843 4844 2268)
4(2177 2269 4845 4753)
4(2268 4844 4845 2269)
4(2178 2270 4846 4754)
4(2269 4845 4846 2270)
4(2179 2271 4847 4755)
4(2270 4846 4847 2271)
4(2180 2272 4848 4756)
4(2271 4847 4848 2272)
4(2181 2273 4849 4757)
4(2272 4848 4849 2273)
4(2182 2274 4850 4758)
4(2273 4849 4850 2274)
4(2183 2275 4851 4759)
4(2274 4850 4851 2275)
4(2184 2276 4852 4760)
4(2275 4851 4852 2276)
4(2185 2277 4853 4761)
4(2276 4852 4853 2277)
4(2186 2278 4854 4762)
4(2277 4853 4854 2278)
4(2187 2279 4855 4763)
4(2278 4854 4855 2279)
4(2188 2280 4856 4764)
4(2279 4855 4856 2280)
4(2189 2281 4857 4765)
4(2280 4856 4857 2281)
4(2190 2282 4858 4766)
4(2281 4857 4858 2282)
4(2191 2283 4859 4767)
4(2282 4858 4859 2283)
4(2192 2284 4860 4768)
4(2283 4859 4860 2284)
4(2193 2285 4861 4769)
4(2284 4860 4861 2285)
4(2194 2286 4862 4770)
4(2285 4861 4862 2286)
4(2195 2287 4863 4771)
4(2286 4862 4863 2287)
4(2196 2288 4864 4772)
4(2287 4863 4864 2288)
4(2197 2289 4865 4773)
4(2288 4864 4865 2289)
4(2198 2290 4866 4774)
4(2289 4865 4866 2290)
4(2199 2291 4867 4775)
4(2290 4866 4867 2291)
4(2200 2292 4868 4776)
4(2291 4867 4868 2292)
4(2201 2293 4869 4777)
4(2292 4868 4869 2293)
4(2202 2294 4870 4778)
4(2293 4869 4870 2294)
4(2203 2295 4871 4779)
4(2294 4870 4871 2295)
4(2204 2296 4872 4780)
4(2295 4871 4872 2296)
4(2205 2297 4873 4781)
4(2296 4872 4873 2297)
4(2206 2298 4874 4782)
4(2297 4873 4874 2298)
4(2207 2299 4875 4783)
4(2298 4874 4875 2299)
4(2208 2300 4876 4784)
4(2299 4875 4876 2300)
4(2209 2301 4877 4785)
4(2300 4876 4877 2301)
4(2210 2302 4878 4786)
4(2301 4877 4878 2302)
4(2211 2303 4879 4787)
4(2302 4878 4879 2303)
4(2212 2304 4880 4788)
4(2303 4879 4880 2304)
4(2213 2305 4881 4789)
4(2304 4880 4881 2305)
4(2214 2306 4882 4790)
4(2305 4881 4882 2306)
4(2215 2307 4883 4791)
4(2306 4882 4883 2307)
4(2216 2308 4884 4792)
4(2307 4883 4884 2308)
4(2217 2309 4885 4793)
4(2308 4884 4885 2309)
4(2218 2310 4886 4794)
4(2309 4885 4886 2310)
4(2219 2311 4887 4795)
4(2310 4886 4887 2311)
4(2220 2312 4888 4796)
4(2311 4887 4888 2312)
4(2221 2313 4889 4797)
4(2312 4888 4889 2313)
4(2222 2314 4890 4798)
4(2313 4889 4890 2314)
4(2223 2315 4891 4799)
4(2314 4890 4891 2315)
4(2224 2316 4892 4800)
4(2315 4891 4892 2316)
4(2225 2317 4893 4801)
4(2316 4892 4893 2317)
4(2226 2318 4894 4802)
4(2317 4893 4894 2318)
4(2227 2319 4895 4803)
4(2318 4894 4895 2319)
4(2228 2320 4896 4804)
4(2319 4895 4896 2320)
4(2229 2321 4897 4805)
4(2320 4896 4897 2321)
4(2230 2322 4898 4806)
4(2321 4897 4898 2322)
4(2231 2323 4899 4807)
4(2322 4898 4899 2323)
4(2232 2324 4900 4808)
4(2323 4899 4900 2324)
4(2233 2325 4901 4809)
4(2324 4900 4901 2325)
4(2234 2326 4902 4810)
4(2325 4901 4902 2326)
4(2235 2327 4903 4811)
4(2326 4902 4903 2327)
4(2236 2328 4904 4812)
4(2327 4903 4904 2328)
4(2237 2329 4905 4813)
4(2328 4904 4905 2329)
4(2238 2330 4906 4814)
4(2329 4905 4906 2330)
4(2239 2331 4907 4815)
4(2330 4906 4907 2331)
4(2240 2332 4908 4816)
4(2331 4907 4908 2332)
4(2241 2333 4909 4817)
4(2332 4908 4909 2333)
4(2242 2334 4910 4818)
4(2333 4909 4910 2334)
4(2243 2335 4911 4819)
4(2334 4910 4911 2335)
4(2244 2336 4912 4820)
4(2335 4911 4912 2336)
4(2245 2337 4913 4821)
4(2336 4912 4913 2337)
4(2246 2338 4914 4822)
4(2337 4913 4914 2338)
4(2247 2339 4915 4823)
4(2338 4914 4915 2339)
4(2339 4915 4916 2340)
4(2248 2340 4916 4824)
4(2249 2341 4917 4825)
4(197 1121 4917 2341)
4(2250 2342 4918 4826)
4(2341 4917 4918 2342)
4(2251 2343 4919 4827)
4(2342 4918 4919 2343)
4(2252 2344 4920 4828)
4(2343 4919 4920 2344)
4(2253 2345 4921 4829)
4(2344 4920 4921 2345)
4(2254 2346 4922 4830)
4(2345 4921 4922 2346)
4(2255 2347 4923 4831)
4(2346 4922 4923 2347)
4(2256 2348 4924 4832)
4(2347 4923 4924 2348)
4(2257 2349 4925 4833)
4(2348 4924 4925 2349)
4(2258 2350 4926 4834)
4(2349 4925 4926 2350)
4(2259 2351 4927 4835)
4(2350 4926 4927 2351)
4(2260 2352 4928 4836)
4(2351 4927 4928 2352)
4(2261 2353 4929 4837)
4(2352 4928 4929 2353)
4(2262 2354 4930 4838)
4(2353 4929 4930 2354)
4(2263 2355 4931 4839)
4(2354 4930 4931 2355)
4(2264 2356 4932 4840)
4(2355 4931 4932 2356)
4(2265 2357 4933 4841)
4(2356 4932 4933 2357)
4(2266 2358 4934 4842)
4(2357 4933 4934 2358)
4(2267 2359 4935 4843)
4(2358 4934 4935 2359)
4(2268 2360 4936 4844)
4(2359 4935 4936 2360)
4(2269 2361 4937 4845)
4(2360 4936 4937 2361)
4(2270 2362 4938 4846)
4(2361 4937 4938 2362)
4(2271 2363 4939 4847)
4(2362 4938 4939 2363)
4(2272 2364 4940 4848)
4(2363 4939 4940 2364)
4(2273 2365 4941 4849)
4(2364 4940 4941 2365)
4(2274 2366 4942 4850)
4(2365 4941 4942 2366)
4(2275 2367 4943 4851)
4(2366 4942 4943 2367)
4(2276 2368 4944 4852)
4(2367 4943 4944 2368)
4(2277 2369 4945 4853)
4(2368 4944 4945 2369)
4(2278 2370 4946 4854)
4(2369 4945 4946 2370)
4(2279 2371 4947 4855)
4(2370 4946 4947 2371)
4(2280 2372 4948 4856)
4(2371 4947 4948 2372)
4(2281 2373 4949 4857)
4(2372 4948 4949 2373)
4(2282 2374 4950 4858)
4(2373 4949 4950 2374)
4(2283 2375 4951 4859)
4(2374 4950 4951 2375)
4(2284 2376 4952 4860)
4(2375 4951 4952 2376)
4(2285 2377 4953 4861)
4(2376 4952 4953 2377)
4(2286 2378 4954 4862)
4(2377 4953 4954 2378)
4(2287 2379 4955 4863)
4(2378 4954 4955 2379)
4(2288 2380 4956 4864)
4(2379 4955 4956 2380)
4(2289 2381 4957 4865)
4(2380 4956 4957 2381)
4(2290 2382 4958 4866)
4(2381 4957 4958 2382)
4(2291 2383 4959 4867)
4(2382 4958 4959 2383)
4(2292 2384 4960 4868)
4(2383 4959 4960 2384)
4(2293 2385 4961 4869)
4(2384 4960 4961 2385)
4(2294 2386 4962 4870)
4(2385 4961 4962 2386)
4(2295 2387 4963 4871)
4(2386 4962 4963 2387)
4(2296 2388 4964 4872)
4(2387 4963 4964 2388)
4(2297 2389 4965 4873)
4(2388 4964 4965 2389)
4(2298 2390 4966 4874)
4(2389 4965 4966 2390)
4(2299 2391 4967 4875)
4(2390 4966 4967 2391)
4(2300 2392 4968 4876)
4(2391 4967 4968 2392)
4(2301 2393 4969 4877)
4(2392 4968 4969 2393)
4(2302 2394 4970 4878)
4(2393 4969 4970 2394)
4(2303 2395 4971 4879)
4(2394 4970 4971 2395)
4(2304 2396 4972 4880)
4(2395 4971 4972 2396)
4(2305 2397 4973 4881)
4(2396 4972 4973 2397)
4(2306 2398 4974 4882)
4(2397 4973 4974 2398)
4(2307 2399 4975 4883)
4(2398 4974 4975 2399)
4(2308 2400 4976 4884)
4(2399 4975 4976 2400)
4(2309 2401 4977 4885)
4(2400 4976 4977 2401)
4(2310 2402 4978 4886)
4(2401 4977 4978 2402)
4(2311 2403 4979 4887)
4(2402 4978 4979 2403)
4(2312 2404 4980 4888)
4(2403 4979 4980 2404)
4(2313 2405 4981 4889)
4(2404 4980 4981 2405)
4(2314 2406 4982 4890)
4(2405 4981 4982 2406)
4(2315 2407 4983 4891)
4(2406 4982 4983 2407)
4(2316 2408 4984 4892)
4(2407 4983 4984 2408)
4(2317 2409 4985 4893)
4(2408 4984 4985 2409)
4(2318 2410 4986 4894)
4(2409 4985 4986 2410)
4(2319 2411 4987 4895)
4(2410 4986 4987 2411)
4(2320 2412 4988 4896)
4(2411 4987 4988 2412)
4(2321 2413 4989 4897)
4(2412 4988 4989 2413)
4(2322 2414 4990 4898)
4(2413 4989 4990 2414)
4(2323 2415 4991 4899)
4(2414 4990 4991 2415)
4(2324 2416 4992 4900)
4(2415 4991 4992 2416)
4(2325 2417 4993 4901)
4(2416 4992 4993 2417)
4(2326 2418 4994 4902)
4(2417 4993 4994 2418)
4(2327 2419 4995 4903)
4(2418 4994 4995 2419)
4(2328 2420 4996 4904)
4(2419 4995 4996 2420)
4(2329 2421 4997 4905)
4(2420 4996 4997 2421)
4(2330 2422 4998 4906)
4(2421 4997 4998 2422)
4(2331 2423 4999 4907)
4(2422 4998 4999 2423)
4(2332 2424 5000 4908)
4(2423 4999 5000 2424)
4(2333 2425 5001 4909)
4(2424 5000 5001 2425)
4(2334 2426 5002 4910)
4(2425 5001 5002 2426)
4(2335 2427 5003 4911)
4(2426 5002 5003 2427)
4(2336 2428 5004 4912)
4(2427 5003 5004 2428)
4(2337 2429 5005 4913)
4(2428 5004 5005 2429)
4(2338 2430 5006 4914)
4(2429 5005 5006 2430)
4(2339 2431 5007 4915)
4(2430 5006 5007 2431)
4(2431 5007 5008 2432)
4(2340 2432 5008 4916)
4(2341 2433 5009 4917)
4(230 1154 5009 2433)
4(2342 2434 5010 4918)
4(2433 5009 5010 2434)
4(2343 2435 5011 4919)
4(2434 5010 5011 2435)
4(2344 2436 5012 4920)
4(2435 5011 5012 2436)
4(2345 2437 5013 4921)
4(2436 5012 5013 2437)
4(2346 2438 5014 4922)
4(2437 5013 5014 2438)
4(2347 2439 5015 4923)
4(2438 5014 5015 2439)
4(2348 2440 5016 4924)
4(2439 5015 5016 2440)
4(2349 2441 5017 4925)
4(2440 5016 5017 2441)
4(2350 2442 5018 4926)
4(2441 5017 5018 2442)
4(2351 2443 5019 4927)
4(2442 5018 5019 2443)
4(2352 2444 5020 4928)
4(2443 5019 5020 2444)
4(2353 2445 5021 4929)
4(2444 5020 5021 2445)
4(2354 2446 5022 4930)
4(2445 5021 5022 2446)
4(2355 2447 5023 4931)
4(2446 5022 5023 2447)
4(2356 2448 5024 4932)
4(2447 5023 5024 2448)
4(2357 2449 5025 4933)
4(2448 5024 5025 2449)
4(2358 2450 5026 4934)
4(2449 5025 5026 2450)
4(2359 2451 5027 4935)
4(2450 5026 5027 2451)
4(2360 2452 5028 4936)
4(2451 5027 5028 2452)
4(2361 2453 5029 4937)
4(2452 5028 5029 2453)
4(2362 2454 5030 4938)
4(2453 5029 5030 2454)
4(2363 2455 5031 4939)
4(2454 5030 5031 2455)
4(2364 2456 5032 4940)
4(2455 5031 5032 2456)
4(2365 2457 5033 4941)
4(2456 5032 5033 2457)
4(2366 2458 5034 4942)
4(2457 5033 5034 2458)
4(2367 2459 5035 4943)
4(2458 5034 5035 2459)
4(2368 2460 5036 4944)
4(2459 5035 5036 2460)
4(2369 2461 5037 4945)
4(2460 5036 5037 2461)
4(2370 2462 5038 4946)
4(2461 5037 5038 2462)
4(2371 2463 5039 4947)
4(2462 5038 5039 2463)
4(2372 2464 5040 4948)
4(2463 5039 5040 2464)
4(2373 2465 5041 4949)
4(2464 5040 5041 2465)
4(2374 2466 5042 4950)
4(2465 5041 5042 2466)
4(2375 2467 5043 4951)
4(2466 5042 5043 2467)
4(2376 2468 5044 4952)
4(2467 5043 5044 2468)
4(2377 2469 5045 4953)
4(2468 5044 5045 2469)
4(2378 2470 5046 4954)
4(2469 5045 5046 2470)
4(2379 2471 5047 4955)
4(2470 5046 5047 2471)
4(2380 2472 5048 4956)
4(2471 5047 5048 2472)
4(2381 2473 5049 4957)
4(2472 5048 5049 2473)
4(2382 2474 5050 4958)
4(2473 5049 5050 2474)
4(2383 2475 5051 4959)
4(2474 5050 5051 2475)
4(2384 2476 5052 4960)
4(2475 5051 5052 2476)
4(2385 2477 5053 4961)
4(2476 5052 5053 2477)
4(2386 2478 5054 4962)
4(2477 5053 5054 2478)
4(2387 2479 5055 4963)
4(2478 5054 5055 2479)
4(2388 2480 5056 4964)
4(2479 5055 5056 2480)
4(2389 2481 5057 4965)
4(2480 5056 5057 2481)
4(2390 2482 5058 4966)
4(2481 5057 5058 2482)
4(2391 2483 5059 4967)
4(2482 5058 5059 2483)
4(2392 2484 5060 4968)
4(2483 5059 5060 2484)
4(2393 2485 5061 4969)
4(2484 5060 5061 2485)
4(2394 2486 5062 4970)
4(2485 5061 5062 2486)
4(2395 2487 5063 4971)
4(2486 5062 5063 2487)
4(2396 2488 5064 4972)
4(2487 5063 5064 2488)
4(2397 2489 5065 4973)
4(2488 5064 5065 2489)
4(2398 2490 5066 4974)
4(2489 5065 5066 2490)
4(2399 2491 5067 4975)
4(2490 5066 5067 2491)
4(2400 2492 5068 4976)
4(2491 5067 5068 2492)
4(2401 2493 5069 4977)
4(2492 5068 5069 2493)
4(2402 2494 5070 4978)
4(2493 5069 5070 2494)
4(2403 2495 5071 4979)
4(2494 5070 5071 2495)
4(2404 2496 5072 4980)
4(2495 5071 5072 2496)
4(2405 2497 5073 4981)
4(2496 5072 5073 2497)
4(2406 2498 5074 4982)
4(2497 5073 5074 2498)
4(2407 2499 5075 4983)
4(2498 5074 5075 2499)
4(2408 2500 5076 4984)
4(2499 5075 5076 2500)
4(2409 2501 5077 4985)
4(2500 5076 5077 2501)
4(2410 2502 5078 4986)
4(2501 5077 5078 2502)
4(2411 2503 5079 4987)
4(2502 5078 5079 2503)
4(2412 2504 5080 4988)
4(2503 5079 5080 2504)
4(2413 2505 5081 4989)
4(2504 5080 5081 2505)
4(2414 2506 5082 4990)
4(2505 5081 5082 2506)
4(2415 2507 5083 4991)
4(2506 5082 5083 2507)
4(2416 2508 5084 4992)
4(2507 5083 5084 2508)
4(2417 2509 5085 4993)
4(2508 5084 5085 2509)
4(2418 2510 5086 4994)
4(2509 5085 5086 2510)
4(2419 2511 5087 4995)
4(2510 5086 5087 2511)
4(2420 2512 5088 4996)
4(2511 5087 5088 2512)
4(2421 2513 5089 4997)
4(2512 5088 5089 2513)
4(2422 2514 5090 4998)
4(2513 5089 5090 2514)
4(2423 2515 5091 4999)
4(2514 5090 5091 2515)
4(2424 2516 5092 5000)
4(2515 5091 5092 2516)
4(2425 2517 5093 5001)
4(2516 5092 5093 2517)
4(2426 2518 5094 5002)
4(2517 5093 5094 2518)
4(2427 2519 5095 5003)
4(2518 5094 5095 2519)
4(2428 2520 5096 5004)
4(2519 5095 5096 2520)
4(2429 2521 5097 5005)
4(2520 5096 5097 2521)
4(2430 2522 5098 5006)
4(2521 5097 5098 2522)
4(2431 2523 5099 5007)
4(2522 5098 5099 2523)
4(2523 5099 5100 2524)
4(2432 2524 5100 5008)
4(2433 2525 5101 5009)
4(263 1187 5101 2525)
4(2434 2526 5102 5010)
4(2525 5101 5102 2526)
4(2435 2527 5103 5011)
4(2526 5102 5103 2527)
4(2436 2528 5104 5012)
4(2527 5103 5104 2528)
4(2437 2529 5105 5013)
4(2528 5104 5105 2529)
4(2438 2530 5106 5014)
4(2529 5105 5106 2530)
4(2439 2531 5107 5015)
4(2530 5106 5107 2531)
4(2440 2532 5108 5016)
4(2531 5107 5108 2532)
4(2441 2533 5109 5017)
4(2532 5108 5109 2533)
4(2442 2534 5110 5018)
4(2533 5109 5110 2534)
4(2443 2535 5111 5019)
4(2534 5110 5111 2535)
4(2444 2536 5112 5020)
4(2535 5111 5112 2536)
4(2445 2537 5113 5021)
4(2536 5112 5113 2537)
4(2446 2538 5114 5022)
4(2537 5113 5114 2538)
4(2447 2539 5115 5023)
4(2538 5114 5115 2539)
4(2448 2540 5116 5024)
4(2539 5115 5116 2540)
4(2449 2541 5117 5025)
4(2540 5116 5117 2541)
4(2450 2542 5118 5026)
4(2541 5117 5118 2542)
4(2451 2543 5119 5027)
4(2542 5118 5119 2543)
4(2452 2544 5120 5028)
4(2543 5119 5120 2544)
4(2453 2545 5121 5029)
4(2544 5120 5121 2545)
4(2454 2546 5122 5030)
4(2545 5121 5122 2546)
4(2455 2547 5123 5031)
4(2546 5122 5123 2547)
4(2456 2548 5124 5032)
4(2547 5123 5124 2548)
4(2457 2549 5125 5033)
4(2548 5124 5125 2549)
4(2458 2550 5126 5034)
4(2549 5125 5126 2550)
4(2459 2551 5127 5035)
4(2550 5126 5127 2551)
4(2460 2552 5128 5036)
4(2551 5127 5128 2552)
4(2461 2553 5129 5037)
4(2552 5128 5129 2553)
4(2462 2554 5130 5038)
4(2553 5129 5130 2554)
4(2463 2555 5131 5039)
4(2554 5130 5131 2555)
4(2464 2556 5132 5040)
4(2555 5131 5132 2556)
4(2465 2557 5133 5041)
4(2556 5132 5133 2557)
4(2466 2558 5134 5042)
4(2557 5133 5134 2558)
4(2467 2559 5135 5043)
4(2558 5134 5135 2559)
4(2468 2560 5136 5044)
4(2559 5135 5136 2560)
4(2469 2561 5137 5045)
4(2560 5136 5137 2561)
4(2470 2562 5138 5046)
4(2561 5137 5138 2562)
4(2471 2563 5139 5047)
4(2562 5138 5139 2563)
4(2472 2564 5140 5048)
4(2563 5139 5140 2564)
4(2473 2565 5141 5049)
4(2564 5140 5141 2565)
4(2474 2566 5142 5050)
4(2565 5141 5142 2566)
4(2475 2567 5143 5051)
4(2566 5142 5143 2567)
4(2476 2568 5144 5052)
4(2567 5143 5144 2568)
4(2477 2569 5145 5053)
4(2568 5144 5145 2569)
4(2478 2570 5146 5054)
4(2569 5145 5146 2570)
4(2479 2571 5147 5055)
4(2570 5146 5147 2571)
4(2480 2572 5148 5056)
4(2571 5147 5148 2572)
4(2481 2573 5149 5057)
4(2572 5148 5149 2573)
4(2482 2574 5150 5058)
4(2573 5149 5150 2574)
4(2483 2575 5151 5059)
4(2574 5150 5151 2575)
4(2484 2576 5152 5060)
4(2575 5151 5152 2576)
4(2485 2577 5153 5061)
4(2576 5152 5153 2577)
4(2486 2578 5154 5062)
4(2577 5153 5154 2578)
4(2487 2579 5155 5063)
4(2578 5154 5155 2579)
4(2488 2580 5156 5064)
4(2579 5155 5156 2580)
4(2489 2581 5157 5065)
4(2580 5156 5157 2581)
4(2490 2582 5158 5066)
4(2581 5157 5158 2582)
4(2491 2583 5159 5067)
4(2582 5158 5159 2583)
4(2492 2584 5160 5068)
4(2583 5159 5160 2584)
4(2493 2585 5161 5069)
4(2584 5160 5161 2585)
4(2494 2586 5162 5070)
4(2585 5161 5162 2586)
4(2495 2587 5163 5071)
4(2586 5162 5163 2587)
4(2496 2588 5164 5072)
4(2587 5163 5164 2588)
4(2497 2589 5165 5073)
4(2588 5164 5165 2589)
4(2498 2590 5166 5074)
4(2589 5165 5166 2590)
4(2499 2591 5167 5075)
4(2590 5166 5167 2591)
4(2500 2592 5168 5076)
4(2591 5167 5168 2592)
4(2501 2593 5169 5077)
4(2592 5168 5169 2593)
4(2502 2594 5170 5078)
4(2593 5169 5170 2594)
4(2503 2595 5171 5079)
4(2594 5170 5171 2595)
4(2504 2596 5172 5080)
4(2595 5171 5172 2596)
4(2505 2597 5173 5081)
4(2596 5172 5173 2597)
4(2506 2598 5174 5082)
4(2597 5173 5174 2598)
4(2507 2599 5175 5083)
4(2598 5174 5175 2599)
4(2508 2600 5176 5084)
4(2599 5175 5176 2600)
4(2509 2601 5177 5085)
4(2600 5176 5177 2601)
4(2510 2602 5178 5086)
4(2601 5177 5178 2602)
4(2511 2603 5179 5087)
4(2602 5178 5179 2603)
4(2512 2604 5180 5088)
4(2603 5179 5180 2604)
4(2513 2605 5181 5089)
4(2604 5180 5181 2605)
4(2514 2606 5182 5090)
4(2605 5181 5182 2606)
4(2515 2607 5183 5091)
4(2606 5182 5183 2607)
4(2516 2608 5184 5092)
4(2607 5183 5184 2608)
4(2517 2609 5185 5093)
4(2608 5184 5185 2609)
4(2518 2610 5186 5094)
4(2609 5185 5186 2610)
4(2519 2611 5187 5095)
4(2610 5186 5187 2611)
4(2520 2612 5188 5096)
4(2611 5187 5188 2612)
4(2521 2613 5189 5097)
4(2612 5188 5189 2613)
4(2522 2614 5190 5098)
4(2613 5189 5190 2614)
4(2523 2615 5191 5099)
4(2614 5190 5191 2615)
4(2615 5191 5192 2616)
4(2524 2616 5192 5100)
4(2525 2617 5193 5101)
4(296 1220 5193 2617)
4(2526 2618 5194 5102)
4(2617 5193 5194 2618)
4(2527 2619 5195 5103)
4(2618 5194 5195 2619)
4(2528 2620 5196 5104)
4(2619 5195 5196 2620)
4(2529 2621 5197 5105)
4(2620 5196 5197 2621)
4(2530 2622 5198 5106)
4(2621 5197 5198 2622)
4(2531 2623 5199 5107)
4(2622 5198 5199 2623)
4(2532 2624 5200 5108)
4(2623 5199 5200 2624)
4(2533 2625 5201 5109)
4(2624 5200 5201 2625)
4(2534 2626 5202 5110)
4(2625 5201 5202 2626)
4(2535 2627 5203 5111)
4(2626 5202 5203 2627)
4(2536 2628 5204 5112)
4(2627 5203 5204 2628)
4(2537 2629 5205 5113)
4(2628 5204 5205 2629)
4(2538 2630 5206 5114)
4(2629 5205 5206 2630)
4(2539 2631 5207 5115)
4(2630 5206 5207 2631)
4(2540 2632 5208 5116)
4(2631 5207 5208 2632)
4(2541 2633 5209 5117)
4(2632 5208 5209 2633)
4(2542 2634 5210 5118)
4(2633 5209 5210 2634)
4(2543 2635 5211 5119)
4(2634 5210 5211 2635)
4(2544 2636 5212 5120)
4(2635 5211 5212 2636)
4(2545 2637 5213 5121)
4(2636 5212 5213 2637)
4(2546 2638 5214 5122)
4(2637 5213 5214 2638)
4(2547 2639 5215 5123)
4(2638 5214 5215 2639)
4(2548 2640 5216 5124)
4(2639 5215 5216 2640)
4(2549 2641 5217 5125)
4(2640 5216 5217 2641)
4(2550 2642 5218 5126)
4(2641 5217 5218 2642)
4(2551 2643 5219 5127)
4(2642 5218 5219 2643)
4(2552 2644 5220 5128)
4(2643 5219 5220 2644)
4(2553 2645 5221 5129)
4(2644 5220 5221 2645)
4(2554 2646 5222 5130)
4(2645 5221 5222 2646)
4(2555 2647 5223 5131)
4(2646 5222 5223 2647)
4(2556 2648 5224 5132)
4(2647 5223 5224 2648)
4(2557 2649 5225 5133)
4(2648 5224 5225 2649)
4(2558 2650 5226 5134)
4(2649 5225 5226 2650)
4(2559 2651 5227 5135)
4(2650 5226 5227 2651)
4(2560 2652 5228 5136)
4(2651 5227 5228 2652)
4(2561 2653 5229 5137)
4(2652 5228 5229 2653)
4(2562 2654 5230 5138)
4(2653 5229 5230 2654)
4(2563 2655 5231 5139)
4(2654 5230 5231 2655)
4(2564 2656 5232 5140)
4(2655 5231 5232 2656)
4(2565 2657 5233 5141)
4(2656 5232 5233 2657)
4(2566 2658 5234 5142)
4(2657 5233 5234 2658)
4(2567 2659 5235 5143)
4(2658 5234 5235 2659)
4(2568 2660 5236 5144)
4(2659 5235 5236 2660)
4(2569 2661 5237 5145)
4(2660 5236 5237 2661)
4(2570 2662 5238 5146)
4(2661 5237 5238 2662)
4(2571 2663 5239 5147)
4(2662 5238 5239 2663)
4(2572 2664 5240 5148)
4(2663 5239 5240 2664)
4(2573 2665 5241 5149)
4(2664 5240 5241 2665)
4(2574 2666 5242 5150)
4(2665 5241 5242 2666)
4(2575 2667 5243 5151)
4(2666 5242 5243 2667)
4(2576 2668 5244 5152)
4(2667 5243 5244 2668)
4(2577 2669 5245 5153)
4(2668 5244 5245 2669)
4(2578 2670 5246 5154)
4(2669 5245 5246 2670)
4(2579 2671 5247 5155)
4(2670 5246 5247 2671)
4(2580 2672 5248 5156)
4(2671 5247 5248 2672)
4(2581 2673 5249 5157)
4(2672 5248 5249 2673)
4(2582 2674 5250 5158)
4(2673 5249 5250 2674)
4(2583 2675 5251 5159)
4(2674 5250 5251 2675)
4(2584 2676 5252 5160)
4(2675 5251 5252 2676)
4(2585 2677 5253 5161)
4(2676 5252 5253 2677)
4(2586 2678 5254 5162)
4(2677 5253 5254 2678)
4(2587 2679 5255 5163)
4(2678 5254 5255 2679)
4(2588 2680 5256 5164)
4(2679 5255 5256 2680)
4(2589 2681 5257 5165)
4(2680 5256 5257 2681)
4(2590 2682 5258 5166)
4(2681 5257 5258 2682)
4(2591 2683 5259 5167)
4(2682 5258 5259 2683)
4(2592 2684 5260 5168)
4(2683 5259 5260 2684)
4(2593 2685 5261 5169)
4(2684 5260 5261 2685)
4(2594 2686 5262 5170)
4(2685 5261 5262 2686)
4(2595 2687 5263 5171)
4(2686 5262 5263 2687)
4(2596 2688 5264 5172)
4(2687 5263 5264 2688)
4(2597 2689 5265 5173)
4(2688 5264 5265 2689)
4(2598 2690 5266 5174)
4(2689 5265 5266 2690)
4(2599 2691 5267 5175)
4(2690 5266 5267 2691)
4(2600 2692 5268 5176)
4(2691 5267 5268 2692)
4(2601 2693 5269 5177)
4(2692 5268 5269 2693)
4(2602 2694 5270 5178)
4(2693 5269 5270 2694)
4(2603 2695 5271 5179)
4(2694 5270 5271 2695)
4(2604 2696 5272 5180)
4(2695 5271 5272 2696)
4(2605 2697 5273 5181)
4(2696 5272 5273 2697)
4(2606 2698 5274 5182)
4(2697 5273 5274 2698)
4(2607 2699 5275 5183)
4(2698 5274 5275 2699)
4(2608 2700 5276 5184)
4(2699 5275 5276 2700)
4(2609 2701 5277 5185)
4(2700 5276 5277 2701)
4(2610 2702 5278 5186)
4(2701 5277 5278 2702)
4(2611 2703 5279 5187)
4(2702 5278 5279 2703)
4(2612 2704 5280 5188)
4(2703 5279 5280 2704)
4(2613 2705 5281 5189)
4(2704 5280 5281 2705)
4(2614 2706 5282 5190)
4(2705 5281 5282 2706)
4(2615 2707 5283 5191)
4(2706 5282 5283 2707)
4(2707 5283 5284 2708)
4(2616 2708 5284 5192)
4(2617 2709 5285 5193)
4(329 1253 5285 2709)
4(2618 2710 5286 5194)
4(2709 5285 5286 2710)
4(2619 2711 5287 5195)
4(2710 5286 5287 2711)
4(2620 2712 5288 5196)
4(2711 5287 5288 2712)
4(2621 2713 5289 5197)
4(2712 5288 5289 2713)
4(2622 2714 5290 5198)
4(2713 5289 5290 2714)
4(2623 2715 5291 5199)
4(2714 5290 5291 2715)
4(2624 2716 5292 5200)
4(2715 5291 5292 2716)
4(2625 2717 5293 5201)
4(2716 5292 5293 2717)
4(2626 2718 5294 5202)
4(2717 5293 5294 2718)
4(2627 2719 5295 5203)
4(2718 5294 5295 2719)
4(2628 2720 5296 5204)
4(2719 5295 5296 2720)
4(2629 2721 5297 5205)
4(2720 5296 5297 2721)
4(2630 2722 5298 5206)
4(2721 5297 5298 2722)
4(2631 2723 5299 5207)
4(2722 5298 5299 2723)
4(2632 2724 5300 5208)
4(2723 5299 5300 2724)
4(2633 2725 5301 5209)
4(2724 5300 5301 2725)
4(2634 2726 5302 5210)
4(2725 5301 5302 2726)
4(2635 2727 5303 5211)
4(2726 5302 5303 2727)
4(2636 2728 5304 5212)
4(2727 5303 5304 2728)
4(2637 2729 5305 5213)
4(2728 5304 5305 2729)
4(2638 2730 5306 5214)
4(2729 5305 5306 2730)
4(2639 2731 5307 5215)
4(2730 5306 5307 2731)
4(2640 2732 5308 5216)
4(2731 5307 5308 2732)
4(2641 2733 5309 5217)
4(2732 5308 5309 2733)
4(2642 2734 5310 5218)
4(2733 5309 5310 2734)
4(2643 2735 5311 5219)
4(2734 5310 5311 2735)
4(2644 2736 5312 5220)
4(2735 5311 5312 2736)
4(2645 2737 5313 5221)
4(2736 5312 5313 2737)
4(2646 2738 5314 5222)
4(2737 5313 5314 2738)
4(2647 2739 5315 5223)
4(2738 5314 5315 2739)
4(2648 2740 5316 5224)
4(2739 5315 5316 2740)
4(2649 2741 5317 5225)
4(2740 5316 5317 2741)
4(2650 2742 5318 5226)
4(2741 5317 5318 2742)
4(2651 2743 5319 5227)
4(2742 5318 5319 2743)
4(2652 2744 5320 5228)
4(2743 5319 5320 2744)
4(2653 2745 5321 5229)
4(2744 5320 5321 2745)
4(2654 2746 5322 5230)
4(2745 5321 5322 2746)
4(2655 2747 5323 5231)
4(2746 5322 5323 2747)
4(2656 2748 5324 5232)
4(2747 5323 5324 2748)
4(2657 2749 5325 5233)
4(2748 5324 5325 2749)
4(2658 2750 5326 5234)
4(2749 5325 5326 2750)
4(2659 2751 5327 5235)
4(2750 5326 5327 2751)
4(2660 2752 5328 5236)
4(2751 5327 5328 2752)
4(2661 2753 5329 5237)
4(2752 5328 5329 2753)
4(2662 2754 5330 5238)
4(2753 5329 5330 2754)
4(2663 2755 5331 5239)
4(2754 5330 5331 2755)
4(2664 2756 5332 5240)
4(2755 5331 5332 2756)
4(2665 2757 5333 5241)
4(2756 5332 5333 2757)
4(2666 2758 5334 5242)
4(2757 5333 5334 2758)
4(2667 2759 5335 5243)
4(2758 5334 5335 2759)
4(2668 2760 5336 5244)
4(2759 5335 5336 2760)
4(2669 2761 5337 5245)
4(2760 5336 5337 2761)
4(2670 2762 5338 5246)
4(2761 5337 5338 2762)
4(2671 2763 5339 5247)
4(2762 5338 5339 2763)
4(2672 2764 5340 5248)
4(2763 5339 5340 2764)
4(2673 2765 5341 5249)
4(2764 5340 5341 2765)
4(2674 2766 5342 5250)
4(2765 5341 5342 2766)
4(2675 2767 5343 5251)
4(2766 5342 5343 2767)
4(2676 2768 5344 5252)
4(2767 5343 5344 2768)
4(2677 2769 5345 5253)
4(2768 5344 5345 2769)
4(2678 2770 5346 5254)
4(2769 5345 5346 2770)
4(2679 2771 5347 5255)
4(2770 5346 5347 2771)
4(2680 2772 5348 5256)
4(2771 5347 5348 2772)
4(2681 2773 5349 5257)
4(2772 5348 5349 2773)
4(2682 2774 5350 5258)
4(2773 5349 5350 2774)
4(2683 2775 5351 5259)
4(2774 5350 5351 2775)
4(2684 2776 5352 5260)
4(2775 5351 5352 2776)
4(2685 2777 5353 5261)
4(2776 5352 5353 2777)
4(2686 2778 5354 5262)
4(2777 5353 5354 2778)
4(2687 2779 5355 5263)
4(2778 5354 5355 2779)
4(2688 2780 5356 5264)
4(2779 5355 5356 2780)
4(2689 2781 5357 5265)
4(2780 5356 5357 2781)
4(2690 2782 5358 5266)
4(2781 5357 5358 2782)
4(2691 2783 5359 5267)
4(2782 5358 5359 2783)
4(2692 2784 5360 5268)
4(2783 5359 5360 2784)
4(2693 2785 5361 5269)
4(2784 5360 5361 2785)
4(2694 2786 5362 5270)
4(2785 5361 5362 2786)
4(2695 2787 5363 5271)
4(2786 5362 5363 2787)
4(2696 2788 5364 5272)
4(2787 5363 5364 2788)
4(2697 2789 5365 5273)
4(2788 5364 5365 2789)
4(2698 2790 5366 5274)
4(2789 5365 5366 2790)
4(2699 2791 5367 5275)
4(2790 5366 5367 2791)
4(2700 2792 5368 5276)
4(2791 5367 5368 2792)
4(2701 2793 5369 5277)
4(2792 5368 5369 2793)
4(2702 2794 5370 5278)
4(2793 5369 5370 2794)
4(2703 2795 5371 5279)
4(2794 5370 5371 2795)
4(2704 2796 5372 5280)
4(2795 5371 5372 2796)
4(2705 2797 5373 5281)
4(2796 5372 5373 2797)
4(2706 2798 5374 5282)
4(2797 5373 5374 2798)
4(2707 2799 5375 5283)
4(2798 5374 5375 2799)
4(2799 5375 5376 2800)
4(2708 2800 5376 5284)
4(2709 2801 5377 5285)
4(362 1286 5377 2801)
4(2710 2802 5378 5286)
4(2801 5377 5378 2802)
4(2711 2803 5379 5287)
4(2802 5378 5379 2803)
4(2712 2804 5380 5288)
4(2803 5379 5380 2804)
4(2713 2805 5381 5289)
4(2804 5380 5381 2805)
4(2714 2806 5382 5290)
4(2805 5381 5382 2806)
4(2715 2807 5383 5291)
4(2806 5382 5383 2807)
4(2716 2808 5384 5292)
4(2807 5383 5384 2808)
4(2717 2809 5385 5293)
4(2808 5384 5385 2809)
4(2718 2810 5386 5294)
4(2809 5385 5386 2810)
4(2719 2811 5387 5295)
4(2810 5386 5387 2811)
4(2720 2812 5388 5296)
4(2811 5387 5388 2812)
4(2721 2813 5389 5297)
4(2812 5388 5389 2813)
4(2722 2814 5390 5298)
4(2813 5389 5390 2814)
4(2723 2815 5391 5299)
4(2814 5390 5391 2815)
4(2724 2816 5392 5300)
4(2815 5391 5392 2816)
4(2725 2817 5393 5301)
4(2816 5392 5393 2817)
4(2726 2818 5394 5302)
4(2817 5393 5394 2818)
4(2727 2819 5395 5303)
4(2818 5394 5395 2819)
4(2728 2820 5396 5304)
4(2819 5395 5396 2820)
4(2729 2821 5397 5305)
4(2820 5396 5397 2821)
4(2730 2822 5398 5306)
4(2821 5397 5398 2822)
4(2731 2823 5399 5307)
4(2822 5398 5399 2823)
4(2732 2824 5400 5308)
4(2823 5399 5400 2824)
4(2733 2825 5401 5309)
4(2824 5400 5401 2825)
4(2734 2826 5402 5310)
4(2825 5401 5402 2826)
4(2735 2827 5403 5311)
4(2826 5402 5403 2827)
4(2736 2828 5404 5312)
4(2827 5403 5404 2828)
4(2737 2829 5405 5313)
4(2828 5404 5405 2829)
4(2738 2830 5406 5314)
4(2829 5405 5406 2830)
4(2739 2831 5407 5315)
4(2830 5406 5407 2831)
4(2740 2832 5408 5316)
4(2831 5407 5408 2832)
4(2741 2833 5409 5317)
4(2832 5408 5409 2833)
4(2742 2834 5410 5318)
4(2833 5409 5410 2834)
4(2743 2835 5411 5319)
4(2834 5410 5411 2835)
4(2744 2836 5412 5320)
4(2835 5411 5412 2836)
4(2745 2837 5413 5321)
4(2836 5412 5413 2837)
4(2746 2838 5414 5322)
4(2837 5413 5414 2838)
4(2747 2839 5415 5323)
4(2838 5414 5415 2839)
4(2748 2840 5416 5324)
4(2839 5415 5416 2840)
4(2749 2841 5417 5325)
4(2840 5416 5417 2841)
4(2750 2842 5418 5326)
4(2841 5417 5418 2842)
4(2751 2843 5419 5327)
4(2842 5418 5419 2843)
4(2752 2844 5420 5328)
4(2843 5419 5420 2844)
4(2753 2845 5421 5329)
4(2844 5420 5421 2845)
4(2754 2846 5422 5330)
4(2845 5421 5422 2846)
4(2755 2847 5423 5331)
4(2846 5422 5423 2847)
4(2756 2848 5424 5332)
4(2847 5423 5424 2848)
4(2757 2849 5425 5333)
4(2848 5424 5425 2849)
4(2758 2850 5426 5334)
4(2849 5425 5426 2850)
4(2759 2851 5427 5335)
4(2850 5426 5427 2851)
4(2760 2852 5428 5336)
4(2851 5427 5428 2852)
4(2761 2853 5429 5337)
4(2852 5428 5429 2853)
4(2762 2854 5430 5338)
4(2853 5429 5430 2854)
4(2763 2855 5431 5339)
4(2854 5430 5431 2855)
4(2764 2856 5432 5340)
4(2855 5431 5432 2856)
4(2765 2857 5433 5341)
4(2856 5432 5433 2857)
4(2766 2858 5434 5342)
4(2857 5433 5434 2858)
4(2767 2859 5435 5343)
4(2858 5434 5435 2859)
4(2768 2860 5436 5344)
4(2859 5435 5436 2860)
4(2769 2861 5437 5345)
4(2860 5436 5437 2861)
4(2770 2862 5438 5346)
4(2861 5437 5438 2862)
4(2771 2863 5439 5347)
4(2862 5438 5439 2863)
4(2772 2864 5440 5348)
4(2863 5439 5440 2864)
4(2773 2865 5441 5349)
4(2864 5440 5441 2865)
4(2774 2866 5442 5350)
4(2865 5441 5442 2866)
4(2775 2867 5443 5351)
4(2866 5442 5443 2867)
4(2776 2868 5444 5352)
4(2867 5443 5444 2868)
4(2777 2869 5445 5353)
4(2868 5444 5445 2869)
4(2778 2870 5446 5354)
4(2869 5445 5446 2870)
4(2779 2871 5447 5355)
4(2870 5446 5447 2871)
4(2780 2872 5448 5356)
4(2871 5447 5448 2872)
4(2781 2873 5449 5357)
4(2872 5448 5449 2873)
4(2782 2874 5450 5358)
4(2873 5449 5450 2874)
4(2783 2875 5451 5359)
4(2874 5450 5451 2875)
4(2784 2876 5452 5360)
4(2875 5451 5452 2876)
4(2785 2877 5453 5361)
4(2876 5452 5453 2877)
4(2786 2878 5454 5362)
4(2877 5453 5454 2878)
4(2787 2879 5455 5363)
4(2878 5454 5455 2879)
4(2788 2880 5456 5364)
4(2879 5455 5456 2880)
4(2789 2881 5457 5365)
4(2880 5456 5457 2881)
4(2790 2882 5458 5366)
4(2881 5457 5458 2882)
4(2791 2883 5459 5367)
4(2882 5458 5459 2883)
4(2792 2884 5460 5368)
4(2883 5459 5460 2884)
4(2793 2885 5461 5369)
4(2884 5460 5461 2885)
4(2794 2886 5462 5370)
4(2885 5461 5462 2886)
4(2795 2887 5463 5371)
4(2886 5462 5463 2887)
4(2796 2888 5464 5372)
4(2887 5463 5464 2888)
4(2797 2889 5465 5373)
4(2888 5464 5465 2889)
4(2798 2890 5466 5374)
4(2889 5465 5466 2890)
4(2799 2891 5467 5375)
4(2890 5466 5467 2891)
4(2891 5467 5468 2892)
4(2800 2892 5468 5376)
4(2801 2893 5469 5377)
4(395 1319 5469 2893)
4(2802 2894 5470 5378)
4(2893 5469 5470 2894)
4(2803 2895 5471 5379)
4(2894 5470 5471 2895)
4(2804 2896 5472 5380)
4(2895 5471 5472 2896)
4(2805 2897 5473 5381)
4(2896 5472 5473 2897)
4(2806 2898 5474 5382)
4(2897 5473 5474 2898)
4(2807 2899 5475 5383)
4(2898 5474 5475 2899)
4(2808 2900 5476 5384)
4(2899 5475 5476 2900)
4(2809 2901 5477 5385)
4(2900 5476 5477 2901)
4(2810 2902 5478 5386)
4(2901 5477 5478 2902)
4(2811 2903 5479 5387)
4(2902 5478 5479 2903)
4(2812 2904 5480 5388)
4(2903 5479 5480 2904)
4(2813 2905 5481 5389)
4(2904 5480 5481 2905)
4(2814 2906 5482 5390)
4(2905 5481 5482 2906)
4(2815 2907 5483 5391)
4(2906 5482 5483 2907)
4(2816 2908 5484 5392)
4(2907 5483 5484 2908)
4(2817 2909 5485 5393)
4(2908 5484 5485 2909)
4(2818 2910 5486 5394)
4(2909 5485 5486 2910)
4(2819 2911 5487 5395)
4(2910 5486 5487 2911)
4(2820 2912 5488 5396)
4(2911 5487 5488 2912)
4(2821 2913 5489 5397)
4(2912 5488 5489 2913)
4(2822 2914 5490 5398)
4(2913 5489 5490 2914)
4(2823 2915 5491 5399)
4(2914 5490 5491 2915)
4(2824 2916 5492 5400)
4(2915 5491 5492 2916)
4(2825 2917 5493 5401)
4(2916 5492 5493 2917)
4(2826 2918 5494 5402)
4(2917 5493 5494 2918)
4(2827 2919 5495 5403)
4(2918 5494 5495 2919)
4(2828 2920 5496 5404)
4(2919 5495 5496 2920)
4(2829 2921 5497 5405)
4(2920 5496 5497 2921)
4(2830 2922 5498 5406)
4(2921 5497 5498 2922)
4(2831 2923 5499 5407)
4(2922 5498 5499 2923)
4(2832 2924 5500 5408)
4(2923 5499 5500 2924)
4(2833 2925 5501 5409)
4(2924 5500 5501 2925)
4(2834 2926 5502 5410)
4(2925 5501 5502 2926)
4(2835 2927 5503 5411)
4(2926 5502 5503 2927)
4(2836 2928 5504 5412)
4(2927 5503 5504 2928)
4(2837 2929 5505 5413)
4(2928 5504 5505 2929)
4(2838 2930 5506 5414)
4(2929 5505 5506 2930)
4(2839 2931 5507 5415)
4(2930 5506 5507 2931)
4(2840 2932 5508 5416)
4(2931 5507 5508 2932)
4(2841 2933 5509 5417)
4(2932 5508 5509 2933)
4(2842 2934 5510 5418)
4(2933 5509 5510 2934)
4(2843 2935 5511 5419)
4(2934 5510 5511 2935)
4(2844 2936 5512 5420)
4(2935 5511 5512 2936)
4(2845 2937 5513 5421)
4(2936 5512 5513 2937)
4(2846 2938 5514 5422)
4(2937 5513 5514 2938)
4(2847 2939 5515 5423)
4(2938 5514 5515 2939)
4(2848 2940 5516 5424)
4(2939 5515 5516 2940)
4(2849 2941 5517 5425)
4(2940 5516 5517 2941)
4(2850 2942 5518 5426)
4(2941 5517 5518 2942)
4(2851 2943 5519 5427)
4(2942 5518 5519 2943)
4(2852 2944 5520 5428)
4(2943 5519 5520 2944)
4(2853 2945 5521 5429)
4(2944 5520 5521 2945)
4(2854 2946 5522 5430)
4(2945 5521 5522 2946)
4(2855 2947 5523 5431)
4(2946 5522 5523 2947)
4(2856 2948 5524 5432)
4(2947 5523 5524 2948)
4(2857 2949 5525 5433)
4(2948 5524 5525 2949)
4(2858 2950 5526 5434)
4(2949 5525 5526 2950)
4(2859 2951 5527 5435)
4(2950 5526 5527 2951)
4(2860 2952 5528 5436)
4(2951 5527 5528 2952)
4(2861 2953 5529 5437)
4(2952 5528 5529 2953)
4(2862 2954 5530 5438)
4(2953 5529 5530 2954)
4(2863 2955 5531 5439)
4(2954 5530 5531 2955)
4(2864 2956 5532 5440)
4(2955 5531 5532 2956)
4(2865 2957 5533 5441)
4(2956 5532 5533 2957)
4(2866 2958 5534 5442)
4(2957 5533 5534 2958)
4(2867 2959 5535 5443)
4(2958 5534 5535 2959)
4(2868 2960 5536 5444)
4(2959 5535 5536 2960)
4(2869 2961 5537 5445)
4(2960 5536 5537 2961)
4(2870 2962 5538 5446)
4(2961 5537 5538 2962)
4(2871 2963 5539 5447)
4(2962 5538 5539 2963)
4(2872 2964 5540 5448)
4(2963 5539 5540 2964)
4(2873 2965 5541 5449)
4(2964 5540 5541 2965)
4(2874 2966 5542 5450)
4(2965 5541 5542 2966)
4(2875 2967 5543 5451)
4(2966 5542 5543 2967)
4(2876 2968 5544 5452)
4(2967 5543 5544 2968)
4(2877 2969 5545 5453)
4(2968 5544 5545 2969)
4(2878 2970 5546 5454)
4(2969 5545 5546 2970)
4(2879 2971 5547 5455)
4(2970 5546 5547 2971)
4(2880 2972 5548 5456)
4(2971 5547 5548 2972)
4(2881 2973 5549 5457)
4(2972 5548 5549 2973)
4(2882 2974 5550 5458)
4(2973 5549 5550 2974)
4(2883 2975 5551 5459)
4(2974 5550 5551 2975)
4(2884 2976 5552 5460)
4(2975 5551 5552 2976)
4(2885 2977 5553 5461)
4(2976 5552 5553 2977)
4(2886 2978 5554 5462)
4(2977 5553 5554 2978)
4(2887 2979 5555 5463)
4(2978 5554 5555 2979)
4(2888 2980 5556 5464)
4(2979 5555 5556 2980)
4(2889 2981 5557 5465)
4(2980 5556 5557 2981)
4(2890 2982 5558 5466)
4(2981 5557 5558 2982)
4(2891 2983 5559 5467)
4(2982 5558 5559 2983)
4(2983 5559 5560 2984)
4(2892 2984 5560 5468)
4(2893 2985 5561 5469)
4(428 1352 5561 2985)
4(2894 2986 5562 5470)
4(2985 5561 5562 2986)
4(2895 2987 5563 5471)
4(2986 5562 5563 2987)
4(2896 2988 5564 5472)
4(2987 5563 5564 2988)
4(2897 2989 5565 5473)
4(2988 5564 5565 2989)
4(2898 2990 5566 5474)
4(2989 5565 5566 2990)
4(2899 2991 5567 5475)
4(2990 5566 5567 2991)
4(2900 2992 5568 5476)
4(2991 5567 5568 2992)
4(2901 2993 5569 5477)
4(2992 5568 5569 2993)
4(2902 2994 5570 5478)
4(2993 5569 5570 2994)
4(2903 2995 5571 5479)
4(2994 5570 5571 2995)
4(2904 2996 5572 5480)
4(2995 5571 5572 2996)
4(2905 2997 5573 5481)
4(2996 5572 5573 2997)
4(2906 2998 5574 5482)
4(2997 5573 5574 2998)
4(2907 2999 5575 5483)
4(2998 5574 5575 2999)
4(2908 3000 5576 5484)
4(2999 5575 5576 3000)
4(2909 3001 5577 5485)
4(3000 5576 5577 3001)
4(2910 3002 5578 5486)
4(3001 5577 5578 3002)
4(2911 3003 5579 5487)
4(3002 5578 5579 3003)
4(2912 3004 5580 5488)
4(3003 5579 5580 3004)
4(2913 3005 5581 5489)
4(3004 5580 5581 3005)
4(2914 3006 5582 5490)
4(3005 5581 5582 3006)
4(2915 3007 5583 5491)
4(3006 5582 5583 3007)
4(2916 3008 5584 5492)
4(3007 5583 5584 3008)
4(2917 3009 5585 5493)
4(3008 5584 5585 3009)
4(2918 3010 5586 5494)
4(3009 5585 5586 3010)
4(2919 3011 5587 5495)
4(3010 5586 5587 3011)
4(2920 3012 5588 5496)
4(3011 5587 5588 3012)
4(2921 3013 5589 5497)
4(3012 5588 5589 3013)
4(2922 3014 5590 5498)
4(3013 5589 5590 3014)
4(2923 3015 5591 5499)
4(3014 5590 5591 3015)
4(2924 3016 5592 5500)
4(3015 5591 5592 3016)
4(2925 3017 5593 5501)
4(3016 5592 5593 3017)
4(2926 3018 5594 5502)
4(3017 5593 5594 3018)
4(2927 3019 5595 5503)
4(3018 5594 5595 3019)
4(2928 3020 5596 5504)
4(3019 5595 5596 3020)
4(2929 3021 5597 5505)
4(3020 5596 5597 3021)
4(2930 3022 5598 5506)
4(3021 5597 5598 3022)
4(2931 3023 5599 5507)
4(3022 5598 5599 3023)
4(2932 3024 5600 5508)
4(3023 5599 5600 3024)
4(2933 3025 5601 5509)
4(3024 5600 5601 3025)
4(2934 3026 5602 5510)
4(3025 5601 5602 3026)
4(2935 3027 5603 5511)
4(3026 5602 5603 3027)
4(2936 3028 5604 5512)
4(3027 5603 5604 3028)
4(2937 3029 5605 5513)
4(3028 5604 5605 3029)
4(2938 3030 5606 5514)
4(3029 5605 5606 3030)
4(2939 3031 5607 5515)
4(3030 5606 5607 3031)
4(2940 3032 5608 5516)
4(3031 5607 5608 3032)
4(2941 3033 5609 5517)
4(3032 5608 5609 3033)
4(2942 3034 5610 5518)
4(3033 5609 5610 3034)
4(2943 3035 5611 5519)
4(3034 5610 5611 3035)
4(2944 3036 5612 5520)
4(3035 5611 5612 3036)
4(2945 3037 5613 5521)
4(3036 5612 5613 3037)
4(2946 3038 5614 5522)
4(3037 5613 5614 3038)
4(2947 3039 5615 5523)
4(3038 5614 5615 3039)
4(2948 3040 5616 5524)
4(3039 5615 5616 3040)
4(2949 3041 5617 5525)
4(3040 5616 5617 3041)
4(2950 3042 5618 5526)
4(3041 5617 5618 3042)
4(2951 3043 5619 5527)
4(3042 5618 5619 3043)
4(2952 3044 5620 5528)
4(3043 5619 5620 3044)
4(2953 3045 5621 5529)
4(3044 5620 5621 3045)
4(2954 3046 5622 5530)
4(3045 5621 5622 3046)
4(2955 3047 5623 5531)
4(3046 5622 5623 3047)
4(2956 3048 5624 5532)
4(3047 5623 5624 3048)
4(2957 3049 5625 5533)
4(3048 5624 5625 3049)
4(2958 3050 5626 5534)
4(3049 5625 5626 3050)
4(2959 3051 5627 5535)
4(3050 5626 5627 3051)
4(2960 3052 5628 5536)
4(3051 5627 5628 3052)
4(2961 3053 5629 5537)
4(3052 5628 5629 3053)
4(2962 3054 5630 5538)
4(3053 5629 5630 3054)
4(2963 3055 5631 5539)
4(3054 5630 5631 3055)
4(2964 3056 5632 5540)
4(3055 5631 5632 3056)
4(2965 3057 5633 5541)
4(3056 5632 5633 3057)
4(2966 3058 5634 5542)
4(3057 5633 5634 3058)
4(2967 3059 5635 5543)
4(3058 5634 5635 3059)
4(2968 3060 5636 5544)
4(3059 5635 5636 3060)
4(2969 3061 5637 5545)
4(3060 5636 5637 3061)
4(2970 3062 5638 5546)
4(3061 5637 5638 3062)
4(2971 3063 5639 5547)
4(3062 5638 5639 3063)
4(2972 3064 5640 5548)
4(3063 5639 5640 3064)
4(2973 3065 5641 5549)
4(3064 5640 5641 3065)
4(2974 3066 5642 5550)
4(3065 5641 5642 3066)
4(2975 3067 5643 5551)
4(3066 5642 5643 3067)
4(2976 3068 5644 5552)
4(3067 5643 5644 3068)
4(2977 3069 5645 5553)
4(3068 5644 5645 3069)
4(2978 3070 5646 5554)
4(3069 5645 5646 3070)
4(2979 3071 5647 5555)
4(3070 5646 5647 3071)
4(2980 3072 5648 5556)
4(3071 5647 5648 3072)
4(2981 3073 5649 5557)
4(3072 5648 5649 3073)
4(2982 3074 5650 5558)
4(3073 5649 5650 3074)
4(2983 3075 5651 5559)
4(3074 5650 5651 3075)
4(3075 5651 5652 3076)
4(2984 3076 5652 5560)
4(2985 3077 5653 5561)
4(461 1385 5653 3077)
4(2986 3078 5654 5562)
4(3077 5653 5654 3078)
4(2987 3079 5655 5563)
4(3078 5654 5655 3079)
4(2988 3080 5656 5564)
4(3079 5655 5656 3080)
4(2989 3081 5657 5565)
4(3080 5656 5657 3081)
4(2990 3082 5658 5566)
4(3081 5657 5658 3082)
4(2991 3083 5659 5567)
4(3082 5658 5659 3083)
4(2992 3084 5660 5568)
4(3083 5659 5660 3084)
4(2993 3085 5661 5569)
4(3084 5660 5661 3085)
4(2994 3086 5662 5570)
4(3085 5661 5662 3086)
4(2995 3087 5663 5571)
4(3086 5662 5663 3087)
4(2996 3088 5664 5572)
4(3087 5663 5664 3088)
4(2997 3089 5665 5573)
4(3088 5664 5665 3089)
4(2998 3090 5666 5574)
4(3089 5665 5666 3090)
4(2999 3091 5667 5575)
4(3090 5666 5667 3091)
4(3000 3092 5668 5576)
4(3091 5667 5668 3092)
4(3001 3093 5669 5577)
4(3092 5668 5669 3093)
4(3002 3094 5670 5578)
4(3093 5669 5670 3094)
4(3003 3095 5671 5579)
4(3094 5670 5671 3095)
4(3004 3096 5672 5580)
4(3095 5671 5672 3096)
4(3005 3097 5673 5581)
4(3096 5672 5673 3097)
4(3006 3098 5674 5582)
4(3097 5673 5674 3098)
4(3007 3099 5675 5583)
4(3098 5674 5675 3099)
4(3008 3100 5676 5584)
4(3099 5675 5676 3100)
4(3009 3101 5677 5585)
4(3100 5676 5677 3101)
4(3010 3102 5678 5586)
4(3101 5677 5678 3102)
4(3011 3103 5679 5587)
4(3102 5678 5679 3103)
4(3012 3104 5680 5588)
4(3103 5679 5680 3104)
4(3013 3105 5681 5589)
4(3104 5680 5681 3105)
4(3014 3106 5682 5590)
4(3105 5681 5682 3106)
4(3015 3107 5683 5591)
4(3106 5682 5683 3107)
4(3016 3108 5684 5592)
4(3107 5683 5684 3108)
4(3017 3109 5685 5593)
4(3108 5684 5685 3109)
4(3018 3110 5686 5594)
4(3109 5685 5686 3110)
4(3019 3111 5687 5595)
4(3110 5686 5687 3111)
4(3020 3112 5688 5596)
4(3111 5687 5688 3112)
4(3021 3113 5689 5597)
4(3112 5688 5689 3113)
4(3022 3114 5690 5598)
4(3113 5689 5690 3114)
4(3023 3115 5691 5599)
4(3114 5690 5691 3115)
4(3024 3116 5692 5600)
4(3115 5691 5692 3116)
4(3025 3117 5693 5601)
4(3116 5692 5693 3117)
4(3026 3118 5694 5602)
4(3117 5693 5694 3118)
4(3027 3119 5695 5603)
4(3118 5694 5695 3119)
4(3028 3120 5696 5604)
4(3119 5695 5696 3120)
4(3029 3121 5697 5605)
4(3120 5696 5697 3121)
4(3030 3122 5698 5606)
4(3121 5697 5698 3122)
4(3031 3123 5699 5607)
4(3122 5698 5699 3123)
4(3032 3124 5700 5608)
4(3123 5699 5700 3124)
4(3033 3125 5701 5609)
4(3124 5700 5701 3125)
4(3034 3126 5702 5610)
4(3125 5701 5702 3126)
4(3035 3127 5703 5611)
4(3126 5702 5703 3127)
4(3036 3128 5704 5612)
4(3127 5703 5704 3128)
4(3037 3129 5705 5613)
4(3128 5704 5705 3129)
4(3038 3130 5706 5614)
4(3129 5705 5706 3130)
4(3039 3131 5707 5615)
4(3130 5706 5707 3131)
4(3040 3132 5708 5616)
4(3131 5707 5708 3132)
4(3041 3133 5709 5617)
4(3132 5708 5709 3133)
4(3042 3134 5710 5618)
4(3133 5709 5710 3134)
4(3043 3135 5711 5619)
4(3134 5710 5711 3135)
4(3044 3136 5712 5620)
4(3135 5711 5712 3136)
4(3045 3137 5713 5621)
4(3136 5712 5713 3137)
4(3046 3138 5714 5622)
4(3137 5713 5714 3138)
4(3047 3139 5715 5623)
4(3138 5714 5715 3139)
4(3048 3140 5716 5624)
4(3139 5715 5716 3140)
4(3049 3141 5717 5625)
4(3140 5716 5717 3141)
4(3050 3142 5718 5626)
4(3141 5717 5718 3142)
4(3051 3143 5719 5627)
4(3142 5718 5719 3143)
4(3052 3144 5720 5628)
4(3143 5719 5720 3144)
4(3053 3145 5721 5629)
4(3144 5720 5721 3145)
4(3054 3146 5722 5630)
4(3145 5721 5722 3146)
4(3055 3147 5723 5631)
4(3146 5722 5723 3147)
4(3056 3148 5724 5632)
4(3147 5723 5724 3148)
4(3057 3149 5725 5633)
4(3148 5724 5725 3149)
4(3058 3150 5726 5634)
4(3149 5725 5726 3150)
4(3059 3151 5727 5635)
4(3150 5726 5727 3151)
4(3060 3152 5728 5636)
4(3151 5727 5728 3152)
4(3061 3153 5729 5637)
4(3152 5728 5729 3153)
4(3062 3154 5730 5638)
4(3153 5729 5730 3154)
4(3063 3155 5731 5639)
4(3154 5730 5731 3155)
4(3064 3156 5732 5640)
4(3155 5731 5732 3156)
4(3065 3157 5733 5641)
4(3156 5732 5733 3157)
4(3066 3158 5734 5642)
4(3157 5733 5734 3158)
4(3067 3159 5735 5643)
4(3158 5734 5735 3159)
4(3068 3160 5736 5644)
4(3159 5735 5736 3160)
4(3069 3161 5737 5645)
4(3160 5736 5737 3161)
4(3070 3162 5738 5646)
4(3161 5737 5738 3162)
4(3071 3163 5739 5647)
4(3162 5738 5739 3163)
4(3072 3164 5740 5648)
4(3163 5739 5740 3164)
4(3073 3165 5741 5649)
4(3164 5740 5741 3165)
4(3074 3166 5742 5650)
4(3165 5741 5742 3166)
4(3075 3167 5743 5651)
4(3166 5742 5743 3167)
4(3167 5743 5744 3168)
4(3076 3168 5744 5652)
4(3077 3169 5745 5653)
4(494 1418 5745 3169)
4(3078 3170 5746 5654)
4(3169 5745 5746 3170)
4(3079 3171 5747 5655)
4(3170 5746 5747 3171)
4(3080 3172 5748 5656)
4(3171 5747 5748 3172)
4(3081 3173 5749 5657)
4(3172 5748 5749 3173)
4(3082 3174 5750 5658)
4(3173 5749 5750 3174)
4(3083 3175 5751 5659)
4(3174 5750 5751 3175)
4(3084 3176 5752 5660)
4(3175 5751 5752 3176)
4(3085 3177 5753 5661)
4(3176 5752 5753 3177)
4(3086 3178 5754 5662)
4(3177 5753 5754 3178)
4(3087 3179 5755 5663)
4(3178 5754 5755 3179)
4(3088 3180 5756 5664)
4(3179 5755 5756 3180)
4(3089 3181 5757 5665)
4(3180 5756 5757 3181)
4(3090 3182 5758 5666)
4(3181 5757 5758 3182)
4(3091 3183 5759 5667)
4(3182 5758 5759 3183)
4(3092 3184 5760 5668)
4(3183 5759 5760 3184)
4(3093 3185 5761 5669)
4(3184 5760 5761 3185)
4(3094 3186 5762 5670)
4(3185 5761 5762 3186)
4(3095 3187 5763 5671)
4(3186 5762 5763 3187)
4(3096 3188 5764 5672)
4(3187 5763 5764 3188)
4(3097 3189 5765 5673)
4(3188 5764 5765 3189)
4(3098 3190 5766 5674)
4(3189 5765 5766 3190)
4(3099 3191 5767 5675)
4(3190 5766 5767 3191)
4(3100 3192 5768 5676)
4(3191 5767 5768 3192)
4(3101 3193 5769 5677)
4(3192 5768 5769 3193)
4(3102 3194 5770 5678)
4(3193 5769 5770 3194)
4(3103 3195 5771 5679)
4(3194 5770 5771 3195)
4(3104 3196 5772 5680)
4(3195 5771 5772 3196)
4(3105 3197 5773 5681)
4(3196 5772 5773 3197)
4(3106 3198 5774 5682)
4(3197 5773 5774 3198)
4(3107 3199 5775 5683)
4(3198 5774 5775 3199)
4(3108 3200 5776 5684)
4(3199 5775 5776 3200)
4(3109 3201 5777 5685)
4(3200 5776 5777 3201)
4(3110 3202 5778 5686)
4(3201 5777 5778 3202)
4(3111 3203 5779 5687)
4(3202 5778 5779 3203)
4(3112 3204 5780 5688)
4(3203 5779 5780 3204)
4(3113 3205 5781 5689)
4(3204 5780 5781 3205)
4(3114 3206 5782 5690)
4(3205 5781 5782 3206)
4(3115 3207 5783 5691)
4(3206 5782 5783 3207)
4(3116 3208 5784 5692)
4(3207 5783 5784 3208)
4(3117 3209 5785 5693)
4(3208 5784 5785 3209)
4(3118 3210 5786 5694)
4(3209 5785 5786 3210)
4(3119 3211 5787 5695)
4(3210 5786 5787 3211)
4(3120 3212 5788 5696)
4(3211 5787 5788 3212)
4(3121 3213 5789 5697)
4(3212 5788 5789 3213)
4(3122 3214 5790 5698)
4(3213 5789 5790 3214)
4(3123 3215 5791 5699)
4(3214 5790 5791 3215)
4(3124 3216 5792 5700)
4(3215 5791 5792 3216)
4(3125 3217 5793 5701)
4(3216 5792 5793 3217)
4(3126 3218 5794 5702)
4(3217 5793 5794 3218)
4(3127 3219 5795 5703)
4(3218 5794 5795 3219)
4(3128 3220 5796 5704)
4(3219 5795 5796 3220)
4(3129 3221 5797 5705)
4(3220 5796 5797 3221)
4(3130 3222 5798 5706)
4(3221 5797 5798 3222)
4(3131 3223 5799 5707)
4(3222 5798 5799 3223)
4(3132 3224 5800 5708)
4(3223 5799 5800 3224)
4(3133 3225 5801 5709)
4(3224 5800 5801 3225)
4(3134 3226 5802 5710)
4(3225 5801 5802 3226)
4(3135 3227 5803 5711)
4(3226 5802 5803 3227)
4(3136 3228 5804 5712)
4(3227 5803 5804 3228)
4(3137 3229 5805 5713)
4(3228 5804 5805 3229)
4(3138 3230 5806 5714)
4(3229 5805 5806 3230)
4(3139 3231 5807 5715)
4(3230 5806 5807 3231)
4(3140 3232 5808 5716)
4(3231 5807 5808 3232)
4(3141 3233 5809 5717)
4(3232 5808 5809 3233)
4(3142 3234 5810 5718)
4(3233 5809 5810 3234)
4(3143 3235 5811 5719)
4(3234 5810 5811 3235)
4(3144 3236 5812 5720)
4(3235 5811 5812 3236)
4(3145 3237 5813 5721)
4(3236 5812 5813 3237)
4(3146 3238 5814 5722)
4(3237 5813 5814 3238)
4(3147 3239 5815 5723)
4(3238 5814 5815 3239)
4(3148 3240 5816 5724)
4(3239 5815 5816 3240)
4(3149 3241 5817 5725)
4(3240 5816 5817 3241)
4(3150 3242 5818 5726)
4(3241 5817 5818 3242)
4(3151 3243 5819 5727)
4(3242 5818 5819 3243)
4(3152 3244 5820 5728)
4(3243 5819 5820 3244)
4(3153 3245 5821 5729)
4(3244 5820 5821 3245)
4(3154 3246 5822 5730)
4(3245 5821 5822 3246)
4(3155 3247 5823 5731)
4(3246 5822 5823 3247)
4(3156 3248 5824 5732)
4(3247 5823 5824 3248)
4(3157 3249 5825 5733)
4(3248 5824 5825 3249)
4(3158 3250 5826 5734)
4(3249 5825 5826 3250)
4(3159 3251 5827 5735)
4(3250 5826 5827 3251)
4(3160 3252 5828 5736)
4(3251 5827 5828 3252)
4(3161 3253 5829 5737)
4(3252 5828 5829 3253)
4(3162 3254 5830 5738)
4(3253 5829 5830 3254)
4(3163 3255 5831 5739)
4(3254 5830 5831 3255)
4(3164 3256 5832 5740)
4(3255 5831 5832 3256)
4(3165 3257 5833 5741)
4(3256 5832 5833 3257)
4(3166 3258 5834 5742)
4(3257 5833 5834 3258)
4(3167 3259 5835 5743)
4(3258 5834 5835 3259)
4(3259 5835 5836 3260)
4(3168 3260 5836 5744)
4(3169 3261 5837 5745)
4(527 1451 5837 3261)
4(3170 3262 5838 5746)
4(3261 5837 5838 3262)
4(3171 3263 5839 5747)
4(3262 5838 5839 3263)
4(3172 3264 5840 5748)
4(3263 5839 5840 3264)
4(3173 3265 5841 5749)
4(3264 5840 5841 3265)
4(3174 3266 5842 5750)
4(3265 5841 5842 3266)
4(3175 3267 5843 5751)
4(3266 5842 5843 3267)
4(3176 3268 5844 5752)
4(3267 5843 5844 3268)
4(3177 3269 5845 5753)
4(3268 5844 5845 3269)
4(3178 3270 5846 5754)
4(3269 5845 5846 3270)
4(3179 3271 5847 5755)
4(3270 5846 5847 3271)
4(3180 3272 5848 5756)
4(3271 5847 5848 3272)
4(3181 3273 5849 5757)
4(3272 5848 5849 3273)
4(3182 3274 5850 5758)
4(3273 5849 5850 3274)
4(3183 3275 5851 5759)
4(3274 5850 5851 3275)
4(3184 3276 5852 5760)
4(3275 5851 5852 3276)
4(3185 3277 5853 5761)
4(3276 5852 5853 3277)
4(3186 3278 5854 5762)
4(3277 5853 5854 3278)
4(3187 3279 5855 5763)
4(3278 5854 5855 3279)
4(3188 3280 5856 5764)
4(3279 5855 5856 3280)
4(3189 3281 5857 5765)
4(3280 5856 5857 3281)
4(3190 3282 5858 5766)
4(3281 5857 5858 3282)
4(3191 3283 5859 5767)
4(3282 5858 5859 3283)
4(3192 3284 5860 5768)
4(3283 5859 5860 3284)
4(3193 3285 5861 5769)
4(3284 5860 5861 3285)
4(3194 3286 5862 5770)
4(3285 5861 5862 3286)
4(3195 3287 5863 5771)
4(3286 5862 5863 3287)
4(3196 3288 5864 5772)
4(3287 5863 5864 3288)
4(3197 3289 5865 5773)
4(3288 5864 5865 3289)
4(3198 3290 5866 5774)
4(3289 5865 5866 3290)
4(3199 3291 5867 5775)
4(3290 5866 5867 3291)
4(3200 3292 5868 5776)
4(3291 5867 5868 3292)
4(3201 3293 5869 5777)
4(3292 5868 5869 3293)
4(3202 3294 5870 5778)
4(3293 5869 5870 3294)
4(3203 3295 5871 5779)
4(3294 5870 5871 3295)
4(3204 3296 5872 5780)
4(3295 5871 5872 3296)
4(3205 3297 5873 5781)
4(3296 5872 5873 3297)
4(3206 3298 5874 5782)
4(3297 5873 5874 3298)
4(3207 3299 5875 5783)
4(3298 5874 5875 3299)
4(3208 3300 5876 5784)
4(3299 5875 5876 3300)
4(3209 3301 5877 5785)
4(3300 5876 5877 3301)
4(3210 3302 5878 5786)
4(3301 5877 5878 3302)
4(3211 3303 5879 5787)
4(3302 5878 5879 3303)
4(3212 3304 5880 5788)
4(3303 5879 5880 3304)
4(3213 3305 5881 5789)
4(3304 5880 5881 3305)
4(3214 3306 5882 5790)
4(3305 5881 5882 3306)
4(3215 3307 5883 5791)
4(3306 5882 5883 3307)
4(3216 3308 5884 5792)
4(3307 5883 5884 3308)
4(3217 3309 5885 5793)
4(3308 5884 5885 3309)
4(3218 3310 5886 5794)
4(3309 5885 5886 3310)
4(3219 3311 5887 5795)
4(3310 5886 5887 3311)
4(3220 3312 5888 5796)
4(3311 5887 5888 3312)
4(3221 3313 5889 5797)
4(3312 5888 5889 3313)
4(3222 3314 5890 5798)
4(3313 5889 5890 3314)
4(3223 3315 5891 5799)
4(3314 5890 5891 3315)
4(3224 3316 5892 5800)
4(3315 5891 5892 3316)
4(3225 3317 5893 5801)
4(3316 5892 5893 3317)
4(3226 3318 5894 5802)
4(3317 5893 5894 3318)
4(3227 3319 5895 5803)
4(3318 5894 5895 3319)
4(3228 3320 5896 5804)
4(3319 5895 5896 3320)
4(3229 3321 5897 5805)
4(3320 5896 5897 3321)
4(3230 3322 5898 5806)
4(3321 5897 5898 3322)
4(3231 3323 5899 5807)
4(3322 5898 5899 3323)
4(3232 3324 5900 5808)
4(3323 5899 5900 3324)
4(3233 3325 5901 5809)
4(3324 5900 5901 3325)
4(3234 3326 5902 5810)
4(3325 5901 5902 3326)
4(3235 3327 5903 5811)
4(3326 5902 5903 3327)
4(3236 3328 5904 5812)
4(3327 5903 5904 3328)
4(3237 3329 5905 5813)
4(3328 5904 5905 3329)
4(3238 3330 5906 5814)
4(3329 5905 5906 3330)
4(3239 3331 5907 5815)
4(3330 5906 5907 3331)
4(3240 3332 5908 5816)
4(3331 5907 5908 3332)
4(3241 3333 5909 5817)
4(3332 5908 5909 3333)
4(3242 3334 5910 5818)
4(3333 5909 5910 3334)
4(3243 3335 5911 5819)
4(3334 5910 5911 3335)
4(3244 3336 5912 5820)
4(3335 5911 5912 3336)
4(3245 3337 5913 5821)
4(3336 5912 5913 3337)
4(3246 3338 5914 5822)
4(3337 5913 5914 3338)
4(3247 3339 5915 5823)
4(3338 5914 5915 3339)
4(3248 3340 5916 5824)
4(3339 5915 5916 3340)
4(3249 3341 5917 5825)
4(3340 5916 5917 3341)
4(3250 3342 5918 5826)
4(3341 5917 5918 3342)
4(3251 3343 5919 5827)
4(3342 5918 5919 3343)
4(3252 3344 5920 5828)
4(3343 5919 5920 3344)
4(3253 3345 5921 5829)
4(3344 5920 5921 3345)
4(3254 3346 5922 5830)
4(3345 5921 5922 3346)
4(3255 3347 5923 5831)
4(3346 5922 5923 3347)
4(3256 3348 5924 5832)
4(3347 5923 5924 3348)
4(3257 3349 5925 5833)
4(3348 5924 5925 3349)
4(3258 3350 5926 5834)
4(3349 5925 5926 3350)
4(3259 3351 5927 5835)
4(3350 5926 5927 3351)
4(3351 5927 5928 3352)
4(3260 3352 5928 5836)
4(3261 3353 5929 5837)
4(560 1484 5929 3353)
4(3262 3354 5930 5838)
4(3353 5929 5930 3354)
4(3263 3355 5931 5839)
4(3354 5930 5931 3355)
4(3264 3356 5932 5840)
4(3355 5931 5932 3356)
4(3265 3357 5933 5841)
4(3356 5932 5933 3357)
4(3266 3358 5934 5842)
4(3357 5933 5934 3358)
4(3267 3359 5935 5843)
4(3358 5934 5935 3359)
4(3268 3360 5936 5844)
4(3359 5935 5936 3360)
4(3269 3361 5937 5845)
4(3360 5936 5937 3361)
4(3270 3362 5938 5846)
4(3361 5937 5938 3362)
4(3271 3363 5939 5847)
4(3362 5938 5939 3363)
4(3272 3364 5940 5848)
4(3363 5939 5940 3364)
4(3273 3365 5941 5849)
4(3364 5940 5941 3365)
4(3274 3366 5942 5850)
4(3365 5941 5942 3366)
4(3275 3367 5943 5851)
4(3366 5942 5943 3367)
4(3276 3368 5944 5852)
4(3367 5943 5944 3368)
4(3277 3369 5945 5853)
4(3368 5944 5945 3369)
4(3278 3370 5946 5854)
4(3369 5945 5946 3370)
4(3279 3371 5947 5855)
4(3370 5946 5947 3371)
4(3280 3372 5948 5856)
4(3371 5947 5948 3372)
4(3281 3373 5949 5857)
4(3372 5948 5949 3373)
4(3282 3374 5950 5858)
4(3373 5949 5950 3374)
4(3283 3375 5951 5859)
4(3374 5950 5951 3375)
4(3284 3376 5952 5860)
4(3375 5951 5952 3376)
4(3285 3377 5953 5861)
4(3376 5952 5953 3377)
4(3286 3378 5954 5862)
4(3377 5953 5954 3378)
4(3287 3379 5955 5863)
4(3378 5954 5955 3379)
4(3288 3380 5956 5864)
4(3379 5955 5956 3380)
4(3289 3381 5957 5865)
4(3380 5956 5957 3381)
4(3290 3382 5958 5866)
4(3381 5957 5958 3382)
4(3291 3383 5959 5867)
4(3382 5958 5959 3383)
4(3292 3384 5960 5868)
4(3383 5959 5960 3384)
4(3293 3385 5961 5869)
4(3384 5960 5961 3385)
4(3294 3386 5962 5870)
4(3385 5961 5962 3386)
4(3295 3387 5963 5871)
4(3386 5962 5963 3387)
4(3296 3388 5964 5872)
4(3387 5963 5964 3388)
4(3297 3389 5965 5873)
4(3388 5964 5965 3389)
4(3298 3390 5966 5874)
4(3389 5965 5966 3390)
4(3299 3391 5967 5875)
4(3390 5966 5967 3391)
4(3300 3392 5968 5876)
4(3391 5967 5968 3392)
4(3301 3393 5969 5877)
4(3392 5968 5969 3393)
4(3302 3394 5970 5878)
4(3393 5969 5970 3394)
4(3303 3395 5971 5879)
4(3394 5970 5971 3395)
4(3304 3396 5972 5880)
4(3395 5971 5972 3396)
4(3305 3397 5973 5881)
4(3396 5972 5973 3397)
4(3306 3398 5974 5882)
4(3397 5973 5974 3398)
4(3307 3399 5975 5883)
4(3398 5974 5975 3399)
4(3308 3400 5976 5884)
4(3399 5975 5976 3400)
4(3309 3401 5977 5885)
4(3400 5976 5977 3401)
4(3310 3402 5978 5886)
4(3401 5977 5978 3402)
4(3311 3403 5979 5887)
4(3402 5978 5979 3403)
4(3312 3404 5980 5888)
4(3403 5979 5980 3404)
4(3313 3405 5981 5889)
4(3404 5980 5981 3405)
4(3314 3406 5982 5890)
4(3405 5981 5982 3406)
4(3315 3407 5983 5891)
4(3406 5982 5983 3407)
4(3316 3408 5984 5892)
4(3407 5983 5984 3408)
4(3317 3409 5985 5893)
4(3408 5984 5985 3409)
4(3318 3410 5986 5894)
4(3409 5985 5986 3410)
4(3319 3411 5987 5895)
4(3410 5986 5987 3411)
4(3320 3412 5988 5896)
4(3411 5987 5988 3412)
4(3321 3413 5989 5897)
4(3412 5988 5989 3413)
4(3322 3414 5990 5898)
4(3413 5989 5990 3414)
4(3323 3415 5991 5899)
4(3414 5990 5991 3415)
4(3324 3416 5992 5900)
4(3415 5991 5992 3416)
4(3325 3417 5993 5901)
4(3416 5992 5993 3417)
4(3326 3418 5994 5902)
4(3417 5993 5994 3418)
4(3327 3419 5995 5903)
4(3418 5994 5995 3419)
4(3328 3420 5996 5904)
4(3419 5995 5996 3420)
4(3329 3421 5997 5905)
4(3420 5996 5997 3421)
4(3330 3422 5998 5906)
4(3421 5997 5998 3422)
4(3331 3423 5999 5907)
4(3422 5998 5999 3423)
4(3332 3424 6000 5908)
4(3423 5999 6000 3424)
4(3333 3425 6001 5909)
4(3424 6000 6001 3425)
4(3334 3426 6002 5910)
4(3425 6001 6002 3426)
4(3335 3427 6003 5911)
4(3426 6002 6003 3427)
4(3336 3428 6004 5912)
4(3427 6003 6004 3428)
4(3337 3429 6005 5913)
4(3428 6004 6005 3429)
4(3338 3430 6006 5914)
4(3429 6005 6006 3430)
4(3339 3431 6007 5915)
4(3430 6006 6007 3431)
4(3340 3432 6008 5916)
4(3431 6007 6008 3432)
4(3341 3433 6009 5917)
4(3432 6008 6009 3433)
4(3342 3434 6010 5918)
4(3433 6009 6010 3434)
4(3343 3435 6011 5919)
4(3434 6010 6011 3435)
4(3344 3436 6012 5920)
4(3435 6011 6012 3436)
4(3345 3437 6013 5921)
4(3436 6012 6013 3437)
4(3346 3438 6014 5922)
4(3437 6013 6014 3438)
4(3347 3439 6015 5923)
4(3438 6014 6015 3439)
4(3348 3440 6016 5924)
4(3439 6015 6016 3440)
4(3349 3441 6017 5925)
4(3440 6016 6017 3441)
4(3350 3442 6018 5926)
4(3441 6017 6018 3442)
4(3351 3443 6019 5927)
4(3442 6018 6019 3443)
4(3443 6019 6020 3444)
4(3352 3444 6020 5928)
4(3353 3445 6021 5929)
4(593 1517 6021 3445)
4(3354 3446 6022 5930)
4(3445 6021 6022 3446)
4(3355 3447 6023 5931)
4(3446 6022 6023 3447)
4(3356 3448 6024 5932)
4(3447 6023 6024 3448)
4(3357 3449 6025 5933)
4(3448 6024 6025 3449)
4(3358 3450 6026 5934)
4(3449 6025 6026 3450)
4(3359 3451 6027 5935)
4(3450 6026 6027 3451)
4(3360 3452 6028 5936)
4(3451 6027 6028 3452)
4(3361 3453 6029 5937)
4(3452 6028 6029 3453)
4(3362 3454 6030 5938)
4(3453 6029 6030 3454)
4(3363 3455 6031 5939)
4(3454 6030 6031 3455)
4(3364 3456 6032 5940)
4(3455 6031 6032 3456)
4(3365 3457 6033 5941)
4(3456 6032 6033 3457)
4(3366 3458 6034 5942)
4(3457 6033 6034 3458)
4(3367 3459 6035 5943)
4(3458 6034 6035 3459)
4(3368 3460 6036 5944)
4(3459 6035 6036 3460)
4(3369 3461 6037 5945)
4(3460 6036 6037 3461)
4(3370 3462 6038 5946)
4(3461 6037 6038 3462)
4(3371 3463 6039 5947)
4(3462 6038 6039 3463)
4(3372 3464 6040 5948)
4(3463 6039 6040 3464)
4(3373 3465 6041 5949)
4(3464 6040 6041 3465)
4(3374 3466 6042 5950)
4(3465 6041 6042 3466)
4(3375 3467 6043 5951)
4(3466 6042 6043 3467)
4(3376 3468 6044 5952)
4(3467 6043 6044 3468)
4(3377 3469 6045 5953)
4(3468 6044 6045 3469)
4(3378 3470 6046 5954)
4(3469 6045 6046 3470)
4(3379 3471 6047 5955)
4(3470 6046 6047 3471)
4(3380 3472 6048 5956)
4(3471 6047 6048 3472)
4(3381 3473 6049 5957)
4(3472 6048 6049 3473)
4(3382 3474 6050 5958)
4(3473 6049 6050 3474)
4(3383 3475 6051 5959)
4(3474 6050 6051 3475)
4(3384 3476 6052 5960)
4(3475 6051 6052 3476)
4(3385 3477 6053 5961)
4(3476 6052 6053 3477)
4(3386 3478 6054 5962)
4(3477 6053 6054 3478)
4(3387 3479 6055 5963)
4(3478 6054 6055 3479)
4(3388 3480 6056 5964)
4(3479 6055 6056 3480)
4(3389 3481 6057 5965)
4(3480 6056 6057 3481)
4(3390 3482 6058 5966)
4(3481 6057 6058 3482)
4(3391 3483 6059 5967)
4(3482 6058 6059 3483)
4(3392 3484 6060 5968)
4(3483 6059 6060 3484)
4(3393 3485 6061 5969)
4(3484 6060 6061 3485)
4(3394 3486 6062 5970)
4(3485 6061 6062 3486)
4(3395 3487 6063 5971)
4(3486 6062 6063 3487)
4(3396 3488 6064 5972)
4(3487 6063 6064 3488)
4(3397 3489 6065 5973)
4(3488 6064 6065 3489)
4(3398 3490 6066 5974)
4(3489 6065 6066 3490)
4(3399 3491 6067 5975)
4(3490 6066 6067 3491)
4(3400 3492 6068 5976)
4(3491 6067 6068 3492)
4(3401 3493 6069 5977)
4(3492 6068 6069 3493)
4(3402 3494 6070 5978)
4(3493 6069 6070 3494)
4(3403 3495 6071 5979)
4(3494 6070 6071 3495)
4(3404 3496 6072 5980)
4(3495 6071 6072 3496)
4(3405 3497 6073 5981)
4(3496 6072 6073 3497)
4(3406 3498 6074 5982)
4(3497 6073 6074 3498)
4(3407 3499 6075 5983)
4(3498 6074 6075 3499)
4(3408 3500 6076 5984)
4(3499 6075 6076 3500)
4(3409 3501 6077 5985)
4(3500 6076 6077 3501)
4(3410 3502 6078 5986)
4(3501 6077 6078 3502)
4(3411 3503 6079 5987)
4(3502 6078 6079 3503)
4(3412 3504 6080 5988)
4(3503 6079 6080 3504)
4(3413 3505 6081 5989)
4(3504 6080 6081 3505)
4(3414 3506 6082 5990)
4(3505 6081 6082 3506)
4(3415 3507 6083 5991)
4(3506 6082 6083 3507)
4(3416 3508 6084 5992)
4(3507 6083 6084 3508)
4(3417 3509 6085 5993)
4(3508 6084 6085 3509)
4(3418 3510 6086 5994)
4(3509 6085 6086 3510)
4(3419 3511 6087 5995)
4(3510 6086 6087 3511)
4(3420 3512 6088 5996)
4(3511 6087 6088 3512)
4(3421 3513 6089 5997)
4(3512 6088 6089 3513)
4(3422 3514 6090 5998)
4(3513 6089 6090 3514)
4(3423 3515 6091 5999)
4(3514 6090 6091 3515)
4(3424 3516 6092 6000)
4(3515 6091 6092 3516)
4(3425 3517 6093 6001)
4(3516 6092 6093 3517)
4(3426 3518 6094 6002)
4(3517 6093 6094 3518)
4(3427 3519 6095 6003)
4(3518 6094 6095 3519)
4(3428 3520 6096 6004)
4(3519 6095 6096 3520)
4(3429 3521 6097 6005)
4(3520 6096 6097 3521)
4(3430 3522 6098 6006)
4(3521 6097 6098 3522)
4(3431 3523 6099 6007)
4(3522 6098 6099 3523)
4(3432 3524 6100 6008)
4(3523 6099 6100 3524)
4(3433 3525 6101 6009)
4(3524 6100 6101 3525)
4(3434 3526 6102 6010)
4(3525 6101 6102 3526)
4(3435 3527 6103 6011)
4(3526 6102 6103 3527)
4(3436 3528 6104 6012)
4(3527 6103 6104 3528)
4(3437 3529 6105 6013)
4(3528 6104 6105 3529)
4(3438 3530 6106 6014)
4(3529 6105 6106 3530)
4(3439 3531 6107 6015)
4(3530 6106 6107 3531)
4(3440 3532 6108 6016)
4(3531 6107 6108 3532)
4(3441 3533 6109 6017)
4(3532 6108 6109 3533)
4(3442 3534 6110 6018)
4(3533 6109 6110 3534)
4(3443 3535 6111 6019)
4(3534 6110 6111 3535)
4(3535 6111 6112 3536)
4(3444 3536 6112 6020)
4(3445 3537 6113 6021)
4(626 1550 6113 3537)
4(3446 3538 6114 6022)
4(3537 6113 6114 3538)
4(3447 3539 6115 6023)
4(3538 6114 6115 3539)
4(3448 3540 6116 6024)
4(3539 6115 6116 3540)
4(3449 3541 6117 6025)
4(3540 6116 6117 3541)
4(3450 3542 6118 6026)
4(3541 6117 6118 3542)
4(3451 3543 6119 6027)
4(3542 6118 6119 3543)
4(3452 3544 6120 6028)
4(3543 6119 6120 3544)
4(3453 3545 6121 6029)
4(3544 6120 6121 3545)
4(3454 3546 6122 6030)
4(3545 6121 6122 3546)
4(3455 3547 6123 6031)
4(3546 6122 6123 3547)
4(3456 3548 6124 6032)
4(3547 6123 6124 3548)
4(3457 3549 6125 6033)
4(3548 6124 6125 3549)
4(3458 3550 6126 6034)
4(3549 6125 6126 3550)
4(3459 3551 6127 6035)
4(3550 6126 6127 3551)
4(3460 3552 6128 6036)
4(3551 6127 6128 3552)
4(3461 3553 6129 6037)
4(3552 6128 6129 3553)
4(3462 3554 6130 6038)
4(3553 6129 6130 3554)
4(3463 3555 6131 6039)
4(3554 6130 6131 3555)
4(3464 3556 6132 6040)
4(3555 6131 6132 3556)
4(3465 3557 6133 6041)
4(3556 6132 6133 3557)
4(3466 3558 6134 6042)
4(3557 6133 6134 3558)
4(3467 3559 6135 6043)
4(3558 6134 6135 3559)
4(3468 3560 6136 6044)
4(3559 6135 6136 3560)
4(3469 3561 6137 6045)
4(3560 6136 6137 3561)
4(3470 3562 6138 6046)
4(3561 6137 6138 3562)
4(3471 3563 6139 6047)
4(3562 6138 6139 3563)
4(3472 3564 6140 6048)
4(3563 6139 6140 3564)
4(3473 3565 6141 6049)
4(3564 6140 6141 3565)
4(3474 3566 6142 6050)
4(3565 6141 6142 3566)
4(3475 3567 6143 6051)
4(3566 6142 6143 3567)
4(3476 3568 6144 6052)
4(3567 6143 6144 3568)
4(3477 3569 6145 6053)
4(3568 6144 6145 3569)
4(3478 3570 6146 6054)
4(3569 6145 6146 3570)
4(3479 3571 6147 6055)
4(3570 6146 6147 3571)
4(3480 3572 6148 6056)
4(3571 6147 6148 3572)
4(3481 3573 6149 6057)
4(3572 6148 6149 3573)
4(3482 3574 6150 6058)
4(3573 6149 6150 3574)
4(3483 3575 6151 6059)
4(3574 6150 6151 3575)
4(3484 3576 6152 6060)
4(3575 6151 6152 3576)
4(3485 3577 6153 6061)
4(3576 6152 6153 3577)
4(3486 3578 6154 6062)
4(3577 6153 6154 3578)
4(3487 3579 6155 6063)
4(3578 6154 6155 3579)
4(3488 3580 6156 6064)
4(3579 6155 6156 3580)
4(3489 3581 6157 6065)
4(3580 6156 6157 3581)
4(3490 3582 6158 6066)
4(3581 6157 6158 3582)
4(3491 3583 6159 6067)
4(3582 6158 6159 3583)
4(3492 3584 6160 6068)
4(3583 6159 6160 3584)
4(3493 3585 6161 6069)
4(3584 6160 6161 3585)
4(3494 3586 6162 6070)
4(3585 6161 6162 3586)
4(3495 3587 6163 6071)
4(3586 6162 6163 3587)
4(3496 3588 6164 6072)
4(3587 6163 6164 3588)
4(3497 3589 6165 6073)
4(3588 6164 6165 3589)
4(3498 3590 6166 6074)
4(3589 6165 6166 3590)
4(3499 3591 6167 6075)
4(3590 6166 6167 3591)
4(3500 3592 6168 6076)
4(3591 6167 6168 3592)
4(3501 3593 6169 6077)
4(3592 6168 6169 3593)
4(3502 3594 6170 6078)
4(3593 6169 6170 3594)
4(3503 3595 6171 6079)
4(3594 6170 6171 3595)
4(3504 3596 6172 6080)
4(3595 6171 6172 3596)
4(3505 3597 6173 6081)
4(3596 6172 6173 3597)
4(3506 3598 6174 6082)
4(3597 6173 6174 3598)
4(3507 3599 6175 6083)
4(3598 6174 6175 3599)
4(3508 3600 6176 6084)
4(3599 6175 6176 3600)
4(3509 3601 6177 6085)
4(3600 6176 6177 3601)
4(3510 3602 6178 6086)
4(3601 6177 6178 3602)
4(3511 3603 6179 6087)
4(3602 6178 6179 3603)
4(3512 3604 6180 6088)
4(3603 6179 6180 3604)
4(3513 3605 6181 6089)
4(3604 6180 6181 3605)
4(3514 3606 6182 6090)
4(3605 6181 6182 3606)
4(3515 3607 6183 6091)
4(3606 6182 6183 3607)
4(3516 3608 6184 6092)
4(3607 6183 6184 3608)
4(3517 3609 6185 6093)
4(3608 6184 6185 3609)
4(3518 3610 6186 6094)
4(3609 6185 6186 3610)
4(3519 3611 6187 6095)
4(3610 6186 6187 3611)
4(3520 3612 6188 6096)
4(3611 6187 6188 3612)
4(3521 3613 6189 6097)
4(3612 6188 6189 3613)
4(3522 3614 6190 6098)
4(3613 6189 6190 3614)
4(3523 3615 6191 6099)
4(3614 6190 6191 3615)
4(3524 3616 6192 6100)
4(3615 6191 6192 3616)
4(3525 3617 6193 6101)
4(3616 6192 6193 3617)
4(3526 3618 6194 6102)
4(3617 6193 6194 3618)
4(3527 3619 6195 6103)
4(3618 6194 6195 3619)
4(3528 3620 6196 6104)
4(3619 6195 6196 3620)
4(3529 3621 6197 6105)
4(3620 6196 6197 3621)
4(3530 3622 6198 6106)
4(3621 6197 6198 3622)
4(3531 3623 6199 6107)
4(3622 6198 6199 3623)
4(3532 3624 6200 6108)
4(3623 6199 6200 3624)
4(3533 3625 6201 6109)
4(3624 6200 6201 3625)
4(3534 3626 6202 6110)
4(3625 6201 6202 3626)
4(3535 3627 6203 6111)
4(3626 6202 6203 3627)
4(3627 6203 6204 3628)
4(3536 3628 6204 6112)
4(3537 3629 6205 6113)
4(659 1583 6205 3629)
4(3538 3630 6206 6114)
4(3629 6205 6206 3630)
4(3539 3631 6207 6115)
4(3630 6206 6207 3631)
4(3540 3632 6208 6116)
4(3631 6207 6208 3632)
4(3541 3633 6209 6117)
4(3632 6208 6209 3633)
4(3542 3634 6210 6118)
4(3633 6209 6210 3634)
4(3543 3635 6211 6119)
4(3634 6210 6211 3635)
4(3544 3636 6212 6120)
4(3635 6211 6212 3636)
4(3545 3637 6213 6121)
4(3636 6212 6213 3637)
4(3546 3638 6214 6122)
4(3637 6213 6214 3638)
4(3547 3639 6215 6123)
4(3638 6214 6215 3639)
4(3548 3640 6216 6124)
4(3639 6215 6216 3640)
4(3549 3641 6217 6125)
4(3640 6216 6217 3641)
4(3550 3642 6218 6126)
4(3641 6217 6218 3642)
4(3551 3643 6219 6127)
4(3642 6218 6219 3643)
4(3552 3644 6220 6128)
4(3643 6219 6220 3644)
4(3553 3645 6221 6129)
4(3644 6220 6221 3645)
4(3554 3646 6222 6130)
4(3645 6221 6222 3646)
4(3555 3647 6223 6131)
4(3646 6222 6223 3647)
4(3556 3648 6224 6132)
4(3647 6223 6224 3648)
4(3557 3649 6225 6133)
4(3648 6224 6225 3649)
4(3558 3650 6226 6134)
4(3649 6225 6226 3650)
4(3559 3651 6227 6135)
4(3650 6226 6227 3651)
4(3560 3652 6228 6136)
4(3651 6227 6228 3652)
4(3561 3653 6229 6137)
4(3652 6228 6229 3653)
4(3562 3654 6230 6138)
4(3653 6229 6230 3654)
4(3563 3655 6231 6139)
4(3654 6230 6231 3655)
4(3564 3656 6232 6140)
4(3655 6231 6232 3656)
4(3565 3657 6233 6141)
4(3656 6232 6233 3657)
4(3566 3658 6234 6142)
4(3657 6233 6234 3658)
4(3567 3659 6235 6143)
4(3658 6234 6235 3659)
4(3568 3660 6236 6144)
4(3659 6235 6236 3660)
4(3569 3661 6237 6145)
4(3660 6236 6237 3661)
4(3570 3662 6238 6146)
4(3661 6237 6238 3662)
4(3571 3663 6239 6147)
4(3662 6238 6239 3663)
4(3572 3664 6240 6148)
4(3663 6239 6240 3664)
4(3573 3665 6241 6149)
4(3664 6240 6241 3665)
4(3574 3666 6242 6150)
4(3665 6241 6242 3666)
4(3575 3667 6243 6151)
4(3666 6242 6243 3667)
4(3576 3668 6244 6152)
4(3667 6243 6244 3668)
4(3577 3669 6245 6153)
4(3668 6244 6245 3669)
4(3578 3670 6246 6154)
4(3669 6245 6246 3670)
4(3579 3671 6247 6155)
4(3670 6246 6247 3671)
4(3580 3672 6248 6156)
4(3671 6247 6248 3672)
4(3581 3673 6249 6157)
4(3672 6248 6249 3673)
4(3582 3674 6250 6158)
4(3673 6249 6250 3674)
4(3583 3675 6251 6159)
4(3674 6250 6251 3675)
4(3584 3676 6252 6160)
4(3675 6251 6252 3676)
4(3585 3677 6253 6161)
4(3676 6252 6253 3677)
4(3586 3678 6254 6162)
4(3677 6253 6254 3678)
4(3587 3679 6255 6163)
4(3678 6254 6255 3679)
4(3588 3680 6256 6164)
4(3679 6255 6256 3680)
4(3589 3681 6257 6165)
4(3680 6256 6257 3681)
4(3590 3682 6258 6166)
4(3681 6257 6258 3682)
4(3591 3683 6259 6167)
4(3682 6258 6259 3683)
4(3592 3684 6260 6168)
4(3683 6259 6260 3684)
4(3593 3685 6261 6169)
4(3684 6260 6261 3685)
4(3594 3686 6262 6170)
4(3685 6261 6262 3686)
4(3595 3687 6263 6171)
4(3686 6262 6263 3687)
4(3596 3688 6264 6172)
4(3687 6263 6264 3688)
4(3597 3689 6265 6173)
4(3688 6264 6265 3689)
4(3598 3690 6266 6174)
4(3689 6265 6266 3690)
4(3599 3691 6267 6175)
4(3690 6266 6267 3691)
4(3600 3692 6268 6176)
4(3691 6267 6268 3692)
4(3601 3693 6269 6177)
4(3692 6268 6269 3693)
4(3602 3694 6270 6178)
4(3693 6269 6270 3694)
4(3603 3695 6271 6179)
4(3694 6270 6271 3695)
4(3604 3696 6272 6180)
4(3695 6271 6272 3696)
4(3605 3697 6273 6181)
4(3696 6272 6273 3697)
4(3606 3698 6274 6182)
4(3697 6273 6274 3698)
4(3607 3699 6275 6183)
4(3698 6274 6275 3699)
4(3608 3700 6276 6184)
4(3699 6275 6276 3700)
4(3609 3701 6277 6185)
4(3700 6276 6277 3701)
4(3610 3702 6278 6186)
4(3701 6277 6278 3702)
4(3611 3703 6279 6187)
4(3702 6278 6279 3703)
4(3612 3704 6280 6188)
4(3703 6279 6280 3704)
4(3613 3705 6281 6189)
4(3704 6280 6281 3705)
4(3614 3706 6282 6190)
4(3705 6281 6282 3706)
4(3615 3707 6283 6191)
4(3706 6282 6283 3707)
4(3616 3708 6284 6192)
4(3707 6283 6284 3708)
4(3617 3709 6285 6193)
4(3708 6284 6285 3709)
4(3618 3710 6286 6194)
4(3709 6285 6286 3710)
4(3619 3711 6287 6195)
4(3710 6286 6287 3711)
4(3620 3712 6288 6196)
4(3711 6287 6288 3712)
4(3621 3713 6289 6197)
4(3712 6288 6289 3713)
4(3622 3714 6290 6198)
4(3713 6289 6290 3714)
4(3623 3715 6291 6199)
4(3714 6290 6291 3715)
4(3624 3716 6292 6200)
4(3715 6291 6292 3716)
4(3625 3717 6293 6201)
4(3716 6292 6293 3717)
4(3626 3718 6294 6202)
4(3717 6293 6294 3718)
4(3627 3719 6295 6203)
4(3718 6294 6295 3719)
4(3719 6295 6296 3720)
4(3628 3720 6296 6204)
4(3629 3721 6297 6205)
4(692 1616 6297 3721)
4(3630 3722 6298 6206)
4(3721 6297 6298 3722)
4(3631 3723 6299 6207)
4(3722 6298 6299 3723)
4(3632 3724 6300 6208)
4(3723 6299 6300 3724)
4(3633 3725 6301 6209)
4(3724 6300 6301 3725)
4(3634 3726 6302 6210)
4(3725 6301 6302 3726)
4(3635 3727 6303 6211)
4(3726 6302 6303 3727)
4(3636 3728 6304 6212)
4(3727 6303 6304 3728)
4(3637 3729 6305 6213)
4(3728 6304 6305 3729)
4(3638 3730 6306 6214)
4(3729 6305 6306 3730)
4(3639 3731 6307 6215)
4(3730 6306 6307 3731)
4(3640 3732 6308 6216)
4(3731 6307 6308 3732)
4(3641 3733 6309 6217)
4(3732 6308 6309 3733)
4(3642 3734 6310 6218)
4(3733 6309 6310 3734)
4(3643 3735 6311 6219)
4(3734 6310 6311 3735)
4(3644 3736 6312 6220)
4(3735 6311 6312 3736)
4(3645 3737 6313 6221)
4(3736 6312 6313 3737)
4(3646 3738 6314 6222)
4(3737 6313 6314 3738)
4(3647 3739 6315 6223)
4(3738 6314 6315 3739)
4(3648 3740 6316 6224)
4(3739 6315 6316 3740)
4(3649 3741 6317 6225)
4(3740 6316 6317 3741)
4(3650 3742 6318 6226)
4(3741 6317 6318 3742)
4(3651 3743 6319 6227)
4(3742 6318 6319 3743)
4(3652 3744 6320 6228)
4(3743 6319 6320 3744)
4(3653 3745 6321 6229)
4(3744 6320 6321 3745)
4(3654 3746 6322 6230)
4(3745 6321 6322 3746)
4(3655 3747 6323 6231)
4(3746 6322 6323 3747)
4(3656 3748 6324 6232)
4(3747 6323 6324 3748)
4(3657 3749 6325 6233)
4(3748 6324 6325 3749)
4(3658 3750 6326 6234)
4(3749 6325 6326 3750)
4(3659 3751 6327 6235)
4(3750 6326 6327 3751)
4(3660 3752 6328 6236)
4(3751 6327 6328 3752)
4(3661 3753 6329 6237)
4(3752 6328 6329 3753)
4(3662 3754 6330 6238)
4(3753 6329 6330 3754)
4(3663 3755 6331 6239)
4(3754 6330 6331 3755)
4(3664 3756 6332 6240)
4(3755 6331 6332 3756)
4(3665 3757 6333 6241)
4(3756 6332 6333 3757)
4(3666 3758 6334 6242)
4(3757 6333 6334 3758)
4(3667 3759 6335 6243)
4(3758 6334 6335 3759)
4(3668 3760 6336 6244)
4(3759 6335 6336 3760)
4(3669 3761 6337 6245)
4(3760 6336 6337 3761)
4(3670 3762 6338 6246)
4(3761 6337 6338 3762)
4(3671 3763 6339 6247)
4(3762 6338 6339 3763)
4(3672 3764 6340 6248)
4(3763 6339 6340 3764)
4(3673 3765 6341 6249)
4(3764 6340 6341 3765)
4(3674 3766 6342 6250)
4(3765 6341 6342 3766)
4(3675 3767 6343 6251)
4(3766 6342 6343 3767)
4(3676 3768 6344 6252)
4(3767 6343 6344 3768)
4(3677 3769 6345 6253)
4(3768 6344 6345 3769)
4(3678 3770 6346 6254)
4(3769 6345 6346 3770)
4(3679 3771 6347 6255)
4(3770 6346 6347 3771)
4(3680 3772 6348 6256)
4(3771 6347 6348 3772)
4(3681 3773 6349 6257)
4(3772 6348 6349 3773)
4(3682 3774 6350 6258)
4(3773 6349 6350 3774)
4(3683 3775 6351 6259)
4(3774 6350 6351 3775)
4(3684 3776 6352 6260)
4(3775 6351 6352 3776)
4(3685 3777 6353 6261)
4(3776 6352 6353 3777)
4(3686 3778 6354 6262)
4(3777 6353 6354 3778)
4(3687 3779 6355 6263)
4(3778 6354 6355 3779)
4(3688 3780 6356 6264)
4(3779 6355 6356 3780)
4(3689 3781 6357 6265)
4(3780 6356 6357 3781)
4(3690 3782 6358 6266)
4(3781 6357 6358 3782)
4(3691 3783 6359 6267)
4(3782 6358 6359 3783)
4(3692 3784 6360 6268)
4(3783 6359 6360 3784)
4(3693 3785 6361 6269)
4(3784 6360 6361 3785)
4(3694 3786 6362 6270)
4(3785 6361 6362 3786)
4(3695 3787 6363 6271)
4(3786 6362 6363 3787)
4(3696 3788 6364 6272)
4(3787 6363 6364 3788)
4(3697 3789 6365 6273)
4(3788 6364 6365 3789)
4(3698 3790 6366 6274)
4(3789 6365 6366 3790)
4(3699 3791 6367 6275)
4(3790 6366 6367 3791)
4(3700 3792 6368 6276)
4(3791 6367 6368 3792)
4(3701 3793 6369 6277)
4(3792 6368 6369 3793)
4(3702 3794 6370 6278)
4(3793 6369 6370 3794)
4(3703 3795 6371 6279)
4(3794 6370 6371 3795)
4(3704 3796 6372 6280)
4(3795 6371 6372 3796)
4(3705 3797 6373 6281)
4(3796 6372 6373 3797)
4(3706 3798 6374 6282)
4(3797 6373 6374 3798)
4(3707 3799 6375 6283)
4(3798 6374 6375 3799)
4(3708 3800 6376 6284)
4(3799 6375 6376 3800)
4(3709 3801 6377 6285)
4(3800 6376 6377 3801)
4(3710 3802 6378 6286)
4(3801 6377 6378 3802)
4(3711 3803 6379 6287)
4(3802 6378 6379 3803)
4(3712 3804 6380 6288)
4(3803 6379 6380 3804)
4(3713 3805 6381 6289)
4(3804 6380 6381 3805)
4(3714 3806 6382 6290)
4(3805 6381 6382 3806)
4(3715 3807 6383 6291)
4(3806 6382 6383 3807)
4(3716 3808 6384 6292)
4(3807 6383 6384 3808)
4(3717 3809 6385 6293)
4(3808 6384 6385 3809)
4(3718 3810 6386 6294)
4(3809 6385 6386 3810)
4(3719 3811 6387 6295)
4(3810 6386 6387 3811)
4(3811 6387 6388 3812)
4(3720 3812 6388 6296)
4(3721 3813 6389 6297)
4(725 1649 6389 3813)
4(3722 3814 6390 6298)
4(3813 6389 6390 3814)
4(3723 3815 6391 6299)
4(3814 6390 6391 3815)
4(3724 3816 6392 6300)
4(3815 6391 6392 3816)
4(3725 3817 6393 6301)
4(3816 6392 6393 3817)
4(3726 3818 6394 6302)
4(3817 6393 6394 3818)
4(3727 3819 6395 6303)
4(3818 6394 6395 3819)
4(3728 3820 6396 6304)
4(3819 6395 6396 3820)
4(3729 3821 6397 6305)
4(3820 6396 6397 3821)
4(3730 3822 6398 6306)
4(3821 6397 6398 3822)
4(3731 3823 6399 6307)
4(3822 6398 6399 3823)
4(3732 3824 6400 6308)
4(3823 6399 6400 3824)
4(3733 3825 6401 6309)
4(3824 6400 6401 3825)
4(3734 3826 6402 6310)
4(3825 6401 6402 3826)
4(3735 3827 6403 6311)
4(3826 6402 6403 3827)
4(3736 3828 6404 6312)
4(3827 6403 6404 3828)
4(3737 3829 6405 6313)
4(3828 6404 6405 3829)
4(3738 3830 6406 6314)
4(3829 6405 6406 3830)
4(3739 3831 6407 6315)
4(3830 6406 6407 3831)
4(3740 3832 6408 6316)
4(3831 6407 6408 3832)
4(3741 3833 6409 6317)
4(3832 6408 6409 3833)
4(3742 3834 6410 6318)
4(3833 6409 6410 3834)
4(3743 3835 6411 6319)
4(3834 6410 6411 3835)
4(3744 3836 6412 6320)
4(3835 6411 6412 3836)
4(3745 3837 6413 6321)
4(3836 6412 6413 3837)
4(3746 3838 6414 6322)
4(3837 6413 6414 3838)
4(3747 3839 6415 6323)
4(3838 6414 6415 3839)
4(3748 3840 6416 6324)
4(3839 6415 6416 3840)
4(3749 3841 6417 6325)
4(3840 6416 6417 3841)
4(3750 3842 6418 6326)
4(3841 6417 6418 3842)
4(3751 3843 6419 6327)
4(3842 6418 6419 3843)
4(3752 3844 6420 6328)
4(3843 6419 6420 3844)
4(3753 3845 6421 6329)
4(3844 6420 6421 3845)
4(3754 3846 6422 6330)
4(3845 6421 6422 3846)
4(3755 3847 6423 6331)
4(3846 6422 6423 3847)
4(3756 3848 6424 6332)
4(3847 6423 6424 3848)
4(3757 3849 6425 6333)
4(3848 6424 6425 3849)
4(3758 3850 6426 6334)
4(3849 6425 6426 3850)
4(3759 3851 6427 6335)
4(3850 6426 6427 3851)
4(3760 3852 6428 6336)
4(3851 6427 6428 3852)
4(3761 3853 6429 6337)
4(3852 6428 6429 3853)
4(3762 3854 6430 6338)
4(3853 6429 6430 3854)
4(3763 3855 6431 6339)
4(3854 6430 6431 3855)
4(3764 3856 6432 6340)
4(3855 6431 6432 3856)
4(3765 3857 6433 6341)
4(3856 6432 6433 3857)
4(3766 3858 6434 6342)
4(3857 6433 6434 3858)
4(3767 3859 6435 6343)
4(3858 6434 6435 3859)
4(3768 3860 6436 6344)
4(3859 6435 6436 3860)
4(3769 3861 6437 6345)
4(3860 6436 6437 3861)
4(3770 3862 6438 6346)
4(3861 6437 6438 3862)
4(3771 3863 6439 6347)
4(3862 6438 6439 3863)
4(3772 3864 6440 6348)
4(3863 6439 6440 3864)
4(3773 3865 6441 6349)
4(3864 6440 6441 3865)
4(3774 3866 6442 6350)
4(3865 6441 6442 3866)
4(3775 3867 6443 6351)
4(3866 6442 6443 3867)
4(3776 3868 6444 6352)
4(3867 6443 6444 3868)
4(3777 3869 6445 6353)
4(3868 6444 6445 3869)
4(3778 3870 6446 6354)
4(3869 6445 6446 3870)
4(3779 3871 6447 6355)
4(3870 6446 6447 3871)
4(3780 3872 6448 6356)
4(3871 6447 6448 3872)
4(3781 3873 6449 6357)
4(3872 6448 6449 3873)
4(3782 3874 6450 6358)
4(3873 6449 6450 3874)
4(3783 3875 6451 6359)
4(3874 6450 6451 3875)
4(3784 3876 6452 6360)
4(3875 6451 6452 3876)
4(3785 3877 6453 6361)
4(3876 6452 6453 3877)
4(3786 3878 6454 6362)
4(3877 6453 6454 3878)
4(3787 3879 6455 6363)
4(3878 6454 6455 3879)
4(3788 3880 6456 6364)
4(3879 6455 6456 3880)
4(3789 3881 6457 6365)
4(3880 6456 6457 3881)
4(3790 3882 6458 6366)
4(3881 6457 6458 3882)
4(3791 3883 6459 6367)
4(3882 6458 6459 3883)
4(3792 3884 6460 6368)
4(3883 6459 6460 3884)
4(3793 3885 6461 6369)
4(3884 6460 6461 3885)
4(3794 3886 6462 6370)
4(3885 6461 6462 3886)
4(3795 3887 6463 6371)
4(3886 6462 6463 3887)
4(3796 3888 6464 6372)
4(3887 6463 6464 3888)
4(3797 3889 6465 6373)
4(3888 6464 6465 3889)
4(3798 3890 6466 6374)
4(3889 6465 6466 3890)
4(3799 3891 6467 6375)
4(3890 6466 6467 3891)
4(3800 3892 6468 6376)
4(3891 6467 6468 3892)
4(3801 3893 6469 6377)
4(3892 6468 6469 3893)
4(3802 3894 6470 6378)
4(3893 6469 6470 3894)
4(3803 3895 6471 6379)
4(3894 6470 6471 3895)
4(3804 3896 6472 6380)
4(3895 6471 6472 3896)
4(3805 3897 6473 6381)
4(3896 6472 6473 3897)
4(3806 3898 6474 6382)
4(3897 6473 6474 3898)
4(3807 3899 6475 6383)
4(3898 6474 6475 3899)
4(3808 3900 6476 6384)
4(3899 6475 6476 3900)
4(3809 3901 6477 6385)
4(3900 6476 6477 3901)
4(3810 3902 6478 6386)
4(3901 6477 6478 3902)
4(3811 3903 6479 6387)
4(3902 6478 6479 3903)
4(3903 6479 6480 3904)
4(3812 3904 6480 6388)
4(3813 3905 6481 6389)
4(758 1682 6481 3905)
4(3814 3906 6482 6390)
4(3905 6481 6482 3906)
4(3815 3907 6483 6391)
4(3906 6482 6483 3907)
4(3816 3908 6484 6392)
4(3907 6483 6484 3908)
4(3817 3909 6485 6393)
4(3908 6484 6485 3909)
4(3818 3910 6486 6394)
4(3909 6485 6486 3910)
4(3819 3911 6487 6395)
4(3910 6486 6487 3911)
4(3820 3912 6488 6396)
4(3911 6487 6488 3912)
4(3821 3913 6489 6397)
4(3912 6488 6489 3913)
4(3822 3914 6490 6398)
4(3913 6489 6490 3914)
4(3823 3915 6491 6399)
4(3914 6490 6491 3915)
4(3824 3916 6492 6400)
4(3915 6491 6492 3916)
4(3825 3917 6493 6401)
4(3916 6492 6493 3917)
4(3826 3918 6494 6402)
4(3917 6493 6494 3918)
4(3827 3919 6495 6403)
4(3918 6494 6495 3919)
4(3828 3920 6496 6404)
4(3919 6495 6496 3920)
4(3829 3921 6497 6405)
4(3920 6496 6497 3921)
4(3830 3922 6498 6406)
4(3921 6497 6498 3922)
4(3831 3923 6499 6407)
4(3922 6498 6499 3923)
4(3832 3924 6500 6408)
4(3923 6499 6500 3924)
4(3833 3925 6501 6409)
4(3924 6500 6501 3925)
4(3834 3926 6502 6410)
4(3925 6501 6502 3926)
4(3835 3927 6503 6411)
4(3926 6502 6503 3927)
4(3836 3928 6504 6412)
4(3927 6503 6504 3928)
4(3837 3929 6505 6413)
4(3928 6504 6505 3929)
4(3838 3930 6506 6414)
4(3929 6505 6506 3930)
4(3839 3931 6507 6415)
4(3930 6506 6507 3931)
4(3840 3932 6508 6416)
4(3931 6507 6508 3932)
4(3841 3933 6509 6417)
4(3932 6508 6509 3933)
4(3842 3934 6510 6418)
4(3933 6509 6510 3934)
4(3843 3935 6511 6419)
4(3934 6510 6511 3935)
4(3844 3936 6512 6420)
4(3935 6511 6512 3936)
4(3845 3937 6513 6421)
4(3936 6512 6513 3937)
4(3846 3938 6514 6422)
4(3937 6513 6514 3938)
4(3847 3939 6515 6423)
4(3938 6514 6515 3939)
4(3848 3940 6516 6424)
4(3939 6515 6516 3940)
4(3849 3941 6517 6425)
4(3940 6516 6517 3941)
4(3850 3942 6518 6426)
4(3941 6517 6518 3942)
4(3851 3943 6519 6427)
4(3942 6518 6519 3943)
4(3852 3944 6520 6428)
4(3943 6519 6520 3944)
4(3853 3945 6521 6429)
4(3944 6520 6521 3945)
4(3854 3946 6522 6430)
4(3945 6521 6522 3946)
4(3855 3947 6523 6431)
4(3946 6522 6523 3947)
4(3856 3948 6524 6432)
4(3947 6523 6524 3948)
4(3857 3949 6525 6433)
4(3948 6524 6525 3949)
4(3858 3950 6526 6434)
4(3949 6525 6526 3950)
4(3859 3951 6527 6435)
4(3950 6526 6527 3951)
4(3860 3952 6528 6436)
4(3951 6527 6528 3952)
4(3861 3953 6529 6437)
4(3952 6528 6529 3953)
4(3862 3954 6530 6438)
4(3953 6529 6530 3954)
4(3863 3955 6531 6439)
4(3954 6530 6531 3955)
4(3864 3956 6532 6440)
4(3955 6531 6532 3956)
4(3865 3957 6533 6441)
4(3956 6532 6533 3957)
4(3866 3958 6534 6442)
4(3957 6533 6534 3958)
4(3867 3959 6535 6443)
4(3958 6534 6535 3959)
4(3868 3960 6536 6444)
4(3959 6535 6536 3960)
4(3869 3961 6537 6445)
4(3960 6536 6537 3961)
4(3870 3962 6538 6446)
4(3961 6537 6538 3962)
4(3871 3963 6539 6447)
4(3962 6538 6539 3963)
4(3872 3964 6540 6448)
4(3963 6539 6540 3964)
4(3873 3965 6541 6449)
4(3964 6540 6541 3965)
4(3874 3966 6542 6450)
4(3965 6541 6542 3966)
4(3875 3967 6543 6451)
4(3966 6542 6543 3967)
4(3876 3968 6544 6452)
4(3967 6543 6544 3968)
4(3877 3969 6545 6453)
4(3968 6544 6545 3969)
4(3878 3970 6546 6454)
4(3969 6545 6546 3970)
4(3879 3971 6547 6455)
4(3970 6546 6547 3971)
4(3880 3972 6548 6456)
4(3971 6547 6548 3972)
4(3881 3973 6549 6457)
4(3972 6548 6549 3973)
4(3882 3974 6550 6458)
4(3973 6549 6550 3974)
4(3883 3975 6551 6459)
4(3974 6550 6551 3975)
4(3884 3976 6552 6460)
4(3975 6551 6552 3976)
4(3885 3977 6553 6461)
4(3976 6552 6553 3977)
4(3886 3978 6554 6462)
4(3977 6553 6554 3978)
4(3887 3979 6555 6463)
4(3978 6554 6555 3979)
4(3888 3980 6556 6464)
4(3979 6555 6556 3980)
4(3889 3981 6557 6465)
4(3980 6556 6557 3981)
4(3890 3982 6558 6466)
4(3981 6557 6558 3982)
4(3891 3983 6559 6467)
4(3982 6558 6559 3983)
4(3892 3984 6560 6468)
4(3983 6559 6560 3984)
4(3893 3985 6561 6469)
4(3984 6560 6561 3985)
4(3894 3986 6562 6470)
4(3985 6561 6562 3986)
4(3895 3987 6563 6471)
4(3986 6562 6563 3987)
4(3896 3988 6564 6472)
4(3987 6563 6564 3988)
4(3897 3989 6565 6473)
4(3988 6564 6565 3989)
4(3898 3990 6566 6474)
4(3989 6565 6566 3990)
4(3899 3991 6567 6475)
4(3990 6566 6567 3991)
4(3900 3992 6568 6476)
4(3991 6567 6568 3992)
4(3901 3993 6569 6477)
4(3992 6568 6569 3993)
4(3902 3994 6570 6478)
4(3993 6569 6570 3994)
4(3903 3995 6571 6479)
4(3994 6570 6571 3995)
4(3995 6571 6572 3996)
4(3904 3996 6572 6480)
4(3905 3997 6573 6481)
4(791 1715 6573 3997)
4(3906 3998 6574 6482)
4(3997 6573 6574 3998)
4(3907 3999 6575 6483)
4(3998 6574 6575 3999)
4(3908 4000 6576 6484)
4(3999 6575 6576 4000)
4(3909 4001 6577 6485)
4(4000 6576 6577 4001)
4(3910 4002 6578 6486)
4(4001 6577 6578 4002)
4(3911 4003 6579 6487)
4(4002 6578 6579 4003)
4(3912 4004 6580 6488)
4(4003 6579 6580 4004)
4(3913 4005 6581 6489)
4(4004 6580 6581 4005)
4(3914 4006 6582 6490)
4(4005 6581 6582 4006)
4(3915 4007 6583 6491)
4(4006 6582 6583 4007)
4(3916 4008 6584 6492)
4(4007 6583 6584 4008)
4(3917 4009 6585 6493)
4(4008 6584 6585 4009)
4(3918 4010 6586 6494)
4(4009 6585 6586 4010)
4(3919 4011 6587 6495)
4(4010 6586 6587 4011)
4(3920 4012 6588 6496)
4(4011 6587 6588 4012)
4(3921 4013 6589 6497)
4(4012 6588 6589 4013)
4(3922 4014 6590 6498)
4(4013 6589 6590 4014)
4(3923 4015 6591 6499)
4(4014 6590 6591 4015)
4(3924 4016 6592 6500)
4(4015 6591 6592 4016)
4(3925 4017 6593 6501)
4(4016 6592 6593 4017)
4(3926 4018 6594 6502)
4(4017 6593 6594 4018)
4(3927 4019 6595 6503)
4(4018 6594 6595 4019)
4(3928 4020 6596 6504)
4(4019 6595 6596 4020)
4(3929 4021 6597 6505)
4(4020 6596 6597 4021)
4(3930 4022 6598 6506)
4(4021 6597 6598 4022)
4(3931 4023 6599 6507)
4(4022 6598 6599 4023)
4(3932 4024 6600 6508)
4(4023 6599 6600 4024)
4(3933 4025 6601 6509)
4(4024 6600 6601 4025)
4(3934 4026 6602 6510)
4(4025 6601 6602 4026)
4(3935 4027 6603 6511)
4(4026 6602 6603 4027)
4(3936 4028 6604 6512)
4(4027 6603 6604 4028)
4(3937 4029 6605 6513)
4(4028 6604 6605 4029)
4(3938 4030 6606 6514)
4(4029 6605 6606 4030)
4(3939 4031 6607 6515)
4(4030 6606 6607 4031)
4(3940 4032 6608 6516)
4(4031 6607 6608 4032)
4(3941 4033 6609 6517)
4(4032 6608 6609 4033)
4(3942 4034 6610 6518)
4(4033 6609 6610 4034)
4(3943 4035 6611 6519)
4(4034 6610 6611 4035)
4(3944 4036 6612 6520)
4(4035 6611 6612 4036)
4(3945 4037 6613 6521)
4(4036 6612 6613 4037)
4(3946 4038 6614 6522)
4(4037 6613 6614 4038)
4(3947 4039 6615 6523)
4(4038 6614 6615 4039)
4(3948 4040 6616 6524)
4(4039 6615 6616 4040)
4(3949 4041 6617 6525)
4(4040 6616 6617 4041)
4(3950 4042 6618 6526)
4(4041 6617 6618 4042)
4(3951 4043 6619 6527)
4(4042 6618 6619 4043)
4(3952 4044 6620 6528)
4(4043 6619 6620 4044)
4(3953 4045 6621 6529)
4(4044 6620 6621 4045)
4(3954 4046 6622 6530)
4(4045 6621 6622 4046)
4(3955 4047 6623 6531)
4(4046 6622 6623 4047)
4(3956 4048 6624 6532)
4(4047 6623 6624 4048)
4(3957 4049 6625 6533)
4(4048 6624 6625 4049)
4(3958 4050 6626 6534)
4(4049 6625 6626 4050)
4(3959 4051 6627 6535)
4(4050 6626 6627 4051)
4(3960 4052 6628 6536)
4(4051 6627 6628 4052)
4(3961 4053 6629 6537)
4(4052 6628 6629 4053)
4(3962 4054 6630 6538)
4(4053 6629 6630 4054)
4(3963 4055 6631 6539)
4(4054 6630 6631 4055)
4(3964 4056 6632 6540)
4(4055 6631 6632 4056)
4(3965 4057 6633 6541)
4(4056 6632 6633 4057)
4(3966 4058 6634 6542)
4(4057 6633 6634 4058)
4(3967 4059 6635 6543)
4(4058 6634 6635 4059)
4(3968 4060 6636 6544)
4(4059 6635 6636 4060)
4(3969 4061 6637 6545)
4(4060 6636 6637 4061)
4(3970 4062 6638 6546)
4(4061 6637 6638 4062)
4(3971 4063 6639 6547)
4(4062 6638 6639 4063)
4(3972 4064 6640 6548)
4(4063 6639 6640 4064)
4(3973 4065 6641 6549)
4(4064 6640 6641 4065)
4(3974 4066 6642 6550)
4(4065 6641 6642 4066)
4(3975 4067 6643 6551)
4(4066 6642 6643 4067)
4(3976 4068 6644 6552)
4(4067 6643 6644 4068)
4(3977 4069 6645 6553)
4(4068 6644 6645 4069)
4(3978 4070 6646 6554)
4(4069 6645 6646 4070)
4(3979 4071 6647 6555)
4(4070 6646 6647 4071)
4(3980 4072 6648 6556)
4(4071 6647 6648 4072)
4(3981 4073 6649 6557)
4(4072 6648 6649 4073)
4(3982 4074 6650 6558)
4(4073 6649 6650 4074)
4(3983 4075 6651 6559)
4(4074 6650 6651 4075)
4(3984 4076 6652 6560)
4(4075 6651 6652 4076)
4(3985 4077 6653 6561)
4(4076 6652 6653 4077)
4(3986 4078 6654 6562)
4(4077 6653 6654 4078)
4(3987 4079 6655 6563)
4(4078 6654 6655 4079)
4(3988 4080 6656 6564)
4(4079 6655 6656 4080)
4(3989 4081 6657 6565)
4(4080 6656 6657 4081)
4(3990 4082 6658 6566)
4(4081 6657 6658 4082)
4(3991 4083 6659 6567)
4(4082 6658 6659 4083)
4(3992 4084 6660 6568)
4(4083 6659 6660 4084)
4(3993 4085 6661 6569)
4(4084 6660 6661 4085)
4(3994 4086 6662 6570)
4(4085 6661 6662 4086)
4(3995 4087 6663 6571)
4(4086 6662 6663 4087)
4(4087 6663 6664 4088)
4(3996 4088 6664 6572)
4(3997 4089 6665 6573)
4(824 1748 6665 4089)
4(3998 4090 6666 6574)
4(4089 6665 6666 4090)
4(3999 4091 6667 6575)
4(4090 6666 6667 4091)
4(4000 4092 6668 6576)
4(4091 6667 6668 4092)
4(4001 4093 6669 6577)
4(4092 6668 6669 4093)
4(4002 4094 6670 6578)
4(4093 6669 6670 4094)
4(4003 4095 6671 6579)
4(4094 6670 6671 4095)
4(4004 4096 6672 6580)
4(4095 6671 6672 4096)
4(4005 4097 6673 6581)
4(4096 6672 6673 4097)
4(4006 4098 6674 6582)
4(4097 6673 6674 4098)
4(4007 4099 6675 6583)
4(4098 6674 6675 4099)
4(4008 4100 6676 6584)
4(4099 6675 6676 4100)
4(4009 4101 6677 6585)
4(4100 6676 6677 4101)
4(4010 4102 6678 6586)
4(4101 6677 6678 4102)
4(4011 4103 6679 6587)
4(4102 6678 6679 4103)
4(4012 4104 6680 6588)
4(4103 6679 6680 4104)
4(4013 4105 6681 6589)
4(4104 6680 6681 4105)
4(4014 4106 6682 6590)
4(4105 6681 6682 4106)
4(4015 4107 6683 6591)
4(4106 6682 6683 4107)
4(4016 4108 6684 6592)
4(4107 6683 6684 4108)
4(4017 4109 6685 6593)
4(4108 6684 6685 4109)
4(4018 4110 6686 6594)
4(4109 6685 6686 4110)
4(4019 4111 6687 6595)
4(4110 6686 6687 4111)
4(4020 4112 6688 6596)
4(4111 6687 6688 4112)
4(4021 4113 6689 6597)
4(4112 6688 6689 4113)
4(4022 4114 6690 6598)
4(4113 6689 6690 4114)
4(4023 4115 6691 6599)
4(4114 6690 6691 4115)
4(4024 4116 6692 6600)
4(4115 6691 6692 4116)
4(4025 4117 6693 6601)
4(4116 6692 6693 4117)
4(4026 4118 6694 6602)
4(4117 6693 6694 4118)
4(4027 4119 6695 6603)
4(4118 6694 6695 4119)
4(4028 4120 6696 6604)
4(4119 6695 6696 4120)
4(4029 4121 6697 6605)
4(4120 6696 6697 4121)
4(4030 4122 6698 6606)
4(4121 6697 6698 4122)
4(4031 4123 6699 6607)
4(4122 6698 6699 4123)
4(4032 4124 6700 6608)
4(4123 6699 6700 4124)
4(4033 4125 6701 6609)
4(4124 6700 6701 4125)
4(4034 4126 6702 6610)
4(4125 6701 6702 4126)
4(4035 4127 6703 6611)
4(4126 6702 6703 4127)
4(4036 4128 6704 6612)
4(4127 6703 6704 4128)
4(4037 4129 6705 6613)
4(4128 6704 6705 4129)
4(4038 4130 6706 6614)
4(4129 6705 6706 4130)
4(4039 4131 6707 6615)
4(4130 6706 6707 4131)
4(4040 4132 6708 6616)
4(4131 6707 6708 4132)
4(4041 4133 6709 6617)
4(4132 6708 6709 4133)
4(4042 4134 6710 6618)
4(4133 6709 6710 4134)
4(4043 4135 6711 6619)
4(4134 6710 6711 4135)
4(4044 4136 6712 6620)
4(4135 6711 6712 4136)
4(4045 4137 6713 6621)
4(4136 6712 6713 4137)
4(4046 4138 6714 6622)
4(4137 6713 6714 4138)
4(4047 4139 6715 6623)
4(4138 6714 6715 4139)
4(4048 4140 6716 6624)
4(4139 6715 6716 4140)
4(4049 4141 6717 6625)
4(4140 6716 6717 4141)
4(4050 4142 6718 6626)
4(4141 6717 6718 4142)
4(4051 4143 6719 6627)
4(4142 6718 6719 4143)
4(4052 4144 6720 6628)
4(4143 6719 6720 4144)
4(4053 4145 6721 6629)
4(4144 6720 6721 4145)
4(4054 4146 6722 6630)
4(4145 6721 6722 4146)
4(4055 4147 6723 6631)
4(4146 6722 6723 4147)
4(4056 4148 6724 6632)
4(4147 6723 6724 4148)
4(4057 4149 6725 6633)
4(4148 6724 6725 4149)
4(4058 4150 6726 6634)
4(4149 6725 6726 4150)
4(4059 4151 6727 6635)
4(4150 6726 6727 4151)
4(4060 4152 6728 6636)
4(4151 6727 6728 4152)
4(4061 4153 6729 6637)
4(4152 6728 6729 4153)
4(4062 4154 6730 6638)
4(4153 6729 6730 4154)
4(4063 4155 6731 6639)
4(4154 6730 6731 4155)
4(4064 4156 6732 6640)
4(4155 6731 6732 4156)
4(4065 4157 6733 6641)
4(4156 6732 6733 4157)
4(4066 4158 6734 6642)
4(4157 6733 6734 4158)
4(4067 4159 6735 6643)
4(4158 6734 6735 4159)
4(4068 4160 6736 6644)
4(4159 6735 6736 4160)
4(4069 4161 6737 6645)
4(4160 6736 6737 4161)
4(4070 4162 6738 6646)
4(4161 6737 6738 4162)
4(4071 4163 6739 6647)
4(4162 6738 6739 4163)
4(4072 4164 6740 6648)
4(4163 6739 6740 4164)
4(4073 4165 6741 6649)
4(4164 6740 6741 4165)
4(4074 4166 6742 6650)
4(4165 6741 6742 4166)
4(4075 4167 6743 6651)
4(4166 6742 6743 4167)
4(4076 4168 6744 6652)
4(4167 6743 6744 4168)
4(4077 4169 6745 6653)
4(4168 6744 6745 4169)
4(4078 4170 6746 6654)
4(4169 6745 6746 4170)
4(4079 4171 6747 6655)
4(4170 6746 6747 4171)
4(4080 4172 6748 6656)
4(4171 6747 6748 4172)
4(4081 4173 6749 6657)
4(4172 6748 6749 4173)
4(4082 4174 6750 6658)
4(4173 6749 6750 4174)
4(4083 4175 6751 6659)
4(4174 6750 6751 4175)
4(4084 4176 6752 6660)
4(4175 6751 6752 4176)
4(4085 4177 6753 6661)
4(4176 6752 6753 4177)
4(4086 4178 6754 6662)
4(4177 6753 6754 4178)
4(4087 4179 6755 6663)
4(4178 6754 6755 4179)
4(4179 6755 6756 4180)
4(4088 4180 6756 6664)
4(4089 4181 6757 6665)
4(857 1781 6757 4181)
4(4090 4182 6758 6666)
4(4181 6757 6758 4182)
4(4091 4183 6759 6667)
4(4182 6758 6759 4183)
4(4092 4184 6760 6668)
4(4183 6759 6760 4184)
4(4093 4185 6761 6669)
4(4184 6760 6761 4185)
4(4094 4186 6762 6670)
4(4185 6761 6762 4186)
4(4095 4187 6763 6671)
4(4186 6762 6763 4187)
4(4096 4188 6764 6672)
4(4187 6763 6764 4188)
4(4097 4189 6765 6673)
4(4188 6764 6765 4189)
4(4098 4190 6766 6674)
4(4189 6765 6766 4190)
4(4099 4191 6767 6675)
4(4190 6766 6767 4191)
4(4100 4192 6768 6676)
4(4191 6767 6768 4192)
4(4101 4193 6769 6677)
4(4192 6768 6769 4193)
4(4102 4194 6770 6678)
4(4193 6769 6770 4194)
4(4103 4195 6771 6679)
4(4194 6770 6771 4195)
4(4104 4196 6772 6680)
4(4195 6771 6772 4196)
4(4105 4197 6773 6681)
4(4196 6772 6773 4197)
4(4106 4198 6774 6682)
4(4197 6773 6774 4198)
4(4107 4199 6775 6683)
4(4198 6774 6775 4199)
4(4108 4200 6776 6684)
4(4199 6775 6776 4200)
4(4109 4201 6777 6685)
4(4200 6776 6777 4201)
4(4110 4202 6778 6686)
4(4201 6777 6778 4202)
4(4111 4203 6779 6687)
4(4202 6778 6779 4203)
4(4112 4204 6780 6688)
4(4203 6779 6780 4204)
4(4113 4205 6781 6689)
4(4204 6780 6781 4205)
4(4114 4206 6782 6690)
4(4205 6781 6782 4206)
4(4115 4207 6783 6691)
4(4206 6782 6783 4207)
4(4116 4208 6784 6692)
4(4207 6783 6784 4208)
4(4117 4209 6785 6693)
4(4208 6784 6785 4209)
4(4118 4210 6786 6694)
4(4209 6785 6786 4210)
4(4119 4211 6787 6695)
4(4210 6786 6787 4211)
4(4120 4212 6788 6696)
4(4211 6787 6788 4212)
4(4121 4213 6789 6697)
4(4212 6788 6789 4213)
4(4122 4214 6790 6698)
4(4213 6789 6790 4214)
4(4123 4215 6791 6699)
4(4214 6790 6791 4215)
4(4124 4216 6792 6700)
4(4215 6791 6792 4216)
4(4125 4217 6793 6701)
4(4216 6792 6793 4217)
4(4126 4218 6794 6702)
4(4217 6793 6794 4218)
4(4127 4219 6795 6703)
4(4218 6794 6795 4219)
4(4128 4220 6796 6704)
4(4219 6795 6796 4220)
4(4129 4221 6797 6705)
4(4220 6796 6797 4221)
4(4130 4222 6798 6706)
4(4221 6797 6798 4222)
4(4131 4223 6799 6707)
4(4222 6798 6799 4223)
4(4132 4224 6800 6708)
4(4223 6799 6800 4224)
4(4133 4225 6801 6709)
4(4224 6800 6801 4225)
4(4134 4226 6802 6710)
4(4225 6801 6802 4226)
4(4135 4227 6803 6711)
4(4226 6802 6803 4227)
4(4136 4228 6804 6712)
4(4227 6803 6804 4228)
4(4137 4229 6805 6713)
4(4228 6804 6805 4229)
4(4138 4230 6806 6714)
4(4229 6805 6806 4230)
4(4139 4231 6807 6715)
4(4230 6806 6807 4231)
4(4140 4232 6808 6716)
4(4231 6807 6808 4232)
4(4141 4233 6809 6717)
4(4232 6808 6809 4233)
4(4142 4234 6810 6718)
4(4233 6809 6810 4234)
4(4143 4235 6811 6719)
4(4234 6810 6811 4235)
4(4144 4236 6812 6720)
4(4235 6811 6812 4236)
4(4145 4237 6813 6721)
4(4236 6812 6813 4237)
4(4146 4238 6814 6722)
4(4237 6813 6814 4238)
4(4147 4239 6815 6723)
4(4238 6814 6815 4239)
4(4148 4240 6816 6724)
4(4239 6815 6816 4240)
4(4149 4241 6817 6725)
4(4240 6816 6817 4241)
4(4150 4242 6818 6726)
4(4241 6817 6818 4242)
4(4151 4243 6819 6727)
4(4242 6818 6819 4243)
4(4152 4244 6820 6728)
4(4243 6819 6820 4244)
4(4153 4245 6821 6729)
4(4244 6820 6821 4245)
4(4154 4246 6822 6730)
4(4245 6821 6822 4246)
4(4155 4247 6823 6731)
4(4246 6822 6823 4247)
4(4156 4248 6824 6732)
4(4247 6823 6824 4248)
4(4157 4249 6825 6733)
4(4248 6824 6825 4249)
4(4158 4250 6826 6734)
4(4249 6825 6826 4250)
4(4159 4251 6827 6735)
4(4250 6826 6827 4251)
4(4160 4252 6828 6736)
4(4251 6827 6828 4252)
4(4161 4253 6829 6737)
4(4252 6828 6829 4253)
4(4162 4254 6830 6738)
4(4253 6829 6830 4254)
4(4163 4255 6831 6739)
4(4254 6830 6831 4255)
4(4164 4256 6832 6740)
4(4255 6831 6832 4256)
4(4165 4257 6833 6741)
4(4256 6832 6833 4257)
4(4166 4258 6834 6742)
4(4257 6833 6834 4258)
4(4167 4259 6835 6743)
4(4258 6834 6835 4259)
4(4168 4260 6836 6744)
4(4259 6835 6836 4260)
4(4169 4261 6837 6745)
4(4260 6836 6837 4261)
4(4170 4262 6838 6746)
4(4261 6837 6838 4262)
4(4171 4263 6839 6747)
4(4262 6838 6839 4263)
4(4172 4264 6840 6748)
4(4263 6839 6840 4264)
4(4173 4265 6841 6749)
4(4264 6840 6841 4265)
4(4174 4266 6842 6750)
4(4265 6841 6842 4266)
4(4175 4267 6843 6751)
4(4266 6842 6843 4267)
4(4176 4268 6844 6752)
4(4267 6843 6844 4268)
4(4177 4269 6845 6753)
4(4268 6844 6845 4269)
4(4178 4270 6846 6754)
4(4269 6845 6846 4270)
4(4179 4271 6847 6755)
4(4270 6846 6847 4271)
4(4271 6847 6848 4272)
4(4180 4272 6848 6756)
4(4181 4273 6849 6757)
4(890 1814 6849 4273)
4(4182 4274 6850 6758)
4(4273 6849 6850 4274)
4(4183 4275 6851 6759)
4(4274 6850 6851 4275)
4(4184 4276 6852 6760)
4(4275 6851 6852 4276)
4(4185 4277 6853 6761)
4(4276 6852 6853 4277)
4(4186 4278 6854 6762)
4(4277 6853 6854 4278)
4(4187 4279 6855 6763)
4(4278 6854 6855 4279)
4(4188 4280 6856 6764)
4(4279 6855 6856 4280)
4(4189 4281 6857 6765)
4(4280 6856 6857 4281)
4(4190 4282 6858 6766)
4(4281 6857 6858 4282)
4(4191 4283 6859 6767)
4(4282 6858 6859 4283)
4(4192 4284 6860 6768)
4(4283 6859 6860 4284)
4(4193 4285 6861 6769)
4(4284 6860 6861 4285)
4(4194 4286 6862 6770)
4(4285 6861 6862 4286)
4(4195 4287 6863 6771)
4(4286 6862 6863 4287)
4(4196 4288 6864 6772)
4(4287 6863 6864 4288)
4(4197 4289 6865 6773)
4(4288 6864 6865 4289)
4(4198 4290 6866 6774)
4(4289 6865 6866 4290)
4(4199 4291 6867 6775)
4(4290 6866 6867 4291)
4(4200 4292 6868 6776)
4(4291 6867 6868 4292)
4(4201 4293 6869 6777)
4(4292 6868 6869 4293)
4(4202 4294 6870 6778)
4(4293 6869 6870 4294)
4(4203 4295 6871 6779)
4(4294 6870 6871 4295)
4(4204 4296 6872 6780)
4(4295 6871 6872 4296)
4(4205 4297 6873 6781)
4(4296 6872 6873 4297)
4(4206 4298 6874 6782)
4(4297 6873 6874 4298)
4(4207 4299 6875 6783)
4(4298 6874 6875 4299)
4(4208 4300 6876 6784)
4(4299 6875 6876 4300)
4(4209 4301 6877 6785)
4(4300 6876 6877 4301)
4(4210 4302 6878 6786)
4(4301 6877 6878 4302)
4(4211 4303 6879 6787)
4(4302 6878 6879 4303)
4(4212 4304 6880 6788)
4(4303 6879 6880 4304)
4(4213 4305 6881 6789)
4(4304 6880 6881 4305)
4(4214 4306 6882 6790)
4(4305 6881 6882 4306)
4(4215 4307 6883 6791)
4(4306 6882 6883 4307)
4(4216 4308 6884 6792)
4(4307 6883 6884 4308)
4(4217 4309 6885 6793)
4(4308 6884 6885 4309)
4(4218 4310 6886 6794)
4(4309 6885 6886 4310)
4(4219 4311 6887 6795)
4(4310 6886 6887 4311)
4(4220 4312 6888 6796)
4(4311 6887 6888 4312)
4(4221 4313 6889 6797)
4(4312 6888 6889 4313)
4(4222 4314 6890 6798)
4(4313 6889 6890 4314)
4(4223 4315 6891 6799)
4(4314 6890 6891 4315)
4(4224 4316 6892 6800)
4(4315 6891 6892 4316)
4(4225 4317 6893 6801)
4(4316 6892 6893 4317)
4(4226 4318 6894 6802)
4(4317 6893 6894 4318)
4(4227 4319 6895 6803)
4(4318 6894 6895 4319)
4(4228 4320 6896 6804)
4(4319 6895 6896 4320)
4(4229 4321 6897 6805)
4(4320 6896 6897 4321)
4(4230 4322 6898 6806)
4(4321 6897 6898 4322)
4(4231 4323 6899 6807)
4(4322 6898 6899 4323)
4(4232 4324 6900 6808)
4(4323 6899 6900 4324)
4(4233 4325 6901 6809)
4(4324 6900 6901 4325)
4(4234 4326 6902 6810)
4(4325 6901 6902 4326)
4(4235 4327 6903 6811)
4(4326 6902 6903 4327)
4(4236 4328 6904 6812)
4(4327 6903 6904 4328)
4(4237 4329 6905 6813)
4(4328 6904 6905 4329)
4(4238 4330 6906 6814)
4(4329 6905 6906 4330)
4(4239 4331 6907 6815)
4(4330 6906 6907 4331)
4(4240 4332 6908 6816)
4(4331 6907 6908 4332)
4(4241 4333 6909 6817)
4(4332 6908 6909 4333)
4(4242 4334 6910 6818)
4(4333 6909 6910 4334)
4(4243 4335 6911 6819)
4(4334 6910 6911 4335)
4(4244 4336 6912 6820)
4(4335 6911 6912 4336)
4(4245 4337 6913 6821)
4(4336 6912 6913 4337)
4(4246 4338 6914 6822)
4(4337 6913 6914 4338)
4(4247 4339 6915 6823)
4(4338 6914 6915 4339)
4(4248 4340 6916 6824)
4(4339 6915 6916 4340)
4(4249 4341 6917 6825)
4(4340 6916 6917 4341)
4(4250 4342 6918 6826)
4(4341 6917 6918 4342)
4(4251 4343 6919 6827)
4(4342 6918 6919 4343)
4(4252 4344 6920 6828)
4(4343 6919 6920 4344)
4(4253 4345 6921 6829)
4(4344 6920 6921 4345)
4(4254 4346 6922 6830)
4(4345 6921 6922 4346)
4(4255 4347 6923 6831)
4(4346 6922 6923 4347)
4(4256 4348 6924 6832)
4(4347 6923 6924 4348)
4(4257 4349 6925 6833)
4(4348 6924 6925 4349)
4(4258 4350 6926 6834)
4(4349 6925 6926 4350)
4(4259 4351 6927 6835)
4(4350 6926 6927 4351)
4(4260 4352 6928 6836)
4(4351 6927 6928 4352)
4(4261 4353 6929 6837)
4(4352 6928 6929 4353)
4(4262 4354 6930 6838)
4(4353 6929 6930 4354)
4(4263 4355 6931 6839)
4(4354 6930 6931 4355)
4(4264 4356 6932 6840)
4(4355 6931 6932 4356)
4(4265 4357 6933 6841)
4(4356 6932 6933 4357)
4(4266 4358 6934 6842)
4(4357 6933 6934 4358)
4(4267 4359 6935 6843)
4(4358 6934 6935 4359)
4(4268 4360 6936 6844)
4(4359 6935 6936 4360)
4(4269 4361 6937 6845)
4(4360 6936 6937 4361)
4(4270 4362 6938 6846)
4(4361 6937 6938 4362)
4(4271 4363 6939 6847)
4(4362 6938 6939 4363)
4(4363 6939 6940 4364)
4(4272 4364 6940 6848)
4(4273 4365 6941 6849)
4(923 1847 6941 4365)
4(4274 4366 6942 6850)
4(4365 6941 6942 4366)
4(4275 4367 6943 6851)
4(4366 6942 6943 4367)
4(4276 4368 6944 6852)
4(4367 6943 6944 4368)
4(4277 4369 6945 6853)
4(4368 6944 6945 4369)
4(4278 4370 6946 6854)
4(4369 6945 6946 4370)
4(4279 4371 6947 6855)
4(4370 6946 6947 4371)
4(4280 4372 6948 6856)
4(4371 6947 6948 4372)
4(4281 4373 6949 6857)
4(4372 6948 6949 4373)
4(4282 4374 6950 6858)
4(4373 6949 6950 4374)
4(4283 4375 6951 6859)
4(4374 6950 6951 4375)
4(4284 4376 6952 6860)
4(4375 6951 6952 4376)
4(4285 4377 6953 6861)
4(4376 6952 6953 4377)
4(4286 4378 6954 6862)
4(4377 6953 6954 4378)
4(4287 4379 6955 6863)
4(4378 6954 6955 4379)
4(4288 4380 6956 6864)
4(4379 6955 6956 4380)
4(4289 4381 6957 6865)
4(4380 6956 6957 4381)
4(4290 4382 6958 6866)
4(4381 6957 6958 4382)
4(4291 4383 6959 6867)
4(4382 6958 6959 4383)
4(4292 4384 6960 6868)
4(4383 6959 6960 4384)
4(4293 4385 6961 6869)
4(4384 6960 6961 4385)
4(4294 4386 6962 6870)
4(4385 6961 6962 4386)
4(4295 4387 6963 6871)
4(4386 6962 6963 4387)
4(4296 4388 6964 6872)
4(4387 6963 6964 4388)
4(4297 4389 6965 6873)
4(4388 6964 6965 4389)
4(4298 4390 6966 6874)
4(4389 6965 6966 4390)
4(4299 4391 6967 6875)
4(4390 6966 6967 4391)
4(4300 4392 6968 6876)
4(4391 6967 6968 4392)
4(4301 4393 6969 6877)
4(4392 6968 6969 4393)
4(4302 4394 6970 6878)
4(4393 6969 6970 4394)
4(4303 4395 6971 6879)
4(4394 6970 6971 4395)
4(4304 4396 6972 6880)
4(4395 6971 6972 4396)
4(4305 4397 6973 6881)
4(4396 6972 6973 4397)
4(4306 4398 6974 6882)
4(4397 6973 6974 4398)
4(4307 4399 6975 6883)
4(4398 6974 6975 4399)
4(4308 4400 6976 6884)
4(4399 6975 6976 4400)
4(4309 4401 6977 6885)
4(4400 6976 6977 4401)
4(4310 4402 6978 6886)
4(4401 6977 6978 4402)
4(4311 4403 6979 6887)
4(4402 6978 6979 4403)
4(4312 4404 6980 6888)
4(4403 6979 6980 4404)
4(4313 4405 6981 6889)
4(4404 6980 6981 4405)
4(4314 4406 6982 6890)
4(4405 6981 6982 4406)
4(4315 4407 6983 6891)
4(4406 6982 6983 4407)
4(4316 4408 6984 6892)
4(4407 6983 6984 4408)
4(4317 4409 6985 6893)
4(4408 6984 6985 4409)
4(4318 4410 6986 6894)
4(4409 6985 6986 4410)
4(4319 4411 6987 6895)
4(4410 6986 6987 4411)
4(4320 4412 6988 6896)
4(4411 6987 6988 4412)
4(4321 4413 6989 6897)
4(4412 6988 6989 4413)
4(4322 4414 6990 6898)
4(4413 6989 6990 4414)
4(4323 4415 6991 6899)
4(4414 6990 6991 4415)
4(4324 4416 6992 6900)
4(4415 6991 6992 4416)
4(4325 4417 6993 6901)
4(4416 6992 6993 4417)
4(4326 4418 6994 6902)
4(4417 6993 6994 4418)
4(4327 4419 6995 6903)
4(4418 6994 6995 4419)
4(4328 4420 6996 6904)
4(4419 6995 6996 4420)
4(4329 4421 6997 6905)
4(4420 6996 6997 4421)
4(4330 4422 6998 6906)
4(4421 6997 6998 4422)
4(4331 4423 6999 6907)
4(4422 6998 6999 4423)
4(4332 4424 7000 6908)
4(4423 6999 7000 4424)
4(4333 4425 7001 6909)
4(4424 7000 7001 4425)
4(4334 4426 7002 6910)
4(4425 7001 7002 4426)
4(4335 4427 7003 6911)
4(4426 7002 7003 4427)
4(4336 4428 7004 6912)
4(4427 7003 7004 4428)
4(4337 4429 7005 6913)
4(4428 7004 7005 4429)
4(4338 4430 7006 6914)
4(4429 7005 7006 4430)
4(4339 4431 7007 6915)
4(4430 7006 7007 4431)
4(4340 4432 7008 6916)
4(4431 7007 7008 4432)
4(4341 4433 7009 6917)
4(4432 7008 7009 4433)
4(4342 4434 7010 6918)
4(4433 7009 7010 4434)
4(4343 4435 7011 6919)
4(4434 7010 7011 4435)
4(4344 4436 7012 6920)
4(4435 7011 7012 4436)
4(4345 4437 7013 6921)
4(4436 7012 7013 4437)
4(4346 4438 7014 6922)
4(4437 7013 7014 4438)
4(4347 4439 7015 6923)
4(4438 7014 7015 4439)
4(4348 4440 7016 6924)
4(4439 7015 7016 4440)
4(4349 4441 7017 6925)
4(4440 7016 7017 4441)
4(4350 4442 7018 6926)
4(4441 7017 7018 4442)
4(4351 4443 7019 6927)
4(4442 7018 7019 4443)
4(4352 4444 7020 6928)
4(4443 7019 7020 4444)
4(4353 4445 7021 6929)
4(4444 7020 7021 4445)
4(4354 4446 7022 6930)
4(4445 7021 7022 4446)
4(4355 4447 7023 6931)
4(4446 7022 7023 4447)
4(4356 4448 7024 6932)
4(4447 7023 7024 4448)
4(4357 4449 7025 6933)
4(4448 7024 7025 4449)
4(4358 4450 7026 6934)
4(4449 7025 7026 4450)
4(4359 4451 7027 6935)
4(4450 7026 7027 4451)
4(4360 4452 7028 6936)
4(4451 7027 7028 4452)
4(4361 4453 7029 6937)
4(4452 7028 7029 4453)
4(4362 4454 7030 6938)
4(4453 7029 7030 4454)
4(4363 4455 7031 6939)
4(4454 7030 7031 4455)
4(4455 7031 7032 4456)
4(4364 4456 7032 6940)
4(4365 4457 7033 6941)
4(4366 4458 7034 6942)
4(4367 4459 7035 6943)
4(4368 4460 7036 6944)
4(4369 4461 7037 6945)
4(4370 4462 7038 6946)
4(4371 4463 7039 6947)
4(4372 4464 7040 6948)
4(4373 4465 7041 6949)
4(4374 4466 7042 6950)
4(4375 4467 7043 6951)
4(4376 4468 7044 6952)
4(4377 4469 7045 6953)
4(4378 4470 7046 6954)
4(4379 4471 7047 6955)
4(4380 4472 7048 6956)
4(4381 4473 7049 6957)
4(4382 4474 7050 6958)
4(4383 4475 7051 6959)
4(4384 4476 7052 6960)
4(4385 4477 7053 6961)
4(4386 4478 7054 6962)
4(4387 4479 7055 6963)
4(4388 4480 7056 6964)
4(4389 4481 7057 6965)
4(4390 4482 7058 6966)
4(4391 4483 7059 6967)
4(4392 4484 7060 6968)
4(4393 4485 7061 6969)
4(4394 4486 7062 6970)
4(4395 4487 7063 6971)
4(4396 4488 7064 6972)
4(4397 4489 7065 6973)
4(4398 4490 7066 6974)
4(4399 4491 7067 6975)
4(4400 4492 7068 6976)
4(4401 4493 7069 6977)
4(4402 4494 7070 6978)
4(4403 4495 7071 6979)
4(4404 4496 7072 6980)
4(4405 4497 7073 6981)
4(4406 4498 7074 6982)
4(4407 4499 7075 6983)
4(4408 4500 7076 6984)
4(4409 4501 7077 6985)
4(4410 4502 7078 6986)
4(4411 4503 7079 6987)
4(4412 4504 7080 6988)
4(4413 4505 7081 6989)
4(4414 4506 7082 6990)
4(4415 4507 7083 6991)
4(4416 4508 7084 6992)
4(4417 4509 7085 6993)
4(4418 4510 7086 6994)
4(4419 4511 7087 6995)
4(4420 4512 7088 6996)
4(4421 4513 7089 6997)
4(4422 4514 7090 6998)
4(4423 4515 7091 6999)
4(4424 4516 7092 7000)
4(4425 4517 7093 7001)
4(4426 4518 7094 7002)
4(4427 4519 7095 7003)
4(4428 4520 7096 7004)
4(4429 4521 7097 7005)
4(4430 4522 7098 7006)
4(4431 4523 7099 7007)
4(4432 4524 7100 7008)
4(4433 4525 7101 7009)
4(4434 4526 7102 7010)
4(4435 4527 7103 7011)
4(4436 4528 7104 7012)
4(4437 4529 7105 7013)
4(4438 4530 7106 7014)
4(4439 4531 7107 7015)
4(4440 4532 7108 7016)
4(4441 4533 7109 7017)
4(4442 4534 7110 7018)
4(4443 4535 7111 7019)
4(4444 4536 7112 7020)
4(4445 4537 7113 7021)
4(4446 4538 7114 7022)
4(4447 4539 7115 7023)
4(4448 4540 7116 7024)
4(4449 4541 7117 7025)
4(4450 4542 7118 7026)
4(4451 4543 7119 7027)
4(4452 4544 7120 7028)
4(4453 4545 7121 7029)
4(4454 4546 7122 7030)
4(4455 4547 7123 7031)
4(4456 4548 7124 7032)
3(7125 7165 8285)
4(2064 4640 8285 7165)
3(7126 7166 8286)
4(7165 8285 8286 7166)
3(7127 7167 8287)
4(7166 8286 8287 7167)
3(7128 7168 8288)
4(7167 8287 8288 7168)
3(7129 7169 8289)
4(7168 8288 8289 7169)
3(7130 7170 8290)
4(7169 8289 8290 7170)
3(7131 7171 8291)
4(7170 8290 8291 7171)
3(7132 7172 8292)
4(7171 8291 8292 7172)
3(7133 7173 8293)
4(7172 8292 8293 7173)
3(7134 7174 8294)
4(7173 8293 8294 7174)
3(7135 7175 8295)
4(7174 8294 8295 7175)
3(7136 7176 8296)
4(7175 8295 8296 7176)
3(7137 7177 8297)
4(7176 8296 8297 7177)
3(7138 7178 8298)
4(7177 8297 8298 7178)
3(7139 7179 8299)
4(7178 8298 8299 7179)
3(7140 7180 8300)
4(7179 8299 8300 7180)
3(7141 7181 8301)
4(7180 8300 8301 7181)
3(7142 7182 8302)
4(7181 8301 8302 7182)
3(7143 7183 8303)
4(7182 8302 8303 7183)
3(7144 7184 8304)
4(7183 8303 8304 7184)
3(7145 7185 8305)
4(7184 8304 8305 7185)
3(7146 7186 8306)
4(7185 8305 8306 7186)
3(7147 7187 8307)
4(7186 8306 8307 7187)
3(7148 7188 8308)
4(7187 8307 8308 7188)
3(7149 7189 8309)
4(7188 8308 8309 7189)
3(7150 7190 8310)
4(7189 8309 8310 7190)
3(7151 7191 8311)
4(7190 8310 8311 7191)
3(7152 7192 8312)
4(7191 8311 8312 7192)
3(7153 7193 8313)
4(7192 8312 8313 7193)
3(7154 7194 8314)
4(7193 8313 8314 7194)
3(7155 7195 8315)
4(7194 8314 8315 7195)
3(7156 7196 8316)
4(7195 8315 8316 7196)
3(7157 7197 8317)
4(7196 8316 8317 7197)
3(7158 7198 8318)
4(7197 8317 8318 7198)
3(7159 7199 8319)
4(7198 8318 8319 7199)
3(7160 7200 8320)
4(7199 8319 8320 7200)
3(7161 7201 8321)
4(7200 8320 8321 7201)
3(7162 7202 8322)
4(7201 8321 8322 7202)
3(7163 7203 8323)
4(7202 8322 8323 7203)
4(7203 8323 8324 7204)
4(7165 7205 8325 8285)
4(2156 4732 8325 7205)
4(7166 7206 8326 8286)
4(7205 8325 8326 7206)
4(7167 7207 8327 8287)
4(7206 8326 8327 7207)
4(7168 7208 8328 8288)
4(7207 8327 8328 7208)
4(7169 7209 8329 8289)
4(7208 8328 8329 7209)
4(7170 7210 8330 8290)
4(7209 8329 8330 7210)
4(7171 7211 8331 8291)
4(7210 8330 8331 7211)
4(7172 7212 8332 8292)
4(7211 8331 8332 7212)
4(7173 7213 8333 8293)
4(7212 8332 8333 7213)
4(7174 7214 8334 8294)
4(7213 8333 8334 7214)
4(7175 7215 8335 8295)
4(7214 8334 8335 7215)
4(7176 7216 8336 8296)
4(7215 8335 8336 7216)
4(7177 7217 8337 8297)
4(7216 8336 8337 7217)
4(7178 7218 8338 8298)
4(7217 8337 8338 7218)
4(7179 7219 8339 8299)
4(7218 8338 8339 7219)
4(7180 7220 8340 8300)
4(7219 8339 8340 7220)
4(7181 7221 8341 8301)
4(7220 8340 8341 7221)
4(7182 7222 8342 8302)
4(7221 8341 8342 7222)
4(7183 7223 8343 8303)
4(7222 8342 8343 7223)
4(7184 7224 8344 8304)
4(7223 8343 8344 7224)
4(7185 7225 8345 8305)
4(7224 8344 8345 7225)
4(7186 7226 8346 8306)
4(7225 8345 8346 7226)
4(7187 7227 8347 8307)
4(7226 8346 8347 7227)
4(7188 7228 8348 8308)
4(7227 8347 8348 7228)
4(7189 7229 8349 8309)
4(7228 8348 8349 7229)
4(7190 7230 8350 8310)
4(7229 8349 8350 7230)
4(7191 7231 8351 8311)
4(7230 8350 8351 7231)
4(7192 7232 8352 8312)
4(7231 8351 8352 7232)
4(7193 7233 8353 8313)
4(7232 8352 8353 7233)
4(7194 7234 8354 8314)
4(7233 8353 8354 7234)
4(7195 7235 8355 8315)
4(7234 8354 8355 7235)
4(7196 7236 8356 8316)
4(7235 8355 8356 7236)
4(7197 7237 8357 8317)
4(7236 8356 8357 7237)
4(7198 7238 8358 8318)
4(7237 8357 8358 7238)
4(7199 7239 8359 8319)
4(7238 8358 8359 7239)
4(7200 7240 8360 8320)
4(7239 8359 8360 7240)
4(7201 7241 8361 8321)
4(7240 8360 8361 7241)
4(7202 7242 8362 8322)
4(7241 8361 8362 7242)
4(7203 7243 8363 8323)
4(7242 8362 8363 7243)
4(7243 8363 8364 7244)
4(7205 7245 8365 8325)
4(2248 4824 8365 7245)
4(7206 7246 8366 8326)
4(7245 8365 8366 7246)
4(7207 7247 8367 8327)
4(7246 8366 8367 7247)
4(7208 7248 8368 8328)
4(7247 8367 8368 7248)
4(7209 7249 8369 8329)
4(7248 8368 8369 7249)
4(7210 7250 8370 8330)
4(7249 8369 8370 7250)
4(7211 7251 8371 8331)
4(7250 8370 8371 7251)
4(7212 7252 8372 8332)
4(7251 8371 8372 7252)
4(7213 7253 8373 8333)
4(7252 8372 8373 7253)
4(7214 7254 8374 8334)
4(7253 8373 8374 7254)
4(7215 7255 8375 8335)
4(7254 8374 8375 7255)
4(7216 7256 8376 8336)
4(7255 8375 8376 7256)
4(7217 7257 8377 8337)
4(7256 8376 8377 7257)
4(7218 7258 8378 8338)
4(7257 8377 8378 7258)
4(7219 7259 8379 8339)
4(7258 8378 8379 7259)
4(7220 7260 8380 8340)
4(7259 8379 8380 7260)
4(7221 7261 8381 8341)
4(7260 8380 8381 7261)
4(7222 7262 8382 8342)
4(7261 8381 8382 7262)
4(7223 7263 8383 8343)
4(7262 8382 8383 7263)
4(7224 7264 8384 8344)
4(7263 8383 8384 7264)
4(7225 7265 8385 8345)
4(7264 8384 8385 7265)
4(7226 7266 8386 8346)
4(7265 8385 8386 7266)
4(7227 7267 8387 8347)
4(7266 8386 8387 7267)
4(7228 7268 8388 8348)
4(7267 8387 8388 7268)
4(7229 7269 8389 8349)
4(7268 8388 8389 7269)
4(7230 7270 8390 8350)
4(7269 8389 8390 7270)
4(7231 7271 8391 8351)
4(7270 8390 8391 7271)
4(7232 7272 8392 8352)
4(7271 8391 8392 7272)
4(7233 7273 8393 8353)
4(7272 8392 8393 7273)
4(7234 7274 8394 8354)
4(7273 8393 8394 7274)
4(7235 7275 8395 8355)
4(7274 8394 8395 7275)
4(7236 7276 8396 8356)
4(7275 8395 8396 7276)
4(7237 7277 8397 8357)
4(7276 8396 8397 7277)
4(7238 7278 8398 8358)
4(7277 8397 8398 7278)
4(7239 7279 8399 8359)
4(7278 8398 8399 7279)
4(7240 7280 8400 8360)
4(7279 8399 8400 7280)
4(7241 7281 8401 8361)
4(7280 8400 8401 7281)
4(7242 7282 8402 8362)
4(7281 8401 8402 7282)
4(7243 7283 8403 8363)
4(7282 8402 8403 7283)
4(7283 8403 8404 7284)
4(7245 7285 8405 8365)
4(2340 4916 8405 7285)
4(7246 7286 8406 8366)
4(7285 8405 8406 7286)
4(7247 7287 8407 8367)
4(7286 8406 8407 7287)
4(7248 7288 8408 8368)
4(7287 8407 8408 7288)
4(7249 7289 8409 8369)
4(7288 8408 8409 7289)
4(7250 7290 8410 8370)
4(7289 8409 8410 7290)
4(7251 7291 8411 8371)
4(7290 8410 8411 7291)
4(7252 7292 8412 8372)
4(7291 8411 8412 7292)
4(7253 7293 8413 8373)
4(7292 8412 8413 7293)
4(7254 7294 8414 8374)
4(7293 8413 8414 7294)
4(7255 7295 8415 8375)
4(7294 8414 8415 7295)
4(7256 7296 8416 8376)
4(7295 8415 8416 7296)
4(7257 7297 8417 8377)
4(7296 8416 8417 7297)
4(7258 7298 8418 8378)
4(7297 8417 8418 7298)
4(7259 7299 8419 8379)
4(7298 8418 8419 7299)
4(7260 7300 8420 8380)
4(7299 8419 8420 7300)
4(7261 7301 8421 8381)
4(7300 8420 8421 7301)
4(7262 7302 8422 8382)
4(7301 8421 8422 7302)
4(7263 7303 8423 8383)
4(7302 8422 8423 7303)
4(7264 7304 8424 8384)
4(7303 8423 8424 7304)
4(7265 7305 8425 8385)
4(7304 8424 8425 7305)
4(7266 7306 8426 8386)
4(7305 8425 8426 7306)
4(7267 7307 8427 8387)
4(7306 8426 8427 7307)
4(7268 7308 8428 8388)
4(7307 8427 8428 7308)
4(7269 7309 8429 8389)
4(7308 8428 8429 7309)
4(7270 7310 8430 8390)
4(7309 8429 8430 7310)
4(7271 7311 8431 8391)
4(7310 8430 8431 7311)
4(7272 7312 8432 8392)
4(7311 8431 8432 7312)
4(7273 7313 8433 8393)
4(7312 8432 8433 7313)
4(7274 7314 8434 8394)
4(7313 8433 8434 7314)
4(7275 7315 8435 8395)
4(7314 8434 8435 7315)
4(7276 7316 8436 8396)
4(7315 8435 8436 7316)
4(7277 7317 8437 8397)
4(7316 8436 8437 7317)
4(7278 7318 8438 8398)
4(7317 8437 8438 7318)
4(7279 7319 8439 8399)
4(7318 8438 8439 7319)
4(7280 7320 8440 8400)
4(7319 8439 8440 7320)
4(7281 7321 8441 8401)
4(7320 8440 8441 7321)
4(7282 7322 8442 8402)
4(7321 8441 8442 7322)
4(7283 7323 8443 8403)
4(7322 8442 8443 7323)
4(7323 8443 8444 7324)
4(7285 7325 8445 8405)
4(2432 5008 8445 7325)
4(7286 7326 8446 8406)
4(7325 8445 8446 7326)
4(7287 7327 8447 8407)
4(7326 8446 8447 7327)
4(7288 7328 8448 8408)
4(7327 8447 8448 7328)
4(7289 7329 8449 8409)
4(7328 8448 8449 7329)
4(7290 7330 8450 8410)
4(7329 8449 8450 7330)
4(7291 7331 8451 8411)
4(7330 8450 8451 7331)
4(7292 7332 8452 8412)
4(7331 8451 8452 7332)
4(7293 7333 8453 8413)
4(7332 8452 8453 7333)
4(7294 7334 8454 8414)
4(7333 8453 8454 7334)
4(7295 7335 8455 8415)
4(7334 8454 8455 7335)
4(7296 7336 8456 8416)
4(7335 8455 8456 7336)
4(7297 7337 8457 8417)
4(7336 8456 8457 7337)
4(7298 7338 8458 8418)
4(7337 8457 8458 7338)
4(7299 7339 8459 8419)
4(7338 8458 8459 7339)
4(7300 7340 8460 8420)
4(7339 8459 8460 7340)
4(7301 7341 8461 8421)
4(7340 8460 8461 7341)
4(7302 7342 8462 8422)
4(7341 8461 8462 7342)
4(7303 7343 8463 8423)
4(7342 8462 8463 7343)
4(7304 7344 8464 8424)
4(7343 8463 8464 7344)
4(7305 7345 8465 8425)
4(7344 8464 8465 7345)
4(7306 7346 8466 8426)
4(7345 8465 8466 7346)
4(7307 7347 8467 8427)
4(7346 8466 8467 7347)
4(7308 7348 8468 8428)
4(7347 8467 8468 7348)
4(7309 7349 8469 8429)
4(7348 8468 8469 7349)
4(7310 7350 8470 8430)
4(7349 8469 8470 7350)
4(7311 7351 8471 8431)
4(7350 8470 8471 7351)
4(7312 7352 8472 8432)
4(7351 8471 8472 7352)
4(7313 7353 8473 8433)
4(7352 8472 8473 7353)
4(7314 7354 8474 8434)
4(7353 8473 8474 7354)
4(7315 7355 8475 8435)
4(7354 8474 8475 7355)
4(7316 7356 8476 8436)
4(7355 8475 8476 7356)
4(7317 7357 8477 8437)
4(7356 8476 8477 7357)
4(7318 7358 8478 8438)
4(7357 8477 8478 7358)
4(7319 7359 8479 8439)
4(7358 8478 8479 7359)
4(7320 7360 8480 8440)
4(7359 8479 8480 7360)
4(7321 7361 8481 8441)
4(7360 8480 8481 7361)
4(7322 7362 8482 8442)
4(7361 8481 8482 7362)
4(7323 7363 8483 8443)
4(7362 8482 8483 7363)
4(7363 8483 8484 7364)
4(7325 7365 8485 8445)
4(2524 5100 8485 7365)
4(7326 7366 8486 8446)
4(7365 8485 8486 7366)
4(7327 7367 8487 8447)
4(7366 8486 8487 7367)
4(7328 7368 8488 8448)
4(7367 8487 8488 7368)
4(7329 7369 8489 8449)
4(7368 8488 8489 7369)
4(7330 7370 8490 8450)
4(7369 8489 8490 7370)
4(7331 7371 8491 8451)
4(7370 8490 8491 7371)
4(7332 7372 8492 8452)
4(7371 8491 8492 7372)
4(7333 7373 8493 8453)
4(7372 8492 8493 7373)
4(7334 7374 8494 8454)
4(7373 8493 8494 7374)
4(7335 7375 8495 8455)
4(7374 8494 8495 7375)
4(7336 7376 8496 8456)
4(7375 8495 8496 7376)
4(7337 7377 8497 8457)
4(7376 8496 8497 7377)
4(7338 7378 8498 8458)
4(7377 8497 8498 7378)
4(7339 7379 8499 8459)
4(7378 8498 8499 7379)
4(7340 7380 8500 8460)
4(7379 8499 8500 7380)
4(7341 7381 8501 8461)
4(7380 8500 8501 7381)
4(7342 7382 8502 8462)
4(7381 8501 8502 7382)
4(7343 7383 8503 8463)
4(7382 8502 8503 7383)
4(7344 7384 8504 8464)
4(7383 8503 8504 7384)
4(7345 7385 8505 8465)
4(7384 8504 8505 7385)
4(7346 7386 8506 8466)
4(7385 8505 8506 7386)
4(7347 7387 8507 8467)
4(7386 8506 8507 7387)
4(7348 7388 8508 8468)
4(7387 8507 8508 7388)
4(7349 7389 8509 8469)
4(7388 8508 8509 7389)
4(7350 7390 8510 8470)
4(7389 8509 8510 7390)
4(7351 7391 8511 8471)
4(7390 8510 8511 7391)
4(7352 7392 8512 8472)
4(7391 8511 8512 7392)
4(7353 7393 8513 8473)
4(7392 8512 8513 7393)
4(7354 7394 8514 8474)
4(7393 8513 8514 7394)
4(7355 7395 8515 8475)
4(7394 8514 8515 7395)
4(7356 7396 8516 8476)
4(7395 8515 8516 7396)
4(7357 7397 8517 8477)
4(7396 8516 8517 7397)
4(7358 7398 8518 8478)
4(7397 8517 8518 7398)
4(7359 7399 8519 8479)
4(7398 8518 8519 7399)
4(7360 7400 8520 8480)
4(7399 8519 8520 7400)
4(7361 7401 8521 8481)
4(7400 8520 8521 7401)
4(7362 7402 8522 8482)
4(7401 8521 8522 7402)
4(7363 7403 8523 8483)
4(7402 8522 8523 7403)
4(7403 8523 8524 7404)
4(7365 7405 8525 8485)
4(2616 5192 8525 7405)
4(7366 7406 8526 8486)
4(7405 8525 8526 7406)
4(7367 7407 8527 8487)
4(7406 8526 8527 7407)
4(7368 7408 8528 8488)
4(7407 8527 8528 7408)
4(7369 7409 8529 8489)
4(7408 8528 8529 7409)
4(7370 7410 8530 8490)
4(7409 8529 8530 7410)
4(7371 7411 8531 8491)
4(7410 8530 8531 7411)
4(7372 7412 8532 8492)
4(7411 8531 8532 7412)
4(7373 7413 8533 8493)
4(7412 8532 8533 7413)
4(7374 7414 8534 8494)
4(7413 8533 8534 7414)
4(7375 7415 8535 8495)
4(7414 8534 8535 7415)
4(7376 7416 8536 8496)
4(7415 8535 8536 7416)
4(7377 7417 8537 8497)
4(7416 8536 8537 7417)
4(7378 7418 8538 8498)
4(7417 8537 8538 7418)
4(7379 7419 8539 8499)
4(7418 8538 8539 7419)
4(7380 7420 8540 8500)
4(7419 8539 8540 7420)
4(7381 7421 8541 8501)
4(7420 8540 8541 7421)
4(7382 7422 8542 8502)
4(7421 8541 8542 7422)
4(7383 7423 8543 8503)
4(7422 8542 8543 7423)
4(7384 7424 8544 8504)
4(7423 8543 8544 7424)
4(7385 7425 8545 8505)
4(7424 8544 8545 7425)
4(7386 7426 8546 8506)
4(7425 8545 8546 7426)
4(7387 7427 8547 8507)
4(7426 8546 8547 7427)
4(7388 7428 8548 8508)
4(7427 8547 8548 7428)
4(7389 7429 8549 8509)
4(7428 8548 8549 7429)
4(7390 7430 8550 8510)
4(7429 8549 8550 7430)
4(7391 7431 8551 8511)
4(7430 8550 8551 7431)
4(7392 7432 8552 8512)
4(7431 8551 8552 7432)
4(7393 7433 8553 8513)
4(7432 8552 8553 7433)
4(7394 7434 8554 8514)
4(7433 8553 8554 7434)
4(7395 7435 8555 8515)
4(7434 8554 8555 7435)
4(7396 7436 8556 8516)
4(7435 8555 8556 7436)
4(7397 7437 8557 8517)
4(7436 8556 8557 7437)
4(7398 7438 8558 8518)
4(7437 8557 8558 7438)
4(7399 7439 8559 8519)
4(7438 8558 8559 7439)
4(7400 7440 8560 8520)
4(7439 8559 8560 7440)
4(7401 7441 8561 8521)
4(7440 8560 8561 7441)
4(7402 7442 8562 8522)
4(7441 8561 8562 7442)
4(7403 7443 8563 8523)
4(7442 8562 8563 7443)
4(7443 8563 8564 7444)
4(7405 7445 8565 8525)
4(2708 5284 8565 7445)
4(7406 7446 8566 8526)
4(7445 8565 8566 7446)
4(7407 7447 8567 8527)
4(7446 8566 8567 7447)
4(7408 7448 8568 8528)
4(7447 8567 8568 7448)
4(7409 7449 8569 8529)
4(7448 8568 8569 7449)
4(7410 7450 8570 8530)
4(7449 8569 8570 7450)
4(7411 7451 8571 8531)
4(7450 8570 8571 7451)
4(7412 7452 8572 8532)
4(7451 8571 8572 7452)
4(7413 7453 8573 8533)
4(7452 8572 8573 7453)
4(7414 7454 8574 8534)
4(7453 8573 8574 7454)
4(7415 7455 8575 8535)
4(7454 8574 8575 7455)
4(7416 7456 8576 8536)
4(7455 8575 8576 7456)
4(7417 7457 8577 8537)
4(7456 8576 8577 7457)
4(7418 7458 8578 8538)
4(7457 8577 8578 7458)
4(7419 7459 8579 8539)
4(7458 8578 8579 7459)
4(7420 7460 8580 8540)
4(7459 8579 8580 7460)
4(7421 7461 8581 8541)
4(7460 8580 8581 7461)
4(7422 7462 8582 8542)
4(7461 8581 8582 7462)
4(7423 7463 8583 8543)
4(7462 8582 8583 7463)
4(7424 7464 8584 8544)
4(7463 8583 8584 7464)
4(7425 7465 8585 8545)
4(7464 8584 8585 7465)
4(7426 7466 8586 8546)
4(7465 8585 8586 7466)
4(7427 7467 8587 8547)
4(7466 8586 8587 7467)
4(7428 7468 8588 8548)
4(7467 8587 8588 7468)
4(7429 7469 8589 8549)
4(7468 8588 8589 7469)
4(7430 7470 8590 8550)
4(7469 8589 8590 7470)
4(7431 7471 8591 8551)
4(7470 8590 8591 7471)
4(7432 7472 8592 8552)
4(7471 8591 8592 7472)
4(7433 7473 8593 8553)
4(7472 8592 8593 7473)
4(7434 7474 8594 8554)
4(7473 8593 8594 7474)
4(7435 7475 8595 8555)
4(7474 8594 8595 7475)
4(7436 7476 8596 8556)
4(7475 8595 8596 7476)
4(7437 7477 8597 8557)
4(7476 8596 8597 7477)
4(7438 7478 8598 8558)
4(7477 8597 8598 7478)
4(7439 7479 8599 8559)
4(7478 8598 8599 7479)
4(7440 7480 8600 8560)
4(7479 8599 8600 7480)
4(7441 7481 8601 8561)
4(7480 8600 8601 7481)
4(7442 7482 8602 8562)
4(7481 8601 8602 7482)
4(7443 7483 8603 8563)
4(7482 8602 8603 7483)
4(7483 8603 8604 7484)
4(7445 7485 8605 8565)
4(2800 5376 8605 7485)
4(7446 7486 8606 8566)
4(7485 8605 8606 7486)
4(7447 7487 8607 8567)
4(7486 8606 8607 7487)
4(7448 7488 8608 8568)
4(7487 8607 8608 7488)
4(7449 7489 8609 8569)
4(7488 8608 8609 7489)
4(7450 7490 8610 8570)
4(7489 8609 8610 7490)
4(7451 7491 8611 8571)
4(7490 8610 8611 7491)
4(7452 7492 8612 8572)
4(7491 8611 8612 7492)
4(7453 7493 8613 8573)
4(7492 8612 8613 7493)
4(7454 7494 8614 8574)
4(7493 8613 8614 7494)
4(7455 7495 8615 8575)
4(7494 8614 8615 7495)
4(7456 7496 8616 8576)
4(7495 8615 8616 7496)
4(7457 7497 8617 8577)
4(7496 8616 8617 7497)
4(7458 7498 8618 8578)
4(7497 8617 8618 7498)
4(7459 7499 8619 8579)
4(7498 8618 8619 7499)
4(7460 7500 8620 8580)
4(7499 8619 8620 7500)
4(7461 7501 8621 8581)
4(7500 8620 8621 7501)
4(7462 7502 8622 8582)
4(7501 8621 8622 7502)
4(7463 7503 8623 8583)
4(7502 8622 8623 7503)
4(7464 7504 8624 8584)
4(7503 8623 8624 7504)
4(7465 7505 8625 8585)
4(7504 8624 8625 7505)
4(7466 7506 8626 8586)
4(7505 8625 8626 7506)
4(7467 7507 8627 8587)
4(7506 8626 8627 7507)
4(7468 7508 8628 8588)
4(7507 8627 8628 7508)
4(7469 7509 8629 8589)
4(7508 8628 8629 7509)
4(7470 7510 8630 8590)
4(7509 8629 8630 7510)
4(7471 7511 8631 8591)
4(7510 8630 8631 7511)
4(7472 7512 8632 8592)
4(7511 8631 8632 7512)
4(7473 7513 8633 8593)
4(7512 8632 8633 7513)
4(7474 7514 8634 8594)
4(7513 8633 8634 7514)
4(7475 7515 8635 8595)
4(7514 8634 8635 7515)
4(7476 7516 8636 8596)
4(7515 8635 8636 7516)
4(7477 7517 8637 8597)
4(7516 8636 8637 7517)
4(7478 7518 8638 8598)
4(7517 8637 8638 7518)
4(7479 7519 8639 8599)
4(7518 8638 8639 7519)
4(7480 7520 8640 8600)
4(7519 8639 8640 7520)
4(7481 7521 8641 8601)
4(7520 8640 8641 7521)
4(7482 7522 8642 8602)
4(7521 8641 8642 7522)
4(7483 7523 8643 8603)
4(7522 8642 8643 7523)
4(7523 8643 8644 7524)
4(7485 7525 8645 8605)
4(2892 5468 8645 7525)
4(7486 7526 8646 8606)
4(7525 8645 8646 7526)
4(7487 7527 8647 8607)
4(7526 8646 8647 7527)
4(7488 7528 8648 8608)
4(7527 8647 8648 7528)
4(7489 7529 8649 8609)
4(7528 8648 8649 7529)
4(7490 7530 8650 8610)
4(7529 8649 8650 7530)
4(7491 7531 8651 8611)
4(7530 8650 8651 7531)
4(7492 7532 8652 8612)
4(7531 8651 8652 7532)
4(7493 7533 8653 8613)
4(7532 8652 8653 7533)
4(7494 7534 8654 8614)
4(7533 8653 8654 7534)
4(7495 7535 8655 8615)
4(7534 8654 8655 7535)
4(7496 7536 8656 8616)
4(7535 8655 8656 7536)
4(7497 7537 8657 8617)
4(7536 8656 8657 7537)
4(7498 7538 8658 8618)
4(7537 8657 8658 7538)
4(7499 7539 8659 8619)
4(7538 8658 8659 7539)
4(7500 7540 8660 8620)
4(7539 8659 8660 7540)
4(7501 7541 8661 8621)
4(7540 8660 8661 7541)
4(7502 7542 8662 8622)
4(7541 8661 8662 7542)
4(7503 7543 8663 8623)
4(7542 8662 8663 7543)
4(7504 7544 8664 8624)
4(7543 8663 8664 7544)
4(7505 7545 8665 8625)
4(7544 8664 8665 7545)
4(7506 7546 8666 8626)
4(7545 8665 8666 7546)
4(7507 7547 8667 8627)
4(7546 8666 8667 7547)
4(7508 7548 8668 8628)
4(7547 8667 8668 7548)
4(7509 7549 8669 8629)
4(7548 8668 8669 7549)
4(7510 7550 8670 8630)
4(7549 8669 8670 7550)
4(7511 7551 8671 8631)
4(7550 8670 8671 7551)
4(7512 7552 8672 8632)
4(7551 8671 8672 7552)
4(7513 7553 8673 8633)
4(7552 8672 8673 7553)
4(7514 7554 8674 8634)
4(7553 8673 8674 7554)
4(7515 7555 8675 8635)
4(7554 8674 8675 7555)
4(7516 7556 8676 8636)
4(7555 8675 8676 7556)
4(7517 7557 8677 8637)
4(7556 8676 8677 7557)
4(7518 7558 8678 8638)
4(7557 8677 8678 7558)
4(7519 7559 8679 8639)
4(7558 8678 8679 7559)
4(7520 7560 8680 8640)
4(7559 8679 8680 7560)
4(7521 7561 8681 8641)
4(7560 8680 8681 7561)
4(7522 7562 8682 8642)
4(7561 8681 8682 7562)
4(7523 7563 8683 8643)
4(7562 8682 8683 7563)
4(7563 8683 8684 7564)
4(7525 7565 8685 8645)
4(2984 5560 8685 7565)
4(7526 7566 8686 8646)
4(7565 8685 8686 7566)
4(7527 7567 8687 8647)
4(7566 8686 8687 7567)
4(7528 7568 8688 8648)
4(7567 8687 8688 7568)
4(7529 7569 8689 8649)
4(7568 8688 8689 7569)
4(7530 7570 8690 8650)
4(7569 8689 8690 7570)
4(7531 7571 8691 8651)
4(7570 8690 8691 7571)
4(7532 7572 8692 8652)
4(7571 8691 8692 7572)
4(7533 7573 8693 8653)
4(7572 8692 8693 7573)
4(7534 7574 8694 8654)
4(7573 8693 8694 7574)
4(7535 7575 8695 8655)
4(7574 8694 8695 7575)
4(7536 7576 8696 8656)
4(7575 8695 8696 7576)
4(7537 7577 8697 8657)
4(7576 8696 8697 7577)
4(7538 7578 8698 8658)
4(7577 8697 8698 7578)
4(7539 7579 8699 8659)
4(7578 8698 8699 7579)
4(7540 7580 8700 8660)
4(7579 8699 8700 7580)
4(7541 7581 8701 8661)
4(7580 8700 8701 7581)
4(7542 7582 8702 8662)
4(7581 8701 8702 7582)
4(7543 7583 8703 8663)
4(7582 8702 8703 7583)
4(7544 7584 8704 8664)
4(7583 8703 8704 7584)
4(7545 7585 8705 8665)
4(7584 8704 8705 7585)
4(7546 7586 8706 8666)
4(7585 8705 8706 7586)
4(7547 7587 8707 8667)
4(7586 8706 8707 7587)
4(7548 7588 8708 8668)
4(7587 8707 8708 7588)
4(7549 7589 8709 8669)
4(7588 8708 8709 7589)
4(7550 7590 8710 8670)
4(7589 8709 8710 7590)
4(7551 7591 8711 8671)
4(7590 8710 8711 7591)
4(7552 7592 8712 8672)
4(7591 8711 8712 7592)
4(7553 7593 8713 8673)
4(7592 8712 8713 7593)
4(7554 7594 8714 8674)
4(7593 8713 8714 7594)
4(7555 7595 8715 8675)
4(7594 8714 8715 7595)
4(7556 7596 8716 8676)
4(7595 8715 8716 7596)
4(7557 7597 8717 8677)
4(7596 8716 8717 7597)
4(7558 7598 8718 8678)
4(7597 8717 8718 7598)
4(7559 7599 8719 8679)
4(7598 8718 8719 7599)
4(7560 7600 8720 8680)
4(7599 8719 8720 7600)
4(7561 7601 8721 8681)
4(7600 8720 8721 7601)
4(7562 7602 8722 8682)
4(7601 8721 8722 7602)
4(7563 7603 8723 8683)
4(7602 8722 8723 7603)
4(7603 8723 8724 7604)
4(7565 7605 8725 8685)
4(3076 5652 8725 7605)
4(7566 7606 8726 8686)
4(7605 8725 8726 7606)
4(7567 7607 8727 8687)
4(7606 8726 8727 7607)
4(7568 7608 8728 8688)
4(7607 8727 8728 7608)
4(7569 7609 8729 8689)
4(7608 8728 8729 7609)
4(7570 7610 8730 8690)
4(7609 8729 8730 7610)
4(7571 7611 8731 8691)
4(7610 8730 8731 7611)
4(7572 7612 8732 8692)
4(7611 8731 8732 7612)
4(7573 7613 8733 8693)
4(7612 8732 8733 7613)
4(7574 7614 8734 8694)
4(7613 8733 8734 7614)
4(7575 7615 8735 8695)
4(7614 8734 8735 7615)
4(7576 7616 8736 8696)
4(7615 8735 8736 7616)
4(7577 7617 8737 8697)
4(7616 8736 8737 7617)
4(7578 7618 8738 8698)
4(7617 8737 8738 7618)
4(7579 7619 8739 8699)
4(7618 8738 8739 7619)
4(7580 7620 8740 8700)
4(7619 8739 8740 7620)
4(7581 7621 8741 8701)
4(7620 8740 8741 7621)
4(7582 7622 8742 8702)
4(7621 8741 8742 7622)
4(7583 7623 8743 8703)
4(7622 8742 8743 7623)
4(7584 7624 8744 8704)
4(7623 8743 8744 7624)
4(7585 7625 8745 8705)
4(7624 8744 8745 7625)
4(7586 7626 8746 8706)
4(7625 8745 8746 7626)
4(7587 7627 8747 8707)
4(7626 8746 8747 7627)
4(7588 7628 8748 8708)
4(7627 8747 8748 7628)
4(7589 7629 8749 8709)
4(7628 8748 8749 7629)
4(7590 7630 8750 8710)
4(7629 8749 8750 7630)
4(7591 7631 8751 8711)
4(7630 8750 8751 7631)
4(7592 7632 8752 8712)
4(7631 8751 8752 7632)
4(7593 7633 8753 8713)
4(7632 8752 8753 7633)
4(7594 7634 8754 8714)
4(7633 8753 8754 7634)
4(7595 7635 8755 8715)
4(7634 8754 8755 7635)
4(7596 7636 8756 8716)
4(7635 8755 8756 7636)
4(7597 7637 8757 8717)
4(7636 8756 8757 7637)
4(7598 7638 8758 8718)
4(7637 8757 8758 7638)
4(7599 7639 8759 8719)
4(7638 8758 8759 7639)
4(7600 7640 8760 8720)
4(7639 8759 8760 7640)
4(7601 7641 8761 8721)
4(7640 8760 8761 7641)
4(7602 7642 8762 8722)
4(7641 8761 8762 7642)
4(7603 7643 8763 8723)
4(7642 8762 8763 7643)
4(7643 8763 8764 7644)
4(7605 7645 8765 8725)
4(3168 5744 8765 7645)
4(7606 7646 8766 8726)
4(7645 8765 8766 7646)
4(7607 7647 8767 8727)
4(7646 8766 8767 7647)
4(7608 7648 8768 8728)
4(7647 8767 8768 7648)
4(7609 7649 8769 8729)
4(7648 8768 8769 7649)
4(7610 7650 8770 8730)
4(7649 8769 8770 7650)
4(7611 7651 8771 8731)
4(7650 8770 8771 7651)
4(7612 7652 8772 8732)
4(7651 8771 8772 7652)
4(7613 7653 8773 8733)
4(7652 8772 8773 7653)
4(7614 7654 8774 8734)
4(7653 8773 8774 7654)
4(7615 7655 8775 8735)
4(7654 8774 8775 7655)
4(7616 7656 8776 8736)
4(7655 8775 8776 7656)
4(7617 7657 8777 8737)
4(7656 8776 8777 7657)
4(7618 7658 8778 8738)
4(7657 8777 8778 7658)
4(7619 7659 8779 8739)
4(7658 8778 8779 7659)
4(7620 7660 8780 8740)
4(7659 8779 8780 7660)
4(7621 7661 8781 8741)
4(7660 8780 8781 7661)
4(7622 7662 8782 8742)
4(7661 8781 8782 7662)
4(7623 7663 8783 8743)
4(7662 8782 8783 7663)
4(7624 7664 8784 8744)
4(7663 8783 8784 7664)
4(7625 7665 8785 8745)
4(7664 8784 8785 7665)
4(7626 7666 8786 8746)
4(7665 8785 8786 7666)
4(7627 7667 8787 8747)
4(7666 8786 8787 7667)
4(7628 7668 8788 8748)
4(7667 8787 8788 7668)
4(7629 7669 8789 8749)
4(7668 8788 8789 7669)
4(7630 7670 8790 8750)
4(7669 8789 8790 7670)
4(7631 7671 8791 8751)
4(7670 8790 8791 7671)
4(7632 7672 8792 8752)
4(7671 8791 8792 7672)
4(7633 7673 8793 8753)
4(7672 8792 8793 7673)
4(7634 7674 8794 8754)
4(7673 8793 8794 7674)
4(7635 7675 8795 8755)
4(7674 8794 8795 7675)
4(7636 7676 8796 8756)
4(7675 8795 8796 7676)
4(7637 7677 8797 8757)
4(7676 8796 8797 7677)
4(7638 7678 8798 8758)
4(7677 8797 8798 7678)
4(7639 7679 8799 8759)
4(7678 8798 8799 7679)
4(7640 7680 8800 8760)
4(7679 8799 8800 7680)
4(7641 7681 8801 8761)
4(7680 8800 8801 7681)
4(7642 7682 8802 8762)
4(7681 8801 8802 7682)
4(7643 7683 8803 8763)
4(7682 8802 8803 7683)
4(7683 8803 8804 7684)
4(7645 7685 8805 8765)
4(3260 5836 8805 7685)
4(7646 7686 8806 8766)
4(7685 8805 8806 7686)
4(7647 7687 8807 8767)
4(7686 8806 8807 7687)
4(7648 7688 8808 8768)
4(7687 8807 8808 7688)
4(7649 7689 8809 8769)
4(7688 8808 8809 7689)
4(7650 7690 8810 8770)
4(7689 8809 8810 7690)
4(7651 7691 8811 8771)
4(7690 8810 8811 7691)
4(7652 7692 8812 8772)
4(7691 8811 8812 7692)
4(7653 7693 8813 8773)
4(7692 8812 8813 7693)
4(7654 7694 8814 8774)
4(7693 8813 8814 7694)
4(7655 7695 8815 8775)
4(7694 8814 8815 7695)
4(7656 7696 8816 8776)
4(7695 8815 8816 7696)
4(7657 7697 8817 8777)
4(7696 8816 8817 7697)
4(7658 7698 8818 8778)
4(7697 8817 8818 7698)
4(7659 7699 8819 8779)
4(7698 8818 8819 7699)
4(7660 7700 8820 8780)
4(7699 8819 8820 7700)
4(7661 7701 8821 8781)
4(7700 8820 8821 7701)
4(7662 7702 8822 8782)
4(7701 8821 8822 7702)
4(7663 7703 8823 8783)
4(7702 8822 8823 7703)
4(7664 7704 8824 8784)
4(7703 8823 8824 7704)
4(7665 7705 8825 8785)
4(7704 8824 8825 7705)
4(7666 7706 8826 8786)
4(7705 8825 8826 7706)
4(7667 7707 8827 8787)
4(7706 8826 8827 7707)
4(7668 7708 8828 8788)
4(7707 8827 8828 7708)
4(7669 7709 8829 8789)
4(7708 8828 8829 7709)
4(7670 7710 8830 8790)
4(7709 8829 8830 7710)
4(7671 7711 8831 8791)
4(7710 8830 8831 7711)
4(7672 7712 8832 8792)
4(7711 8831 8832 7712)
4(7673 7713 8833 8793)
4(7712 8832 8833 7713)
4(7674 7714 8834 8794)
4(7713 8833 8834 7714)
4(7675 7715 8835 8795)
4(7714 8834 8835 7715)
4(7676 7716 8836 8796)
4(7715 8835 8836 7716)
4(7677 7717 8837 8797)
4(7716 8836 8837 7717)
4(7678 7718 8838 8798)
4(7717 8837 8838 7718)
4(7679 7719 8839 8799)
4(7718 8838 8839 7719)
4(7680 7720 8840 8800)
4(7719 8839 8840 7720)
4(7681 7721 8841 8801)
4(7720 8840 8841 7721)
4(7682 7722 8842 8802)
4(7721 8841 8842 7722)
4(7683 7723 8843 8803)
4(7722 8842 8843 7723)
4(7723 8843 8844 7724)
4(7685 7725 8845 8805)
4(3352 5928 8845 7725)
4(7686 7726 8846 8806)
4(7725 8845 8846 7726)
4(7687 7727 8847 8807)
4(7726 8846 8847 7727)
4(7688 7728 8848 8808)
4(7727 8847 8848 7728)
4(7689 7729 8849 8809)
4(7728 8848 8849 7729)
4(7690 7730 8850 8810)
4(7729 8849 8850 7730)
4(7691 7731 8851 8811)
4(7730 8850 8851 7731)
4(7692 7732 8852 8812)
4(7731 8851 8852 7732)
4(7693 7733 8853 8813)
4(7732 8852 8853 7733)
4(7694 7734 8854 8814)
4(7733 8853 8854 7734)
4(7695 7735 8855 8815)
4(7734 8854 8855 7735)
4(7696 7736 8856 8816)
4(7735 8855 8856 7736)
4(7697 7737 8857 8817)
4(7736 8856 8857 7737)
4(7698 7738 8858 8818)
4(7737 8857 8858 7738)
4(7699 7739 8859 8819)
4(7738 8858 8859 7739)
4(7700 7740 8860 8820)
4(7739 8859 8860 7740)
4(7701 7741 8861 8821)
4(7740 8860 8861 7741)
4(7702 7742 8862 8822)
4(7741 8861 8862 7742)
4(7703 7743 8863 8823)
4(7742 8862 8863 7743)
4(7704 7744 8864 8824)
4(7743 8863 8864 7744)
4(7705 7745 8865 8825)
4(7744 8864 8865 7745)
4(7706 7746 8866 8826)
4(7745 8865 8866 7746)
4(7707 7747 8867 8827)
4(7746 8866 8867 7747)
4(7708 7748 8868 8828)
4(7747 8867 8868 7748)
4(7709 7749 8869 8829)
4(7748 8868 8869 7749)
4(7710 7750 8870 8830)
4(7749 8869 8870 7750)
4(7711 7751 8871 8831)
4(7750 8870 8871 7751)
4(7712 7752 8872 8832)
4(7751 8871 8872 7752)
4(7713 7753 8873 8833)
4(7752 8872 8873 7753)
4(7714 7754 8874 8834)
4(7753 8873 8874 7754)
4(7715 7755 8875 8835)
4(7754 8874 8875 7755)
4(7716 7756 8876 8836)
4(7755 8875 8876 7756)
4(7717 7757 8877 8837)
4(7756 8876 8877 7757)
4(7718 7758 8878 8838)
4(7757 8877 8878 7758)
4(7719 7759 8879 8839)
4(7758 8878 8879 7759)
4(7720 7760 8880 8840)
4(7759 8879 8880 7760)
4(7721 7761 8881 8841)
4(7760 8880 8881 7761)
4(7722 7762 8882 8842)
4(7761 8881 8882 7762)
4(7723 7763 8883 8843)
4(7762 8882 8883 7763)
4(7763 8883 8884 7764)
4(7725 7765 8885 8845)
4(3444 6020 8885 7765)
4(7726 7766 8886 8846)
4(7765 8885 8886 7766)
4(7727 7767 8887 8847)
4(7766 8886 8887 7767)
4(7728 7768 8888 8848)
4(7767 8887 8888 7768)
4(7729 7769 8889 8849)
4(7768 8888 8889 7769)
4(7730 7770 8890 8850)
4(7769 8889 8890 7770)
4(7731 7771 8891 8851)
4(7770 8890 8891 7771)
4(7732 7772 8892 8852)
4(7771 8891 8892 7772)
4(7733 7773 8893 8853)
4(7772 8892 8893 7773)
4(7734 7774 8894 8854)
4(7773 8893 8894 7774)
4(7735 7775 8895 8855)
4(7774 8894 8895 7775)
4(7736 7776 8896 8856)
4(7775 8895 8896 7776)
4(7737 7777 8897 8857)
4(7776 8896 8897 7777)
4(7738 7778 8898 8858)
4(7777 8897 8898 7778)
4(7739 7779 8899 8859)
4(7778 8898 8899 7779)
4(7740 7780 8900 8860)
4(7779 8899 8900 7780)
4(7741 7781 8901 8861)
4(7780 8900 8901 7781)
4(7742 7782 8902 8862)
4(7781 8901 8902 7782)
4(7743 7783 8903 8863)
4(7782 8902 8903 7783)
4(7744 7784 8904 8864)
4(7783 8903 8904 7784)
4(7745 7785 8905 8865)
4(7784 8904 8905 7785)
4(7746 7786 8906 8866)
4(7785 8905 8906 7786)
4(7747 7787 8907 8867)
4(7786 8906 8907 7787)
4(7748 7788 8908 8868)
4(7787 8907 8908 7788)
4(7749 7789 8909 8869)
4(7788 8908 8909 7789)
4(7750 7790 8910 8870)
4(7789 8909 8910 7790)
4(7751 7791 8911 8871)
4(7790 8910 8911 7791)
4(7752 7792 8912 8872)
4(7791 8911 8912 7792)
4(7753 7793 8913 8873)
4(7792 8912 8913 7793)
4(7754 7794 8914 8874)
4(7793 8913 8914 7794)
4(7755 7795 8915 8875)
4(7794 8914 8915 7795)
4(7756 7796 8916 8876)
4(7795 8915 8916 7796)
4(7757 7797 8917 8877)
4(7796 8916 8917 7797)
4(7758 7798 8918 8878)
4(7797 8917 8918 7798)
4(7759 7799 8919 8879)
4(7798 8918 8919 7799)
4(7760 7800 8920 8880)
4(7799 8919 8920 7800)
4(7761 7801 8921 8881)
4(7800 8920 8921 7801)
4(7762 7802 8922 8882)
4(7801 8921 8922 7802)
4(7763 7803 8923 8883)
4(7802 8922 8923 7803)
4(7803 8923 8924 7804)
4(7765 7805 8925 8885)
4(3536 6112 8925 7805)
4(7766 7806 8926 8886)
4(7805 8925 8926 7806)
4(7767 7807 8927 8887)
4(7806 8926 8927 7807)
4(7768 7808 8928 8888)
4(7807 8927 8928 7808)
4(7769 7809 8929 8889)
4(7808 8928 8929 7809)
4(7770 7810 8930 8890)
4(7809 8929 8930 7810)
4(7771 7811 8931 8891)
4(7810 8930 8931 7811)
4(7772 7812 8932 8892)
4(7811 8931 8932 7812)
4(7773 7813 8933 8893)
4(7812 8932 8933 7813)
4(7774 7814 8934 8894)
4(7813 8933 8934 7814)
4(7775 7815 8935 8895)
4(7814 8934 8935 7815)
4(7776 7816 8936 8896)
4(7815 8935 8936 7816)
4(7777 7817 8937 8897)
4(7816 8936 8937 7817)
4(7778 7818 8938 8898)
4(7817 8937 8938 7818)
4(7779 7819 8939 8899)
4(7818 8938 8939 7819)
4(7780 7820 8940 8900)
4(7819 8939 8940 7820)
4(7781 7821 8941 8901)
4(7820 8940 8941 7821)
4(7782 7822 8942 8902)
4(7821 8941 8942 7822)
4(7783 7823 8943 8903)
4(7822 8942 8943 7823)
4(7784 7824 8944 8904)
4(7823 8943 8944 7824)
4(7785 7825 8945 8905)
4(7824 8944 8945 7825)
4(7786 7826 8946 8906)
4(7825 8945 8946 7826)
4(7787 7827 8947 8907)
4(7826 8946 8947 7827)
4(7788 7828 8948 8908)
4(7827 8947 8948 7828)
4(7789 7829 8949 8909)
4(7828 8948 8949 7829)
4(7790 7830 8950 8910)
4(7829 8949 8950 7830)
4(7791 7831 8951 8911)
4(7830 8950 8951 7831)
4(7792 7832 8952 8912)
4(7831 8951 8952 7832)
4(7793 7833 8953 8913)
4(7832 8952 8953 7833)
4(7794 7834 8954 8914)
4(7833 8953 8954 7834)
4(7795 7835 8955 8915)
4(7834 8954 8955 7835)
4(7796 7836 8956 8916)
4(7835 8955 8956 7836)
4(7797 7837 8957 8917)
4(7836 8956 8957 7837)
4(7798 7838 8958 8918)
4(7837 8957 8958 7838)
4(7799 7839 8959 8919)
4(7838 8958 8959 7839)
4(7800 7840 8960 8920)
4(7839 8959 8960 7840)
4(7801 7841 8961 8921)
4(7840 8960 8961 7841)
4(7802 7842 8962 8922)
4(7841 8961 8962 7842)
4(7803 7843 8963 8923)
4(7842 8962 8963 7843)
4(7843 8963 8964 7844)
4(7805 7845 8965 8925)
4(3628 6204 8965 7845)
4(7806 7846 8966 8926)
4(7845 8965 8966 7846)
4(7807 7847 8967 8927)
4(7846 8966 8967 7847)
4(7808 7848 8968 8928)
4(7847 8967 8968 7848)
4(7809 7849 8969 8929)
4(7848 8968 8969 7849)
4(7810 7850 8970 8930)
4(7849 8969 8970 7850)
4(7811 7851 8971 8931)
4(7850 8970 8971 7851)
4(7812 7852 8972 8932)
4(7851 8971 8972 7852)
4(7813 7853 8973 8933)
4(7852 8972 8973 7853)
4(7814 7854 8974 8934)
4(7853 8973 8974 7854)
4(7815 7855 8975 8935)
4(7854 8974 8975 7855)
4(7816 7856 8976 8936)
4(7855 8975 8976 7856)
4(7817 7857 8977 8937)
4(7856 8976 8977 7857)
4(7818 7858 8978 8938)
4(7857 8977 8978 7858)
4(7819 7859 8979 8939)
4(7858 8978 8979 7859)
4(7820 7860 8980 8940)
4(7859 8979 8980 7860)
4(7821 7861 8981 8941)
4(7860 8980 8981 7861)
4(7822 7862 8982 8942)
4(7861 8981 8982 7862)
4(7823 7863 8983 8943)
4(7862 8982 8983 7863)
4(7824 7864 8984 8944)
4(7863 8983 8984 7864)
4(7825 7865 8985 8945)
4(7864 8984 8985 7865)
4(7826 7866 8986 8946)
4(7865 8985 8986 7866)
4(7827 7867 8987 8947)
4(7866 8986 8987 7867)
4(7828 7868 8988 8948)
4(7867 8987 8988 7868)
4(7829 7869 8989 8949)
4(7868 8988 8989 7869)
4(7830 7870 8990 8950)
4(7869 8989 8990 7870)
4(7831 7871 8991 8951)
4(7870 8990 8991 7871)
4(7832 7872 8992 8952)
4(7871 8991 8992 7872)
4(7833 7873 8993 8953)
4(7872 8992 8993 7873)
4(7834 7874 8994 8954)
4(7873 8993 8994 7874)
4(7835 7875 8995 8955)
4(7874 8994 8995 7875)
4(7836 7876 8996 8956)
4(7875 8995 8996 7876)
4(7837 7877 8997 8957)
4(7876 8996 8997 7877)
4(7838 7878 8998 8958)
4(7877 8997 8998 7878)
4(7839 7879 8999 8959)
4(7878 8998 8999 7879)
4(7840 7880 9000 8960)
4(7879 8999 9000 7880)
4(7841 7881 9001 8961)
4(7880 9000 9001 7881)
4(7842 7882 9002 8962)
4(7881 9001 9002 7882)
4(7843 7883 9003 8963)
4(7882 9002 9003 7883)
4(7883 9003 9004 7884)
4(7845 7885 9005 8965)
4(3720 6296 9005 7885)
4(7846 7886 9006 8966)
4(7885 9005 9006 7886)
4(7847 7887 9007 8967)
4(7886 9006 9007 7887)
4(7848 7888 9008 8968)
4(7887 9007 9008 7888)
4(7849 7889 9009 8969)
4(7888 9008 9009 7889)
4(7850 7890 9010 8970)
4(7889 9009 9010 7890)
4(7851 7891 9011 8971)
4(7890 9010 9011 7891)
4(7852 7892 9012 8972)
4(7891 9011 9012 7892)
4(7853 7893 9013 8973)
4(7892 9012 9013 7893)
4(7854 7894 9014 8974)
4(7893 9013 9014 7894)
4(7855 7895 9015 8975)
4(7894 9014 9015 7895)
4(7856 7896 9016 8976)
4(7895 9015 9016 7896)
4(7857 7897 9017 8977)
4(7896 9016 9017 7897)
4(7858 7898 9018 8978)
4(7897 9017 9018 7898)
4(7859 7899 9019 8979)
4(7898 9018 9019 7899)
4(7860 7900 9020 8980)
4(7899 9019 9020 7900)
4(7861 7901 9021 8981)
4(7900 9020 9021 7901)
4(7862 7902 9022 8982)
4(7901 9021 9022 7902)
4(7863 7903 9023 8983)
4(7902 9022 9023 7903)
4(7864 7904 9024 8984)
4(7903 9023 9024 7904)
4(7865 7905 9025 8985)
4(7904 9024 9025 7905)
4(7866 7906 9026 8986)
4(7905 9025 9026 7906)
4(7867 7907 9027 8987)
4(7906 9026 9027 7907)
4(7868 7908 9028 8988)
4(7907 9027 9028 7908)
4(7869 7909 9029 8989)
4(7908 9028 9029 7909)
4(7870 7910 9030 8990)
4(7909 9029 9030 7910)
4(7871 7911 9031 8991)
4(7910 9030 9031 7911)
4(7872 7912 9032 8992)
4(7911 9031 9032 7912)
4(7873 7913 9033 8993)
4(7912 9032 9033 7913)
4(7874 7914 9034 8994)
4(7913 9033 9034 7914)
4(7875 7915 9035 8995)
4(7914 9034 9035 7915)
4(7876 7916 9036 8996)
4(7915 9035 9036 7916)
4(7877 7917 9037 8997)
4(7916 9036 9037 7917)
4(7878 7918 9038 8998)
4(7917 9037 9038 7918)
4(7879 7919 9039 8999)
4(7918 9038 9039 7919)
4(7880 7920 9040 9000)
4(7919 9039 9040 7920)
4(7881 7921 9041 9001)
4(7920 9040 9041 7921)
4(7882 7922 9042 9002)
4(7921 9041 9042 7922)
4(7883 7923 9043 9003)
4(7922 9042 9043 7923)
4(7923 9043 9044 7924)
4(7885 7925 9045 9005)
4(3812 6388 9045 7925)
4(7886 7926 9046 9006)
4(7925 9045 9046 7926)
4(7887 7927 9047 9007)
4(7926 9046 9047 7927)
4(7888 7928 9048 9008)
4(7927 9047 9048 7928)
4(7889 7929 9049 9009)
4(7928 9048 9049 7929)
4(7890 7930 9050 9010)
4(7929 9049 9050 7930)
4(7891 7931 9051 9011)
4(7930 9050 9051 7931)
4(7892 7932 9052 9012)
4(7931 9051 9052 7932)
4(7893 7933 9053 9013)
4(7932 9052 9053 7933)
4(7894 7934 9054 9014)
4(7933 9053 9054 7934)
4(7895 7935 9055 9015)
4(7934 9054 9055 7935)
4(7896 7936 9056 9016)
4(7935 9055 9056 7936)
4(7897 7937 9057 9017)
4(7936 9056 9057 7937)
4(7898 7938 9058 9018)
4(7937 9057 9058 7938)
4(7899 7939 9059 9019)
4(7938 9058 9059 7939)
4(7900 7940 9060 9020)
4(7939 9059 9060 7940)
4(7901 7941 9061 9021)
4(7940 9060 9061 7941)
4(7902 7942 9062 9022)
4(7941 9061 9062 7942)
4(7903 7943 9063 9023)
4(7942 9062 9063 7943)
4(7904 7944 9064 9024)
4(7943 9063 9064 7944)
4(7905 7945 9065 9025)
4(7944 9064 9065 7945)
4(7906 7946 9066 9026)
4(7945 9065 9066 7946)
4(7907 7947 9067 9027)
4(7946 9066 9067 7947)
4(7908 7948 9068 9028)
4(7947 9067 9068 7948)
4(7909 7949 9069 9029)
4(7948 9068 9069 7949)
4(7910 7950 9070 9030)
4(7949 9069 9070 7950)
4(7911 7951 9071 9031)
4(7950 9070 9071 7951)
4(7912 7952 9072 9032)
4(7951 9071 9072 7952)
4(7913 7953 9073 9033)
4(7952 9072 9073 7953)
4(7914 7954 9074 9034)
4(7953 9073 9074 7954)
4(7915 7955 9075 9035)
4(7954 9074 9075 7955)
4(7916 7956 9076 9036)
4(7955 9075 9076 7956)
4(7917 7957 9077 9037)
4(7956 9076 9077 7957)
4(7918 7958 9078 9038)
4(7957 9077 9078 7958)
4(7919 7959 9079 9039)
4(7958 9078 9079 7959)
4(7920 7960 9080 9040)
4(7959 9079 9080 7960)
4(7921 7961 9081 9041)
4(7960 9080 9081 7961)
4(7922 7962 9082 9042)
4(7961 9081 9082 7962)
4(7923 7963 9083 9043)
4(7962 9082 9083 7963)
4(7963 9083 9084 7964)
4(7925 7965 9085 9045)
4(3904 6480 9085 7965)
4(7926 7966 9086 9046)
4(7965 9085 9086 7966)
4(7927 7967 9087 9047)
4(7966 9086 9087 7967)
4(7928 7968 9088 9048)
4(7967 9087 9088 7968)
4(7929 7969 9089 9049)
4(7968 9088 9089 7969)
4(7930 7970 9090 9050)
4(7969 9089 9090 7970)
4(7931 7971 9091 9051)
4(7970 9090 9091 7971)
4(7932 7972 9092 9052)
4(7971 9091 9092 7972)
4(7933 7973 9093 9053)
4(7972 9092 9093 7973)
4(7934 7974 9094 9054)
4(7973 9093 9094 7974)
4(7935 7975 9095 9055)
4(7974 9094 9095 7975)
4(7936 7976 9096 9056)
4(7975 9095 9096 7976)
4(7937 7977 9097 9057)
4(7976 9096 9097 7977)
4(7938 7978 9098 9058)
4(7977 9097 9098 7978)
4(7939 7979 9099 9059)
4(7978 9098 9099 7979)
4(7940 7980 9100 9060)
4(7979 9099 9100 7980)
4(7941 7981 9101 9061)
4(7980 9100 9101 7981)
4(7942 7982 9102 9062)
4(7981 9101 9102 7982)
4(7943 7983 9103 9063)
4(7982 9102 9103 7983)
4(7944 7984 9104 9064)
4(7983 9103 9104 7984)
4(7945 7985 9105 9065)
4(7984 9104 9105 7985)
4(7946 7986 9106 9066)
4(7985 9105 9106 7986)
4(7947 7987 9107 9067)
4(7986 9106 9107 7987)
4(7948 7988 9108 9068)
4(7987 9107 9108 7988)
4(7949 7989 9109 9069)
4(7988 9108 9109 7989)
4(7950 7990 9110 9070)
4(7989 9109 9110 7990)
4(7951 7991 9111 9071)
4(7990 9110 9111 7991)
4(7952 7992 9112 9072)
4(7991 9111 9112 7992)
4(7953 7993 9113 9073)
4(7992 9112 9113 7993)
4(7954 7994 9114 9074)
4(7993 9113 9114 7994)
4(7955 7995 9115 9075)
4(7994 9114 9115 7995)
4(7956 7996 9116 9076)
4(7995 9115 9116 7996)
4(7957 7997 9117 9077)
4(7996 9116 9117 7997)
4(7958 7998 9118 9078)
4(7997 9117 9118 7998)
4(7959 7999 9119 9079)
4(7998 9118 9119 7999)
4(7960 8000 9120 9080)
4(7999 9119 9120 8000)
4(7961 8001 9121 9081)
4(8000 9120 9121 8001)
4(7962 8002 9122 9082)
4(8001 9121 9122 8002)
4(7963 8003 9123 9083)
4(8002 9122 9123 8003)
4(8003 9123 9124 8004)
4(7965 8005 9125 9085)
4(3996 6572 9125 8005)
4(7966 8006 9126 9086)
4(8005 9125 9126 8006)
4(7967 8007 9127 9087)
4(8006 9126 9127 8007)
4(7968 8008 9128 9088)
4(8007 9127 9128 8008)
4(7969 8009 9129 9089)
4(8008 9128 9129 8009)
4(7970 8010 9130 9090)
4(8009 9129 9130 8010)
4(7971 8011 9131 9091)
4(8010 9130 9131 8011)
4(7972 8012 9132 9092)
4(8011 9131 9132 8012)
4(7973 8013 9133 9093)
4(8012 9132 9133 8013)
4(7974 8014 9134 9094)
4(8013 9133 9134 8014)
4(7975 8015 9135 9095)
4(8014 9134 9135 8015)
4(7976 8016 9136 9096)
4(8015 9135 9136 8016)
4(7977 8017 9137 9097)
4(8016 9136 9137 8017)
4(7978 8018 9138 9098)
4(8017 9137 9138 8018)
4(7979 8019 9139 9099)
4(8018 9138 9139 8019)
4(7980 8020 9140 9100)
4(8019 9139 9140 8020)
4(7981 8021 9141 9101)
4(8020 9140 9141 8021)
4(7982 8022 9142 9102)
4(8021 9141 9142 8022)
4(7983 8023 9143 9103)
4(8022 9142 9143 8023)
4(7984 8024 9144 9104)
4(8023 9143 9144 8024)
4(7985 8025 9145 9105)
4(8024 9144 9145 8025)
4(7986 8026 9146 9106)
4(8025 9145 9146 8026)
4(7987 8027 9147 9107)
4(8026 9146 9147 8027)
4(7988 8028 9148 9108)
4(8027 9147 9148 8028)
4(7989 8029 9149 9109)
4(8028 9148 9149 8029)
4(7990 8030 9150 9110)
4(8029 9149 9150 8030)
4(7991 8031 9151 9111)
4(8030 9150 9151 8031)
4(7992 8032 9152 9112)
4(8031 9151 9152 8032)
4(7993 8033 9153 9113)
4(8032 9152 9153 8033)
4(7994 8034 9154 9114)
4(8033 9153 9154 8034)
4(7995 8035 9155 9115)
4(8034 9154 9155 8035)
4(7996 8036 9156 9116)
4(8035 9155 9156 8036)
4(7997 8037 9157 9117)
4(8036 9156 9157 8037)
4(7998 8038 9158 9118)
4(8037 9157 9158 8038)
4(7999 8039 9159 9119)
4(8038 9158 9159 8039)
4(8000 8040 9160 9120)
4(8039 9159 9160 8040)
4(8001 8041 9161 9121)
4(8040 9160 9161 8041)
4(8002 8042 9162 9122)
4(8041 9161 9162 8042)
4(8003 8043 9163 9123)
4(8042 9162 9163 8043)
4(8043 9163 9164 8044)
4(8005 8045 9165 9125)
4(4088 6664 9165 8045)
4(8006 8046 9166 9126)
4(8045 9165 9166 8046)
4(8007 8047 9167 9127)
4(8046 9166 9167 8047)
4(8008 8048 9168 9128)
4(8047 9167 9168 8048)
4(8009 8049 9169 9129)
4(8048 9168 9169 8049)
4(8010 8050 9170 9130)
4(8049 9169 9170 8050)
4(8011 8051 9171 9131)
4(8050 9170 9171 8051)
4(8012 8052 9172 9132)
4(8051 9171 9172 8052)
4(8013 8053 9173 9133)
4(8052 9172 9173 8053)
4(8014 8054 9174 9134)
4(8053 9173 9174 8054)
4(8015 8055 9175 9135)
4(8054 9174 9175 8055)
4(8016 8056 9176 9136)
4(8055 9175 9176 8056)
4(8017 8057 9177 9137)
4(8056 9176 9177 8057)
4(8018 8058 9178 9138)
4(8057 9177 9178 8058)
4(8019 8059 9179 9139)
4(8058 9178 9179 8059)
4(8020 8060 9180 9140)
4(8059 9179 9180 8060)
4(8021 8061 9181 9141)
4(8060 9180 9181 8061)
4(8022 8062 9182 9142)
4(8061 9181 9182 8062)
4(8023 8063 9183 9143)
4(8062 9182 9183 8063)
4(8024 8064 9184 9144)
4(8063 9183 9184 8064)
4(8025 8065 9185 9145)
4(8064 9184 9185 8065)
4(8026 8066 9186 9146)
4(8065 9185 9186 8066)
4(8027 8067 9187 9147)
4(8066 9186 9187 8067)
4(8028 8068 9188 9148)
4(8067 9187 9188 8068)
4(8029 8069 9189 9149)
4(8068 9188 9189 8069)
4(8030 8070 9190 9150)
4(8069 9189 9190 8070)
4(8031 8071 9191 9151)
4(8070 9190 9191 8071)
4(8032 8072 9192 9152)
4(8071 9191 9192 8072)
4(8033 8073 9193 9153)
4(8072 9192 9193 8073)
4(8034 8074 9194 9154)
4(8073 9193 9194 8074)
4(8035 8075 9195 9155)
4(8074 9194 9195 8075)
4(8036 8076 9196 9156)
4(8075 9195 9196 8076)
4(8037 8077 9197 9157)
4(8076 9196 9197 8077)
4(8038 8078 9198 9158)
4(8077 9197 9198 8078)
4(8039 8079 9199 9159)
4(8078 9198 9199 8079)
4(8040 8080 9200 9160)
4(8079 9199 9200 8080)
4(8041 8081 9201 9161)
4(8080 9200 9201 8081)
4(8042 8082 9202 9162)
4(8081 9201 9202 8082)
4(8043 8083 9203 9163)
4(8082 9202 9203 8083)
4(8083 9203 9204 8084)
4(8045 8085 9205 9165)
4(4180 6756 9205 8085)
4(8046 8086 9206 9166)
4(8085 9205 9206 8086)
4(8047 8087 9207 9167)
4(8086 9206 9207 8087)
4(8048 8088 9208 9168)
4(8087 9207 9208 8088)
4(8049 8089 9209 9169)
4(8088 9208 9209 8089)
4(8050 8090 9210 9170)
4(8089 9209 9210 8090)
4(8051 8091 9211 9171)
4(8090 9210 9211 8091)
4(8052 8092 9212 9172)
4(8091 9211 9212 8092)
4(8053 8093 9213 9173)
4(8092 9212 9213 8093)
4(8054 8094 9214 9174)
4(8093 9213 9214 8094)
4(8055 8095 9215 9175)
4(8094 9214 9215 8095)
4(8056 8096 9216 9176)
4(8095 9215 9216 8096)
4(8057 8097 9217 9177)
4(8096 9216 9217 8097)
4(8058 8098 9218 9178)
4(8097 9217 9218 8098)
4(8059 8099 9219 9179)
4(8098 9218 9219 8099)
4(8060 8100 9220 9180)
4(8099 9219 9220 8100)
4(8061 8101 9221 9181)
4(8100 9220 9221 8101)
4(8062 8102 9222 9182)
4(8101 9221 9222 8102)
4(8063 8103 9223 9183)
4(8102 9222 9223 8103)
4(8064 8104 9224 9184)
4(8103 9223 9224 8104)
4(8065 8105 9225 9185)
4(8104 9224 9225 8105)
4(8066 8106 9226 9186)
4(8105 9225 9226 8106)
4(8067 8107 9227 9187)
4(8106 9226 9227 8107)
4(8068 8108 9228 9188)
4(8107 9227 9228 8108)
4(8069 8109 9229 9189)
4(8108 9228 9229 8109)
4(8070 8110 9230 9190)
4(8109 9229 9230 8110)
4(8071 8111 9231 9191)
4(8110 9230 9231 8111)
4(8072 8112 9232 9192)
4(8111 9231 9232 8112)
4(8073 8113 9233 9193)
4(8112 9232 9233 8113)
4(8074 8114 9234 9194)
4(8113 9233 9234 8114)
4(8075 8115 9235 9195)
4(8114 9234 9235 8115)
4(8076 8116 9236 9196)
4(8115 9235 9236 8116)
4(8077 8117 9237 9197)
4(8116 9236 9237 8117)
4(8078 8118 9238 9198)
4(8117 9237 9238 8118)
4(8079 8119 9239 9199)
4(8118 9238 9239 8119)
4(8080 8120 9240 9200)
4(8119 9239 9240 8120)
4(8081 8121 9241 9201)
4(8120 9240 9241 8121)
4(8082 8122 9242 9202)
4(8121 9241 9242 8122)
4(8083 8123 9243 9203)
4(8122 9242 9243 8123)
4(8123 9243 9244 8124)
4(8085 8125 9245 9205)
4(4272 6848 9245 8125)
4(8086 8126 9246 9206)
4(8125 9245 9246 8126)
4(8087 8127 9247 9207)
4(8126 9246 9247 8127)
4(8088 8128 9248 9208)
4(8127 9247 9248 8128)
4(8089 8129 9249 9209)
4(8128 9248 9249 8129)
4(8090 8130 9250 9210)
4(8129 9249 9250 8130)
4(8091 8131 9251 9211)
4(8130 9250 9251 8131)
4(8092 8132 9252 9212)
4(8131 9251 9252 8132)
4(8093 8133 9253 9213)
4(8132 9252 9253 8133)
4(8094 8134 9254 9214)
4(8133 9253 9254 8134)
4(8095 8135 9255 9215)
4(8134 9254 9255 8135)
4(8096 8136 9256 9216)
4(8135 9255 9256 8136)
4(8097 8137 9257 9217)
4(8136 9256 9257 8137)
4(8098 8138 9258 9218)
4(8137 9257 9258 8138)
4(8099 8139 9259 9219)
4(8138 9258 9259 8139)
4(8100 8140 9260 9220)
4(8139 9259 9260 8140)
4(8101 8141 9261 9221)
4(8140 9260 9261 8141)
4(8102 8142 9262 9222)
4(8141 9261 9262 8142)
4(8103 8143 9263 9223)
4(8142 9262 9263 8143)
4(8104 8144 9264 9224)
4(8143 9263 9264 8144)
4(8105 8145 9265 9225)
4(8144 9264 9265 8145)
4(8106 8146 9266 9226)
4(8145 9265 9266 8146)
4(8107 8147 9267 9227)
4(8146 9266 9267 8147)
4(8108 8148 9268 9228)
4(8147 9267 9268 8148)
4(8109 8149 9269 9229)
4(8148 9268 9269 8149)
4(8110 8150 9270 9230)
4(8149 9269 9270 8150)
4(8111 8151 9271 9231)
4(8150 9270 9271 8151)
4(8112 8152 9272 9232)
4(8151 9271 9272 8152)
4(8113 8153 9273 9233)
4(8152 9272 9273 8153)
4(8114 8154 9274 9234)
4(8153 9273 9274 8154)
4(8115 8155 9275 9235)
4(8154 9274 9275 8155)
4(8116 8156 9276 9236)
4(8155 9275 9276 8156)
4(8117 8157 9277 9237)
4(8156 9276 9277 8157)
4(8118 8158 9278 9238)
4(8157 9277 9278 8158)
4(8119 8159 9279 9239)
4(8158 9278 9279 8159)
4(8120 8160 9280 9240)
4(8159 9279 9280 8160)
4(8121 8161 9281 9241)
4(8160 9280 9281 8161)
4(8122 8162 9282 9242)
4(8161 9281 9282 8162)
4(8123 8163 9283 9243)
4(8162 9282 9283 8163)
4(8163 9283 9284 8164)
4(8125 8165 9285 9245)
4(4364 6940 9285 8165)
4(8126 8166 9286 9246)
4(8165 9285 9286 8166)
4(8127 8167 9287 9247)
4(8166 9286 9287 8167)
4(8128 8168 9288 9248)
4(8167 9287 9288 8168)
4(8129 8169 9289 9249)
4(8168 9288 9289 8169)
4(8130 8170 9290 9250)
4(8169 9289 9290 8170)
4(8131 8171 9291 9251)
4(8170 9290 9291 8171)
4(8132 8172 9292 9252)
4(8171 9291 9292 8172)
4(8133 8173 9293 9253)
4(8172 9292 9293 8173)
4(8134 8174 9294 9254)
4(8173 9293 9294 8174)
4(8135 8175 9295 9255)
4(8174 9294 9295 8175)
4(8136 8176 9296 9256)
4(8175 9295 9296 8176)
4(8137 8177 9297 9257)
4(8176 9296 9297 8177)
4(8138 8178 9298 9258)
4(8177 9297 9298 8178)
4(8139 8179 9299 9259)
4(8178 9298 9299 8179)
4(8140 8180 9300 9260)
4(8179 9299 9300 8180)
4(8141 8181 9301 9261)
4(8180 9300 9301 8181)
4(8142 8182 9302 9262)
4(8181 9301 9302 8182)
4(8143 8183 9303 9263)
4(8182 9302 9303 8183)
4(8144 8184 9304 9264)
4(8183 9303 9304 8184)
4(8145 8185 9305 9265)
4(8184 9304 9305 8185)
4(8146 8186 9306 9266)
4(8185 9305 9306 8186)
4(8147 8187 9307 9267)
4(8186 9306 9307 8187)
4(8148 8188 9308 9268)
4(8187 9307 9308 8188)
4(8149 8189 9309 9269)
4(8188 9308 9309 8189)
4(8150 8190 9310 9270)
4(8189 9309 9310 8190)
4(8151 8191 9311 9271)
4(8190 9310 9311 8191)
4(8152 8192 9312 9272)
4(8191 9311 9312 8192)
4(8153 8193 9313 9273)
4(8192 9312 9313 8193)
4(8154 8194 9314 9274)
4(8193 9313 9314 8194)
4(8155 8195 9315 9275)
4(8194 9314 9315 8195)
4(8156 8196 9316 9276)
4(8195 9315 9316 8196)
4(8157 8197 9317 9277)
4(8196 9316 9317 8197)
4(8158 8198 9318 9278)
4(8197 9317 9318 8198)
4(8159 8199 9319 9279)
4(8198 9318 9319 8199)
4(8160 8200 9320 9280)
4(8199 9319 9320 8200)
4(8161 8201 9321 9281)
4(8200 9320 9321 8201)
4(8162 8202 9322 9282)
4(8201 9321 9322 8202)
4(8163 8203 9323 9283)
4(8202 9322 9323 8203)
4(8203 9323 9324 8204)
4(8165 8205 9325 9285)
4(4456 7032 9325 8205)
4(8166 8206 9326 9286)
4(8205 9325 9326 8206)
4(8167 8207 9327 9287)
4(8206 9326 9327 8207)
4(8168 8208 9328 9288)
4(8207 9327 9328 8208)
4(8169 8209 9329 9289)
4(8208 9328 9329 8209)
4(8170 8210 9330 9290)
4(8209 9329 9330 8210)
4(8171 8211 9331 9291)
4(8210 9330 9331 8211)
4(8172 8212 9332 9292)
4(8211 9331 9332 8212)
4(8173 8213 9333 9293)
4(8212 9332 9333 8213)
4(8174 8214 9334 9294)
4(8213 9333 9334 8214)
4(8175 8215 9335 9295)
4(8214 9334 9335 8215)
4(8176 8216 9336 9296)
4(8215 9335 9336 8216)
4(8177 8217 9337 9297)
4(8216 9336 9337 8217)
4(8178 8218 9338 9298)
4(8217 9337 9338 8218)
4(8179 8219 9339 9299)
4(8218 9338 9339 8219)
4(8180 8220 9340 9300)
4(8219 9339 9340 8220)
4(8181 8221 9341 9301)
4(8220 9340 9341 8221)
4(8182 8222 9342 9302)
4(8221 9341 9342 8222)
4(8183 8223 9343 9303)
4(8222 9342 9343 8223)
4(8184 8224 9344 9304)
4(8223 9343 9344 8224)
4(8185 8225 9345 9305)
4(8224 9344 9345 8225)
4(8186 8226 9346 9306)
4(8225 9345 9346 8226)
4(8187 8227 9347 9307)
4(8226 9346 9347 8227)
4(8188 8228 9348 9308)
4(8227 9347 9348 8228)
4(8189 8229 9349 9309)
4(8228 9348 9349 8229)
4(8190 8230 9350 9310)
4(8229 9349 9350 8230)
4(8191 8231 9351 9311)
4(8230 9350 9351 8231)
4(8192 8232 9352 9312)
4(8231 9351 9352 8232)
4(8193 8233 9353 9313)
4(8232 9352 9353 8233)
4(8194 8234 9354 9314)
4(8233 9353 9354 8234)
4(8195 8235 9355 9315)
4(8234 9354 9355 8235)
4(8196 8236 9356 9316)
4(8235 9355 9356 8236)
4(8197 8237 9357 9317)
4(8236 9356 9357 8237)
4(8198 8238 9358 9318)
4(8237 9357 9358 8238)
4(8199 8239 9359 9319)
4(8238 9358 9359 8239)
4(8200 8240 9360 9320)
4(8239 9359 9360 8240)
4(8201 8241 9361 9321)
4(8240 9360 9361 8241)
4(8202 8242 9362 9322)
4(8241 9361 9362 8242)
4(8203 8243 9363 9323)
4(8242 9362 9363 8243)
4(8243 9363 9364 8244)
4(8205 8245 9365 9325)
4(8206 8246 9366 9326)
4(8207 8247 9367 9327)
4(8208 8248 9368 9328)
4(8209 8249 9369 9329)
4(8210 8250 9370 9330)
4(8211 8251 9371 9331)
4(8212 8252 9372 9332)
4(8213 8253 9373 9333)
4(8214 8254 9374 9334)
4(8215 8255 9375 9335)
4(8216 8256 9376 9336)
4(8217 8257 9377 9337)
4(8218 8258 9378 9338)
4(8219 8259 9379 9339)
4(8220 8260 9380 9340)
4(8221 8261 9381 9341)
4(8222 8262 9382 9342)
4(8223 8263 9383 9343)
4(8224 8264 9384 9344)
4(8225 8265 9385 9345)
4(8226 8266 9386 9346)
4(8227 8267 9387 9347)
4(8228 8268 9388 9348)
4(8229 8269 9389 9349)
4(8230 8270 9390 9350)
4(8231 8271 9391 9351)
4(8232 8272 9392 9352)
4(8233 8273 9393 9353)
4(8234 8274 9394 9354)
4(8235 8275 9395 9355)
4(8236 8276 9396 9356)
4(8237 8277 9397 9357)
4(8238 8278 9398 9358)
4(8239 8279 9399 9359)
4(8240 8280 9400 9360)
4(8241 8281 9401 9361)
4(8242 8282 9402 9362)
4(8243 8283 9403 9363)
3(0 957 33)
4(33 957 990 66)
4(66 990 1023 99)
4(99 1023 1056 132)
4(132 1056 1089 165)
4(165 1089 1122 198)
4(198 1122 1155 231)
4(231 1155 1188 264)
4(264 1188 1221 297)
4(297 1221 1254 330)
4(330 1254 1287 363)
4(363 1287 1320 396)
4(396 1320 1353 429)
4(429 1353 1386 462)
4(462 1386 1419 495)
4(495 1419 1452 528)
4(528 1452 1485 561)
4(561 1485 1518 594)
4(594 1518 1551 627)
4(627 1551 1584 660)
4(660 1584 1617 693)
4(693 1617 1650 726)
4(726 1650 1683 759)
4(759 1683 1716 792)
4(792 1716 1749 825)
4(825 1749 1782 858)
4(858 1782 1815 891)
4(891 1815 1848 924)
3(7164 7204 8324)
4(7204 7244 8364 8324)
4(7244 7284 8404 8364)
4(7284 7324 8444 8404)
4(7324 7364 8484 8444)
4(7364 7404 8524 8484)
4(7404 7444 8564 8524)
4(7444 7484 8604 8564)
4(7484 7524 8644 8604)
4(7524 7564 8684 8644)
4(7564 7604 8724 8684)
4(7604 7644 8764 8724)
4(7644 7684 8804 8764)
4(7684 7724 8844 8804)
4(7724 7764 8884 8844)
4(7764 7804 8924 8884)
4(7804 7844 8964 8924)
4(7844 7884 9004 8964)
4(7884 7924 9044 9004)
4(7924 7964 9084 9044)
4(7964 8004 9124 9084)
4(8004 8044 9164 9124)
4(8044 8084 9204 9164)
4(8084 8124 9244 9204)
4(8124 8164 9284 9244)
4(8164 8204 9324 9284)
4(8204 8244 9364 9324)
4(8244 8284 9404 9364)
4(924 1848 1849 925)
4(925 1849 1850 926)
4(926 1850 1851 927)
4(927 1851 1852 928)
4(928 1852 1853 929)
4(929 1853 1854 930)
4(930 1854 1855 931)
4(931 1855 1856 932)
4(932 1856 1857 933)
4(933 1857 1858 934)
4(934 1858 1859 935)
4(935 1859 1860 936)
4(936 1860 1861 937)
4(937 1861 1862 938)
4(938 1862 1863 939)
4(939 1863 1864 940)
4(940 1864 1865 941)
4(941 1865 1866 942)
4(942 1866 1867 943)
4(943 1867 1868 944)
4(944 1868 1869 945)
4(945 1869 1870 946)
4(946 1870 1871 947)
4(947 1871 1872 948)
4(948 1872 1873 949)
4(949 1873 1874 950)
4(950 1874 1875 951)
4(951 1875 1876 952)
4(952 1876 1877 953)
4(953 1877 1878 954)
4(954 1878 1879 955)
4(955 1879 1880 956)
4(956 1880 7033 4457)
4(4457 7033 7034 4458)
4(4458 7034 7035 4459)
4(4459 7035 7036 4460)
4(4460 7036 7037 4461)
4(4461 7037 7038 4462)
4(4462 7038 7039 4463)
4(4463 7039 7040 4464)
4(4464 7040 7041 4465)
4(4465 7041 7042 4466)
4(4466 7042 7043 4467)
4(4467 7043 7044 4468)
4(4468 7044 7045 4469)
4(4469 7045 7046 4470)
4(4470 7046 7047 4471)
4(4471 7047 7048 4472)
4(4472 7048 7049 4473)
4(4473 7049 7050 4474)
4(4474 7050 7051 4475)
4(4475 7051 7052 4476)
4(4476 7052 7053 4477)
4(4477 7053 7054 4478)
4(4478 7054 7055 4479)
4(4479 7055 7056 4480)
4(4480 7056 7057 4481)
4(4481 7057 7058 4482)
4(4482 7058 7059 4483)
4(4483 7059 7060 4484)
4(4484 7060 7061 4485)
4(4485 7061 7062 4486)
4(4486 7062 7063 4487)
4(4487 7063 7064 4488)
4(4488 7064 7065 4489)
4(4489 7065 7066 4490)
4(4490 7066 7067 4491)
4(4491 7067 7068 4492)
4(4492 7068 7069 4493)
4(4493 7069 7070 4494)
4(4494 7070 7071 4495)
4(4495 7071 7072 4496)
4(4496 7072 7073 4497)
4(4497 7073 7074 4498)
4(4498 7074 7075 4499)
4(4499 7075 7076 4500)
4(4500 7076 7077 4501)
4(4501 7077 7078 4502)
4(4502 7078 7079 4503)
4(4503 7079 7080 4504)
4(4504 7080 7081 4505)
4(4505 7081 7082 4506)
4(4506 7082 7083 4507)
4(4507 7083 7084 4508)
4(4508 7084 7085 4509)
4(4509 7085 7086 4510)
4(4510 7086 7087 4511)
4(4511 7087 7088 4512)
4(4512 7088 7089 4513)
4(4513 7089 7090 4514)
4(4514 7090 7091 4515)
4(4515 7091 7092 4516)
4(4516 7092 7093 4517)
4(4517 7093 7094 4518)
4(4518 7094 7095 4519)
4(4519 7095 7096 4520)
4(4520 7096 7097 4521)
4(4521 7097 7098 4522)
4(4522 7098 7099 4523)
4(4523 7099 7100 4524)
4(4524 7100 7101 4525)
4(4525 7101 7102 4526)
4(4526 7102 7103 4527)
4(4527 7103 7104 4528)
4(4528 7104 7105 4529)
4(4529 7105 7106 4530)
4(4530 7106 7107 4531)
4(4531 7107 7108 4532)
4(4532 7108 7109 4533)
4(4533 7109 7110 4534)
4(4534 7110 7111 4535)
4(4535 7111 7112 4536)
4(4536 7112 7113 4537)
4(4537 7113 7114 4538)
4(4538 7114 7115 4539)
4(4539 7115 7116 4540)
4(4540 7116 7117 4541)
4(4541 7117 7118 4542)
4(4542 7118 7119 4543)
4(4543 7119 7120 4544)
4(4544 7120 7121 4545)
4(4545 7121 7122 4546)
4(4546 7122 7123 4547)
4(4547 7123 7124 4548)
4(4548 7124 9365 8245)
4(8245 9365 9366 8246)
4(8246 9366 9367 8247)
4(8247 9367 9368 8248)
4(8248 9368 9369 8249)
4(8249 9369 9370 8250)
4(8250 9370 9371 8251)
4(8251 9371 9372 8252)
4(8252 9372 9373 8253)
4(8253 9373 9374 8254)
4(8254 9374 9375 8255)
4(8255 9375 9376 8256)
4(8256 9376 9377 8257)
4(8257 9377 9378 8258)
4(8258 9378 9379 8259)
4(8259 9379 9380 8260)
4(8260 9380 9381 8261)
4(8261 9381 9382 8262)
4(8262 9382 9383 8263)
4(8263 9383 9384 8264)
4(8264 9384 9385 8265)
4(8265 9385 9386 8266)
4(8266 9386 9387 8267)
4(8267 9387 9388 8268)
4(8268 9388 9389 8269)
4(8269 9389 9390 8270)
4(8270 9390 9391 8271)
4(8271 9391 9392 8272)
4(8272 9392 9393 8273)
4(8273 9393 9394 8274)
4(8274 9394 9395 8275)
4(8275 9395 9396 8276)
4(8276 9396 9397 8277)
4(8277 9397 9398 8278)
4(8278 9398 9399 8279)
4(8279 9399 9400 8280)
4(8280 9400 9401 8281)
4(8281 9401 9402 8282)
4(8282 9402 9403 8283)
4(8283 9403 9404 8284)
4(0 33 34 1)
4(33 66 67 34)
4(66 99 100 67)
4(99 132 133 100)
4(132 165 166 133)
4(165 198 199 166)
4(198 231 232 199)
4(231 264 265 232)
4(264 297 298 265)
4(297 330 331 298)
4(330 363 364 331)
4(363 396 397 364)
4(396 429 430 397)
4(429 462 463 430)
4(462 495 496 463)
4(495 528 529 496)
4(528 561 562 529)
4(561 594 595 562)
4(594 627 628 595)
4(627 660 661 628)
4(660 693 694 661)
4(693 726 727 694)
4(726 759 760 727)
4(759 792 793 760)
4(792 825 826 793)
4(825 858 859 826)
4(858 891 892 859)
4(891 924 925 892)
4(1 34 35 2)
4(34 67 68 35)
4(67 100 101 68)
4(100 133 134 101)
4(133 166 167 134)
4(166 199 200 167)
4(199 232 233 200)
4(232 265 266 233)
4(265 298 299 266)
4(298 331 332 299)
4(331 364 365 332)
4(364 397 398 365)
4(397 430 431 398)
4(430 463 464 431)
4(463 496 497 464)
4(496 529 530 497)
4(529 562 563 530)
4(562 595 596 563)
4(595 628 629 596)
4(628 661 662 629)
4(661 694 695 662)
4(694 727 728 695)
4(727 760 761 728)
4(760 793 794 761)
4(793 826 827 794)
4(826 859 860 827)
4(859 892 893 860)
4(892 925 926 893)
4(2 35 36 3)
4(35 68 69 36)
4(68 101 102 69)
4(101 134 135 102)
4(134 167 168 135)
4(167 200 201 168)
4(200 233 234 201)
4(233 266 267 234)
4(266 299 300 267)
4(299 332 333 300)
4(332 365 366 333)
4(365 398 399 366)
4(398 431 432 399)
4(431 464 465 432)
4(464 497 498 465)
4(497 530 531 498)
4(530 563 564 531)
4(563 596 597 564)
4(596 629 630 597)
4(629 662 663 630)
4(662 695 696 663)
4(695 728 729 696)
4(728 761 762 729)
4(761 794 795 762)
4(794 827 828 795)
4(827 860 861 828)
4(860 893 894 861)
4(893 926 927 894)
4(3 36 37 4)
4(36 69 70 37)
4(69 102 103 70)
4(102 135 136 103)
4(135 168 169 136)
4(168 201 202 169)
4(201 234 235 202)
4(234 267 268 235)
4(267 300 301 268)
4(300 333 334 301)
4(333 366 367 334)
4(366 399 400 367)
4(399 432 433 400)
4(432 465 466 433)
4(465 498 499 466)
4(498 531 532 499)
4(531 564 565 532)
4(564 597 598 565)
4(597 630 631 598)
4(630 663 664 631)
4(663 696 697 664)
4(696 729 730 697)
4(729 762 763 730)
4(762 795 796 763)
4(795 828 829 796)
4(828 861 862 829)
4(861 894 895 862)
4(894 927 928 895)
4(4 37 38 5)
4(37 70 71 38)
4(70 103 104 71)
4(103 136 137 104)
4(136 169 170 137)
4(169 202 203 170)
4(202 235 236 203)
4(235 268 269 236)
4(268 301 302 269)
4(301 334 335 302)
4(334 367 368 335)
4(367 400 401 368)
4(400 433 434 401)
4(433 466 467 434)
4(466 499 500 467)
4(499 532 533 500)
4(532 565 566 533)
4(565 598 599 566)
4(598 631 632 599)
4(631 664 665 632)
4(664 697 698 665)
4(697 730 731 698)
4(730 763 764 731)
4(763 796 797 764)
4(796 829 830 797)
4(829 862 863 830)
4(862 895 896 863)
4(895 928 929 896)
4(5 38 39 6)
4(38 71 72 39)
4(71 104 105 72)
4(104 137 138 105)
4(137 170 171 138)
4(170 203 204 171)
4(203 236 237 204)
4(236 269 270 237)
4(269 302 303 270)
4(302 335 336 303)
4(335 368 369 336)
4(368 401 402 369)
4(401 434 435 402)
4(434 467 468 435)
4(467 500 501 468)
4(500 533 534 501)
4(533 566 567 534)
4(566 599 600 567)
4(599 632 633 600)
4(632 665 666 633)
4(665 698 699 666)
4(698 731 732 699)
4(731 764 765 732)
4(764 797 798 765)
4(797 830 831 798)
4(830 863 864 831)
4(863 896 897 864)
4(896 929 930 897)
4(6 39 40 7)
4(39 72 73 40)
4(72 105 106 73)
4(105 138 139 106)
4(138 171 172 139)
4(171 204 205 172)
4(204 237 238 205)
4(237 270 271 238)
4(270 303 304 271)
4(303 336 337 304)
4(336 369 370 337)
4(369 402 403 370)
4(402 435 436 403)
4(435 468 469 436)
4(468 501 502 469)
4(501 534 535 502)
4(534 567 568 535)
4(567 600 601 568)
4(600 633 634 601)
4(633 666 667 634)
4(666 699 700 667)
4(699 732 733 700)
4(732 765 766 733)
4(765 798 799 766)
4(798 831 832 799)
4(831 864 865 832)
4(864 897 898 865)
4(897 930 931 898)
4(7 40 41 8)
4(40 73 74 41)
4(73 106 107 74)
4(106 139 140 107)
4(139 172 173 140)
4(172 205 206 173)
4(205 238 239 206)
4(238 271 272 239)
4(271 304 305 272)
4(304 337 338 305)
4(337 370 371 338)
4(370 403 404 371)
4(403 436 437 404)
4(436 469 470 437)
4(469 502 503 470)
4(502 535 536 503)
4(535 568 569 536)
4(568 601 602 569)
4(601 634 635 602)
4(634 667 668 635)
4(667 700 701 668)
4(700 733 734 701)
4(733 766 767 734)
4(766 799 800 767)
4(799 832 833 800)
4(832 865 866 833)
4(865 898 899 866)
4(898 931 932 899)
4(8 41 42 9)
4(41 74 75 42)
4(74 107 108 75)
4(107 140 141 108)
4(140 173 174 141)
4(173 206 207 174)
4(206 239 240 207)
4(239 272 273 240)
4(272 305 306 273)
4(305 338 339 306)
4(338 371 372 339)
4(371 404 405 372)
4(404 437 438 405)
4(437 470 471 438)
4(470 503 504 471)
4(503 536 537 504)
4(536 569 570 537)
4(569 602 603 570)
4(602 635 636 603)
4(635 668 669 636)
4(668 701 702 669)
4(701 734 735 702)
4(734 767 768 735)
4(767 800 801 768)
4(800 833 834 801)
4(833 866 867 834)
4(866 899 900 867)
4(899 932 933 900)
4(9 42 43 10)
4(42 75 76 43)
4(75 108 109 76)
4(108 141 142 109)
4(141 174 175 142)
4(174 207 208 175)
4(207 240 241 208)
4(240 273 274 241)
4(273 306 307 274)
4(306 339 340 307)
4(339 372 373 340)
4(372 405 406 373)
4(405 438 439 406)
4(438 471 472 439)
4(471 504 505 472)
4(504 537 538 505)
4(537 570 571 538)
4(570 603 604 571)
4(603 636 637 604)
4(636 669 670 637)
4(669 702 703 670)
4(702 735 736 703)
4(735 768 769 736)
4(768 801 802 769)
4(801 834 835 802)
4(834 867 868 835)
4(867 900 901 868)
4(900 933 934 901)
4(10 43 44 11)
4(43 76 77 44)
4(76 109 110 77)
4(109 142 143 110)
4(142 175 176 143)
4(175 208 209 176)
4(208 241 242 209)
4(241 274 275 242)
4(274 307 308 275)
4(307 340 341 308)
4(340 373 374 341)
4(373 406 407 374)
4(406 439 440 407)
4(439 472 473 440)
4(472 505 506 473)
4(505 538 539 506)
4(538 571 572 539)
4(571 604 605 572)
4(604 637 638 605)
4(637 670 671 638)
4(670 703 704 671)
4(703 736 737 704)
4(736 769 770 737)
4(769 802 803 770)
4(802 835 836 803)
4(835 868 869 836)
4(868 901 902 869)
4(901 934 935 902)
4(11 44 45 12)
4(44 77 78 45)
4(77 110 111 78)
4(110 143 144 111)
4(143 176 177 144)
4(176 209 210 177)
4(209 242 243 210)
4(242 275 276 243)
4(275 308 309 276)
4(308 341 342 309)
4(341 374 375 342)
4(374 407 408 375)
4(407 440 441 408)
4(440 473 474 441)
4(473 506 507 474)
4(506 539 540 507)
4(539 572 573 540)
4(572 605 606 573)
4(605 638 639 606)
4(638 671 672 639)
4(671 704 705 672)
4(704 737 738 705)
4(737 770 771 738)
4(770 803 804 771)
4(803 836 837 804)
4(836 869 870 837)
4(869 902 903 870)
4(902 935 936 903)
4(12 45 46 13)
4(45 78 79 46)
4(78 111 112 79)
4(111 144 145 112)
4(144 177 178 145)
4(177 210 211 178)
4(210 243 244 211)
4(243 276 277 244)
4(276 309 310 277)
4(309 342 343 310)
4(342 375 376 343)
4(375 408 409 376)
4(408 441 442 409)
4(441 474 475 442)
4(474 507 508 475)
4(507 540 541 508)
4(540 573 574 541)
4(573 606 607 574)
4(606 639 640 607)
4(639 672 673 640)
4(672 705 706 673)
4(705 738 739 706)
4(738 771 772 739)
4(771 804 805 772)
4(804 837 838 805)
4(837 870 871 838)
4(870 903 904 871)
4(903 936 937 904)
4(13 46 47 14)
4(46 79 80 47)
4(79 112 113 80)
4(112 145 146 113)
4(145 178 179 146)
4(178 211 212 179)
4(211 244 245 212)
4(244 277 278 245)
4(277 310 311 278)
4(310 343 344 311)
4(343 376 377 344)
4(376 409 410 377)
4(409 442 443 410)
4(442 475 476 443)
4(475 508 509 476)
4(508 541 542 509)
4(541 574 575 542)
4(574 607 608 575)
4(607 640 641 608)
4(640 673 674 641)
4(673 706 707 674)
4(706 739 740 707)
4(739 772 773 740)
4(772 805 806 773)
4(805 838 839 806)
4(838 871 872 839)
4(871 904 905 872)
4(904 937 938 905)
4(14 47 48 15)
4(47 80 81 48)
4(80 113 114 81)
4(113 146 147 114)
4(146 179 180 147)
4(179 212 213 180)
4(212 245 246 213)
4(245 278 279 246)
4(278 311 312 279)
4(311 344 345 312)
4(344 377 378 345)
4(377 410 411 378)
4(410 443 444 411)
4(443 476 477 444)
4(476 509 510 477)
4(509 542 543 510)
4(542 575 576 543)
4(575 608 609 576)
4(608 641 642 609)
4(641 674 675 642)
4(674 707 708 675)
4(707 740 741 708)
4(740 773 774 741)
4(773 806 807 774)
4(806 839 840 807)
4(839 872 873 840)
4(872 905 906 873)
4(905 938 939 906)
4(15 48 49 16)
4(48 81 82 49)
4(81 114 115 82)
4(114 147 148 115)
4(147 180 181 148)
4(180 213 214 181)
4(213 246 247 214)
4(246 279 280 247)
4(279 312 313 280)
4(312 345 346 313)
4(345 378 379 346)
4(378 411 412 379)
4(411 444 445 412)
4(444 477 478 445)
4(477 510 511 478)
4(510 543 544 511)
4(543 576 577 544)
4(576 609 610 577)
4(609 642 643 610)
4(642 675 676 643)
4(675 708 709 676)
4(708 741 742 709)
4(741 774 775 742)
4(774 807 808 775)
4(807 840 841 808)
4(840 873 874 841)
4(873 906 907 874)
4(906 939 940 907)
4(16 49 50 17)
4(49 82 83 50)
4(82 115 116 83)
4(115 148 149 116)
4(148 181 182 149)
4(181 214 215 182)
4(214 247 248 215)
4(247 280 281 248)
4(280 313 314 281)
4(313 346 347 314)
4(346 379 380 347)
4(379 412 413 380)
4(412 445 446 413)
4(445 478 479 446)
4(478 511 512 479)
4(511 544 545 512)
4(544 577 578 545)
4(577 610 611 578)
4(610 643 644 611)
4(643 676 677 644)
4(676 709 710 677)
4(709 742 743 710)
4(742 775 776 743)
4(775 808 809 776)
4(808 841 842 809)
4(841 874 875 842)
4(874 907 908 875)
4(907 940 941 908)
4(17 50 51 18)
4(50 83 84 51)
4(83 116 117 84)
4(116 149 150 117)
4(149 182 183 150)
4(182 215 216 183)
4(215 248 249 216)
4(248 281 282 249)
4(281 314 315 282)
4(314 347 348 315)
4(347 380 381 348)
4(380 413 414 381)
4(413 446 447 414)
4(446 479 480 447)
4(479 512 513 480)
4(512 545 546 513)
4(545 578 579 546)
4(578 611 612 579)
4(611 644 645 612)
4(644 677 678 645)
4(677 710 711 678)
4(710 743 744 711)
4(743 776 777 744)
4(776 809 810 777)
4(809 842 843 810)
4(842 875 876 843)
4(875 908 909 876)
4(908 941 942 909)
4(18 51 52 19)
4(51 84 85 52)
4(84 117 118 85)
4(117 150 151 118)
4(150 183 184 151)
4(183 216 217 184)
4(216 249 250 217)
4(249 282 283 250)
4(282 315 316 283)
4(315 348 349 316)
4(348 381 382 349)
4(381 414 415 382)
4(414 447 448 415)
4(447 480 481 448)
4(480 513 514 481)
4(513 546 547 514)
4(546 579 580 547)
4(579 612 613 580)
4(612 645 646 613)
4(645 678 679 646)
4(678 711 712 679)
4(711 744 745 712)
4(744 777 778 745)
4(777 810 811 778)
4(810 843 844 811)
4(843 876 877 844)
4(876 909 910 877)
4(909 942 943 910)
4(19 52 53 20)
4(52 85 86 53)
4(85 118 119 86)
4(118 151 152 119)
4(151 184 185 152)
4(184 217 218 185)
4(217 250 251 218)
4(250 283 284 251)
4(283 316 317 284)
4(316 349 350 317)
4(349 382 383 350)
4(382 415 416 383)
4(415 448 449 416)
4(448 481 482 449)
4(481 514 515 482)
4(514 547 548 515)
4(547 580 581 548)
4(580 613 614 581)
4(613 646 647 614)
4(646 679 680 647)
4(679 712 713 680)
4(712 745 746 713)
4(745 778 779 746)
4(778 811 812 779)
4(811 844 845 812)
4(844 877 878 845)
4(877 910 911 878)
4(910 943 944 911)
4(20 53 54 21)
4(53 86 87 54)
4(86 119 120 87)
4(119 152 153 120)
4(152 185 186 153)
4(185 218 219 186)
4(218 251 252 219)
4(251 284 285 252)
4(284 317 318 285)
4(317 350 351 318)
4(350 383 384 351)
4(383 416 417 384)
4(416 449 450 417)
4(449 482 483 450)
4(482 515 516 483)
4(515 548 549 516)
4(548 581 582 549)
4(581 614 615 582)
4(614 647 648 615)
4(647 680 681 648)
4(680 713 714 681)
4(713 746 747 714)
4(746 779 780 747)
4(779 812 813 780)
4(812 845 846 813)
4(845 878 879 846)
4(878 911 912 879)
4(911 944 945 912)
4(21 54 55 22)
4(54 87 88 55)
4(87 120 121 88)
4(120 153 154 121)
4(153 186 187 154)
4(186 219 220 187)
4(219 252 253 220)
4(252 285 286 253)
4(285 318 319 286)
4(318 351 352 319)
4(351 384 385 352)
4(384 417 418 385)
4(417 450 451 418)
4(450 483 484 451)
4(483 516 517 484)
4(516 549 550 517)
4(549 582 583 550)
4(582 615 616 583)
4(615 648 649 616)
4(648 681 682 649)
4(681 714 715 682)
4(714 747 748 715)
4(747 780 781 748)
4(780 813 814 781)
4(813 846 847 814)
4(846 879 880 847)
4(879 912 913 880)
4(912 945 946 913)
4(22 55 56 23)
4(55 88 89 56)
4(88 121 122 89)
4(121 154 155 122)
4(154 187 188 155)
4(187 220 221 188)
4(220 253 254 221)
4(253 286 287 254)
4(286 319 320 287)
4(319 352 353 320)
4(352 385 386 353)
4(385 418 419 386)
4(418 451 452 419)
4(451 484 485 452)
4(484 517 518 485)
4(517 550 551 518)
4(550 583 584 551)
4(583 616 617 584)
4(616 649 650 617)
4(649 682 683 650)
4(682 715 716 683)
4(715 748 749 716)
4(748 781 782 749)
4(781 814 815 782)
4(814 847 848 815)
4(847 880 881 848)
4(880 913 914 881)
4(913 946 947 914)
4(23 56 57 24)
4(56 89 90 57)
4(89 122 123 90)
4(122 155 156 123)
4(155 188 189 156)
4(188 221 222 189)
4(221 254 255 222)
4(254 287 288 255)
4(287 320 321 288)
4(320 353 354 321)
4(353 386 387 354)
4(386 419 420 387)
4(419 452 453 420)
4(452 485 486 453)
4(485 518 519 486)
4(518 551 552 519)
4(551 584 585 552)
4(584 617 618 585)
4(617 650 651 618)
4(650 683 684 651)
4(683 716 717 684)
4(716 749 750 717)
4(749 782 783 750)
4(782 815 816 783)
4(815 848 849 816)
4(848 881 882 849)
4(881 914 915 882)
4(914 947 948 915)
4(24 57 58 25)
4(57 90 91 58)
4(90 123 124 91)
4(123 156 157 124)
4(156 189 190 157)
4(189 222 223 190)
4(222 255 256 223)
4(255 288 289 256)
4(288 321 322 289)
4(321 354 355 322)
4(354 387 388 355)
4(387 420 421 388)
4(420 453 454 421)
4(453 486 487 454)
4(486 519 520 487)
4(519 552 553 520)
4(552 585 586 553)
4(585 618 619 586)
4(618 651 652 619)
4(651 684 685 652)
4(684 717 718 685)
4(717 750 751 718)
4(750 783 784 751)
4(783 816 817 784)
4(816 849 850 817)
4(849 882 883 850)
4(882 915 916 883)
4(915 948 949 916)
4(25 58 59 26)
4(58 91 92 59)
4(91 124 125 92)
4(124 157 158 125)
4(157 190 191 158)
4(190 223 224 191)
4(223 256 257 224)
4(256 289 290 257)
4(289 322 323 290)
4(322 355 356 323)
4(355 388 389 356)
4(388 421 422 389)
4(421 454 455 422)
4(454 487 488 455)
4(487 520 521 488)
4(520 553 554 521)
4(553 586 587 554)
4(586 619 620 587)
4(619 652 653 620)
4(652 685 686 653)
4(685 718 719 686)
4(718 751 752 719)
4(751 784 785 752)
4(784 817 818 785)
4(817 850 851 818)
4(850 883 884 851)
4(883 916 917 884)
4(916 949 950 917)
4(26 59 60 27)
4(59 92 93 60)
4(92 125 126 93)
4(125 158 159 126)
4(158 191 192 159)
4(191 224 225 192)
4(224 257 258 225)
4(257 290 291 258)
4(290 323 324 291)
4(323 356 357 324)
4(356 389 390 357)
4(389 422 423 390)
4(422 455 456 423)
4(455 488 489 456)
4(488 521 522 489)
4(521 554 555 522)
4(554 587 588 555)
4(587 620 621 588)
4(620 653 654 621)
4(653 686 687 654)
4(686 719 720 687)
4(719 752 753 720)
4(752 785 786 753)
4(785 818 819 786)
4(818 851 852 819)
4(851 884 885 852)
4(884 917 918 885)
4(917 950 951 918)
4(27 60 61 28)
4(60 93 94 61)
4(93 126 127 94)
4(126 159 160 127)
4(159 192 193 160)
4(192 225 226 193)
4(225 258 259 226)
4(258 291 292 259)
4(291 324 325 292)
4(324 357 358 325)
4(357 390 391 358)
4(390 423 424 391)
4(423 456 457 424)
4(456 489 490 457)
4(489 522 523 490)
4(522 555 556 523)
4(555 588 589 556)
4(588 621 622 589)
4(621 654 655 622)
4(654 687 688 655)
4(687 720 721 688)
4(720 753 754 721)
4(753 786 787 754)
4(786 819 820 787)
4(819 852 853 820)
4(852 885 886 853)
4(885 918 919 886)
4(918 951 952 919)
4(28 61 62 29)
4(61 94 95 62)
4(94 127 128 95)
4(127 160 161 128)
4(160 193 194 161)
4(193 226 227 194)
4(226 259 260 227)
4(259 292 293 260)
4(292 325 326 293)
4(325 358 359 326)
4(358 391 392 359)
4(391 424 425 392)
4(424 457 458 425)
4(457 490 491 458)
4(490 523 524 491)
4(523 556 557 524)
4(556 589 590 557)
4(589 622 623 590)
4(622 655 656 623)
4(655 688 689 656)
4(688 721 722 689)
4(721 754 755 722)
4(754 787 788 755)
4(787 820 821 788)
4(820 853 854 821)
4(853 886 887 854)
4(886 919 920 887)
4(919 952 953 920)
4(29 62 63 30)
4(62 95 96 63)
4(95 128 129 96)
4(128 161 162 129)
4(161 194 195 162)
4(194 227 228 195)
4(227 260 261 228)
4(260 293 294 261)
4(293 326 327 294)
4(326 359 360 327)
4(359 392 393 360)
4(392 425 426 393)
4(425 458 459 426)
4(458 491 492 459)
4(491 524 525 492)
4(524 557 558 525)
4(557 590 591 558)
4(590 623 624 591)
4(623 656 657 624)
4(656 689 690 657)
4(689 722 723 690)
4(722 755 756 723)
4(755 788 789 756)
4(788 821 822 789)
4(821 854 855 822)
4(854 887 888 855)
4(887 920 921 888)
4(920 953 954 921)
4(30 63 64 31)
4(63 96 97 64)
4(96 129 130 97)
4(129 162 163 130)
4(162 195 196 163)
4(195 228 229 196)
4(228 261 262 229)
4(261 294 295 262)
4(294 327 328 295)
4(327 360 361 328)
4(360 393 394 361)
4(393 426 427 394)
4(426 459 460 427)
4(459 492 493 460)
4(492 525 526 493)
4(525 558 559 526)
4(558 591 592 559)
4(591 624 625 592)
4(624 657 658 625)
4(657 690 691 658)
4(690 723 724 691)
4(723 756 757 724)
4(756 789 790 757)
4(789 822 823 790)
4(822 855 856 823)
4(855 888 889 856)
4(888 921 922 889)
4(921 954 955 922)
4(31 64 65 32)
4(64 97 98 65)
4(97 130 131 98)
4(130 163 164 131)
4(163 196 197 164)
4(196 229 230 197)
4(229 262 263 230)
4(262 295 296 263)
4(295 328 329 296)
4(328 361 362 329)
4(361 394 395 362)
4(394 427 428 395)
4(427 460 461 428)
4(460 493 494 461)
4(493 526 527 494)
4(526 559 560 527)
4(559 592 593 560)
4(592 625 626 593)
4(625 658 659 626)
4(658 691 692 659)
4(691 724 725 692)
4(724 757 758 725)
4(757 790 791 758)
4(790 823 824 791)
4(823 856 857 824)
4(856 889 890 857)
4(889 922 923 890)
4(922 955 956 923)
4(32 65 1973 1881)
4(65 98 2065 1973)
4(98 131 2157 2065)
4(131 164 2249 2157)
4(164 197 2341 2249)
4(197 230 2433 2341)
4(230 263 2525 2433)
4(263 296 2617 2525)
4(296 329 2709 2617)
4(329 362 2801 2709)
4(362 395 2893 2801)
4(395 428 2985 2893)
4(428 461 3077 2985)
4(461 494 3169 3077)
4(494 527 3261 3169)
4(527 560 3353 3261)
4(560 593 3445 3353)
4(593 626 3537 3445)
4(626 659 3629 3537)
4(659 692 3721 3629)
4(692 725 3813 3721)
4(725 758 3905 3813)
4(758 791 3997 3905)
4(791 824 4089 3997)
4(824 857 4181 4089)
4(857 890 4273 4181)
4(890 923 4365 4273)
4(923 956 4457 4365)
4(1881 1973 1974 1882)
4(1973 2065 2066 1974)
4(2065 2157 2158 2066)
4(2157 2249 2250 2158)
4(2249 2341 2342 2250)
4(2341 2433 2434 2342)
4(2433 2525 2526 2434)
4(2525 2617 2618 2526)
4(2617 2709 2710 2618)
4(2709 2801 2802 2710)
4(2801 2893 2894 2802)
4(2893 2985 2986 2894)
4(2985 3077 3078 2986)
4(3077 3169 3170 3078)
4(3169 3261 3262 3170)
4(3261 3353 3354 3262)
4(3353 3445 3446 3354)
4(3445 3537 3538 3446)
4(3537 3629 3630 3538)
4(3629 3721 3722 3630)
4(3721 3813 3814 3722)
4(3813 3905 3906 3814)
4(3905 3997 3998 3906)
4(3997 4089 4090 3998)
4(4089 4181 4182 4090)
4(4181 4273 4274 4182)
4(4273 4365 4366 4274)
4(4365 4457 4458 4366)
4(1882 1974 1975 1883)
4(1974 2066 2067 1975)
4(2066 2158 2159 2067)
4(2158 2250 2251 2159)
4(2250 2342 2343 2251)
4(2342 2434 2435 2343)
4(2434 2526 2527 2435)
4(2526 2618 2619 2527)
4(2618 2710 2711 2619)
4(2710 2802 2803 2711)
4(2802 2894 2895 2803)
4(2894 2986 2987 2895)
4(2986 3078 3079 2987)
4(3078 3170 3171 3079)
4(3170 3262 3263 3171)
4(3262 3354 3355 3263)
4(3354 3446 3447 3355)
4(3446 3538 3539 3447)
4(3538 3630 3631 3539)
4(3630 3722 3723 3631)
4(3722 3814 3815 3723)
4(3814 3906 3907 3815)
4(3906 3998 3999 3907)
4(3998 4090 4091 3999)
4(4090 4182 4183 4091)
4(4182 4274 4275 4183)
4(4274 4366 4367 4275)
4(4366 4458 4459 4367)
4(1883 1975 1976 1884)
4(1975 2067 2068 1976)
4(2067 2159 2160 2068)
4(2159 2251 2252 2160)
4(2251 2343 2344 2252)
4(2343 2435 2436 2344)
4(2435 2527 2528 2436)
4(2527 2619 2620 2528)
4(2619 2711 2712 2620)
4(2711 2803 2804 2712)
4(2803 2895 2896 2804)
4(2895 2987 2988 2896)
4(2987 3079 3080 2988)
4(3079 3171 3172 3080)
4(3171 3263 3264 3172)
4(3263 3355 3356 3264)
4(3355 3447 3448 3356)
4(3447 3539 3540 3448)
4(3539 3631 3632 3540)
4(3631 3723 3724 3632)
4(3723 3815 3816 3724)
4(3815 3907 3908 3816)
4(3907 3999 4000 3908)
4(3999 4091 4092 4000)
4(4091 4183 4184 4092)
4(4183 4275 4276 4184)
4(4275 4367 4368 4276)
4(4367 4459 4460 4368)
4(1884 1976 1977 1885)
4(1976 2068 2069 1977)
4(2068 2160 2161 2069)
4(2160 2252 2253 2161)
4(2252 2344 2345 2253)
4(2344 2436 2437 2345)
4(2436 2528 2529 2437)
4(2528 2620 2621 2529)
4(2620 2712 2713 2621)
4(2712 2804 2805 2713)
4(2804 2896 2897 2805)
4(2896 2988 2989 2897)
4(2988 3080 3081 2989)
4(3080 3172 3173 3081)
4(3172 3264 3265 3173)
4(3264 3356 3357 3265)
4(3356 3448 3449 3357)
4(3448 3540 3541 3449)
4(3540 3632 3633 3541)
4(3632 3724 3725 3633)
4(3724 3816 3817 3725)
4(3816 3908 3909 3817)
4(3908 4000 4001 3909)
4(4000 4092 4093 4001)
4(4092 4184 4185 4093)
4(4184 4276 4277 4185)
4(4276 4368 4369 4277)
4(4368 4460 4461 4369)
4(1885 1977 1978 1886)
4(1977 2069 2070 1978)
4(2069 2161 2162 2070)
4(2161 2253 2254 2162)
4(2253 2345 2346 2254)
4(2345 2437 2438 2346)
4(2437 2529 2530 2438)
4(2529 2621 2622 2530)
4(2621 2713 2714 2622)
4(2713 2805 2806 2714)
4(2805 2897 2898 2806)
4(2897 2989 2990 2898)
4(2989 3081 3082 2990)
4(3081 3173 3174 3082)
4(3173 3265 3266 3174)
4(3265 3357 3358 3266)
4(3357 3449 3450 3358)
4(3449 3541 3542 3450)
4(3541 3633 3634 3542)
4(3633 3725 3726 3634)
4(3725 3817 3818 3726)
4(3817 3909 3910 3818)
4(3909 4001 4002 3910)
4(4001 4093 4094 4002)
4(4093 4185 4186 4094)
4(4185 4277 4278 4186)
4(4277 4369 4370 4278)
4(4369 4461 4462 4370)
4(1886 1978 1979 1887)
4(1978 2070 2071 1979)
4(2070 2162 2163 2071)
4(2162 2254 2255 2163)
4(2254 2346 2347 2255)
4(2346 2438 2439 2347)
4(2438 2530 2531 2439)
4(2530 2622 2623 2531)
4(2622 2714 2715 2623)
4(2714 2806 2807 2715)
4(2806 2898 2899 2807)
4(2898 2990 2991 2899)
4(2990 3082 3083 2991)
4(3082 3174 3175 3083)
4(3174 3266 3267 3175)
4(3266 3358 3359 3267)
4(3358 3450 3451 3359)
4(3450 3542 3543 3451)
4(3542 3634 3635 3543)
4(3634 3726 3727 3635)
4(3726 3818 3819 3727)
4(3818 3910 3911 3819)
4(3910 4002 4003 3911)
4(4002 4094 4095 4003)
4(4094 4186 4187 4095)
4(4186 4278 4279 4187)
4(4278 4370 4371 4279)
4(4370 4462 4463 4371)
4(1887 1979 1980 1888)
4(1979 2071 2072 1980)
4(2071 2163 2164 2072)
4(2163 2255 2256 2164)
4(2255 2347 2348 2256)
4(2347 2439 2440 2348)
4(2439 2531 2532 2440)
4(2531 2623 2624 2532)
4(2623 2715 2716 2624)
4(2715 2807 2808 2716)
4(2807 2899 2900 2808)
4(2899 2991 2992 2900)
4(2991 3083 3084 2992)
4(3083 3175 3176 3084)
4(3175 3267 3268 3176)
4(3267 3359 3360 3268)
4(3359 3451 3452 3360)
4(3451 3543 3544 3452)
4(3543 3635 3636 3544)
4(3635 3727 3728 3636)
4(3727 3819 3820 3728)
4(3819 3911 3912 3820)
4(3911 4003 4004 3912)
4(4003 4095 4096 4004)
4(4095 4187 4188 4096)
4(4187 4279 4280 4188)
4(4279 4371 4372 4280)
4(4371 4463 4464 4372)
4(1888 1980 1981 1889)
4(1980 2072 2073 1981)
4(2072 2164 2165 2073)
4(2164 2256 2257 2165)
4(2256 2348 2349 2257)
4(2348 2440 2441 2349)
4(2440 2532 2533 2441)
4(2532 2624 2625 2533)
4(2624 2716 2717 2625)
4(2716 2808 2809 2717)
4(2808 2900 2901 2809)
4(2900 2992 2993 2901)
4(2992 3084 3085 2993)
4(3084 3176 3177 3085)
4(3176 3268 3269 3177)
4(3268 3360 3361 3269)
4(3360 3452 3453 3361)
4(3452 3544 3545 3453)
4(3544 3636 3637 3545)
4(3636 3728 3729 3637)
4(3728 3820 3821 3729)
4(3820 3912 3913 3821)
4(3912 4004 4005 3913)
4(4004 4096 4097 4005)
4(4096 4188 4189 4097)
4(4188 4280 4281 4189)
4(4280 4372 4373 4281)
4(4372 4464 4465 4373)
4(1889 1981 1982 1890)
4(1981 2073 2074 1982)
4(2073 2165 2166 2074)
4(2165 2257 2258 2166)
4(2257 2349 2350 2258)
4(2349 2441 2442 2350)
4(2441 2533 2534 2442)
4(2533 2625 2626 2534)
4(2625 2717 2718 2626)
4(2717 2809 2810 2718)
4(2809 2901 2902 2810)
4(2901 2993 2994 2902)
4(2993 3085 3086 2994)
4(3085 3177 3178 3086)
4(3177 3269 3270 3178)
4(3269 3361 3362 3270)
4(3361 3453 3454 3362)
4(3453 3545 3546 3454)
4(3545 3637 3638 3546)
4(3637 3729 3730 3638)
4(3729 3821 3822 3730)
4(3821 3913 3914 3822)
4(3913 4005 4006 3914)
4(4005 4097 4098 4006)
4(4097 4189 4190 4098)
4(4189 4281 4282 4190)
4(4281 4373 4374 4282)
4(4373 4465 4466 4374)
4(1890 1982 1983 1891)
4(1982 2074 2075 1983)
4(2074 2166 2167 2075)
4(2166 2258 2259 2167)
4(2258 2350 2351 2259)
4(2350 2442 2443 2351)
4(2442 2534 2535 2443)
4(2534 2626 2627 2535)
4(2626 2718 2719 2627)
4(2718 2810 2811 2719)
4(2810 2902 2903 2811)
4(2902 2994 2995 2903)
4(2994 3086 3087 2995)
4(3086 3178 3179 3087)
4(3178 3270 3271 3179)
4(3270 3362 3363 3271)
4(3362 3454 3455 3363)
4(3454 3546 3547 3455)
4(3546 3638 3639 3547)
4(3638 3730 3731 3639)
4(3730 3822 3823 3731)
4(3822 3914 3915 3823)
4(3914 4006 4007 3915)
4(4006 4098 4099 4007)
4(4098 4190 4191 4099)
4(4190 4282 4283 4191)
4(4282 4374 4375 4283)
4(4374 4466 4467 4375)
4(1891 1983 1984 1892)
4(1983 2075 2076 1984)
4(2075 2167 2168 2076)
4(2167 2259 2260 2168)
4(2259 2351 2352 2260)
4(2351 2443 2444 2352)
4(2443 2535 2536 2444)
4(2535 2627 2628 2536)
4(2627 2719 2720 2628)
4(2719 2811 2812 2720)
4(2811 2903 2904 2812)
4(2903 2995 2996 2904)
4(2995 3087 3088 2996)
4(3087 3179 3180 3088)
4(3179 3271 3272 3180)
4(3271 3363 3364 3272)
4(3363 3455 3456 3364)
4(3455 3547 3548 3456)
4(3547 3639 3640 3548)
4(3639 3731 3732 3640)
4(3731 3823 3824 3732)
4(3823 3915 3916 3824)
4(3915 4007 4008 3916)
4(4007 4099 4100 4008)
4(4099 4191 4192 4100)
4(4191 4283 4284 4192)
4(4283 4375 4376 4284)
4(4375 4467 4468 4376)
4(1892 1984 1985 1893)
4(1984 2076 2077 1985)
4(2076 2168 2169 2077)
4(2168 2260 2261 2169)
4(2260 2352 2353 2261)
4(2352 2444 2445 2353)
4(2444 2536 2537 2445)
4(2536 2628 2629 2537)
4(2628 2720 2721 2629)
4(2720 2812 2813 2721)
4(2812 2904 2905 2813)
4(2904 2996 2997 2905)
4(2996 3088 3089 2997)
4(3088 3180 3181 3089)
4(3180 3272 3273 3181)
4(3272 3364 3365 3273)
4(3364 3456 3457 3365)
4(3456 3548 3549 3457)
4(3548 3640 3641 3549)
4(3640 3732 3733 3641)
4(3732 3824 3825 3733)
4(3824 3916 3917 3825)
4(3916 4008 4009 3917)
4(4008 4100 4101 4009)
4(4100 4192 4193 4101)
4(4192 4284 4285 4193)
4(4284 4376 4377 4285)
4(4376 4468 4469 4377)
4(1893 1985 1986 1894)
4(1985 2077 2078 1986)
4(2077 2169 2170 2078)
4(2169 2261 2262 2170)
4(2261 2353 2354 2262)
4(2353 2445 2446 2354)
4(2445 2537 2538 2446)
4(2537 2629 2630 2538)
4(2629 2721 2722 2630)
4(2721 2813 2814 2722)
4(2813 2905 2906 2814)
4(2905 2997 2998 2906)
4(2997 3089 3090 2998)
4(3089 3181 3182 3090)
4(3181 3273 3274 3182)
4(3273 3365 3366 3274)
4(3365 3457 3458 3366)
4(3457 3549 3550 3458)
4(3549 3641 3642 3550)
4(3641 3733 3734 3642)
4(3733 3825 3826 3734)
4(3825 3917 3918 3826)
4(3917 4009 4010 3918)
4(4009 4101 4102 4010)
4(4101 4193 4194 4102)
4(4193 4285 4286 4194)
4(4285 4377 4378 4286)
4(4377 4469 4470 4378)
4(1894 1986 1987 1895)
4(1986 2078 2079 1987)
4(2078 2170 2171 2079)
4(2170 2262 2263 2171)
4(2262 2354 2355 2263)
4(2354 2446 2447 2355)
4(2446 2538 2539 2447)
4(2538 2630 2631 2539)
4(2630 2722 2723 2631)
4(2722 2814 2815 2723)
4(2814 2906 2907 2815)
4(2906 2998 2999 2907)
4(2998 3090 3091 2999)
4(3090 3182 3183 3091)
4(3182 3274 3275 3183)
4(3274 3366 3367 3275)
4(3366 3458 3459 3367)
4(3458 3550 3551 3459)
4(3550 3642 3643 3551)
4(3642 3734 3735 3643)
4(3734 3826 3827 3735)
4(3826 3918 3919 3827)
4(3918 4010 4011 3919)
4(4010 4102 4103 4011)
4(4102 4194 4195 4103)
4(4194 4286 4287 4195)
4(4286 4378 4379 4287)
4(4378 4470 4471 4379)
4(1895 1987 1988 1896)
4(1987 2079 2080 1988)
4(2079 2171 2172 2080)
4(2171 2263 2264 2172)
4(2263 2355 2356 2264)
4(2355 2447 2448 2356)
4(2447 2539 2540 2448)
4(2539 2631 2632 2540)
4(2631 2723 2724 2632)
4(2723 2815 2816 2724)
4(2815 2907 2908 2816)
4(2907 2999 3000 2908)
4(2999 3091 3092 3000)
4(3091 3183 3184 3092)
4(3183 3275 3276 3184)
4(3275 3367 3368 3276)
4(3367 3459 3460 3368)
4(3459 3551 3552 3460)
4(3551 3643 3644 3552)
4(3643 3735 3736 3644)
4(3735 3827 3828 3736)
4(3827 3919 3920 3828)
4(3919 4011 4012 3920)
4(4011 4103 4104 4012)
4(4103 4195 4196 4104)
4(4195 4287 4288 4196)
4(4287 4379 4380 4288)
4(4379 4471 4472 4380)
4(1896 1988 1989 1897)
4(1988 2080 2081 1989)
4(2080 2172 2173 2081)
4(2172 2264 2265 2173)
4(2264 2356 2357 2265)
4(2356 2448 2449 2357)
4(2448 2540 2541 2449)
4(2540 2632 2633 2541)
4(2632 2724 2725 2633)
4(2724 2816 2817 2725)
4(2816 2908 2909 2817)
4(2908 3000 3001 2909)
4(3000 3092 3093 3001)
4(3092 3184 3185 3093)
4(3184 3276 3277 3185)
4(3276 3368 3369 3277)
4(3368 3460 3461 3369)
4(3460 3552 3553 3461)
4(3552 3644 3645 3553)
4(3644 3736 3737 3645)
4(3736 3828 3829 3737)
4(3828 3920 3921 3829)
4(3920 4012 4013 3921)
4(4012 4104 4105 4013)
4(4104 4196 4197 4105)
4(4196 4288 4289 4197)
4(4288 4380 4381 4289)
4(4380 4472 4473 4381)
4(1897 1989 1990 1898)
4(1989 2081 2082 1990)
4(2081 2173 2174 2082)
4(2173 2265 2266 2174)
4(2265 2357 2358 2266)
4(2357 2449 2450 2358)
4(2449 2541 2542 2450)
4(2541 2633 2634 2542)
4(2633 2725 2726 2634)
4(2725 2817 2818 2726)
4(2817 2909 2910 2818)
4(2909 3001 3002 2910)
4(3001 3093 3094 3002)
4(3093 3185 3186 3094)
4(3185 3277 3278 3186)
4(3277 3369 3370 3278)
4(3369 3461 3462 3370)
4(3461 3553 3554 3462)
4(3553 3645 3646 3554)
4(3645 3737 3738 3646)
4(3737 3829 3830 3738)
4(3829 3921 3922 3830)
4(3921 4013 4014 3922)
4(4013 4105 4106 4014)
4(4105 4197 4198 4106)
4(4197 4289 4290 4198)
4(4289 4381 4382 4290)
4(4381 4473 4474 4382)
4(1898 1990 1991 1899)
4(1990 2082 2083 1991)
4(2082 2174 2175 2083)
4(2174 2266 2267 2175)
4(2266 2358 2359 2267)
4(2358 2450 2451 2359)
4(2450 2542 2543 2451)
4(2542 2634 2635 2543)
4(2634 2726 2727 2635)
4(2726 2818 2819 2727)
4(2818 2910 2911 2819)
4(2910 3002 3003 2911)
4(3002 3094 3095 3003)
4(3094 3186 3187 3095)
4(3186 3278 3279 3187)
4(3278 3370 3371 3279)
4(3370 3462 3463 3371)
4(3462 3554 3555 3463)
4(3554 3646 3647 3555)
4(3646 3738 3739 3647)
4(3738 3830 3831 3739)
4(3830 3922 3923 3831)
4(3922 4014 4015 3923)
4(4014 4106 4107 4015)
4(4106 4198 4199 4107)
4(4198 4290 4291 4199)
4(4290 4382 4383 4291)
4(4382 4474 4475 4383)
4(1899 1991 1992 1900)
4(1991 2083 2084 1992)
4(2083 2175 2176 2084)
4(2175 2267 2268 2176)
4(2267 2359 2360 2268)
4(2359 2451 2452 2360)
4(2451 2543 2544 2452)
4(2543 2635 2636 2544)
4(2635 2727 2728 2636)
4(2727 2819 2820 2728)
4(2819 2911 2912 2820)
4(2911 3003 3004 2912)
4(3003 3095 3096 3004)
4(3095 3187 3188 3096)
4(3187 3279 3280 3188)
4(3279 3371 3372 3280)
4(3371 3463 3464 3372)
4(3463 3555 3556 3464)
4(3555 3647 3648 3556)
4(3647 3739 3740 3648)
4(3739 3831 3832 3740)
4(3831 3923 3924 3832)
4(3923 4015 4016 3924)
4(4015 4107 4108 4016)
4(4107 4199 4200 4108)
4(4199 4291 4292 4200)
4(4291 4383 4384 4292)
4(4383 4475 4476 4384)
4(1900 1992 1993 1901)
4(1992 2084 2085 1993)
4(2084 2176 2177 2085)
4(2176 2268 2269 2177)
4(2268 2360 2361 2269)
4(2360 2452 2453 2361)
4(2452 2544 2545 2453)
4(2544 2636 2637 2545)
4(2636 2728 2729 2637)
4(2728 2820 2821 2729)
4(2820 2912 2913 2821)
4(2912 3004 3005 2913)
4(3004 3096 3097 3005)
4(3096 3188 3189 3097)
4(3188 3280 3281 3189)
4(3280 3372 3373 3281)
4(3372 3464 3465 3373)
4(3464 3556 3557 3465)
4(3556 3648 3649 3557)
4(3648 3740 3741 3649)
4(3740 3832 3833 3741)
4(3832 3924 3925 3833)
4(3924 4016 4017 3925)
4(4016 4108 4109 4017)
4(4108 4200 4201 4109)
4(4200 4292 4293 4201)
4(4292 4384 4385 4293)
4(4384 4476 4477 4385)
4(1901 1993 1994 1902)
4(1993 2085 2086 1994)
4(2085 2177 2178 2086)
4(2177 2269 2270 2178)
4(2269 2361 2362 2270)
4(2361 2453 2454 2362)
4(2453 2545 2546 2454)
4(2545 2637 2638 2546)
4(2637 2729 2730 2638)
4(2729 2821 2822 2730)
4(2821 2913 2914 2822)
4(2913 3005 3006 2914)
4(3005 3097 3098 3006)
4(3097 3189 3190 3098)
4(3189 3281 3282 3190)
4(3281 3373 3374 3282)
4(3373 3465 3466 3374)
4(3465 3557 3558 3466)
4(3557 3649 3650 3558)
4(3649 3741 3742 3650)
4(3741 3833 3834 3742)
4(3833 3925 3926 3834)
4(3925 4017 4018 3926)
4(4017 4109 4110 4018)
4(4109 4201 4202 4110)
4(4201 4293 4294 4202)
4(4293 4385 4386 4294)
4(4385 4477 4478 4386)
4(1902 1994 1995 1903)
4(1994 2086 2087 1995)
4(2086 2178 2179 2087)
4(2178 2270 2271 2179)
4(2270 2362 2363 2271)
4(2362 2454 2455 2363)
4(2454 2546 2547 2455)
4(2546 2638 2639 2547)
4(2638 2730 2731 2639)
4(2730 2822 2823 2731)
4(2822 2914 2915 2823)
4(2914 3006 3007 2915)
4(3006 3098 3099 3007)
4(3098 3190 3191 3099)
4(3190 3282 3283 3191)
4(3282 3374 3375 3283)
4(3374 3466 3467 3375)
4(3466 3558 3559 3467)
4(3558 3650 3651 3559)
4(3650 3742 3743 3651)
4(3742 3834 3835 3743)
4(3834 3926 3927 3835)
4(3926 4018 4019 3927)
4(4018 4110 4111 4019)
4(4110 4202 4203 4111)
4(4202 4294 4295 4203)
4(4294 4386 4387 4295)
4(4386 4478 4479 4387)
4(1903 1995 1996 1904)
4(1995 2087 2088 1996)
4(2087 2179 2180 2088)
4(2179 2271 2272 2180)
4(2271 2363 2364 2272)
4(2363 2455 2456 2364)
4(2455 2547 2548 2456)
4(2547 2639 2640 2548)
4(2639 2731 2732 2640)
4(2731 2823 2824 2732)
4(2823 2915 2916 2824)
4(2915 3007 3008 2916)
4(3007 3099 3100 3008)
4(3099 3191 3192 3100)
4(3191 3283 3284 3192)
4(3283 3375 3376 3284)
4(3375 3467 3468 3376)
4(3467 3559 3560 3468)
4(3559 3651 3652 3560)
4(3651 3743 3744 3652)
4(3743 3835 3836 3744)
4(3835 3927 3928 3836)
4(3927 4019 4020 3928)
4(4019 4111 4112 4020)
4(4111 4203 4204 4112)
4(4203 4295 4296 4204)
4(4295 4387 4388 4296)
4(4387 4479 4480 4388)
4(1904 1996 1997 1905)
4(1996 2088 2089 1997)
4(2088 2180 2181 2089)
4(2180 2272 2273 2181)
4(2272 2364 2365 2273)
4(2364 2456 2457 2365)
4(2456 2548 2549 2457)
4(2548 2640 2641 2549)
4(2640 2732 2733 2641)
4(2732 2824 2825 2733)
4(2824 2916 2917 2825)
4(2916 3008 3009 2917)
4(3008 3100 3101 3009)
4(3100 3192 3193 3101)
4(3192 3284 3285 3193)
4(3284 3376 3377 3285)
4(3376 3468 3469 3377)
4(3468 3560 3561 3469)
4(3560 3652 3653 3561)
4(3652 3744 3745 3653)
4(3744 3836 3837 3745)
4(3836 3928 3929 3837)
4(3928 4020 4021 3929)
4(4020 4112 4113 4021)
4(4112 4204 4205 4113)
4(4204 4296 4297 4205)
4(4296 4388 4389 4297)
4(4388 4480 4481 4389)
4(1905 1997 1998 1906)
4(1997 2089 2090 1998)
4(2089 2181 2182 2090)
4(2181 2273 2274 2182)
4(2273 2365 2366 2274)
4(2365 2457 2458 2366)
4(2457 2549 2550 2458)
4(2549 2641 2642 2550)
4(2641 2733 2734 2642)
4(2733 2825 2826 2734)
4(2825 2917 2918 2826)
4(2917 3009 3010 2918)
4(3009 3101 3102 3010)
4(3101 3193 3194 3102)
4(3193 3285 3286 3194)
4(3285 3377 3378 3286)
4(3377 3469 3470 3378)
4(3469 3561 3562 3470)
4(3561 3653 3654 3562)
4(3653 3745 3746 3654)
4(3745 3837 3838 3746)
4(3837 3929 3930 3838)
4(3929 4021 4022 3930)
4(4021 4113 4114 4022)
4(4113 4205 4206 4114)
4(4205 4297 4298 4206)
4(4297 4389 4390 4298)
4(4389 4481 4482 4390)
4(1906 1998 1999 1907)
4(1998 2090 2091 1999)
4(2090 2182 2183 2091)
4(2182 2274 2275 2183)
4(2274 2366 2367 2275)
4(2366 2458 2459 2367)
4(2458 2550 2551 2459)
4(2550 2642 2643 2551)
4(2642 2734 2735 2643)
4(2734 2826 2827 2735)
4(2826 2918 2919 2827)
4(2918 3010 3011 2919)
4(3010 3102 3103 3011)
4(3102 3194 3195 3103)
4(3194 3286 3287 3195)
4(3286 3378 3379 3287)
4(3378 3470 3471 3379)
4(3470 3562 3563 3471)
4(3562 3654 3655 3563)
4(3654 3746 3747 3655)
4(3746 3838 3839 3747)
4(3838 3930 3931 3839)
4(3930 4022 4023 3931)
4(4022 4114 4115 4023)
4(4114 4206 4207 4115)
4(4206 4298 4299 4207)
4(4298 4390 4391 4299)
4(4390 4482 4483 4391)
4(1907 1999 2000 1908)
4(1999 2091 2092 2000)
4(2091 2183 2184 2092)
4(2183 2275 2276 2184)
4(2275 2367 2368 2276)
4(2367 2459 2460 2368)
4(2459 2551 2552 2460)
4(2551 2643 2644 2552)
4(2643 2735 2736 2644)
4(2735 2827 2828 2736)
4(2827 2919 2920 2828)
4(2919 3011 3012 2920)
4(3011 3103 3104 3012)
4(3103 3195 3196 3104)
4(3195 3287 3288 3196)
4(3287 3379 3380 3288)
4(3379 3471 3472 3380)
4(3471 3563 3564 3472)
4(3563 3655 3656 3564)
4(3655 3747 3748 3656)
4(3747 3839 3840 3748)
4(3839 3931 3932 3840)
4(3931 4023 4024 3932)
4(4023 4115 4116 4024)
4(4115 4207 4208 4116)
4(4207 4299 4300 4208)
4(4299 4391 4392 4300)
4(4391 4483 4484 4392)
4(1908 2000 2001 1909)
4(2000 2092 2093 2001)
4(2092 2184 2185 2093)
4(2184 2276 2277 2185)
4(2276 2368 2369 2277)
4(2368 2460 2461 2369)
4(2460 2552 2553 2461)
4(2552 2644 2645 2553)
4(2644 2736 2737 2645)
4(2736 2828 2829 2737)
4(2828 2920 2921 2829)
4(2920 3012 3013 2921)
4(3012 3104 3105 3013)
4(3104 3196 3197 3105)
4(3196 3288 3289 3197)
4(3288 3380 3381 3289)
4(3380 3472 3473 3381)
4(3472 3564 3565 3473)
4(3564 3656 3657 3565)
4(3656 3748 3749 3657)
4(3748 3840 3841 3749)
4(3840 3932 3933 3841)
4(3932 4024 4025 3933)
4(4024 4116 4117 4025)
4(4116 4208 4209 4117)
4(4208 4300 4301 4209)
4(4300 4392 4393 4301)
4(4392 4484 4485 4393)
4(1909 2001 2002 1910)
4(2001 2093 2094 2002)
4(2093 2185 2186 2094)
4(2185 2277 2278 2186)
4(2277 2369 2370 2278)
4(2369 2461 2462 2370)
4(2461 2553 2554 2462)
4(2553 2645 2646 2554)
4(2645 2737 2738 2646)
4(2737 2829 2830 2738)
4(2829 2921 2922 2830)
4(2921 3013 3014 2922)
4(3013 3105 3106 3014)
4(3105 3197 3198 3106)
4(3197 3289 3290 3198)
4(3289 3381 3382 3290)
4(3381 3473 3474 3382)
4(3473 3565 3566 3474)
4(3565 3657 3658 3566)
4(3657 3749 3750 3658)
4(3749 3841 3842 3750)
4(3841 3933 3934 3842)
4(3933 4025 4026 3934)
4(4025 4117 4118 4026)
4(4117 4209 4210 4118)
4(4209 4301 4302 4210)
4(4301 4393 4394 4302)
4(4393 4485 4486 4394)
4(1910 2002 2003 1911)
4(2002 2094 2095 2003)
4(2094 2186 2187 2095)
4(2186 2278 2279 2187)
4(2278 2370 2371 2279)
4(2370 2462 2463 2371)
4(2462 2554 2555 2463)
4(2554 2646 2647 2555)
4(2646 2738 2739 2647)
4(2738 2830 2831 2739)
4(2830 2922 2923 2831)
4(2922 3014 3015 2923)
4(3014 3106 3107 3015)
4(3106 3198 3199 3107)
4(3198 3290 3291 3199)
4(3290 3382 3383 3291)
4(3382 3474 3475 3383)
4(3474 3566 3567 3475)
4(3566 3658 3659 3567)
4(3658 3750 3751 3659)
4(3750 3842 3843 3751)
4(3842 3934 3935 3843)
4(3934 4026 4027 3935)
4(4026 4118 4119 4027)
4(4118 4210 4211 4119)
4(4210 4302 4303 4211)
4(4302 4394 4395 4303)
4(4394 4486 4487 4395)
4(1911 2003 2004 1912)
4(2003 2095 2096 2004)
4(2095 2187 2188 2096)
4(2187 2279 2280 2188)
4(2279 2371 2372 2280)
4(2371 2463 2464 2372)
4(2463 2555 2556 2464)
4(2555 2647 2648 2556)
4(2647 2739 2740 2648)
4(2739 2831 2832 2740)
4(2831 2923 2924 2832)
4(2923 3015 3016 2924)
4(3015 3107 3108 3016)
4(3107 3199 3200 3108)
4(3199 3291 3292 3200)
4(3291 3383 3384 3292)
4(3383 3475 3476 3384)
4(3475 3567 3568 3476)
4(3567 3659 3660 3568)
4(3659 3751 3752 3660)
4(3751 3843 3844 3752)
4(3843 3935 3936 3844)
4(3935 4027 4028 3936)
4(4027 4119 4120 4028)
4(4119 4211 4212 4120)
4(4211 4303 4304 4212)
4(4303 4395 4396 4304)
4(4395 4487 4488 4396)
4(1912 2004 2005 1913)
4(2004 2096 2097 2005)
4(2096 2188 2189 2097)
4(2188 2280 2281 2189)
4(2280 2372 2373 2281)
4(2372 2464 2465 2373)
4(2464 2556 2557 2465)
4(2556 2648 2649 2557)
4(2648 2740 2741 2649)
4(2740 2832 2833 2741)
4(2832 2924 2925 2833)
4(2924 3016 3017 2925)
4(3016 3108 3109 3017)
4(3108 3200 3201 3109)
4(3200 3292 3293 3201)
4(3292 3384 3385 3293)
4(3384 3476 3477 3385)
4(3476 3568 3569 3477)
4(3568 3660 3661 3569)
4(3660 3752 3753 3661)
4(3752 3844 3845 3753)
4(3844 3936 3937 3845)
4(3936 4028 4029 3937)
4(4028 4120 4121 4029)
4(4120 4212 4213 4121)
4(4212 4304 4305 4213)
4(4304 4396 4397 4305)
4(4396 4488 4489 4397)
4(1913 2005 2006 1914)
4(2005 2097 2098 2006)
4(2097 2189 2190 2098)
4(2189 2281 2282 2190)
4(2281 2373 2374 2282)
4(2373 2465 2466 2374)
4(2465 2557 2558 2466)
4(2557 2649 2650 2558)
4(2649 2741 2742 2650)
4(2741 2833 2834 2742)
4(2833 2925 2926 2834)
4(2925 3017 3018 2926)
4(3017 3109 3110 3018)
4(3109 3201 3202 3110)
4(3201 3293 3294 3202)
4(3293 3385 3386 3294)
4(3385 3477 3478 3386)
4(3477 3569 3570 3478)
4(3569 3661 3662 3570)
4(3661 3753 3754 3662)
4(3753 3845 3846 3754)
4(3845 3937 3938 3846)
4(3937 4029 4030 3938)
4(4029 4121 4122 4030)
4(4121 4213 4214 4122)
4(4213 4305 4306 4214)
4(4305 4397 4398 4306)
4(4397 4489 4490 4398)
4(1914 2006 2007 1915)
4(2006 2098 2099 2007)
4(2098 2190 2191 2099)
4(2190 2282 2283 2191)
4(2282 2374 2375 2283)
4(2374 2466 2467 2375)
4(2466 2558 2559 2467)
4(2558 2650 2651 2559)
4(2650 2742 2743 2651)
4(2742 2834 2835 2743)
4(2834 2926 2927 2835)
4(2926 3018 3019 2927)
4(3018 3110 3111 3019)
4(3110 3202 3203 3111)
4(3202 3294 3295 3203)
4(3294 3386 3387 3295)
4(3386 3478 3479 3387)
4(3478 3570 3571 3479)
4(3570 3662 3663 3571)
4(3662 3754 3755 3663)
4(3754 3846 3847 3755)
4(3846 3938 3939 3847)
4(3938 4030 4031 3939)
4(4030 4122 4123 4031)
4(4122 4214 4215 4123)
4(4214 4306 4307 4215)
4(4306 4398 4399 4307)
4(4398 4490 4491 4399)
4(1915 2007 2008 1916)
4(2007 2099 2100 2008)
4(2099 2191 2192 2100)
4(2191 2283 2284 2192)
4(2283 2375 2376 2284)
4(2375 2467 2468 2376)
4(2467 2559 2560 2468)
4(2559 2651 2652 2560)
4(2651 2743 2744 2652)
4(2743 2835 2836 2744)
4(2835 2927 2928 2836)
4(2927 3019 3020 2928)
4(3019 3111 3112 3020)
4(3111 3203 3204 3112)
4(3203 3295 3296 3204)
4(3295 3387 3388 3296)
4(3387 3479 3480 3388)
4(3479 3571 3572 3480)
4(3571 3663 3664 3572)
4(3663 3755 3756 3664)
4(3755 3847 3848 3756)
4(3847 3939 3940 3848)
4(3939 4031 4032 3940)
4(4031 4123 4124 4032)
4(4123 4215 4216 4124)
4(4215 4307 4308 4216)
4(4307 4399 4400 4308)
4(4399 4491 4492 4400)
4(1916 2008 2009 1917)
4(2008 2100 2101 2009)
4(2100 2192 2193 2101)
4(2192 2284 2285 2193)
4(2284 2376 2377 2285)
4(2376 2468 2469 2377)
4(2468 2560 2561 2469)
4(2560 2652 2653 2561)
4(2652 2744 2745 2653)
4(2744 2836 2837 2745)
4(2836 2928 2929 2837)
4(2928 3020 3021 2929)
4(3020 3112 3113 3021)
4(3112 3204 3205 3113)
4(3204 3296 3297 3205)
4(3296 3388 3389 3297)
4(3388 3480 3481 3389)
4(3480 3572 3573 3481)
4(3572 3664 3665 3573)
4(3664 3756 3757 3665)
4(3756 3848 3849 3757)
4(3848 3940 3941 3849)
4(3940 4032 4033 3941)
4(4032 4124 4125 4033)
4(4124 4216 4217 4125)
4(4216 4308 4309 4217)
4(4308 4400 4401 4309)
4(4400 4492 4493 4401)
4(1917 2009 2010 1918)
4(2009 2101 2102 2010)
4(2101 2193 2194 2102)
4(2193 2285 2286 2194)
4(2285 2377 2378 2286)
4(2377 2469 2470 2378)
4(2469 2561 2562 2470)
4(2561 2653 2654 2562)
4(2653 2745 2746 2654)
4(2745 2837 2838 2746)
4(2837 2929 2930 2838)
4(2929 3021 3022 2930)
4(3021 3113 3114 3022)
4(3113 3205 3206 3114)
4(3205 3297 3298 3206)
4(3297 3389 3390 3298)
4(3389 3481 3482 3390)
4(3481 3573 3574 3482)
4(3573 3665 3666 3574)
4(3665 3757 3758 3666)
4(3757 3849 3850 3758)
4(3849 3941 3942 3850)
4(3941 4033 4034 3942)
4(4033 4125 4126 4034)
4(4125 4217 4218 4126)
4(4217 4309 4310 4218)
4(4309 4401 4402 4310)
4(4401 4493 4494 4402)
4(1918 2010 2011 1919)
4(2010 2102 2103 2011)
4(2102 2194 2195 2103)
4(2194 2286 2287 2195)
4(2286 2378 2379 2287)
4(2378 2470 2471 2379)
4(2470 2562 2563 2471)
4(2562 2654 2655 2563)
4(2654 2746 2747 2655)
4(2746 2838 2839 2747)
4(2838 2930 2931 2839)
4(2930 3022 3023 2931)
4(3022 3114 3115 3023)
4(3114 3206 3207 3115)
4(3206 3298 3299 3207)
4(3298 3390 3391 3299)
4(3390 3482 3483 3391)
4(3482 3574 3575 3483)
4(3574 3666 3667 3575)
4(3666 3758 3759 3667)
4(3758 3850 3851 3759)
4(3850 3942 3943 3851)
4(3942 4034 4035 3943)
4(4034 4126 4127 4035)
4(4126 4218 4219 4127)
4(4218 4310 4311 4219)
4(4310 4402 4403 4311)
4(4402 4494 4495 4403)
4(1919 2011 2012 1920)
4(2011 2103 2104 2012)
4(2103 2195 2196 2104)
4(2195 2287 2288 2196)
4(2287 2379 2380 2288)
4(2379 2471 2472 2380)
4(2471 2563 2564 2472)
4(2563 2655 2656 2564)
4(2655 2747 2748 2656)
4(2747 2839 2840 2748)
4(2839 2931 2932 2840)
4(2931 3023 3024 2932)
4(3023 3115 3116 3024)
4(3115 3207 3208 3116)
4(3207 3299 3300 3208)
4(3299 3391 3392 3300)
4(3391 3483 3484 3392)
4(3483 3575 3576 3484)
4(3575 3667 3668 3576)
4(3667 3759 3760 3668)
4(3759 3851 3852 3760)
4(3851 3943 3944 3852)
4(3943 4035 4036 3944)
4(4035 4127 4128 4036)
4(4127 4219 4220 4128)
4(4219 4311 4312 4220)
4(4311 4403 4404 4312)
4(4403 4495 4496 4404)
4(1920 2012 2013 1921)
4(2012 2104 2105 2013)
4(2104 2196 2197 2105)
4(2196 2288 2289 2197)
4(2288 2380 2381 2289)
4(2380 2472 2473 2381)
4(2472 2564 2565 2473)
4(2564 2656 2657 2565)
4(2656 2748 2749 2657)
4(2748 2840 2841 2749)
4(2840 2932 2933 2841)
4(2932 3024 3025 2933)
4(3024 3116 3117 3025)
4(3116 3208 3209 3117)
4(3208 3300 3301 3209)
4(3300 3392 3393 3301)
4(3392 3484 3485 3393)
4(3484 3576 3577 3485)
4(3576 3668 3669 3577)
4(3668 3760 3761 3669)
4(3760 3852 3853 3761)
4(3852 3944 3945 3853)
4(3944 4036 4037 3945)
4(4036 4128 4129 4037)
4(4128 4220 4221 4129)
4(4220 4312 4313 4221)
4(4312 4404 4405 4313)
4(4404 4496 4497 4405)
4(1921 2013 2014 1922)
4(2013 2105 2106 2014)
4(2105 2197 2198 2106)
4(2197 2289 2290 2198)
4(2289 2381 2382 2290)
4(2381 2473 2474 2382)
4(2473 2565 2566 2474)
4(2565 2657 2658 2566)
4(2657 2749 2750 2658)
4(2749 2841 2842 2750)
4(2841 2933 2934 2842)
4(2933 3025 3026 2934)
4(3025 3117 3118 3026)
4(3117 3209 3210 3118)
4(3209 3301 3302 3210)
4(3301 3393 3394 3302)
4(3393 3485 3486 3394)
4(3485 3577 3578 3486)
4(3577 3669 3670 3578)
4(3669 3761 3762 3670)
4(3761 3853 3854 3762)
4(3853 3945 3946 3854)
4(3945 4037 4038 3946)
4(4037 4129 4130 4038)
4(4129 4221 4222 4130)
4(4221 4313 4314 4222)
4(4313 4405 4406 4314)
4(4405 4497 4498 4406)
4(1922 2014 2015 1923)
4(2014 2106 2107 2015)
4(2106 2198 2199 2107)
4(2198 2290 2291 2199)
4(2290 2382 2383 2291)
4(2382 2474 2475 2383)
4(2474 2566 2567 2475)
4(2566 2658 2659 2567)
4(2658 2750 2751 2659)
4(2750 2842 2843 2751)
4(2842 2934 2935 2843)
4(2934 3026 3027 2935)
4(3026 3118 3119 3027)
4(3118 3210 3211 3119)
4(3210 3302 3303 3211)
4(3302 3394 3395 3303)
4(3394 3486 3487 3395)
4(3486 3578 3579 3487)
4(3578 3670 3671 3579)
4(3670 3762 3763 3671)
4(3762 3854 3855 3763)
4(3854 3946 3947 3855)
4(3946 4038 4039 3947)
4(4038 4130 4131 4039)
4(4130 4222 4223 4131)
4(4222 4314 4315 4223)
4(4314 4406 4407 4315)
4(4406 4498 4499 4407)
4(1923 2015 2016 1924)
4(2015 2107 2108 2016)
4(2107 2199 2200 2108)
4(2199 2291 2292 2200)
4(2291 2383 2384 2292)
4(2383 2475 2476 2384)
4(2475 2567 2568 2476)
4(2567 2659 2660 2568)
4(2659 2751 2752 2660)
4(2751 2843 2844 2752)
4(2843 2935 2936 2844)
4(2935 3027 3028 2936)
4(3027 3119 3120 3028)
4(3119 3211 3212 3120)
4(3211 3303 3304 3212)
4(3303 3395 3396 3304)
4(3395 3487 3488 3396)
4(3487 3579 3580 3488)
4(3579 3671 3672 3580)
4(3671 3763 3764 3672)
4(3763 3855 3856 3764)
4(3855 3947 3948 3856)
4(3947 4039 4040 3948)
4(4039 4131 4132 4040)
4(4131 4223 4224 4132)
4(4223 4315 4316 4224)
4(4315 4407 4408 4316)
4(4407 4499 4500 4408)
4(1924 2016 2017 1925)
4(2016 2108 2109 2017)
4(2108 2200 2201 2109)
4(2200 2292 2293 2201)
4(2292 2384 2385 2293)
4(2384 2476 2477 2385)
4(2476 2568 2569 2477)
4(2568 2660 2661 2569)
4(2660 2752 2753 2661)
4(2752 2844 2845 2753)
4(2844 2936 2937 2845)
4(2936 3028 3029 2937)
4(3028 3120 3121 3029)
4(3120 3212 3213 3121)
4(3212 3304 3305 3213)
4(3304 3396 3397 3305)
4(3396 3488 3489 3397)
4(3488 3580 3581 3489)
4(3580 3672 3673 3581)
4(3672 3764 3765 3673)
4(3764 3856 3857 3765)
4(3856 3948 3949 3857)
4(3948 4040 4041 3949)
4(4040 4132 4133 4041)
4(4132 4224 4225 4133)
4(4224 4316 4317 4225)
4(4316 4408 4409 4317)
4(4408 4500 4501 4409)
4(1925 2017 2018 1926)
4(2017 2109 2110 2018)
4(2109 2201 2202 2110)
4(2201 2293 2294 2202)
4(2293 2385 2386 2294)
4(2385 2477 2478 2386)
4(2477 2569 2570 2478)
4(2569 2661 2662 2570)
4(2661 2753 2754 2662)
4(2753 2845 2846 2754)
4(2845 2937 2938 2846)
4(2937 3029 3030 2938)
4(3029 3121 3122 3030)
4(3121 3213 3214 3122)
4(3213 3305 3306 3214)
4(3305 3397 3398 3306)
4(3397 3489 3490 3398)
4(3489 3581 3582 3490)
4(3581 3673 3674 3582)
4(3673 3765 3766 3674)
4(3765 3857 3858 3766)
4(3857 3949 3950 3858)
4(3949 4041 4042 3950)
4(4041 4133 4134 4042)
4(4133 4225 4226 4134)
4(4225 4317 4318 4226)
4(4317 4409 4410 4318)
4(4409 4501 4502 4410)
4(1926 2018 2019 1927)
4(2018 2110 2111 2019)
4(2110 2202 2203 2111)
4(2202 2294 2295 2203)
4(2294 2386 2387 2295)
4(2386 2478 2479 2387)
4(2478 2570 2571 2479)
4(2570 2662 2663 2571)
4(2662 2754 2755 2663)
4(2754 2846 2847 2755)
4(2846 2938 2939 2847)
4(2938 3030 3031 2939)
4(3030 3122 3123 3031)
4(3122 3214 3215 3123)
4(3214 3306 3307 3215)
4(3306 3398 3399 3307)
4(3398 3490 3491 3399)
4(3490 3582 3583 3491)
4(3582 3674 3675 3583)
4(3674 3766 3767 3675)
4(3766 3858 3859 3767)
4(3858 3950 3951 3859)
4(3950 4042 4043 3951)
4(4042 4134 4135 4043)
4(4134 4226 4227 4135)
4(4226 4318 4319 4227)
4(4318 4410 4411 4319)
4(4410 4502 4503 4411)
4(1927 2019 2020 1928)
4(2019 2111 2112 2020)
4(2111 2203 2204 2112)
4(2203 2295 2296 2204)
4(2295 2387 2388 2296)
4(2387 2479 2480 2388)
4(2479 2571 2572 2480)
4(2571 2663 2664 2572)
4(2663 2755 2756 2664)
4(2755 2847 2848 2756)
4(2847 2939 2940 2848)
4(2939 3031 3032 2940)
4(3031 3123 3124 3032)
4(3123 3215 3216 3124)
4(3215 3307 3308 3216)
4(3307 3399 3400 3308)
4(3399 3491 3492 3400)
4(3491 3583 3584 3492)
4(3583 3675 3676 3584)
4(3675 3767 3768 3676)
4(3767 3859 3860 3768)
4(3859 3951 3952 3860)
4(3951 4043 4044 3952)
4(4043 4135 4136 4044)
4(4135 4227 4228 4136)
4(4227 4319 4320 4228)
4(4319 4411 4412 4320)
4(4411 4503 4504 4412)
4(1928 2020 2021 1929)
4(2020 2112 2113 2021)
4(2112 2204 2205 2113)
4(2204 2296 2297 2205)
4(2296 2388 2389 2297)
4(2388 2480 2481 2389)
4(2480 2572 2573 2481)
4(2572 2664 2665 2573)
4(2664 2756 2757 2665)
4(2756 2848 2849 2757)
4(2848 2940 2941 2849)
4(2940 3032 3033 2941)
4(3032 3124 3125 3033)
4(3124 3216 3217 3125)
4(3216 3308 3309 3217)
4(3308 3400 3401 3309)
4(3400 3492 3493 3401)
4(3492 3584 3585 3493)
4(3584 3676 3677 3585)
4(3676 3768 3769 3677)
4(3768 3860 3861 3769)
4(3860 3952 3953 3861)
4(3952 4044 4045 3953)
4(4044 4136 4137 4045)
4(4136 4228 4229 4137)
4(4228 4320 4321 4229)
4(4320 4412 4413 4321)
4(4412 4504 4505 4413)
4(1929 2021 2022 1930)
4(2021 2113 2114 2022)
4(2113 2205 2206 2114)
4(2205 2297 2298 2206)
4(2297 2389 2390 2298)
4(2389 2481 2482 2390)
4(2481 2573 2574 2482)
4(2573 2665 2666 2574)
4(2665 2757 2758 2666)
4(2757 2849 2850 2758)
4(2849 2941 2942 2850)
4(2941 3033 3034 2942)
4(3033 3125 3126 3034)
4(3125 3217 3218 3126)
4(3217 3309 3310 3218)
4(3309 3401 3402 3310)
4(3401 3493 3494 3402)
4(3493 3585 3586 3494)
4(3585 3677 3678 3586)
4(3677 3769 3770 3678)
4(3769 3861 3862 3770)
4(3861 3953 3954 3862)
4(3953 4045 4046 3954)
4(4045 4137 4138 4046)
4(4137 4229 4230 4138)
4(4229 4321 4322 4230)
4(4321 4413 4414 4322)
4(4413 4505 4506 4414)
4(1930 2022 2023 1931)
4(2022 2114 2115 2023)
4(2114 2206 2207 2115)
4(2206 2298 2299 2207)
4(2298 2390 2391 2299)
4(2390 2482 2483 2391)
4(2482 2574 2575 2483)
4(2574 2666 2667 2575)
4(2666 2758 2759 2667)
4(2758 2850 2851 2759)
4(2850 2942 2943 2851)
4(2942 3034 3035 2943)
4(3034 3126 3127 3035)
4(3126 3218 3219 3127)
4(3218 3310 3311 3219)
4(3310 3402 3403 3311)
4(3402 3494 3495 3403)
4(3494 3586 3587 3495)
4(3586 3678 3679 3587)
4(3678 3770 3771 3679)
4(3770 3862 3863 3771)
4(3862 3954 3955 3863)
4(3954 4046 4047 3955)
4(4046 4138 4139 4047)
4(4138 4230 4231 4139)
4(4230 4322 4323 4231)
4(4322 4414 4415 4323)
4(4414 4506 4507 4415)
4(1931 2023 2024 1932)
4(2023 2115 2116 2024)
4(2115 2207 2208 2116)
4(2207 2299 2300 2208)
4(2299 2391 2392 2300)
4(2391 2483 2484 2392)
4(2483 2575 2576 2484)
4(2575 2667 2668 2576)
4(2667 2759 2760 2668)
4(2759 2851 2852 2760)
4(2851 2943 2944 2852)
4(2943 3035 3036 2944)
4(3035 3127 3128 3036)
4(3127 3219 3220 3128)
4(3219 3311 3312 3220)
4(3311 3403 3404 3312)
4(3403 3495 3496 3404)
4(3495 3587 3588 3496)
4(3587 3679 3680 3588)
4(3679 3771 3772 3680)
4(3771 3863 3864 3772)
4(3863 3955 3956 3864)
4(3955 4047 4048 3956)
4(4047 4139 4140 4048)
4(4139 4231 4232 4140)
4(4231 4323 4324 4232)
4(4323 4415 4416 4324)
4(4415 4507 4508 4416)
4(1932 2024 2025 1933)
4(2024 2116 2117 2025)
4(2116 2208 2209 2117)
4(2208 2300 2301 2209)
4(2300 2392 2393 2301)
4(2392 2484 2485 2393)
4(2484 2576 2577 2485)
4(2576 2668 2669 2577)
4(2668 2760 2761 2669)
4(2760 2852 2853 2761)
4(2852 2944 2945 2853)
4(2944 3036 3037 2945)
4(3036 3128 3129 3037)
4(3128 3220 3221 3129)
4(3220 3312 3313 3221)
4(3312 3404 3405 3313)
4(3404 3496 3497 3405)
4(3496 3588 3589 3497)
4(3588 3680 3681 3589)
4(3680 3772 3773 3681)
4(3772 3864 3865 3773)
4(3864 3956 3957 3865)
4(3956 4048 4049 3957)
4(4048 4140 4141 4049)
4(4140 4232 4233 4141)
4(4232 4324 4325 4233)
4(4324 4416 4417 4325)
4(4416 4508 4509 4417)
4(1933 2025 2026 1934)
4(2025 2117 2118 2026)
4(2117 2209 2210 2118)
4(2209 2301 2302 2210)
4(2301 2393 2394 2302)
4(2393 2485 2486 2394)
4(2485 2577 2578 2486)
4(2577 2669 2670 2578)
4(2669 2761 2762 2670)
4(2761 2853 2854 2762)
4(2853 2945 2946 2854)
4(2945 3037 3038 2946)
4(3037 3129 3130 3038)
4(3129 3221 3222 3130)
4(3221 3313 3314 3222)
4(3313 3405 3406 3314)
4(3405 3497 3498 3406)
4(3497 3589 3590 3498)
4(3589 3681 3682 3590)
4(3681 3773 3774 3682)
4(3773 3865 3866 3774)
4(3865 3957 3958 3866)
4(3957 4049 4050 3958)
4(4049 4141 4142 4050)
4(4141 4233 4234 4142)
4(4233 4325 4326 4234)
4(4325 4417 4418 4326)
4(4417 4509 4510 4418)
4(1934 2026 2027 1935)
4(2026 2118 2119 2027)
4(2118 2210 2211 2119)
4(2210 2302 2303 2211)
4(2302 2394 2395 2303)
4(2394 2486 2487 2395)
4(2486 2578 2579 2487)
4(2578 2670 2671 2579)
4(2670 2762 2763 2671)
4(2762 2854 2855 2763)
4(2854 2946 2947 2855)
4(2946 3038 3039 2947)
4(3038 3130 3131 3039)
4(3130 3222 3223 3131)
4(3222 3314 3315 3223)
4(3314 3406 3407 3315)
4(3406 3498 3499 3407)
4(3498 3590 3591 3499)
4(3590 3682 3683 3591)
4(3682 3774 3775 3683)
4(3774 3866 3867 3775)
4(3866 3958 3959 3867)
4(3958 4050 4051 3959)
4(4050 4142 4143 4051)
4(4142 4234 4235 4143)
4(4234 4326 4327 4235)
4(4326 4418 4419 4327)
4(4418 4510 4511 4419)
4(1935 2027 2028 1936)
4(2027 2119 2120 2028)
4(2119 2211 2212 2120)
4(2211 2303 2304 2212)
4(2303 2395 2396 2304)
4(2395 2487 2488 2396)
4(2487 2579 2580 2488)
4(2579 2671 2672 2580)
4(2671 2763 2764 2672)
4(2763 2855 2856 2764)
4(2855 2947 2948 2856)
4(2947 3039 3040 2948)
4(3039 3131 3132 3040)
4(3131 3223 3224 3132)
4(3223 3315 3316 3224)
4(3315 3407 3408 3316)
4(3407 3499 3500 3408)
4(3499 3591 3592 3500)
4(3591 3683 3684 3592)
4(3683 3775 3776 3684)
4(3775 3867 3868 3776)
4(3867 3959 3960 3868)
4(3959 4051 4052 3960)
4(4051 4143 4144 4052)
4(4143 4235 4236 4144)
4(4235 4327 4328 4236)
4(4327 4419 4420 4328)
4(4419 4511 4512 4420)
4(1936 2028 2029 1937)
4(2028 2120 2121 2029)
4(2120 2212 2213 2121)
4(2212 2304 2305 2213)
4(2304 2396 2397 2305)
4(2396 2488 2489 2397)
4(2488 2580 2581 2489)
4(2580 2672 2673 2581)
4(2672 2764 2765 2673)
4(2764 2856 2857 2765)
4(2856 2948 2949 2857)
4(2948 3040 3041 2949)
4(3040 3132 3133 3041)
4(3132 3224 3225 3133)
4(3224 3316 3317 3225)
4(3316 3408 3409 3317)
4(3408 3500 3501 3409)
4(3500 3592 3593 3501)
4(3592 3684 3685 3593)
4(3684 3776 3777 3685)
4(3776 3868 3869 3777)
4(3868 3960 3961 3869)
4(3960 4052 4053 3961)
4(4052 4144 4145 4053)
4(4144 4236 4237 4145)
4(4236 4328 4329 4237)
4(4328 4420 4421 4329)
4(4420 4512 4513 4421)
4(1937 2029 2030 1938)
4(2029 2121 2122 2030)
4(2121 2213 2214 2122)
4(2213 2305 2306 2214)
4(2305 2397 2398 2306)
4(2397 2489 2490 2398)
4(2489 2581 2582 2490)
4(2581 2673 2674 2582)
4(2673 2765 2766 2674)
4(2765 2857 2858 2766)
4(2857 2949 2950 2858)
4(2949 3041 3042 2950)
4(3041 3133 3134 3042)
4(3133 3225 3226 3134)
4(3225 3317 3318 3226)
4(3317 3409 3410 3318)
4(3409 3501 3502 3410)
4(3501 3593 3594 3502)
4(3593 3685 3686 3594)
4(3685 3777 3778 3686)
4(3777 3869 3870 3778)
4(3869 3961 3962 3870)
4(3961 4053 4054 3962)
4(4053 4145 4146 4054)
4(4145 4237 4238 4146)
4(4237 4329 4330 4238)
4(4329 4421 4422 4330)
4(4421 4513 4514 4422)
4(1938 2030 2031 1939)
4(2030 2122 2123 2031)
4(2122 2214 2215 2123)
4(2214 2306 2307 2215)
4(2306 2398 2399 2307)
4(2398 2490 2491 2399)
4(2490 2582 2583 2491)
4(2582 2674 2675 2583)
4(2674 2766 2767 2675)
4(2766 2858 2859 2767)
4(2858 2950 2951 2859)
4(2950 3042 3043 2951)
4(3042 3134 3135 3043)
4(3134 3226 3227 3135)
4(3226 3318 3319 3227)
4(3318 3410 3411 3319)
4(3410 3502 3503 3411)
4(3502 3594 3595 3503)
4(3594 3686 3687 3595)
4(3686 3778 3779 3687)
4(3778 3870 3871 3779)
4(3870 3962 3963 3871)
4(3962 4054 4055 3963)
4(4054 4146 4147 4055)
4(4146 4238 4239 4147)
4(4238 4330 4331 4239)
4(4330 4422 4423 4331)
4(4422 4514 4515 4423)
4(1939 2031 2032 1940)
4(2031 2123 2124 2032)
4(2123 2215 2216 2124)
4(2215 2307 2308 2216)
4(2307 2399 2400 2308)
4(2399 2491 2492 2400)
4(2491 2583 2584 2492)
4(2583 2675 2676 2584)
4(2675 2767 2768 2676)
4(2767 2859 2860 2768)
4(2859 2951 2952 2860)
4(2951 3043 3044 2952)
4(3043 3135 3136 3044)
4(3135 3227 3228 3136)
4(3227 3319 3320 3228)
4(3319 3411 3412 3320)
4(3411 3503 3504 3412)
4(3503 3595 3596 3504)
4(3595 3687 3688 3596)
4(3687 3779 3780 3688)
4(3779 3871 3872 3780)
4(3871 3963 3964 3872)
4(3963 4055 4056 3964)
4(4055 4147 4148 4056)
4(4147 4239 4240 4148)
4(4239 4331 4332 4240)
4(4331 4423 4424 4332)
4(4423 4515 4516 4424)
4(1940 2032 2033 1941)
4(2032 2124 2125 2033)
4(2124 2216 2217 2125)
4(2216 2308 2309 2217)
4(2308 2400 2401 2309)
4(2400 2492 2493 2401)
4(2492 2584 2585 2493)
4(2584 2676 2677 2585)
4(2676 2768 2769 2677)
4(2768 2860 2861 2769)
4(2860 2952 2953 2861)
4(2952 3044 3045 2953)
4(3044 3136 3137 3045)
4(3136 3228 3229 3137)
4(3228 3320 3321 3229)
4(3320 3412 3413 3321)
4(3412 3504 3505 3413)
4(3504 3596 3597 3505)
4(3596 3688 3689 3597)
4(3688 3780 3781 3689)
4(3780 3872 3873 3781)
4(3872 3964 3965 3873)
4(3964 4056 4057 3965)
4(4056 4148 4149 4057)
4(4148 4240 4241 4149)
4(4240 4332 4333 4241)
4(4332 4424 4425 4333)
4(4424 4516 4517 4425)
4(1941 2033 2034 1942)
4(2033 2125 2126 2034)
4(2125 2217 2218 2126)
4(2217 2309 2310 2218)
4(2309 2401 2402 2310)
4(2401 2493 2494 2402)
4(2493 2585 2586 2494)
4(2585 2677 2678 2586)
4(2677 2769 2770 2678)
4(2769 2861 2862 2770)
4(2861 2953 2954 2862)
4(2953 3045 3046 2954)
4(3045 3137 3138 3046)
4(3137 3229 3230 3138)
4(3229 3321 3322 3230)
4(3321 3413 3414 3322)
4(3413 3505 3506 3414)
4(3505 3597 3598 3506)
4(3597 3689 3690 3598)
4(3689 3781 3782 3690)
4(3781 3873 3874 3782)
4(3873 3965 3966 3874)
4(3965 4057 4058 3966)
4(4057 4149 4150 4058)
4(4149 4241 4242 4150)
4(4241 4333 4334 4242)
4(4333 4425 4426 4334)
4(4425 4517 4518 4426)
4(1942 2034 2035 1943)
4(2034 2126 2127 2035)
4(2126 2218 2219 2127)
4(2218 2310 2311 2219)
4(2310 2402 2403 2311)
4(2402 2494 2495 2403)
4(2494 2586 2587 2495)
4(2586 2678 2679 2587)
4(2678 2770 2771 2679)
4(2770 2862 2863 2771)
4(2862 2954 2955 2863)
4(2954 3046 3047 2955)
4(3046 3138 3139 3047)
4(3138 3230 3231 3139)
4(3230 3322 3323 3231)
4(3322 3414 3415 3323)
4(3414 3506 3507 3415)
4(3506 3598 3599 3507)
4(3598 3690 3691 3599)
4(3690 3782 3783 3691)
4(3782 3874 3875 3783)
4(3874 3966 3967 3875)
4(3966 4058 4059 3967)
4(4058 4150 4151 4059)
4(4150 4242 4243 4151)
4(4242 4334 4335 4243)
4(4334 4426 4427 4335)
4(4426 4518 4519 4427)
4(1943 2035 2036 1944)
4(2035 2127 2128 2036)
4(2127 2219 2220 2128)
4(2219 2311 2312 2220)
4(2311 2403 2404 2312)
4(2403 2495 2496 2404)
4(2495 2587 2588 2496)
4(2587 2679 2680 2588)
4(2679 2771 2772 2680)
4(2771 2863 2864 2772)
4(2863 2955 2956 2864)
4(2955 3047 3048 2956)
4(3047 3139 3140 3048)
4(3139 3231 3232 3140)
4(3231 3323 3324 3232)
4(3323 3415 3416 3324)
4(3415 3507 3508 3416)
4(3507 3599 3600 3508)
4(3599 3691 3692 3600)
4(3691 3783 3784 3692)
4(3783 3875 3876 3784)
4(3875 3967 3968 3876)
4(3967 4059 4060 3968)
4(4059 4151 4152 4060)
4(4151 4243 4244 4152)
4(4243 4335 4336 4244)
4(4335 4427 4428 4336)
4(4427 4519 4520 4428)
4(1944 2036 2037 1945)
4(2036 2128 2129 2037)
4(2128 2220 2221 2129)
4(2220 2312 2313 2221)
4(2312 2404 2405 2313)
4(2404 2496 2497 2405)
4(2496 2588 2589 2497)
4(2588 2680 2681 2589)
4(2680 2772 2773 2681)
4(2772 2864 2865 2773)
4(2864 2956 2957 2865)
4(2956 3048 3049 2957)
4(3048 3140 3141 3049)
4(3140 3232 3233 3141)
4(3232 3324 3325 3233)
4(3324 3416 3417 3325)
4(3416 3508 3509 3417)
4(3508 3600 3601 3509)
4(3600 3692 3693 3601)
4(3692 3784 3785 3693)
4(3784 3876 3877 3785)
4(3876 3968 3969 3877)
4(3968 4060 4061 3969)
4(4060 4152 4153 4061)
4(4152 4244 4245 4153)
4(4244 4336 4337 4245)
4(4336 4428 4429 4337)
4(4428 4520 4521 4429)
4(1945 2037 2038 1946)
4(2037 2129 2130 2038)
4(2129 2221 2222 2130)
4(2221 2313 2314 2222)
4(2313 2405 2406 2314)
4(2405 2497 2498 2406)
4(2497 2589 2590 2498)
4(2589 2681 2682 2590)
4(2681 2773 2774 2682)
4(2773 2865 2866 2774)
4(2865 2957 2958 2866)
4(2957 3049 3050 2958)
4(3049 3141 3142 3050)
4(3141 3233 3234 3142)
4(3233 3325 3326 3234)
4(3325 3417 3418 3326)
4(3417 3509 3510 3418)
4(3509 3601 3602 3510)
4(3601 3693 3694 3602)
4(3693 3785 3786 3694)
4(3785 3877 3878 3786)
4(3877 3969 3970 3878)
4(3969 4061 4062 3970)
4(4061 4153 4154 4062)
4(4153 4245 4246 4154)
4(4245 4337 4338 4246)
4(4337 4429 4430 4338)
4(4429 4521 4522 4430)
4(1946 2038 2039 1947)
4(2038 2130 2131 2039)
4(2130 2222 2223 2131)
4(2222 2314 2315 2223)
4(2314 2406 2407 2315)
4(2406 2498 2499 2407)
4(2498 2590 2591 2499)
4(2590 2682 2683 2591)
4(2682 2774 2775 2683)
4(2774 2866 2867 2775)
4(2866 2958 2959 2867)
4(2958 3050 3051 2959)
4(3050 3142 3143 3051)
4(3142 3234 3235 3143)
4(3234 3326 3327 3235)
4(3326 3418 3419 3327)
4(3418 3510 3511 3419)
4(3510 3602 3603 3511)
4(3602 3694 3695 3603)
4(3694 3786 3787 3695)
4(3786 3878 3879 3787)
4(3878 3970 3971 3879)
4(3970 4062 4063 3971)
4(4062 4154 4155 4063)
4(4154 4246 4247 4155)
4(4246 4338 4339 4247)
4(4338 4430 4431 4339)
4(4430 4522 4523 4431)
4(1947 2039 2040 1948)
4(2039 2131 2132 2040)
4(2131 2223 2224 2132)
4(2223 2315 2316 2224)
4(2315 2407 2408 2316)
4(2407 2499 2500 2408)
4(2499 2591 2592 2500)
4(2591 2683 2684 2592)
4(2683 2775 2776 2684)
4(2775 2867 2868 2776)
4(2867 2959 2960 2868)
4(2959 3051 3052 2960)
4(3051 3143 3144 3052)
4(3143 3235 3236 3144)
4(3235 3327 3328 3236)
4(3327 3419 3420 3328)
4(3419 3511 3512 3420)
4(3511 3603 3604 3512)
4(3603 3695 3696 3604)
4(3695 3787 3788 3696)
4(3787 3879 3880 3788)
4(3879 3971 3972 3880)
4(3971 4063 4064 3972)
4(4063 4155 4156 4064)
4(4155 4247 4248 4156)
4(4247 4339 4340 4248)
4(4339 4431 4432 4340)
4(4431 4523 4524 4432)
4(1948 2040 2041 1949)
4(2040 2132 2133 2041)
4(2132 2224 2225 2133)
4(2224 2316 2317 2225)
4(2316 2408 2409 2317)
4(2408 2500 2501 2409)
4(2500 2592 2593 2501)
4(2592 2684 2685 2593)
4(2684 2776 2777 2685)
4(2776 2868 2869 2777)
4(2868 2960 2961 2869)
4(2960 3052 3053 2961)
4(3052 3144 3145 3053)
4(3144 3236 3237 3145)
4(3236 3328 3329 3237)
4(3328 3420 3421 3329)
4(3420 3512 3513 3421)
4(3512 3604 3605 3513)
4(3604 3696 3697 3605)
4(3696 3788 3789 3697)
4(3788 3880 3881 3789)
4(3880 3972 3973 3881)
4(3972 4064 4065 3973)
4(4064 4156 4157 4065)
4(4156 4248 4249 4157)
4(4248 4340 4341 4249)
4(4340 4432 4433 4341)
4(4432 4524 4525 4433)
4(1949 2041 2042 1950)
4(2041 2133 2134 2042)
4(2133 2225 2226 2134)
4(2225 2317 2318 2226)
4(2317 2409 2410 2318)
4(2409 2501 2502 2410)
4(2501 2593 2594 2502)
4(2593 2685 2686 2594)
4(2685 2777 2778 2686)
4(2777 2869 2870 2778)
4(2869 2961 2962 2870)
4(2961 3053 3054 2962)
4(3053 3145 3146 3054)
4(3145 3237 3238 3146)
4(3237 3329 3330 3238)
4(3329 3421 3422 3330)
4(3421 3513 3514 3422)
4(3513 3605 3606 3514)
4(3605 3697 3698 3606)
4(3697 3789 3790 3698)
4(3789 3881 3882 3790)
4(3881 3973 3974 3882)
4(3973 4065 4066 3974)
4(4065 4157 4158 4066)
4(4157 4249 4250 4158)
4(4249 4341 4342 4250)
4(4341 4433 4434 4342)
4(4433 4525 4526 4434)
4(1950 2042 2043 1951)
4(2042 2134 2135 2043)
4(2134 2226 2227 2135)
4(2226 2318 2319 2227)
4(2318 2410 2411 2319)
4(2410 2502 2503 2411)
4(2502 2594 2595 2503)
4(2594 2686 2687 2595)
4(2686 2778 2779 2687)
4(2778 2870 2871 2779)
4(2870 2962 2963 2871)
4(2962 3054 3055 2963)
4(3054 3146 3147 3055)
4(3146 3238 3239 3147)
4(3238 3330 3331 3239)
4(3330 3422 3423 3331)
4(3422 3514 3515 3423)
4(3514 3606 3607 3515)
4(3606 3698 3699 3607)
4(3698 3790 3791 3699)
4(3790 3882 3883 3791)
4(3882 3974 3975 3883)
4(3974 4066 4067 3975)
4(4066 4158 4159 4067)
4(4158 4250 4251 4159)
4(4250 4342 4343 4251)
4(4342 4434 4435 4343)
4(4434 4526 4527 4435)
4(1951 2043 2044 1952)
4(2043 2135 2136 2044)
4(2135 2227 2228 2136)
4(2227 2319 2320 2228)
4(2319 2411 2412 2320)
4(2411 2503 2504 2412)
4(2503 2595 2596 2504)
4(2595 2687 2688 2596)
4(2687 2779 2780 2688)
4(2779 2871 2872 2780)
4(2871 2963 2964 2872)
4(2963 3055 3056 2964)
4(3055 3147 3148 3056)
4(3147 3239 3240 3148)
4(3239 3331 3332 3240)
4(3331 3423 3424 3332)
4(3423 3515 3516 3424)
4(3515 3607 3608 3516)
4(3607 3699 3700 3608)
4(3699 3791 3792 3700)
4(3791 3883 3884 3792)
4(3883 3975 3976 3884)
4(3975 4067 4068 3976)
4(4067 4159 4160 4068)
4(4159 4251 4252 4160)
4(4251 4343 4344 4252)
4(4343 4435 4436 4344)
4(4435 4527 4528 4436)
4(1952 2044 2045 1953)
4(2044 2136 2137 2045)
4(2136 2228 2229 2137)
4(2228 2320 2321 2229)
4(2320 2412 2413 2321)
4(2412 2504 2505 2413)
4(2504 2596 2597 2505)
4(2596 2688 2689 2597)
4(2688 2780 2781 2689)
4(2780 2872 2873 2781)
4(2872 2964 2965 2873)
4(2964 3056 3057 2965)
4(3056 3148 3149 3057)
4(3148 3240 3241 3149)
4(3240 3332 3333 3241)
4(3332 3424 3425 3333)
4(3424 3516 3517 3425)
4(3516 3608 3609 3517)
4(3608 3700 3701 3609)
4(3700 3792 3793 3701)
4(3792 3884 3885 3793)
4(3884 3976 3977 3885)
4(3976 4068 4069 3977)
4(4068 4160 4161 4069)
4(4160 4252 4253 4161)
4(4252 4344 4345 4253)
4(4344 4436 4437 4345)
4(4436 4528 4529 4437)
4(1953 2045 2046 1954)
4(2045 2137 2138 2046)
4(2137 2229 2230 2138)
4(2229 2321 2322 2230)
4(2321 2413 2414 2322)
4(2413 2505 2506 2414)
4(2505 2597 2598 2506)
4(2597 2689 2690 2598)
4(2689 2781 2782 2690)
4(2781 2873 2874 2782)
4(2873 2965 2966 2874)
4(2965 3057 3058 2966)
4(3057 3149 3150 3058)
4(3149 3241 3242 3150)
4(3241 3333 3334 3242)
4(3333 3425 3426 3334)
4(3425 3517 3518 3426)
4(3517 3609 3610 3518)
4(3609 3701 3702 3610)
4(3701 3793 3794 3702)
4(3793 3885 3886 3794)
4(3885 3977 3978 3886)
4(3977 4069 4070 3978)
4(4069 4161 4162 4070)
4(4161 4253 4254 4162)
4(4253 4345 4346 4254)
4(4345 4437 4438 4346)
4(4437 4529 4530 4438)
4(1954 2046 2047 1955)
4(2046 2138 2139 2047)
4(2138 2230 2231 2139)
4(2230 2322 2323 2231)
4(2322 2414 2415 2323)
4(2414 2506 2507 2415)
4(2506 2598 2599 2507)
4(2598 2690 2691 2599)
4(2690 2782 2783 2691)
4(2782 2874 2875 2783)
4(2874 2966 2967 2875)
4(2966 3058 3059 2967)
4(3058 3150 3151 3059)
4(3150 3242 3243 3151)
4(3242 3334 3335 3243)
4(3334 3426 3427 3335)
4(3426 3518 3519 3427)
4(3518 3610 3611 3519)
4(3610 3702 3703 3611)
4(3702 3794 3795 3703)
4(3794 3886 3887 3795)
4(3886 3978 3979 3887)
4(3978 4070 4071 3979)
4(4070 4162 4163 4071)
4(4162 4254 4255 4163)
4(4254 4346 4347 4255)
4(4346 4438 4439 4347)
4(4438 4530 4531 4439)
4(1955 2047 2048 1956)
4(2047 2139 2140 2048)
4(2139 2231 2232 2140)
4(2231 2323 2324 2232)
4(2323 2415 2416 2324)
4(2415 2507 2508 2416)
4(2507 2599 2600 2508)
4(2599 2691 2692 2600)
4(2691 2783 2784 2692)
4(2783 2875 2876 2784)
4(2875 2967 2968 2876)
4(2967 3059 3060 2968)
4(3059 3151 3152 3060)
4(3151 3243 3244 3152)
4(3243 3335 3336 3244)
4(3335 3427 3428 3336)
4(3427 3519 3520 3428)
4(3519 3611 3612 3520)
4(3611 3703 3704 3612)
4(3703 3795 3796 3704)
4(3795 3887 3888 3796)
4(3887 3979 3980 3888)
4(3979 4071 4072 3980)
4(4071 4163 4164 4072)
4(4163 4255 4256 4164)
4(4255 4347 4348 4256)
4(4347 4439 4440 4348)
4(4439 4531 4532 4440)
4(1956 2048 2049 1957)
4(2048 2140 2141 2049)
4(2140 2232 2233 2141)
4(2232 2324 2325 2233)
4(2324 2416 2417 2325)
4(2416 2508 2509 2417)
4(2508 2600 2601 2509)
4(2600 2692 2693 2601)
4(2692 2784 2785 2693)
4(2784 2876 2877 2785)
4(2876 2968 2969 2877)
4(2968 3060 3061 2969)
4(3060 3152 3153 3061)
4(3152 3244 3245 3153)
4(3244 3336 3337 3245)
4(3336 3428 3429 3337)
4(3428 3520 3521 3429)
4(3520 3612 3613 3521)
4(3612 3704 3705 3613)
4(3704 3796 3797 3705)
4(3796 3888 3889 3797)
4(3888 3980 3981 3889)
4(3980 4072 4073 3981)
4(4072 4164 4165 4073)
4(4164 4256 4257 4165)
4(4256 4348 4349 4257)
4(4348 4440 4441 4349)
4(4440 4532 4533 4441)
4(1957 2049 2050 1958)
4(2049 2141 2142 2050)
4(2141 2233 2234 2142)
4(2233 2325 2326 2234)
4(2325 2417 2418 2326)
4(2417 2509 2510 2418)
4(2509 2601 2602 2510)
4(2601 2693 2694 2602)
4(2693 2785 2786 2694)
4(2785 2877 2878 2786)
4(2877 2969 2970 2878)
4(2969 3061 3062 2970)
4(3061 3153 3154 3062)
4(3153 3245 3246 3154)
4(3245 3337 3338 3246)
4(3337 3429 3430 3338)
4(3429 3521 3522 3430)
4(3521 3613 3614 3522)
4(3613 3705 3706 3614)
4(3705 3797 3798 3706)
4(3797 3889 3890 3798)
4(3889 3981 3982 3890)
4(3981 4073 4074 3982)
4(4073 4165 4166 4074)
4(4165 4257 4258 4166)
4(4257 4349 4350 4258)
4(4349 4441 4442 4350)
4(4441 4533 4534 4442)
4(1958 2050 2051 1959)
4(2050 2142 2143 2051)
4(2142 2234 2235 2143)
4(2234 2326 2327 2235)
4(2326 2418 2419 2327)
4(2418 2510 2511 2419)
4(2510 2602 2603 2511)
4(2602 2694 2695 2603)
4(2694 2786 2787 2695)
4(2786 2878 2879 2787)
4(2878 2970 2971 2879)
4(2970 3062 3063 2971)
4(3062 3154 3155 3063)
4(3154 3246 3247 3155)
4(3246 3338 3339 3247)
4(3338 3430 3431 3339)
4(3430 3522 3523 3431)
4(3522 3614 3615 3523)
4(3614 3706 3707 3615)
4(3706 3798 3799 3707)
4(3798 3890 3891 3799)
4(3890 3982 3983 3891)
4(3982 4074 4075 3983)
4(4074 4166 4167 4075)
4(4166 4258 4259 4167)
4(4258 4350 4351 4259)
4(4350 4442 4443 4351)
4(4442 4534 4535 4443)
4(1959 2051 2052 1960)
4(2051 2143 2144 2052)
4(2143 2235 2236 2144)
4(2235 2327 2328 2236)
4(2327 2419 2420 2328)
4(2419 2511 2512 2420)
4(2511 2603 2604 2512)
4(2603 2695 2696 2604)
4(2695 2787 2788 2696)
4(2787 2879 2880 2788)
4(2879 2971 2972 2880)
4(2971 3063 3064 2972)
4(3063 3155 3156 3064)
4(3155 3247 3248 3156)
4(3247 3339 3340 3248)
4(3339 3431 3432 3340)
4(3431 3523 3524 3432)
4(3523 3615 3616 3524)
4(3615 3707 3708 3616)
4(3707 3799 3800 3708)
4(3799 3891 3892 3800)
4(3891 3983 3984 3892)
4(3983 4075 4076 3984)
4(4075 4167 4168 4076)
4(4167 4259 4260 4168)
4(4259 4351 4352 4260)
4(4351 4443 4444 4352)
4(4443 4535 4536 4444)
4(1960 2052 2053 1961)
4(2052 2144 2145 2053)
4(2144 2236 2237 2145)
4(2236 2328 2329 2237)
4(2328 2420 2421 2329)
4(2420 2512 2513 2421)
4(2512 2604 2605 2513)
4(2604 2696 2697 2605)
4(2696 2788 2789 2697)
4(2788 2880 2881 2789)
4(2880 2972 2973 2881)
4(2972 3064 3065 2973)
4(3064 3156 3157 3065)
4(3156 3248 3249 3157)
4(3248 3340 3341 3249)
4(3340 3432 3433 3341)
4(3432 3524 3525 3433)
4(3524 3616 3617 3525)
4(3616 3708 3709 3617)
4(3708 3800 3801 3709)
4(3800 3892 3893 3801)
4(3892 3984 3985 3893)
4(3984 4076 4077 3985)
4(4076 4168 4169 4077)
4(4168 4260 4261 4169)
4(4260 4352 4353 4261)
4(4352 4444 4445 4353)
4(4444 4536 4537 4445)
4(1961 2053 2054 1962)
4(2053 2145 2146 2054)
4(2145 2237 2238 2146)
4(2237 2329 2330 2238)
4(2329 2421 2422 2330)
4(2421 2513 2514 2422)
4(2513 2605 2606 2514)
4(2605 2697 2698 2606)
4(2697 2789 2790 2698)
4(2789 2881 2882 2790)
4(2881 2973 2974 2882)
4(2973 3065 3066 2974)
4(3065 3157 3158 3066)
4(3157 3249 3250 3158)
4(3249 3341 3342 3250)
4(3341 3433 3434 3342)
4(3433 3525 3526 3434)
4(3525 3617 3618 3526)
4(3617 3709 3710 3618)
4(3709 3801 3802 3710)
4(3801 3893 3894 3802)
4(3893 3985 3986 3894)
4(3985 4077 4078 3986)
4(4077 4169 4170 4078)
4(4169 4261 4262 4170)
4(4261 4353 4354 4262)
4(4353 4445 4446 4354)
4(4445 4537 4538 4446)
4(1962 2054 2055 1963)
4(2054 2146 2147 2055)
4(2146 2238 2239 2147)
4(2238 2330 2331 2239)
4(2330 2422 2423 2331)
4(2422 2514 2515 2423)
4(2514 2606 2607 2515)
4(2606 2698 2699 2607)
4(2698 2790 2791 2699)
4(2790 2882 2883 2791)
4(2882 2974 2975 2883)
4(2974 3066 3067 2975)
4(3066 3158 3159 3067)
4(3158 3250 3251 3159)
4(3250 3342 3343 3251)
4(3342 3434 3435 3343)
4(3434 3526 3527 3435)
4(3526 3618 3619 3527)
4(3618 3710 3711 3619)
4(3710 3802 3803 3711)
4(3802 3894 3895 3803)
4(3894 3986 3987 3895)
4(3986 4078 4079 3987)
4(4078 4170 4171 4079)
4(4170 4262 4263 4171)
4(4262 4354 4355 4263)
4(4354 4446 4447 4355)
4(4446 4538 4539 4447)
4(1963 2055 2056 1964)
4(2055 2147 2148 2056)
4(2147 2239 2240 2148)
4(2239 2331 2332 2240)
4(2331 2423 2424 2332)
4(2423 2515 2516 2424)
4(2515 2607 2608 2516)
4(2607 2699 2700 2608)
4(2699 2791 2792 2700)
4(2791 2883 2884 2792)
4(2883 2975 2976 2884)
4(2975 3067 3068 2976)
4(3067 3159 3160 3068)
4(3159 3251 3252 3160)
4(3251 3343 3344 3252)
4(3343 3435 3436 3344)
4(3435 3527 3528 3436)
4(3527 3619 3620 3528)
4(3619 3711 3712 3620)
4(3711 3803 3804 3712)
4(3803 3895 3896 3804)
4(3895 3987 3988 3896)
4(3987 4079 4080 3988)
4(4079 4171 4172 4080)
4(4171 4263 4264 4172)
4(4263 4355 4356 4264)
4(4355 4447 4448 4356)
4(4447 4539 4540 4448)
4(1964 2056 2057 1965)
4(2056 2148 2149 2057)
4(2148 2240 2241 2149)
4(2240 2332 2333 2241)
4(2332 2424 2425 2333)
4(2424 2516 2517 2425)
4(2516 2608 2609 2517)
4(2608 2700 2701 2609)
4(2700 2792 2793 2701)
4(2792 2884 2885 2793)
4(2884 2976 2977 2885)
4(2976 3068 3069 2977)
4(3068 3160 3161 3069)
4(3160 3252 3253 3161)
4(3252 3344 3345 3253)
4(3344 3436 3437 3345)
4(3436 3528 3529 3437)
4(3528 3620 3621 3529)
4(3620 3712 3713 3621)
4(3712 3804 3805 3713)
4(3804 3896 3897 3805)
4(3896 3988 3989 3897)
4(3988 4080 4081 3989)
4(4080 4172 4173 4081)
4(4172 4264 4265 4173)
4(4264 4356 4357 4265)
4(4356 4448 4449 4357)
4(4448 4540 4541 4449)
4(1965 2057 2058 1966)
4(2057 2149 2150 2058)
4(2149 2241 2242 2150)
4(2241 2333 2334 2242)
4(2333 2425 2426 2334)
4(2425 2517 2518 2426)
4(2517 2609 2610 2518)
4(2609 2701 2702 2610)
4(2701 2793 2794 2702)
4(2793 2885 2886 2794)
4(2885 2977 2978 2886)
4(2977 3069 3070 2978)
4(3069 3161 3162 3070)
4(3161 3253 3254 3162)
4(3253 3345 3346 3254)
4(3345 3437 3438 3346)
4(3437 3529 3530 3438)
4(3529 3621 3622 3530)
4(3621 3713 3714 3622)
4(3713 3805 3806 3714)
4(3805 3897 3898 3806)
4(3897 3989 3990 3898)
4(3989 4081 4082 3990)
4(4081 4173 4174 4082)
4(4173 4265 4266 4174)
4(4265 4357 4358 4266)
4(4357 4449 4450 4358)
4(4449 4541 4542 4450)
4(1966 2058 2059 1967)
4(2058 2150 2151 2059)
4(2150 2242 2243 2151)
4(2242 2334 2335 2243)
4(2334 2426 2427 2335)
4(2426 2518 2519 2427)
4(2518 2610 2611 2519)
4(2610 2702 2703 2611)
4(2702 2794 2795 2703)
4(2794 2886 2887 2795)
4(2886 2978 2979 2887)
4(2978 3070 3071 2979)
4(3070 3162 3163 3071)
4(3162 3254 3255 3163)
4(3254 3346 3347 3255)
4(3346 3438 3439 3347)
4(3438 3530 3531 3439)
4(3530 3622 3623 3531)
4(3622 3714 3715 3623)
4(3714 3806 3807 3715)
4(3806 3898 3899 3807)
4(3898 3990 3991 3899)
4(3990 4082 4083 3991)
4(4082 4174 4175 4083)
4(4174 4266 4267 4175)
4(4266 4358 4359 4267)
4(4358 4450 4451 4359)
4(4450 4542 4543 4451)
4(1967 2059 2060 1968)
4(2059 2151 2152 2060)
4(2151 2243 2244 2152)
4(2243 2335 2336 2244)
4(2335 2427 2428 2336)
4(2427 2519 2520 2428)
4(2519 2611 2612 2520)
4(2611 2703 2704 2612)
4(2703 2795 2796 2704)
4(2795 2887 2888 2796)
4(2887 2979 2980 2888)
4(2979 3071 3072 2980)
4(3071 3163 3164 3072)
4(3163 3255 3256 3164)
4(3255 3347 3348 3256)
4(3347 3439 3440 3348)
4(3439 3531 3532 3440)
4(3531 3623 3624 3532)
4(3623 3715 3716 3624)
4(3715 3807 3808 3716)
4(3807 3899 3900 3808)
4(3899 3991 3992 3900)
4(3991 4083 4084 3992)
4(4083 4175 4176 4084)
4(4175 4267 4268 4176)
4(4267 4359 4360 4268)
4(4359 4451 4452 4360)
4(4451 4543 4544 4452)
4(1968 2060 2061 1969)
4(2060 2152 2153 2061)
4(2152 2244 2245 2153)
4(2244 2336 2337 2245)
4(2336 2428 2429 2337)
4(2428 2520 2521 2429)
4(2520 2612 2613 2521)
4(2612 2704 2705 2613)
4(2704 2796 2797 2705)
4(2796 2888 2889 2797)
4(2888 2980 2981 2889)
4(2980 3072 3073 2981)
4(3072 3164 3165 3073)
4(3164 3256 3257 3165)
4(3256 3348 3349 3257)
4(3348 3440 3441 3349)
4(3440 3532 3533 3441)
4(3532 3624 3625 3533)
4(3624 3716 3717 3625)
4(3716 3808 3809 3717)
4(3808 3900 3901 3809)
4(3900 3992 3993 3901)
4(3992 4084 4085 3993)
4(4084 4176 4177 4085)
4(4176 4268 4269 4177)
4(4268 4360 4361 4269)
4(4360 4452 4453 4361)
4(4452 4544 4545 4453)
4(1969 2061 2062 1970)
4(2061 2153 2154 2062)
4(2153 2245 2246 2154)
4(2245 2337 2338 2246)
4(2337 2429 2430 2338)
4(2429 2521 2522 2430)
4(2521 2613 2614 2522)
4(2613 2705 2706 2614)
4(2705 2797 2798 2706)
4(2797 2889 2890 2798)
4(2889 2981 2982 2890)
4(2981 3073 3074 2982)
4(3073 3165 3166 3074)
4(3165 3257 3258 3166)
4(3257 3349 3350 3258)
4(3349 3441 3442 3350)
4(3441 3533 3534 3442)
4(3533 3625 3626 3534)
4(3625 3717 3718 3626)
4(3717 3809 3810 3718)
4(3809 3901 3902 3810)
4(3901 3993 3994 3902)
4(3993 4085 4086 3994)
4(4085 4177 4178 4086)
4(4177 4269 4270 4178)
4(4269 4361 4362 4270)
4(4361 4453 4454 4362)
4(4453 4545 4546 4454)
4(1970 2062 2063 1971)
4(2062 2154 2155 2063)
4(2154 2246 2247 2155)
4(2246 2338 2339 2247)
4(2338 2430 2431 2339)
4(2430 2522 2523 2431)
4(2522 2614 2615 2523)
4(2614 2706 2707 2615)
4(2706 2798 2799 2707)
4(2798 2890 2891 2799)
4(2890 2982 2983 2891)
4(2982 3074 3075 2983)
4(3074 3166 3167 3075)
4(3166 3258 3259 3167)
4(3258 3350 3351 3259)
4(3350 3442 3443 3351)
4(3442 3534 3535 3443)
4(3534 3626 3627 3535)
4(3626 3718 3719 3627)
4(3718 3810 3811 3719)
4(3810 3902 3903 3811)
4(3902 3994 3995 3903)
4(3994 4086 4087 3995)
4(4086 4178 4179 4087)
4(4178 4270 4271 4179)
4(4270 4362 4363 4271)
4(4362 4454 4455 4363)
4(4454 4546 4547 4455)
4(1971 2063 2064 1972)
4(2063 2155 2156 2064)
4(2155 2247 2248 2156)
4(2247 2339 2340 2248)
4(2339 2431 2432 2340)
4(2431 2523 2524 2432)
4(2523 2615 2616 2524)
4(2615 2707 2708 2616)
4(2707 2799 2800 2708)
4(2799 2891 2892 2800)
4(2891 2983 2984 2892)
4(2983 3075 3076 2984)
4(3075 3167 3168 3076)
4(3167 3259 3260 3168)
4(3259 3351 3352 3260)
4(3351 3443 3444 3352)
4(3443 3535 3536 3444)
4(3535 3627 3628 3536)
4(3627 3719 3720 3628)
4(3719 3811 3812 3720)
4(3811 3903 3904 3812)
4(3903 3995 3996 3904)
4(3995 4087 4088 3996)
4(4087 4179 4180 4088)
4(4179 4271 4272 4180)
4(4271 4363 4364 4272)
4(4363 4455 4456 4364)
4(4455 4547 4548 4456)
4(1972 2064 7165 7125)
4(2064 2156 7205 7165)
4(2156 2248 7245 7205)
4(2248 2340 7285 7245)
4(2340 2432 7325 7285)
4(2432 2524 7365 7325)
4(2524 2616 7405 7365)
4(2616 2708 7445 7405)
4(2708 2800 7485 7445)
4(2800 2892 7525 7485)
4(2892 2984 7565 7525)
4(2984 3076 7605 7565)
4(3076 3168 7645 7605)
4(3168 3260 7685 7645)
4(3260 3352 7725 7685)
4(3352 3444 7765 7725)
4(3444 3536 7805 7765)
4(3536 3628 7845 7805)
4(3628 3720 7885 7845)
4(3720 3812 7925 7885)
4(3812 3904 7965 7925)
4(3904 3996 8005 7965)
4(3996 4088 8045 8005)
4(4088 4180 8085 8045)
4(4180 4272 8125 8085)
4(4272 4364 8165 8125)
4(4364 4456 8205 8165)
4(4456 4548 8245 8205)
4(7125 7165 7166 7126)
4(7165 7205 7206 7166)
4(7205 7245 7246 7206)
4(7245 7285 7286 7246)
4(7285 7325 7326 7286)
4(7325 7365 7366 7326)
4(7365 7405 7406 7366)
4(7405 7445 7446 7406)
4(7445 7485 7486 7446)
4(7485 7525 7526 7486)
4(7525 7565 7566 7526)
4(7565 7605 7606 7566)
4(7605 7645 7646 7606)
4(7645 7685 7686 7646)
4(7685 7725 7726 7686)
4(7725 7765 7766 7726)
4(7765 7805 7806 7766)
4(7805 7845 7846 7806)
4(7845 7885 7886 7846)
4(7885 7925 7926 7886)
4(7925 7965 7966 7926)
4(7965 8005 8006 7966)
4(8005 8045 8046 8006)
4(8045 8085 8086 8046)
4(8085 8125 8126 8086)
4(8125 8165 8166 8126)
4(8165 8205 8206 8166)
4(8205 8245 8246 8206)
4(7126 7166 7167 7127)
4(7166 7206 7207 7167)
4(7206 7246 7247 7207)
4(7246 7286 7287 7247)
4(7286 7326 7327 7287)
4(7326 7366 7367 7327)
4(7366 7406 7407 7367)
4(7406 7446 7447 7407)
4(7446 7486 7487 7447)
4(7486 7526 7527 7487)
4(7526 7566 7567 7527)
4(7566 7606 7607 7567)
4(7606 7646 7647 7607)
4(7646 7686 7687 7647)
4(7686 7726 7727 7687)
4(7726 7766 7767 7727)
4(7766 7806 7807 7767)
4(7806 7846 7847 7807)
4(7846 7886 7887 7847)
4(7886 7926 7927 7887)
4(7926 7966 7967 7927)
4(7966 8006 8007 7967)
4(8006 8046 8047 8007)
4(8046 8086 8087 8047)
4(8086 8126 8127 8087)
4(8126 8166 8167 8127)
4(8166 8206 8207 8167)
4(8206 8246 8247 8207)
4(7127 7167 7168 7128)
4(7167 7207 7208 7168)
4(7207 7247 7248 7208)
4(7247 7287 7288 7248)
4(7287 7327 7328 7288)
4(7327 7367 7368 7328)
4(7367 7407 7408 7368)
4(7407 7447 7448 7408)
4(7447 7487 7488 7448)
4(7487 7527 7528 7488)
4(7527 7567 7568 7528)
4(7567 7607 7608 7568)
4(7607 7647 7648 7608)
4(7647 7687 7688 7648)
4(7687 7727 7728 7688)
4(7727 7767 7768 7728)
4(7767 7807 7808 7768)
4(7807 7847 7848 7808)
4(7847 7887 7888 7848)
4(7887 7927 7928 7888)
4(7927 7967 7968 7928)
4(7967 8007 8008 7968)
4(8007 8047 8048 8008)
4(8047 8087 8088 8048)
4(8087 8127 8128 8088)
4(8127 8167 8168 8128)
4(8167 8207 8208 8168)
4(8207 8247 8248 8208)
4(7128 7168 7169 7129)
4(7168 7208 7209 7169)
4(7208 7248 7249 7209)
4(7248 7288 7289 7249)
4(7288 7328 7329 7289)
4(7328 7368 7369 7329)
4(7368 7408 7409 7369)
4(7408 7448 7449 7409)
4(7448 7488 7489 7449)
4(7488 7528 7529 7489)
4(7528 7568 7569 7529)
4(7568 7608 7609 7569)
4(7608 7648 7649 7609)
4(7648 7688 7689 7649)
4(7688 7728 7729 7689)
4(7728 7768 7769 7729)
4(7768 7808 7809 7769)
4(7808 7848 7849 7809)
4(7848 7888 7889 7849)
4(7888 7928 7929 7889)
4(7928 7968 7969 7929)
4(7968 8008 8009 7969)
4(8008 8048 8049 8009)
4(8048 8088 8089 8049)
4(8088 8128 8129 8089)
4(8128 8168 8169 8129)
4(8168 8208 8209 8169)
4(8208 8248 8249 8209)
4(7129 7169 7170 7130)
4(7169 7209 7210 7170)
4(7209 7249 7250 7210)
4(7249 7289 7290 7250)
4(7289 7329 7330 7290)
4(7329 7369 7370 7330)
4(7369 7409 7410 7370)
4(7409 7449 7450 7410)
4(7449 7489 7490 7450)
4(7489 7529 7530 7490)
4(7529 7569 7570 7530)
4(7569 7609 7610 7570)
4(7609 7649 7650 7610)
4(7649 7689 7690 7650)
4(7689 7729 7730 7690)
4(7729 7769 7770 7730)
4(7769 7809 7810 7770)
4(7809 7849 7850 7810)
4(7849 7889 7890 7850)
4(7889 7929 7930 7890)
4(7929 7969 7970 7930)
4(7969 8009 8010 7970)
4(8009 8049 8050 8010)
4(8049 8089 8090 8050)
4(8089 8129 8130 8090)
4(8129 8169 8170 8130)
4(8169 8209 8210 8170)
4(8209 8249 8250 8210)
4(7130 7170 7171 7131)
4(7170 7210 7211 7171)
4(7210 7250 7251 7211)
4(7250 7290 7291 7251)
4(7290 7330 7331 7291)
4(7330 7370 7371 7331)
4(7370 7410 7411 7371)
4(7410 7450 7451 7411)
4(7450 7490 7491 7451)
4(7490 7530 7531 7491)
4(7530 7570 7571 7531)
4(7570 7610 7611 7571)
4(7610 7650 7651 7611)
4(7650 7690 7691 7651)
4(7690 7730 7731 7691)
4(7730 7770 7771 7731)
4(7770 7810 7811 7771)
4(7810 7850 7851 7811)
4(7850 7890 7891 7851)
4(7890 7930 7931 7891)
4(7930 7970 7971 7931)
4(7970 8010 8011 7971)
4(8010 8050 8051 8011)
4(8050 8090 8091 8051)
4(8090 8130 8131 8091)
4(8130 8170 8171 8131)
4(8170 8210 8211 8171)
4(8210 8250 8251 8211)
4(7131 7171 7172 7132)
4(7171 7211 7212 7172)
4(7211 7251 7252 7212)
4(7251 7291 7292 7252)
4(7291 7331 7332 7292)
4(7331 7371 7372 7332)
4(7371 7411 7412 7372)
4(7411 7451 7452 7412)
4(7451 7491 7492 7452)
4(7491 7531 7532 7492)
4(7531 7571 7572 7532)
4(7571 7611 7612 7572)
4(7611 7651 7652 7612)
4(7651 7691 7692 7652)
4(7691 7731 7732 7692)
4(7731 7771 7772 7732)
4(7771 7811 7812 7772)
4(7811 7851 7852 7812)
4(7851 7891 7892 7852)
4(7891 7931 7932 7892)
4(7931 7971 7972 7932)
4(7971 8011 8012 7972)
4(8011 8051 8052 8012)
4(8051 8091 8092 8052)
4(8091 8131 8132 8092)
4(8131 8171 8172 8132)
4(8171 8211 8212 8172)
4(8211 8251 8252 8212)
4(7132 7172 7173 7133)
4(7172 7212 7213 7173)
4(7212 7252 7253 7213)
4(7252 7292 7293 7253)
4(7292 7332 7333 7293)
4(7332 7372 7373 7333)
4(7372 7412 7413 7373)
4(7412 7452 7453 7413)
4(7452 7492 7493 7453)
4(7492 7532 7533 7493)
4(7532 7572 7573 7533)
4(7572 7612 7613 7573)
4(7612 7652 7653 7613)
4(7652 7692 7693 7653)
4(7692 7732 7733 7693)
4(7732 7772 7773 7733)
4(7772 7812 7813 7773)
4(7812 7852 7853 7813)
4(7852 7892 7893 7853)
4(7892 7932 7933 7893)
4(7932 7972 7973 7933)
4(7972 8012 8013 7973)
4(8012 8052 8053 8013)
4(8052 8092 8093 8053)
4(8092 8132 8133 8093)
4(8132 8172 8173 8133)
4(8172 8212 8213 8173)
4(8212 8252 8253 8213)
4(7133 7173 7174 7134)
4(7173 7213 7214 7174)
4(7213 7253 7254 7214)
4(7253 7293 7294 7254)
4(7293 7333 7334 7294)
4(7333 7373 7374 7334)
4(7373 7413 7414 7374)
4(7413 7453 7454 7414)
4(7453 7493 7494 7454)
4(7493 7533 7534 7494)
4(7533 7573 7574 7534)
4(7573 7613 7614 7574)
4(7613 7653 7654 7614)
4(7653 7693 7694 7654)
4(7693 7733 7734 7694)
4(7733 7773 7774 7734)
4(7773 7813 7814 7774)
4(7813 7853 7854 7814)
4(7853 7893 7894 7854)
4(7893 7933 7934 7894)
4(7933 7973 7974 7934)
4(7973 8013 8014 7974)
4(8013 8053 8054 8014)
4(8053 8093 8094 8054)
4(8093 8133 8134 8094)
4(8133 8173 8174 8134)
4(8173 8213 8214 8174)
4(8213 8253 8254 8214)
4(7134 7174 7175 7135)
4(7174 7214 7215 7175)
4(7214 7254 7255 7215)
4(7254 7294 7295 7255)
4(7294 7334 7335 7295)
4(7334 7374 7375 7335)
4(7374 7414 7415 7375)
4(7414 7454 7455 7415)
4(7454 7494 7495 7455)
4(7494 7534 7535 7495)
4(7534 7574 7575 7535)
4(7574 7614 7615 7575)
4(7614 7654 7655 7615)
4(7654 7694 7695 7655)
4(7694 7734 7735 7695)
4(7734 7774 7775 7735)
4(7774 7814 7815 7775)
4(7814 7854 7855 7815)
4(7854 7894 7895 7855)
4(7894 7934 7935 7895)
4(7934 7974 7975 7935)
4(7974 8014 8015 7975)
4(8014 8054 8055 8015)
4(8054 8094 8095 8055)
4(8094 8134 8135 8095)
4(8134 8174 8175 8135)
4(8174 8214 8215 8175)
4(8214 8254 8255 8215)
4(7135 7175 7176 7136)
4(7175 7215 7216 7176)
4(7215 7255 7256 7216)
4(7255 7295 7296 7256)
4(7295 7335 7336 7296)
4(7335 7375 7376 7336)
4(7375 7415 7416 7376)
4(7415 7455 7456 7416)
4(7455 7495 7496 7456)
4(7495 7535 7536 7496)
4(7535 7575 7576 7536)
4(7575 7615 7616 7576)
4(7615 7655 7656 7616)
4(7655 7695 7696 7656)
4(7695 7735 7736 7696)
4(7735 7775 7776 7736)
4(7775 7815 7816 7776)
4(7815 7855 7856 7816)
4(7855 7895 7896 7856)
4(7895 7935 7936 7896)
4(7935 7975 7976 7936)
4(7975 8015 8016 7976)
4(8015 8055 8056 8016)
4(8055 8095 8096 8056)
4(8095 8135 8136 8096)
4(8135 8175 8176 8136)
4(8175 8215 8216 8176)
4(8215 8255 8256 8216)
4(7136 7176 7177 7137)
4(7176 7216 7217 7177)
4(7216 7256 7257 7217)
4(7256 7296 7297 7257)
4(7296 7336 7337 7297)
4(7336 7376 7377 7337)
4(7376 7416 7417 7377)
4(7416 7456 7457 7417)
4(7456 7496 7497 7457)
4(7496 7536 7537 7497)
4(7536 7576 7577 7537)
4(7576 7616 7617 7577)
4(7616 7656 7657 7617)
4(7656 7696 7697 7657)
4(7696 7736 7737 7697)
4(7736 7776 7777 7737)
4(7776 7816 7817 7777)
4(7816 7856 7857 7817)
4(7856 7896 7897 7857)
4(7896 7936 7937 7897)
4(7936 7976 7977 7937)
4(7976 8016 8017 7977)
4(8016 8056 8057 8017)
4(8056 8096 8097 8057)
4(8096 8136 8137 8097)
4(8136 8176 8177 8137)
4(8176 8216 8217 8177)
4(8216 8256 8257 8217)
4(7137 7177 7178 7138)
4(7177 7217 7218 7178)
4(7217 7257 7258 7218)
4(7257 7297 7298 7258)
4(7297 7337 7338 7298)
4(7337 7377 7378 7338)
4(7377 7417 7418 7378)
4(7417 7457 7458 7418)
4(7457 7497 7498 7458)
4(7497 7537 7538 7498)
4(7537 7577 7578 7538)
4(7577 7617 7618 7578)
4(7617 7657 7658 7618)
4(7657 7697 7698 7658)
4(7697 7737 7738 7698)
4(7737 7777 7778 7738)
4(7777 7817 7818 7778)
4(7817 7857 7858 7818)
4(7857 7897 7898 7858)
4(7897 7937 7938 7898)
4(7937 7977 7978 7938)
4(7977 8017 8018 7978)
4(8017 8057 8058 8018)
4(8057 8097 8098 8058)
4(8097 8137 8138 8098)
4(8137 8177 8178 8138)
4(8177 8217 8218 8178)
4(8217 8257 8258 8218)
4(7138 7178 7179 7139)
4(7178 7218 7219 7179)
4(7218 7258 7259 7219)
4(7258 7298 7299 7259)
4(7298 7338 7339 7299)
4(7338 7378 7379 7339)
4(7378 7418 7419 7379)
4(7418 7458 7459 7419)
4(7458 7498 7499 7459)
4(7498 7538 7539 7499)
4(7538 7578 7579 7539)
4(7578 7618 7619 7579)
4(7618 7658 7659 7619)
4(7658 7698 7699 7659)
4(7698 7738 7739 7699)
4(7738 7778 7779 7739)
4(7778 7818 7819 7779)
4(7818 7858 7859 7819)
4(7858 7898 7899 7859)
4(7898 7938 7939 7899)
4(7938 7978 7979 7939)
4(7978 8018 8019 7979)
4(8018 8058 8059 8019)
4(8058 8098 8099 8059)
4(8098 8138 8139 8099)
4(8138 8178 8179 8139)
4(8178 8218 8219 8179)
4(8218 8258 8259 8219)
4(7139 7179 7180 7140)
4(7179 7219 7220 7180)
4(7219 7259 7260 7220)
4(7259 7299 7300 7260)
4(7299 7339 7340 7300)
4(7339 7379 7380 7340)
4(7379 7419 7420 7380)
4(7419 7459 7460 7420)
4(7459 7499 7500 7460)
4(7499 7539 7540 7500)
4(7539 7579 7580 7540)
4(7579 7619 7620 7580)
4(7619 7659 7660 7620)
4(7659 7699 7700 7660)
4(7699 7739 7740 7700)
4(7739 7779 7780 7740)
4(7779 7819 7820 7780)
4(7819 7859 7860 7820)
4(7859 7899 7900 7860)
4(7899 7939 7940 7900)
4(7939 7979 7980 7940)
4(7979 8019 8020 7980)
4(8019 8059 8060 8020)
4(8059 8099 8100 8060)
4(8099 8139 8140 8100)
4(8139 8179 8180 8140)
4(8179 8219 8220 8180)
4(8219 8259 8260 8220)
4(7140 7180 7181 7141)
4(7180 7220 7221 7181)
4(7220 7260 7261 7221)
4(7260 7300 7301 7261)
4(7300 7340 7341 7301)
4(7340 7380 7381 7341)
4(7380 7420 7421 7381)
4(7420 7460 7461 7421)
4(7460 7500 7501 7461)
4(7500 7540 7541 7501)
4(7540 7580 7581 7541)
4(7580 7620 7621 7581)
4(7620 7660 7661 7621)
4(7660 7700 7701 7661)
4(7700 7740 7741 7701)
4(7740 7780 7781 7741)
4(7780 7820 7821 7781)
4(7820 7860 7861 7821)
4(7860 7900 7901 7861)
4(7900 7940 7941 7901)
4(7940 7980 7981 7941)
4(7980 8020 8021 7981)
4(8020 8060 8061 8021)
4(8060 8100 8101 8061)
4(8100 8140 8141 8101)
4(8140 8180 8181 8141)
4(8180 8220 8221 8181)
4(8220 8260 8261 8221)
4(7141 7181 7182 7142)
4(7181 7221 7222 7182)
4(7221 7261 7262 7222)
4(7261 7301 7302 7262)
4(7301 7341 7342 7302)
4(7341 7381 7382 7342)
4(7381 7421 7422 7382)
4(7421 7461 7462 7422)
4(7461 7501 7502 7462)
4(7501 7541 7542 7502)
4(7541 7581 7582 7542)
4(7581 7621 7622 7582)
4(7621 7661 7662 7622)
4(7661 7701 7702 7662)
4(7701 7741 7742 7702)
4(7741 7781 7782 7742)
4(7781 7821 7822 7782)
4(7821 7861 7862 7822)
4(7861 7901 7902 7862)
4(7901 7941 7942 7902)
4(7941 7981 7982 7942)
4(7981 8021 8022 7982)
4(8021 8061 8062 8022)
4(8061 8101 8102 8062)
4(8101 8141 8142 8102)
4(8141 8181 8182 8142)
4(8181 8221 8222 8182)
4(8221 8261 8262 8222)
4(7142 7182 7183 7143)
4(7182 7222 7223 7183)
4(7222 7262 7263 7223)
4(7262 7302 7303 7263)
4(7302 7342 7343 7303)
4(7342 7382 7383 7343)
4(7382 7422 7423 7383)
4(7422 7462 7463 7423)
4(7462 7502 7503 7463)
4(7502 7542 7543 7503)
4(7542 7582 7583 7543)
4(7582 7622 7623 7583)
4(7622 7662 7663 7623)
4(7662 7702 7703 7663)
4(7702 7742 7743 7703)
4(7742 7782 7783 7743)
4(7782 7822 7823 7783)
4(7822 7862 7863 7823)
4(7862 7902 7903 7863)
4(7902 7942 7943 7903)
4(7942 7982 7983 7943)
4(7982 8022 8023 7983)
4(8022 8062 8063 8023)
4(8062 8102 8103 8063)
4(8102 8142 8143 8103)
4(8142 8182 8183 8143)
4(8182 8222 8223 8183)
4(8222 8262 8263 8223)
4(7143 7183 7184 7144)
4(7183 7223 7224 7184)
4(7223 7263 7264 7224)
4(7263 7303 7304 7264)
4(7303 7343 7344 7304)
4(7343 7383 7384 7344)
4(7383 7423 7424 7384)
4(7423 7463 7464 7424)
4(7463 7503 7504 7464)
4(7503 7543 7544 7504)
4(7543 7583 7584 7544)
4(7583 7623 7624 7584)
4(7623 7663 7664 7624)
4(7663 7703 7704 7664)
4(7703 7743 7744 7704)
4(7743 7783 7784 7744)
4(7783 7823 7824 7784)
4(7823 7863 7864 7824)
4(7863 7903 7904 7864)
4(7903 7943 7944 7904)
4(7943 7983 7984 7944)
4(7983 8023 8024 7984)
4(8023 8063 8064 8024)
4(8063 8103 8104 8064)
4(8103 8143 8144 8104)
4(8143 8183 8184 8144)
4(8183 8223 8224 8184)
4(8223 8263 8264 8224)
4(7144 7184 7185 7145)
4(7184 7224 7225 7185)
4(7224 7264 7265 7225)
4(7264 7304 7305 7265)
4(7304 7344 7345 7305)
4(7344 7384 7385 7345)
4(7384 7424 7425 7385)
4(7424 7464 7465 7425)
4(7464 7504 7505 7465)
4(7504 7544 7545 7505)
4(7544 7584 7585 7545)
4(7584 7624 7625 7585)
4(7624 7664 7665 7625)
4(7664 7704 7705 7665)
4(7704 7744 7745 7705)
4(7744 7784 7785 7745)
4(7784 7824 7825 7785)
4(7824 7864 7865 7825)
4(7864 7904 7905 7865)
4(7904 7944 7945 7905)
4(7944 7984 7985 7945)
4(7984 8024 8025 7985)
4(8024 8064 8065 8025)
4(8064 8104 8105 8065)
4(8104 8144 8145 8105)
4(8144 8184 8185 8145)
4(8184 8224 8225 8185)
4(8224 8264 8265 8225)
4(7145 7185 7186 7146)
4(7185 7225 7226 7186)
4(7225 7265 7266 7226)
4(7265 7305 7306 7266)
4(7305 7345 7346 7306)
4(7345 7385 7386 7346)
4(7385 7425 7426 7386)
4(7425 7465 7466 7426)
4(7465 7505 7506 7466)
4(7505 7545 7546 7506)
4(7545 7585 7586 7546)
4(7585 7625 7626 7586)
4(7625 7665 7666 7626)
4(7665 7705 7706 7666)
4(7705 7745 7746 7706)
4(7745 7785 7786 7746)
4(7785 7825 7826 7786)
4(7825 7865 7866 7826)
4(7865 7905 7906 7866)
4(7905 7945 7946 7906)
4(7945 7985 7986 7946)
4(7985 8025 8026 7986)
4(8025 8065 8066 8026)
4(8065 8105 8106 8066)
4(8105 8145 8146 8106)
4(8145 8185 8186 8146)
4(8185 8225 8226 8186)
4(8225 8265 8266 8226)
4(7146 7186 7187 7147)
4(7186 7226 7227 7187)
4(7226 7266 7267 7227)
4(7266 7306 7307 7267)
4(7306 7346 7347 7307)
4(7346 7386 7387 7347)
4(7386 7426 7427 7387)
4(7426 7466 7467 7427)
4(7466 7506 7507 7467)
4(7506 7546 7547 7507)
4(7546 7586 7587 7547)
4(7586 7626 7627 7587)
4(7626 7666 7667 7627)
4(7666 7706 7707 7667)
4(7706 7746 7747 7707)
4(7746 7786 7787 7747)
4(7786 7826 7827 7787)
4(7826 7866 7867 7827)
4(7866 7906 7907 7867)
4(7906 7946 7947 7907)
4(7946 7986 7987 7947)
4(7986 8026 8027 7987)
4(8026 8066 8067 8027)
4(8066 8106 8107 8067)
4(8106 8146 8147 8107)
4(8146 8186 8187 8147)
4(8186 8226 8227 8187)
4(8226 8266 8267 8227)
4(7147 7187 7188 7148)
4(7187 7227 7228 7188)
4(7227 7267 7268 7228)
4(7267 7307 7308 7268)
4(7307 7347 7348 7308)
4(7347 7387 7388 7348)
4(7387 7427 7428 7388)
4(7427 7467 7468 7428)
4(7467 7507 7508 7468)
4(7507 7547 7548 7508)
4(7547 7587 7588 7548)
4(7587 7627 7628 7588)
4(7627 7667 7668 7628)
4(7667 7707 7708 7668)
4(7707 7747 7748 7708)
4(7747 7787 7788 7748)
4(7787 7827 7828 7788)
4(7827 7867 7868 7828)
4(7867 7907 7908 7868)
4(7907 7947 7948 7908)
4(7947 7987 7988 7948)
4(7987 8027 8028 7988)
4(8027 8067 8068 8028)
4(8067 8107 8108 8068)
4(8107 8147 8148 8108)
4(8147 8187 8188 8148)
4(8187 8227 8228 8188)
4(8227 8267 8268 8228)
4(7148 7188 7189 7149)
4(7188 7228 7229 7189)
4(7228 7268 7269 7229)
4(7268 7308 7309 7269)
4(7308 7348 7349 7309)
4(7348 7388 7389 7349)
4(7388 7428 7429 7389)
4(7428 7468 7469 7429)
4(7468 7508 7509 7469)
4(7508 7548 7549 7509)
4(7548 7588 7589 7549)
4(7588 7628 7629 7589)
4(7628 7668 7669 7629)
4(7668 7708 7709 7669)
4(7708 7748 7749 7709)
4(7748 7788 7789 7749)
4(7788 7828 7829 7789)
4(7828 7868 7869 7829)
4(7868 7908 7909 7869)
4(7908 7948 7949 7909)
4(7948 7988 7989 7949)
4(7988 8028 8029 7989)
4(8028 8068 8069 8029)
4(8068 8108 8109 8069)
4(8108 8148 8149 8109)
4(8148 8188 8189 8149)
4(8188 8228 8229 8189)
4(8228 8268 8269 8229)
4(7149 7189 7190 7150)
4(7189 7229 7230 7190)
4(7229 7269 7270 7230)
4(7269 7309 7310 7270)
4(7309 7349 7350 7310)
4(7349 7389 7390 7350)
4(7389 7429 7430 7390)
4(7429 7469 7470 7430)
4(7469 7509 7510 7470)
4(7509 7549 7550 7510)
4(7549 7589 7590 7550)
4(7589 7629 7630 7590)
4(7629 7669 7670 7630)
4(7669 7709 7710 7670)
4(7709 7749 7750 7710)
4(7749 7789 7790 7750)
4(7789 7829 7830 7790)
4(7829 7869 7870 7830)
4(7869 7909 7910 7870)
4(7909 7949 7950 7910)
4(7949 7989 7990 7950)
4(7989 8029 8030 7990)
4(8029 8069 8070 8030)
4(8069 8109 8110 8070)
4(8109 8149 8150 8110)
4(8149 8189 8190 8150)
4(8189 8229 8230 8190)
4(8229 8269 8270 8230)
4(7150 7190 7191 7151)
4(7190 7230 7231 7191)
4(7230 7270 7271 7231)
4(7270 7310 7311 7271)
4(7310 7350 7351 7311)
4(7350 7390 7391 7351)
4(7390 7430 7431 7391)
4(7430 7470 7471 7431)
4(7470 7510 7511 7471)
4(7510 7550 7551 7511)
4(7550 7590 7591 7551)
4(7590 7630 7631 7591)
4(7630 7670 7671 7631)
4(7670 7710 7711 7671)
4(7710 7750 7751 7711)
4(7750 7790 7791 7751)
4(7790 7830 7831 7791)
4(7830 7870 7871 7831)
4(7870 7910 7911 7871)
4(7910 7950 7951 7911)
4(7950 7990 7991 7951)
4(7990 8030 8031 7991)
4(8030 8070 8071 8031)
4(8070 8110 8111 8071)
4(8110 8150 8151 8111)
4(8150 8190 8191 8151)
4(8190 8230 8231 8191)
4(8230 8270 8271 8231)
4(7151 7191 7192 7152)
4(7191 7231 7232 7192)
4(7231 7271 7272 7232)
4(7271 7311 7312 7272)
4(7311 7351 7352 7312)
4(7351 7391 7392 7352)
4(7391 7431 7432 7392)
4(7431 7471 7472 7432)
4(7471 7511 7512 7472)
4(7511 7551 7552 7512)
4(7551 7591 7592 7552)
4(7591 7631 7632 7592)
4(7631 7671 7672 7632)
4(7671 7711 7712 7672)
4(7711 7751 7752 7712)
4(7751 7791 7792 7752)
4(7791 7831 7832 7792)
4(7831 7871 7872 7832)
4(7871 7911 7912 7872)
4(7911 7951 7952 7912)
4(7951 7991 7992 7952)
4(7991 8031 8032 7992)
4(8031 8071 8072 8032)
4(8071 8111 8112 8072)
4(8111 8151 8152 8112)
4(8151 8191 8192 8152)
4(8191 8231 8232 8192)
4(8231 8271 8272 8232)
4(7152 7192 7193 7153)
4(7192 7232 7233 7193)
4(7232 7272 7273 7233)
4(7272 7312 7313 7273)
4(7312 7352 7353 7313)
4(7352 7392 7393 7353)
4(7392 7432 7433 7393)
4(7432 7472 7473 7433)
4(7472 7512 7513 7473)
4(7512 7552 7553 7513)
4(7552 7592 7593 7553)
4(7592 7632 7633 7593)
4(7632 7672 7673 7633)
4(7672 7712 7713 7673)
4(7712 7752 7753 7713)
4(7752 7792 7793 7753)
4(7792 7832 7833 7793)
4(7832 7872 7873 7833)
4(7872 7912 7913 7873)
4(7912 7952 7953 7913)
4(7952 7992 7993 7953)
4(7992 8032 8033 7993)
4(8032 8072 8073 8033)
4(8072 8112 8113 8073)
4(8112 8152 8153 8113)
4(8152 8192 8193 8153)
4(8192 8232 8233 8193)
4(8232 8272 8273 8233)
4(7153 7193 7194 7154)
4(7193 7233 7234 7194)
4(7233 7273 7274 7234)
4(7273 7313 7314 7274)
4(7313 7353 7354 7314)
4(7353 7393 7394 7354)
4(7393 7433 7434 7394)
4(7433 7473 7474 7434)
4(7473 7513 7514 7474)
4(7513 7553 7554 7514)
4(7553 7593 7594 7554)
4(7593 7633 7634 7594)
4(7633 7673 7674 7634)
4(7673 7713 7714 7674)
4(7713 7753 7754 7714)
4(7753 7793 7794 7754)
4(7793 7833 7834 7794)
4(7833 7873 7874 7834)
4(7873 7913 7914 7874)
4(7913 7953 7954 7914)
4(7953 7993 7994 7954)
4(7993 8033 8034 7994)
4(8033 8073 8074 8034)
4(8073 8113 8114 8074)
4(8113 8153 8154 8114)
4(8153 8193 8194 8154)
4(8193 8233 8234 8194)
4(8233 8273 8274 8234)
4(7154 7194 7195 7155)
4(7194 7234 7235 7195)
4(7234 7274 7275 7235)
4(7274 7314 7315 7275)
4(7314 7354 7355 7315)
4(7354 7394 7395 7355)
4(7394 7434 7435 7395)
4(7434 7474 7475 7435)
4(7474 7514 7515 7475)
4(7514 7554 7555 7515)
4(7554 7594 7595 7555)
4(7594 7634 7635 7595)
4(7634 7674 7675 7635)
4(7674 7714 7715 7675)
4(7714 7754 7755 7715)
4(7754 7794 7795 7755)
4(7794 7834 7835 7795)
4(7834 7874 7875 7835)
4(7874 7914 7915 7875)
4(7914 7954 7955 7915)
4(7954 7994 7995 7955)
4(7994 8034 8035 7995)
4(8034 8074 8075 8035)
4(8074 8114 8115 8075)
4(8114 8154 8155 8115)
4(8154 8194 8195 8155)
4(8194 8234 8235 8195)
4(8234 8274 8275 8235)
4(7155 7195 7196 7156)
4(7195 7235 7236 7196)
4(7235 7275 7276 7236)
4(7275 7315 7316 7276)
4(7315 7355 7356 7316)
4(7355 7395 7396 7356)
4(7395 7435 7436 7396)
4(7435 7475 7476 7436)
4(7475 7515 7516 7476)
4(7515 7555 7556 7516)
4(7555 7595 7596 7556)
4(7595 7635 7636 7596)
4(7635 7675 7676 7636)
4(7675 7715 7716 7676)
4(7715 7755 7756 7716)
4(7755 7795 7796 7756)
4(7795 7835 7836 7796)
4(7835 7875 7876 7836)
4(7875 7915 7916 7876)
4(7915 7955 7956 7916)
4(7955 7995 7996 7956)
4(7995 8035 8036 7996)
4(8035 8075 8076 8036)
4(8075 8115 8116 8076)
4(8115 8155 8156 8116)
4(8155 8195 8196 8156)
4(8195 8235 8236 8196)
4(8235 8275 8276 8236)
4(7156 7196 7197 7157)
4(7196 7236 7237 7197)
4(7236 7276 7277 7237)
4(7276 7316 7317 7277)
4(7316 7356 7357 7317)
4(7356 7396 7397 7357)
4(7396 7436 7437 7397)
4(7436 7476 7477 7437)
4(7476 7516 7517 7477)
4(7516 7556 7557 7517)
4(7556 7596 7597 7557)
4(7596 7636 7637 7597)
4(7636 7676 7677 7637)
4(7676 7716 7717 7677)
4(7716 7756 7757 7717)
4(7756 7796 7797 7757)
4(7796 7836 7837 7797)
4(7836 7876 7877 7837)
4(7876 7916 7917 7877)
4(7916 7956 7957 7917)
4(7956 7996 7997 7957)
4(7996 8036 8037 7997)
4(8036 8076 8077 8037)
4(8076 8116 8117 8077)
4(8116 8156 8157 8117)
4(8156 8196 8197 8157)
4(8196 8236 8237 8197)
4(8236 8276 8277 8237)
4(7157 7197 7198 7158)
4(7197 7237 7238 7198)
4(7237 7277 7278 7238)
4(7277 7317 7318 7278)
4(7317 7357 7358 7318)
4(7357 7397 7398 7358)
4(7397 7437 7438 7398)
4(7437 7477 7478 7438)
4(7477 7517 7518 7478)
4(7517 7557 7558 7518)
4(7557 7597 7598 7558)
4(7597 7637 7638 7598)
4(7637 7677 7678 7638)
4(7677 7717 7718 7678)
4(7717 7757 7758 7718)
4(7757 7797 7798 7758)
4(7797 7837 7838 7798)
4(7837 7877 7878 7838)
4(7877 7917 7918 7878)
4(7917 7957 7958 7918)
4(7957 7997 7998 7958)
4(7997 8037 8038 7998)
4(8037 8077 8078 8038)
4(8077 8117 8118 8078)
4(8117 8157 8158 8118)
4(8157 8197 8198 8158)
4(8197 8237 8238 8198)
4(8237 8277 8278 8238)
4(7158 7198 7199 7159)
4(7198 7238 7239 7199)
4(7238 7278 7279 7239)
4(7278 7318 7319 7279)
4(7318 7358 7359 7319)
4(7358 7398 7399 7359)
4(7398 7438 7439 7399)
4(7438 7478 7479 7439)
4(7478 7518 7519 7479)
4(7518 7558 7559 7519)
4(7558 7598 7599 7559)
4(7598 7638 7639 7599)
4(7638 7678 7679 7639)
4(7678 7718 7719 7679)
4(7718 7758 7759 7719)
4(7758 7798 7799 7759)
4(7798 7838 7839 7799)
4(7838 7878 7879 7839)
4(7878 7918 7919 7879)
4(7918 7958 7959 7919)
4(7958 7998 7999 7959)
4(7998 8038 8039 7999)
4(8038 8078 8079 8039)
4(8078 8118 8119 8079)
4(8118 8158 8159 8119)
4(8158 8198 8199 8159)
4(8198 8238 8239 8199)
4(8238 8278 8279 8239)
4(7159 7199 7200 7160)
4(7199 7239 7240 7200)
4(7239 7279 7280 7240)
4(7279 7319 7320 7280)
4(7319 7359 7360 7320)
4(7359 7399 7400 7360)
4(7399 7439 7440 7400)
4(7439 7479 7480 7440)
4(7479 7519 7520 7480)
4(7519 7559 7560 7520)
4(7559 7599 7600 7560)
4(7599 7639 7640 7600)
4(7639 7679 7680 7640)
4(7679 7719 7720 7680)
4(7719 7759 7760 7720)
4(7759 7799 7800 7760)
4(7799 7839 7840 7800)
4(7839 7879 7880 7840)
4(7879 7919 7920 7880)
4(7919 7959 7960 7920)
4(7959 7999 8000 7960)
4(7999 8039 8040 8000)
4(8039 8079 8080 8040)
4(8079 8119 8120 8080)
4(8119 8159 8160 8120)
4(8159 8199 8200 8160)
4(8199 8239 8240 8200)
4(8239 8279 8280 8240)
4(7160 7200 7201 7161)
4(7200 7240 7241 7201)
4(7240 7280 7281 7241)
4(7280 7320 7321 7281)
4(7320 7360 7361 7321)
4(7360 7400 7401 7361)
4(7400 7440 7441 7401)
4(7440 7480 7481 7441)
4(7480 7520 7521 7481)
4(7520 7560 7561 7521)
4(7560 7600 7601 7561)
4(7600 7640 7641 7601)
4(7640 7680 7681 7641)
4(7680 7720 7721 7681)
4(7720 7760 7761 7721)
4(7760 7800 7801 7761)
4(7800 7840 7841 7801)
4(7840 7880 7881 7841)
4(7880 7920 7921 7881)
4(7920 7960 7961 7921)
4(7960 8000 8001 7961)
4(8000 8040 8041 8001)
4(8040 8080 8081 8041)
4(8080 8120 8121 8081)
4(8120 8160 8161 8121)
4(8160 8200 8201 8161)
4(8200 8240 8241 8201)
4(8240 8280 8281 8241)
4(7161 7201 7202 7162)
4(7201 7241 7242 7202)
4(7241 7281 7282 7242)
4(7281 7321 7322 7282)
4(7321 7361 7362 7322)
4(7361 7401 7402 7362)
4(7401 7441 7442 7402)
4(7441 7481 7482 7442)
4(7481 7521 7522 7482)
4(7521 7561 7562 7522)
4(7561 7601 7602 7562)
4(7601 7641 7642 7602)
4(7641 7681 7682 7642)
4(7681 7721 7722 7682)
4(7721 7761 7762 7722)
4(7761 7801 7802 7762)
4(7801 7841 7842 7802)
4(7841 7881 7882 7842)
4(7881 7921 7922 7882)
4(7921 7961 7962 7922)
4(7961 8001 8002 7962)
4(8001 8041 8042 8002)
4(8041 8081 8082 8042)
4(8081 8121 8122 8082)
4(8121 8161 8162 8122)
4(8161 8201 8202 8162)
4(8201 8241 8242 8202)
4(8241 8281 8282 8242)
4(7162 7202 7203 7163)
4(7202 7242 7243 7203)
4(7242 7282 7283 7243)
4(7282 7322 7323 7283)
4(7322 7362 7363 7323)
4(7362 7402 7403 7363)
4(7402 7442 7443 7403)
4(7442 7482 7483 7443)
4(7482 7522 7523 7483)
4(7522 7562 7563 7523)
4(7562 7602 7603 7563)
4(7602 7642 7643 7603)
4(7642 7682 7683 7643)
4(7682 7722 7723 7683)
4(7722 7762 7763 7723)
4(7762 7802 7803 7763)
4(7802 7842 7843 7803)
4(7842 7882 7883 7843)
4(7882 7922 7923 7883)
4(7922 7962 7963 7923)
4(7962 8002 8003 7963)
4(8002 8042 8043 8003)
4(8042 8082 8083 8043)
4(8082 8122 8123 8083)
4(8122 8162 8163 8123)
4(8162 8202 8203 8163)
4(8202 8242 8243 8203)
4(8242 8282 8283 8243)
4(7163 7203 7204 7164)
4(7203 7243 7244 7204)
4(7243 7283 7284 7244)
4(7283 7323 7324 7284)
4(7323 7363 7364 7324)
4(7363 7403 7404 7364)
4(7403 7443 7444 7404)
4(7443 7483 7484 7444)
4(7483 7523 7524 7484)
4(7523 7563 7564 7524)
4(7563 7603 7604 7564)
4(7603 7643 7644 7604)
4(7643 7683 7684 7644)
4(7683 7723 7724 7684)
4(7723 7763 7764 7724)
4(7763 7803 7804 7764)
4(7803 7843 7844 7804)
4(7843 7883 7884 7844)
4(7883 7923 7924 7884)
4(7923 7963 7964 7924)
4(7963 8003 8004 7964)
4(8003 8043 8044 8004)
4(8043 8083 8084 8044)
4(8083 8123 8124 8084)
4(8123 8163 8164 8124)
4(8163 8203 8204 8164)
4(8203 8243 8244 8204)
4(8243 8283 8284 8244)
4(0 1 958 957)
4(957 958 991 990)
4(990 991 1024 1023)
4(1023 1024 1057 1056)
4(1056 1057 1090 1089)
4(1089 1090 1123 1122)
4(1122 1123 1156 1155)
4(1155 1156 1189 1188)
4(1188 1189 1222 1221)
4(1221 1222 1255 1254)
4(1254 1255 1288 1287)
4(1287 1288 1321 1320)
4(1320 1321 1354 1353)
4(1353 1354 1387 1386)
4(1386 1387 1420 1419)
4(1419 1420 1453 1452)
4(1452 1453 1486 1485)
4(1485 1486 1519 1518)
4(1518 1519 1552 1551)
4(1551 1552 1585 1584)
4(1584 1585 1618 1617)
4(1617 1618 1651 1650)
4(1650 1651 1684 1683)
4(1683 1684 1717 1716)
4(1716 1717 1750 1749)
4(1749 1750 1783 1782)
4(1782 1783 1816 1815)
4(1815 1816 1849 1848)
4(1 2 959 958)
4(958 959 992 991)
4(991 992 1025 1024)
4(1024 1025 1058 1057)
4(1057 1058 1091 1090)
4(1090 1091 1124 1123)
4(1123 1124 1157 1156)
4(1156 1157 1190 1189)
4(1189 1190 1223 1222)
4(1222 1223 1256 1255)
4(1255 1256 1289 1288)
4(1288 1289 1322 1321)
4(1321 1322 1355 1354)
4(1354 1355 1388 1387)
4(1387 1388 1421 1420)
4(1420 1421 1454 1453)
4(1453 1454 1487 1486)
4(1486 1487 1520 1519)
4(1519 1520 1553 1552)
4(1552 1553 1586 1585)
4(1585 1586 1619 1618)
4(1618 1619 1652 1651)
4(1651 1652 1685 1684)
4(1684 1685 1718 1717)
4(1717 1718 1751 1750)
4(1750 1751 1784 1783)
4(1783 1784 1817 1816)
4(1816 1817 1850 1849)
4(2 3 960 959)
4(959 960 993 992)
4(992 993 1026 1025)
4(1025 1026 1059 1058)
4(1058 1059 1092 1091)
4(1091 1092 1125 1124)
4(1124 1125 1158 1157)
4(1157 1158 1191 1190)
4(1190 1191 1224 1223)
4(1223 1224 1257 1256)
4(1256 1257 1290 1289)
4(1289 1290 1323 1322)
4(1322 1323 1356 1355)
4(1355 1356 1389 1388)
4(1388 1389 1422 1421)
4(1421 1422 1455 1454)
4(1454 1455 1488 1487)
4(1487 1488 1521 1520)
4(1520 1521 1554 1553)
4(1553 1554 1587 1586)
4(1586 1587 1620 1619)
4(1619 1620 1653 1652)
4(1652 1653 1686 1685)
4(1685 1686 1719 1718)
4(1718 1719 1752 1751)
4(1751 1752 1785 1784)
4(1784 1785 1818 1817)
4(1817 1818 1851 1850)
4(3 4 961 960)
4(960 961 994 993)
4(993 994 1027 1026)
4(1026 1027 1060 1059)
4(1059 1060 1093 1092)
4(1092 1093 1126 1125)
4(1125 1126 1159 1158)
4(1158 1159 1192 1191)
4(1191 1192 1225 1224)
4(1224 1225 1258 1257)
4(1257 1258 1291 1290)
4(1290 1291 1324 1323)
4(1323 1324 1357 1356)
4(1356 1357 1390 1389)
4(1389 1390 1423 1422)
4(1422 1423 1456 1455)
4(1455 1456 1489 1488)
4(1488 1489 1522 1521)
4(1521 1522 1555 1554)
4(1554 1555 1588 1587)
4(1587 1588 1621 1620)
4(1620 1621 1654 1653)
4(1653 1654 1687 1686)
4(1686 1687 1720 1719)
4(1719 1720 1753 1752)
4(1752 1753 1786 1785)
4(1785 1786 1819 1818)
4(1818 1819 1852 1851)
4(4 5 962 961)
4(961 962 995 994)
4(994 995 1028 1027)
4(1027 1028 1061 1060)
4(1060 1061 1094 1093)
4(1093 1094 1127 1126)
4(1126 1127 1160 1159)
4(1159 1160 1193 1192)
4(1192 1193 1226 1225)
4(1225 1226 1259 1258)
4(1258 1259 1292 1291)
4(1291 1292 1325 1324)
4(1324 1325 1358 1357)
4(1357 1358 1391 1390)
4(1390 1391 1424 1423)
4(1423 1424 1457 1456)
4(1456 1457 1490 1489)
4(1489 1490 1523 1522)
4(1522 1523 1556 1555)
4(1555 1556 1589 1588)
4(1588 1589 1622 1621)
4(1621 1622 1655 1654)
4(1654 1655 1688 1687)
4(1687 1688 1721 1720)
4(1720 1721 1754 1753)
4(1753 1754 1787 1786)
4(1786 1787 1820 1819)
4(1819 1820 1853 1852)
4(5 6 963 962)
4(962 963 996 995)
4(995 996 1029 1028)
4(1028 1029 1062 1061)
4(1061 1062 1095 1094)
4(1094 1095 1128 1127)
4(1127 1128 1161 1160)
4(1160 1161 1194 1193)
4(1193 1194 1227 1226)
4(1226 1227 1260 1259)
4(1259 1260 1293 1292)
4(1292 1293 1326 1325)
4(1325 1326 1359 1358)
4(1358 1359 1392 1391)
4(1391 1392 1425 1424)
4(1424 1425 1458 1457)
4(1457 1458 1491 1490)
4(1490 1491 1524 1523)
4(1523 1524 1557 1556)
4(1556 1557 1590 1589)
4(1589 1590 1623 1622)
4(1622 1623 1656 1655)
4(1655 1656 1689 1688)
4(1688 1689 1722 1721)
4(1721 1722 1755 1754)
4(1754 1755 1788 1787)
4(1787 1788 1821 1820)
4(1820 1821 1854 1853)
4(6 7 964 963)
4(963 964 997 996)
4(996 997 1030 1029)
4(1029 1030 1063 1062)
4(1062 1063 1096 1095)
4(1095 1096 1129 1128)
4(1128 1129 1162 1161)
4(1161 1162 1195 1194)
4(1194 1195 1228 1227)
4(1227 1228 1261 1260)
4(1260 1261 1294 1293)
4(1293 1294 1327 1326)
4(1326 1327 1360 1359)
4(1359 1360 1393 1392)
4(1392 1393 1426 1425)
4(1425 1426 1459 1458)
4(1458 1459 1492 1491)
4(1491 1492 1525 1524)
4(1524 1525 1558 1557)
4(1557 1558 1591 1590)
4(1590 1591 1624 1623)
4(1623 1624 1657 1656)
4(1656 1657 1690 1689)
4(1689 1690 1723 1722)
4(1722 1723 1756 1755)
4(1755 1756 1789 1788)
4(1788 1789 1822 1821)
4(1821 1822 1855 1854)
4(7 8 965 964)
4(964 965 998 997)
4(997 998 1031 1030)
4(1030 1031 1064 1063)
4(1063 1064 1097 1096)
4(1096 1097 1130 1129)
4(1129 1130 1163 1162)
4(1162 1163 1196 1195)
4(1195 1196 1229 1228)
4(1228 1229 1262 1261)
4(1261 1262 1295 1294)
4(1294 1295 1328 1327)
4(1327 1328 1361 1360)
4(1360 1361 1394 1393)
4(1393 1394 1427 1426)
4(1426 1427 1460 1459)
4(1459 1460 1493 1492)
4(1492 1493 1526 1525)
4(1525 1526 1559 1558)
4(1558 1559 1592 1591)
4(1591 1592 1625 1624)
4(1624 1625 1658 1657)
4(1657 1658 1691 1690)
4(1690 1691 1724 1723)
4(1723 1724 1757 1756)
4(1756 1757 1790 1789)
4(1789 1790 1823 1822)
4(1822 1823 1856 1855)
4(8 9 966 965)
4(965 966 999 998)
4(998 999 1032 1031)
4(1031 1032 1065 1064)
4(1064 1065 1098 1097)
4(1097 1098 1131 1130)
4(1130 1131 1164 1163)
4(1163 1164 1197 1196)
4(1196 1197 1230 1229)
4(1229 1230 1263 1262)
4(1262 1263 1296 1295)
4(1295 1296 1329 1328)
4(1328 1329 1362 1361)
4(1361 1362 1395 1394)
4(1394 1395 1428 1427)
4(1427 1428 1461 1460)
4(1460 1461 1494 1493)
4(1493 1494 1527 1526)
4(1526 1527 1560 1559)
4(1559 1560 1593 1592)
4(1592 1593 1626 1625)
4(1625 1626 1659 1658)
4(1658 1659 1692 1691)
4(1691 1692 1725 1724)
4(1724 1725 1758 1757)
4(1757 1758 1791 1790)
4(1790 1791 1824 1823)
4(1823 1824 1857 1856)
4(9 10 967 966)
4(966 967 1000 999)
4(999 1000 1033 1032)
4(1032 1033 1066 1065)
4(1065 1066 1099 1098)
4(1098 1099 1132 1131)
4(1131 1132 1165 1164)
4(1164 1165 1198 1197)
4(1197 1198 1231 1230)
4(1230 1231 1264 1263)
4(1263 1264 1297 1296)
4(1296 1297 1330 1329)
4(1329 1330 1363 1362)
4(1362 1363 1396 1395)
4(1395 1396 1429 1428)
4(1428 1429 1462 1461)
4(1461 1462 1495 1494)
4(1494 1495 1528 1527)
4(1527 1528 1561 1560)
4(1560 1561 1594 1593)
4(1593 1594 1627 1626)
4(1626 1627 1660 1659)
4(1659 1660 1693 1692)
4(1692 1693 1726 1725)
4(1725 1726 1759 1758)
4(1758 1759 1792 1791)
4(1791 1792 1825 1824)
4(1824 1825 1858 1857)
4(10 11 968 967)
4(967 968 1001 1000)
4(1000 1001 1034 1033)
4(1033 1034 1067 1066)
4(1066 1067 1100 1099)
4(1099 1100 1133 1132)
4(1132 1133 1166 1165)
4(1165 1166 1199 1198)
4(1198 1199 1232 1231)
4(1231 1232 1265 1264)
4(1264 1265 1298 1297)
4(1297 1298 1331 1330)
4(1330 1331 1364 1363)
4(1363 1364 1397 1396)
4(1396 1397 1430 1429)
4(1429 1430 1463 1462)
4(1462 1463 1496 1495)
4(1495 1496 1529 1528)
4(1528 1529 1562 1561)
4(1561 1562 1595 1594)
4(1594 1595 1628 1627)
4(1627 1628 1661 1660)
4(1660 1661 1694 1693)
4(1693 1694 1727 1726)
4(1726 1727 1760 1759)
4(1759 1760 1793 1792)
4(1792 1793 1826 1825)
4(1825 1826 1859 1858)
4(11 12 969 968)
4(968 969 1002 1001)
4(1001 1002 1035 1034)
4(1034 1035 1068 1067)
4(1067 1068 1101 1100)
4(1100 1101 1134 1133)
4(1133 1134 1167 1166)
4(1166 1167 1200 1199)
4(1199 1200 1233 1232)
4(1232 1233 1266 1265)
4(1265 1266 1299 1298)
4(1298 1299 1332 1331)
4(1331 1332 1365 1364)
4(1364 1365 1398 1397)
4(1397 1398 1431 1430)
4(1430 1431 1464 1463)
4(1463 1464 1497 1496)
4(1496 1497 1530 1529)
4(1529 1530 1563 1562)
4(1562 1563 1596 1595)
4(1595 1596 1629 1628)
4(1628 1629 1662 1661)
4(1661 1662 1695 1694)
4(1694 1695 1728 1727)
4(1727 1728 1761 1760)
4(1760 1761 1794 1793)
4(1793 1794 1827 1826)
4(1826 1827 1860 1859)
4(12 13 970 969)
4(969 970 1003 1002)
4(1002 1003 1036 1035)
4(1035 1036 1069 1068)
4(1068 1069 1102 1101)
4(1101 1102 1135 1134)
4(1134 1135 1168 1167)
4(1167 1168 1201 1200)
4(1200 1201 1234 1233)
4(1233 1234 1267 1266)
4(1266 1267 1300 1299)
4(1299 1300 1333 1332)
4(1332 1333 1366 1365)
4(1365 1366 1399 1398)
4(1398 1399 1432 1431)
4(1431 1432 1465 1464)
4(1464 1465 1498 1497)
4(1497 1498 1531 1530)
4(1530 1531 1564 1563)
4(1563 1564 1597 1596)
4(1596 1597 1630 1629)
4(1629 1630 1663 1662)
4(1662 1663 1696 1695)
4(1695 1696 1729 1728)
4(1728 1729 1762 1761)
4(1761 1762 1795 1794)
4(1794 1795 1828 1827)
4(1827 1828 1861 1860)
4(13 14 971 970)
4(970 971 1004 1003)
4(1003 1004 1037 1036)
4(1036 1037 1070 1069)
4(1069 1070 1103 1102)
4(1102 1103 1136 1135)
4(1135 1136 1169 1168)
4(1168 1169 1202 1201)
4(1201 1202 1235 1234)
4(1234 1235 1268 1267)
4(1267 1268 1301 1300)
4(1300 1301 1334 1333)
4(1333 1334 1367 1366)
4(1366 1367 1400 1399)
4(1399 1400 1433 1432)
4(1432 1433 1466 1465)
4(1465 1466 1499 1498)
4(1498 1499 1532 1531)
4(1531 1532 1565 1564)
4(1564 1565 1598 1597)
4(1597 1598 1631 1630)
4(1630 1631 1664 1663)
4(1663 1664 1697 1696)
4(1696 1697 1730 1729)
4(1729 1730 1763 1762)
4(1762 1763 1796 1795)
4(1795 1796 1829 1828)
4(1828 1829 1862 1861)
4(14 15 972 971)
4(971 972 1005 1004)
4(1004 1005 1038 1037)
4(1037 1038 1071 1070)
4(1070 1071 1104 1103)
4(1103 1104 1137 1136)
4(1136 1137 1170 1169)
4(1169 1170 1203 1202)
4(1202 1203 1236 1235)
4(1235 1236 1269 1268)
4(1268 1269 1302 1301)
4(1301 1302 1335 1334)
4(1334 1335 1368 1367)
4(1367 1368 1401 1400)
4(1400 1401 1434 1433)
4(1433 1434 1467 1466)
4(1466 1467 1500 1499)
4(1499 1500 1533 1532)
4(1532 1533 1566 1565)
4(1565 1566 1599 1598)
4(1598 1599 1632 1631)
4(1631 1632 1665 1664)
4(1664 1665 1698 1697)
4(1697 1698 1731 1730)
4(1730 1731 1764 1763)
4(1763 1764 1797 1796)
4(1796 1797 1830 1829)
4(1829 1830 1863 1862)
4(15 16 973 972)
4(972 973 1006 1005)
4(1005 1006 1039 1038)
4(1038 1039 1072 1071)
4(1071 1072 1105 1104)
4(1104 1105 1138 1137)
4(1137 1138 1171 1170)
4(1170 1171 1204 1203)
4(1203 1204 1237 1236)
4(1236 1237 1270 1269)
4(1269 1270 1303 1302)
4(1302 1303 1336 1335)
4(1335 1336 1369 1368)
4(1368 1369 1402 1401)
4(1401 1402 1435 1434)
4(1434 1435 1468 1467)
4(1467 1468 1501 1500)
4(1500 1501 1534 1533)
4(1533 1534 1567 1566)
4(1566 1567 1600 1599)
4(1599 1600 1633 1632)
4(1632 1633 1666 1665)
4(1665 1666 1699 1698)
4(1698 1699 1732 1731)
4(1731 1732 1765 1764)
4(1764 1765 1798 1797)
4(1797 1798 1831 1830)
4(1830 1831 1864 1863)
4(16 17 974 973)
4(973 974 1007 1006)
4(1006 1007 1040 1039)
4(1039 1040 1073 1072)
4(1072 1073 1106 1105)
4(1105 1106 1139 1138)
4(1138 1139 1172 1171)
4(1171 1172 1205 1204)
4(1204 1205 1238 1237)
4(1237 1238 1271 1270)
4(1270 1271 1304 1303)
4(1303 1304 1337 1336)
4(1336 1337 1370 1369)
4(1369 1370 1403 1402)
4(1402 1403 1436 1435)
4(1435 1436 1469 1468)
4(1468 1469 1502 1501)
4(1501 1502 1535 1534)
4(1534 1535 1568 1567)
4(1567 1568 1601 1600)
4(1600 1601 1634 1633)
4(1633 1634 1667 1666)
4(1666 1667 1700 1699)
4(1699 1700 1733 1732)
4(1732 1733 1766 1765)
4(1765 1766 1799 1798)
4(1798 1799 1832 1831)
4(1831 1832 1865 1864)
4(17 18 975 974)
4(974 975 1008 1007)
4(1007 1008 1041 1040)
4(1040 1041 1074 1073)
4(1073 1074 1107 1106)
4(1106 1107 1140 1139)
4(1139 1140 1173 1172)
4(1172 1173 1206 1205)
4(1205 1206 1239 1238)
4(1238 1239 1272 1271)
4(1271 1272 1305 1304)
4(1304 1305 1338 1337)
4(1337 1338 1371 1370)
4(1370 1371 1404 1403)
4(1403 1404 1437 1436)
4(1436 1437 1470 1469)
4(1469 1470 1503 1502)
4(1502 1503 1536 1535)
4(1535 1536 1569 1568)
4(1568 1569 1602 1601)
4(1601 1602 1635 1634)
4(1634 1635 1668 1667)
4(1667 1668 1701 1700)
4(1700 1701 1734 1733)
4(1733 1734 1767 1766)
4(1766 1767 1800 1799)
4(1799 1800 1833 1832)
4(1832 1833 1866 1865)
4(18 19 976 975)
4(975 976 1009 1008)
4(1008 1009 1042 1041)
4(1041 1042 1075 1074)
4(1074 1075 1108 1107)
4(1107 1108 1141 1140)
4(1140 1141 1174 1173)
4(1173 1174 1207 1206)
4(1206 1207 1240 1239)
4(1239 1240 1273 1272)
4(1272 1273 1306 1305)
4(1305 1306 1339 1338)
4(1338 1339 1372 1371)
4(1371 1372 1405 1404)
4(1404 1405 1438 1437)
4(1437 1438 1471 1470)
4(1470 1471 1504 1503)
4(1503 1504 1537 1536)
4(1536 1537 1570 1569)
4(1569 1570 1603 1602)
4(1602 1603 1636 1635)
4(1635 1636 1669 1668)
4(1668 1669 1702 1701)
4(1701 1702 1735 1734)
4(1734 1735 1768 1767)
4(1767 1768 1801 1800)
4(1800 1801 1834 1833)
4(1833 1834 1867 1866)
4(19 20 977 976)
4(976 977 1010 1009)
4(1009 1010 1043 1042)
4(1042 1043 1076 1075)
4(1075 1076 1109 1108)
4(1108 1109 1142 1141)
4(1141 1142 1175 1174)
4(1174 1175 1208 1207)
4(1207 1208 1241 1240)
4(1240 1241 1274 1273)
4(1273 1274 1307 1306)
4(1306 1307 1340 1339)
4(1339 1340 1373 1372)
4(1372 1373 1406 1405)
4(1405 1406 1439 1438)
4(1438 1439 1472 1471)
4(1471 1472 1505 1504)
4(1504 1505 1538 1537)
4(1537 1538 1571 1570)
4(1570 1571 1604 1603)
4(1603 1604 1637 1636)
4(1636 1637 1670 1669)
4(1669 1670 1703 1702)
4(1702 1703 1736 1735)
4(1735 1736 1769 1768)
4(1768 1769 1802 1801)
4(1801 1802 1835 1834)
4(1834 1835 1868 1867)
4(20 21 978 977)
4(977 978 1011 1010)
4(1010 1011 1044 1043)
4(1043 1044 1077 1076)
4(1076 1077 1110 1109)
4(1109 1110 1143 1142)
4(1142 1143 1176 1175)
4(1175 1176 1209 1208)
4(1208 1209 1242 1241)
4(1241 1242 1275 1274)
4(1274 1275 1308 1307)
4(1307 1308 1341 1340)
4(1340 1341 1374 1373)
4(1373 1374 1407 1406)
4(1406 1407 1440 1439)
4(1439 1440 1473 1472)
4(1472 1473 1506 1505)
4(1505 1506 1539 1538)
4(1538 1539 1572 1571)
4(1571 1572 1605 1604)
4(1604 1605 1638 1637)
4(1637 1638 1671 1670)
4(1670 1671 1704 1703)
4(1703 1704 1737 1736)
4(1736 1737 1770 1769)
4(1769 1770 1803 1802)
4(1802 1803 1836 1835)
4(1835 1836 1869 1868)
4(21 22 979 978)
4(978 979 1012 1011)
4(1011 1012 1045 1044)
4(1044 1045 1078 1077)
4(1077 1078 1111 1110)
4(1110 1111 1144 1143)
4(1143 1144 1177 1176)
4(1176 1177 1210 1209)
4(1209 1210 1243 1242)
4(1242 1243 1276 1275)
4(1275 1276 1309 1308)
4(1308 1309 1342 1341)
4(1341 1342 1375 1374)
4(1374 1375 1408 1407)
4(1407 1408 1441 1440)
4(1440 1441 1474 1473)
4(1473 1474 1507 1506)
4(1506 1507 1540 1539)
4(1539 1540 1573 1572)
4(1572 1573 1606 1605)
4(1605 1606 1639 1638)
4(1638 1639 1672 1671)
4(1671 1672 1705 1704)
4(1704 1705 1738 1737)
4(1737 1738 1771 1770)
4(1770 1771 1804 1803)
4(1803 1804 1837 1836)
4(1836 1837 1870 1869)
4(22 23 980 979)
4(979 980 1013 1012)
4(1012 1013 1046 1045)
4(1045 1046 1079 1078)
4(1078 1079 1112 1111)
4(1111 1112 1145 1144)
4(1144 1145 1178 1177)
4(1177 1178 1211 1210)
4(1210 1211 1244 1243)
4(1243 1244 1277 1276)
4(1276 1277 1310 1309)
4(1309 1310 1343 1342)
4(1342 1343 1376 1375)
4(1375 1376 1409 1408)
4(1408 1409 1442 1441)
4(1441 1442 1475 1474)
4(1474 1475 1508 1507)
4(1507 1508 1541 1540)
4(1540 1541 1574 1573)
4(1573 1574 1607 1606)
4(1606 1607 1640 1639)
4(1639 1640 1673 1672)
4(1672 1673 1706 1705)
4(1705 1706 1739 1738)
4(1738 1739 1772 1771)
4(1771 1772 1805 1804)
4(1804 1805 1838 1837)
4(1837 1838 1871 1870)
4(23 24 981 980)
4(980 981 1014 1013)
4(1013 1014 1047 1046)
4(1046 1047 1080 1079)
4(1079 1080 1113 1112)
4(1112 1113 1146 1145)
4(1145 1146 1179 1178)
4(1178 1179 1212 1211)
4(1211 1212 1245 1244)
4(1244 1245 1278 1277)
4(1277 1278 1311 1310)
4(1310 1311 1344 1343)
4(1343 1344 1377 1376)
4(1376 1377 1410 1409)
4(1409 1410 1443 1442)
4(1442 1443 1476 1475)
4(1475 1476 1509 1508)
4(1508 1509 1542 1541)
4(1541 1542 1575 1574)
4(1574 1575 1608 1607)
4(1607 1608 1641 1640)
4(1640 1641 1674 1673)
4(1673 1674 1707 1706)
4(1706 1707 1740 1739)
4(1739 1740 1773 1772)
4(1772 1773 1806 1805)
4(1805 1806 1839 1838)
4(1838 1839 1872 1871)
4(24 25 982 981)
4(981 982 1015 1014)
4(1014 1015 1048 1047)
4(1047 1048 1081 1080)
4(1080 1081 1114 1113)
4(1113 1114 1147 1146)
4(1146 1147 1180 1179)
4(1179 1180 1213 1212)
4(1212 1213 1246 1245)
4(1245 1246 1279 1278)
4(1278 1279 1312 1311)
4(1311 1312 1345 1344)
4(1344 1345 1378 1377)
4(1377 1378 1411 1410)
4(1410 1411 1444 1443)
4(1443 1444 1477 1476)
4(1476 1477 1510 1509)
4(1509 1510 1543 1542)
4(1542 1543 1576 1575)
4(1575 1576 1609 1608)
4(1608 1609 1642 1641)
4(1641 1642 1675 1674)
4(1674 1675 1708 1707)
4(1707 1708 1741 1740)
4(1740 1741 1774 1773)
4(1773 1774 1807 1806)
4(1806 1807 1840 1839)
4(1839 1840 1873 1872)
4(25 26 983 982)
4(982 983 1016 1015)
4(1015 1016 1049 1048)
4(1048 1049 1082 1081)
4(1081 1082 1115 1114)
4(1114 1115 1148 1147)
4(1147 1148 1181 1180)
4(1180 1181 1214 1213)
4(1213 1214 1247 1246)
4(1246 1247 1280 1279)
4(1279 1280 1313 1312)
4(1312 1313 1346 1345)
4(1345 1346 1379 1378)
4(1378 1379 1412 1411)
4(1411 1412 1445 1444)
4(1444 1445 1478 1477)
4(1477 1478 1511 1510)
4(1510 1511 1544 1543)
4(1543 1544 1577 1576)
4(1576 1577 1610 1609)
4(1609 1610 1643 1642)
4(1642 1643 1676 1675)
4(1675 1676 1709 1708)
4(1708 1709 1742 1741)
4(1741 1742 1775 1774)
4(1774 1775 1808 1807)
4(1807 1808 1841 1840)
4(1840 1841 1874 1873)
4(26 27 984 983)
4(983 984 1017 1016)
4(1016 1017 1050 1049)
4(1049 1050 1083 1082)
4(1082 1083 1116 1115)
4(1115 1116 1149 1148)
4(1148 1149 1182 1181)
4(1181 1182 1215 1214)
4(1214 1215 1248 1247)
4(1247 1248 1281 1280)
4(1280 1281 1314 1313)
4(1313 1314 1347 1346)
4(1346 1347 1380 1379)
4(1379 1380 1413 1412)
4(1412 1413 1446 1445)
4(1445 1446 1479 1478)
4(1478 1479 1512 1511)
4(1511 1512 1545 1544)
4(1544 1545 1578 1577)
4(1577 1578 1611 1610)
4(1610 1611 1644 1643)
4(1643 1644 1677 1676)
4(1676 1677 1710 1709)
4(1709 1710 1743 1742)
4(1742 1743 1776 1775)
4(1775 1776 1809 1808)
4(1808 1809 1842 1841)
4(1841 1842 1875 1874)
4(27 28 985 984)
4(984 985 1018 1017)
4(1017 1018 1051 1050)
4(1050 1051 1084 1083)
4(1083 1084 1117 1116)
4(1116 1117 1150 1149)
4(1149 1150 1183 1182)
4(1182 1183 1216 1215)
4(1215 1216 1249 1248)
4(1248 1249 1282 1281)
4(1281 1282 1315 1314)
4(1314 1315 1348 1347)
4(1347 1348 1381 1380)
4(1380 1381 1414 1413)
4(1413 1414 1447 1446)
4(1446 1447 1480 1479)
4(1479 1480 1513 1512)
4(1512 1513 1546 1545)
4(1545 1546 1579 1578)
4(1578 1579 1612 1611)
4(1611 1612 1645 1644)
4(1644 1645 1678 1677)
4(1677 1678 1711 1710)
4(1710 1711 1744 1743)
4(1743 1744 1777 1776)
4(1776 1777 1810 1809)
4(1809 1810 1843 1842)
4(1842 1843 1876 1875)
4(28 29 986 985)
4(985 986 1019 1018)
4(1018 1019 1052 1051)
4(1051 1052 1085 1084)
4(1084 1085 1118 1117)
4(1117 1118 1151 1150)
4(1150 1151 1184 1183)
4(1183 1184 1217 1216)
4(1216 1217 1250 1249)
4(1249 1250 1283 1282)
4(1282 1283 1316 1315)
4(1315 1316 1349 1348)
4(1348 1349 1382 1381)
4(1381 1382 1415 1414)
4(1414 1415 1448 1447)
4(1447 1448 1481 1480)
4(1480 1481 1514 1513)
4(1513 1514 1547 1546)
4(1546 1547 1580 1579)
4(1579 1580 1613 1612)
4(1612 1613 1646 1645)
4(1645 1646 1679 1678)
4(1678 1679 1712 1711)
4(1711 1712 1745 1744)
4(1744 1745 1778 1777)
4(1777 1778 1811 1810)
4(1810 1811 1844 1843)
4(1843 1844 1877 1876)
4(29 30 987 986)
4(986 987 1020 1019)
4(1019 1020 1053 1052)
4(1052 1053 1086 1085)
4(1085 1086 1119 1118)
4(1118 1119 1152 1151)
4(1151 1152 1185 1184)
4(1184 1185 1218 1217)
4(1217 1218 1251 1250)
4(1250 1251 1284 1283)
4(1283 1284 1317 1316)
4(1316 1317 1350 1349)
4(1349 1350 1383 1382)
4(1382 1383 1416 1415)
4(1415 1416 1449 1448)
4(1448 1449 1482 1481)
4(1481 1482 1515 1514)
4(1514 1515 1548 1547)
4(1547 1548 1581 1580)
4(1580 1581 1614 1613)
4(1613 1614 1647 1646)
4(1646 1647 1680 1679)
4(1679 1680 1713 1712)
4(1712 1713 1746 1745)
4(1745 1746 1779 1778)
4(1778 1779 1812 1811)
4(1811 1812 1845 1844)
4(1844 1845 1878 1877)
4(30 31 988 987)
4(987 988 1021 1020)
4(1020 1021 1054 1053)
4(1053 1054 1087 1086)
4(1086 1087 1120 1119)
4(1119 1120 1153 1152)
4(1152 1153 1186 1185)
4(1185 1186 1219 1218)
4(1218 1219 1252 1251)
4(1251 1252 1285 1284)
4(1284 1285 1318 1317)
4(1317 1318 1351 1350)
4(1350 1351 1384 1383)
4(1383 1384 1417 1416)
4(1416 1417 1450 1449)
4(1449 1450 1483 1482)
4(1482 1483 1516 1515)
4(1515 1516 1549 1548)
4(1548 1549 1582 1581)
4(1581 1582 1615 1614)
4(1614 1615 1648 1647)
4(1647 1648 1681 1680)
4(1680 1681 1714 1713)
4(1713 1714 1747 1746)
4(1746 1747 1780 1779)
4(1779 1780 1813 1812)
4(1812 1813 1846 1845)
4(1845 1846 1879 1878)
4(31 32 989 988)
4(988 989 1022 1021)
4(1021 1022 1055 1054)
4(1054 1055 1088 1087)
4(1087 1088 1121 1120)
4(1120 1121 1154 1153)
4(1153 1154 1187 1186)
4(1186 1187 1220 1219)
4(1219 1220 1253 1252)
4(1252 1253 1286 1285)
4(1285 1286 1319 1318)
4(1318 1319 1352 1351)
4(1351 1352 1385 1384)
4(1384 1385 1418 1417)
4(1417 1418 1451 1450)
4(1450 1451 1484 1483)
4(1483 1484 1517 1516)
4(1516 1517 1550 1549)
4(1549 1550 1583 1582)
4(1582 1583 1616 1615)
4(1615 1616 1649 1648)
4(1648 1649 1682 1681)
4(1681 1682 1715 1714)
4(1714 1715 1748 1747)
4(1747 1748 1781 1780)
4(1780 1781 1814 1813)
4(1813 1814 1847 1846)
4(1846 1847 1880 1879)
4(32 1881 4549 989)
4(989 4549 4641 1022)
4(1022 4641 4733 1055)
4(1055 4733 4825 1088)
4(1088 4825 4917 1121)
4(1121 4917 5009 1154)
4(1154 5009 5101 1187)
4(1187 5101 5193 1220)
4(1220 5193 5285 1253)
4(1253 5285 5377 1286)
4(1286 5377 5469 1319)
4(1319 5469 5561 1352)
4(1352 5561 5653 1385)
4(1385 5653 5745 1418)
4(1418 5745 5837 1451)
4(1451 5837 5929 1484)
4(1484 5929 6021 1517)
4(1517 6021 6113 1550)
4(1550 6113 6205 1583)
4(1583 6205 6297 1616)
4(1616 6297 6389 1649)
4(1649 6389 6481 1682)
4(1682 6481 6573 1715)
4(1715 6573 6665 1748)
4(1748 6665 6757 1781)
4(1781 6757 6849 1814)
4(1814 6849 6941 1847)
4(1847 6941 7033 1880)
4(1881 1882 4550 4549)
4(4549 4550 4642 4641)
4(4641 4642 4734 4733)
4(4733 4734 4826 4825)
4(4825 4826 4918 4917)
4(4917 4918 5010 5009)
4(5009 5010 5102 5101)
4(5101 5102 5194 5193)
4(5193 5194 5286 5285)
4(5285 5286 5378 5377)
4(5377 5378 5470 5469)
4(5469 5470 5562 5561)
4(5561 5562 5654 5653)
4(5653 5654 5746 5745)
4(5745 5746 5838 5837)
4(5837 5838 5930 5929)
4(5929 5930 6022 6021)
4(6021 6022 6114 6113)
4(6113 6114 6206 6205)
4(6205 6206 6298 6297)
4(6297 6298 6390 6389)
4(6389 6390 6482 6481)
4(6481 6482 6574 6573)
4(6573 6574 6666 6665)
4(6665 6666 6758 6757)
4(6757 6758 6850 6849)
4(6849 6850 6942 6941)
4(6941 6942 7034 7033)
4(1882 1883 4551 4550)
4(4550 4551 4643 4642)
4(4642 4643 4735 4734)
4(4734 4735 4827 4826)
4(4826 4827 4919 4918)
4(4918 4919 5011 5010)
4(5010 5011 5103 5102)
4(5102 5103 5195 5194)
4(5194 5195 5287 5286)
4(5286 5287 5379 5378)
4(5378 5379 5471 5470)
4(5470 5471 5563 5562)
4(5562 5563 5655 5654)
4(5654 5655 5747 5746)
4(5746 5747 5839 5838)
4(5838 5839 5931 5930)
4(5930 5931 6023 6022)
4(6022 6023 6115 6114)
4(6114 6115 6207 6206)
4(6206 6207 6299 6298)
4(6298 6299 6391 6390)
4(6390 6391 6483 6482)
4(6482 6483 6575 6574)
4(6574 6575 6667 6666)
4(6666 6667 6759 6758)
4(6758 6759 6851 6850)
4(6850 6851 6943 6942)
4(6942 6943 7035 7034)
4(1883 1884 4552 4551)
4(4551 4552 4644 4643)
4(4643 4644 4736 4735)
4(4735 4736 4828 4827)
4(4827 4828 4920 4919)
4(4919 4920 5012 5011)
4(5011 5012 5104 5103)
4(5103 5104 5196 5195)
4(5195 5196 5288 5287)
4(5287 5288 5380 5379)
4(5379 5380 5472 5471)
4(5471 5472 5564 5563)
4(5563 5564 5656 5655)
4(5655 5656 5748 5747)
4(5747 5748 5840 5839)
4(5839 5840 5932 5931)
4(5931 5932 6024 6023)
4(6023 6024 6116 6115)
4(6115 6116 6208 6207)
4(6207 6208 6300 6299)
4(6299 6300 6392 6391)
4(6391 6392 6484 6483)
4(6483 6484 6576 6575)
4(6575 6576 6668 6667)
4(6667 6668 6760 6759)
4(6759 6760 6852 6851)
4(6851 6852 6944 6943)
4(6943 6944 7036 7035)
4(1884 1885 4553 4552)
4(4552 4553 4645 4644)
4(4644 4645 4737 4736)
4(4736 4737 4829 4828)
4(4828 4829 4921 4920)
4(4920 4921 5013 5012)
4(5012 5013 5105 5104)
4(5104 5105 5197 5196)
4(5196 5197 5289 5288)
4(5288 5289 5381 5380)
4(5380 5381 5473 5472)
4(5472 5473 5565 5564)
4(5564 5565 5657 5656)
4(5656 5657 5749 5748)
4(5748 5749 5841 5840)
4(5840 5841 5933 5932)
4(5932 5933 6025 6024)
4(6024 6025 6117 6116)
4(6116 6117 6209 6208)
4(6208 6209 6301 6300)
4(6300 6301 6393 6392)
4(6392 6393 6485 6484)
4(6484 6485 6577 6576)
4(6576 6577 6669 6668)
4(6668 6669 6761 6760)
4(6760 6761 6853 6852)
4(6852 6853 6945 6944)
4(6944 6945 7037 7036)
4(1885 1886 4554 4553)
4(4553 4554 4646 4645)
4(4645 4646 4738 4737)
4(4737 4738 4830 4829)
4(4829 4830 4922 4921)
4(4921 4922 5014 5013)
4(5013 5014 5106 5105)
4(5105 5106 5198 5197)
4(5197 5198 5290 5289)
4(5289 5290 5382 5381)
4(5381 5382 5474 5473)
4(5473 5474 5566 5565)
4(5565 5566 5658 5657)
4(5657 5658 5750 5749)
4(5749 5750 5842 5841)
4(5841 5842 5934 5933)
4(5933 5934 6026 6025)
4(6025 6026 6118 6117)
4(6117 6118 6210 6209)
4(6209 6210 6302 6301)
4(6301 6302 6394 6393)
4(6393 6394 6486 6485)
4(6485 6486 6578 6577)
4(6577 6578 6670 6669)
4(6669 6670 6762 6761)
4(6761 6762 6854 6853)
4(6853 6854 6946 6945)
4(6945 6946 7038 7037)
4(1886 1887 4555 4554)
4(4554 4555 4647 4646)
4(4646 4647 4739 4738)
4(4738 4739 4831 4830)
4(4830 4831 4923 4922)
4(4922 4923 5015 5014)
4(5014 5015 5107 5106)
4(5106 5107 5199 5198)
4(5198 5199 5291 5290)
4(5290 5291 5383 5382)
4(5382 5383 5475 5474)
4(5474 5475 5567 5566)
4(5566 5567 5659 5658)
4(5658 5659 5751 5750)
4(5750 5751 5843 5842)
4(5842 5843 5935 5934)
4(5934 5935 6027 6026)
4(6026 6027 6119 6118)
4(6118 6119 6211 6210)
4(6210 6211 6303 6302)
4(6302 6303 6395 6394)
4(6394 6395 6487 6486)
4(6486 6487 6579 6578)
4(6578 6579 6671 6670)
4(6670 6671 6763 6762)
4(6762 6763 6855 6854)
4(6854 6855 6947 6946)
4(6946 6947 7039 7038)
4(1887 1888 4556 4555)
4(4555 4556 4648 4647)
4(4647 4648 4740 4739)
4(4739 4740 4832 4831)
4(4831 4832 4924 4923)
4(4923 4924 5016 5015)
4(5015 5016 5108 5107)
4(5107 5108 5200 5199)
4(5199 5200 5292 5291)
4(5291 5292 5384 5383)
4(5383 5384 5476 5475)
4(5475 5476 5568 5567)
4(5567 5568 5660 5659)
4(5659 5660 5752 5751)
4(5751 5752 5844 5843)
4(5843 5844 5936 5935)
4(5935 5936 6028 6027)
4(6027 6028 6120 6119)
4(6119 6120 6212 6211)
4(6211 6212 6304 6303)
4(6303 6304 6396 6395)
4(6395 6396 6488 6487)
4(6487 6488 6580 6579)
4(6579 6580 6672 6671)
4(6671 6672 6764 6763)
4(6763 6764 6856 6855)
4(6855 6856 6948 6947)
4(6947 6948 7040 7039)
4(1888 1889 4557 4556)
4(4556 4557 4649 4648)
4(4648 4649 4741 4740)
4(4740 4741 4833 4832)
4(4832 4833 4925 4924)
4(4924 4925 5017 5016)
4(5016 5017 5109 5108)
4(5108 5109 5201 5200)
4(5200 5201 5293 5292)
4(5292 5293 5385 5384)
4(5384 5385 5477 5476)
4(5476 5477 5569 5568)
4(5568 5569 5661 5660)
4(5660 5661 5753 5752)
4(5752 5753 5845 5844)
4(5844 5845 5937 5936)
4(5936 5937 6029 6028)
4(6028 6029 6121 6120)
4(6120 6121 6213 6212)
4(6212 6213 6305 6304)
4(6304 6305 6397 6396)
4(6396 6397 6489 6488)
4(6488 6489 6581 6580)
4(6580 6581 6673 6672)
4(6672 6673 6765 6764)
4(6764 6765 6857 6856)
4(6856 6857 6949 6948)
4(6948 6949 7041 7040)
4(1889 1890 4558 4557)
4(4557 4558 4650 4649)
4(4649 4650 4742 4741)
4(4741 4742 4834 4833)
4(4833 4834 4926 4925)
4(4925 4926 5018 5017)
4(5017 5018 5110 5109)
4(5109 5110 5202 5201)
4(5201 5202 5294 5293)
4(5293 5294 5386 5385)
4(5385 5386 5478 5477)
4(5477 5478 5570 5569)
4(5569 5570 5662 5661)
4(5661 5662 5754 5753)
4(5753 5754 5846 5845)
4(5845 5846 5938 5937)
4(5937 5938 6030 6029)
4(6029 6030 6122 6121)
4(6121 6122 6214 6213)
4(6213 6214 6306 6305)
4(6305 6306 6398 6397)
4(6397 6398 6490 6489)
4(6489 6490 6582 6581)
4(6581 6582 6674 6673)
4(6673 6674 6766 6765)
4(6765 6766 6858 6857)
4(6857 6858 6950 6949)
4(6949 6950 7042 7041)
4(1890 1891 4559 4558)
4(4558 4559 4651 4650)
4(4650 4651 4743 4742)
4(4742 4743 4835 4834)
4(4834 4835 4927 4926)
4(4926 4927 5019 5018)
4(5018 5019 5111 5110)
4(5110 5111 5203 5202)
4(5202 5203 5295 5294)
4(5294 5295 5387 5386)
4(5386 5387 5479 5478)
4(5478 5479 5571 5570)
4(5570 5571 5663 5662)
4(5662 5663 5755 5754)
4(5754 5755 5847 5846)
4(5846 5847 5939 5938)
4(5938 5939 6031 6030)
4(6030 6031 6123 6122)
4(6122 6123 6215 6214)
4(6214 6215 6307 6306)
4(6306 6307 6399 6398)
4(6398 6399 6491 6490)
4(6490 6491 6583 6582)
4(6582 6583 6675 6674)
4(6674 6675 6767 6766)
4(6766 6767 6859 6858)
4(6858 6859 6951 6950)
4(6950 6951 7043 7042)
4(1891 1892 4560 4559)
4(4559 4560 4652 4651)
4(4651 4652 4744 4743)
4(4743 4744 4836 4835)
4(4835 4836 4928 4927)
4(4927 4928 5020 5019)
4(5019 5020 5112 5111)
4(5111 5112 5204 5203)
4(5203 5204 5296 5295)
4(5295 5296 5388 5387)
4(5387 5388 5480 5479)
4(5479 5480 5572 5571)
4(5571 5572 5664 5663)
4(5663 5664 5756 5755)
4(5755 5756 5848 5847)
4(5847 5848 5940 5939)
4(5939 5940 6032 6031)
4(6031 6032 6124 6123)
4(6123 6124 6216 6215)
4(6215 6216 6308 6307)
4(6307 6308 6400 6399)
4(6399 6400 6492 6491)
4(6491 6492 6584 6583)
4(6583 6584 6676 6675)
4(6675 6676 6768 6767)
4(6767 6768 6860 6859)
4(6859 6860 6952 6951)
4(6951 6952 7044 7043)
4(1892 1893 4561 4560)
4(4560 4561 4653 4652)
4(4652 4653 4745 4744)
4(4744 4745 4837 4836)
4(4836 4837 4929 4928)
4(4928 4929 5021 5020)
4(5020 5021 5113 5112)
4(5112 5113 5205 5204)
4(5204 5205 5297 5296)
4(5296 5297 5389 5388)
4(5388 5389 5481 5480)
4(5480 5481 5573 5572)
4(5572 5573 5665 5664)
4(5664 5665 5757 5756)
4(5756 5757 5849 5848)
4(5848 5849 5941 5940)
4(5940 5941 6033 6032)
4(6032 6033 6125 6124)
4(6124 6125 6217 6216)
4(6216 6217 6309 6308)
4(6308 6309 6401 6400)
4(6400 6401 6493 6492)
4(6492 6493 6585 6584)
4(6584 6585 6677 6676)
4(6676 6677 6769 6768)
4(6768 6769 6861 6860)
4(6860 6861 6953 6952)
4(6952 6953 7045 7044)
4(1893 1894 4562 4561)
4(4561 4562 4654 4653)
4(4653 4654 4746 4745)
4(4745 4746 4838 4837)
4(4837 4838 4930 4929)
4(4929 4930 5022 5021)
4(5021 5022 5114 5113)
4(5113 5114 5206 5205)
4(5205 5206 5298 5297)
4(5297 5298 5390 5389)
4(5389 5390 5482 5481)
4(5481 5482 5574 5573)
4(5573 5574 5666 5665)
4(5665 5666 5758 5757)
4(5757 5758 5850 5849)
4(5849 5850 5942 5941)
4(5941 5942 6034 6033)
4(6033 6034 6126 6125)
4(6125 6126 6218 6217)
4(6217 6218 6310 6309)
4(6309 6310 6402 6401)
4(6401 6402 6494 6493)
4(6493 6494 6586 6585)
4(6585 6586 6678 6677)
4(6677 6678 6770 6769)
4(6769 6770 6862 6861)
4(6861 6862 6954 6953)
4(6953 6954 7046 7045)
4(1894 1895 4563 4562)
4(4562 4563 4655 4654)
4(4654 4655 4747 4746)
4(4746 4747 4839 4838)
4(4838 4839 4931 4930)
4(4930 4931 5023 5022)
4(5022 5023 5115 5114)
4(5114 5115 5207 5206)
4(5206 5207 5299 5298)
4(5298 5299 5391 5390)
4(5390 5391 5483 5482)
4(5482 5483 5575 5574)
4(5574 5575 5667 5666)
4(5666 5667 5759 5758)
4(5758 5759 5851 5850)
4(5850 5851 5943 5942)
4(5942 5943 6035 6034)
4(6034 6035 6127 6126)
4(6126 6127 6219 6218)
4(6218 6219 6311 6310)
4(6310 6311 6403 6402)
4(6402 6403 6495 6494)
4(6494 6495 6587 6586)
4(6586 6587 6679 6678)
4(6678 6679 6771 6770)
4(6770 6771 6863 6862)
4(6862 6863 6955 6954)
4(6954 6955 7047 7046)
4(1895 1896 4564 4563)
4(4563 4564 4656 4655)
4(4655 4656 4748 4747)
4(4747 4748 4840 4839)
4(4839 4840 4932 4931)
4(4931 4932 5024 5023)
4(5023 5024 5116 5115)
4(5115 5116 5208 5207)
4(5207 5208 5300 5299)
4(5299 5300 5392 5391)
4(5391 5392 5484 5483)
4(5483 5484 5576 5575)
4(5575 5576 5668 5667)
4(5667 5668 5760 5759)
4(5759 5760 5852 5851)
4(5851 5852 5944 5943)
4(5943 5944 6036 6035)
4(6035 6036 6128 6127)
4(6127 6128 6220 6219)
4(6219 6220 6312 6311)
4(6311 6312 6404 6403)
4(6403 6404 6496 6495)
4(6495 6496 6588 6587)
4(6587 6588 6680 6679)
4(6679 6680 6772 6771)
4(6771 6772 6864 6863)
4(6863 6864 6956 6955)
4(6955 6956 7048 7047)
4(1896 1897 4565 4564)
4(4564 4565 4657 4656)
4(4656 4657 4749 4748)
4(4748 4749 4841 4840)
4(4840 4841 4933 4932)
4(4932 4933 5025 5024)
4(5024 5025 5117 5116)
4(5116 5117 5209 5208)
4(5208 5209 5301 5300)
4(5300 5301 5393 5392)
4(5392 5393 5485 5484)
4(5484 5485 5577 5576)
4(5576 5577 5669 5668)
4(5668 5669 5761 5760)
4(5760 5761 5853 5852)
4(5852 5853 5945 5944)
4(5944 5945 6037 6036)
4(6036 6037 6129 6128)
4(6128 6129 6221 6220)
4(6220 6221 6313 6312)
4(6312 6313 6405 6404)
4(6404 6405 6497 6496)
4(6496 6497 6589 6588)
4(6588 6589 6681 6680)
4(6680 6681 6773 6772)
4(6772 6773 6865 6864)
4(6864 6865 6957 6956)
4(6956 6957 7049 7048)
4(1897 1898 4566 4565)
4(4565 4566 4658 4657)
4(4657 4658 4750 4749)
4(4749 4750 4842 4841)
4(4841 4842 4934 4933)
4(4933 4934 5026 5025)
4(5025 5026 5118 5117)
4(5117 5118 5210 5209)
4(5209 5210 5302 5301)
4(5301 5302 5394 5393)
4(5393 5394 5486 5485)
4(5485 5486 5578 5577)
4(5577 5578 5670 5669)
4(5669 5670 5762 5761)
4(5761 5762 5854 5853)
4(5853 5854 5946 5945)
4(5945 5946 6038 6037)
4(6037 6038 6130 6129)
4(6129 6130 6222 6221)
4(6221 6222 6314 6313)
4(6313 6314 6406 6405)
4(6405 6406 6498 6497)
4(6497 6498 6590 6589)
4(6589 6590 6682 6681)
4(6681 6682 6774 6773)
4(6773 6774 6866 6865)
4(6865 6866 6958 6957)
4(6957 6958 7050 7049)
4(1898 1899 4567 4566)
4(4566 4567 4659 4658)
4(4658 4659 4751 4750)
4(4750 4751 4843 4842)
4(4842 4843 4935 4934)
4(4934 4935 5027 5026)
4(5026 5027 5119 5118)
4(5118 5119 5211 5210)
4(5210 5211 5303 5302)
4(5302 5303 5395 5394)
4(5394 5395 5487 5486)
4(5486 5487 5579 5578)
4(5578 5579 5671 5670)
4(5670 5671 5763 5762)
4(5762 5763 5855 5854)
4(5854 5855 5947 5946)
4(5946 5947 6039 6038)
4(6038 6039 6131 6130)
4(6130 6131 6223 6222)
4(6222 6223 6315 6314)
4(6314 6315 6407 6406)
4(6406 6407 6499 6498)
4(6498 6499 6591 6590)
4(6590 6591 6683 6682)
4(6682 6683 6775 6774)
4(6774 6775 6867 6866)
4(6866 6867 6959 6958)
4(6958 6959 7051 7050)
4(1899 1900 4568 4567)
4(4567 4568 4660 4659)
4(4659 4660 4752 4751)
4(4751 4752 4844 4843)
4(4843 4844 4936 4935)
4(4935 4936 5028 5027)
4(5027 5028 5120 5119)
4(5119 5120 5212 5211)
4(5211 5212 5304 5303)
4(5303 5304 5396 5395)
4(5395 5396 5488 5487)
4(5487 5488 5580 5579)
4(5579 5580 5672 5671)
4(5671 5672 5764 5763)
4(5763 5764 5856 5855)
4(5855 5856 5948 5947)
4(5947 5948 6040 6039)
4(6039 6040 6132 6131)
4(6131 6132 6224 6223)
4(6223 6224 6316 6315)
4(6315 6316 6408 6407)
4(6407 6408 6500 6499)
4(6499 6500 6592 6591)
4(6591 6592 6684 6683)
4(6683 6684 6776 6775)
4(6775 6776 6868 6867)
4(6867 6868 6960 6959)
4(6959 6960 7052 7051)
4(1900 1901 4569 4568)
4(4568 4569 4661 4660)
4(4660 4661 4753 4752)
4(4752 4753 4845 4844)
4(4844 4845 4937 4936)
4(4936 4937 5029 5028)
4(5028 5029 5121 5120)
4(5120 5121 5213 5212)
4(5212 5213 5305 5304)
4(5304 5305 5397 5396)
4(5396 5397 5489 5488)
4(5488 5489 5581 5580)
4(5580 5581 5673 5672)
4(5672 5673 5765 5764)
4(5764 5765 5857 5856)
4(5856 5857 5949 5948)
4(5948 5949 6041 6040)
4(6040 6041 6133 6132)
4(6132 6133 6225 6224)
4(6224 6225 6317 6316)
4(6316 6317 6409 6408)
4(6408 6409 6501 6500)
4(6500 6501 6593 6592)
4(6592 6593 6685 6684)
4(6684 6685 6777 6776)
4(6776 6777 6869 6868)
4(6868 6869 6961 6960)
4(6960 6961 7053 7052)
4(1901 1902 4570 4569)
4(4569 4570 4662 4661)
4(4661 4662 4754 4753)
4(4753 4754 4846 4845)
4(4845 4846 4938 4937)
4(4937 4938 5030 5029)
4(5029 5030 5122 5121)
4(5121 5122 5214 5213)
4(5213 5214 5306 5305)
4(5305 5306 5398 5397)
4(5397 5398 5490 5489)
4(5489 5490 5582 5581)
4(5581 5582 5674 5673)
4(5673 5674 5766 5765)
4(5765 5766 5858 5857)
4(5857 5858 5950 5949)
4(5949 5950 6042 6041)
4(6041 6042 6134 6133)
4(6133 6134 6226 6225)
4(6225 6226 6318 6317)
4(6317 6318 6410 6409)
4(6409 6410 6502 6501)
4(6501 6502 6594 6593)
4(6593 6594 6686 6685)
4(6685 6686 6778 6777)
4(6777 6778 6870 6869)
4(6869 6870 6962 6961)
4(6961 6962 7054 7053)
4(1902 1903 4571 4570)
4(4570 4571 4663 4662)
4(4662 4663 4755 4754)
4(4754 4755 4847 4846)
4(4846 4847 4939 4938)
4(4938 4939 5031 5030)
4(5030 5031 5123 5122)
4(5122 5123 5215 5214)
4(5214 5215 5307 5306)
4(5306 5307 5399 5398)
4(5398 5399 5491 5490)
4(5490 5491 5583 5582)
4(5582 5583 5675 5674)
4(5674 5675 5767 5766)
4(5766 5767 5859 5858)
4(5858 5859 5951 5950)
4(5950 5951 6043 6042)
4(6042 6043 6135 6134)
4(6134 6135 6227 6226)
4(6226 6227 6319 6318)
4(6318 6319 6411 6410)
4(6410 6411 6503 6502)
4(6502 6503 6595 6594)
4(6594 6595 6687 6686)
4(6686 6687 6779 6778)
4(6778 6779 6871 6870)
4(6870 6871 6963 6962)
4(6962 6963 7055 7054)
4(1903 1904 4572 4571)
4(4571 4572 4664 4663)
4(4663 4664 4756 4755)
4(4755 4756 4848 4847)
4(4847 4848 4940 4939)
4(4939 4940 5032 5031)
4(5031 5032 5124 5123)
4(5123 5124 5216 5215)
4(5215 5216 5308 5307)
4(5307 5308 5400 5399)
4(5399 5400 5492 5491)
4(5491 5492 5584 5583)
4(5583 5584 5676 5675)
4(5675 5676 5768 5767)
4(5767 5768 5860 5859)
4(5859 5860 5952 5951)
4(5951 5952 6044 6043)
4(6043 6044 6136 6135)
4(6135 6136 6228 6227)
4(6227 6228 6320 6319)
4(6319 6320 6412 6411)
4(6411 6412 6504 6503)
4(6503 6504 6596 6595)
4(6595 6596 6688 6687)
4(6687 6688 6780 6779)
4(6779 6780 6872 6871)
4(6871 6872 6964 6963)
4(6963 6964 7056 7055)
4(1904 1905 4573 4572)
4(4572 4573 4665 4664)
4(4664 4665 4757 4756)
4(4756 4757 4849 4848)
4(4848 4849 4941 4940)
4(4940 4941 5033 5032)
4(5032 5033 5125 5124)
4(5124 5125 5217 5216)
4(5216 5217 5309 5308)
4(5308 5309 5401 5400)
4(5400 5401 5493 5492)
4(5492 5493 5585 5584)
4(5584 5585 5677 5676)
4(5676 5677 5769 5768)
4(5768 5769 5861 5860)
4(5860 5861 5953 5952)
4(5952 5953 6045 6044)
4(6044 6045 6137 6136)
4(6136 6137 6229 6228)
4(6228 6229 6321 6320)
4(6320 6321 6413 6412)
4(6412 6413 6505 6504)
4(6504 6505 6597 6596)
4(6596 6597 6689 6688)
4(6688 6689 6781 6780)
4(6780 6781 6873 6872)
4(6872 6873 6965 6964)
4(6964 6965 7057 7056)
4(1905 1906 4574 4573)
4(4573 4574 4666 4665)
4(4665 4666 4758 4757)
4(4757 4758 4850 4849)
4(4849 4850 4942 4941)
4(4941 4942 5034 5033)
4(5033 5034 5126 5125)
4(5125 5126 5218 5217)
4(5217 5218 5310 5309)
4(5309 5310 5402 5401)
4(5401 5402 5494 5493)
4(5493 5494 5586 5585)
4(5585 5586 5678 5677)
4(5677 5678 5770 5769)
4(5769 5770 5862 5861)
4(5861 5862 5954 5953)
4(5953 5954 6046 6045)
4(6045 6046 6138 6137)
4(6137 6138 6230 6229)
4(6229 6230 6322 6321)
4(6321 6322 6414 6413)
4(6413 6414 6506 6505)
4(6505 6506 6598 6597)
4(6597 6598 6690 6689)
4(6689 6690 6782 6781)
4(6781 6782 6874 6873)
4(6873 6874 6966 6965)
4(6965 6966 7058 7057)
4(1906 1907 4575 4574)
4(4574 4575 4667 4666)
4(4666 4667 4759 4758)
4(4758 4759 4851 4850)
4(4850 4851 4943 4942)
4(4942 4943 5035 5034)
4(5034 5035 5127 5126)
4(5126 5127 5219 5218)
4(5218 5219 5311 5310)
4(5310 5311 5403 5402)
4(5402 5403 5495 5494)
4(5494 5495 5587 5586)
4(5586 5587 5679 5678)
4(5678 5679 5771 5770)
4(5770 5771 5863 5862)
4(5862 5863 5955 5954)
4(5954 5955 6047 6046)
4(6046 6047 6139 6138)
4(6138 6139 6231 6230)
4(6230 6231 6323 6322)
4(6322 6323 6415 6414)
4(6414 6415 6507 6506)
4(6506 6507 6599 6598)
4(6598 6599 6691 6690)
4(6690 6691 6783 6782)
4(6782 6783 6875 6874)
4(6874 6875 6967 6966)
4(6966 6967 7059 7058)
4(1907 1908 4576 4575)
4(4575 4576 4668 4667)
4(4667 4668 4760 4759)
4(4759 4760 4852 4851)
4(4851 4852 4944 4943)
4(4943 4944 5036 5035)
4(5035 5036 5128 5127)
4(5127 5128 5220 5219)
4(5219 5220 5312 5311)
4(5311 5312 5404 5403)
4(5403 5404 5496 5495)
4(5495 5496 5588 5587)
4(5587 5588 5680 5679)
4(5679 5680 5772 5771)
4(5771 5772 5864 5863)
4(5863 5864 5956 5955)
4(5955 5956 6048 6047)
4(6047 6048 6140 6139)
4(6139 6140 6232 6231)
4(6231 6232 6324 6323)
4(6323 6324 6416 6415)
4(6415 6416 6508 6507)
4(6507 6508 6600 6599)
4(6599 6600 6692 6691)
4(6691 6692 6784 6783)
4(6783 6784 6876 6875)
4(6875 6876 6968 6967)
4(6967 6968 7060 7059)
4(1908 1909 4577 4576)
4(4576 4577 4669 4668)
4(4668 4669 4761 4760)
4(4760 4761 4853 4852)
4(4852 4853 4945 4944)
4(4944 4945 5037 5036)
4(5036 5037 5129 5128)
4(5128 5129 5221 5220)
4(5220 5221 5313 5312)
4(5312 5313 5405 5404)
4(5404 5405 5497 5496)
4(5496 5497 5589 5588)
4(5588 5589 5681 5680)
4(5680 5681 5773 5772)
4(5772 5773 5865 5864)
4(5864 5865 5957 5956)
4(5956 5957 6049 6048)
4(6048 6049 6141 6140)
4(6140 6141 6233 6232)
4(6232 6233 6325 6324)
4(6324 6325 6417 6416)
4(6416 6417 6509 6508)
4(6508 6509 6601 6600)
4(6600 6601 6693 6692)
4(6692 6693 6785 6784)
4(6784 6785 6877 6876)
4(6876 6877 6969 6968)
4(6968 6969 7061 7060)
4(1909 1910 4578 4577)
4(4577 4578 4670 4669)
4(4669 4670 4762 4761)
4(4761 4762 4854 4853)
4(4853 4854 4946 4945)
4(4945 4946 5038 5037)
4(5037 5038 5130 5129)
4(5129 5130 5222 5221)
4(5221 5222 5314 5313)
4(5313 5314 5406 5405)
4(5405 5406 5498 5497)
4(5497 5498 5590 5589)
4(5589 5590 5682 5681)
4(5681 5682 5774 5773)
4(5773 5774 5866 5865)
4(5865 5866 5958 5957)
4(5957 5958 6050 6049)
4(6049 6050 6142 6141)
4(6141 6142 6234 6233)
4(6233 6234 6326 6325)
4(6325 6326 6418 6417)
4(6417 6418 6510 6509)
4(6509 6510 6602 6601)
4(6601 6602 6694 6693)
4(6693 6694 6786 6785)
4(6785 6786 6878 6877)
4(6877 6878 6970 6969)
4(6969 6970 7062 7061)
4(1910 1911 4579 4578)
4(4578 4579 4671 4670)
4(4670 4671 4763 4762)
4(4762 4763 4855 4854)
4(4854 4855 4947 4946)
4(4946 4947 5039 5038)
4(5038 5039 5131 5130)
4(5130 5131 5223 5222)
4(5222 5223 5315 5314)
4(5314 5315 5407 5406)
4(5406 5407 5499 5498)
4(5498 5499 5591 5590)
4(5590 5591 5683 5682)
4(5682 5683 5775 5774)
4(5774 5775 5867 5866)
4(5866 5867 5959 5958)
4(5958 5959 6051 6050)
4(6050 6051 6143 6142)
4(6142 6143 6235 6234)
4(6234 6235 6327 6326)
4(6326 6327 6419 6418)
4(6418 6419 6511 6510)
4(6510 6511 6603 6602)
4(6602 6603 6695 6694)
4(6694 6695 6787 6786)
4(6786 6787 6879 6878)
4(6878 6879 6971 6970)
4(6970 6971 7063 7062)
4(1911 1912 4580 4579)
4(4579 4580 4672 4671)
4(4671 4672 4764 4763)
4(4763 4764 4856 4855)
4(4855 4856 4948 4947)
4(4947 4948 5040 5039)
4(5039 5040 5132 5131)
4(5131 5132 5224 5223)
4(5223 5224 5316 5315)
4(5315 5316 5408 5407)
4(5407 5408 5500 5499)
4(5499 5500 5592 5591)
4(5591 5592 5684 5683)
4(5683 5684 5776 5775)
4(5775 5776 5868 5867)
4(5867 5868 5960 5959)
4(5959 5960 6052 6051)
4(6051 6052 6144 6143)
4(6143 6144 6236 6235)
4(6235 6236 6328 6327)
4(6327 6328 6420 6419)
4(6419 6420 6512 6511)
4(6511 6512 6604 6603)
4(6603 6604 6696 6695)
4(6695 6696 6788 6787)
4(6787 6788 6880 6879)
4(6879 6880 6972 6971)
4(6971 6972 7064 7063)
4(1912 1913 4581 4580)
4(4580 4581 4673 4672)
4(4672 4673 4765 4764)
4(4764 4765 4857 4856)
4(4856 4857 4949 4948)
4(4948 4949 5041 5040)
4(5040 5041 5133 5132)
4(5132 5133 5225 5224)
4(5224 5225 5317 5316)
4(5316 5317 5409 5408)
4(5408 5409 5501 5500)
4(5500 5501 5593 5592)
4(5592 5593 5685 5684)
4(5684 5685 5777 5776)
4(5776 5777 5869 5868)
4(5868 5869 5961 5960)
4(5960 5961 6053 6052)
4(6052 6053 6145 6144)
4(6144 6145 6237 6236)
4(6236 6237 6329 6328)
4(6328 6329 6421 6420)
4(6420 6421 6513 6512)
4(6512 6513 6605 6604)
4(6604 6605 6697 6696)
4(6696 6697 6789 6788)
4(6788 6789 6881 6880)
4(6880 6881 6973 6972)
4(6972 6973 7065 7064)
4(1913 1914 4582 4581)
4(4581 4582 4674 4673)
4(4673 4674 4766 4765)
4(4765 4766 4858 4857)
4(4857 4858 4950 4949)
4(4949 4950 5042 5041)
4(5041 5042 5134 5133)
4(5133 5134 5226 5225)
4(5225 5226 5318 5317)
4(5317 5318 5410 5409)
4(5409 5410 5502 5501)
4(5501 5502 5594 5593)
4(5593 5594 5686 5685)
4(5685 5686 5778 5777)
4(5777 5778 5870 5869)
4(5869 5870 5962 5961)
4(5961 5962 6054 6053)
4(6053 6054 6146 6145)
4(6145 6146 6238 6237)
4(6237 6238 6330 6329)
4(6329 6330 6422 6421)
4(6421 6422 6514 6513)
4(6513 6514 6606 6605)
4(6605 6606 6698 6697)
4(6697 6698 6790 6789)
4(6789 6790 6882 6881)
4(6881 6882 6974 6973)
4(6973 6974 7066 7065)
4(1914 1915 4583 4582)
4(4582 4583 4675 4674)
4(4674 4675 4767 4766)
4(4766 4767 4859 4858)
4(4858 4859 4951 4950)
4(4950 4951 5043 5042)
4(5042 5043 5135 5134)
4(5134 5135 5227 5226)
4(5226 5227 5319 5318)
4(5318 5319 5411 5410)
4(5410 5411 5503 5502)
4(5502 5503 5595 5594)
4(5594 5595 5687 5686)
4(5686 5687 5779 5778)
4(5778 5779 5871 5870)
4(5870 5871 5963 5962)
4(5962 5963 6055 6054)
4(6054 6055 6147 6146)
4(6146 6147 6239 6238)
4(6238 6239 6331 6330)
4(6330 6331 6423 6422)
4(6422 6423 6515 6514)
4(6514 6515 6607 6606)
4(6606 6607 6699 6698)
4(6698 6699 6791 6790)
4(6790 6791 6883 6882)
4(6882 6883 6975 6974)
4(6974 6975 7067 7066)
4(1915 1916 4584 4583)
4(4583 4584 4676 4675)
4(4675 4676 4768 4767)
4(4767 4768 4860 4859)
4(4859 4860 4952 4951)
4(4951 4952 5044 5043)
4(5043 5044 5136 5135)
4(5135 5136 5228 5227)
4(5227 5228 5320 5319)
4(5319 5320 5412 5411)
4(5411 5412 5504 5503)
4(5503 5504 5596 5595)
4(5595 5596 5688 5687)
4(5687 5688 5780 5779)
4(5779 5780 5872 5871)
4(5871 5872 5964 5963)
4(5963 5964 6056 6055)
4(6055 6056 6148 6147)
4(6147 6148 6240 6239)
4(6239 6240 6332 6331)
4(6331 6332 6424 6423)
4(6423 6424 6516 6515)
4(6515 6516 6608 6607)
4(6607 6608 6700 6699)
4(6699 6700 6792 6791)
4(6791 6792 6884 6883)
4(6883 6884 6976 6975)
4(6975 6976 7068 7067)
4(1916 1917 4585 4584)
4(4584 4585 4677 4676)
4(4676 4677 4769 4768)
4(4768 4769 4861 4860)
4(4860 4861 4953 4952)
4(4952 4953 5045 5044)
4(5044 5045 5137 5136)
4(5136 5137 5229 5228)
4(5228 5229 5321 5320)
4(5320 5321 5413 5412)
4(5412 5413 5505 5504)
4(5504 5505 5597 5596)
4(5596 5597 5689 5688)
4(5688 5689 5781 5780)
4(5780 5781 5873 5872)
4(5872 5873 5965 5964)
4(5964 5965 6057 6056)
4(6056 6057 6149 6148)
4(6148 6149 6241 6240)
4(6240 6241 6333 6332)
4(6332 6333 6425 6424)
4(6424 6425 6517 6516)
4(6516 6517 6609 6608)
4(6608 6609 6701 6700)
4(6700 6701 6793 6792)
4(6792 6793 6885 6884)
4(6884 6885 6977 6976)
4(6976 6977 7069 7068)
4(1917 1918 4586 4585)
4(4585 4586 4678 4677)
4(4677 4678 4770 4769)
4(4769 4770 4862 4861)
4(4861 4862 4954 4953)
4(4953 4954 5046 5045)
4(5045 5046 5138 5137)
4(5137 5138 5230 5229)
4(5229 5230 5322 5321)
4(5321 5322 5414 5413)
4(5413 5414 5506 5505)
4(5505 5506 5598 5597)
4(5597 5598 5690 5689)
4(5689 5690 5782 5781)
4(5781 5782 5874 5873)
4(5873 5874 5966 5965)
4(5965 5966 6058 6057)
4(6057 6058 6150 6149)
4(6149 6150 6242 6241)
4(6241 6242 6334 6333)
4(6333 6334 6426 6425)
4(6425 6426 6518 6517)
4(6517 6518 6610 6609)
4(6609 6610 6702 6701)
4(6701 6702 6794 6793)
4(6793 6794 6886 6885)
4(6885 6886 6978 6977)
4(6977 6978 7070 7069)
4(1918 1919 4587 4586)
4(4586 4587 4679 4678)
4(4678 4679 4771 4770)
4(4770 4771 4863 4862)
4(4862 4863 4955 4954)
4(4954 4955 5047 5046)
4(5046 5047 5139 5138)
4(5138 5139 5231 5230)
4(5230 5231 5323 5322)
4(5322 5323 5415 5414)
4(5414 5415 5507 5506)
4(5506 5507 5599 5598)
4(5598 5599 5691 5690)
4(5690 5691 5783 5782)
4(5782 5783 5875 5874)
4(5874 5875 5967 5966)
4(5966 5967 6059 6058)
4(6058 6059 6151 6150)
4(6150 6151 6243 6242)
4(6242 6243 6335 6334)
4(6334 6335 6427 6426)
4(6426 6427 6519 6518)
4(6518 6519 6611 6610)
4(6610 6611 6703 6702)
4(6702 6703 6795 6794)
4(6794 6795 6887 6886)
4(6886 6887 6979 6978)
4(6978 6979 7071 7070)
4(1919 1920 4588 4587)
4(4587 4588 4680 4679)
4(4679 4680 4772 4771)
4(4771 4772 4864 4863)
4(4863 4864 4956 4955)
4(4955 4956 5048 5047)
4(5047 5048 5140 5139)
4(5139 5140 5232 5231)
4(5231 5232 5324 5323)
4(5323 5324 5416 5415)
4(5415 5416 5508 5507)
4(5507 5508 5600 5599)
4(5599 5600 5692 5691)
4(5691 5692 5784 5783)
4(5783 5784 5876 5875)
4(5875 5876 5968 5967)
4(5967 5968 6060 6059)
4(6059 6060 6152 6151)
4(6151 6152 6244 6243)
4(6243 6244 6336 6335)
4(6335 6336 6428 6427)
4(6427 6428 6520 6519)
4(6519 6520 6612 6611)
4(6611 6612 6704 6703)
4(6703 6704 6796 6795)
4(6795 6796 6888 6887)
4(6887 6888 6980 6979)
4(6979 6980 7072 7071)
4(1920 1921 4589 4588)
4(4588 4589 4681 4680)
4(4680 4681 4773 4772)
4(4772 4773 4865 4864)
4(4864 4865 4957 4956)
4(4956 4957 5049 5048)
4(5048 5049 5141 5140)
4(5140 5141 5233 5232)
4(5232 5233 5325 5324)
4(5324 5325 5417 5416)
4(5416 5417 5509 5508)
4(5508 5509 5601 5600)
4(5600 5601 5693 5692)
4(5692 5693 5785 5784)
4(5784 5785 5877 5876)
4(5876 5877 5969 5968)
4(5968 5969 6061 6060)
4(6060 6061 6153 6152)
4(6152 6153 6245 6244)
4(6244 6245 6337 6336)
4(6336 6337 6429 6428)
4(6428 6429 6521 6520)
4(6520 6521 6613 6612)
4(6612 6613 6705 6704)
4(6704 6705 6797 6796)
4(6796 6797 6889 6888)
4(6888 6889 6981 6980)
4(6980 6981 7073 7072)
4(1921 1922 4590 4589)
4(4589 4590 4682 4681)
4(4681 4682 4774 4773)
4(4773 4774 4866 4865)
4(4865 4866 4958 4957)
4(4957 4958 5050 5049)
4(5049 5050 5142 5141)
4(5141 5142 5234 5233)
4(5233 5234 5326 5325)
4(5325 5326 5418 5417)
4(5417 5418 5510 5509)
4(5509 5510 5602 5601)
4(5601 5602 5694 5693)
4(5693 5694 5786 5785)
4(5785 5786 5878 5877)
4(5877 5878 5970 5969)
4(5969 5970 6062 6061)
4(6061 6062 6154 6153)
4(6153 6154 6246 6245)
4(6245 6246 6338 6337)
4(6337 6338 6430 6429)
4(6429 6430 6522 6521)
4(6521 6522 6614 6613)
4(6613 6614 6706 6705)
4(6705 6706 6798 6797)
4(6797 6798 6890 6889)
4(6889 6890 6982 6981)
4(6981 6982 7074 7073)
4(1922 1923 4591 4590)
4(4590 4591 4683 4682)
4(4682 4683 4775 4774)
4(4774 4775 4867 4866)
4(4866 4867 4959 4958)
4(4958 4959 5051 5050)
4(5050 5051 5143 5142)
4(5142 5143 5235 5234)
4(5234 5235 5327 5326)
4(5326 5327 5419 5418)
4(5418 5419 5511 5510)
4(5510 5511 5603 5602)
4(5602 5603 5695 5694)
4(5694 5695 5787 5786)
4(5786 5787 5879 5878)
4(5878 5879 5971 5970)
4(5970 5971 6063 6062)
4(6062 6063 6155 6154)
4(6154 6155 6247 6246)
4(6246 6247 6339 6338)
4(6338 6339 6431 6430)
4(6430 6431 6523 6522)
4(6522 6523 6615 6614)
4(6614 6615 6707 6706)
4(6706 6707 6799 6798)
4(6798 6799 6891 6890)
4(6890 6891 6983 6982)
4(6982 6983 7075 7074)
4(1923 1924 4592 4591)
4(4591 4592 4684 4683)
4(4683 4684 4776 4775)
4(4775 4776 4868 4867)
4(4867 4868 4960 4959)
4(4959 4960 5052 5051)
4(5051 5052 5144 5143)
4(5143 5144 5236 5235)
4(5235 5236 5328 5327)
4(5327 5328 5420 5419)
4(5419 5420 5512 5511)
4(5511 5512 5604 5603)
4(5603 5604 5696 5695)
4(5695 5696 5788 5787)
4(5787 5788 5880 5879)
4(5879 5880 5972 5971)
4(5971 5972 6064 6063)
4(6063 6064 6156 6155)
4(6155 6156 6248 6247)
4(6247 6248 6340 6339)
4(6339 6340 6432 6431)
4(6431 6432 6524 6523)
4(6523 6524 6616 6615)
4(6615 6616 6708 6707)
4(6707 6708 6800 6799)
4(6799 6800 6892 6891)
4(6891 6892 6984 6983)
4(6983 6984 7076 7075)
4(1924 1925 4593 4592)
4(4592 4593 4685 4684)
4(4684 4685 4777 4776)
4(4776 4777 4869 4868)
4(4868 4869 4961 4960)
4(4960 4961 5053 5052)
4(5052 5053 5145 5144)
4(5144 5145 5237 5236)
4(5236 5237 5329 5328)
4(5328 5329 5421 5420)
4(5420 5421 5513 5512)
4(5512 5513 5605 5604)
4(5604 5605 5697 5696)
4(5696 5697 5789 5788)
4(5788 5789 5881 5880)
4(5880 5881 5973 5972)
4(5972 5973 6065 6064)
4(6064 6065 6157 6156)
4(6156 6157 6249 6248)
4(6248 6249 6341 6340)
4(6340 6341 6433 6432)
4(6432 6433 6525 6524)
4(6524 6525 6617 6616)
4(6616 6617 6709 6708)
4(6708 6709 6801 6800)
4(6800 6801 6893 6892)
4(6892 6893 6985 6984)
4(6984 6985 7077 7076)
4(1925 1926 4594 4593)
4(4593 4594 4686 4685)
4(4685 4686 4778 4777)
4(4777 4778 4870 4869)
4(4869 4870 4962 4961)
4(4961 4962 5054 5053)
4(5053 5054 5146 5145)
4(5145 5146 5238 5237)
4(5237 5238 5330 5329)
4(5329 5330 5422 5421)
4(5421 5422 5514 5513)
4(5513 5514 5606 5605)
4(5605 5606 5698 5697)
4(5697 5698 5790 5789)
4(5789 5790 5882 5881)
4(5881 5882 5974 5973)
4(5973 5974 6066 6065)
4(6065 6066 6158 6157)
4(6157 6158 6250 6249)
4(6249 6250 6342 6341)
4(6341 6342 6434 6433)
4(6433 6434 6526 6525)
4(6525 6526 6618 6617)
4(6617 6618 6710 6709)
4(6709 6710 6802 6801)
4(6801 6802 6894 6893)
4(6893 6894 6986 6985)
4(6985 6986 7078 7077)
4(1926 1927 4595 4594)
4(4594 4595 4687 4686)
4(4686 4687 4779 4778)
4(4778 4779 4871 4870)
4(4870 4871 4963 4962)
4(4962 4963 5055 5054)
4(5054 5055 5147 5146)
4(5146 5147 5239 5238)
4(5238 5239 5331 5330)
4(5330 5331 5423 5422)
4(5422 5423 5515 5514)
4(5514 5515 5607 5606)
4(5606 5607 5699 5698)
4(5698 5699 5791 5790)
4(5790 5791 5883 5882)
4(5882 5883 5975 5974)
4(5974 5975 6067 6066)
4(6066 6067 6159 6158)
4(6158 6159 6251 6250)
4(6250 6251 6343 6342)
4(6342 6343 6435 6434)
4(6434 6435 6527 6526)
4(6526 6527 6619 6618)
4(6618 6619 6711 6710)
4(6710 6711 6803 6802)
4(6802 6803 6895 6894)
4(6894 6895 6987 6986)
4(6986 6987 7079 7078)
4(1927 1928 4596 4595)
4(4595 4596 4688 4687)
4(4687 4688 4780 4779)
4(4779 4780 4872 4871)
4(4871 4872 4964 4963)
4(4963 4964 5056 5055)
4(5055 5056 5148 5147)
4(5147 5148 5240 5239)
4(5239 5240 5332 5331)
4(5331 5332 5424 5423)
4(5423 5424 5516 5515)
4(5515 5516 5608 5607)
4(5607 5608 5700 5699)
4(5699 5700 5792 5791)
4(5791 5792 5884 5883)
4(5883 5884 5976 5975)
4(5975 5976 6068 6067)
4(6067 6068 6160 6159)
4(6159 6160 6252 6251)
4(6251 6252 6344 6343)
4(6343 6344 6436 6435)
4(6435 6436 6528 6527)
4(6527 6528 6620 6619)
4(6619 6620 6712 6711)
4(6711 6712 6804 6803)
4(6803 6804 6896 6895)
4(6895 6896 6988 6987)
4(6987 6988 7080 7079)
4(1928 1929 4597 4596)
4(4596 4597 4689 4688)
4(4688 4689 4781 4780)
4(4780 4781 4873 4872)
4(4872 4873 4965 4964)
4(4964 4965 5057 5056)
4(5056 5057 5149 5148)
4(5148 5149 5241 5240)
4(5240 5241 5333 5332)
4(5332 5333 5425 5424)
4(5424 5425 5517 5516)
4(5516 5517 5609 5608)
4(5608 5609 5701 5700)
4(5700 5701 5793 5792)
4(5792 5793 5885 5884)
4(5884 5885 5977 5976)
4(5976 5977 6069 6068)
4(6068 6069 6161 6160)
4(6160 6161 6253 6252)
4(6252 6253 6345 6344)
4(6344 6345 6437 6436)
4(6436 6437 6529 6528)
4(6528 6529 6621 6620)
4(6620 6621 6713 6712)
4(6712 6713 6805 6804)
4(6804 6805 6897 6896)
4(6896 6897 6989 6988)
4(6988 6989 7081 7080)
4(1929 1930 4598 4597)
4(4597 4598 4690 4689)
4(4689 4690 4782 4781)
4(4781 4782 4874 4873)
4(4873 4874 4966 4965)
4(4965 4966 5058 5057)
4(5057 5058 5150 5149)
4(5149 5150 5242 5241)
4(5241 5242 5334 5333)
4(5333 5334 5426 5425)
4(5425 5426 5518 5517)
4(5517 5518 5610 5609)
4(5609 5610 5702 5701)
4(5701 5702 5794 5793)
4(5793 5794 5886 5885)
4(5885 5886 5978 5977)
4(5977 5978 6070 6069)
4(6069 6070 6162 6161)
4(6161 6162 6254 6253)
4(6253 6254 6346 6345)
4(6345 6346 6438 6437)
4(6437 6438 6530 6529)
4(6529 6530 6622 6621)
4(6621 6622 6714 6713)
4(6713 6714 6806 6805)
4(6805 6806 6898 6897)
4(6897 6898 6990 6989)
4(6989 6990 7082 7081)
4(1930 1931 4599 4598)
4(4598 4599 4691 4690)
4(4690 4691 4783 4782)
4(4782 4783 4875 4874)
4(4874 4875 4967 4966)
4(4966 4967 5059 5058)
4(5058 5059 5151 5150)
4(5150 5151 5243 5242)
4(5242 5243 5335 5334)
4(5334 5335 5427 5426)
4(5426 5427 5519 5518)
4(5518 5519 5611 5610)
4(5610 5611 5703 5702)
4(5702 5703 5795 5794)
4(5794 5795 5887 5886)
4(5886 5887 5979 5978)
4(5978 5979 6071 6070)
4(6070 6071 6163 6162)
4(6162 6163 6255 6254)
4(6254 6255 6347 6346)
4(6346 6347 6439 6438)
4(6438 6439 6531 6530)
4(6530 6531 6623 6622)
4(6622 6623 6715 6714)
4(6714 6715 6807 6806)
4(6806 6807 6899 6898)
4(6898 6899 6991 6990)
4(6990 6991 7083 7082)
4(1931 1932 4600 4599)
4(4599 4600 4692 4691)
4(4691 4692 4784 4783)
4(4783 4784 4876 4875)
4(4875 4876 4968 4967)
4(4967 4968 5060 5059)
4(5059 5060 5152 5151)
4(5151 5152 5244 5243)
4(5243 5244 5336 5335)
4(5335 5336 5428 5427)
4(5427 5428 5520 5519)
4(5519 5520 5612 5611)
4(5611 5612 5704 5703)
4(5703 5704 5796 5795)
4(5795 5796 5888 5887)
4(5887 5888 5980 5979)
4(5979 5980 6072 6071)
4(6071 6072 6164 6163)
4(6163 6164 6256 6255)
4(6255 6256 6348 6347)
4(6347 6348 6440 6439)
4(6439 6440 6532 6531)
4(6531 6532 6624 6623)
4(6623 6624 6716 6715)
4(6715 6716 6808 6807)
4(6807 6808 6900 6899)
4(6899 6900 6992 6991)
4(6991 6992 7084 7083)
4(1932 1933 4601 4600)
4(4600 4601 4693 4692)
4(4692 4693 4785 4784)
4(4784 4785 4877 4876)
4(4876 4877 4969 4968)
4(4968 4969 5061 5060)
4(5060 5061 5153 5152)
4(5152 5153 5245 5244)
4(5244 5245 5337 5336)
4(5336 5337 5429 5428)
4(5428 5429 5521 5520)
4(5520 5521 5613 5612)
4(5612 5613 5705 5704)
4(5704 5705 5797 5796)
4(5796 5797 5889 5888)
4(5888 5889 5981 5980)
4(5980 5981 6073 6072)
4(6072 6073 6165 6164)
4(6164 6165 6257 6256)
4(6256 6257 6349 6348)
4(6348 6349 6441 6440)
4(6440 6441 6533 6532)
4(6532 6533 6625 6624)
4(6624 6625 6717 6716)
4(6716 6717 6809 6808)
4(6808 6809 6901 6900)
4(6900 6901 6993 6992)
4(6992 6993 7085 7084)
4(1933 1934 4602 4601)
4(4601 4602 4694 4693)
4(4693 4694 4786 4785)
4(4785 4786 4878 4877)
4(4877 4878 4970 4969)
4(4969 4970 5062 5061)
4(5061 5062 5154 5153)
4(5153 5154 5246 5245)
4(5245 5246 5338 5337)
4(5337 5338 5430 5429)
4(5429 5430 5522 5521)
4(5521 5522 5614 5613)
4(5613 5614 5706 5705)
4(5705 5706 5798 5797)
4(5797 5798 5890 5889)
4(5889 5890 5982 5981)
4(5981 5982 6074 6073)
4(6073 6074 6166 6165)
4(6165 6166 6258 6257)
4(6257 6258 6350 6349)
4(6349 6350 6442 6441)
4(6441 6442 6534 6533)
4(6533 6534 6626 6625)
4(6625 6626 6718 6717)
4(6717 6718 6810 6809)
4(6809 6810 6902 6901)
4(6901 6902 6994 6993)
4(6993 6994 7086 7085)
4(1934 1935 4603 4602)
4(4602 4603 4695 4694)
4(4694 4695 4787 4786)
4(4786 4787 4879 4878)
4(4878 4879 4971 4970)
4(4970 4971 5063 5062)
4(5062 5063 5155 5154)
4(5154 5155 5247 5246)
4(5246 5247 5339 5338)
4(5338 5339 5431 5430)
4(5430 5431 5523 5522)
4(5522 5523 5615 5614)
4(5614 5615 5707 5706)
4(5706 5707 5799 5798)
4(5798 5799 5891 5890)
4(5890 5891 5983 5982)
4(5982 5983 6075 6074)
4(6074 6075 6167 6166)
4(6166 6167 6259 6258)
4(6258 6259 6351 6350)
4(6350 6351 6443 6442)
4(6442 6443 6535 6534)
4(6534 6535 6627 6626)
4(6626 6627 6719 6718)
4(6718 6719 6811 6810)
4(6810 6811 6903 6902)
4(6902 6903 6995 6994)
4(6994 6995 7087 7086)
4(1935 1936 4604 4603)
4(4603 4604 4696 4695)
4(4695 4696 4788 4787)
4(4787 4788 4880 4879)
4(4879 4880 4972 4971)
4(4971 4972 5064 5063)
4(5063 5064 5156 5155)
4(5155 5156 5248 5247)
4(5247 5248 5340 5339)
4(5339 5340 5432 5431)
4(5431 5432 5524 5523)
4(5523 5524 5616 5615)
4(5615 5616 5708 5707)
4(5707 5708 5800 5799)
4(5799 5800 5892 5891)
4(5891 5892 5984 5983)
4(5983 5984 6076 6075)
4(6075 6076 6168 6167)
4(6167 6168 6260 6259)
4(6259 6260 6352 6351)
4(6351 6352 6444 6443)
4(6443 6444 6536 6535)
4(6535 6536 6628 6627)
4(6627 6628 6720 6719)
4(6719 6720 6812 6811)
4(6811 6812 6904 6903)
4(6903 6904 6996 6995)
4(6995 6996 7088 7087)
4(1936 1937 4605 4604)
4(4604 4605 4697 4696)
4(4696 4697 4789 4788)
4(4788 4789 4881 4880)
4(4880 4881 4973 4972)
4(4972 4973 5065 5064)
4(5064 5065 5157 5156)
4(5156 5157 5249 5248)
4(5248 5249 5341 5340)
4(5340 5341 5433 5432)
4(5432 5433 5525 5524)
4(5524 5525 5617 5616)
4(5616 5617 5709 5708)
4(5708 5709 5801 5800)
4(5800 5801 5893 5892)
4(5892 5893 5985 5984)
4(5984 5985 6077 6076)
4(6076 6077 6169 6168)
4(6168 6169 6261 6260)
4(6260 6261 6353 6352)
4(6352 6353 6445 6444)
4(6444 6445 6537 6536)
4(6536 6537 6629 6628)
4(6628 6629 6721 6720)
4(6720 6721 6813 6812)
4(6812 6813 6905 6904)
4(6904 6905 6997 6996)
4(6996 6997 7089 7088)
4(1937 1938 4606 4605)
4(4605 4606 4698 4697)
4(4697 4698 4790 4789)
4(4789 4790 4882 4881)
4(4881 4882 4974 4973)
4(4973 4974 5066 5065)
4(5065 5066 5158 5157)
4(5157 5158 5250 5249)
4(5249 5250 5342 5341)
4(5341 5342 5434 5433)
4(5433 5434 5526 5525)
4(5525 5526 5618 5617)
4(5617 5618 5710 5709)
4(5709 5710 5802 5801)
4(5801 5802 5894 5893)
4(5893 5894 5986 5985)
4(5985 5986 6078 6077)
4(6077 6078 6170 6169)
4(6169 6170 6262 6261)
4(6261 6262 6354 6353)
4(6353 6354 6446 6445)
4(6445 6446 6538 6537)
4(6537 6538 6630 6629)
4(6629 6630 6722 6721)
4(6721 6722 6814 6813)
4(6813 6814 6906 6905)
4(6905 6906 6998 6997)
4(6997 6998 7090 7089)
4(1938 1939 4607 4606)
4(4606 4607 4699 4698)
4(4698 4699 4791 4790)
4(4790 4791 4883 4882)
4(4882 4883 4975 4974)
4(4974 4975 5067 5066)
4(5066 5067 5159 5158)
4(5158 5159 5251 5250)
4(5250 5251 5343 5342)
4(5342 5343 5435 5434)
4(5434 5435 5527 5526)
4(5526 5527 5619 5618)
4(5618 5619 5711 5710)
4(5710 5711 5803 5802)
4(5802 5803 5895 5894)
4(5894 5895 5987 5986)
4(5986 5987 6079 6078)
4(6078 6079 6171 6170)
4(6170 6171 6263 6262)
4(6262 6263 6355 6354)
4(6354 6355 6447 6446)
4(6446 6447 6539 6538)
4(6538 6539 6631 6630)
4(6630 6631 6723 6722)
4(6722 6723 6815 6814)
4(6814 6815 6907 6906)
4(6906 6907 6999 6998)
4(6998 6999 7091 7090)
4(1939 1940 4608 4607)
4(4607 4608 4700 4699)
4(4699 4700 4792 4791)
4(4791 4792 4884 4883)
4(4883 4884 4976 4975)
4(4975 4976 5068 5067)
4(5067 5068 5160 5159)
4(5159 5160 5252 5251)
4(5251 5252 5344 5343)
4(5343 5344 5436 5435)
4(5435 5436 5528 5527)
4(5527 5528 5620 5619)
4(5619 5620 5712 5711)
4(5711 5712 5804 5803)
4(5803 5804 5896 5895)
4(5895 5896 5988 5987)
4(5987 5988 6080 6079)
4(6079 6080 6172 6171)
4(6171 6172 6264 6263)
4(6263 6264 6356 6355)
4(6355 6356 6448 6447)
4(6447 6448 6540 6539)
4(6539 6540 6632 6631)
4(6631 6632 6724 6723)
4(6723 6724 6816 6815)
4(6815 6816 6908 6907)
4(6907 6908 7000 6999)
4(6999 7000 7092 7091)
4(1940 1941 4609 4608)
4(4608 4609 4701 4700)
4(4700 4701 4793 4792)
4(4792 4793 4885 4884)
4(4884 4885 4977 4976)
4(4976 4977 5069 5068)
4(5068 5069 5161 5160)
4(5160 5161 5253 5252)
4(5252 5253 5345 5344)
4(5344 5345 5437 5436)
4(5436 5437 5529 5528)
4(5528 5529 5621 5620)
4(5620 5621 5713 5712)
4(5712 5713 5805 5804)
4(5804 5805 5897 5896)
4(5896 5897 5989 5988)
4(5988 5989 6081 6080)
4(6080 6081 6173 6172)
4(6172 6173 6265 6264)
4(6264 6265 6357 6356)
4(6356 6357 6449 6448)
4(6448 6449 6541 6540)
4(6540 6541 6633 6632)
4(6632 6633 6725 6724)
4(6724 6725 6817 6816)
4(6816 6817 6909 6908)
4(6908 6909 7001 7000)
4(7000 7001 7093 7092)
4(1941 1942 4610 4609)
4(4609 4610 4702 4701)
4(4701 4702 4794 4793)
4(4793 4794 4886 4885)
4(4885 4886 4978 4977)
4(4977 4978 5070 5069)
4(5069 5070 5162 5161)
4(5161 5162 5254 5253)
4(5253 5254 5346 5345)
4(5345 5346 5438 5437)
4(5437 5438 5530 5529)
4(5529 5530 5622 5621)
4(5621 5622 5714 5713)
4(5713 5714 5806 5805)
4(5805 5806 5898 5897)
4(5897 5898 5990 5989)
4(5989 5990 6082 6081)
4(6081 6082 6174 6173)
4(6173 6174 6266 6265)
4(6265 6266 6358 6357)
4(6357 6358 6450 6449)
4(6449 6450 6542 6541)
4(6541 6542 6634 6633)
4(6633 6634 6726 6725)
4(6725 6726 6818 6817)
4(6817 6818 6910 6909)
4(6909 6910 7002 7001)
4(7001 7002 7094 7093)
4(1942 1943 4611 4610)
4(4610 4611 4703 4702)
4(4702 4703 4795 4794)
4(4794 4795 4887 4886)
4(4886 4887 4979 4978)
4(4978 4979 5071 5070)
4(5070 5071 5163 5162)
4(5162 5163 5255 5254)
4(5254 5255 5347 5346)
4(5346 5347 5439 5438)
4(5438 5439 5531 5530)
4(5530 5531 5623 5622)
4(5622 5623 5715 5714)
4(5714 5715 5807 5806)
4(5806 5807 5899 5898)
4(5898 5899 5991 5990)
4(5990 5991 6083 6082)
4(6082 6083 6175 6174)
4(6174 6175 6267 6266)
4(6266 6267 6359 6358)
4(6358 6359 6451 6450)
4(6450 6451 6543 6542)
4(6542 6543 6635 6634)
4(6634 6635 6727 6726)
4(6726 6727 6819 6818)
4(6818 6819 6911 6910)
4(6910 6911 7003 7002)
4(7002 7003 7095 7094)
4(1943 1944 4612 4611)
4(4611 4612 4704 4703)
4(4703 4704 4796 4795)
4(4795 4796 4888 4887)
4(4887 4888 4980 4979)
4(4979 4980 5072 5071)
4(5071 5072 5164 5163)
4(5163 5164 5256 5255)
4(5255 5256 5348 5347)
4(5347 5348 5440 5439)
4(5439 5440 5532 5531)
4(5531 5532 5624 5623)
4(5623 5624 5716 5715)
4(5715 5716 5808 5807)
4(5807 5808 5900 5899)
4(5899 5900 5992 5991)
4(5991 5992 6084 6083)
4(6083 6084 6176 6175)
4(6175 6176 6268 6267)
4(6267 6268 6360 6359)
4(6359 6360 6452 6451)
4(6451 6452 6544 6543)
4(6543 6544 6636 6635)
4(6635 6636 6728 6727)
4(6727 6728 6820 6819)
4(6819 6820 6912 6911)
4(6911 6912 7004 7003)
4(7003 7004 7096 7095)
4(1944 1945 4613 4612)
4(4612 4613 4705 4704)
4(4704 4705 4797 4796)
4(4796 4797 4889 4888)
4(4888 4889 4981 4980)
4(4980 4981 5073 5072)
4(5072 5073 5165 5164)
4(5164 5165 5257 5256)
4(5256 5257 5349 5348)
4(5348 5349 5441 5440)
4(5440 5441 5533 5532)
4(5532 5533 5625 5624)
4(5624 5625 5717 5716)
4(5716 5717 5809 5808)
4(5808 5809 5901 5900)
4(5900 5901 5993 5992)
4(5992 5993 6085 6084)
4(6084 6085 6177 6176)
4(6176 6177 6269 6268)
4(6268 6269 6361 6360)
4(6360 6361 6453 6452)
4(6452 6453 6545 6544)
4(6544 6545 6637 6636)
4(6636 6637 6729 6728)
4(6728 6729 6821 6820)
4(6820 6821 6913 6912)
4(6912 6913 7005 7004)
4(7004 7005 7097 7096)
4(1945 1946 4614 4613)
4(4613 4614 4706 4705)
4(4705 4706 4798 4797)
4(4797 4798 4890 4889)
4(4889 4890 4982 4981)
4(4981 4982 5074 5073)
4(5073 5074 5166 5165)
4(5165 5166 5258 5257)
4(5257 5258 5350 5349)
4(5349 5350 5442 5441)
4(5441 5442 5534 5533)
4(5533 5534 5626 5625)
4(5625 5626 5718 5717)
4(5717 5718 5810 5809)
4(5809 5810 5902 5901)
4(5901 5902 5994 5993)
4(5993 5994 6086 6085)
4(6085 6086 6178 6177)
4(6177 6178 6270 6269)
4(6269 6270 6362 6361)
4(6361 6362 6454 6453)
4(6453 6454 6546 6545)
4(6545 6546 6638 6637)
4(6637 6638 6730 6729)
4(6729 6730 6822 6821)
4(6821 6822 6914 6913)
4(6913 6914 7006 7005)
4(7005 7006 7098 7097)
4(1946 1947 4615 4614)
4(4614 4615 4707 4706)
4(4706 4707 4799 4798)
4(4798 4799 4891 4890)
4(4890 4891 4983 4982)
4(4982 4983 5075 5074)
4(5074 5075 5167 5166)
4(5166 5167 5259 5258)
4(5258 5259 5351 5350)
4(5350 5351 5443 5442)
4(5442 5443 5535 5534)
4(5534 5535 5627 5626)
4(5626 5627 5719 5718)
4(5718 5719 5811 5810)
4(5810 5811 5903 5902)
4(5902 5903 5995 5994)
4(5994 5995 6087 6086)
4(6086 6087 6179 6178)
4(6178 6179 6271 6270)
4(6270 6271 6363 6362)
4(6362 6363 6455 6454)
4(6454 6455 6547 6546)
4(6546 6547 6639 6638)
4(6638 6639 6731 6730)
4(6730 6731 6823 6822)
4(6822 6823 6915 6914)
4(6914 6915 7007 7006)
4(7006 7007 7099 7098)
4(1947 1948 4616 4615)
4(4615 4616 4708 4707)
4(4707 4708 4800 4799)
4(4799 4800 4892 4891)
4(4891 4892 4984 4983)
4(4983 4984 5076 5075)
4(5075 5076 5168 5167)
4(5167 5168 5260 5259)
4(5259 5260 5352 5351)
4(5351 5352 5444 5443)
4(5443 5444 5536 5535)
4(5535 5536 5628 5627)
4(5627 5628 5720 5719)
4(5719 5720 5812 5811)
4(5811 5812 5904 5903)
4(5903 5904 5996 5995)
4(5995 5996 6088 6087)
4(6087 6088 6180 6179)
4(6179 6180 6272 6271)
4(6271 6272 6364 6363)
4(6363 6364 6456 6455)
4(6455 6456 6548 6547)
4(6547 6548 6640 6639)
4(6639 6640 6732 6731)
4(6731 6732 6824 6823)
4(6823 6824 6916 6915)
4(6915 6916 7008 7007)
4(7007 7008 7100 7099)
4(1948 1949 4617 4616)
4(4616 4617 4709 4708)
4(4708 4709 4801 4800)
4(4800 4801 4893 4892)
4(4892 4893 4985 4984)
4(4984 4985 5077 5076)
4(5076 5077 5169 5168)
4(5168 5169 5261 5260)
4(5260 5261 5353 5352)
4(5352 5353 5445 5444)
4(5444 5445 5537 5536)
4(5536 5537 5629 5628)
4(5628 5629 5721 5720)
4(5720 5721 5813 5812)
4(5812 5813 5905 5904)
4(5904 5905 5997 5996)
4(5996 5997 6089 6088)
4(6088 6089 6181 6180)
4(6180 6181 6273 6272)
4(6272 6273 6365 6364)
4(6364 6365 6457 6456)
4(6456 6457 6549 6548)
4(6548 6549 6641 6640)
4(6640 6641 6733 6732)
4(6732 6733 6825 6824)
4(6824 6825 6917 6916)
4(6916 6917 7009 7008)
4(7008 7009 7101 7100)
4(1949 1950 4618 4617)
4(4617 4618 4710 4709)
4(4709 4710 4802 4801)
4(4801 4802 4894 4893)
4(4893 4894 4986 4985)
4(4985 4986 5078 5077)
4(5077 5078 5170 5169)
4(5169 5170 5262 5261)
4(5261 5262 5354 5353)
4(5353 5354 5446 5445)
4(5445 5446 5538 5537)
4(5537 5538 5630 5629)
4(5629 5630 5722 5721)
4(5721 5722 5814 5813)
4(5813 5814 5906 5905)
4(5905 5906 5998 5997)
4(5997 5998 6090 6089)
4(6089 6090 6182 6181)
4(6181 6182 6274 6273)
4(6273 6274 6366 6365)
4(6365 6366 6458 6457)
4(6457 6458 6550 6549)
4(6549 6550 6642 6641)
4(6641 6642 6734 6733)
4(6733 6734 6826 6825)
4(6825 6826 6918 6917)
4(6917 6918 7010 7009)
4(7009 7010 7102 7101)
4(1950 1951 4619 4618)
4(4618 4619 4711 4710)
4(4710 4711 4803 4802)
4(4802 4803 4895 4894)
4(4894 4895 4987 4986)
4(4986 4987 5079 5078)
4(5078 5079 5171 5170)
4(5170 5171 5263 5262)
4(5262 5263 5355 5354)
4(5354 5355 5447 5446)
4(5446 5447 5539 5538)
4(5538 5539 5631 5630)
4(5630 5631 5723 5722)
4(5722 5723 5815 5814)
4(5814 5815 5907 5906)
4(5906 5907 5999 5998)
4(5998 5999 6091 6090)
4(6090 6091 6183 6182)
4(6182 6183 6275 6274)
4(6274 6275 6367 6366)
4(6366 6367 6459 6458)
4(6458 6459 6551 6550)
4(6550 6551 6643 6642)
4(6642 6643 6735 6734)
4(6734 6735 6827 6826)
4(6826 6827 6919 6918)
4(6918 6919 7011 7010)
4(7010 7011 7103 7102)
4(1951 1952 4620 4619)
4(4619 4620 4712 4711)
4(4711 4712 4804 4803)
4(4803 4804 4896 4895)
4(4895 4896 4988 4987)
4(4987 4988 5080 5079)
4(5079 5080 5172 5171)
4(5171 5172 5264 5263)
4(5263 5264 5356 5355)
4(5355 5356 5448 5447)
4(5447 5448 5540 5539)
4(5539 5540 5632 5631)
4(5631 5632 5724 5723)
4(5723 5724 5816 5815)
4(5815 5816 5908 5907)
4(5907 5908 6000 5999)
4(5999 6000 6092 6091)
4(6091 6092 6184 6183)
4(6183 6184 6276 6275)
4(6275 6276 6368 6367)
4(6367 6368 6460 6459)
4(6459 6460 6552 6551)
4(6551 6552 6644 6643)
4(6643 6644 6736 6735)
4(6735 6736 6828 6827)
4(6827 6828 6920 6919)
4(6919 6920 7012 7011)
4(7011 7012 7104 7103)
4(1952 1953 4621 4620)
4(4620 4621 4713 4712)
4(4712 4713 4805 4804)
4(4804 4805 4897 4896)
4(4896 4897 4989 4988)
4(4988 4989 5081 5080)
4(5080 5081 5173 5172)
4(5172 5173 5265 5264)
4(5264 5265 5357 5356)
4(5356 5357 5449 5448)
4(5448 5449 5541 5540)
4(5540 5541 5633 5632)
4(5632 5633 5725 5724)
4(5724 5725 5817 5816)
4(5816 5817 5909 5908)
4(5908 5909 6001 6000)
4(6000 6001 6093 6092)
4(6092 6093 6185 6184)
4(6184 6185 6277 6276)
4(6276 6277 6369 6368)
4(6368 6369 6461 6460)
4(6460 6461 6553 6552)
4(6552 6553 6645 6644)
4(6644 6645 6737 6736)
4(6736 6737 6829 6828)
4(6828 6829 6921 6920)
4(6920 6921 7013 7012)
4(7012 7013 7105 7104)
4(1953 1954 4622 4621)
4(4621 4622 4714 4713)
4(4713 4714 4806 4805)
4(4805 4806 4898 4897)
4(4897 4898 4990 4989)
4(4989 4990 5082 5081)
4(5081 5082 5174 5173)
4(5173 5174 5266 5265)
4(5265 5266 5358 5357)
4(5357 5358 5450 5449)
4(5449 5450 5542 5541)
4(5541 5542 5634 5633)
4(5633 5634 5726 5725)
4(5725 5726 5818 5817)
4(5817 5818 5910 5909)
4(5909 5910 6002 6001)
4(6001 6002 6094 6093)
4(6093 6094 6186 6185)
4(6185 6186 6278 6277)
4(6277 6278 6370 6369)
4(6369 6370 6462 6461)
4(6461 6462 6554 6553)
4(6553 6554 6646 6645)
4(6645 6646 6738 6737)
4(6737 6738 6830 6829)
4(6829 6830 6922 6921)
4(6921 6922 7014 7013)
4(7013 7014 7106 7105)
4(1954 1955 4623 4622)
4(4622 4623 4715 4714)
4(4714 4715 4807 4806)
4(4806 4807 4899 4898)
4(4898 4899 4991 4990)
4(4990 4991 5083 5082)
4(5082 5083 5175 5174)
4(5174 5175 5267 5266)
4(5266 5267 5359 5358)
4(5358 5359 5451 5450)
4(5450 5451 5543 5542)
4(5542 5543 5635 5634)
4(5634 5635 5727 5726)
4(5726 5727 5819 5818)
4(5818 5819 5911 5910)
4(5910 5911 6003 6002)
4(6002 6003 6095 6094)
4(6094 6095 6187 6186)
4(6186 6187 6279 6278)
4(6278 6279 6371 6370)
4(6370 6371 6463 6462)
4(6462 6463 6555 6554)
4(6554 6555 6647 6646)
4(6646 6647 6739 6738)
4(6738 6739 6831 6830)
4(6830 6831 6923 6922)
4(6922 6923 7015 7014)
4(7014 7015 7107 7106)
4(1955 1956 4624 4623)
4(4623 4624 4716 4715)
4(4715 4716 4808 4807)
4(4807 4808 4900 4899)
4(4899 4900 4992 4991)
4(4991 4992 5084 5083)
4(5083 5084 5176 5175)
4(5175 5176 5268 5267)
4(5267 5268 5360 5359)
4(5359 5360 5452 5451)
4(5451 5452 5544 5543)
4(5543 5544 5636 5635)
4(5635 5636 5728 5727)
4(5727 5728 5820 5819)
4(5819 5820 5912 5911)
4(5911 5912 6004 6003)
4(6003 6004 6096 6095)
4(6095 6096 6188 6187)
4(6187 6188 6280 6279)
4(6279 6280 6372 6371)
4(6371 6372 6464 6463)
4(6463 6464 6556 6555)
4(6555 6556 6648 6647)
4(6647 6648 6740 6739)
4(6739 6740 6832 6831)
4(6831 6832 6924 6923)
4(6923 6924 7016 7015)
4(7015 7016 7108 7107)
4(1956 1957 4625 4624)
4(4624 4625 4717 4716)
4(4716 4717 4809 4808)
4(4808 4809 4901 4900)
4(4900 4901 4993 4992)
4(4992 4993 5085 5084)
4(5084 5085 5177 5176)
4(5176 5177 5269 5268)
4(5268 5269 5361 5360)
4(5360 5361 5453 5452)
4(5452 5453 5545 5544)
4(5544 5545 5637 5636)
4(5636 5637 5729 5728)
4(5728 5729 5821 5820)
4(5820 5821 5913 5912)
4(5912 5913 6005 6004)
4(6004 6005 6097 6096)
4(6096 6097 6189 6188)
4(6188 6189 6281 6280)
4(6280 6281 6373 6372)
4(6372 6373 6465 6464)
4(6464 6465 6557 6556)
4(6556 6557 6649 6648)
4(6648 6649 6741 6740)
4(6740 6741 6833 6832)
4(6832 6833 6925 6924)
4(6924 6925 7017 7016)
4(7016 7017 7109 7108)
4(1957 1958 4626 4625)
4(4625 4626 4718 4717)
4(4717 4718 4810 4809)
4(4809 4810 4902 4901)
4(4901 4902 4994 4993)
4(4993 4994 5086 5085)
4(5085 5086 5178 5177)
4(5177 5178 5270 5269)
4(5269 5270 5362 5361)
4(5361 5362 5454 5453)
4(5453 5454 5546 5545)
4(5545 5546 5638 5637)
4(5637 5638 5730 5729)
4(5729 5730 5822 5821)
4(5821 5822 5914 5913)
4(5913 5914 6006 6005)
4(6005 6006 6098 6097)
4(6097 6098 6190 6189)
4(6189 6190 6282 6281)
4(6281 6282 6374 6373)
4(6373 6374 6466 6465)
4(6465 6466 6558 6557)
4(6557 6558 6650 6649)
4(6649 6650 6742 6741)
4(6741 6742 6834 6833)
4(6833 6834 6926 6925)
4(6925 6926 7018 7017)
4(7017 7018 7110 7109)
4(1958 1959 4627 4626)
4(4626 4627 4719 4718)
4(4718 4719 4811 4810)
4(4810 4811 4903 4902)
4(4902 4903 4995 4994)
4(4994 4995 5087 5086)
4(5086 5087 5179 5178)
4(5178 5179 5271 5270)
4(5270 5271 5363 5362)
4(5362 5363 5455 5454)
4(5454 5455 5547 5546)
4(5546 5547 5639 5638)
4(5638 5639 5731 5730)
4(5730 5731 5823 5822)
4(5822 5823 5915 5914)
4(5914 5915 6007 6006)
4(6006 6007 6099 6098)
4(6098 6099 6191 6190)
4(6190 6191 6283 6282)
4(6282 6283 6375 6374)
4(6374 6375 6467 6466)
4(6466 6467 6559 6558)
4(6558 6559 6651 6650)
4(6650 6651 6743 6742)
4(6742 6743 6835 6834)
4(6834 6835 6927 6926)
4(6926 6927 7019 7018)
4(7018 7019 7111 7110)
4(1959 1960 4628 4627)
4(4627 4628 4720 4719)
4(4719 4720 4812 4811)
4(4811 4812 4904 4903)
4(4903 4904 4996 4995)
4(4995 4996 5088 5087)
4(5087 5088 5180 5179)
4(5179 5180 5272 5271)
4(5271 5272 5364 5363)
4(5363 5364 5456 5455)
4(5455 5456 5548 5547)
4(5547 5548 5640 5639)
4(5639 5640 5732 5731)
4(5731 5732 5824 5823)
4(5823 5824 5916 5915)
4(5915 5916 6008 6007)
4(6007 6008 6100 6099)
4(6099 6100 6192 6191)
4(6191 6192 6284 6283)
4(6283 6284 6376 6375)
4(6375 6376 6468 6467)
4(6467 6468 6560 6559)
4(6559 6560 6652 6651)
4(6651 6652 6744 6743)
4(6743 6744 6836 6835)
4(6835 6836 6928 6927)
4(6927 6928 7020 7019)
4(7019 7020 7112 7111)
4(1960 1961 4629 4628)
4(4628 4629 4721 4720)
4(4720 4721 4813 4812)
4(4812 4813 4905 4904)
4(4904 4905 4997 4996)
4(4996 4997 5089 5088)
4(5088 5089 5181 5180)
4(5180 5181 5273 5272)
4(5272 5273 5365 5364)
4(5364 5365 5457 5456)
4(5456 5457 5549 5548)
4(5548 5549 5641 5640)
4(5640 5641 5733 5732)
4(5732 5733 5825 5824)
4(5824 5825 5917 5916)
4(5916 5917 6009 6008)
4(6008 6009 6101 6100)
4(6100 6101 6193 6192)
4(6192 6193 6285 6284)
4(6284 6285 6377 6376)
4(6376 6377 6469 6468)
4(6468 6469 6561 6560)
4(6560 6561 6653 6652)
4(6652 6653 6745 6744)
4(6744 6745 6837 6836)
4(6836 6837 6929 6928)
4(6928 6929 7021 7020)
4(7020 7021 7113 7112)
4(1961 1962 4630 4629)
4(4629 4630 4722 4721)
4(4721 4722 4814 4813)
4(4813 4814 4906 4905)
4(4905 4906 4998 4997)
4(4997 4998 5090 5089)
4(5089 5090 5182 5181)
4(5181 5182 5274 5273)
4(5273 5274 5366 5365)
4(5365 5366 5458 5457)
4(5457 5458 5550 5549)
4(5549 5550 5642 5641)
4(5641 5642 5734 5733)
4(5733 5734 5826 5825)
4(5825 5826 5918 5917)
4(5917 5918 6010 6009)
4(6009 6010 6102 6101)
4(6101 6102 6194 6193)
4(6193 6194 6286 6285)
4(6285 6286 6378 6377)
4(6377 6378 6470 6469)
4(6469 6470 6562 6561)
4(6561 6562 6654 6653)
4(6653 6654 6746 6745)
4(6745 6746 6838 6837)
4(6837 6838 6930 6929)
4(6929 6930 7022 7021)
4(7021 7022 7114 7113)
4(1962 1963 4631 4630)
4(4630 4631 4723 4722)
4(4722 4723 4815 4814)
4(4814 4815 4907 4906)
4(4906 4907 4999 4998)
4(4998 4999 5091 5090)
4(5090 5091 5183 5182)
4(5182 5183 5275 5274)
4(5274 5275 5367 5366)
4(5366 5367 5459 5458)
4(5458 5459 5551 5550)
4(5550 5551 5643 5642)
4(5642 5643 5735 5734)
4(5734 5735 5827 5826)
4(5826 5827 5919 5918)
4(5918 5919 6011 6010)
4(6010 6011 6103 6102)
4(6102 6103 6195 6194)
4(6194 6195 6287 6286)
4(6286 6287 6379 6378)
4(6378 6379 6471 6470)
4(6470 6471 6563 6562)
4(6562 6563 6655 6654)
4(6654 6655 6747 6746)
4(6746 6747 6839 6838)
4(6838 6839 6931 6930)
4(6930 6931 7023 7022)
4(7022 7023 7115 7114)
4(1963 1964 4632 4631)
4(4631 4632 4724 4723)
4(4723 4724 4816 4815)
4(4815 4816 4908 4907)
4(4907 4908 5000 4999)
4(4999 5000 5092 5091)
4(5091 5092 5184 5183)
4(5183 5184 5276 5275)
4(5275 5276 5368 5367)
4(5367 5368 5460 5459)
4(5459 5460 5552 5551)
4(5551 5552 5644 5643)
4(5643 5644 5736 5735)
4(5735 5736 5828 5827)
4(5827 5828 5920 5919)
4(5919 5920 6012 6011)
4(6011 6012 6104 6103)
4(6103 6104 6196 6195)
4(6195 6196 6288 6287)
4(6287 6288 6380 6379)
4(6379 6380 6472 6471)
4(6471 6472 6564 6563)
4(6563 6564 6656 6655)
4(6655 6656 6748 6747)
4(6747 6748 6840 6839)
4(6839 6840 6932 6931)
4(6931 6932 7024 7023)
4(7023 7024 7116 7115)
4(1964 1965 4633 4632)
4(4632 4633 4725 4724)
4(4724 4725 4817 4816)
4(4816 4817 4909 4908)
4(4908 4909 5001 5000)
4(5000 5001 5093 5092)
4(5092 5093 5185 5184)
4(5184 5185 5277 5276)
4(5276 5277 5369 5368)
4(5368 5369 5461 5460)
4(5460 5461 5553 5552)
4(5552 5553 5645 5644)
4(5644 5645 5737 5736)
4(5736 5737 5829 5828)
4(5828 5829 5921 5920)
4(5920 5921 6013 6012)
4(6012 6013 6105 6104)
4(6104 6105 6197 6196)
4(6196 6197 6289 6288)
4(6288 6289 6381 6380)
4(6380 6381 6473 6472)
4(6472 6473 6565 6564)
4(6564 6565 6657 6656)
4(6656 6657 6749 6748)
4(6748 6749 6841 6840)
4(6840 6841 6933 6932)
4(6932 6933 7025 7024)
4(7024 7025 7117 7116)
4(1965 1966 4634 4633)
4(4633 4634 4726 4725)
4(4725 4726 4818 4817)
4(4817 4818 4910 4909)
4(4909 4910 5002 5001)
4(5001 5002 5094 5093)
4(5093 5094 5186 5185)
4(5185 5186 5278 5277)
4(5277 5278 5370 5369)
4(5369 5370 5462 5461)
4(5461 5462 5554 5553)
4(5553 5554 5646 5645)
4(5645 5646 5738 5737)
4(5737 5738 5830 5829)
4(5829 5830 5922 5921)
4(5921 5922 6014 6013)
4(6013 6014 6106 6105)
4(6105 6106 6198 6197)
4(6197 6198 6290 6289)
4(6289 6290 6382 6381)
4(6381 6382 6474 6473)
4(6473 6474 6566 6565)
4(6565 6566 6658 6657)
4(6657 6658 6750 6749)
4(6749 6750 6842 6841)
4(6841 6842 6934 6933)
4(6933 6934 7026 7025)
4(7025 7026 7118 7117)
4(1966 1967 4635 4634)
4(4634 4635 4727 4726)
4(4726 4727 4819 4818)
4(4818 4819 4911 4910)
4(4910 4911 5003 5002)
4(5002 5003 5095 5094)
4(5094 5095 5187 5186)
4(5186 5187 5279 5278)
4(5278 5279 5371 5370)
4(5370 5371 5463 5462)
4(5462 5463 5555 5554)
4(5554 5555 5647 5646)
4(5646 5647 5739 5738)
4(5738 5739 5831 5830)
4(5830 5831 5923 5922)
4(5922 5923 6015 6014)
4(6014 6015 6107 6106)
4(6106 6107 6199 6198)
4(6198 6199 6291 6290)
4(6290 6291 6383 6382)
4(6382 6383 6475 6474)
4(6474 6475 6567 6566)
4(6566 6567 6659 6658)
4(6658 6659 6751 6750)
4(6750 6751 6843 6842)
4(6842 6843 6935 6934)
4(6934 6935 7027 7026)
4(7026 7027 7119 7118)
4(1967 1968 4636 4635)
4(4635 4636 4728 4727)
4(4727 4728 4820 4819)
4(4819 4820 4912 4911)
4(4911 4912 5004 5003)
4(5003 5004 5096 5095)
4(5095 5096 5188 5187)
4(5187 5188 5280 5279)
4(5279 5280 5372 5371)
4(5371 5372 5464 5463)
4(5463 5464 5556 5555)
4(5555 5556 5648 5647)
4(5647 5648 5740 5739)
4(5739 5740 5832 5831)
4(5831 5832 5924 5923)
4(5923 5924 6016 6015)
4(6015 6016 6108 6107)
4(6107 6108 6200 6199)
4(6199 6200 6292 6291)
4(6291 6292 6384 6383)
4(6383 6384 6476 6475)
4(6475 6476 6568 6567)
4(6567 6568 6660 6659)
4(6659 6660 6752 6751)
4(6751 6752 6844 6843)
4(6843 6844 6936 6935)
4(6935 6936 7028 7027)
4(7027 7028 7120 7119)
4(1968 1969 4637 4636)
4(4636 4637 4729 4728)
4(4728 4729 4821 4820)
4(4820 4821 4913 4912)
4(4912 4913 5005 5004)
4(5004 5005 5097 5096)
4(5096 5097 5189 5188)
4(5188 5189 5281 5280)
4(5280 5281 5373 5372)
4(5372 5373 5465 5464)
4(5464 5465 5557 5556)
4(5556 5557 5649 5648)
4(5648 5649 5741 5740)
4(5740 5741 5833 5832)
4(5832 5833 5925 5924)
4(5924 5925 6017 6016)
4(6016 6017 6109 6108)
4(6108 6109 6201 6200)
4(6200 6201 6293 6292)
4(6292 6293 6385 6384)
4(6384 6385 6477 6476)
4(6476 6477 6569 6568)
4(6568 6569 6661 6660)
4(6660 6661 6753 6752)
4(6752 6753 6845 6844)
4(6844 6845 6937 6936)
4(6936 6937 7029 7028)
4(7028 7029 7121 7120)
4(1969 1970 4638 4637)
4(4637 4638 4730 4729)
4(4729 4730 4822 4821)
4(4821 4822 4914 4913)
4(4913 4914 5006 5005)
4(5005 5006 5098 5097)
4(5097 5098 5190 5189)
4(5189 5190 5282 5281)
4(5281 5282 5374 5373)
4(5373 5374 5466 5465)
4(5465 5466 5558 5557)
4(5557 5558 5650 5649)
4(5649 5650 5742 5741)
4(5741 5742 5834 5833)
4(5833 5834 5926 5925)
4(5925 5926 6018 6017)
4(6017 6018 6110 6109)
4(6109 6110 6202 6201)
4(6201 6202 6294 6293)
4(6293 6294 6386 6385)
4(6385 6386 6478 6477)
4(6477 6478 6570 6569)
4(6569 6570 6662 6661)
4(6661 6662 6754 6753)
4(6753 6754 6846 6845)
4(6845 6846 6938 6937)
4(6937 6938 7030 7029)
4(7029 7030 7122 7121)
4(1970 1971 4639 4638)
4(4638 4639 4731 4730)
4(4730 4731 4823 4822)
4(4822 4823 4915 4914)
4(4914 4915 5007 5006)
4(5006 5007 5099 5098)
4(5098 5099 5191 5190)
4(5190 5191 5283 5282)
4(5282 5283 5375 5374)
4(5374 5375 5467 5466)
4(5466 5467 5559 5558)
4(5558 5559 5651 5650)
4(5650 5651 5743 5742)
4(5742 5743 5835 5834)
4(5834 5835 5927 5926)
4(5926 5927 6019 6018)
4(6018 6019 6111 6110)
4(6110 6111 6203 6202)
4(6202 6203 6295 6294)
4(6294 6295 6387 6386)
4(6386 6387 6479 6478)
4(6478 6479 6571 6570)
4(6570 6571 6663 6662)
4(6662 6663 6755 6754)
4(6754 6755 6847 6846)
4(6846 6847 6939 6938)
4(6938 6939 7031 7030)
4(7030 7031 7123 7122)
4(1971 1972 4640 4639)
4(4639 4640 4732 4731)
4(4731 4732 4824 4823)
4(4823 4824 4916 4915)
4(4915 4916 5008 5007)
4(5007 5008 5100 5099)
4(5099 5100 5192 5191)
4(5191 5192 5284 5283)
4(5283 5284 5376 5375)
4(5375 5376 5468 5467)
4(5467 5468 5560 5559)
4(5559 5560 5652 5651)
4(5651 5652 5744 5743)
4(5743 5744 5836 5835)
4(5835 5836 5928 5927)
4(5927 5928 6020 6019)
4(6019 6020 6112 6111)
4(6111 6112 6204 6203)
4(6203 6204 6296 6295)
4(6295 6296 6388 6387)
4(6387 6388 6480 6479)
4(6479 6480 6572 6571)
4(6571 6572 6664 6663)
4(6663 6664 6756 6755)
4(6755 6756 6848 6847)
4(6847 6848 6940 6939)
4(6939 6940 7032 7031)
4(7031 7032 7124 7123)
4(1972 7125 8285 4640)
4(4640 8285 8325 4732)
4(4732 8325 8365 4824)
4(4824 8365 8405 4916)
4(4916 8405 8445 5008)
4(5008 8445 8485 5100)
4(5100 8485 8525 5192)
4(5192 8525 8565 5284)
4(5284 8565 8605 5376)
4(5376 8605 8645 5468)
4(5468 8645 8685 5560)
4(5560 8685 8725 5652)
4(5652 8725 8765 5744)
4(5744 8765 8805 5836)
4(5836 8805 8845 5928)
4(5928 8845 8885 6020)
4(6020 8885 8925 6112)
4(6112 8925 8965 6204)
4(6204 8965 9005 6296)
4(6296 9005 9045 6388)
4(6388 9045 9085 6480)
4(6480 9085 9125 6572)
4(6572 9125 9165 6664)
4(6664 9165 9205 6756)
4(6756 9205 9245 6848)
4(6848 9245 9285 6940)
4(6940 9285 9325 7032)
4(7032 9325 9365 7124)
4(7125 7126 8286 8285)
4(8285 8286 8326 8325)
4(8325 8326 8366 8365)
4(8365 8366 8406 8405)
4(8405 8406 8446 8445)
4(8445 8446 8486 8485)
4(8485 8486 8526 8525)
4(8525 8526 8566 8565)
4(8565 8566 8606 8605)
4(8605 8606 8646 8645)
4(8645 8646 8686 8685)
4(8685 8686 8726 8725)
4(8725 8726 8766 8765)
4(8765 8766 8806 8805)
4(8805 8806 8846 8845)
4(8845 8846 8886 8885)
4(8885 8886 8926 8925)
4(8925 8926 8966 8965)
4(8965 8966 9006 9005)
4(9005 9006 9046 9045)
4(9045 9046 9086 9085)
4(9085 9086 9126 9125)
4(9125 9126 9166 9165)
4(9165 9166 9206 9205)
4(9205 9206 9246 9245)
4(9245 9246 9286 9285)
4(9285 9286 9326 9325)
4(9325 9326 9366 9365)
4(7126 7127 8287 8286)
4(8286 8287 8327 8326)
4(8326 8327 8367 8366)
4(8366 8367 8407 8406)
4(8406 8407 8447 8446)
4(8446 8447 8487 8486)
4(8486 8487 8527 8526)
4(8526 8527 8567 8566)
4(8566 8567 8607 8606)
4(8606 8607 8647 8646)
4(8646 8647 8687 8686)
4(8686 8687 8727 8726)
4(8726 8727 8767 8766)
4(8766 8767 8807 8806)
4(8806 8807 8847 8846)
4(8846 8847 8887 8886)
4(8886 8887 8927 8926)
4(8926 8927 8967 8966)
4(8966 8967 9007 9006)
4(9006 9007 9047 9046)
4(9046 9047 9087 9086)
4(9086 9087 9127 9126)
4(9126 9127 9167 9166)
4(9166 9167 9207 9206)
4(9206 9207 9247 9246)
4(9246 9247 9287 9286)
4(9286 9287 9327 9326)
4(9326 9327 9367 9366)
4(7127 7128 8288 8287)
4(8287 8288 8328 8327)
4(8327 8328 8368 8367)
4(8367 8368 8408 8407)
4(8407 8408 8448 8447)
4(8447 8448 8488 8487)
4(8487 8488 8528 8527)
4(8527 8528 8568 8567)
4(8567 8568 8608 8607)
4(8607 8608 8648 8647)
4(8647 8648 8688 8687)
4(8687 8688 8728 8727)
4(8727 8728 8768 8767)
4(8767 8768 8808 8807)
4(8807 8808 8848 8847)
4(8847 8848 8888 8887)
4(8887 8888 8928 8927)
4(8927 8928 8968 8967)
4(8967 8968 9008 9007)
4(9007 9008 9048 9047)
4(9047 9048 9088 9087)
4(9087 9088 9128 9127)
4(9127 9128 9168 9167)
4(9167 9168 9208 9207)
4(9207 9208 9248 9247)
4(9247 9248 9288 9287)
4(9287 9288 9328 9327)
4(9327 9328 9368 9367)
4(7128 7129 8289 8288)
4(8288 8289 8329 8328)
4(8328 8329 8369 8368)
4(8368 8369 8409 8408)
4(8408 8409 8449 8448)
4(8448 8449 8489 8488)
4(8488 8489 8529 8528)
4(8528 8529 8569 8568)
4(8568 8569 8609 8608)
4(8608 8609 8649 8648)
4(8648 8649 8689 8688)
4(8688 8689 8729 8728)
4(8728 8729 8769 8768)
4(8768 8769 8809 8808)
4(8808 8809 8849 8848)
4(8848 8849 8889 8888)
4(8888 8889 8929 8928)
4(8928 8929 8969 8968)
4(8968 8969 9009 9008)
4(9008 9009 9049 9048)
4(9048 9049 9089 9088)
4(9088 9089 9129 9128)
4(9128 9129 9169 9168)
4(9168 9169 9209 9208)
4(9208 9209 9249 9248)
4(9248 9249 9289 9288)
4(9288 9289 9329 9328)
4(9328 9329 9369 9368)
4(7129 7130 8290 8289)
4(8289 8290 8330 8329)
4(8329 8330 8370 8369)
4(8369 8370 8410 8409)
4(8409 8410 8450 8449)
4(8449 8450 8490 8489)
4(8489 8490 8530 8529)
4(8529 8530 8570 8569)
4(8569 8570 8610 8609)
4(8609 8610 8650 8649)
4(8649 8650 8690 8689)
4(8689 8690 8730 8729)
4(8729 8730 8770 8769)
4(8769 8770 8810 8809)
4(8809 8810 8850 8849)
4(8849 8850 8890 8889)
4(8889 8890 8930 8929)
4(8929 8930 8970 8969)
4(8969 8970 9010 9009)
4(9009 9010 9050 9049)
4(9049 9050 9090 9089)
4(9089 9090 9130 9129)
4(9129 9130 9170 9169)
4(9169 9170 9210 9209)
4(9209 9210 9250 9249)
4(9249 9250 9290 9289)
4(9289 9290 9330 9329)
4(9329 9330 9370 9369)
4(7130 7131 8291 8290)
4(8290 8291 8331 8330)
4(8330 8331 8371 8370)
4(8370 8371 8411 8410)
4(8410 8411 8451 8450)
4(8450 8451 8491 8490)
4(8490 8491 8531 8530)
4(8530 8531 8571 8570)
4(8570 8571 8611 8610)
4(8610 8611 8651 8650)
4(8650 8651 8691 8690)
4(8690 8691 8731 8730)
4(8730 8731 8771 8770)
4(8770 8771 8811 8810)
4(8810 8811 8851 8850)
4(8850 8851 8891 8890)
4(8890 8891 8931 8930)
4(8930 8931 8971 8970)
4(8970 8971 9011 9010)
4(9010 9011 9051 9050)
4(9050 9051 9091 9090)
4(9090 9091 9131 9130)
4(9130 9131 9171 9170)
4(9170 9171 9211 9210)
4(9210 9211 9251 9250)
4(9250 9251 9291 9290)
4(9290 9291 9331 9330)
4(9330 9331 9371 9370)
4(7131 7132 8292 8291)
4(8291 8292 8332 8331)
4(8331 8332 8372 8371)
4(8371 8372 8412 8411)
4(8411 8412 8452 8451)
4(8451 8452 8492 8491)
4(8491 8492 8532 8531)
4(8531 8532 8572 8571)
4(8571 8572 8612 8611)
4(8611 8612 8652 8651)
4(8651 8652 8692 8691)
4(8691 8692 8732 8731)
4(8731 8732 8772 8771)
4(8771 8772 8812 8811)
4(8811 8812 8852 8851)
4(8851 8852 8892 8891)
4(8891 8892 8932 8931)
4(8931 8932 8972 8971)
4(8971 8972 9012 9011)
4(9011 9012 9052 9051)
4(9051 9052 9092 9091)
4(9091 9092 9132 9131)
4(9131 9132 9172 9171)
4(9171 9172 9212 9211)
4(9211 9212 9252 9251)
4(9251 9252 9292 9291)
4(9291 9292 9332 9331)
4(9331 9332 9372 9371)
4(7132 7133 8293 8292)
4(8292 8293 8333 8332)
4(8332 8333 8373 8372)
4(8372 8373 8413 8412)
4(8412 8413 8453 8452)
4(8452 8453 8493 8492)
4(8492 8493 8533 8532)
4(8532 8533 8573 8572)
4(8572 8573 8613 8612)
4(8612 8613 8653 8652)
4(8652 8653 8693 8692)
4(8692 8693 8733 8732)
4(8732 8733 8773 8772)
4(8772 8773 8813 8812)
4(8812 8813 8853 8852)
4(8852 8853 8893 8892)
4(8892 8893 8933 8932)
4(8932 8933 8973 8972)
4(8972 8973 9013 9012)
4(9012 9013 9053 9052)
4(9052 9053 9093 9092)
4(9092 9093 9133 9132)
4(9132 9133 9173 9172)
4(9172 9173 9213 9212)
4(9212 9213 9253 9252)
4(9252 9253 9293 9292)
4(9292 9293 9333 9332)
4(9332 9333 9373 9372)
4(7133 7134 8294 8293)
4(8293 8294 8334 8333)
4(8333 8334 8374 8373)
4(8373 8374 8414 8413)
4(8413 8414 8454 8453)
4(8453 8454 8494 8493)
4(8493 8494 8534 8533)
4(8533 8534 8574 8573)
4(8573 8574 8614 8613)
4(8613 8614 8654 8653)
4(8653 8654 8694 8693)
4(8693 8694 8734 8733)
4(8733 8734 8774 8773)
4(8773 8774 8814 8813)
4(8813 8814 8854 8853)
4(8853 8854 8894 8893)
4(8893 8894 8934 8933)
4(8933 8934 8974 8973)
4(8973 8974 9014 9013)
4(9013 9014 9054 9053)
4(9053 9054 9094 9093)
4(9093 9094 9134 9133)
4(9133 9134 9174 9173)
4(9173 9174 9214 9213)
4(9213 9214 9254 9253)
4(9253 9254 9294 9293)
4(9293 9294 9334 9333)
4(9333 9334 9374 9373)
4(7134 7135 8295 8294)
4(8294 8295 8335 8334)
4(8334 8335 8375 8374)
4(8374 8375 8415 8414)
4(8414 8415 8455 8454)
4(8454 8455 8495 8494)
4(8494 8495 8535 8534)
4(8534 8535 8575 8574)
4(8574 8575 8615 8614)
4(8614 8615 8655 8654)
4(8654 8655 8695 8694)
4(8694 8695 8735 8734)
4(8734 8735 8775 8774)
4(8774 8775 8815 8814)
4(8814 8815 8855 8854)
4(8854 8855 8895 8894)
4(8894 8895 8935 8934)
4(8934 8935 8975 8974)
4(8974 8975 9015 9014)
4(9014 9015 9055 9054)
4(9054 9055 9095 9094)
4(9094 9095 9135 9134)
4(9134 9135 9175 9174)
4(9174 9175 9215 9214)
4(9214 9215 9255 9254)
4(9254 9255 9295 9294)
4(9294 9295 9335 9334)
4(9334 9335 9375 9374)
4(7135 7136 8296 8295)
4(8295 8296 8336 8335)
4(8335 8336 8376 8375)
4(8375 8376 8416 8415)
4(8415 8416 8456 8455)
4(8455 8456 8496 8495)
4(8495 8496 8536 8535)
4(8535 8536 8576 8575)
4(8575 8576 8616 8615)
4(8615 8616 8656 8655)
4(8655 8656 8696 8695)
4(8695 8696 8736 8735)
4(8735 8736 8776 8775)
4(8775 8776 8816 8815)
4(8815 8816 8856 8855)
4(8855 8856 8896 8895)
4(8895 8896 8936 8935)
4(8935 8936 8976 8975)
4(8975 8976 9016 9015)
4(9015 9016 9056 9055)
4(9055 9056 9096 9095)
4(9095 9096 9136 9135)
4(9135 9136 9176 9175)
4(9175 9176 9216 9215)
4(9215 9216 9256 9255)
4(9255 9256 9296 9295)
4(9295 9296 9336 9335)
4(9335 9336 9376 9375)
4(7136 7137 8297 8296)
4(8296 8297 8337 8336)
4(8336 8337 8377 8376)
4(8376 8377 8417 8416)
4(8416 8417 8457 8456)
4(8456 8457 8497 8496)
4(8496 8497 8537 8536)
4(8536 8537 8577 8576)
4(8576 8577 8617 8616)
4(8616 8617 8657 8656)
4(8656 8657 8697 8696)
4(8696 8697 8737 8736)
4(8736 8737 8777 8776)
4(8776 8777 8817 8816)
4(8816 8817 8857 8856)
4(8856 8857 8897 8896)
4(8896 8897 8937 8936)
4(8936 8937 8977 8976)
4(8976 8977 9017 9016)
4(9016 9017 9057 9056)
4(9056 9057 9097 9096)
4(9096 9097 9137 9136)
4(9136 9137 9177 9176)
4(9176 9177 9217 9216)
4(9216 9217 9257 9256)
4(9256 9257 9297 9296)
4(9296 9297 9337 9336)
4(9336 9337 9377 9376)
4(7137 7138 8298 8297)
4(8297 8298 8338 8337)
4(8337 8338 8378 8377)
4(8377 8378 8418 8417)
4(8417 8418 8458 8457)
4(8457 8458 8498 8497)
4(8497 8498 8538 8537)
4(8537 8538 8578 8577)
4(8577 8578 8618 8617)
4(8617 8618 8658 8657)
4(8657 8658 8698 8697)
4(8697 8698 8738 8737)
4(8737 8738 8778 8777)
4(8777 8778 8818 8817)
4(8817 8818 8858 8857)
4(8857 8858 8898 8897)
4(8897 8898 8938 8937)
4(8937 8938 8978 8977)
4(8977 8978 9018 9017)
4(9017 9018 9058 9057)
4(9057 9058 9098 9097)
4(9097 9098 9138 9137)
4(9137 9138 9178 9177)
4(9177 9178 9218 9217)
4(9217 9218 9258 9257)
4(9257 9258 9298 9297)
4(9297 9298 9338 9337)
4(9337 9338 9378 9377)
4(7138 7139 8299 8298)
4(8298 8299 8339 8338)
4(8338 8339 8379 8378)
4(8378 8379 8419 8418)
4(8418 8419 8459 8458)
4(8458 8459 8499 8498)
4(8498 8499 8539 8538)
4(8538 8539 8579 8578)
4(8578 8579 8619 8618)
4(8618 8619 8659 8658)
4(8658 8659 8699 8698)
4(8698 8699 8739 8738)
4(8738 8739 8779 8778)
4(8778 8779 8819 8818)
4(8818 8819 8859 8858)
4(8858 8859 8899 8898)
4(8898 8899 8939 8938)
4(8938 8939 8979 8978)
4(8978 8979 9019 9018)
4(9018 9019 9059 9058)
4(9058 9059 9099 9098)
4(9098 9099 9139 9138)
4(9138 9139 9179 9178)
4(9178 9179 9219 9218)
4(9218 9219 9259 9258)
4(9258 9259 9299 9298)
4(9298 9299 9339 9338)
4(9338 9339 9379 9378)
4(7139 7140 8300 8299)
4(8299 8300 8340 8339)
4(8339 8340 8380 8379)
4(8379 8380 8420 8419)
4(8419 8420 8460 8459)
4(8459 8460 8500 8499)
4(8499 8500 8540 8539)
4(8539 8540 8580 8579)
4(8579 8580 8620 8619)
4(8619 8620 8660 8659)
4(8659 8660 8700 8699)
4(8699 8700 8740 8739)
4(8739 8740 8780 8779)
4(8779 8780 8820 8819)
4(8819 8820 8860 8859)
4(8859 8860 8900 8899)
4(8899 8900 8940 8939)
4(8939 8940 8980 8979)
4(8979 8980 9020 9019)
4(9019 9020 9060 9059)
4(9059 9060 9100 9099)
4(9099 9100 9140 9139)
4(9139 9140 9180 9179)
4(9179 9180 9220 9219)
4(9219 9220 9260 9259)
4(9259 9260 9300 9299)
4(9299 9300 9340 9339)
4(9339 9340 9380 9379)
4(7140 7141 8301 8300)
4(8300 8301 8341 8340)
4(8340 8341 8381 8380)
4(8380 8381 8421 8420)
4(8420 8421 8461 8460)
4(8460 8461 8501 8500)
4(8500 8501 8541 8540)
4(8540 8541 8581 8580)
4(8580 8581 8621 8620)
4(8620 8621 8661 8660)
4(8660 8661 8701 8700)
4(8700 8701 8741 8740)
4(8740 8741 8781 8780)
4(8780 8781 8821 8820)
4(8820 8821 8861 8860)
4(8860 8861 8901 8900)
4(8900 8901 8941 8940)
4(8940 8941 8981 8980)
4(8980 8981 9021 9020)
4(9020 9021 9061 9060)
4(9060 9061 9101 9100)
4(9100 9101 9141 9140)
4(9140 9141 9181 9180)
4(9180 9181 9221 9220)
4(9220 9221 9261 9260)
4(9260 9261 9301 9300)
4(9300 9301 9341 9340)
4(9340 9341 9381 9380)
4(7141 7142 8302 8301)
4(8301 8302 8342 8341)
4(8341 8342 8382 8381)
4(8381 8382 8422 8421)
4(8421 8422 8462 8461)
4(8461 8462 8502 8501)
4(8501 8502 8542 8541)
4(8541 8542 8582 8581)
4(8581 8582 8622 8621)
4(8621 8622 8662 8661)
4(8661 8662 8702 8701)
4(8701 8702 8742 8741)
4(8741 8742 8782 8781)
4(8781 8782 8822 8821)
4(8821 8822 8862 8861)
4(8861 8862 8902 8901)
4(8901 8902 8942 8941)
4(8941 8942 8982 8981)
4(8981 8982 9022 9021)
4(9021 9022 9062 9061)
4(9061 9062 9102 9101)
4(9101 9102 9142 9141)
4(9141 9142 9182 9181)
4(9181 9182 9222 9221)
4(9221 9222 9262 9261)
4(9261 9262 9302 9301)
4(9301 9302 9342 9341)
4(9341 9342 9382 9381)
4(7142 7143 8303 8302)
4(8302 8303 8343 8342)
4(8342 8343 8383 8382)
4(8382 8383 8423 8422)
4(8422 8423 8463 8462)
4(8462 8463 8503 8502)
4(8502 8503 8543 8542)
4(8542 8543 8583 8582)
4(8582 8583 8623 8622)
4(8622 8623 8663 8662)
4(8662 8663 8703 8702)
4(8702 8703 8743 8742)
4(8742 8743 8783 8782)
4(8782 8783 8823 8822)
4(8822 8823 8863 8862)
4(8862 8863 8903 8902)
4(8902 8903 8943 8942)
4(8942 8943 8983 8982)
4(8982 8983 9023 9022)
4(9022 9023 9063 9062)
4(9062 9063 9103 9102)
4(9102 9103 9143 9142)
4(9142 9143 9183 9182)
4(9182 9183 9223 9222)
4(9222 9223 9263 9262)
4(9262 9263 9303 9302)
4(9302 9303 9343 9342)
4(9342 9343 9383 9382)
4(7143 7144 8304 8303)
4(8303 8304 8344 8343)
4(8343 8344 8384 8383)
4(8383 8384 8424 8423)
4(8423 8424 8464 8463)
4(8463 8464 8504 8503)
4(8503 8504 8544 8543)
4(8543 8544 8584 8583)
4(8583 8584 8624 8623)
4(8623 8624 8664 8663)
4(8663 8664 8704 8703)
4(8703 8704 8744 8743)
4(8743 8744 8784 8783)
4(8783 8784 8824 8823)
4(8823 8824 8864 8863)
4(8863 8864 8904 8903)
4(8903 8904 8944 8943)
4(8943 8944 8984 8983)
4(8983 8984 9024 9023)
4(9023 9024 9064 9063)
4(9063 9064 9104 9103)
4(9103 9104 9144 9143)
4(9143 9144 9184 9183)
4(9183 9184 9224 9223)
4(9223 9224 9264 9263)
4(9263 9264 9304 9303)
4(9303 9304 9344 9343)
4(9343 9344 9384 9383)
4(7144 7145 8305 8304)
4(8304 8305 8345 8344)
4(8344 8345 8385 8384)
4(8384 8385 8425 8424)
4(8424 8425 8465 8464)
4(8464 8465 8505 8504)
4(8504 8505 8545 8544)
4(8544 8545 8585 8584)
4(8584 8585 8625 8624)
4(8624 8625 8665 8664)
4(8664 8665 8705 8704)
4(8704 8705 8745 8744)
4(8744 8745 8785 8784)
4(8784 8785 8825 8824)
4(8824 8825 8865 8864)
4(8864 8865 8905 8904)
4(8904 8905 8945 8944)
4(8944 8945 8985 8984)
4(8984 8985 9025 9024)
4(9024 9025 9065 9064)
4(9064 9065 9105 9104)
4(9104 9105 9145 9144)
4(9144 9145 9185 9184)
4(9184 9185 9225 9224)
4(9224 9225 9265 9264)
4(9264 9265 9305 9304)
4(9304 9305 9345 9344)
4(9344 9345 9385 9384)
4(7145 7146 8306 8305)
4(8305 8306 8346 8345)
4(8345 8346 8386 8385)
4(8385 8386 8426 8425)
4(8425 8426 8466 8465)
4(8465 8466 8506 8505)
4(8505 8506 8546 8545)
4(8545 8546 8586 8585)
4(8585 8586 8626 8625)
4(8625 8626 8666 8665)
4(8665 8666 8706 8705)
4(8705 8706 8746 8745)
4(8745 8746 8786 8785)
4(8785 8786 8826 8825)
4(8825 8826 8866 8865)
4(8865 8866 8906 8905)
4(8905 8906 8946 8945)
4(8945 8946 8986 8985)
4(8985 8986 9026 9025)
4(9025 9026 9066 9065)
4(9065 9066 9106 9105)
4(9105 9106 9146 9145)
4(9145 9146 9186 9185)
4(9185 9186 9226 9225)
4(9225 9226 9266 9265)
4(9265 9266 9306 9305)
4(9305 9306 9346 9345)
4(9345 9346 9386 9385)
4(7146 7147 8307 8306)
4(8306 8307 8347 8346)
4(8346 8347 8387 8386)
4(8386 8387 8427 8426)
4(8426 8427 8467 8466)
4(8466 8467 8507 8506)
4(8506 8507 8547 8546)
4(8546 8547 8587 8586)
4(8586 8587 8627 8626)
4(8626 8627 8667 8666)
4(8666 8667 8707 8706)
4(8706 8707 8747 8746)
4(8746 8747 8787 8786)
4(8786 8787 8827 8826)
4(8826 8827 8867 8866)
4(8866 8867 8907 8906)
4(8906 8907 8947 8946)
4(8946 8947 8987 8986)
4(8986 8987 9027 9026)
4(9026 9027 9067 9066)
4(9066 9067 9107 9106)
4(9106 9107 9147 9146)
4(9146 9147 9187 9186)
4(9186 9187 9227 9226)
4(9226 9227 9267 9266)
4(9266 9267 9307 9306)
4(9306 9307 9347 9346)
4(9346 9347 9387 9386)
4(7147 7148 8308 8307)
4(8307 8308 8348 8347)
4(8347 8348 8388 8387)
4(8387 8388 8428 8427)
4(8427 8428 8468 8467)
4(8467 8468 8508 8507)
4(8507 8508 8548 8547)
4(8547 8548 8588 8587)
4(8587 8588 8628 8627)
4(8627 8628 8668 8667)
4(8667 8668 8708 8707)
4(8707 8708 8748 8747)
4(8747 8748 8788 8787)
4(8787 8788 8828 8827)
4(8827 8828 8868 8867)
4(8867 8868 8908 8907)
4(8907 8908 8948 8947)
4(8947 8948 8988 8987)
4(8987 8988 9028 9027)
4(9027 9028 9068 9067)
4(9067 9068 9108 9107)
4(9107 9108 9148 9147)
4(9147 9148 9188 9187)
4(9187 9188 9228 9227)
4(9227 9228 9268 9267)
4(9267 9268 9308 9307)
4(9307 9308 9348 9347)
4(9347 9348 9388 9387)
4(7148 7149 8309 8308)
4(8308 8309 8349 8348)
4(8348 8349 8389 8388)
4(8388 8389 8429 8428)
4(8428 8429 8469 8468)
4(8468 8469 8509 8508)
4(8508 8509 8549 8548)
4(8548 8549 8589 8588)
4(8588 8589 8629 8628)
4(8628 8629 8669 8668)
4(8668 8669 8709 8708)
4(8708 8709 8749 8748)
4(8748 8749 8789 8788)
4(8788 8789 8829 8828)
4(8828 8829 8869 8868)
4(8868 8869 8909 8908)
4(8908 8909 8949 8948)
4(8948 8949 8989 8988)
4(8988 8989 9029 9028)
4(9028 9029 9069 9068)
4(9068 9069 9109 9108)
4(9108 9109 9149 9148)
4(9148 9149 9189 9188)
4(9188 9189 9229 9228)
4(9228 9229 9269 9268)
4(9268 9269 9309 9308)
4(9308 9309 9349 9348)
4(9348 9349 9389 9388)
4(7149 7150 8310 8309)
4(8309 8310 8350 8349)
4(8349 8350 8390 8389)
4(8389 8390 8430 8429)
4(8429 8430 8470 8469)
4(8469 8470 8510 8509)
4(8509 8510 8550 8549)
4(8549 8550 8590 8589)
4(8589 8590 8630 8629)
4(8629 8630 8670 8669)
4(8669 8670 8710 8709)
4(8709 8710 8750 8749)
4(8749 8750 8790 8789)
4(8789 8790 8830 8829)
4(8829 8830 8870 8869)
4(8869 8870 8910 8909)
4(8909 8910 8950 8949)
4(8949 8950 8990 8989)
4(8989 8990 9030 9029)
4(9029 9030 9070 9069)
4(9069 9070 9110 9109)
4(9109 9110 9150 9149)
4(9149 9150 9190 9189)
4(9189 9190 9230 9229)
4(9229 9230 9270 9269)
4(9269 9270 9310 9309)
4(9309 9310 9350 9349)
4(9349 9350 9390 9389)
4(7150 7151 8311 8310)
4(8310 8311 8351 8350)
4(8350 8351 8391 8390)
4(8390 8391 8431 8430)
4(8430 8431 8471 8470)
4(8470 8471 8511 8510)
4(8510 8511 8551 8550)
4(8550 8551 8591 8590)
4(8590 8591 8631 8630)
4(8630 8631 8671 8670)
4(8670 8671 8711 8710)
4(8710 8711 8751 8750)
4(8750 8751 8791 8790)
4(8790 8791 8831 8830)
4(8830 8831 8871 8870)
4(8870 8871 8911 8910)
4(8910 8911 8951 8950)
4(8950 8951 8991 8990)
4(8990 8991 9031 9030)
4(9030 9031 9071 9070)
4(9070 9071 9111 9110)
4(9110 9111 9151 9150)
4(9150 9151 9191 9190)
4(9190 9191 9231 9230)
4(9230 9231 9271 9270)
4(9270 9271 9311 9310)
4(9310 9311 9351 9350)
4(9350 9351 9391 9390)
4(7151 7152 8312 8311)
4(8311 8312 8352 8351)
4(8351 8352 8392 8391)
4(8391 8392 8432 8431)
4(8431 8432 8472 8471)
4(8471 8472 8512 8511)
4(8511 8512 8552 8551)
4(8551 8552 8592 8591)
4(8591 8592 8632 8631)
4(8631 8632 8672 8671)
4(8671 8672 8712 8711)
4(8711 8712 8752 8751)
4(8751 8752 8792 8791)
4(8791 8792 8832 8831)
4(8831 8832 8872 8871)
4(8871 8872 8912 8911)
4(8911 8912 8952 8951)
4(8951 8952 8992 8991)
4(8991 8992 9032 9031)
4(9031 9032 9072 9071)
4(9071 9072 9112 9111)
4(9111 9112 9152 9151)
4(9151 9152 9192 9191)
4(9191 9192 9232 9231)
4(9231 9232 9272 9271)
4(9271 9272 9312 9311)
4(9311 9312 9352 9351)
4(9351 9352 9392 9391)
4(7152 7153 8313 8312)
4(8312 8313 8353 8352)
4(8352 8353 8393 8392)
4(8392 8393 8433 8432)
4(8432 8433 8473 8472)
4(8472 8473 8513 8512)
4(8512 8513 8553 8552)
4(8552 8553 8593 8592)
4(8592 8593 8633 8632)
4(8632 8633 8673 8672)
4(8672 8673 8713 8712)
4(8712 8713 8753 8752)
4(8752 8753 8793 8792)
4(8792 8793 8833 8832)
4(8832 8833 8873 8872)
4(8872 8873 8913 8912)
4(8912 8913 8953 8952)
4(8952 8953 8993 8992)
4(8992 8993 9033 9032)
4(9032 9033 9073 9072)
4(9072 9073 9113 9112)
4(9112 9113 9153 9152)
4(9152 9153 9193 9192)
4(9192 9193 9233 9232)
4(9232 9233 9273 9272)
4(9272 9273 9313 9312)
4(9312 9313 9353 9352)
4(9352 9353 9393 9392)
4(7153 7154 8314 8313)
4(8313 8314 8354 8353)
4(8353 8354 8394 8393)
4(8393 8394 8434 8433)
4(8433 8434 8474 8473)
4(8473 8474 8514 8513)
4(8513 8514 8554 8553)
4(8553 8554 8594 8593)
4(8593 8594 8634 8633)
4(8633 8634 8674 8673)
4(8673 8674 8714 8713)
4(8713 8714 8754 8753)
4(8753 8754 8794 8793)
4(8793 8794 8834 8833)
4(8833 8834 8874 8873)
4(8873 8874 8914 8913)
4(8913 8914 8954 8953)
4(8953 8954 8994 8993)
4(8993 8994 9034 9033)
4(9033 9034 9074 9073)
4(9073 9074 9114 9113)
4(9113 9114 9154 9153)
4(9153 9154 9194 9193)
4(9193 9194 9234 9233)
4(9233 9234 9274 9273)
4(9273 9274 9314 9313)
4(9313 9314 9354 9353)
4(9353 9354 9394 9393)
4(7154 7155 8315 8314)
4(8314 8315 8355 8354)
4(8354 8355 8395 8394)
4(8394 8395 8435 8434)
4(8434 8435 8475 8474)
4(8474 8475 8515 8514)
4(8514 8515 8555 8554)
4(8554 8555 8595 8594)
4(8594 8595 8635 8634)
4(8634 8635 8675 8674)
4(8674 8675 8715 8714)
4(8714 8715 8755 8754)
4(8754 8755 8795 8794)
4(8794 8795 8835 8834)
4(8834 8835 8875 8874)
4(8874 8875 8915 8914)
4(8914 8915 8955 8954)
4(8954 8955 8995 8994)
4(8994 8995 9035 9034)
4(9034 9035 9075 9074)
4(9074 9075 9115 9114)
4(9114 9115 9155 9154)
4(9154 9155 9195 9194)
4(9194 9195 9235 9234)
4(9234 9235 9275 9274)
4(9274 9275 9315 9314)
4(9314 9315 9355 9354)
4(9354 9355 9395 9394)
4(7155 7156 8316 8315)
4(8315 8316 8356 8355)
4(8355 8356 8396 8395)
4(8395 8396 8436 8435)
4(8435 8436 8476 8475)
4(8475 8476 8516 8515)
4(8515 8516 8556 8555)
4(8555 8556 8596 8595)
4(8595 8596 8636 8635)
4(8635 8636 8676 8675)
4(8675 8676 8716 8715)
4(8715 8716 8756 8755)
4(8755 8756 8796 8795)
4(8795 8796 8836 8835)
4(8835 8836 8876 8875)
4(8875 8876 8916 8915)
4(8915 8916 8956 8955)
4(8955 8956 8996 8995)
4(8995 8996 9036 9035)
4(9035 9036 9076 9075)
4(9075 9076 9116 9115)
4(9115 9116 9156 9155)
4(9155 9156 9196 9195)
4(9195 9196 9236 9235)
4(9235 9236 9276 9275)
4(9275 9276 9316 9315)
4(9315 9316 9356 9355)
4(9355 9356 9396 9395)
4(7156 7157 8317 8316)
4(8316 8317 8357 8356)
4(8356 8357 8397 8396)
4(8396 8397 8437 8436)
4(8436 8437 8477 8476)
4(8476 8477 8517 8516)
4(8516 8517 8557 8556)
4(8556 8557 8597 8596)
4(8596 8597 8637 8636)
4(8636 8637 8677 8676)
4(8676 8677 8717 8716)
4(8716 8717 8757 8756)
4(8756 8757 8797 8796)
4(8796 8797 8837 8836)
4(8836 8837 8877 8876)
4(8876 8877 8917 8916)
4(8916 8917 8957 8956)
4(8956 8957 8997 8996)
4(8996 8997 9037 9036)
4(9036 9037 9077 9076)
4(9076 9077 9117 9116)
4(9116 9117 9157 9156)
4(9156 9157 9197 9196)
4(9196 9197 9237 9236)
4(9236 9237 9277 9276)
4(9276 9277 9317 9316)
4(9316 9317 9357 9356)
4(9356 9357 9397 9396)
4(7157 7158 8318 8317)
4(8317 8318 8358 8357)
4(8357 8358 8398 8397)
4(8397 8398 8438 8437)
4(8437 8438 8478 8477)
4(8477 8478 8518 8517)
4(8517 8518 8558 8557)
4(8557 8558 8598 8597)
4(8597 8598 8638 8637)
4(8637 8638 8678 8677)
4(8677 8678 8718 8717)
4(8717 8718 8758 8757)
4(8757 8758 8798 8797)
4(8797 8798 8838 8837)
4(8837 8838 8878 8877)
4(8877 8878 8918 8917)
4(8917 8918 8958 8957)
4(8957 8958 8998 8997)
4(8997 8998 9038 9037)
4(9037 9038 9078 9077)
4(9077 9078 9118 9117)
4(9117 9118 9158 9157)
4(9157 9158 9198 9197)
4(9197 9198 9238 9237)
4(9237 9238 9278 9277)
4(9277 9278 9318 9317)
4(9317 9318 9358 9357)
4(9357 9358 9398 9397)
4(7158 7159 8319 8318)
4(8318 8319 8359 8358)
4(8358 8359 8399 8398)
4(8398 8399 8439 8438)
4(8438 8439 8479 8478)
4(8478 8479 8519 8518)
4(8518 8519 8559 8558)
4(8558 8559 8599 8598)
4(8598 8599 8639 8638)
4(8638 8639 8679 8678)
4(8678 8679 8719 8718)
4(8718 8719 8759 8758)
4(8758 8759 8799 8798)
4(8798 8799 8839 8838)
4(8838 8839 8879 8878)
4(8878 8879 8919 8918)
4(8918 8919 8959 8958)
4(8958 8959 8999 8998)
4(8998 8999 9039 9038)
4(9038 9039 9079 9078)
4(9078 9079 9119 9118)
4(9118 9119 9159 9158)
4(9158 9159 9199 9198)
4(9198 9199 9239 9238)
4(9238 9239 9279 9278)
4(9278 9279 9319 9318)
4(9318 9319 9359 9358)
4(9358 9359 9399 9398)
4(7159 7160 8320 8319)
4(8319 8320 8360 8359)
4(8359 8360 8400 8399)
4(8399 8400 8440 8439)
4(8439 8440 8480 8479)
4(8479 8480 8520 8519)
4(8519 8520 8560 8559)
4(8559 8560 8600 8599)
4(8599 8600 8640 8639)
4(8639 8640 8680 8679)
4(8679 8680 8720 8719)
4(8719 8720 8760 8759)
4(8759 8760 8800 8799)
4(8799 8800 8840 8839)
4(8839 8840 8880 8879)
4(8879 8880 8920 8919)
4(8919 8920 8960 8959)
4(8959 8960 9000 8999)
4(8999 9000 9040 9039)
4(9039 9040 9080 9079)
4(9079 9080 9120 9119)
4(9119 9120 9160 9159)
4(9159 9160 9200 9199)
4(9199 9200 9240 9239)
4(9239 9240 9280 9279)
4(9279 9280 9320 9319)
4(9319 9320 9360 9359)
4(9359 9360 9400 9399)
4(7160 7161 8321 8320)
4(8320 8321 8361 8360)
4(8360 8361 8401 8400)
4(8400 8401 8441 8440)
4(8440 8441 8481 8480)
4(8480 8481 8521 8520)
4(8520 8521 8561 8560)
4(8560 8561 8601 8600)
4(8600 8601 8641 8640)
4(8640 8641 8681 8680)
4(8680 8681 8721 8720)
4(8720 8721 8761 8760)
4(8760 8761 8801 8800)
4(8800 8801 8841 8840)
4(8840 8841 8881 8880)
4(8880 8881 8921 8920)
4(8920 8921 8961 8960)
4(8960 8961 9001 9000)
4(9000 9001 9041 9040)
4(9040 9041 9081 9080)
4(9080 9081 9121 9120)
4(9120 9121 9161 9160)
4(9160 9161 9201 9200)
4(9200 9201 9241 9240)
4(9240 9241 9281 9280)
4(9280 9281 9321 9320)
4(9320 9321 9361 9360)
4(9360 9361 9401 9400)
4(7161 7162 8322 8321)
4(8321 8322 8362 8361)
4(8361 8362 8402 8401)
4(8401 8402 8442 8441)
4(8441 8442 8482 8481)
4(8481 8482 8522 8521)
4(8521 8522 8562 8561)
4(8561 8562 8602 8601)
4(8601 8602 8642 8641)
4(8641 8642 8682 8681)
4(8681 8682 8722 8721)
4(8721 8722 8762 8761)
4(8761 8762 8802 8801)
4(8801 8802 8842 8841)
4(8841 8842 8882 8881)
4(8881 8882 8922 8921)
4(8921 8922 8962 8961)
4(8961 8962 9002 9001)
4(9001 9002 9042 9041)
4(9041 9042 9082 9081)
4(9081 9082 9122 9121)
4(9121 9122 9162 9161)
4(9161 9162 9202 9201)
4(9201 9202 9242 9241)
4(9241 9242 9282 9281)
4(9281 9282 9322 9321)
4(9321 9322 9362 9361)
4(9361 9362 9402 9401)
4(7162 7163 8323 8322)
4(8322 8323 8363 8362)
4(8362 8363 8403 8402)
4(8402 8403 8443 8442)
4(8442 8443 8483 8482)
4(8482 8483 8523 8522)
4(8522 8523 8563 8562)
4(8562 8563 8603 8602)
4(8602 8603 8643 8642)
4(8642 8643 8683 8682)
4(8682 8683 8723 8722)
4(8722 8723 8763 8762)
4(8762 8763 8803 8802)
4(8802 8803 8843 8842)
4(8842 8843 8883 8882)
4(8882 8883 8923 8922)
4(8922 8923 8963 8962)
4(8962 8963 9003 9002)
4(9002 9003 9043 9042)
4(9042 9043 9083 9082)
4(9082 9083 9123 9122)
4(9122 9123 9163 9162)
4(9162 9163 9203 9202)
4(9202 9203 9243 9242)
4(9242 9243 9283 9282)
4(9282 9283 9323 9322)
4(9322 9323 9363 9362)
4(9362 9363 9403 9402)
4(7163 7164 8324 8323)
4(8323 8324 8364 8363)
4(8363 8364 8404 8403)
4(8403 8404 8444 8443)
4(8443 8444 8484 8483)
4(8483 8484 8524 8523)
4(8523 8524 8564 8563)
4(8563 8564 8604 8603)
4(8603 8604 8644 8643)
4(8643 8644 8684 8683)
4(8683 8684 8724 8723)
4(8723 8724 8764 8763)
4(8763 8764 8804 8803)
4(8803 8804 8844 8843)
4(8843 8844 8884 8883)
4(8883 8884 8924 8923)
4(8923 8924 8964 8963)
4(8963 8964 9004 9003)
4(9003 9004 9044 9043)
4(9043 9044 9084 9083)
4(9083 9084 9124 9123)
4(9123 9124 9164 9163)
4(9163 9164 9204 9203)
4(9203 9204 9244 9243)
4(9243 9244 9284 9283)
4(9283 9284 9324 9323)
4(9323 9324 9364 9363)
4(9363 9364 9404 9403)
)


                                                                               
