                                                                               
                             
                                                                   
                                                            
                                          
                             
                                                                               
FoamFile
{
    format      ascii;
    class       vectorField;
    location    "constant/fluid/polyMesh";
    object      points;
}
                                                                               


9405
(
(0 0 0)
(0.0030452311483462058 0 0)
(0.0059863100794889821 0 0)
(0.0088267989809339507 0 0)
(0.011570138207160364 0 0)
(0.014219650446523147 0 0)
(0.016778544745639539 0 0)
(0.019249920396134816 0 0)
(0.021636770688454422 0 0)
(0.023941986537289257 0 0)
(0.026168359983005023 0 0)
(0.028318587573316654 0 0)
(0.030395273629303523 0 0)
(0.032400933399721242 0 0)
(0.034337996107430546 0 0)
(0.036208807891632916 0 0)
(0.03801563464947668 0 0)
(0.039760664780475179 0 0)
(0.041446011837061092 0 0)
(0.043073717084487123 0 0)
(0.044645751973173657 0 0)
(0.046164020526497845 0 0)
(0.047630361646916058 0 0)
(0.049046551343212959 0 0)
(0.050414304881574813 0 0)
(0.05173527886309235 0 0)
(0.053011073230209232 0 0)
(0.054243233204546763 0 0)
(0.055433251158451359 0 0)
(0.056582568422532016 0 0)
(0.057692577031376709 0 0)
(0.058764621409562311 0 0)
(0.059799999999999999 0 0)
(0 0.0051224104625866417 -0.00022364927078031256)
(0.0030452311483462062 0.0051224104625866426 -0.00022364927078031256)
(0.0059863100794889804 0.0051224104625866426 -0.00022364927078031251)
(0.0088267989809339524 0.0051224104625866426 -0.00022364927078031256)
(0.011570138207160364 0.0051224104625866417 -0.00022364927078031256)
(0.014219650446523147 0.0051224104625866426 -0.00022364927078031256)
(0.016778544745639539 0.0051224104625866417 -0.00022364927078031256)
(0.019249920396134816 0.0051224104625866426 -0.00022364927078031251)
(0.021636770688454428 0.0051224104625866409 -0.00022364927078031251)
(0.023941986537289257 0.0051224104625866426 -0.00022364927078031256)
(0.026168359983005023 0.0051224104625866426 -0.00022364927078031256)
(0.02831858757331665 0.0051224104625866426 -0.00022364927078031256)
(0.030395273629303516 0.0051224104625866426 -0.00022364927078031256)
(0.032400933399721242 0.0051224104625866417 -0.00022364927078031256)
(0.034337996107430546 0.0051224104625866417 -0.00022364927078031256)
(0.036208807891632923 0.0051224104625866426 -0.00022364927078031256)
(0.03801563464947668 0.0051224104625866417 -0.00022364927078031256)
(0.039760664780475186 0.0051224104625866426 -0.00022364927078031256)
(0.041446011837061092 0.0051224104625866417 -0.00022364927078031251)
(0.043073717084487123 0.0051224104625866417 -0.00022364927078031251)
(0.044645751973173657 0.0051224104625866417 -0.00022364927078031251)
(0.046164020526497845 0.0051224104625866426 -0.00022364927078031251)
(0.047630361646916058 0.0051224104625866417 -0.00022364927078031251)
(0.049046551343212973 0.0051224104625866426 -0.00022364927078031256)
(0.050414304881574813 0.0051224104625866417 -0.00022364927078031256)
(0.051735278863092343 0.0051224104625866426 -0.00022364927078031256)
(0.053011073230209232 0.0051224104625866417 -0.00022364927078031251)
(0.05424323320454677 0.0051224104625866426 -0.00022364927078031251)
(0.055433251158451359 0.0051224104625866417 -0.00022364927078031251)
(0.056582568422532016 0.0051224104625866417 -0.00022364927078031256)
(0.057692577031376702 0.0051224104625866426 -0.00022364927078031251)
(0.058764621409562297 0.0051224104625866426 -0.00022364927078031256)
(0.059799999999999999 0.0051224104625866417 -0.00022364927078031256)
(0 0.0098972550133698337 -0.00043212348612711661)
(0.0030452311483462058 0.0098972550133698354 -0.00043212348612711667)
(0.0059863100794889821 0.0098972550133698337 -0.00043212348612711656)
(0.0088267989809339507 0.0098972550133698337 -0.00043212348612711661)
(0.011570138207160364 0.0098972550133698337 -0.00043212348612711661)
(0.014219650446523147 0.0098972550133698337 -0.00043212348612711661)
(0.016778544745639539 0.0098972550133698354 -0.00043212348612711661)
(0.019249920396134816 0.0098972550133698337 -0.00043212348612711656)
(0.021636770688454428 0.0098972550133698337 -0.00043212348612711661)
(0.023941986537289257 0.0098972550133698337 -0.00043212348612711656)
(0.026168359983005023 0.0098972550133698337 -0.00043212348612711661)
(0.028318587573316661 0.0098972550133698337 -0.00043212348612711661)
(0.030395273629303523 0.0098972550133698337 -0.00043212348612711661)
(0.032400933399721242 0.0098972550133698337 -0.00043212348612711661)
(0.034337996107430539 0.0098972550133698337 -0.00043212348612711661)
(0.036208807891632916 0.0098972550133698337 -0.00043212348612711661)
(0.03801563464947668 0.0098972550133698354 -0.00043212348612711667)
(0.039760664780475179 0.0098972550133698337 -0.00043212348612711661)
(0.041446011837061092 0.0098972550133698337 -0.00043212348612711661)
(0.043073717084487123 0.0098972550133698337 -0.00043212348612711667)
(0.044645751973173657 0.0098972550133698354 -0.00043212348612711667)
(0.046164020526497845 0.0098972550133698337 -0.00043212348612711667)
(0.047630361646916058 0.0098972550133698354 -0.00043212348612711661)
(0.049046551343212952 0.0098972550133698337 -0.00043212348612711667)
(0.050414304881574827 0.0098972550133698354 -0.00043212348612711661)
(0.051735278863092364 0.0098972550133698354 -0.00043212348612711661)
(0.053011073230209239 0.0098972550133698354 -0.00043212348612711661)
(0.054243233204546763 0.0098972550133698337 -0.00043212348612711661)
(0.055433251158451373 0.0098972550133698337 -0.00043212348612711661)
(0.056582568422532016 0.0098972550133698337 -0.00043212348612711661)
(0.057692577031376709 0.0098972550133698337 -0.00043212348612711661)
(0.058764621409562297 0.0098972550133698337 -0.00043212348612711661)
(0.059799999999999999 0.0098972550133698337 -0.00043212348612711661)
(0 0.01434811670254247 -0.00062645230424858184)
(0.0030452311483462058 0.01434811670254247 -0.00062645230424858173)
(0.0059863100794889821 0.01434811670254247 -0.00062645230424858184)
(0.0088267989809339507 0.014348116702542468 -0.00062645230424858173)
(0.011570138207160364 0.01434811670254247 -0.00062645230424858184)
(0.01421965044652315 0.01434811670254247 -0.00062645230424858184)
(0.016778544745639539 0.01434811670254247 -0.00062645230424858173)
(0.019249920396134816 0.014348116702542471 -0.00062645230424858184)
(0.021636770688454422 0.014348116702542471 -0.00062645230424858184)
(0.023941986537289257 0.01434811670254247 -0.00062645230424858184)
(0.026168359983005016 0.01434811670254247 -0.00062645230424858184)
(0.028318587573316661 0.01434811670254247 -0.00062645230424858184)
(0.030395273629303523 0.01434811670254247 -0.00062645230424858195)
(0.032400933399721242 0.01434811670254247 -0.00062645230424858173)
(0.034337996107430546 0.01434811670254247 -0.00062645230424858184)
(0.036208807891632916 0.01434811670254247 -0.00062645230424858184)
(0.03801563464947668 0.014348116702542471 -0.00062645230424858184)
(0.039760664780475179 0.014348116702542471 -0.00062645230424858184)
(0.041446011837061099 0.01434811670254247 -0.00062645230424858184)
(0.043073717084487123 0.01434811670254247 -0.00062645230424858173)
(0.044645751973173643 0.01434811670254247 -0.00062645230424858184)
(0.046164020526497852 0.014348116702542471 -0.00062645230424858173)
(0.047630361646916058 0.01434811670254247 -0.00062645230424858184)
(0.049046551343212959 0.01434811670254247 -0.00062645230424858184)
(0.050414304881574827 0.01434811670254247 -0.00062645230424858195)
(0.05173527886309235 0.01434811670254247 -0.00062645230424858173)
(0.053011073230209232 0.01434811670254247 -0.00062645230424858173)
(0.054243233204546749 0.01434811670254247 -0.00062645230424858184)
(0.055433251158451373 0.01434811670254247 -0.00062645230424858173)
(0.056582568422532016 0.014348116702542471 -0.00062645230424858195)
(0.057692577031376709 0.01434811670254247 -0.00062645230424858173)
(0.058764621409562297 0.01434811670254247 -0.00062645230424858184)
(0.059799999999999999 0.01434811670254247 -0.00062645230424858184)
(0 0.018496978422636652 -0.00080759551896059925)
(0.0030452311483462058 0.018496978422636652 -0.00080759551896059925)
(0.0059863100794889804 0.018496978422636652 -0.00080759551896059925)
(0.0088267989809339507 0.018496978422636656 -0.00080759551896059925)
(0.011570138207160366 0.018496978422636652 -0.00080759551896059925)
(0.014219650446523145 0.018496978422636652 -0.00080759551896059936)
(0.016778544745639539 0.018496978422636652 -0.00080759551896059925)
(0.019249920396134813 0.018496978422636652 -0.00080759551896059925)
(0.021636770688454428 0.018496978422636652 -0.00080759551896059925)
(0.023941986537289264 0.018496978422636652 -0.00080759551896059925)
(0.026168359983005023 0.018496978422636649 -0.00080759551896059925)
(0.028318587573316654 0.018496978422636652 -0.00080759551896059925)
(0.030395273629303523 0.018496978422636652 -0.00080759551896059925)
(0.032400933399721242 0.018496978422636656 -0.00080759551896059925)
(0.034337996107430546 0.018496978422636652 -0.00080759551896059925)
(0.036208807891632916 0.018496978422636649 -0.00080759551896059925)
(0.03801563464947668 0.018496978422636652 -0.00080759551896059925)
(0.039760664780475179 0.018496978422636652 -0.00080759551896059925)
(0.041446011837061092 0.018496978422636649 -0.00080759551896059925)
(0.043073717084487123 0.018496978422636652 -0.00080759551896059925)
(0.044645751973173657 0.018496978422636652 -0.00080759551896059925)
(0.046164020526497845 0.018496978422636656 -0.00080759551896059925)
(0.047630361646916058 0.018496978422636652 -0.00080759551896059936)
(0.049046551343212952 0.018496978422636652 -0.00080759551896059925)
(0.050414304881574813 0.018496978422636652 -0.00080759551896059925)
(0.05173527886309235 0.018496978422636649 -0.00080759551896059925)
(0.053011073230209232 0.018496978422636652 -0.00080759551896059925)
(0.05424323320454677 0.018496978422636652 -0.00080759551896059925)
(0.055433251158451359 0.018496978422636652 -0.00080759551896059925)
(0.056582568422532016 0.018496978422636656 -0.00080759551896059925)
(0.057692577031376709 0.018496978422636652 -0.00080759551896059925)
(0.058764621409562311 0.018496978422636656 -0.00080759551896059925)
(0.059799999999999999 0.018496978422636652 -0.00080759551896059925)
(0 0.02236433148245787 -0.0009764478001271236)
(0.0030452311483462058 0.022364331482457877 -0.00097644780012712382)
(0.0059863100794889821 0.022364331482457867 -0.00097644780012712349)
(0.0088267989809339507 0.022364331482457867 -0.0009764478001271236)
(0.011570138207160366 0.022364331482457877 -0.00097644780012712382)
(0.014219650446523147 0.022364331482457867 -0.00097644780012712349)
(0.016778544745639539 0.02236433148245787 -0.0009764478001271236)
(0.019249920396134816 0.02236433148245787 -0.00097644780012712382)
(0.021636770688454422 0.02236433148245787 -0.0009764478001271236)
(0.023941986537289257 0.02236433148245787 -0.00097644780012712349)
(0.026168359983005023 0.022364331482457867 -0.0009764478001271236)
(0.028318587573316654 0.02236433148245787 -0.0009764478001271236)
(0.030395273629303526 0.022364331482457877 -0.0009764478001271236)
(0.032400933399721249 0.02236433148245787 -0.00097644780012712382)
(0.034337996107430546 0.022364331482457867 -0.00097644780012712382)
(0.036208807891632916 0.022364331482457867 -0.0009764478001271236)
(0.038015634649476687 0.02236433148245787 -0.00097644780012712382)
(0.039760664780475179 0.02236433148245787 -0.0009764478001271236)
(0.041446011837061092 0.02236433148245787 -0.00097644780012712382)
(0.043073717084487123 0.022364331482457867 -0.0009764478001271236)
(0.044645751973173664 0.02236433148245787 -0.0009764478001271236)
(0.046164020526497845 0.02236433148245787 -0.0009764478001271236)
(0.047630361646916065 0.022364331482457867 -0.0009764478001271236)
(0.049046551343212959 0.02236433148245787 -0.0009764478001271236)
(0.050414304881574827 0.022364331482457867 -0.0009764478001271236)
(0.051735278863092364 0.02236433148245787 -0.0009764478001271236)
(0.053011073230209232 0.02236433148245787 -0.0009764478001271236)
(0.05424323320454677 0.02236433148245787 -0.00097644780012712382)
(0.055433251158451359 0.02236433148245787 -0.0009764478001271236)
(0.05658256842253203 0.02236433148245787 -0.0009764478001271236)
(0.057692577031376709 0.022364331482457867 -0.00097644780012712349)
(0.058764621409562311 0.02236433148245787 -0.00097644780012712382)
(0.059799999999999999 0.02236433148245787 -0.0009764478001271236)
(0 0.025969276814058126 -0.0011338431124520488)
(0.0030452311483462058 0.025969276814058126 -0.001133843112452049)
(0.0059863100794889821 0.025969276814058126 -0.0011338431124520488)
(0.0088267989809339524 0.025969276814058126 -0.001133843112452049)
(0.011570138207160364 0.025969276814058126 -0.0011338431124520488)
(0.014219650446523147 0.025969276814058126 -0.0011338431124520488)
(0.016778544745639539 0.025969276814058122 -0.0011338431124520488)
(0.019249920396134813 0.025969276814058129 -0.001133843112452049)
(0.021636770688454422 0.025969276814058126 -0.001133843112452049)
(0.023941986537289257 0.025969276814058126 -0.001133843112452049)
(0.026168359983005023 0.025969276814058126 -0.0011338431124520486)
(0.02831858757331665 0.025969276814058126 -0.0011338431124520488)
(0.030395273629303523 0.025969276814058126 -0.0011338431124520488)
(0.032400933399721242 0.025969276814058126 -0.0011338431124520488)
(0.034337996107430546 0.025969276814058126 -0.0011338431124520488)
(0.036208807891632916 0.025969276814058126 -0.0011338431124520488)
(0.03801563464947668 0.025969276814058126 -0.001133843112452049)
(0.039760664780475179 0.025969276814058126 -0.001133843112452049)
(0.041446011837061092 0.025969276814058126 -0.0011338431124520488)
(0.043073717084487123 0.025969276814058126 -0.0011338431124520488)
(0.044645751973173657 0.025969276814058126 -0.0011338431124520488)
(0.046164020526497845 0.025969276814058126 -0.0011338431124520488)
(0.047630361646916058 0.025969276814058126 -0.001133843112452049)
(0.049046551343212959 0.025969276814058126 -0.0011338431124520488)
(0.050414304881574813 0.025969276814058126 -0.0011338431124520488)
(0.05173527886309235 0.025969276814058126 -0.0011338431124520488)
(0.053011073230209232 0.025969276814058126 -0.0011338431124520488)
(0.05424323320454677 0.025969276814058126 -0.0011338431124520488)
(0.055433251158451359 0.025969276814058126 -0.0011338431124520488)
(0.05658256842253203 0.025969276814058126 -0.0011338431124520488)
(0.057692577031376709 0.025969276814058126 -0.0011338431124520488)
(0.058764621409562297 0.025969276814058126 -0.0011338431124520488)
(0.059799999999999992 0.025969276814058126 -0.0011338431124520488)
(0 0.029329619312611202 -0.0012805588344471169)
(0.0030452311483462058 0.029329619312611199 -0.0012805588344471169)
(0.0059863100794889804 0.029329619312611199 -0.0012805588344471169)
(0.0088267989809339507 0.029329619312611202 -0.0012805588344471167)
(0.011570138207160364 0.029329619312611206 -0.0012805588344471169)
(0.014219650446523147 0.029329619312611202 -0.0012805588344471169)
(0.016778544745639539 0.029329619312611202 -0.0012805588344471167)
(0.019249920396134816 0.029329619312611202 -0.0012805588344471169)
(0.021636770688454428 0.029329619312611206 -0.0012805588344471171)
(0.023941986537289257 0.029329619312611202 -0.0012805588344471171)
(0.026168359983005023 0.029329619312611199 -0.0012805588344471167)
(0.028318587573316654 0.029329619312611206 -0.0012805588344471169)
(0.030395273629303526 0.029329619312611206 -0.0012805588344471169)
(0.032400933399721242 0.029329619312611202 -0.0012805588344471169)
(0.034337996107430546 0.029329619312611202 -0.0012805588344471169)
(0.036208807891632916 0.029329619312611202 -0.0012805588344471169)
(0.03801563464947668 0.029329619312611206 -0.0012805588344471169)
(0.039760664780475179 0.029329619312611202 -0.0012805588344471169)
(0.041446011837061092 0.029329619312611202 -0.0012805588344471169)
(0.043073717084487123 0.029329619312611206 -0.0012805588344471169)
(0.044645751973173664 0.029329619312611202 -0.0012805588344471169)
(0.046164020526497845 0.029329619312611202 -0.0012805588344471169)
(0.047630361646916058 0.029329619312611202 -0.0012805588344471169)
(0.049046551343212959 0.029329619312611202 -0.0012805588344471169)
(0.050414304881574813 0.029329619312611202 -0.0012805588344471169)
(0.05173527886309235 0.029329619312611206 -0.0012805588344471169)
(0.053011073230209232 0.029329619312611202 -0.0012805588344471169)
(0.054243233204546763 0.029329619312611202 -0.0012805588344471169)
(0.055433251158451373 0.029329619312611202 -0.0012805588344471169)
(0.05658256842253203 0.029329619312611202 -0.0012805588344471169)
(0.057692577031376709 0.029329619312611202 -0.0012805588344471169)
(0.058764621409562311 0.029329619312611206 -0.0012805588344471169)
(0.059799999999999999 0.029329619312611202 -0.0012805588344471169)
(0 0.032461955775136532 -0.0014173195979195197)
(0.0030452311483462058 0.032461955775136532 -0.0014173195979195197)
(0.0059863100794889821 0.032461955775136532 -0.0014173195979195197)
(0.0088267989809339507 0.032461955775136525 -0.0014173195979195195)
(0.011570138207160366 0.032461955775136532 -0.0014173195979195197)
(0.014219650446523145 0.032461955775136532 -0.0014173195979195197)
(0.016778544745639536 0.032461955775136525 -0.0014173195979195195)
(0.019249920396134816 0.032461955775136532 -0.0014173195979195199)
(0.021636770688454422 0.032461955775136532 -0.0014173195979195197)
(0.023941986537289253 0.032461955775136532 -0.0014173195979195197)
(0.026168359983005023 0.032461955775136532 -0.0014173195979195195)
(0.028318587573316654 0.032461955775136532 -0.0014173195979195197)
(0.030395273629303526 0.032461955775136532 -0.0014173195979195197)
(0.032400933399721242 0.032461955775136532 -0.0014173195979195197)
(0.034337996107430546 0.032461955775136532 -0.0014173195979195197)
(0.036208807891632916 0.032461955775136532 -0.0014173195979195197)
(0.03801563464947668 0.032461955775136532 -0.0014173195979195197)
(0.039760664780475179 0.032461955775136532 -0.0014173195979195197)
(0.041446011837061092 0.032461955775136532 -0.0014173195979195197)
(0.043073717084487123 0.032461955775136532 -0.0014173195979195197)
(0.044645751973173657 0.032461955775136532 -0.0014173195979195197)
(0.046164020526497845 0.032461955775136532 -0.0014173195979195197)
(0.047630361646916058 0.032461955775136532 -0.0014173195979195197)
(0.049046551343212959 0.032461955775136532 -0.0014173195979195197)
(0.050414304881574813 0.032461955775136532 -0.0014173195979195197)
(0.05173527886309235 0.032461955775136532 -0.0014173195979195197)
(0.053011073230209232 0.032461955775136532 -0.0014173195979195197)
(0.054243233204546763 0.032461955775136532 -0.0014173195979195197)
(0.055433251158451373 0.032461955775136532 -0.0014173195979195197)
(0.056582568422532016 0.032461955775136532 -0.0014173195979195197)
(0.057692577031376702 0.032461955775136532 -0.0014173195979195197)
(0.058764621409562311 0.032461955775136532 -0.0014173195979195197)
(0.059799999999999992 0.032461955775136532 -0.0014173195979195197)
(0 0.035381756872402768 -0.0015448008669425026)
(0.0030452311483462058 0.035381756872402775 -0.0015448008669425026)
(0.0059863100794889804 0.035381756872402768 -0.0015448008669425028)
(0.0088267989809339507 0.035381756872402761 -0.0015448008669425026)
(0.011570138207160364 0.035381756872402768 -0.0015448008669425028)
(0.014219650446523147 0.035381756872402768 -0.0015448008669425026)
(0.016778544745639539 0.035381756872402768 -0.0015448008669425026)
(0.019249920396134816 0.035381756872402768 -0.0015448008669425026)
(0.021636770688454422 0.035381756872402768 -0.0015448008669425022)
(0.023941986537289253 0.035381756872402768 -0.0015448008669425026)
(0.026168359983005016 0.035381756872402768 -0.0015448008669425022)
(0.02831858757331665 0.035381756872402768 -0.0015448008669425026)
(0.030395273629303526 0.035381756872402768 -0.0015448008669425026)
(0.032400933399721242 0.035381756872402768 -0.0015448008669425026)
(0.034337996107430546 0.035381756872402768 -0.0015448008669425026)
(0.036208807891632916 0.035381756872402768 -0.0015448008669425022)
(0.03801563464947668 0.035381756872402768 -0.0015448008669425028)
(0.039760664780475179 0.035381756872402768 -0.0015448008669425022)
(0.041446011837061092 0.035381756872402768 -0.0015448008669425026)
(0.043073717084487123 0.035381756872402768 -0.0015448008669425028)
(0.044645751973173664 0.035381756872402768 -0.0015448008669425028)
(0.046164020526497845 0.035381756872402768 -0.0015448008669425026)
(0.047630361646916058 0.035381756872402768 -0.0015448008669425026)
(0.049046551343212959 0.035381756872402768 -0.0015448008669425026)
(0.050414304881574827 0.035381756872402768 -0.0015448008669425026)
(0.051735278863092343 0.035381756872402768 -0.0015448008669425026)
(0.053011073230209232 0.035381756872402768 -0.0015448008669425022)
(0.05424323320454677 0.035381756872402768 -0.0015448008669425026)
(0.055433251158451373 0.035381756872402768 -0.0015448008669425026)
(0.056582568422532009 0.035381756872402768 -0.0015448008669425028)
(0.057692577031376722 0.035381756872402768 -0.0015448008669425026)
(0.058764621409562311 0.035381756872402768 -0.0015448008669425028)
(0.059799999999999992 0.035381756872402768 -0.0015448008669425026)
(0 0.038103443558871949 -0.0016636322739855731)
(0.0030452311483462058 0.038103443558871949 -0.0016636322739855731)
(0.0059863100794889821 0.038103443558871949 -0.0016636322739855736)
(0.0088267989809339507 0.038103443558871956 -0.0016636322739855731)
(0.011570138207160364 0.038103443558871949 -0.0016636322739855736)
(0.014219650446523147 0.038103443558871943 -0.0016636322739855731)
(0.016778544745639539 0.038103443558871949 -0.0016636322739855731)
(0.019249920396134813 0.038103443558871956 -0.0016636322739855736)
(0.021636770688454422 0.038103443558871956 -0.0016636322739855731)
(0.023941986537289257 0.038103443558871949 -0.0016636322739855731)
(0.026168359983005023 0.038103443558871949 -0.0016636322739855731)
(0.02831858757331665 0.038103443558871949 -0.0016636322739855736)
(0.030395273629303526 0.038103443558871949 -0.0016636322739855736)
(0.032400933399721242 0.038103443558871949 -0.0016636322739855731)
(0.034337996107430546 0.038103443558871949 -0.0016636322739855736)
(0.036208807891632916 0.038103443558871943 -0.0016636322739855731)
(0.03801563464947668 0.038103443558871949 -0.0016636322739855736)
(0.039760664780475179 0.038103443558871949 -0.0016636322739855731)
(0.041446011837061099 0.038103443558871956 -0.0016636322739855731)
(0.043073717084487123 0.038103443558871949 -0.0016636322739855731)
(0.044645751973173657 0.038103443558871956 -0.0016636322739855736)
(0.046164020526497845 0.038103443558871949 -0.0016636322739855736)
(0.047630361646916058 0.038103443558871949 -0.0016636322739855731)
(0.049046551343212959 0.038103443558871949 -0.0016636322739855736)
(0.050414304881574813 0.038103443558871949 -0.0016636322739855736)
(0.05173527886309235 0.038103443558871943 -0.0016636322739855731)
(0.053011073230209232 0.038103443558871949 -0.0016636322739855736)
(0.05424323320454677 0.038103443558871956 -0.0016636322739855731)
(0.055433251158451373 0.038103443558871949 -0.0016636322739855736)
(0.056582568422532009 0.038103443558871943 -0.0016636322739855736)
(0.057692577031376722 0.038103443558871949 -0.0016636322739855731)
(0.058764621409562297 0.038103443558871949 -0.0016636322739855736)
(0.059799999999999999 0.038103443558871949 -0.0016636322739855731)
(0 0.040640458298074271 -0.0017744007296815244)
(0.0030452311483462058 0.040640458298074271 -0.0017744007296815242)
(0.0059863100794889821 0.040640458298074271 -0.0017744007296815242)
(0.0088267989809339507 0.040640458298074271 -0.0017744007296815242)
(0.011570138207160366 0.040640458298074278 -0.0017744007296815248)
(0.014219650446523147 0.040640458298074278 -0.0017744007296815244)
(0.016778544745639539 0.040640458298074264 -0.0017744007296815242)
(0.019249920396134813 0.040640458298074271 -0.0017744007296815244)
(0.021636770688454422 0.040640458298074271 -0.0017744007296815244)
(0.023941986537289257 0.040640458298074271 -0.0017744007296815242)
(0.026168359983005023 0.040640458298074271 -0.0017744007296815242)
(0.028318587573316654 0.040640458298074278 -0.0017744007296815244)
(0.030395273629303526 0.040640458298074271 -0.0017744007296815244)
(0.032400933399721242 0.040640458298074271 -0.0017744007296815244)
(0.034337996107430546 0.040640458298074271 -0.0017744007296815242)
(0.036208807891632916 0.040640458298074271 -0.0017744007296815244)
(0.03801563464947668 0.040640458298074271 -0.0017744007296815244)
(0.039760664780475179 0.040640458298074271 -0.0017744007296815244)
(0.041446011837061092 0.040640458298074271 -0.0017744007296815244)
(0.043073717084487123 0.040640458298074271 -0.0017744007296815242)
(0.044645751973173657 0.040640458298074271 -0.0017744007296815242)
(0.046164020526497845 0.040640458298074271 -0.0017744007296815244)
(0.047630361646916058 0.040640458298074271 -0.0017744007296815242)
(0.049046551343212952 0.040640458298074271 -0.0017744007296815244)
(0.050414304881574813 0.040640458298074271 -0.0017744007296815242)
(0.05173527886309235 0.040640458298074264 -0.0017744007296815242)
(0.053011073230209232 0.040640458298074278 -0.0017744007296815244)
(0.05424323320454677 0.040640458298074271 -0.0017744007296815242)
(0.055433251158451373 0.040640458298074278 -0.0017744007296815244)
(0.05658256842253203 0.040640458298074271 -0.0017744007296815244)
(0.057692577031376709 0.040640458298074271 -0.0017744007296815244)
(0.058764621409562311 0.040640458298074278 -0.0017744007296815248)
(0.059799999999999999 0.040640458298074271 -0.0017744007296815244)
(0 0.043005331455197214 -0.0018776533215894764)
(0.0030452311483462058 0.043005331455197214 -0.0018776533215894761)
(0.0059863100794889821 0.043005331455197214 -0.0018776533215894764)
(0.0088267989809339507 0.043005331455197221 -0.0018776533215894766)
(0.011570138207160364 0.043005331455197214 -0.0018776533215894766)
(0.014219650446523147 0.043005331455197214 -0.0018776533215894761)
(0.016778544745639539 0.043005331455197214 -0.0018776533215894761)
(0.019249920396134813 0.043005331455197214 -0.0018776533215894764)
(0.021636770688454428 0.043005331455197221 -0.0018776533215894761)
(0.023941986537289257 0.043005331455197214 -0.0018776533215894764)
(0.026168359983005016 0.043005331455197214 -0.0018776533215894764)
(0.028318587573316654 0.043005331455197214 -0.0018776533215894764)
(0.030395273629303526 0.043005331455197214 -0.0018776533215894761)
(0.032400933399721242 0.043005331455197214 -0.0018776533215894764)
(0.034337996107430546 0.043005331455197214 -0.0018776533215894764)
(0.036208807891632916 0.043005331455197214 -0.0018776533215894764)
(0.03801563464947668 0.043005331455197214 -0.0018776533215894764)
(0.039760664780475179 0.043005331455197214 -0.0018776533215894764)
(0.041446011837061092 0.043005331455197214 -0.0018776533215894764)
(0.043073717084487123 0.043005331455197214 -0.0018776533215894764)
(0.044645751973173657 0.043005331455197221 -0.0018776533215894764)
(0.046164020526497845 0.043005331455197221 -0.0018776533215894764)
(0.047630361646916058 0.043005331455197214 -0.0018776533215894764)
(0.049046551343212959 0.043005331455197214 -0.0018776533215894766)
(0.050414304881574813 0.043005331455197221 -0.0018776533215894766)
(0.05173527886309235 0.043005331455197214 -0.0018776533215894764)
(0.053011073230209232 0.043005331455197214 -0.0018776533215894764)
(0.054243233204546763 0.043005331455197214 -0.0018776533215894764)
(0.055433251158451359 0.043005331455197214 -0.0018776533215894764)
(0.056582568422532016 0.043005331455197214 -0.0018776533215894764)
(0.057692577031376709 0.043005331455197221 -0.0018776533215894761)
(0.058764621409562311 0.043005331455197221 -0.0018776533215894764)
(0.059800000000000013 0.043005331455197214 -0.0018776533215894764)
(0 0.045209743184803107 -0.0019739000162709817)
(0.0030452311483462058 0.045209743184803107 -0.0019739000162709817)
(0.0059863100794889821 0.045209743184803107 -0.0019739000162709817)
(0.0088267989809339524 0.045209743184803107 -0.0019739000162709817)
(0.011570138207160361 0.045209743184803107 -0.0019739000162709813)
(0.014219650446523147 0.045209743184803107 -0.0019739000162709817)
(0.016778544745639539 0.045209743184803107 -0.0019739000162709817)
(0.019249920396134813 0.045209743184803107 -0.0019739000162709817)
(0.021636770688454422 0.045209743184803114 -0.0019739000162709817)
(0.023941986537289257 0.045209743184803107 -0.0019739000162709817)
(0.026168359983005023 0.045209743184803107 -0.0019739000162709817)
(0.028318587573316654 0.045209743184803107 -0.0019739000162709817)
(0.030395273629303523 0.045209743184803107 -0.0019739000162709817)
(0.032400933399721242 0.045209743184803114 -0.0019739000162709817)
(0.034337996107430546 0.045209743184803107 -0.0019739000162709817)
(0.036208807891632916 0.045209743184803107 -0.0019739000162709817)
(0.03801563464947668 0.045209743184803107 -0.0019739000162709817)
(0.039760664780475179 0.045209743184803107 -0.0019739000162709817)
(0.041446011837061092 0.045209743184803107 -0.0019739000162709817)
(0.043073717084487123 0.045209743184803107 -0.0019739000162709817)
(0.044645751973173664 0.045209743184803107 -0.0019739000162709817)
(0.046164020526497845 0.045209743184803107 -0.0019739000162709817)
(0.047630361646916058 0.045209743184803114 -0.0019739000162709817)
(0.049046551343212959 0.045209743184803107 -0.0019739000162709817)
(0.050414304881574813 0.045209743184803114 -0.0019739000162709817)
(0.051735278863092343 0.045209743184803107 -0.0019739000162709817)
(0.053011073230209232 0.045209743184803107 -0.0019739000162709813)
(0.054243233204546763 0.045209743184803107 -0.0019739000162709817)
(0.055433251158451359 0.045209743184803107 -0.0019739000162709817)
(0.056582568422532009 0.045209743184803107 -0.0019739000162709817)
(0.057692577031376709 0.045209743184803114 -0.0019739000162709817)
(0.058764621409562297 0.045209743184803107 -0.0019739000162709813)
(0.059799999999999992 0.045209743184803107 -0.0019739000162709817)
(0 0.04726458111933992 -0.002063616178024801)
(0.0030452311483462062 0.04726458111933992 -0.002063616178024801)
(0.0059863100794889804 0.047264581119339906 -0.0020636161780248014)
(0.0088267989809339507 0.047264581119339906 -0.002063616178024801)
(0.011570138207160364 0.04726458111933992 -0.002063616178024801)
(0.014219650446523147 0.04726458111933992 -0.002063616178024801)
(0.016778544745639543 0.04726458111933992 -0.002063616178024801)
(0.019249920396134816 0.04726458111933992 -0.002063616178024801)
(0.021636770688454422 0.04726458111933992 -0.0020636161780248014)
(0.023941986537289253 0.04726458111933992 -0.002063616178024801)
(0.026168359983005023 0.04726458111933992 -0.002063616178024801)
(0.028318587573316654 0.04726458111933992 -0.002063616178024801)
(0.030395273629303523 0.04726458111933992 -0.002063616178024801)
(0.032400933399721242 0.04726458111933992 -0.002063616178024801)
(0.034337996107430546 0.04726458111933992 -0.002063616178024801)
(0.036208807891632916 0.04726458111933992 -0.002063616178024801)
(0.03801563464947668 0.04726458111933992 -0.002063616178024801)
(0.039760664780475179 0.047264581119339906 -0.002063616178024801)
(0.041446011837061099 0.04726458111933992 -0.002063616178024801)
(0.043073717084487123 0.04726458111933992 -0.002063616178024801)
(0.044645751973173657 0.04726458111933992 -0.002063616178024801)
(0.046164020526497845 0.047264581119339906 -0.002063616178024801)
(0.047630361646916058 0.047264581119339906 -0.002063616178024801)
(0.049046551343212959 0.047264581119339906 -0.002063616178024801)
(0.050414304881574827 0.04726458111933992 -0.002063616178024801)
(0.05173527886309235 0.04726458111933992 -0.0020636161780248014)
(0.053011073230209232 0.04726458111933992 -0.002063616178024801)
(0.05424323320454677 0.047264581119339906 -0.0020636161780248014)
(0.055433251158451359 0.04726458111933992 -0.002063616178024801)
(0.056582568422532016 0.047264581119339906 -0.002063616178024801)
(0.057692577031376709 0.04726458111933992 -0.002063616178024801)
(0.058764621409562311 0.04726458111933992 -0.002063616178024801)
(0.059799999999999992 0.04726458111933992 -0.002063616178024801)
(0 0.049179994143369848 -0.0021472449167204287)
(0.0030452311483462058 0.049179994143369848 -0.0021472449167204283)
(0.0059863100794889821 0.049179994143369848 -0.0021472449167204287)
(0.0088267989809339524 0.049179994143369848 -0.0021472449167204287)
(0.011570138207160364 0.049179994143369848 -0.0021472449167204287)
(0.014219650446523147 0.049179994143369848 -0.0021472449167204287)
(0.016778544745639539 0.049179994143369848 -0.0021472449167204287)
(0.019249920396134813 0.049179994143369855 -0.0021472449167204291)
(0.021636770688454422 0.049179994143369855 -0.0021472449167204291)
(0.023941986537289257 0.049179994143369848 -0.0021472449167204287)
(0.026168359983005023 0.049179994143369841 -0.0021472449167204287)
(0.028318587573316654 0.049179994143369855 -0.0021472449167204291)
(0.030395273629303526 0.049179994143369848 -0.0021472449167204287)
(0.032400933399721242 0.049179994143369848 -0.0021472449167204287)
(0.034337996107430546 0.049179994143369848 -0.0021472449167204287)
(0.036208807891632916 0.049179994143369848 -0.0021472449167204287)
(0.03801563464947668 0.049179994143369848 -0.0021472449167204287)
(0.039760664780475179 0.049179994143369848 -0.0021472449167204287)
(0.041446011837061092 0.049179994143369848 -0.0021472449167204287)
(0.043073717084487123 0.049179994143369848 -0.0021472449167204287)
(0.044645751973173657 0.049179994143369848 -0.0021472449167204287)
(0.046164020526497845 0.049179994143369848 -0.0021472449167204287)
(0.047630361646916058 0.049179994143369848 -0.0021472449167204287)
(0.049046551343212959 0.049179994143369848 -0.0021472449167204291)
(0.050414304881574813 0.049179994143369848 -0.0021472449167204287)
(0.05173527886309235 0.049179994143369848 -0.0021472449167204287)
(0.053011073230209239 0.049179994143369855 -0.0021472449167204291)
(0.054243233204546763 0.049179994143369848 -0.0021472449167204287)
(0.055433251158451359 0.049179994143369848 -0.0021472449167204287)
(0.056582568422532009 0.049179994143369848 -0.0021472449167204287)
(0.057692577031376702 0.049179994143369848 -0.0021472449167204287)
(0.058764621409562297 0.049179994143369848 -0.0021472449167204287)
(0.059799999999999999 0.049179994143369848 -0.0021472449167204287)
(0 0.050965442519107812 -0.0022251992763263652)
(0.0030452311483462058 0.050965442519107805 -0.0022251992763263652)
(0.0059863100794889821 0.050965442519107805 -0.0022251992763263648)
(0.0088267989809339507 0.050965442519107812 -0.0022251992763263652)
(0.011570138207160366 0.050965442519107819 -0.0022251992763263656)
(0.014219650446523145 0.050965442519107812 -0.0022251992763263652)
(0.016778544745639539 0.050965442519107812 -0.0022251992763263652)
(0.019249920396134816 0.050965442519107812 -0.0022251992763263656)
(0.021636770688454422 0.050965442519107812 -0.0022251992763263652)
(0.023941986537289257 0.050965442519107812 -0.0022251992763263652)
(0.026168359983005023 0.050965442519107819 -0.0022251992763263652)
(0.028318587573316661 0.050965442519107812 -0.0022251992763263656)
(0.030395273629303516 0.050965442519107812 -0.0022251992763263652)
(0.032400933399721242 0.050965442519107812 -0.0022251992763263652)
(0.034337996107430546 0.050965442519107812 -0.0022251992763263652)
(0.036208807891632916 0.050965442519107819 -0.0022251992763263652)
(0.03801563464947668 0.050965442519107812 -0.0022251992763263652)
(0.039760664780475179 0.050965442519107812 -0.0022251992763263652)
(0.041446011837061099 0.050965442519107812 -0.0022251992763263656)
(0.043073717084487123 0.050965442519107812 -0.0022251992763263652)
(0.044645751973173657 0.050965442519107819 -0.0022251992763263652)
(0.046164020526497845 0.050965442519107812 -0.0022251992763263656)
(0.047630361646916058 0.050965442519107812 -0.0022251992763263652)
(0.049046551343212952 0.050965442519107812 -0.0022251992763263652)
(0.050414304881574827 0.050965442519107812 -0.0022251992763263652)
(0.05173527886309235 0.050965442519107812 -0.0022251992763263652)
(0.053011073230209232 0.050965442519107819 -0.0022251992763263652)
(0.05424323320454677 0.050965442519107812 -0.0022251992763263648)
(0.055433251158451359 0.050965442519107812 -0.0022251992763263652)
(0.056582568422532016 0.050965442519107812 -0.0022251992763263648)
(0.057692577031376709 0.050965442519107812 -0.0022251992763263648)
(0.058764621409562311 0.050965442519107812 -0.0022251992763263656)
(0.059799999999999999 0.050965442519107812 -0.0022251992763263652)
(0 0.052629744610840662 -0.0022978642749423178)
(0.0030452311483462058 0.052629744610840669 -0.0022978642749423178)
(0.0059863100794889821 0.052629744610840662 -0.0022978642749423178)
(0.0088267989809339507 0.052629744610840662 -0.0022978642749423178)
(0.011570138207160364 0.052629744610840662 -0.0022978642749423178)
(0.014219650446523147 0.052629744610840662 -0.0022978642749423178)
(0.016778544745639539 0.052629744610840655 -0.0022978642749423178)
(0.019249920396134813 0.052629744610840662 -0.0022978642749423178)
(0.021636770688454422 0.052629744610840662 -0.0022978642749423178)
(0.023941986537289257 0.052629744610840669 -0.0022978642749423178)
(0.026168359983005023 0.052629744610840662 -0.0022978642749423178)
(0.028318587573316654 0.052629744610840662 -0.0022978642749423182)
(0.030395273629303516 0.052629744610840662 -0.0022978642749423178)
(0.032400933399721242 0.052629744610840662 -0.0022978642749423178)
(0.034337996107430546 0.052629744610840662 -0.0022978642749423178)
(0.036208807891632923 0.052629744610840669 -0.0022978642749423178)
(0.03801563464947668 0.052629744610840662 -0.0022978642749423178)
(0.039760664780475179 0.052629744610840662 -0.0022978642749423178)
(0.041446011837061092 0.052629744610840662 -0.0022978642749423178)
(0.043073717084487123 0.052629744610840655 -0.0022978642749423178)
(0.044645751973173657 0.052629744610840662 -0.0022978642749423178)
(0.046164020526497845 0.052629744610840662 -0.0022978642749423178)
(0.047630361646916058 0.052629744610840655 -0.0022978642749423178)
(0.049046551343212952 0.052629744610840662 -0.0022978642749423178)
(0.050414304881574813 0.052629744610840662 -0.0022978642749423178)
(0.05173527886309235 0.052629744610840662 -0.0022978642749423178)
(0.053011073230209232 0.052629744610840662 -0.0022978642749423178)
(0.05424323320454677 0.052629744610840662 -0.0022978642749423178)
(0.055433251158451359 0.052629744610840662 -0.0022978642749423178)
(0.056582568422532016 0.052629744610840662 -0.0022978642749423178)
(0.057692577031376709 0.052629744610840662 -0.0022978642749423178)
(0.058764621409562311 0.052629744610840662 -0.0022978642749423178)
(0.059799999999999999 0.052629744610840662 -0.0022978642749423178)
(0 0.054181120439000037 -0.0023655988064110911)
(0.0030452311483462062 0.054181120439000037 -0.0023655988064110907)
(0.0059863100794889821 0.054181120439000037 -0.0023655988064110911)
(0.0088267989809339507 0.054181120439000051 -0.0023655988064110911)
(0.011570138207160364 0.054181120439000051 -0.0023655988064110911)
(0.014219650446523147 0.054181120439000051 -0.0023655988064110911)
(0.016778544745639539 0.054181120439000037 -0.0023655988064110907)
(0.019249920396134816 0.05418112043900003 -0.0023655988064110911)
(0.021636770688454422 0.054181120439000037 -0.0023655988064110911)
(0.023941986537289257 0.05418112043900003 -0.0023655988064110911)
(0.026168359983005023 0.05418112043900003 -0.0023655988064110911)
(0.02831858757331665 0.054181120439000037 -0.0023655988064110911)
(0.030395273629303523 0.05418112043900003 -0.0023655988064110911)
(0.032400933399721242 0.05418112043900003 -0.0023655988064110911)
(0.034337996107430546 0.054181120439000037 -0.0023655988064110911)
(0.036208807891632916 0.054181120439000037 -0.0023655988064110911)
(0.038015634649476673 0.05418112043900003 -0.0023655988064110911)
(0.039760664780475179 0.054181120439000037 -0.0023655988064110911)
(0.041446011837061092 0.054181120439000037 -0.0023655988064110911)
(0.043073717084487123 0.054181120439000037 -0.0023655988064110911)
(0.044645751973173657 0.054181120439000037 -0.0023655988064110911)
(0.046164020526497845 0.05418112043900003 -0.0023655988064110911)
(0.047630361646916058 0.054181120439000037 -0.0023655988064110911)
(0.049046551343212959 0.054181120439000037 -0.0023655988064110911)
(0.050414304881574813 0.05418112043900003 -0.0023655988064110911)
(0.05173527886309235 0.054181120439000037 -0.0023655988064110911)
(0.053011073230209232 0.054181120439000037 -0.0023655988064110911)
(0.054243233204546749 0.054181120439000037 -0.0023655988064110911)
(0.055433251158451359 0.054181120439000037 -0.0023655988064110911)
(0.056582568422532016 0.054181120439000037 -0.0023655988064110911)
(0.057692577031376702 0.054181120439000037 -0.0023655988064110911)
(0.058764621409562297 0.05418112043900003 -0.0023655988064110911)
(0.059799999999999999 0.054181120439000037 -0.0023655988064110911)
(0 0.055627232279003382 -0.0024287374129022639)
(0.0030452311483462058 0.055627232279003382 -0.0024287374129022643)
(0.0059863100794889821 0.055627232279003395 -0.0024287374129022639)
(0.0088267989809339507 0.055627232279003382 -0.0024287374129022639)
(0.011570138207160366 0.055627232279003382 -0.0024287374129022639)
(0.014219650446523147 0.055627232279003382 -0.0024287374129022643)
(0.016778544745639539 0.055627232279003382 -0.0024287374129022634)
(0.01924992039613482 0.055627232279003382 -0.0024287374129022639)
(0.021636770688454422 0.055627232279003382 -0.0024287374129022639)
(0.023941986537289257 0.055627232279003382 -0.0024287374129022639)
(0.026168359983005016 0.055627232279003382 -0.0024287374129022639)
(0.028318587573316661 0.055627232279003382 -0.0024287374129022643)
(0.030395273629303526 0.055627232279003382 -0.0024287374129022639)
(0.032400933399721242 0.055627232279003395 -0.0024287374129022639)
(0.034337996107430546 0.055627232279003382 -0.0024287374129022639)
(0.036208807891632916 0.055627232279003395 -0.0024287374129022639)
(0.03801563464947668 0.055627232279003395 -0.0024287374129022639)
(0.039760664780475179 0.055627232279003395 -0.0024287374129022639)
(0.041446011837061099 0.055627232279003395 -0.0024287374129022643)
(0.043073717084487123 0.055627232279003382 -0.0024287374129022639)
(0.044645751973173657 0.055627232279003382 -0.0024287374129022639)
(0.046164020526497845 0.055627232279003382 -0.0024287374129022643)
(0.047630361646916058 0.055627232279003382 -0.0024287374129022643)
(0.049046551343212952 0.055627232279003382 -0.0024287374129022634)
(0.050414304881574813 0.055627232279003382 -0.0024287374129022639)
(0.05173527886309235 0.055627232279003395 -0.0024287374129022643)
(0.053011073230209232 0.055627232279003382 -0.0024287374129022639)
(0.054243233204546763 0.055627232279003382 -0.0024287374129022639)
(0.055433251158451359 0.055627232279003382 -0.0024287374129022643)
(0.056582568422532016 0.055627232279003395 -0.0024287374129022639)
(0.057692577031376709 0.055627232279003395 -0.0024287374129022639)
(0.058764621409562311 0.055627232279003382 -0.0024287374129022639)
(0.059799999999999992 0.055627232279003382 -0.0024287374129022639)
(0 0.056975222505381361 -0.0024875919372224775)
(0.0030452311483462058 0.056975222505381361 -0.0024875919372224775)
(0.0059863100794889821 0.056975222505381361 -0.0024875919372224775)
(0.0088267989809339507 0.056975222505381361 -0.0024875919372224771)
(0.011570138207160364 0.056975222505381361 -0.0024875919372224775)
(0.014219650446523147 0.056975222505381361 -0.0024875919372224779)
(0.016778544745639539 0.056975222505381361 -0.0024875919372224775)
(0.019249920396134816 0.056975222505381368 -0.0024875919372224775)
(0.021636770688454422 0.056975222505381368 -0.0024875919372224775)
(0.023941986537289257 0.056975222505381368 -0.0024875919372224775)
(0.026168359983005023 0.056975222505381361 -0.0024875919372224775)
(0.028318587573316654 0.056975222505381361 -0.0024875919372224775)
(0.030395273629303523 0.056975222505381347 -0.0024875919372224775)
(0.032400933399721242 0.056975222505381347 -0.0024875919372224775)
(0.034337996107430546 0.056975222505381361 -0.0024875919372224775)
(0.036208807891632916 0.056975222505381361 -0.0024875919372224775)
(0.03801563464947668 0.056975222505381368 -0.0024875919372224775)
(0.039760664780475172 0.056975222505381361 -0.0024875919372224775)
(0.041446011837061092 0.056975222505381368 -0.0024875919372224775)
(0.043073717084487123 0.056975222505381368 -0.0024875919372224775)
(0.044645751973173657 0.056975222505381361 -0.0024875919372224775)
(0.046164020526497845 0.056975222505381361 -0.0024875919372224775)
(0.047630361646916058 0.056975222505381361 -0.0024875919372224775)
(0.049046551343212952 0.056975222505381361 -0.0024875919372224775)
(0.050414304881574813 0.056975222505381361 -0.0024875919372224775)
(0.05173527886309235 0.056975222505381361 -0.0024875919372224775)
(0.053011073230209232 0.056975222505381347 -0.0024875919372224775)
(0.054243233204546763 0.056975222505381368 -0.0024875919372224775)
(0.055433251158451359 0.056975222505381361 -0.0024875919372224775)
(0.056582568422532016 0.056975222505381361 -0.0024875919372224775)
(0.057692577031376709 0.056975222505381361 -0.0024875919372224775)
(0.058764621409562311 0.056975222505381368 -0.0024875919372224775)
(0.059799999999999999 0.056975222505381361 -0.0024875919372224775)
(0 0.058231748868104664 -0.0025424530630131273)
(0.0030452311483462058 0.058231748868104664 -0.0025424530630131269)
(0.0059863100794889821 0.058231748868104671 -0.0025424530630131269)
(0.0088267989809339507 0.058231748868104671 -0.0025424530630131273)
(0.011570138207160364 0.058231748868104651 -0.0025424530630131273)
(0.014219650446523147 0.058231748868104671 -0.0025424530630131273)
(0.016778544745639539 0.058231748868104664 -0.0025424530630131273)
(0.019249920396134813 0.058231748868104664 -0.0025424530630131273)
(0.021636770688454428 0.058231748868104678 -0.0025424530630131278)
(0.023941986537289257 0.058231748868104651 -0.0025424530630131273)
(0.026168359983005023 0.058231748868104671 -0.0025424530630131273)
(0.02831858757331665 0.058231748868104664 -0.0025424530630131273)
(0.030395273629303523 0.058231748868104651 -0.0025424530630131273)
(0.032400933399721242 0.058231748868104664 -0.0025424530630131273)
(0.034337996107430546 0.058231748868104671 -0.0025424530630131273)
(0.036208807891632916 0.058231748868104671 -0.0025424530630131273)
(0.03801563464947668 0.058231748868104651 -0.0025424530630131273)
(0.039760664780475179 0.058231748868104664 -0.0025424530630131273)
(0.041446011837061092 0.058231748868104664 -0.0025424530630131273)
(0.043073717084487123 0.058231748868104671 -0.0025424530630131273)
(0.044645751973173657 0.058231748868104671 -0.0025424530630131273)
(0.046164020526497845 0.058231748868104664 -0.0025424530630131273)
(0.047630361646916058 0.058231748868104671 -0.0025424530630131273)
(0.049046551343212959 0.058231748868104664 -0.0025424530630131273)
(0.050414304881574813 0.058231748868104664 -0.0025424530630131273)
(0.05173527886309235 0.058231748868104671 -0.0025424530630131273)
(0.053011073230209232 0.058231748868104671 -0.0025424530630131273)
(0.054243233204546763 0.058231748868104664 -0.0025424530630131273)
(0.055433251158451359 0.058231748868104664 -0.0025424530630131273)
(0.056582568422532016 0.058231748868104664 -0.0025424530630131273)
(0.057692577031376709 0.058231748868104664 -0.0025424530630131273)
(0.058764621409562311 0.058231748868104664 -0.0025424530630131273)
(0.059799999999999999 0.058231748868104664 -0.0025424530630131273)
(0 0.059403017375340844 -0.002593591750442529)
(0.0030452311483462058 0.059403017375340844 -0.002593591750442529)
(0.0059863100794889804 0.059403017375340844 -0.002593591750442529)
(0.0088267989809339489 0.059403017375340837 -0.002593591750442529)
(0.011570138207160364 0.059403017375340851 -0.002593591750442529)
(0.014219650446523147 0.059403017375340844 -0.002593591750442529)
(0.016778544745639539 0.059403017375340844 -0.002593591750442529)
(0.019249920396134816 0.059403017375340851 -0.002593591750442529)
(0.021636770688454422 0.059403017375340844 -0.002593591750442529)
(0.023941986537289257 0.059403017375340844 -0.0025935917504425286)
(0.026168359983005023 0.059403017375340844 -0.0025935917504425286)
(0.028318587573316654 0.059403017375340837 -0.002593591750442529)
(0.030395273629303523 0.059403017375340844 -0.002593591750442529)
(0.032400933399721242 0.059403017375340844 -0.002593591750442529)
(0.034337996107430546 0.059403017375340837 -0.002593591750442529)
(0.036208807891632916 0.059403017375340844 -0.002593591750442529)
(0.03801563464947668 0.059403017375340844 -0.002593591750442529)
(0.039760664780475179 0.059403017375340844 -0.002593591750442529)
(0.041446011837061092 0.059403017375340844 -0.002593591750442529)
(0.043073717084487123 0.059403017375340837 -0.002593591750442529)
(0.044645751973173664 0.059403017375340844 -0.002593591750442529)
(0.046164020526497845 0.059403017375340844 -0.002593591750442529)
(0.047630361646916058 0.059403017375340844 -0.002593591750442529)
(0.049046551343212952 0.059403017375340844 -0.002593591750442529)
(0.050414304881574813 0.059403017375340844 -0.0025935917504425294)
(0.05173527886309235 0.059403017375340844 -0.002593591750442529)
(0.053011073230209232 0.059403017375340844 -0.002593591750442529)
(0.054243233204546763 0.059403017375340844 -0.002593591750442529)
(0.055433251158451359 0.059403017375340837 -0.002593591750442529)
(0.056582568422532016 0.059403017375340844 -0.002593591750442529)
(0.057692577031376709 0.059403017375340844 -0.002593591750442529)
(0.058764621409562311 0.059403017375340837 -0.002593591750442529)
(0.059799999999999999 0.059403017375340844 -0.002593591750442529)
(0 0.06049481294504936 -0.0026412605744834641)
(0.0030452311483462058 0.06049481294504936 -0.0026412605744834637)
(0.0059863100794889821 0.06049481294504936 -0.0026412605744834641)
(0.0088267989809339507 0.06049481294504936 -0.0026412605744834637)
(0.011570138207160366 0.06049481294504936 -0.0026412605744834641)
(0.014219650446523147 0.060494812945049374 -0.0026412605744834637)
(0.016778544745639539 0.06049481294504936 -0.0026412605744834637)
(0.019249920396134813 0.060494812945049374 -0.0026412605744834641)
(0.021636770688454422 0.060494812945049374 -0.0026412605744834641)
(0.023941986537289257 0.06049481294504936 -0.0026412605744834641)
(0.026168359983005023 0.06049481294504936 -0.0026412605744834641)
(0.028318587573316654 0.060494812945049374 -0.0026412605744834641)
(0.030395273629303523 0.060494812945049374 -0.0026412605744834641)
(0.032400933399721242 0.060494812945049374 -0.0026412605744834641)
(0.034337996107430546 0.06049481294504936 -0.0026412605744834641)
(0.036208807891632916 0.060494812945049374 -0.0026412605744834641)
(0.03801563464947668 0.06049481294504936 -0.0026412605744834641)
(0.039760664780475179 0.06049481294504936 -0.0026412605744834641)
(0.041446011837061092 0.060494812945049374 -0.0026412605744834637)
(0.043073717084487123 0.06049481294504936 -0.0026412605744834641)
(0.044645751973173657 0.06049481294504936 -0.0026412605744834641)
(0.046164020526497845 0.060494812945049374 -0.0026412605744834641)
(0.047630361646916058 0.060494812945049374 -0.0026412605744834637)
(0.049046551343212952 0.06049481294504936 -0.0026412605744834641)
(0.050414304881574813 0.06049481294504936 -0.0026412605744834641)
(0.05173527886309235 0.06049481294504936 -0.0026412605744834641)
(0.053011073230209232 0.06049481294504936 -0.0026412605744834641)
(0.05424323320454677 0.060494812945049374 -0.0026412605744834641)
(0.055433251158451359 0.060494812945049374 -0.0026412605744834641)
(0.056582568422532009 0.06049481294504936 -0.0026412605744834637)
(0.057692577031376709 0.060494812945049374 -0.0026412605744834641)
(0.058764621409562297 0.060494812945049374 -0.0026412605744834641)
(0.059799999999999999 0.06049481294504936 -0.0026412605744834641)
(0 0.061512527976804059 -0.0026856949723858847)
(0.0030452311483462058 0.061512527976804059 -0.0026856949723858847)
(0.0059863100794889821 0.061512527976804059 -0.0026856949723858847)
(0.0088267989809339507 0.061512527976804059 -0.0026856949723858847)
(0.011570138207160366 0.061512527976804059 -0.0026856949723858847)
(0.014219650446523147 0.061512527976804059 -0.0026856949723858855)
(0.016778544745639539 0.061512527976804045 -0.0026856949723858847)
(0.019249920396134816 0.061512527976804066 -0.0026856949723858847)
(0.021636770688454422 0.061512527976804059 -0.0026856949723858847)
(0.023941986537289257 0.061512527976804059 -0.0026856949723858847)
(0.026168359983005023 0.061512527976804059 -0.0026856949723858847)
(0.02831858757331665 0.061512527976804066 -0.0026856949723858855)
(0.030395273629303523 0.061512527976804045 -0.0026856949723858847)
(0.032400933399721242 0.061512527976804045 -0.0026856949723858855)
(0.034337996107430546 0.061512527976804059 -0.0026856949723858847)
(0.036208807891632916 0.061512527976804066 -0.0026856949723858847)
(0.03801563464947668 0.061512527976804059 -0.0026856949723858855)
(0.039760664780475179 0.061512527976804066 -0.0026856949723858847)
(0.041446011837061092 0.061512527976804045 -0.0026856949723858847)
(0.043073717084487123 0.061512527976804059 -0.0026856949723858847)
(0.044645751973173664 0.061512527976804066 -0.0026856949723858855)
(0.046164020526497845 0.061512527976804059 -0.0026856949723858847)
(0.047630361646916058 0.061512527976804059 -0.0026856949723858847)
(0.049046551343212952 0.061512527976804059 -0.0026856949723858847)
(0.050414304881574813 0.061512527976804059 -0.0026856949723858855)
(0.05173527886309235 0.061512527976804059 -0.0026856949723858847)
(0.053011073230209232 0.061512527976804059 -0.0026856949723858855)
(0.054243233204546763 0.061512527976804066 -0.0026856949723858855)
(0.055433251158451359 0.061512527976804059 -0.0026856949723858855)
(0.056582568422532016 0.061512527976804045 -0.0026856949723858847)
(0.057692577031376709 0.061512527976804066 -0.0026856949723858855)
(0.058764621409562311 0.061512527976804059 -0.0026856949723858855)
(0.059799999999999999 0.061512527976804059 -0.0026856949723858847)
(0 0.062461188984959622 -0.0027271144065060802)
(0.0030452311483462058 0.062461188984959615 -0.0027271144065060811)
(0.0059863100794889821 0.062461188984959622 -0.0027271144065060811)
(0.0088267989809339507 0.062461188984959615 -0.0027271144065060802)
(0.011570138207160364 0.062461188984959622 -0.0027271144065060811)
(0.014219650446523147 0.062461188984959622 -0.0027271144065060802)
(0.016778544745639543 0.062461188984959622 -0.0027271144065060802)
(0.019249920396134816 0.062461188984959622 -0.0027271144065060802)
(0.021636770688454422 0.062461188984959622 -0.0027271144065060811)
(0.023941986537289257 0.062461188984959615 -0.0027271144065060811)
(0.026168359983005023 0.062461188984959615 -0.0027271144065060811)
(0.028318587573316654 0.062461188984959636 -0.0027271144065060811)
(0.030395273629303523 0.062461188984959615 -0.0027271144065060802)
(0.032400933399721242 0.062461188984959636 -0.0027271144065060802)
(0.034337996107430546 0.062461188984959636 -0.0027271144065060811)
(0.036208807891632916 0.062461188984959615 -0.0027271144065060802)
(0.03801563464947668 0.062461188984959615 -0.0027271144065060811)
(0.039760664780475179 0.062461188984959615 -0.0027271144065060811)
(0.041446011837061092 0.062461188984959636 -0.0027271144065060811)
(0.043073717084487123 0.062461188984959622 -0.0027271144065060811)
(0.044645751973173664 0.062461188984959622 -0.0027271144065060811)
(0.046164020526497845 0.062461188984959615 -0.0027271144065060811)
(0.047630361646916058 0.062461188984959615 -0.0027271144065060802)
(0.049046551343212959 0.062461188984959622 -0.0027271144065060811)
(0.050414304881574813 0.062461188984959622 -0.0027271144065060802)
(0.05173527886309235 0.062461188984959615 -0.0027271144065060811)
(0.053011073230209232 0.062461188984959636 -0.0027271144065060811)
(0.05424323320454677 0.062461188984959622 -0.0027271144065060802)
(0.055433251158451359 0.062461188984959622 -0.0027271144065060802)
(0.056582568422532016 0.062461188984959622 -0.0027271144065060811)
(0.057692577031376709 0.062461188984959622 -0.0027271144065060811)
(0.058764621409562297 0.062461188984959622 -0.0027271144065060811)
(0.059799999999999999 0.062461188984959622 -0.0027271144065060802)
(0 0.063345481424703837 -0.0027657234482355224)
(0.0030452311483462058 0.063345481424703823 -0.0027657234482355224)
(0.0059863100794889821 0.063345481424703837 -0.0027657234482355228)
(0.0088267989809339507 0.063345481424703823 -0.0027657234482355228)
(0.011570138207160366 0.063345481424703837 -0.0027657234482355228)
(0.014219650446523147 0.063345481424703823 -0.0027657234482355224)
(0.016778544745639539 0.063345481424703837 -0.0027657234482355224)
(0.01924992039613482 0.063345481424703837 -0.0027657234482355224)
(0.021636770688454422 0.063345481424703837 -0.0027657234482355224)
(0.023941986537289257 0.063345481424703837 -0.0027657234482355224)
(0.026168359983005023 0.063345481424703823 -0.0027657234482355224)
(0.028318587573316661 0.063345481424703851 -0.0027657234482355228)
(0.030395273629303523 0.063345481424703837 -0.0027657234482355224)
(0.032400933399721242 0.063345481424703837 -0.0027657234482355228)
(0.034337996107430546 0.063345481424703823 -0.0027657234482355228)
(0.036208807891632916 0.063345481424703851 -0.0027657234482355224)
(0.03801563464947668 0.063345481424703837 -0.0027657234482355228)
(0.039760664780475186 0.063345481424703837 -0.0027657234482355228)
(0.041446011837061092 0.063345481424703837 -0.0027657234482355228)
(0.043073717084487123 0.063345481424703823 -0.0027657234482355224)
(0.044645751973173657 0.063345481424703823 -0.0027657234482355224)
(0.046164020526497845 0.063345481424703837 -0.0027657234482355228)
(0.047630361646916058 0.063345481424703823 -0.0027657234482355224)
(0.049046551343212959 0.063345481424703837 -0.0027657234482355224)
(0.050414304881574813 0.063345481424703837 -0.0027657234482355224)
(0.05173527886309235 0.063345481424703837 -0.0027657234482355224)
(0.053011073230209232 0.063345481424703837 -0.0027657234482355224)
(0.054243233204546763 0.063345481424703837 -0.0027657234482355224)
(0.055433251158451359 0.063345481424703837 -0.0027657234482355228)
(0.056582568422532016 0.063345481424703837 -0.0027657234482355224)
(0.057692577031376702 0.063345481424703823 -0.0027657234482355228)
(0.058764621409562297 0.063345481424703837 -0.0027657234482355224)
(0.059799999999999999 0.063345481424703837 -0.0027657234482355224)
(0 0.064169772833611999 -0.0028017127883829527)
(0.0030452311483462058 0.064169772833611999 -0.0028017127883829527)
(0.0059863100794889821 0.064169772833611999 -0.0028017127883829536)
(0.0088267989809339507 0.064169772833611985 -0.0028017127883829527)
(0.011570138207160366 0.064169772833612013 -0.0028017127883829527)
(0.014219650446523147 0.064169772833612013 -0.0028017127883829527)
(0.016778544745639539 0.064169772833611999 -0.0028017127883829527)
(0.019249920396134816 0.064169772833611999 -0.0028017127883829527)
(0.021636770688454422 0.064169772833612013 -0.0028017127883829527)
(0.023941986537289257 0.064169772833612013 -0.0028017127883829527)
(0.026168359983005023 0.064169772833611999 -0.0028017127883829536)
(0.028318587573316654 0.064169772833612013 -0.0028017127883829536)
(0.030395273629303526 0.064169772833612013 -0.0028017127883829536)
(0.032400933399721249 0.064169772833611999 -0.0028017127883829536)
(0.034337996107430546 0.064169772833612013 -0.0028017127883829536)
(0.036208807891632916 0.064169772833612013 -0.0028017127883829536)
(0.038015634649476687 0.064169772833611999 -0.0028017127883829536)
(0.039760664780475179 0.064169772833611999 -0.0028017127883829527)
(0.041446011837061092 0.064169772833611999 -0.0028017127883829536)
(0.043073717084487123 0.064169772833611999 -0.0028017127883829536)
(0.044645751973173664 0.064169772833611999 -0.0028017127883829536)
(0.046164020526497845 0.064169772833611999 -0.0028017127883829527)
(0.047630361646916058 0.064169772833611999 -0.0028017127883829536)
(0.049046551343212952 0.064169772833611999 -0.0028017127883829527)
(0.050414304881574813 0.064169772833612013 -0.0028017127883829536)
(0.05173527886309235 0.064169772833612013 -0.0028017127883829536)
(0.053011073230209232 0.064169772833611999 -0.0028017127883829536)
(0.054243233204546763 0.064169772833611999 -0.0028017127883829536)
(0.055433251158451359 0.064169772833612013 -0.0028017127883829527)
(0.056582568422532009 0.064169772833611999 -0.0028017127883829536)
(0.057692577031376702 0.064169772833611999 -0.0028017127883829536)
(0.058764621409562311 0.064169772833612013 -0.0028017127883829536)
(0.059799999999999999 0.064169772833611999 -0.0028017127883829527)
(0 0.064938134403000003 -0.0028352601790000002)
(0.0030452311483462058 0.064938134403000003 -0.0028352601790000002)
(0.0059863100794889821 0.064938134403000003 -0.0028352601790000002)
(0.0088267989809339507 0.064938134403000003 -0.0028352601790000002)
(0.011570138207160364 0.064938134403000003 -0.0028352601790000002)
(0.014219650446523147 0.064938134403000003 -0.0028352601790000002)
(0.016778544745639539 0.064938134403000003 -0.0028352601790000002)
(0.019249920396134816 0.064938134403000003 -0.0028352601790000002)
(0.021636770688454422 0.064938134403000003 -0.0028352601790000002)
(0.023941986537289257 0.064938134403000003 -0.0028352601790000002)
(0.026168359983005023 0.064938134403000003 -0.0028352601790000002)
(0.028318587573316654 0.064938134403000003 -0.0028352601790000002)
(0.030395273629303523 0.064938134403000003 -0.0028352601790000002)
(0.032400933399721242 0.064938134402999989 -0.0028352601789999998)
(0.034337996107430546 0.064938134403000003 -0.0028352601790000002)
(0.036208807891632916 0.064938134403000003 -0.0028352601790000002)
(0.03801563464947668 0.064938134403000003 -0.0028352601790000002)
(0.039760664780475179 0.064938134403000003 -0.0028352601790000002)
(0.041446011837061092 0.064938134403000003 -0.0028352601790000002)
(0.043073717084487123 0.064938134402999989 -0.0028352601789999998)
(0.044645751973173657 0.064938134403000017 -0.0028352601790000002)
(0.046164020526497845 0.064938134403000003 -0.0028352601790000002)
(0.047630361646916058 0.064938134403000003 -0.0028352601789999998)
(0.049046551343212959 0.064938134403000003 -0.0028352601789999998)
(0.050414304881574813 0.064938134403000003 -0.0028352601790000002)
(0.05173527886309235 0.064938134403000003 -0.0028352601790000002)
(0.053011073230209232 0.064938134403000003 -0.0028352601789999998)
(0.054243233204546763 0.064938134403000003 -0.0028352601790000002)
(0.055433251158451359 0.064938134403000003 -0.0028352601789999998)
(0.056582568422532016 0.064938134403000003 -0.0028352601790000002)
(0.057692577031376709 0.064938134403000003 -0.0028352601790000002)
(0.058764621409562311 0.064938134403000003 -0.0028352601790000002)
(0.059799999999999999 0.064938134403000003 -0.0028352601790000002)
(0 0.0051224104625866417 0.00022364927078031256)
(0.0030452311483462062 0.0051224104625866426 0.00022364927078031256)
(0.0059863100794889804 0.0051224104625866426 0.00022364927078031256)
(0.0088267989809339524 0.0051224104625866426 0.00022364927078031256)
(0.011570138207160364 0.0051224104625866417 0.00022364927078031256)
(0.014219650446523147 0.0051224104625866426 0.00022364927078031256)
(0.016778544745639539 0.0051224104625866426 0.00022364927078031256)
(0.019249920396134816 0.0051224104625866417 0.00022364927078031251)
(0.021636770688454428 0.0051224104625866409 0.00022364927078031251)
(0.023941986537289257 0.0051224104625866426 0.00022364927078031259)
(0.026168359983005023 0.0051224104625866426 0.00022364927078031256)
(0.02831858757331665 0.0051224104625866426 0.00022364927078031256)
(0.030395273629303516 0.0051224104625866426 0.00022364927078031256)
(0.032400933399721242 0.0051224104625866417 0.00022364927078031256)
(0.034337996107430546 0.0051224104625866417 0.00022364927078031256)
(0.036208807891632923 0.0051224104625866426 0.00022364927078031256)
(0.03801563464947668 0.0051224104625866417 0.00022364927078031256)
(0.039760664780475186 0.0051224104625866426 0.00022364927078031256)
(0.041446011837061092 0.0051224104625866417 0.00022364927078031251)
(0.043073717084487123 0.0051224104625866417 0.00022364927078031251)
(0.044645751973173657 0.0051224104625866426 0.00022364927078031256)
(0.046164020526497845 0.0051224104625866426 0.00022364927078031256)
(0.047630361646916058 0.0051224104625866417 0.00022364927078031251)
(0.049046551343212973 0.0051224104625866426 0.00022364927078031256)
(0.050414304881574813 0.0051224104625866409 0.00022364927078031251)
(0.051735278863092343 0.0051224104625866426 0.00022364927078031256)
(0.053011073230209232 0.0051224104625866417 0.00022364927078031251)
(0.05424323320454677 0.0051224104625866426 0.00022364927078031251)
(0.055433251158451359 0.0051224104625866409 0.00022364927078031251)
(0.056582568422532016 0.0051224104625866409 0.00022364927078031256)
(0.057692577031376702 0.0051224104625866409 0.00022364927078031251)
(0.058764621409562297 0.0051224104625866426 0.00022364927078031256)
(0.059799999999999999 0.0051224104625866417 0.00022364927078031256)
(0 0.0098972550133698337 0.00043212348612711661)
(0.0030452311483462058 0.0098972550133698354 0.00043212348612711667)
(0.0059863100794889821 0.0098972550133698337 0.00043212348612711661)
(0.0088267989809339507 0.0098972550133698337 0.00043212348612711661)
(0.011570138207160364 0.0098972550133698337 0.00043212348612711661)
(0.014219650446523147 0.0098972550133698337 0.00043212348612711661)
(0.016778544745639539 0.0098972550133698354 0.00043212348612711661)
(0.019249920396134816 0.0098972550133698337 0.00043212348612711656)
(0.021636770688454428 0.0098972550133698337 0.00043212348612711661)
(0.023941986537289257 0.0098972550133698337 0.00043212348612711656)
(0.026168359983005023 0.0098972550133698337 0.00043212348612711661)
(0.028318587573316661 0.0098972550133698337 0.00043212348612711661)
(0.030395273629303523 0.0098972550133698337 0.00043212348612711661)
(0.032400933399721242 0.0098972550133698337 0.00043212348612711661)
(0.034337996107430539 0.0098972550133698337 0.00043212348612711661)
(0.036208807891632916 0.0098972550133698337 0.00043212348612711661)
(0.03801563464947668 0.0098972550133698354 0.00043212348612711667)
(0.039760664780475179 0.0098972550133698337 0.00043212348612711661)
(0.041446011837061092 0.0098972550133698337 0.00043212348612711661)
(0.043073717084487123 0.0098972550133698337 0.00043212348612711661)
(0.044645751973173657 0.0098972550133698354 0.00043212348612711667)
(0.046164020526497845 0.0098972550133698337 0.00043212348612711667)
(0.047630361646916058 0.0098972550133698354 0.00043212348612711661)
(0.049046551343212952 0.0098972550133698337 0.00043212348612711667)
(0.050414304881574827 0.0098972550133698354 0.00043212348612711661)
(0.051735278863092364 0.0098972550133698354 0.00043212348612711661)
(0.053011073230209239 0.0098972550133698354 0.00043212348612711661)
(0.054243233204546763 0.0098972550133698337 0.00043212348612711661)
(0.055433251158451373 0.0098972550133698337 0.00043212348612711661)
(0.056582568422532016 0.0098972550133698337 0.00043212348612711661)
(0.057692577031376709 0.0098972550133698337 0.00043212348612711661)
(0.058764621409562297 0.0098972550133698337 0.00043212348612711661)
(0.059799999999999999 0.0098972550133698337 0.00043212348612711661)
(0 0.01434811670254247 0.00062645230424858184)
(0.0030452311483462058 0.01434811670254247 0.00062645230424858173)
(0.0059863100794889821 0.01434811670254247 0.00062645230424858184)
(0.0088267989809339507 0.014348116702542468 0.00062645230424858173)
(0.011570138207160364 0.01434811670254247 0.00062645230424858184)
(0.01421965044652315 0.014348116702542471 0.00062645230424858184)
(0.016778544745639539 0.01434811670254247 0.00062645230424858184)
(0.019249920396134816 0.014348116702542471 0.00062645230424858184)
(0.021636770688454422 0.014348116702542471 0.00062645230424858184)
(0.023941986537289257 0.01434811670254247 0.00062645230424858184)
(0.026168359983005016 0.01434811670254247 0.00062645230424858184)
(0.028318587573316661 0.01434811670254247 0.00062645230424858184)
(0.030395273629303523 0.01434811670254247 0.00062645230424858195)
(0.032400933399721242 0.01434811670254247 0.00062645230424858173)
(0.034337996107430546 0.01434811670254247 0.00062645230424858184)
(0.036208807891632916 0.01434811670254247 0.00062645230424858184)
(0.03801563464947668 0.01434811670254247 0.00062645230424858184)
(0.039760664780475179 0.014348116702542471 0.00062645230424858184)
(0.041446011837061099 0.01434811670254247 0.00062645230424858184)
(0.043073717084487123 0.01434811670254247 0.00062645230424858173)
(0.044645751973173643 0.01434811670254247 0.00062645230424858184)
(0.046164020526497852 0.014348116702542471 0.00062645230424858173)
(0.047630361646916058 0.01434811670254247 0.00062645230424858184)
(0.049046551343212959 0.01434811670254247 0.00062645230424858184)
(0.050414304881574827 0.01434811670254247 0.00062645230424858195)
(0.05173527886309235 0.01434811670254247 0.00062645230424858173)
(0.053011073230209232 0.01434811670254247 0.00062645230424858173)
(0.054243233204546749 0.01434811670254247 0.00062645230424858184)
(0.055433251158451373 0.01434811670254247 0.00062645230424858173)
(0.056582568422532016 0.014348116702542471 0.00062645230424858195)
(0.057692577031376709 0.01434811670254247 0.00062645230424858173)
(0.058764621409562297 0.01434811670254247 0.00062645230424858184)
(0.059799999999999999 0.01434811670254247 0.00062645230424858184)
(0 0.018496978422636652 0.00080759551896059925)
(0.0030452311483462058 0.018496978422636652 0.00080759551896059925)
(0.0059863100794889804 0.018496978422636652 0.00080759551896059925)
(0.0088267989809339507 0.018496978422636652 0.00080759551896059925)
(0.011570138207160366 0.018496978422636652 0.00080759551896059925)
(0.014219650446523145 0.018496978422636652 0.00080759551896059925)
(0.016778544745639539 0.018496978422636652 0.00080759551896059925)
(0.019249920396134813 0.018496978422636652 0.00080759551896059925)
(0.021636770688454428 0.018496978422636652 0.00080759551896059925)
(0.023941986537289264 0.018496978422636652 0.00080759551896059925)
(0.026168359983005023 0.018496978422636649 0.00080759551896059925)
(0.028318587573316654 0.018496978422636652 0.00080759551896059925)
(0.030395273629303523 0.018496978422636652 0.00080759551896059925)
(0.032400933399721242 0.018496978422636656 0.00080759551896059925)
(0.034337996107430546 0.018496978422636652 0.00080759551896059925)
(0.036208807891632916 0.018496978422636649 0.00080759551896059925)
(0.03801563464947668 0.018496978422636652 0.00080759551896059925)
(0.039760664780475179 0.018496978422636652 0.00080759551896059925)
(0.041446011837061092 0.018496978422636649 0.00080759551896059925)
(0.043073717084487123 0.018496978422636652 0.00080759551896059925)
(0.044645751973173657 0.018496978422636652 0.00080759551896059925)
(0.046164020526497845 0.018496978422636656 0.00080759551896059925)
(0.047630361646916058 0.018496978422636652 0.00080759551896059925)
(0.049046551343212952 0.018496978422636652 0.00080759551896059925)
(0.050414304881574813 0.018496978422636652 0.00080759551896059925)
(0.05173527886309235 0.018496978422636649 0.00080759551896059925)
(0.053011073230209232 0.018496978422636656 0.00080759551896059925)
(0.05424323320454677 0.018496978422636649 0.00080759551896059925)
(0.055433251158451359 0.018496978422636652 0.00080759551896059925)
(0.056582568422532016 0.018496978422636656 0.00080759551896059925)
(0.057692577031376709 0.018496978422636649 0.00080759551896059925)
(0.058764621409562311 0.018496978422636656 0.00080759551896059925)
(0.059799999999999999 0.018496978422636652 0.00080759551896059925)
(0 0.02236433148245787 0.0009764478001271236)
(0.0030452311483462058 0.02236433148245787 0.00097644780012712382)
(0.0059863100794889821 0.022364331482457867 0.00097644780012712349)
(0.0088267989809339507 0.02236433148245787 0.0009764478001271236)
(0.011570138207160366 0.022364331482457877 0.0009764478001271236)
(0.014219650446523147 0.022364331482457867 0.00097644780012712349)
(0.016778544745639539 0.022364331482457867 0.00097644780012712382)
(0.019249920396134816 0.02236433148245787 0.00097644780012712382)
(0.021636770688454422 0.02236433148245787 0.0009764478001271236)
(0.023941986537289257 0.022364331482457867 0.00097644780012712349)
(0.026168359983005023 0.022364331482457867 0.00097644780012712349)
(0.028318587573316654 0.02236433148245787 0.0009764478001271236)
(0.030395273629303526 0.022364331482457867 0.0009764478001271236)
(0.032400933399721249 0.02236433148245787 0.00097644780012712349)
(0.034337996107430546 0.022364331482457867 0.00097644780012712349)
(0.036208807891632916 0.022364331482457867 0.0009764478001271236)
(0.038015634649476687 0.02236433148245787 0.00097644780012712382)
(0.039760664780475179 0.022364331482457867 0.00097644780012712349)
(0.041446011837061092 0.02236433148245787 0.00097644780012712349)
(0.043073717084487123 0.022364331482457867 0.00097644780012712349)
(0.044645751973173664 0.022364331482457867 0.0009764478001271236)
(0.046164020526497845 0.02236433148245787 0.0009764478001271236)
(0.047630361646916065 0.022364331482457867 0.00097644780012712382)
(0.049046551343212959 0.02236433148245787 0.0009764478001271236)
(0.050414304881574827 0.022364331482457867 0.0009764478001271236)
(0.051735278863092364 0.02236433148245787 0.0009764478001271236)
(0.053011073230209232 0.02236433148245787 0.0009764478001271236)
(0.05424323320454677 0.02236433148245787 0.0009764478001271236)
(0.055433251158451359 0.02236433148245787 0.0009764478001271236)
(0.05658256842253203 0.02236433148245787 0.00097644780012712382)
(0.057692577031376709 0.022364331482457867 0.00097644780012712349)
(0.058764621409562311 0.022364331482457877 0.0009764478001271236)
(0.059799999999999999 0.02236433148245787 0.0009764478001271236)
(0 0.025969276814058126 0.0011338431124520488)
(0.0030452311483462058 0.025969276814058126 0.001133843112452049)
(0.0059863100794889821 0.025969276814058126 0.0011338431124520488)
(0.0088267989809339524 0.025969276814058126 0.001133843112452049)
(0.011570138207160364 0.025969276814058126 0.0011338431124520488)
(0.014219650446523147 0.025969276814058126 0.0011338431124520488)
(0.016778544745639539 0.025969276814058126 0.0011338431124520488)
(0.019249920396134813 0.025969276814058126 0.001133843112452049)
(0.021636770688454422 0.025969276814058126 0.001133843112452049)
(0.023941986537289257 0.025969276814058126 0.001133843112452049)
(0.026168359983005023 0.025969276814058126 0.0011338431124520486)
(0.02831858757331665 0.025969276814058126 0.0011338431124520488)
(0.030395273629303523 0.025969276814058126 0.0011338431124520488)
(0.032400933399721242 0.025969276814058126 0.0011338431124520488)
(0.034337996107430546 0.025969276814058126 0.0011338431124520488)
(0.036208807891632916 0.025969276814058126 0.0011338431124520488)
(0.03801563464947668 0.025969276814058126 0.001133843112452049)
(0.039760664780475179 0.025969276814058126 0.001133843112452049)
(0.041446011837061092 0.025969276814058126 0.0011338431124520488)
(0.043073717084487123 0.025969276814058126 0.0011338431124520488)
(0.044645751973173657 0.025969276814058126 0.0011338431124520488)
(0.046164020526497845 0.025969276814058126 0.001133843112452049)
(0.047630361646916058 0.025969276814058126 0.001133843112452049)
(0.049046551343212959 0.025969276814058126 0.0011338431124520488)
(0.050414304881574813 0.025969276814058126 0.0011338431124520488)
(0.05173527886309235 0.025969276814058126 0.0011338431124520488)
(0.053011073230209232 0.025969276814058126 0.001133843112452049)
(0.05424323320454677 0.025969276814058126 0.001133843112452049)
(0.055433251158451359 0.025969276814058126 0.001133843112452049)
(0.05658256842253203 0.025969276814058126 0.0011338431124520488)
(0.057692577031376709 0.025969276814058126 0.0011338431124520488)
(0.058764621409562297 0.025969276814058126 0.0011338431124520486)
(0.059799999999999992 0.025969276814058126 0.0011338431124520488)
(0 0.029329619312611202 0.0012805588344471169)
(0.0030452311483462058 0.029329619312611202 0.0012805588344471167)
(0.0059863100794889804 0.029329619312611202 0.0012805588344471169)
(0.0088267989809339507 0.029329619312611202 0.0012805588344471167)
(0.011570138207160364 0.029329619312611206 0.0012805588344471169)
(0.014219650446523147 0.029329619312611202 0.0012805588344471169)
(0.016778544745639539 0.029329619312611202 0.0012805588344471169)
(0.019249920396134816 0.029329619312611206 0.0012805588344471169)
(0.021636770688454428 0.029329619312611206 0.0012805588344471171)
(0.023941986537289257 0.029329619312611202 0.0012805588344471169)
(0.026168359983005023 0.029329619312611206 0.0012805588344471169)
(0.028318587573316654 0.029329619312611206 0.0012805588344471169)
(0.030395273629303526 0.029329619312611206 0.0012805588344471169)
(0.032400933399721242 0.029329619312611202 0.0012805588344471169)
(0.034337996107430546 0.029329619312611202 0.0012805588344471169)
(0.036208807891632916 0.029329619312611202 0.0012805588344471169)
(0.03801563464947668 0.029329619312611206 0.0012805588344471169)
(0.039760664780475179 0.029329619312611202 0.0012805588344471169)
(0.041446011837061092 0.029329619312611202 0.0012805588344471169)
(0.043073717084487123 0.029329619312611206 0.0012805588344471169)
(0.044645751973173664 0.029329619312611202 0.0012805588344471169)
(0.046164020526497845 0.029329619312611202 0.0012805588344471169)
(0.047630361646916058 0.029329619312611202 0.0012805588344471169)
(0.049046551343212959 0.029329619312611202 0.0012805588344471167)
(0.050414304881574813 0.029329619312611202 0.0012805588344471169)
(0.05173527886309235 0.029329619312611202 0.0012805588344471169)
(0.053011073230209232 0.029329619312611202 0.0012805588344471167)
(0.054243233204546763 0.029329619312611202 0.0012805588344471169)
(0.055433251158451373 0.029329619312611202 0.0012805588344471169)
(0.05658256842253203 0.029329619312611202 0.0012805588344471169)
(0.057692577031376709 0.029329619312611202 0.0012805588344471169)
(0.058764621409562311 0.029329619312611206 0.0012805588344471169)
(0.059799999999999999 0.029329619312611202 0.0012805588344471169)
(0 0.032461955775136532 0.0014173195979195197)
(0.0030452311483462058 0.032461955775136532 0.0014173195979195197)
(0.0059863100794889821 0.032461955775136532 0.0014173195979195197)
(0.0088267989809339507 0.032461955775136525 0.0014173195979195197)
(0.011570138207160366 0.032461955775136532 0.0014173195979195197)
(0.014219650446523145 0.032461955775136532 0.0014173195979195197)
(0.016778544745639536 0.032461955775136525 0.0014173195979195197)
(0.019249920396134816 0.032461955775136532 0.0014173195979195197)
(0.021636770688454422 0.032461955775136532 0.0014173195979195197)
(0.023941986537289253 0.032461955775136532 0.0014173195979195197)
(0.026168359983005023 0.032461955775136532 0.0014173195979195197)
(0.028318587573316654 0.032461955775136532 0.0014173195979195197)
(0.030395273629303526 0.032461955775136532 0.0014173195979195197)
(0.032400933399721242 0.032461955775136532 0.0014173195979195197)
(0.034337996107430546 0.032461955775136532 0.0014173195979195197)
(0.036208807891632916 0.032461955775136532 0.0014173195979195197)
(0.03801563464947668 0.032461955775136532 0.0014173195979195197)
(0.039760664780475179 0.032461955775136532 0.0014173195979195197)
(0.041446011837061092 0.032461955775136532 0.0014173195979195197)
(0.043073717084487123 0.032461955775136532 0.0014173195979195197)
(0.044645751973173657 0.032461955775136532 0.0014173195979195197)
(0.046164020526497845 0.032461955775136532 0.0014173195979195197)
(0.047630361646916058 0.032461955775136532 0.0014173195979195197)
(0.049046551343212959 0.032461955775136532 0.0014173195979195197)
(0.050414304881574813 0.032461955775136532 0.0014173195979195197)
(0.05173527886309235 0.032461955775136532 0.0014173195979195197)
(0.053011073230209232 0.032461955775136532 0.0014173195979195197)
(0.054243233204546763 0.032461955775136532 0.0014173195979195197)
(0.055433251158451373 0.032461955775136532 0.0014173195979195197)
(0.056582568422532016 0.032461955775136532 0.0014173195979195197)
(0.057692577031376702 0.032461955775136532 0.0014173195979195197)
(0.058764621409562311 0.032461955775136539 0.0014173195979195197)
(0.059799999999999992 0.032461955775136532 0.0014173195979195197)
(0 0.035381756872402768 0.0015448008669425026)
(0.0030452311483462058 0.035381756872402768 0.0015448008669425026)
(0.0059863100794889804 0.035381756872402768 0.0015448008669425026)
(0.0088267989809339507 0.035381756872402768 0.0015448008669425026)
(0.011570138207160364 0.035381756872402768 0.0015448008669425026)
(0.014219650446523147 0.035381756872402768 0.0015448008669425026)
(0.016778544745639539 0.035381756872402768 0.0015448008669425022)
(0.019249920396134816 0.035381756872402768 0.0015448008669425028)
(0.021636770688454422 0.035381756872402768 0.0015448008669425028)
(0.023941986537289253 0.035381756872402768 0.0015448008669425028)
(0.026168359983005016 0.035381756872402768 0.0015448008669425026)
(0.02831858757331665 0.035381756872402768 0.0015448008669425026)
(0.030395273629303526 0.035381756872402768 0.0015448008669425026)
(0.032400933399721242 0.035381756872402768 0.0015448008669425026)
(0.034337996107430546 0.035381756872402768 0.0015448008669425028)
(0.036208807891632916 0.035381756872402768 0.0015448008669425028)
(0.03801563464947668 0.035381756872402768 0.0015448008669425028)
(0.039760664780475179 0.035381756872402768 0.0015448008669425028)
(0.041446011837061092 0.035381756872402768 0.0015448008669425026)
(0.043073717084487123 0.035381756872402768 0.0015448008669425026)
(0.044645751973173664 0.035381756872402768 0.0015448008669425028)
(0.046164020526497845 0.035381756872402768 0.0015448008669425026)
(0.047630361646916058 0.035381756872402768 0.0015448008669425028)
(0.049046551343212959 0.035381756872402768 0.0015448008669425026)
(0.050414304881574827 0.035381756872402768 0.0015448008669425026)
(0.051735278863092343 0.035381756872402768 0.0015448008669425026)
(0.053011073230209232 0.035381756872402775 0.0015448008669425026)
(0.05424323320454677 0.035381756872402775 0.0015448008669425022)
(0.055433251158451373 0.035381756872402768 0.0015448008669425026)
(0.056582568422532009 0.035381756872402768 0.0015448008669425028)
(0.057692577031376722 0.035381756872402768 0.0015448008669425026)
(0.058764621409562311 0.035381756872402775 0.0015448008669425028)
(0.059799999999999992 0.035381756872402768 0.0015448008669425026)
(0 0.038103443558871949 0.0016636322739855731)
(0.0030452311483462058 0.038103443558871949 0.0016636322739855731)
(0.0059863100794889821 0.038103443558871949 0.0016636322739855736)
(0.0088267989809339507 0.038103443558871956 0.0016636322739855731)
(0.011570138207160364 0.038103443558871949 0.0016636322739855736)
(0.014219650446523147 0.038103443558871943 0.0016636322739855731)
(0.016778544745639539 0.038103443558871949 0.0016636322739855731)
(0.019249920396134813 0.038103443558871956 0.0016636322739855736)
(0.021636770688454422 0.038103443558871956 0.0016636322739855731)
(0.023941986537289257 0.038103443558871949 0.0016636322739855736)
(0.026168359983005023 0.038103443558871949 0.0016636322739855731)
(0.02831858757331665 0.038103443558871949 0.0016636322739855736)
(0.030395273629303526 0.038103443558871949 0.0016636322739855736)
(0.032400933399721242 0.038103443558871949 0.0016636322739855731)
(0.034337996107430546 0.038103443558871949 0.0016636322739855736)
(0.036208807891632916 0.038103443558871943 0.0016636322739855731)
(0.03801563464947668 0.038103443558871949 0.0016636322739855736)
(0.039760664780475179 0.038103443558871949 0.0016636322739855731)
(0.041446011837061099 0.038103443558871956 0.0016636322739855731)
(0.043073717084487123 0.038103443558871949 0.0016636322739855731)
(0.044645751973173657 0.038103443558871956 0.0016636322739855736)
(0.046164020526497845 0.038103443558871949 0.0016636322739855736)
(0.047630361646916058 0.038103443558871949 0.0016636322739855731)
(0.049046551343212959 0.038103443558871949 0.0016636322739855736)
(0.050414304881574813 0.038103443558871949 0.0016636322739855736)
(0.05173527886309235 0.038103443558871943 0.0016636322739855731)
(0.053011073230209232 0.038103443558871956 0.0016636322739855736)
(0.05424323320454677 0.038103443558871956 0.0016636322739855731)
(0.055433251158451373 0.038103443558871949 0.0016636322739855736)
(0.056582568422532009 0.038103443558871943 0.0016636322739855736)
(0.057692577031376722 0.038103443558871956 0.0016636322739855731)
(0.058764621409562297 0.038103443558871949 0.0016636322739855736)
(0.059799999999999999 0.038103443558871949 0.0016636322739855731)
(0 0.040640458298074271 0.0017744007296815244)
(0.0030452311483462058 0.040640458298074278 0.0017744007296815242)
(0.0059863100794889821 0.040640458298074271 0.0017744007296815242)
(0.0088267989809339507 0.040640458298074271 0.0017744007296815242)
(0.011570138207160366 0.040640458298074278 0.0017744007296815244)
(0.014219650446523147 0.040640458298074271 0.0017744007296815244)
(0.016778544745639539 0.040640458298074271 0.0017744007296815248)
(0.019249920396134813 0.040640458298074271 0.0017744007296815244)
(0.021636770688454422 0.040640458298074271 0.0017744007296815244)
(0.023941986537289257 0.040640458298074271 0.0017744007296815244)
(0.026168359983005023 0.040640458298074271 0.0017744007296815242)
(0.028318587573316654 0.040640458298074278 0.0017744007296815244)
(0.030395273629303526 0.040640458298074271 0.0017744007296815244)
(0.032400933399721242 0.040640458298074271 0.0017744007296815244)
(0.034337996107430546 0.040640458298074271 0.0017744007296815242)
(0.036208807891632916 0.040640458298074271 0.0017744007296815248)
(0.03801563464947668 0.040640458298074271 0.0017744007296815242)
(0.039760664780475179 0.040640458298074271 0.0017744007296815242)
(0.041446011837061092 0.040640458298074271 0.0017744007296815244)
(0.043073717084487123 0.040640458298074271 0.0017744007296815242)
(0.044645751973173657 0.040640458298074271 0.0017744007296815244)
(0.046164020526497845 0.040640458298074271 0.0017744007296815244)
(0.047630361646916058 0.040640458298074271 0.0017744007296815244)
(0.049046551343212952 0.040640458298074271 0.0017744007296815244)
(0.050414304881574813 0.040640458298074271 0.0017744007296815242)
(0.05173527886309235 0.040640458298074271 0.0017744007296815242)
(0.053011073230209232 0.040640458298074271 0.0017744007296815244)
(0.05424323320454677 0.040640458298074271 0.0017744007296815242)
(0.055433251158451373 0.040640458298074271 0.0017744007296815244)
(0.05658256842253203 0.040640458298074271 0.0017744007296815244)
(0.057692577031376709 0.040640458298074278 0.0017744007296815242)
(0.058764621409562311 0.040640458298074278 0.0017744007296815244)
(0.059799999999999999 0.040640458298074271 0.0017744007296815244)
(0 0.043005331455197214 0.0018776533215894764)
(0.0030452311483462058 0.043005331455197214 0.0018776533215894764)
(0.0059863100794889821 0.043005331455197214 0.0018776533215894764)
(0.0088267989809339507 0.043005331455197221 0.0018776533215894766)
(0.011570138207160364 0.043005331455197214 0.0018776533215894766)
(0.014219650446523147 0.043005331455197214 0.0018776533215894761)
(0.016778544745639539 0.043005331455197214 0.0018776533215894764)
(0.019249920396134813 0.043005331455197214 0.0018776533215894764)
(0.021636770688454428 0.043005331455197221 0.0018776533215894761)
(0.023941986537289257 0.043005331455197214 0.0018776533215894764)
(0.026168359983005016 0.043005331455197214 0.0018776533215894764)
(0.028318587573316654 0.043005331455197214 0.0018776533215894764)
(0.030395273629303526 0.043005331455197214 0.0018776533215894761)
(0.032400933399721242 0.043005331455197214 0.0018776533215894764)
(0.034337996107430546 0.043005331455197214 0.0018776533215894764)
(0.036208807891632916 0.043005331455197214 0.0018776533215894764)
(0.03801563464947668 0.043005331455197214 0.0018776533215894764)
(0.039760664780475179 0.043005331455197221 0.0018776533215894764)
(0.041446011837061092 0.043005331455197214 0.0018776533215894764)
(0.043073717084487123 0.043005331455197214 0.0018776533215894764)
(0.044645751973173657 0.043005331455197221 0.0018776533215894764)
(0.046164020526497845 0.043005331455197221 0.0018776533215894764)
(0.047630361646916058 0.043005331455197214 0.0018776533215894764)
(0.049046551343212959 0.043005331455197214 0.0018776533215894766)
(0.050414304881574813 0.043005331455197221 0.0018776533215894766)
(0.05173527886309235 0.043005331455197214 0.0018776533215894764)
(0.053011073230209232 0.043005331455197214 0.0018776533215894764)
(0.054243233204546763 0.043005331455197214 0.0018776533215894764)
(0.055433251158451359 0.043005331455197214 0.0018776533215894764)
(0.056582568422532016 0.043005331455197214 0.0018776533215894764)
(0.057692577031376709 0.043005331455197221 0.0018776533215894761)
(0.058764621409562311 0.043005331455197221 0.0018776533215894764)
(0.059800000000000013 0.043005331455197214 0.0018776533215894764)
(0 0.045209743184803107 0.0019739000162709817)
(0.0030452311483462058 0.045209743184803107 0.0019739000162709817)
(0.0059863100794889821 0.045209743184803107 0.0019739000162709817)
(0.0088267989809339524 0.045209743184803107 0.0019739000162709817)
(0.011570138207160361 0.045209743184803107 0.0019739000162709813)
(0.014219650446523147 0.045209743184803107 0.0019739000162709817)
(0.016778544745639539 0.045209743184803107 0.0019739000162709817)
(0.019249920396134813 0.045209743184803107 0.0019739000162709817)
(0.021636770688454422 0.045209743184803114 0.0019739000162709817)
(0.023941986537289257 0.045209743184803107 0.0019739000162709817)
(0.026168359983005023 0.045209743184803107 0.0019739000162709817)
(0.028318587573316654 0.045209743184803114 0.0019739000162709817)
(0.030395273629303523 0.045209743184803107 0.0019739000162709817)
(0.032400933399721242 0.045209743184803107 0.0019739000162709817)
(0.034337996107430546 0.045209743184803107 0.0019739000162709817)
(0.036208807891632916 0.045209743184803107 0.0019739000162709817)
(0.03801563464947668 0.045209743184803107 0.0019739000162709817)
(0.039760664780475179 0.045209743184803107 0.0019739000162709817)
(0.041446011837061092 0.045209743184803107 0.0019739000162709817)
(0.043073717084487123 0.045209743184803107 0.0019739000162709817)
(0.044645751973173664 0.045209743184803107 0.0019739000162709817)
(0.046164020526497845 0.045209743184803093 0.0019739000162709817)
(0.047630361646916058 0.045209743184803114 0.0019739000162709817)
(0.049046551343212959 0.045209743184803107 0.0019739000162709817)
(0.050414304881574813 0.045209743184803114 0.0019739000162709817)
(0.051735278863092343 0.045209743184803107 0.0019739000162709817)
(0.053011073230209232 0.045209743184803107 0.0019739000162709813)
(0.054243233204546763 0.045209743184803107 0.0019739000162709817)
(0.055433251158451359 0.045209743184803107 0.0019739000162709817)
(0.056582568422532009 0.045209743184803107 0.0019739000162709817)
(0.057692577031376709 0.045209743184803114 0.0019739000162709817)
(0.058764621409562297 0.045209743184803107 0.0019739000162709813)
(0.059799999999999992 0.045209743184803107 0.0019739000162709817)
(0 0.04726458111933992 0.002063616178024801)
(0.0030452311483462062 0.04726458111933992 0.002063616178024801)
(0.0059863100794889804 0.047264581119339906 0.002063616178024801)
(0.0088267989809339507 0.047264581119339906 0.002063616178024801)
(0.011570138207160364 0.04726458111933992 0.002063616178024801)
(0.014219650446523147 0.04726458111933992 0.002063616178024801)
(0.016778544745639543 0.04726458111933992 0.002063616178024801)
(0.019249920396134816 0.04726458111933992 0.002063616178024801)
(0.021636770688454422 0.04726458111933992 0.0020636161780248014)
(0.023941986537289253 0.04726458111933992 0.002063616178024801)
(0.026168359983005023 0.04726458111933992 0.002063616178024801)
(0.028318587573316654 0.04726458111933992 0.002063616178024801)
(0.030395273629303523 0.04726458111933992 0.002063616178024801)
(0.032400933399721242 0.04726458111933992 0.002063616178024801)
(0.034337996107430546 0.04726458111933992 0.002063616178024801)
(0.036208807891632916 0.04726458111933992 0.002063616178024801)
(0.03801563464947668 0.04726458111933992 0.002063616178024801)
(0.039760664780475179 0.04726458111933992 0.002063616178024801)
(0.041446011837061099 0.04726458111933992 0.002063616178024801)
(0.043073717084487123 0.04726458111933992 0.002063616178024801)
(0.044645751973173657 0.04726458111933992 0.002063616178024801)
(0.046164020526497845 0.047264581119339906 0.002063616178024801)
(0.047630361646916058 0.047264581119339906 0.002063616178024801)
(0.049046551343212959 0.047264581119339906 0.002063616178024801)
(0.050414304881574827 0.04726458111933992 0.002063616178024801)
(0.05173527886309235 0.04726458111933992 0.0020636161780248014)
(0.053011073230209232 0.04726458111933992 0.002063616178024801)
(0.05424323320454677 0.047264581119339906 0.002063616178024801)
(0.055433251158451359 0.04726458111933992 0.002063616178024801)
(0.056582568422532016 0.047264581119339906 0.002063616178024801)
(0.057692577031376709 0.04726458111933992 0.002063616178024801)
(0.058764621409562311 0.04726458111933992 0.0020636161780248014)
(0.059799999999999992 0.04726458111933992 0.002063616178024801)
(0 0.049179994143369848 0.0021472449167204287)
(0.0030452311483462058 0.049179994143369848 0.0021472449167204283)
(0.0059863100794889821 0.049179994143369848 0.0021472449167204287)
(0.0088267989809339524 0.049179994143369848 0.0021472449167204287)
(0.011570138207160364 0.049179994143369848 0.0021472449167204287)
(0.014219650446523147 0.049179994143369848 0.0021472449167204287)
(0.016778544745639539 0.049179994143369848 0.0021472449167204287)
(0.019249920396134813 0.049179994143369855 0.0021472449167204291)
(0.021636770688454422 0.049179994143369855 0.0021472449167204291)
(0.023941986537289257 0.049179994143369848 0.0021472449167204287)
(0.026168359983005023 0.049179994143369848 0.0021472449167204287)
(0.028318587573316654 0.049179994143369848 0.0021472449167204291)
(0.030395273629303526 0.049179994143369848 0.0021472449167204287)
(0.032400933399721242 0.049179994143369848 0.0021472449167204287)
(0.034337996107430546 0.049179994143369848 0.0021472449167204287)
(0.036208807891632916 0.049179994143369848 0.0021472449167204287)
(0.03801563464947668 0.049179994143369848 0.0021472449167204287)
(0.039760664780475179 0.049179994143369848 0.0021472449167204287)
(0.041446011837061092 0.049179994143369848 0.0021472449167204287)
(0.043073717084487123 0.049179994143369848 0.0021472449167204287)
(0.044645751973173657 0.049179994143369848 0.0021472449167204287)
(0.046164020526497845 0.049179994143369848 0.0021472449167204287)
(0.047630361646916058 0.049179994143369855 0.0021472449167204287)
(0.049046551343212959 0.049179994143369848 0.0021472449167204287)
(0.050414304881574813 0.049179994143369848 0.0021472449167204287)
(0.05173527886309235 0.049179994143369848 0.0021472449167204287)
(0.053011073230209239 0.049179994143369855 0.0021472449167204287)
(0.054243233204546763 0.049179994143369848 0.0021472449167204287)
(0.055433251158451359 0.049179994143369848 0.0021472449167204283)
(0.056582568422532009 0.049179994143369848 0.0021472449167204287)
(0.057692577031376702 0.049179994143369848 0.0021472449167204283)
(0.058764621409562297 0.049179994143369848 0.0021472449167204287)
(0.059799999999999999 0.049179994143369848 0.0021472449167204287)
(0 0.050965442519107812 0.0022251992763263652)
(0.0030452311483462058 0.050965442519107812 0.0022251992763263652)
(0.0059863100794889821 0.050965442519107812 0.0022251992763263652)
(0.0088267989809339507 0.050965442519107812 0.0022251992763263652)
(0.011570138207160366 0.050965442519107819 0.0022251992763263656)
(0.014219650446523145 0.050965442519107812 0.0022251992763263652)
(0.016778544745639539 0.050965442519107812 0.0022251992763263652)
(0.019249920396134816 0.050965442519107812 0.0022251992763263652)
(0.021636770688454422 0.050965442519107812 0.0022251992763263652)
(0.023941986537289257 0.050965442519107812 0.0022251992763263652)
(0.026168359983005023 0.050965442519107812 0.0022251992763263652)
(0.028318587573316661 0.050965442519107812 0.0022251992763263656)
(0.030395273629303516 0.050965442519107812 0.0022251992763263652)
(0.032400933399721242 0.050965442519107812 0.0022251992763263652)
(0.034337996107430546 0.050965442519107812 0.0022251992763263652)
(0.036208807891632916 0.050965442519107819 0.0022251992763263652)
(0.03801563464947668 0.050965442519107812 0.0022251992763263652)
(0.039760664780475179 0.050965442519107812 0.0022251992763263652)
(0.041446011837061099 0.050965442519107819 0.0022251992763263656)
(0.043073717084487123 0.050965442519107812 0.0022251992763263652)
(0.044645751973173657 0.050965442519107812 0.0022251992763263652)
(0.046164020526497845 0.050965442519107812 0.0022251992763263656)
(0.047630361646916058 0.050965442519107812 0.0022251992763263652)
(0.049046551343212952 0.050965442519107812 0.0022251992763263652)
(0.050414304881574827 0.050965442519107812 0.0022251992763263656)
(0.05173527886309235 0.050965442519107812 0.0022251992763263652)
(0.053011073230209232 0.050965442519107812 0.0022251992763263652)
(0.05424323320454677 0.050965442519107812 0.0022251992763263648)
(0.055433251158451359 0.050965442519107812 0.0022251992763263652)
(0.056582568422532016 0.050965442519107812 0.0022251992763263648)
(0.057692577031376709 0.050965442519107812 0.0022251992763263648)
(0.058764621409562311 0.050965442519107812 0.0022251992763263656)
(0.059799999999999999 0.050965442519107812 0.0022251992763263652)
(0 0.052629744610840662 0.0022978642749423178)
(0.0030452311483462058 0.052629744610840662 0.0022978642749423178)
(0.0059863100794889821 0.052629744610840662 0.0022978642749423178)
(0.0088267989809339507 0.052629744610840662 0.0022978642749423178)
(0.011570138207160364 0.052629744610840662 0.0022978642749423178)
(0.014219650446523147 0.052629744610840662 0.0022978642749423178)
(0.016778544745639539 0.052629744610840662 0.0022978642749423178)
(0.019249920396134813 0.052629744610840662 0.0022978642749423178)
(0.021636770688454422 0.052629744610840662 0.0022978642749423178)
(0.023941986537289257 0.052629744610840655 0.0022978642749423178)
(0.026168359983005023 0.052629744610840662 0.0022978642749423178)
(0.028318587573316654 0.052629744610840662 0.0022978642749423178)
(0.030395273629303516 0.052629744610840662 0.0022978642749423178)
(0.032400933399721242 0.052629744610840662 0.0022978642749423178)
(0.034337996107430546 0.052629744610840662 0.0022978642749423178)
(0.036208807891632923 0.052629744610840669 0.0022978642749423178)
(0.03801563464947668 0.052629744610840662 0.0022978642749423178)
(0.039760664780475179 0.052629744610840662 0.0022978642749423178)
(0.041446011837061092 0.052629744610840662 0.0022978642749423178)
(0.043073717084487123 0.052629744610840662 0.0022978642749423178)
(0.044645751973173657 0.052629744610840662 0.0022978642749423178)
(0.046164020526497845 0.052629744610840662 0.0022978642749423178)
(0.047630361646916058 0.052629744610840655 0.0022978642749423178)
(0.049046551343212952 0.052629744610840662 0.0022978642749423178)
(0.050414304881574813 0.052629744610840662 0.0022978642749423178)
(0.05173527886309235 0.052629744610840662 0.0022978642749423178)
(0.053011073230209232 0.052629744610840662 0.0022978642749423178)
(0.05424323320454677 0.052629744610840662 0.0022978642749423178)
(0.055433251158451359 0.052629744610840662 0.0022978642749423178)
(0.056582568422532016 0.052629744610840662 0.0022978642749423178)
(0.057692577031376709 0.052629744610840662 0.0022978642749423178)
(0.058764621409562311 0.052629744610840662 0.0022978642749423182)
(0.059799999999999999 0.052629744610840662 0.0022978642749423178)
(0 0.054181120439000037 0.0023655988064110911)
(0.0030452311483462062 0.05418112043900003 0.0023655988064110911)
(0.0059863100794889821 0.054181120439000037 0.0023655988064110911)
(0.0088267989809339507 0.05418112043900003 0.0023655988064110911)
(0.011570138207160364 0.054181120439000037 0.0023655988064110911)
(0.014219650446523147 0.054181120439000037 0.0023655988064110911)
(0.016778544745639539 0.054181120439000037 0.0023655988064110911)
(0.019249920396134816 0.05418112043900003 0.0023655988064110911)
(0.021636770688454422 0.054181120439000037 0.0023655988064110911)
(0.023941986537289257 0.054181120439000037 0.0023655988064110911)
(0.026168359983005023 0.05418112043900003 0.0023655988064110911)
(0.02831858757331665 0.054181120439000037 0.0023655988064110911)
(0.030395273629303523 0.05418112043900003 0.0023655988064110911)
(0.032400933399721242 0.054181120439000037 0.0023655988064110911)
(0.034337996107430546 0.054181120439000037 0.0023655988064110911)
(0.036208807891632916 0.054181120439000037 0.0023655988064110911)
(0.038015634649476673 0.05418112043900003 0.0023655988064110911)
(0.039760664780475179 0.054181120439000037 0.0023655988064110911)
(0.041446011837061092 0.054181120439000037 0.0023655988064110911)
(0.043073717084487123 0.05418112043900003 0.0023655988064110911)
(0.044645751973173657 0.054181120439000037 0.0023655988064110911)
(0.046164020526497845 0.05418112043900003 0.0023655988064110911)
(0.047630361646916058 0.054181120439000037 0.0023655988064110911)
(0.049046551343212959 0.054181120439000051 0.0023655988064110911)
(0.050414304881574813 0.054181120439000037 0.0023655988064110911)
(0.05173527886309235 0.05418112043900003 0.0023655988064110911)
(0.053011073230209232 0.05418112043900003 0.0023655988064110911)
(0.054243233204546749 0.054181120439000037 0.0023655988064110911)
(0.055433251158451359 0.05418112043900003 0.0023655988064110911)
(0.056582568422532016 0.054181120439000037 0.0023655988064110907)
(0.057692577031376702 0.054181120439000037 0.0023655988064110911)
(0.058764621409562297 0.05418112043900003 0.0023655988064110911)
(0.059799999999999999 0.054181120439000037 0.0023655988064110911)
(0 0.055627232279003382 0.0024287374129022639)
(0.0030452311483462058 0.055627232279003382 0.0024287374129022643)
(0.0059863100794889821 0.055627232279003382 0.0024287374129022639)
(0.0088267989809339507 0.055627232279003382 0.0024287374129022639)
(0.011570138207160366 0.055627232279003382 0.0024287374129022639)
(0.014219650446523147 0.055627232279003382 0.0024287374129022643)
(0.016778544745639539 0.055627232279003382 0.0024287374129022643)
(0.01924992039613482 0.055627232279003382 0.0024287374129022639)
(0.021636770688454422 0.055627232279003402 0.0024287374129022643)
(0.023941986537289257 0.055627232279003382 0.0024287374129022639)
(0.026168359983005016 0.055627232279003395 0.0024287374129022639)
(0.028318587573316661 0.055627232279003402 0.0024287374129022643)
(0.030395273629303526 0.055627232279003382 0.0024287374129022639)
(0.032400933399721242 0.055627232279003395 0.0024287374129022639)
(0.034337996107430546 0.055627232279003382 0.0024287374129022639)
(0.036208807891632916 0.055627232279003395 0.0024287374129022639)
(0.03801563464947668 0.055627232279003395 0.0024287374129022639)
(0.039760664780475179 0.055627232279003395 0.0024287374129022639)
(0.041446011837061099 0.055627232279003395 0.0024287374129022643)
(0.043073717084487123 0.055627232279003382 0.0024287374129022639)
(0.044645751973173657 0.055627232279003382 0.0024287374129022639)
(0.046164020526497845 0.055627232279003382 0.0024287374129022634)
(0.047630361646916058 0.055627232279003382 0.0024287374129022643)
(0.049046551343212952 0.055627232279003382 0.0024287374129022634)
(0.050414304881574813 0.055627232279003395 0.0024287374129022643)
(0.05173527886309235 0.055627232279003395 0.0024287374129022643)
(0.053011073230209232 0.055627232279003382 0.0024287374129022634)
(0.054243233204546763 0.055627232279003382 0.0024287374129022639)
(0.055433251158451359 0.055627232279003382 0.0024287374129022643)
(0.056582568422532016 0.055627232279003395 0.0024287374129022639)
(0.057692577031376709 0.055627232279003395 0.0024287374129022639)
(0.058764621409562311 0.055627232279003395 0.0024287374129022634)
(0.059799999999999992 0.055627232279003382 0.0024287374129022639)
(0 0.056975222505381361 0.0024875919372224775)
(0.0030452311483462058 0.056975222505381361 0.0024875919372224775)
(0.0059863100794889821 0.056975222505381368 0.0024875919372224775)
(0.0088267989809339507 0.056975222505381361 0.0024875919372224775)
(0.011570138207160364 0.056975222505381361 0.0024875919372224775)
(0.014219650446523147 0.056975222505381347 0.0024875919372224775)
(0.016778544745639539 0.056975222505381361 0.0024875919372224775)
(0.019249920396134816 0.056975222505381361 0.0024875919372224775)
(0.021636770688454422 0.056975222505381368 0.0024875919372224775)
(0.023941986537289257 0.056975222505381361 0.0024875919372224775)
(0.026168359983005023 0.056975222505381361 0.0024875919372224775)
(0.028318587573316654 0.056975222505381368 0.0024875919372224775)
(0.030395273629303523 0.056975222505381361 0.0024875919372224775)
(0.032400933399721242 0.056975222505381361 0.0024875919372224775)
(0.034337996107430546 0.056975222505381361 0.0024875919372224775)
(0.036208807891632916 0.056975222505381361 0.0024875919372224775)
(0.03801563464947668 0.056975222505381361 0.0024875919372224775)
(0.039760664780475172 0.056975222505381361 0.0024875919372224775)
(0.041446011837061092 0.056975222505381361 0.0024875919372224775)
(0.043073717084487123 0.056975222505381361 0.0024875919372224775)
(0.044645751973173657 0.056975222505381368 0.0024875919372224775)
(0.046164020526497845 0.056975222505381368 0.0024875919372224775)
(0.047630361646916058 0.056975222505381361 0.0024875919372224775)
(0.049046551343212952 0.056975222505381361 0.0024875919372224775)
(0.050414304881574813 0.056975222505381361 0.0024875919372224771)
(0.05173527886309235 0.056975222505381361 0.0024875919372224775)
(0.053011073230209232 0.056975222505381361 0.0024875919372224775)
(0.054243233204546763 0.056975222505381368 0.0024875919372224775)
(0.055433251158451359 0.056975222505381361 0.0024875919372224775)
(0.056582568422532016 0.056975222505381361 0.0024875919372224775)
(0.057692577031376709 0.056975222505381361 0.0024875919372224775)
(0.058764621409562311 0.056975222505381368 0.0024875919372224775)
(0.059799999999999999 0.056975222505381361 0.0024875919372224775)
(0 0.058231748868104664 0.0025424530630131273)
(0.0030452311483462058 0.058231748868104664 0.0025424530630131273)
(0.0059863100794889821 0.058231748868104671 0.0025424530630131273)
(0.0088267989809339507 0.058231748868104671 0.0025424530630131273)
(0.011570138207160364 0.058231748868104671 0.0025424530630131273)
(0.014219650446523147 0.058231748868104671 0.0025424530630131273)
(0.016778544745639539 0.058231748868104651 0.0025424530630131273)
(0.019249920396134813 0.058231748868104664 0.0025424530630131273)
(0.021636770688454428 0.058231748868104671 0.0025424530630131278)
(0.023941986537289257 0.058231748868104671 0.0025424530630131273)
(0.026168359983005023 0.058231748868104664 0.0025424530630131273)
(0.02831858757331665 0.058231748868104664 0.0025424530630131273)
(0.030395273629303523 0.058231748868104671 0.0025424530630131273)
(0.032400933399721242 0.058231748868104664 0.0025424530630131273)
(0.034337996107430546 0.058231748868104671 0.0025424530630131273)
(0.036208807891632916 0.058231748868104664 0.0025424530630131278)
(0.03801563464947668 0.058231748868104671 0.0025424530630131273)
(0.039760664780475179 0.058231748868104651 0.0025424530630131273)
(0.041446011837061092 0.058231748868104671 0.0025424530630131273)
(0.043073717084487123 0.058231748868104671 0.0025424530630131273)
(0.044645751973173657 0.058231748868104671 0.0025424530630131273)
(0.046164020526497845 0.058231748868104664 0.0025424530630131273)
(0.047630361646916058 0.058231748868104671 0.0025424530630131273)
(0.049046551343212959 0.058231748868104664 0.0025424530630131273)
(0.050414304881574813 0.058231748868104664 0.0025424530630131273)
(0.05173527886309235 0.058231748868104671 0.0025424530630131273)
(0.053011073230209232 0.058231748868104664 0.0025424530630131278)
(0.054243233204546763 0.058231748868104664 0.0025424530630131269)
(0.055433251158451359 0.058231748868104664 0.0025424530630131273)
(0.056582568422532016 0.058231748868104664 0.0025424530630131273)
(0.057692577031376709 0.058231748868104664 0.0025424530630131273)
(0.058764621409562311 0.058231748868104664 0.0025424530630131273)
(0.059799999999999999 0.058231748868104664 0.0025424530630131273)
(0 0.059403017375340844 0.002593591750442529)
(0.0030452311483462058 0.059403017375340844 0.002593591750442529)
(0.0059863100794889804 0.059403017375340844 0.002593591750442529)
(0.0088267989809339489 0.059403017375340837 0.002593591750442529)
(0.011570138207160364 0.059403017375340844 0.002593591750442529)
(0.014219650446523147 0.059403017375340844 0.002593591750442529)
(0.016778544745639539 0.059403017375340844 0.002593591750442529)
(0.019249920396134816 0.059403017375340837 0.002593591750442529)
(0.021636770688454422 0.059403017375340844 0.0025935917504425294)
(0.023941986537289257 0.059403017375340844 0.002593591750442529)
(0.026168359983005023 0.059403017375340844 0.002593591750442529)
(0.028318587573316654 0.059403017375340837 0.002593591750442529)
(0.030395273629303523 0.059403017375340844 0.002593591750442529)
(0.032400933399721242 0.059403017375340844 0.0025935917504425286)
(0.034337996107430546 0.059403017375340837 0.002593591750442529)
(0.036208807891632916 0.059403017375340844 0.002593591750442529)
(0.03801563464947668 0.059403017375340844 0.002593591750442529)
(0.039760664780475179 0.059403017375340844 0.002593591750442529)
(0.041446011837061092 0.059403017375340844 0.002593591750442529)
(0.043073717084487123 0.059403017375340837 0.002593591750442529)
(0.044645751973173664 0.059403017375340844 0.002593591750442529)
(0.046164020526497845 0.059403017375340844 0.002593591750442529)
(0.047630361646916058 0.059403017375340844 0.002593591750442529)
(0.049046551343212952 0.059403017375340844 0.002593591750442529)
(0.050414304881574813 0.059403017375340844 0.0025935917504425294)
(0.05173527886309235 0.059403017375340844 0.002593591750442529)
(0.053011073230209232 0.059403017375340844 0.0025935917504425294)
(0.054243233204546763 0.059403017375340844 0.002593591750442529)
(0.055433251158451359 0.059403017375340837 0.002593591750442529)
(0.056582568422532016 0.059403017375340844 0.002593591750442529)
(0.057692577031376709 0.059403017375340844 0.002593591750442529)
(0.058764621409562311 0.059403017375340837 0.0025935917504425286)
(0.059799999999999999 0.059403017375340844 0.002593591750442529)
(0 0.06049481294504936 0.0026412605744834641)
(0.0030452311483462058 0.06049481294504936 0.0026412605744834637)
(0.0059863100794889821 0.06049481294504936 0.0026412605744834641)
(0.0088267989809339507 0.06049481294504936 0.0026412605744834637)
(0.011570138207160366 0.06049481294504936 0.0026412605744834641)
(0.014219650446523147 0.06049481294504936 0.0026412605744834641)
(0.016778544745639539 0.06049481294504936 0.0026412605744834637)
(0.019249920396134813 0.06049481294504936 0.0026412605744834641)
(0.021636770688454422 0.06049481294504936 0.0026412605744834641)
(0.023941986537289257 0.06049481294504936 0.0026412605744834641)
(0.026168359983005023 0.06049481294504936 0.0026412605744834637)
(0.028318587573316654 0.060494812945049374 0.0026412605744834641)
(0.030395273629303523 0.060494812945049374 0.0026412605744834641)
(0.032400933399721242 0.060494812945049374 0.0026412605744834641)
(0.034337996107430546 0.06049481294504936 0.0026412605744834637)
(0.036208807891632916 0.060494812945049374 0.0026412605744834641)
(0.03801563464947668 0.06049481294504936 0.0026412605744834641)
(0.039760664780475179 0.06049481294504936 0.0026412605744834641)
(0.041446011837061092 0.06049481294504936 0.0026412605744834637)
(0.043073717084487123 0.06049481294504936 0.0026412605744834641)
(0.044645751973173657 0.06049481294504936 0.0026412605744834637)
(0.046164020526497845 0.060494812945049374 0.0026412605744834641)
(0.047630361646916058 0.060494812945049374 0.0026412605744834637)
(0.049046551343212952 0.06049481294504936 0.0026412605744834637)
(0.050414304881574813 0.06049481294504936 0.0026412605744834641)
(0.05173527886309235 0.060494812945049381 0.0026412605744834641)
(0.053011073230209232 0.06049481294504936 0.0026412605744834641)
(0.05424323320454677 0.060494812945049374 0.0026412605744834641)
(0.055433251158451359 0.06049481294504936 0.0026412605744834641)
(0.056582568422532009 0.06049481294504936 0.0026412605744834637)
(0.057692577031376709 0.060494812945049374 0.0026412605744834641)
(0.058764621409562297 0.060494812945049374 0.0026412605744834641)
(0.059799999999999999 0.06049481294504936 0.0026412605744834641)
(0 0.061512527976804059 0.0026856949723858847)
(0.0030452311483462058 0.061512527976804059 0.0026856949723858847)
(0.0059863100794889821 0.061512527976804059 0.0026856949723858847)
(0.0088267989809339507 0.061512527976804045 0.0026856949723858847)
(0.011570138207160366 0.061512527976804066 0.0026856949723858847)
(0.014219650446523147 0.061512527976804059 0.0026856949723858855)
(0.016778544745639539 0.061512527976804066 0.0026856949723858847)
(0.019249920396134816 0.061512527976804066 0.0026856949723858847)
(0.021636770688454422 0.061512527976804066 0.0026856949723858847)
(0.023941986537289257 0.061512527976804059 0.0026856949723858847)
(0.026168359983005023 0.061512527976804066 0.0026856949723858847)
(0.02831858757331665 0.061512527976804066 0.0026856949723858855)
(0.030395273629303523 0.061512527976804066 0.0026856949723858847)
(0.032400933399721242 0.061512527976804059 0.0026856949723858855)
(0.034337996107430546 0.061512527976804045 0.0026856949723858847)
(0.036208807891632916 0.061512527976804059 0.0026856949723858847)
(0.03801563464947668 0.061512527976804066 0.0026856949723858855)
(0.039760664780475179 0.061512527976804059 0.0026856949723858855)
(0.041446011837061092 0.061512527976804059 0.0026856949723858847)
(0.043073717084487123 0.061512527976804066 0.0026856949723858847)
(0.044645751973173664 0.061512527976804059 0.0026856949723858855)
(0.046164020526497845 0.061512527976804059 0.0026856949723858847)
(0.047630361646916058 0.061512527976804059 0.0026856949723858847)
(0.049046551343212952 0.061512527976804059 0.0026856949723858847)
(0.050414304881574813 0.061512527976804059 0.0026856949723858847)
(0.05173527886309235 0.061512527976804059 0.0026856949723858847)
(0.053011073230209232 0.061512527976804059 0.0026856949723858855)
(0.054243233204546763 0.061512527976804066 0.0026856949723858855)
(0.055433251158451359 0.061512527976804059 0.0026856949723858855)
(0.056582568422532016 0.061512527976804059 0.0026856949723858847)
(0.057692577031376709 0.061512527976804059 0.0026856949723858855)
(0.058764621409562311 0.061512527976804045 0.0026856949723858855)
(0.059799999999999999 0.061512527976804059 0.0026856949723858847)
(0 0.062461188984959622 0.0027271144065060802)
(0.0030452311483462058 0.062461188984959622 0.0027271144065060811)
(0.0059863100794889821 0.062461188984959636 0.0027271144065060811)
(0.0088267989809339507 0.062461188984959615 0.0027271144065060802)
(0.011570138207160364 0.062461188984959636 0.0027271144065060811)
(0.014219650446523147 0.062461188984959622 0.0027271144065060802)
(0.016778544745639543 0.062461188984959622 0.0027271144065060802)
(0.019249920396134816 0.062461188984959622 0.0027271144065060815)
(0.021636770688454422 0.062461188984959622 0.0027271144065060811)
(0.023941986537289257 0.062461188984959636 0.0027271144065060811)
(0.026168359983005023 0.062461188984959622 0.0027271144065060811)
(0.028318587573316654 0.062461188984959615 0.0027271144065060811)
(0.030395273629303523 0.062461188984959615 0.0027271144065060802)
(0.032400933399721242 0.062461188984959615 0.0027271144065060802)
(0.034337996107430546 0.062461188984959622 0.0027271144065060811)
(0.036208807891632916 0.062461188984959615 0.0027271144065060802)
(0.03801563464947668 0.062461188984959622 0.0027271144065060811)
(0.039760664780475179 0.062461188984959622 0.0027271144065060811)
(0.041446011837061092 0.062461188984959615 0.0027271144065060811)
(0.043073717084487123 0.062461188984959615 0.0027271144065060811)
(0.044645751973173664 0.062461188984959622 0.0027271144065060811)
(0.046164020526497845 0.062461188984959615 0.0027271144065060811)
(0.047630361646916058 0.062461188984959615 0.0027271144065060811)
(0.049046551343212959 0.062461188984959636 0.0027271144065060811)
(0.050414304881574813 0.062461188984959636 0.0027271144065060811)
(0.05173527886309235 0.062461188984959615 0.0027271144065060811)
(0.053011073230209232 0.062461188984959622 0.0027271144065060811)
(0.05424323320454677 0.062461188984959636 0.0027271144065060802)
(0.055433251158451359 0.062461188984959622 0.0027271144065060811)
(0.056582568422532016 0.062461188984959622 0.0027271144065060811)
(0.057692577031376709 0.062461188984959622 0.0027271144065060811)
(0.058764621409562297 0.062461188984959622 0.0027271144065060811)
(0.059799999999999999 0.062461188984959622 0.0027271144065060802)
(0 0.063345481424703837 0.0027657234482355224)
(0.0030452311483462058 0.063345481424703823 0.0027657234482355224)
(0.0059863100794889821 0.063345481424703837 0.0027657234482355228)
(0.0088267989809339507 0.063345481424703823 0.0027657234482355228)
(0.011570138207160366 0.063345481424703837 0.0027657234482355228)
(0.014219650446523147 0.063345481424703823 0.0027657234482355224)
(0.016778544745639539 0.063345481424703837 0.0027657234482355224)
(0.01924992039613482 0.063345481424703837 0.0027657234482355224)
(0.021636770688454422 0.063345481424703837 0.0027657234482355228)
(0.023941986537289257 0.063345481424703837 0.0027657234482355224)
(0.026168359983005023 0.063345481424703823 0.0027657234482355224)
(0.028318587573316661 0.063345481424703851 0.0027657234482355228)
(0.030395273629303523 0.063345481424703837 0.0027657234482355224)
(0.032400933399721242 0.063345481424703837 0.0027657234482355228)
(0.034337996107430546 0.063345481424703823 0.0027657234482355228)
(0.036208807891632916 0.063345481424703851 0.0027657234482355224)
(0.03801563464947668 0.063345481424703837 0.0027657234482355228)
(0.039760664780475186 0.063345481424703837 0.0027657234482355228)
(0.041446011837061092 0.063345481424703837 0.0027657234482355228)
(0.043073717084487123 0.063345481424703823 0.0027657234482355224)
(0.044645751973173657 0.063345481424703823 0.0027657234482355224)
(0.046164020526497845 0.063345481424703837 0.0027657234482355228)
(0.047630361646916058 0.063345481424703823 0.0027657234482355224)
(0.049046551343212959 0.063345481424703837 0.0027657234482355224)
(0.050414304881574813 0.063345481424703837 0.0027657234482355224)
(0.05173527886309235 0.063345481424703837 0.0027657234482355228)
(0.053011073230209232 0.063345481424703837 0.0027657234482355224)
(0.054243233204546763 0.063345481424703837 0.0027657234482355224)
(0.055433251158451359 0.063345481424703837 0.0027657234482355228)
(0.056582568422532016 0.063345481424703837 0.0027657234482355224)
(0.057692577031376702 0.063345481424703823 0.0027657234482355228)
(0.058764621409562297 0.063345481424703837 0.0027657234482355224)
(0.059799999999999999 0.063345481424703837 0.0027657234482355224)
(0 0.064169772833611999 0.0028017127883829527)
(0.0030452311483462058 0.064169772833611999 0.0028017127883829527)
(0.0059863100794889821 0.064169772833611999 0.0028017127883829536)
(0.0088267989809339507 0.064169772833611985 0.0028017127883829527)
(0.011570138207160366 0.064169772833612013 0.0028017127883829527)
(0.014219650446523147 0.064169772833612013 0.0028017127883829527)
(0.016778544745639539 0.064169772833611999 0.0028017127883829527)
(0.019249920396134816 0.064169772833611999 0.0028017127883829527)
(0.021636770688454422 0.064169772833612013 0.0028017127883829536)
(0.023941986537289257 0.064169772833611999 0.0028017127883829536)
(0.026168359983005023 0.064169772833611999 0.0028017127883829536)
(0.028318587573316654 0.064169772833611999 0.0028017127883829536)
(0.030395273629303526 0.064169772833612013 0.0028017127883829527)
(0.032400933399721249 0.064169772833611999 0.0028017127883829536)
(0.034337996107430546 0.064169772833612013 0.0028017127883829536)
(0.036208807891632916 0.064169772833612013 0.0028017127883829536)
(0.038015634649476687 0.064169772833611999 0.0028017127883829536)
(0.039760664780475179 0.064169772833611999 0.0028017127883829527)
(0.041446011837061092 0.064169772833611999 0.0028017127883829527)
(0.043073717084487123 0.064169772833611999 0.0028017127883829536)
(0.044645751973173664 0.064169772833611999 0.0028017127883829527)
(0.046164020526497845 0.064169772833611999 0.0028017127883829527)
(0.047630361646916058 0.064169772833611999 0.0028017127883829536)
(0.049046551343212952 0.064169772833611999 0.0028017127883829536)
(0.050414304881574813 0.064169772833612013 0.0028017127883829527)
(0.05173527886309235 0.064169772833612013 0.0028017127883829536)
(0.053011073230209232 0.064169772833611999 0.0028017127883829536)
(0.054243233204546763 0.064169772833611999 0.0028017127883829536)
(0.055433251158451359 0.064169772833612013 0.0028017127883829536)
(0.056582568422532009 0.064169772833611999 0.0028017127883829536)
(0.057692577031376702 0.064169772833611999 0.0028017127883829536)
(0.058764621409562311 0.064169772833612013 0.0028017127883829536)
(0.059799999999999999 0.064169772833611999 0.0028017127883829527)
(0 0.064938134403000003 0.0028352601790000002)
(0.0030452311483462058 0.064938134403000003 0.0028352601789999998)
(0.0059863100794889821 0.064938134403000003 0.0028352601790000002)
(0.0088267989809339507 0.064938134403000003 0.0028352601790000002)
(0.011570138207160364 0.064938134403000003 0.0028352601790000002)
(0.014219650446523147 0.064938134403000003 0.0028352601790000002)
(0.016778544745639539 0.064938134403000003 0.0028352601790000002)
(0.019249920396134816 0.064938134403000003 0.0028352601790000002)
(0.021636770688454422 0.064938134403000003 0.0028352601790000002)
(0.023941986537289257 0.064938134403000003 0.0028352601790000002)
(0.026168359983005023 0.064938134403000003 0.0028352601790000002)
(0.028318587573316654 0.064938134403000003 0.0028352601790000002)
(0.030395273629303523 0.064938134403000003 0.0028352601790000002)
(0.032400933399721242 0.064938134402999989 0.0028352601790000002)
(0.034337996107430546 0.064938134403000003 0.0028352601790000002)
(0.036208807891632916 0.064938134403000003 0.0028352601789999998)
(0.03801563464947668 0.064938134403000003 0.0028352601789999998)
(0.039760664780475179 0.064938134403000003 0.0028352601790000002)
(0.041446011837061092 0.064938134403000003 0.0028352601790000002)
(0.043073717084487123 0.064938134402999989 0.0028352601790000002)
(0.044645751973173657 0.064938134403000017 0.0028352601790000002)
(0.046164020526497845 0.064938134403000003 0.0028352601790000002)
(0.047630361646916058 0.064938134403000003 0.0028352601789999998)
(0.049046551343212959 0.064938134403000003 0.0028352601789999998)
(0.050414304881574813 0.064938134403000003 0.0028352601790000002)
(0.05173527886309235 0.064938134403000003 0.0028352601790000002)
(0.053011073230209232 0.064938134403000003 0.0028352601789999998)
(0.054243233204546763 0.064938134403000003 0.0028352601790000002)
(0.055433251158451359 0.064938134403000003 0.0028352601789999998)
(0.056582568422532016 0.064938134403000003 0.0028352601790000002)
(0.057692577031376709 0.064938134403000003 0.0028352601790000002)
(0.058764621409562311 0.064938134403000003 0.0028352601790000002)
(0.059799999999999999 0.064938134403000003 0.0028352601790000002)
(0.060801577206119554 0 0)
(0.061803154412239131 0 0)
(0.0628047316183587 0 0)
(0.063806308824478256 0 0)
(0.064807886030597825 0 0)
(0.065809463236717394 0 0)
(0.066811040442836964 0 0)
(0.067812617648956519 0 0)
(0.068814194855076088 0 0)
(0.069815772061195658 0 0)
(0.070817349267315213 0 0)
(0.071818926473434783 0 0)
(0.072820503679554352 0 0)
(0.073822080885673921 0 0)
(0.074823658091793477 0 0)
(0.075825235297913046 0 0)
(0.076826812504032616 0 0)
(0.077828389710152185 0 0)
(0.07882996691627174 0 0)
(0.07983154412239131 0 0)
(0.080833121328510865 0 0)
(0.081834698534630435 0 0)
(0.082836275740750004 0 0)
(0.083837852946869573 0 0)
(0.084839430152989129 0 0)
(0.085841007359108698 0 0)
(0.086842584565228267 0 0)
(0.087844161771347837 0 0)
(0.088845738977467392 0 0)
(0.089847316183586948 0 0)
(0.090848893389706531 0 0)
(0.091850470595826086 0 0)
(0.092852047801945656 0 0)
(0.093853625008065211 0 0)
(0.094855202214184794 0 0)
(0.09585677942030435 0 0)
(0.096858356626423933 0 0)
(0.097859933832543475 0 0)
(0.098861511038663072 0 0)
(0.099863088244782613 0 0)
(0.10086466545090217 0 0)
(0.10186624265702175 0 0)
(0.10286781986314131 0 0)
(0.10386939706926086 0 0)
(0.10487097427538043 0 0)
(0.10587255148150003 0 0)
(0.10687412868761959 0 0)
(0.10787570589373914 0 0)
(0.10887728309985871 0 0)
(0.10987886030597827 0 0)
(0.11088043751209785 0 0)
(0.11188201471821739 0 0)
(0.11288359192433696 0 0)
(0.11388516913045654 0 0)
(0.1148867463365761 0 0)
(0.11588832354269567 0 0)
(0.11688990074881522 0 0)
(0.11789147795493481 0 0)
(0.11889305516105435 0 0)
(0.11989463236717392 0 0)
(0.12089620957329346 0 0)
(0.12189778677941306 0 0)
(0.12289936398553263 0 0)
(0.12390094119165218 0 0)
(0.12490251839777176 0 0)
(0.12590409560389132 0 0)
(0.12690567281001089 0 0)
(0.12790725001613043 0 0)
(0.12890882722225003 0 0)
(0.12991040442836957 0 0)
(0.13091198163448914 0 0)
(0.13191355884060871 0 0)
(0.13291513604672828 0 0)
(0.13391671325284785 0 0)
(0.13491829045896742 0 0)
(0.13591986766508699 0 0)
(0.13692144487120653 0 0)
(0.1379230220773261 0 0)
(0.13892459928344567 0 0)
(0.13992617648956526 0 0)
(0.14092775369568478 0 0)
(0.14192933090180435 0 0)
(0.14293090810792394 0 0)
(0.14393248531404346 0 0)
(0.14493406252016305 0 0)
(0.14593563972628265 0 0)
(0.14693721693240216 0 0)
(0.14793879413852176 0 0)
(0.14894037134464133 0 0)
(0.1499419485507609 0 0)
(0.15094352575688044 0 0)
(0.15194510296300001 0 0)
(0.060806932868508273 0.005117286255150782 -0.00022342554303766897)
(0.061802131341336948 0.0050946324282138671 -0.00022243645557830748)
(0.06281544601814909 0.0050626355370493748 -0.00022103944112320201)
(0.063835697719644757 0.0050209290547146325 -0.00021921849676997132)
(0.064831038969621599 0.0049828767773842497 -0.00021755709846558828)
(0.065818608281503876 0.0049442892441344333 -0.00021587233039023032)
(0.066811854380336697 0.0048996531054923001 -0.00021392347450351328)
(0.067819474553048473 0.0048457154913010983 -0.00021156850742349545)
(0.068839981271181766 0.0047853613058490502 -0.00020893338678732847)
(0.069826485074137051 0.0047465441924459872 -0.00020723859501906386)
(0.070819819656055299 0.0047035797122079006 -0.00020536272530417688)
(0.07181862606585375 0.0046572929640994925 -0.00020334180224128101)
(0.072821545352449557 0.004608509047085472 -0.00020121185042899008)
(0.073827218564759947 0.0045580530601305449 -0.0001990088944659177)
(0.074834286751702117 0.0045067501021994168 -0.00019676895895067762)
(0.075841390962193195 0.0044554252722567916 -0.00019452806848188343)
(0.076847172245150461 0.0044049036692673793 -0.00019232224765814888)
(0.077850271649491085 0.0043560103921958821 -0.00019018752107808769)
(0.078851098075332346 0.0043084971737805799 -0.00018811304915839196)
(0.079851892645931483 0.0042610032965508795 -0.00018603942169091093)
(0.080852687216529343 0.0042135094193208175 -0.00018396579422179593)
(0.081853481787126259 0.0041660155420906913 -0.00018189216675163684)
(0.082854276357722439 0.0041185216648607931 -0.00017981853928102353)
(0.083855070928318259 0.0040710277876314215 -0.00017774491181054601)
(0.084855865498913996 0.0040235339104028687 -0.00017567128434079415)
(0.085856660069509913 0.0039760400331754304 -0.00017359765687235794)
(0.086857454640106371 0.0039285461559494007 -0.00017152402940582721)
(0.087858249210705522 0.0038810522787238099 -0.00016945040194154583)
(0.088859043781305783 0.0038335584014995349 -0.00016737677447894444)
(0.089859838351905599 0.0037860645242770645 -0.00016530314701770302)
(0.090860632922505236 0.0037385706470558109 -0.00016322951955752654)
(0.091861427493105011 0.003691076769835184 -0.00016115589209812008)
(0.092862222063705258 0.0036435828926145932 -0.00015908226463918869)
(0.093863016634306198 0.0035960890153934485 -0.00015700863718043741)
(0.094863811204908222 0.0035485951381711615 -0.00015493500972157127)
(0.095864605775511522 0.0035011012609471397 -0.00015286138226229524)
(0.096865400346113573 0.0034536073837226067 -0.00015078775480243189)
(0.097866194916710891 0.0034061135065004372 -0.00014871412734254394)
(0.098866989487310139 0.0033586196292768218 -0.00014664049988265604)
(0.099867784057910802 0.0033111257520520554 -0.00014456687242276811)
(0.10086857862851226 0.003263631874826433 -0.00014249324496288021)
(0.10186937319911395 0.0032161379976002481 -0.00014041961750299226)
(0.10287016776971522 0.0031686441203737986 -0.00013834599004310431)
(0.10387096234031555 0.0031211502431473773 -0.00013627236258321641)
(0.1048717569109143 0.0030736563659212795 -0.00013419873512332851)
(0.10587255148151094 0.0030261624886958006 -0.00013212510766344055)
(0.10687334605211157 0.0029786686114669642 -0.00013005148020379592)
(0.1078741406227107 0.002931174734238129 -0.00012797785274476996)
(0.1088749351933086 0.0028836808570092934 -0.00012590422528606761)
(0.10987572976390554 0.0028361869797804578 -0.00012383059782739399)
(0.11087652433450183 0.0027886931025516222 -0.00012175697036845415)
(0.11187731890509779 0.0027411992253227871 -0.00011968334290895313)
(0.11287811347569369 0.0026937053480939515 -0.00011760971544859588)
(0.11387890804628983 0.0026462114708651159 -0.00011553608798708753)
(0.11487970261688651 0.0025987175936362811 -0.00011346246052413309)
(0.11588049718748365 0.0025512237164075158 -0.00011138883305926411)
(0.11688129175808076 0.0025037298391787795 -0.00010931520559211586)
(0.1178820863286779 0.0024562359619500441 -0.00010724157812323441)
(0.11888288089927501 0.0024087420847213087 -0.00010516795065320969)
(0.11988367546987215 0.0023612482074925733 -0.00010309432318263155)
(0.12088447004046926 0.0023137543302638374 -0.00010102069571208994)
(0.12188526461106637 0.0022662604530351016 -9.894706824217481e-05)
(0.12288605918166352 0.0022187665758063649 -9.6873440773475979e-05)
(0.12388685375226062 0.0021712726985776295 -9.4799813306583496e-05)
(0.1248876483228577 0.0021237788213488524 -9.2726185841995743e-05)
(0.12588844289345436 0.0020762849441200173 -9.0652558379236442e-05)
(0.12688923746405043 0.0020287910668911817 -8.8578930917886686e-05)
(0.12789003203464627 0.0019812971896623461 -8.6505303457651517e-05)
(0.12889082660524226 0.0019338033124335103 -8.4431675998235963e-05)
(0.12989162117583866 0.0018863094352046749 -8.2358048539345096e-05)
(0.13089241574643568 0.0018388155579758397 -8.0284421080683931e-05)
(0.13189321031703374 0.0017913216807470041 -7.8210793621957537e-05)
(0.13289400488763303 0.0017438278035181683 -7.6137166162870931e-05)
(0.13389483131347427 0.0016963145851032276 -7.4062694248718352e-05)
(0.13489793071781336 0.0016474213080321298 -7.1927967672371002e-05)
(0.13590371200076973 0.0015968997050421698 -6.9722146851420856e-05)
(0.13691081621126058 0.0015455748750983485 -6.7481256384481638e-05)
(0.13791788439820302 0.0014942719171656669 -6.5241320870167019e-05)
(0.13892355761051434 0.001443815930209125 -6.3038364907090657e-05)
(0.13992647689711166 0.0013950320131937244 -6.090841309386627e-05)
(0.1409252833069122 0.0013487452650844665 -5.8887490029107482e-05)
(0.14191861788883317 0.0013057807848463512 -5.7011620311428044e-05)
(0.14290512169179176 0.0012669636714443798 -5.5316828539441567e-05)
(0.14392562840991688 0.0012066094860090832 -5.2681707891381451e-05)
(0.1449332485826425 0.0011526718718281198 -5.0326740789610175e-05)
(0.14592649468148416 0.0011080357332011463 -4.8377884879603146e-05)
(0.14691406399337267 0.0010694481999657844 -4.66931167864583e-05)
(0.14790940524335403 0.0010313959226448028 -4.503171847711222e-05)
(0.14892965694485011 0.00098968944031369824 -4.3210774142347172e-05)
(0.14994297162166265 0.00095769254914639904 -4.1813759718420227e-05)
(0.15093817009449173 0.00093503872220629532 -4.0824672284752012e-05)
(0.15194510296300001 0.0009299145147702838 -4.0600944545054697e-05)
(0.060811925138370145 0.0098873542863381885 -0.00043169121102173762)
(0.061801177687865021 0.0098435837404475396 -0.00042978014768791739)
(0.062825433424240004 0.0097817610119092825 -0.00042708090903444926)
(0.063863092518824605 0.0097011779164325688 -0.00042356257508586944)
(0.064852620934897479 0.009627655285763077 -0.00042035250771283106)
(0.065827132816502487 0.0095530984614516055 -0.00041709728648407741)
(0.06681261309053059 0.0094668548364668509 -0.00041333180852481889)
(0.067825866202327237 0.0093626393843155367 -0.00040878166364493012)
(0.068864018026792401 0.0092460261669824063 -0.00040369022063823902)
(0.069836471187479432 0.0091710257598422423 -0.00040041563215151217)
(0.070822122423922121 0.0090880120262613346 -0.00039679117427651424)
(0.071818346041534753 0.008998579179535263 -0.00039288645186858363)
(0.072822516345731669 0.0089043214329596384 -0.00038877106978305905)
(0.073832007641927197 0.0088068329998300509 -0.00038451463287527933)
(0.074844194235535649 0.0087077080934420993 -0.00038018674600058305)
(0.075856450431971326 0.008608540927091379 -0.00037585701401430919)
(0.076866150536648581 0.0085109257140734938 -0.00037159504177179621)
(0.07787066885498177 0.0084164566676840323 -0.00036747043412838293)
(0.078870795442505304 0.0083246540988354736 -0.00036346224740510812)
(0.079870860480987252 0.0082328889000195509 -0.00035945569228847189)
(0.08087092551946673 0.0081411237012029309 -0.00035544913716867836)
(0.08187099055794432 0.008049358502386186 -0.00035144258204686767)
(0.082871055596420592 0.0079575933035698817 -0.00034743602692417948)
(0.083871120634896115 0.0078658281047545939 -0.00034342947180175339)
(0.084871185673371458 0.0077740629059408891 -0.00033942291668072951)
(0.085871250711847147 0.0076822977071293371 -0.00033541636156224748)
(0.086871315750323863 0.0075905325083205086 -0.00033140980644744724)
(0.087871380788805895 0.0074987673095125258 -0.00032740325133699319)
(0.08887144582728998 0.0074070021107070852 -0.00032339669622978502)
(0.089871510865773205 0.007315236911905134 -0.00031939014112520448)
(0.090871575904256124 0.0072234717131055308 -0.00031538358602268174)
(0.091871640942739335 0.0071317065143071401 -0.00031137703092164653)
(0.092871705981223351 0.0070399413155088179 -0.00030737047582152943)
(0.093871771019708797 0.0069481761167094289 -0.0003033639207217603)
(0.094871836058196282 0.006856410917907829 -0.00029935736562176918)
(0.095871901096686266 0.0067646457191028802 -0.00029535081052098626)
(0.096871966135173834 0.00667288052029694 -0.0002913442554190683)
(0.09787203117365223 0.00658111532149557 -0.00028733770031710284)
(0.0988720962121344 0.0064893501226914044 -0.00028333114521513761)
(0.09987216125061929 0.0063975849238850158 -0.00027932459011317226)
(0.10087222628910568 0.0063058197250769714 -0.00027531803501120697)
(0.1018722913275925 0.0062140545262678428 -0.00027131147990924162)
(0.10287235636607858 0.0061222893274582007 -0.00026730492480727622)
(0.10387242140456283 0.0060305241286486132 -0.00026329836970531088)
(0.10487248644304401 0.0059387589298396529 -0.00025929181460334564)
(0.10587255148152107 0.0058469937310318869 -0.00025528525950138019)
(0.10687261652000593 0.0057552285322176348 -0.00025127870439988501)
(0.10787268155848784 0.0056634633334033853 -0.00024727214929958511)
(0.1088727465969674 0.0055716981345891323 -0.00024326559419991049)
(0.1098728116354451 0.0054799329357748811 -0.00023925903910029141)
(0.11087287667392155 0.0053881677369606307 -0.00023525248400015785)
(0.11187294171239735 0.0052964025381463803 -0.00023124592889894009)
(0.11287300675087301 0.0052046373393321273 -0.00022723937379606795)
(0.11387307178934916 0.0051128721405178778 -0.00022323281869097167)
(0.11487313682782629 0.0050211069417036274 -0.00021922626358308149)
(0.11587320186630436 0.0049293417428895097 -0.00021521970847149187)
(0.11687326690478241 0.0048375765440754528 -0.0002112131533554986)
(0.11787333194326044 0.0047458113452613941 -0.00020720659823615648)
(0.11887339698173847 0.0046540461464473354 -0.00020320004311460529)
(0.11987346202021655 0.0045622809476332767 -0.00019919348799198486)
(0.12087352705869457 0.0044705157488192206 -0.00019518693286943507)
(0.12187359209717261 0.0043787505500051602 -0.00019118037774809566)
(0.12287365713565065 0.0042869853511911015 -0.00018717382262910639)
(0.12387372217412868 0.0041952201523770428 -0.00018316726751360722)
(0.1248737872126067 0.0041034549535629052 -0.00017916071240256114)
(0.12587385225108372 0.0040116897547486548 -0.00017515415729504785)
(0.12687391728955977 0.0039199245559344027 -0.00017114760219025805)
(0.1278739823280354 0.0038281593571201523 -0.00016714104708762177)
(0.12887404736651126 0.003736394158305901 -0.00016313449198656911)
(0.12987411240498783 0.0036446289594916493 -0.00015912793688653028)
(0.13087417744346574 0.0035528637606773985 -0.00015512138178693522)
(0.13187424248194554 0.0034610985618631464 -0.00015111482668721409)
(0.13287430752042778 0.0033693333630488952 -0.00014710827158679704)
(0.13387443410795122 0.0032775307942010342 -0.00014310008487423249)
(0.13487895242628151 0.003183061747812346 -0.000138975477237995)
(0.13588865253095708 0.0030854465347934026 -0.00013471350500086191)
(0.13690090872739222 0.0029862793684403708 -0.00013038377301817199)
(0.13791309532100127 0.0028871544620494185 -0.00012605588614526394)
(0.13892258661719856 0.002789666028916712 -0.00012179944923747646)
(0.13992675692139839 0.0026954082823384185 -0.00011768406715014832)
(0.14092298053901509 0.002605975435610705 -0.00011377934473861815)
(0.14190863177546303 0.0025229617020297405 -0.00011015488685822485)
(0.14288108493615648 0.0024479612948916899 -0.00010688029836430689)
(0.14391923676060583 0.0023313480775909229 -0.00010178885533463653)
(0.14493248987242924 0.0022271326254593923 -9.723871041271686e-05)
(0.14591797014647442 0.0021408890005039254 -9.3473232408458558e-05)
(0.14689248202809144 0.0020663321762203813 -9.0218011145337971e-05)
(0.14788201044417307 0.001992809545569059 -8.7007943762710413e-05)
(0.14891966953875843 0.0019122264500993718 -8.3489609849808755e-05)
(0.14994392527513423 0.0018504037215556915 -8.0790371256582284e-05)
(0.15093317782462976 0.0018066331756588807 -7.8879307972405216e-05)
(0.15194510296299998 0.0017967324486269428 -7.8447032872718846e-05)
(0.060816578672623231 0.014333763552431843 -0.00062582563214089095)
(0.061800288741710271 0.014270309099684624 -0.00062305515086072177)
(0.062834743164624521 0.014180684277171894 -0.00061914204655496674)
(0.063888628525464258 0.014063862425396815 -0.00061404149432866281)
(0.064872738520172099 0.013957276176613824 -0.00060938783821601762)
(0.065835078944557493 0.013849190650400052 -0.00060466872225713208)
(0.066813320320703071 0.013724162691187126 -0.00059920988370772534)
(0.067831824165273003 0.013573080854086294 -0.00059261350828222314)
(0.068886423839911864 0.013404025893989327 -0.00058523240934664326)
(0.069845779722831056 0.013295297302785855 -0.00058048521654450894)
(0.070824268944330984 0.013174951738715444 -0.00057523081575321165)
(0.071818085017432254 0.013045300343441419 -0.00056957011359646842)
(0.072823421455155413 0.012908654258627113 -0.00056360401669799574)
(0.073836471770521009 0.01276732462593585 -0.0005574334316815105)
(0.074853429476549604 0.012623622587030956 -0.00055115926517072963)
(0.075870488086261803 0.012479859283575759 -0.00054488242378937003)
(0.076883841112678153 0.012338345857233592 -0.0005387038141611483)
(0.077889682068819216 0.012201393449667775 -0.00053272434290978124)
(0.078889156303470584 0.012068306652403989 -0.00052691364784398381)
(0.079888541310065217 0.011935274030726133 -0.00052110531812922848)
(0.080887926316656297 0.011802241409047268 -0.0005152969884098963)
(0.081887311323244616 0.011669208787368223 -0.00050948865868763969)
(0.082886696329831033 0.011536176165689816 -0.00050368032896411089)
(0.083886081336416354 0.011403143544012884 -0.00049787199924096232)
(0.084885466343001412 0.011270110922338242 -0.00049206366951984619)
(0.085884851349587038 0.011137078300666728 -0.00048625533980241548)
(0.08688423635617408 0.011004045678999159 -0.00048044701009032186)
(0.087883621362768838 0.010871013057332816 -0.00047463868038452898)
(0.088883006369366566 0.010737980435670157 -0.00046883035068344181)
(0.089882391375963044 0.010604947814012559 -0.00046302202098616398)
(0.090881776382559093 0.010471915192358364 -0.00045721369129186917)
(0.09188116138915553 0.010338882570705924 -0.000451405361599731)
(0.09288054639575323 0.010205849949053589 -0.00044559703190892369)
(0.093879931402352942 0.010072817327399701 -0.00043978870221862086)
(0.094879316408955569 0.0099397847057426103 -0.00043398037252799623)
(0.095878701415561901 0.0098067520840806662 -0.00042817204283622371)
(0.09687808642216468 0.0096737194624172858 -0.0004223637131428058)
(0.097877471428754165 0.0095406868407605268 -0.00041655538344931905)
(0.098876856435349145 0.0094076542190997172 -0.00041074705375583246)
(0.099876241441948038 0.0092746215974356845 -0.00040493872406234587)
(0.10087562644854915 0.0091415889757692562 -0.00039913039436885922)
(0.10187501145515088 0.009008556354101251 -0.00039332206467537257)
(0.1028743964617515 0.0088755237324325015 -0.00038751373498188593)
(0.10387378146834944 0.0087424911107638319 -0.00038170540528839912)
(0.10487316647494298 0.0086094584890960713 -0.00037589707559491247)
(0.10587255148153051 0.0084764258674300402 -0.00037008874590142599)
(0.10687193648812943 0.0083433932457546104 -0.00036428041620862087)
(0.10787132149472402 0.0082103606240791806 -0.00035847208651754858)
(0.10887070650131514 0.008077328002403749 -0.0003526637568273828)
(0.10987009150790367 0.0079442953807283192 -0.0003468554271372974)
(0.11086947651449035 0.0078112627590528894 -0.00034104709744646634)
(0.11186886152107607 0.0076782301373774604 -0.00033523876775406347)
(0.1128682465276616 0.0075451975157020262 -0.00032943043805926228)
(0.11386763153424782 0.0074121648940265964 -0.00032362210836123673)
(0.1148670165408355 0.0072791322723511683 -0.00031781377865916066)
(0.11586640154742454 0.007146099650675931 -0.00031200544895172174)
(0.1168657865540135 0.0070130670290007814 -0.00030619711923789871)
(0.11786517156060247 0.0068800344073256308 -0.00030038878951922068)
(0.11886455656719147 0.0067470017856504803 -0.00029458045979734041)
(0.11986394157378043 0.0066139691639753289 -0.00028877213007390994)
(0.12086332658036941 0.0064809365423001792 -0.00028296380035058193)
(0.12186271158695841 0.0063479039206250287 -0.00027715547062900849)
(0.12286209659354734 0.0062148712989498756 -0.0002713471409108422)
(0.12386148160013633 0.006081838677274725 -0.0002655388111977354)
(0.12486086660672531 0.0059488060555994565 -0.00025973048149108426)
(0.12586025161331274 0.0058157734339240258 -0.00025392215178955473)
(0.12685963661989885 0.0056827408122485951 -0.00024811382209197344)
(0.12785902162648435 0.0055497081905731662 -0.00024230549239751418)
(0.12885840663307016 0.0054166755688977355 -0.00023649716270535064)
(0.12985779163965702 0.0052836429472223031 -0.00023068883301465682)
(0.13085717664624583 0.0051506103255468732 -0.00022488050332460644)
(0.13185656165283735 0.0050175777038714417 -0.00021907217363437319)
(0.13285594665943246 0.0048845450821960118 -0.00021326384394313111)
(0.13385542089408359 0.0047514582849332411 -0.00020745314889286027)
(0.13486126185022052 0.0046145058773685403 -0.00020147367765189613)
(0.13587461487663438 0.0044729924510248384 -0.00019529506803147366)
(0.13689167348634579 0.0043292291475662877 -0.00018901822665530973)
(0.13790863119237526 0.0041855271086570448 -0.00018274406014712118)
(0.13892168150774342 0.0040441974759612594 -0.00017657347513062478)
(0.13992701794547083 0.0039075513911430854 -0.0001706073782295374)
(0.14092083401857797 0.0037778999958666777 -0.0001649466760675758)
(0.14189932324008553 0.0036575544317961899 -0.00015969227526845702)
(0.14285867912301398 0.0035488258405957738 -0.00015494508245589753)
(0.14391327879762994 0.0033797708805457286 -0.00014756398348700434)
(0.14493178264223869 0.0032286890434735822 -0.00014096760800056979)
(0.14591002401840902 0.0031036610843031111 -0.00013550876938592661)
(0.14687236444281185 0.0029955755581298283 -0.0001307896533772193)
(0.14785647443753236 0.0028889893093731727 -0.00012613599725067243)
(0.14891035979837317 0.0027721674576082832 -0.00012103544507609144)
(0.14994481422128861 0.0026825426350876895 -0.00011712234085766903)
(0.15092852429037665 0.0026190881823315404 -0.00011435185964946778)
(0.15194510296300001 0.0026047350322204888 -0.00011372518755002962)
(0.060820916455163798 0.018478474955359581 -0.00080678764008044134)
(0.061799460112350331 0.018396672188653786 -0.00080321605410006475)
(0.062843421220291656 0.018281131700482487 -0.00079817144738200988)
(0.063912431862397673 0.018130529965329802 -0.00079159603358873096)
(0.064891491086590772 0.017993123531805363 -0.00078559673915263846)
(0.06584248591175007 0.017853784293937219 -0.00077951305668231424)
(0.066813979563877718 0.017692603596028759 -0.00077247575548423128)
(0.067837377868380774 0.01749783535300135 -0.00076397199039487278)
(0.068907309373287359 0.017279896928469363 -0.00075445659331683146)
(0.069854456655229213 0.017139728678718647 -0.00074833671538096145)
(0.070826269818988027 0.0169845843243745 -0.00074156296659738164)
(0.071817841704343133 0.016817443290427982 -0.00073426543146988326)
(0.072824265151073833 0.016641285001870142 -0.00072657419450225676)
(0.073840632998959418 0.01645908888369205 -0.00071861934019829465)
(0.074862038087779179 0.016273834360884767 -0.00071053095306178771)
(0.075883573257312473 0.016088500858439353 -0.0007024391175965278)
(0.076900331347338549 0.01590606780134687 -0.00069447391830630581)
(0.077907405197636739 0.015729514614598383 -0.00068676543969491371)
(0.078906271342877921 0.015557944807329546 -0.00067927454012385461)
(0.079905022459124397 0.015386444840909145 -0.00067178668986219976)
(0.080903773575366308 0.01521494487448744 -0.00066429883959464469)
(0.081902524691604681 0.015043444908065497 -0.0006568109893233192)
(0.082901275807840569 0.014871944941644382 -0.00064932313905035385)
(0.083900026924075055 0.01470044497522517 -0.00064183528877787867)
(0.084898778040309195 0.01452894500880891 -0.0006343474385080239)
(0.08589752915654407 0.014357445042396676 -0.00062685958824291966)
(0.086896280272780721 0.014185945075989533 -0.00061937173798469632)
(0.08789503138902742 0.014014445109583967 -0.00061188388773459517)
(0.088893782505277893 0.013842945143183155 -0.00060439603749056067)
(0.089892533621526743 0.013671445176788862 -0.00059690818725143685)
(0.090891284737775052 0.013499945210398961 -0.00058942033701615869)
(0.091890035854023916 0.013328445244011323 -0.00058193248678366075)
(0.092888786970274334 0.013156945277623818 -0.00057444463655287868)
(0.093887538086527389 0.012985445311234314 -0.00056695678632274669)
(0.094886289202784163 0.012813945344840682 -0.0005594689360922001)
(0.095885040319045711 0.012642445378440788 -0.00055198108586017357)
(0.096883791435302735 0.012470945412039042 -0.0005444932356260258)
(0.097882542551542565 0.012299445445645834 -0.00053700538539178946)
(0.098881293667789499 0.012127945479247407 -0.00052951753515755333)
(0.099880044784041486 0.01195644551284482 -0.00052202968492331698)
(0.10087879590029633 0.011784945546439144 -0.00051454183468908074)
(0.10187754701655193 0.011613445580031441 -0.0005070539844548444)
(0.10287629813280616 0.011441945613622776 -0.00049956613422060816)
(0.10387504924905692 0.011270445647214213 -0.00049207828398637181)
(0.104873800365302 0.011098945680806823 -0.00048459043375213552)
(0.10587255148153932 0.010927445714401664 -0.00047710258351789923)
(0.10687130259779132 0.010755945747984382 -0.00046961473328454147)
(0.10787005371403777 0.010584445781567108 -0.00046212688305341776)
(0.10886880483027975 0.010412945815149826 -0.00045463903282346265)
(0.10986755594651836 0.01024144584873255 -0.00044715118259361114)
(0.11086630706275459 0.010069945882315271 -0.00043966333236279838)
(0.11186505817898959 0.0098984459158979951 -0.00043217548212995914)
(0.11286380929522434 0.0097269459494807135 -0.00042468763189402808)
(0.11386256041145999 0.0095554459830634354 -0.00041719978165394045)
(0.11486131152769752 0.0093839460166461608 -0.00040971193140863115)
(0.11586006264393675 0.0092124460502291325 -0.00040222408115640822)
(0.11685881376017597 0.0090409460838122169 -0.00039473623089595505)
(0.11785756487641517 0.0088694461173952979 -0.00038724838062924321)
(0.11885631599265437 0.0086979461509783789 -0.00037976053035840296)
(0.11985506710889354 0.0085264461845614616 -0.0003722726800855644)
(0.12085381822513275 0.0083549462181445443 -0.0003647848298128578)
(0.12185256934137192 0.0081834462517276236 -0.00035729697954241328)
(0.12285132045761114 0.0080119462853107063 -0.00034980912927636102)
(0.12385007157385032 0.007840446318893789 -0.00034232127901683126)
(0.12484882269008953 0.0076689463524767217 -0.00033483342876562401)
(0.12584757380632677 0.0074974463860594445 -0.00032734557852101927)
(0.12684632492256223 0.0073259464196421646 -0.00031985772828150422)
(0.12784507603879697 0.0071544464532248874 -0.00031236987804601405)
(0.12884382715503204 0.0069829464868076084 -0.00030488202781348348)
(0.12984257827126858 0.0068114465203903303 -0.0002973941775828476)
(0.13084132938750753 0.0066399465539730513 -0.00028990632735304109)
(0.13184008050374998 0.0064684465875557724 -0.00028241847712299903)
(0.1328388316199971 0.0062969466211384951 -0.00027493062689165637)
(0.13383769776523796 0.006125376813870962 -0.0002674397273406138)
(0.13484477161553077 0.0059488236271239133 -0.00025973124874263226)
(0.13586152970555362 0.0057663905700294574 -0.00025176604946246478)
(0.13688306487508592 0.0055810570675797217 -0.00024367421400390291)
(0.13790446996390684 0.0053958025447668314 -0.00023558582687073802)
(0.13892083781179573 0.0052136064265829105 -0.00022763097256676141)
(0.13992726125853189 0.0050374481380200875 -0.0002199397355957645)
(0.14091883314389464 0.0048703071040704891 -0.00021264220046153873)
(0.14189064630766324 0.0047151627497262439 -0.00020586845166787549)
(0.14283779358961704 0.0045749944999794734 -0.00019974857371856609)
(0.14390772509449409 0.0043570560755079677 -0.00019023317659757873)
(0.14493112339904721 0.0041622878325175416 -0.00018172941142966862)
(0.14590261705120677 0.0040011071346638151 -0.00017469211014748575)
(0.14685361187638854 0.0038617678968478663 -0.00016860842761293337)
(0.14783267110059795 0.0037243614633573801 -0.00016260913315891936)
(0.14890168174270538 0.0035737597282178325 -0.00015603371943231938)
(0.14994564285064826 0.0034582192400363903 -0.00015098911282685021)
(0.15092418650783604 0.0033764164733190881 -0.00014741752693925162)
(0.15194510296300001 0.0033579130060414669 -0.00014660964806973264)
(0.060824959910384273 0.0223419593054296 -0.00097547100972056626)
(0.061798687707168662 0.022243053194983396 -0.00097115267561441335)
(0.0628515104523273 0.022103355471492194 -0.00096505334121160433)
(0.063934620094769343 0.021921265886381037 -0.00095710313819210712)
(0.064908971253444137 0.021755130479994771 -0.00094984950971485041)
(0.065849390301235364 0.021586658158029872 -0.00094249384933121493)
(0.066814594076069406 0.021391777757878282 -0.0009339851873681772)
(0.067842554741498362 0.021156287319937885 -0.00092370345286203618)
(0.068926777780974849 0.020892782272917167 -0.00091219857408788489)
(0.069862544840211913 0.020723307609049658 -0.00090479915048135261)
(0.070828134930252085 0.020535725632744917 -0.00089660914454019408)
(0.071817614900539298 0.020333638707946095 -0.00088778583887008894)
(0.072825051600517526 0.020120649198596362 -0.00087848651607671743)
(0.073844511879630717 0.019900359468638884 -0.00086886845876575983)
(0.074870062587322844 0.019676371882016829 -0.00085908894954289607)
(0.075895770573037896 0.019452288802673363 -0.00084930527101380652)
(0.07691570268621982 0.019231712594551639 -0.00083967470578417101)
(0.077923925776312575 0.019018245621594841 -0.00083035453645967014)
(0.078922225092240145 0.018810803954395522 -0.00082129743765784954)
(0.079920385328880891 0.018603446730387385 -0.00081224402571583641)
(0.080918545565516073 0.018396089506377673 -0.00080319061376668923)
(0.081916705802146994 0.018188732282367684 -0.00079413720181298363)
(0.082914866038774918 0.01798137505835869 -0.00078508378985729546)
(0.083913026275401134 0.01777401783435199 -0.00077603037790219937)
(0.084911186512026948 0.01756666061034887 -0.00076697696595027186)
(0.085909346748653637 0.017359303386350614 -0.00075792355400408824)
(0.086907506985282504 0.01715194616235851 -0.00074887014206622402)
(0.087905667221923445 0.016944588938368317 -0.00073981673013818051)
(0.088903827458569021 0.01673723171438387 -0.00073076331821747152)
(0.08990198769521264 0.016529874490407308 -0.00072170990630270016)
(0.090900147931855593 0.016322517266436052 -0.00071265649439257873)
(0.091898308168499171 0.016115160042467533 -0.00070360308248581876)
(0.092896468405144636 0.015907802818499173 -0.00069454967058113297)
(0.093894628641793307 0.015700445594528399 -0.00068549625867723356)
(0.094892788878446502 0.015493088370552632 -0.00067644284677283303)
(0.095890949115105456 0.015285731146569295 -0.00066738943486664281)
(0.096889109351758942 0.015078373922583722 -0.00065833602295788812)
(0.097887269588391598 0.014871016698608469 -0.00064928261104902599)
(0.098885429825032914 0.014663659474626906 -0.00064022919914016418)
(0.09988359006168028 0.014456302250640317 -0.00063117578723130238)
(0.1008817502983311 0.014248945026649985 -0.00062212237532244046)
(0.10187991053498288 0.014041587802657204 -0.00061306896341357833)
(0.10287807077163298 0.013834230578663261 -0.00060401555150471642)
(0.10387623100827888 0.013626873354669449 -0.00059496213959585472)
(0.10487439124491789 0.013419516130677047 -0.0005859087276869928)
(0.10587255148154756 0.013212158906687345 -0.00057685531577813089)
(0.10687071171819494 0.013004801682682988 -0.00056780190387033117)
(0.10786887195483563 0.012797444458678633 -0.00055874849196523274)
(0.10886703219147094 0.012590087234674275 -0.00054969508006154702)
(0.10986519242810211 0.012382730010669918 -0.00054064166815798685)
(0.11086335266473049 0.012175372786665563 -0.0005315882562532641)
(0.11186151290135729 0.01196801556266121 -0.00052253484434609137)
(0.11285967313798388 0.011760658338656851 -0.00051348143243518042)
(0.11385783337461149 0.011553301114652498 -0.00050442802051924387)
(0.11485599361124141 0.011345943890648143 -0.00049537460859699369)
(0.11585415384787338 0.011138586666644093 -0.00048632119666638457)
(0.11685231408450529 0.01093122944264017 -0.00047726778472582427)
(0.11785047432113722 0.010723872218636252 -0.00046821437277769689)
(0.11884863455776913 0.010516514994632329 -0.00045916096082457785)
(0.11984679479440107 0.010309157770628411 -0.00045010754886904271)
(0.12084495503103297 0.010101800546624492 -0.00044105413691366706)
(0.12184311526766486 0.0098944433226205702 -0.00043200072496102658)
(0.12284127550429683 0.0096870860986166488 -0.00042294731301369657)
(0.1238394357409287 0.0094797288746127292 -0.00041389390107425289)
(0.12483759597756063 0.0092723716506086275 -0.0004048404891448718)
(0.12583575621419019 0.0090650144266042725 -0.00039578707722347342)
(0.12683391645081762 0.0088576572025999157 -0.00038673366530822919)
(0.12783207668744415 0.0086502999785955624 -0.00037768025339785129)
(0.12883023692407106 0.0084429427545912039 -0.00036862684149105169)
(0.12982839716069972 0.0082355855305868489 -0.0003595734295865429)
(0.13082655739733134 0.0080282283065824921 -0.00035052001768303711)
(0.13182471763396725 0.0078208710825781354 -0.00034146660577924639)
(0.13282287787060867 0.0076135138585737804 -0.00033241319387388314)
(0.13382117718653591 0.0074060721913760327 -0.00032335609509626383)
(0.13482940027662221 0.0071926052184209761 -0.00031403592578797753)
(0.13584933238980029 0.0069720290102968712 -0.00030440536057049886)
(0.13687504037551412 0.0067479459309481736 -0.00029462168204950781)
(0.1379005910832076 0.0065239583443193385 -0.00028484217283068471)
(0.13892005136232474 0.0063036686143548128 -0.00027522411551970954)
(0.13992748806230959 0.0060906791049990545 -0.00026592479272226263)
(0.14091696803260606 0.0058885921801965146 -0.0002571014870440239)
(0.14188255812265804 0.0057010102038916495 -0.00024891148109067385)
(0.14281832518190959 0.0055315355400289102 -0.00024151205746789217)
(0.14390254822135037 0.005268030493081324 -0.00023000717864181565)
(0.14493050888683981 0.0050325400551856359 -0.00021972544404069965)
(0.14589571266171245 0.004837659655100226 -0.00021121678197597797)
(0.14683613170953089 0.0046691873331984367 -0.00020386112151468539)
(0.14781048286822537 0.0045030519268532149 -0.00019660749301576028)
(0.14889359251066914 0.004320962341757939 -0.00018865729007688347)
(0.14994641525582963 0.0041812646182544898 -0.00018255795581019921)
(0.15092014305261556 0.0040823585077943607 -0.00017823962181622255)
(0.15194510296300001 0.0040599863307654305 -0.00017726283142252864)
(0.06082872900898869 0.025943298427061133 -0.0011327088715078425)
(0.061797967711241034 0.025828449469344955 -0.0011276944576468144)
(0.062859050813605918 0.025666233627817017 -0.0011206119609662268)
(0.063955302810690909 0.025454792707062582 -0.0011113802509505164)
(0.064925265355616588 0.025261877646737818 -0.0011029573975341299)
(0.065855826213927479 0.025066248979364276 -0.0010944160655116343)
(0.066815166892365829 0.024839955469936521 -0.0010845358775878997)
(0.067847380353302802 0.024566505920383255 -0.0010725968124864873)
(0.068944925217818864 0.024260526038384547 -0.0010592374423737489)
(0.069870084225482285 0.024063733459880832 -0.0010506452928586503)
(0.070829873489944017 0.023845914819882269 -0.0010411351256729442)
(0.071817403485832335 0.023611253153616108 -0.001030889576077968)
(0.072825784687775563 0.023363931496309595 -0.0010200912793350597)
(0.073848127570402031 0.023108132883189986 -0.0010089228707055573)
(0.074877542608340036 0.022848040349484545 -0.0009975669854507983)
(0.07590714027621788 0.022587836930420501 -0.00098620625883212099)
(0.07693003104866393 0.022331705661225124 -0.00097502332611086281)
(0.077939325400306472 0.022083829577125649 -0.00096420082254836158)
(0.078937096347435953 0.021842950028255856 -0.00095368379430178752)
(0.079934705796847472 0.021602168534121512 -0.00094317104720633999)
(0.080932315246252509 0.021361387039985347 -0.00093265830010260829)
(0.08192992469565262 0.021120605545848842 -0.00092214555299358341)
(0.08292753414504922 0.020879824051713507 -0.0009116328058822559)
(0.083925143594443891 0.020639042557580832 -0.00090112005877161663)
(0.084922753043838048 0.020398261063452307 -0.00089060731166465629)
(0.085920362493233246 0.020157479569329444 -0.00088009456456436585)
(0.086917971942630956 0.019916698075213717 -0.00086958181747373586)
(0.087915581392042738 0.019675916581100204 -0.00085906907039450941)
(0.088913190841459822 0.019435135086993367 -0.00084855632332380012)
(0.089910800290874643 0.019194353592895692 -0.00083804357625998538)
(0.090908409740288729 0.018953572098804168 -0.00082753082920156975)
(0.091906019189703508 0.018712790604715833 -0.0008170180821470579)
(0.092903628639120536 0.018472009110627675 -0.00080650533509495461)
(0.093901238088541256 0.018231227616536717 -0.00079599258804376432)
(0.094898847537967193 0.017990446122439958 -0.00078547984099199171)
(0.095896456987399875 0.017749664628334418 -0.00077496709393814144)
(0.096894066436826159 0.017508883134226265 -0.00076445434688131308)
(0.097891675886228297 0.017268101640130106 -0.00075394159982436015)
(0.098889285335640453 0.017027320146026616 -0.00074342885276740744)
(0.099886894785059674 0.016786538651917291 -0.00073291610571045484)
(0.10088450423448289 0.016545757157803626 -0.00072240335865350201)
(0.10188211368390722 0.016304975663687115 -0.00071189061159654919)
(0.10287972313332959 0.016064194169569255 -0.00070137786453959637)
(0.10387733258274705 0.015823412675451537 -0.00069086511748264366)
(0.10487494203215658 0.015582631181335467 -0.00068035237042569094)
(0.10587255148155519 0.015341849687222527 -0.00066983962336873812)
(0.10687016093097443 0.015101068193092572 -0.0006593268763130189)
(0.10786777038038589 0.014860286698962619 -0.00064881412926043607)
(0.10886537982979105 0.014619505204832663 -0.00063830138220949395)
(0.10986298927919148 0.01437872371070271 -0.00062778863515869745)
(0.1108605987285886 0.014137942216572759 -0.00061727588810655111)
(0.11185820817798395 0.013897160722442804 -0.00060676314105155983)
(0.11285581762737902 0.013656379228312848 -0.00059625039399222762)
(0.11385342707677527 0.013415597734182895 -0.00058573764692705979)
(0.11485103652617422 0.013174816240052943 -0.0005752248998545606)
(0.11584864597557555 0.012934034745923343 -0.00056471215277235519)
(0.1168462554249768 0.012693253251793895 -0.00055419940567859468)
(0.11784386487437808 0.012452471757664446 -0.00054368665857604703)
(0.11884147432377934 0.012211690263534998 -0.00053317391146770325)
(0.1198390837731806 0.01197090876940555 -0.00052266116435655387)
(0.12083669322258181 0.011730127275276104 -0.00051214841724558967)
(0.12183430267198307 0.011489345781146652 -0.00050163567013780165)
(0.12283191212138438 0.011248564287017204 -0.00049112292303618013)
(0.12382952157078563 0.011007782792887758 -0.000480610175943716)
(0.12482713102018687 0.010767001298758098 -0.00047009742886293642)
(0.12582474046958536 0.010526219804628147 -0.00045958468179142656)
(0.12682234991898142 0.010285438310498192 -0.00044907193472706262)
(0.12781995936837642 0.010044656816368238 -0.00043855918766834933)
(0.12881756881777193 0.009803875322238283 -0.00042804644061379145)
(0.12981517826716937 0.0095630938281083284 -0.00041753369356189345)
(0.13081278771657029 0.0093223123339783737 -0.0004070209465111601)
(0.13181039716597617 0.0090815308398484174 -0.00039650819946009591)
(0.1328080066153885 0.0088407493457184644 -0.00038599545240720564)
(0.1338057775625176 0.0085998697968505018 -0.00037547842418873421)
(0.13481507191415265 0.008351993712753053 -0.00036465592064506135)
(0.13583796268659418 0.0080958624435549017 -0.00035347298793791932)
(0.13686756035447062 0.0078356590244847892 -0.00034211226132864584)
(0.13789697539241022 0.0075755664907714675 -0.00033075637607857895)
(0.13891931827504131 0.0073197678776436795 -0.00031958796744905617)
(0.13992769947699224 0.0070724462203301704 -0.00030878967070141559)
(0.1409152294728912 0.0068377845540596926 -0.00029854412109699482)
(0.14187501873736671 0.0066199659140609912 -0.00028903395389713192)
(0.14280017774504694 0.0064231733355628109 -0.00028044180436316422)
(0.14389772260952155 0.0061171934536490228 -0.00026708243419013098)
(0.14492993607052876 0.0058437439041476771 -0.00025514336897843444)
(0.14588927674901189 0.0056174503947967669 -0.0002452631809366255)
(0.14681983760735434 0.0054218217274964965 -0.00023672184882395485)
(0.14778980015230292 0.0052289066672194118 -0.00022829899538240743)
(0.14888605214938991 0.0050174657464834042 -0.00021906728546031238)
(0.14994713525175696 0.004855249904941239 -0.00021198478893779218)
(0.15091637395401108 0.0047404009472088969 -0.0002069703752070219)
(0.15194510296300001 0.0047144225602111399 -0.00020583613427775256)
(0.060832242366628424 0.029300279404286724 -0.0012792778263027416)
(0.061797296568493545 0.029170569353737991 -0.0012736145631062777)
(0.062866079546118697 0.028987363294033099 -0.0012656156136972587)
(0.063974582162498975 0.028748562585132389 -0.0012551893495273362)
(0.064940453869995945 0.028530684924560352 -0.0012456766054491182)
(0.065861825436924482 0.028309742524747598 -0.0012360300520069057)
(0.066815700841917791 0.028054167349052379 -0.0012248713989333119)
(0.067851878537584787 0.027745334290395132 -0.0012113874564700644)
(0.068961841314363281 0.02739976157689232 -0.0011962994260074382)
(0.069877112048210968 0.027177504659520763 -0.0011865954794493859)
(0.070831494084844002 0.026931500974624527 -0.0011758547266300754)
(0.071817206416040918 0.026666474828993716 -0.0011642834352375306)
(0.072826468033580227 0.02638715052941841 -0.0011520878729597754)
(0.073851497929240464 0.026098252382688713 -0.0011394743074848344)
(0.074884515094800139 0.025804504695594716 -0.0011266490065007318)
(0.0759177385220378 0.025510631774926518 -0.0011138182376954919)
(0.076943387202731917 0.025221357927474215 -0.0011011882687571386)
(0.077953680128661093 0.0249414074600279 -0.0010889653673736969)
(0.078950958557884268 0.024669358857399119 -0.0010770874688484282)
(0.079948054592094198 0.024397420997479238 -0.0010652144054417365)
(0.080945150626296855 0.024125483137557285 -0.0010533413420256888)
(0.081942246660493906 0.023853545277634971 -0.0010414682786036632)
(0.082939342694687057 0.023581607417713962 -0.0010295952151790373)
(0.083936438728877946 0.023309669557795967 -0.001017722151755188)
(0.084933534763068308 0.02303773169788266 -0.0010058490883354942)
(0.085930630797259822 0.022765793837975726 -0.00099397602492333329)
(0.08692772683145418 0.022493855978076873 -0.00098210296152208233)
(0.087924822865664429 0.022221918118180521 -0.00097022989813371114)
(0.088921918899880673 0.021949980258291705 -0.000958356834754959)
(0.089919014934094363 0.021678042398413228 -0.00094648377138399316)
(0.090916110968307207 0.021406104538541713 -0.00093461070801912553)
(0.091913207002520855 0.021134166678673787 -0.00092273764465866681)
(0.092910303036737016 0.020862228818806065 -0.0009108645813009278)
(0.093907399070957381 0.020590290958935178 -0.00089899151794422063)
(0.094904495105183645 0.020318353099057745 -0.00088711845458685535)
(0.095901591139417458 0.02004641523917039 -0.00087524539122714364)
(0.096898687173644124 0.019774477379280089 -0.00086337232786406852)
(0.097895783207843465 0.019502539519403329 -0.00085149926450085256)
(0.09889287924205413 0.019230601659518294 -0.00083962620113763725)
(0.099889975276272761 0.018958663799626664 -0.00082775313777442173)
(0.10088707131049594 0.018686725939730139 -0.00081588007441120609)
(0.10188416734472033 0.018414788079830394 -0.00080400701104799024)
(0.10288126337894256 0.018142850219929119 -0.00079213394768477483)
(0.10387835941315922 0.017870912360028014 -0.00078026088432155908)
(0.10487545544736696 0.017598974500128772 -0.00076838782095834356)
(0.10587255148156237 0.017327036640233058 -0.00075651475759512781)
(0.10686964751578101 0.017055098780318131 -0.00074464169423330538)
(0.10786674354999089 0.016783160920403207 -0.00073276863087502514)
(0.1088638395841937 0.01651122306048828 -0.00072089556751859781)
(0.10986093561839111 0.016239285200573352 -0.00070902250416233505)
(0.11085803165258482 0.015967347340658428 -0.0006971494408045478)
(0.1118551276867765 0.015695409480743504 -0.00068527637744354752)
(0.11285222372096784 0.015423471620828575 -0.0006734033140776448)
(0.11384931975516056 0.015151533760913652 -0.00066153025070515088)
(0.11484641578935632 0.014879595900998722 -0.00064965718732437735)
(0.11584351182355478 0.014607658041084198 -0.00063778412393264113)
(0.11684060785775313 0.014335720181169843 -0.00062591106052785513)
(0.11783770389195153 0.01406378232125549 -0.00061403799711314488)
(0.11883479992614987 0.013791844461341136 -0.00060216493369188832)
(0.11983189596034824 0.01351990660142678 -0.00059029187026746329)
(0.12082899199454661 0.013247968741512427 -0.00057841880684324752)
(0.12182608802874496 0.01297603088159807 -0.00056654574342261839)
(0.12282318406294333 0.012704093021683712 -0.00055467268000895407)
(0.12382028009714172 0.012432155161769359 -0.00054279961660563206)
(0.12481737613134004 0.01216021730185477 -0.00053092655321550653)
(0.12581447216553535 0.011888279441939842 -0.00051905348983585016)
(0.1268115681997278 0.011616341582024915 -0.00050718042646426427)
(0.12780866423391909 0.011344403722109989 -0.00049530736309906054)
(0.12880576026811097 0.01107246586219506 -0.0004834342997385495)
(0.12980285630230501 0.010800528002280133 -0.00047156123638104289)
(0.13079995233650302 0.010528590142365211 -0.00045968817302485143)
(0.1317970483707066 0.010256652282450278 -0.0004478151096682864)
(0.13279414440491749 0.0099847144225353561 -0.00043594204630965894)
(0.13379142283414022 0.009712665819908638 -0.00042406414781612917)
(0.13480171576006086 0.0094327153524646091 -0.00041184124645395195)
(0.13582736444074997 0.0091434415050091773 -0.00039921127753154149)
(0.13686058786798599 0.0088495685843341231 -0.0003863805087369224)
(0.13789360503354747 0.0085558208972312359 -0.00037355520775811889)
(0.13891863492921294 0.0082669227504922945 -0.00036094164228315509)
(0.13992789654676094 0.0079875984509090846 -0.00034874608000005523)
(0.14091360887796994 0.0077225723052733947 -0.00033717478859684341)
(0.14186799091461849 0.007476568620377007 -0.0003264340357615444)
(0.14278326164848515 0.0072543117030117012 -0.0003167300891821817)
(0.14389322442521682 0.0069087389896047985 -0.00030164205865145828)
(0.14492940212096314 0.0065999059310061867 -0.00028815811606365625)
(0.14588327752600705 0.0063443307553977509 -0.00027699946285670977)
(0.14680464909297125 0.0061233883556677622 -0.0002673529093126542)
(0.14777052080049408 0.0059055106951495682 -0.00025784016520601929)
(0.14887902341687662 0.0056667099862696803 -0.00024741390114182591)
(0.14994780639450422 0.0054835039265487169 -0.00023941495191132759)
(0.1509128605963713 0.0053537938759817202 -0.00023375168886197655)
(0.15194510296300001 0.0053244539676563793 -0.00023247068073447091)
(0.060835517335845302 0.032429482431506521 -0.0014159017810263961)
(0.0617966709641391 0.032285919643335811 -0.0014096336942344368)
(0.062872631364912349 0.032083147594217543 -0.0014007804752684653)
(0.063992553371287439 0.031818843514141298 -0.0013892407098601101)
(0.064954611812950452 0.031577697016244598 -0.0013787120264061611)
(0.065867417600505559 0.031333158471944768 -0.0013680352430532675)
(0.066816198561912565 0.031050288450271017 -0.0013556848712763883)
(0.067856071510964039 0.030708472725178369 -0.0013407608745053762)
(0.068977609619538291 0.030325993633879743 -0.0013240614767944386)
(0.069883663018951173 0.030080000184543314 -0.0013133211708718066)
(0.070833004719101769 0.029807723867060102 -0.0013014333301434337)
(0.071817022717833481 0.029514393533412602 -0.0012886262512160744)
(0.072827105012989737 0.029205238035583291 -0.0012751282306964836)
(0.073854639602413966 0.028885486225554653 -0.0012611675651914168)
(0.074891014483949594 0.028560366955309169 -0.0012469725513076276)
(0.075927617655440066 0.028235109076829332 -0.0012327714856518724)
(0.076955837114728809 0.027914941442097621 -0.0012187926648309056)
(0.077967060859659251 0.027605092903096515 -0.0012052643854514819)
(0.078963880189312358 0.027303990130056913 -0.0011921179544487775)
(0.079960497644580728 0.027003009926794989 -0.0011789768749442884)
(0.080957115099841021 0.026702029723530786 -0.0011658357954294444)
(0.081953732555095138 0.026401049520266166 -0.0011526947159079836)
(0.082950350010344884 0.026100069317003 -0.0011395536363836452)
(0.083946967465592187 0.025799089113743161 -0.0011264125568601665)
(0.084943584920838894 0.025498108910488523 -0.0011132714773412868)
(0.085940202376086863 0.025197128707240939 -0.0011001303978307442)
(0.086936819831337983 0.024896148504002288 -0.0010869893183322776)
(0.087933437286606658 0.024595168300766409 -0.0010738482388480653)
(0.088930054741882036 0.024294188097538864 -0.0010607071593744999)
(0.089926672197154556 0.023993207894322782 -0.0010475660799095525)
(0.090923289652426131 0.023692227691114384 -0.0010344250004513543)
(0.091919907107698595 0.02339124748790997 -0.0010212839209980359)
(0.092916524562973862 0.023090267284705774 -0.0010081428415477278)
(0.093913142018253765 0.022789287081498088 -0.00099500176209856147)
(0.094909759473540162 0.022488306878283151 -0.00098186068264866696)
(0.095906376928834997 0.022187326675057226 -0.00096871960319617546)
(0.096902994384121838 0.02188634647182805 -0.00095557852373996113)
(0.097899611839378495 0.021585366268613852 -0.00094243744428359132)
(0.098896229294647697 0.021284386065390497 -0.00092929636482722163)
(0.099892846749925671 0.020983405862159851 -0.00091615528537085204)
(0.10088946420520868 0.020682425658923777 -0.00090301420591448257)
(0.10188608166049308 0.020381445455684145 -0.00088987312645811276)
(0.10288269911577502 0.020080465252442822 -0.00087673204700174285)
(0.10387931657105083 0.019779485049201687 -0.00086359096754537316)
(0.10487593402631673 0.019478504845962603 -0.00085044988808900346)
(0.105872551481569 0.019177524642727439 -0.00083730880863263388)
(0.10686916893684702 0.018876544439470996 -0.00082416772917780603)
(0.10786578639211533 0.018575564236214565 -0.00081102664972689876)
(0.10886240384737578 0.018274584032958126 -0.00079788557027804237)
(0.1098590213026303 0.017973603829701687 -0.00078474449082936812)
(0.11085563875788071 0.017672623626445255 -0.00077160341137900664)
(0.11185225621312886 0.01737164342318882 -0.00075846233192508855)
(0.11284887366837663 0.017070663219932381 -0.00074532125246574489)
(0.11384549112362596 0.016769683016675946 -0.00073218017299910617)
(0.11484210857887864 0.016468702813419514 -0.00071903909352330302)
(0.11583872603413425 0.016167722610163519 -0.0007058980140353671)
(0.11683534348938983 0.015866742406907716 -0.00069275693453298723)
(0.1178319609446454 0.015565762203651912 -0.0006796158550196233)
(0.11882857839990096 0.01526478200039611 -0.00066647477549901409)
(0.1198251958551565 0.014963801797140304 -0.0006533336959748978)
(0.12082181331041204 0.014662821593884504 -0.00064019261645101332)
(0.12181843076566763 0.0143618413906287 -0.00062705153693109865)
(0.12281504822092321 0.014060861187372891 -0.00061391045741889232)
(0.12381166567617874 0.01375988098411709 -0.00060076937791813301)
(0.12480828313143429 0.013458900780861024 -0.00058762829843197941)
(0.12580490058668645 0.013157920577604589 -0.00057448721895741312)
(0.12680151804193546 0.012856940374348152 -0.00056134613949177935)
(0.12779813549718319 0.01255596017109172 -0.00054820506003320916)
(0.12879475295243156 0.01225497996783528 -0.00053506398057983295)
(0.12979137040768235 0.011953999764578843 -0.00052192290112978176)
(0.13078798786293752 0.011653019561322411 -0.00050878182168118656)
(0.13178460531819883 0.011352039358065967 -0.00049564074223217762)
(0.13278122277346829 0.011051059154809533 -0.00048249966278088611)
(0.13377804210312083 0.010749956381772218 -0.00046935323181331018)
(0.13478926584804185 0.010440107842773643 -0.00045582495245742203)
(0.13581748530732501 0.010119940208038468 -0.00044184613165410035)
(0.1368540884788137 0.0097946823295510417 -0.00042764506601010026)
(0.13789046336035132 0.0094695630592957162 -0.00041345005213217661)
(0.13891799794978135 0.0091498112492568485 -0.00039948938662708413)
(0.13992808024494718 0.0088406557514187877 -0.00038599136610157784)
(0.1409120982436923 0.008547325417765891 -0.00037318428716241254)
(0.14186143994386005 0.0082750491002825093 -0.00036129644641634361)
(0.14276749334329389 0.0080290556509530001 -0.00035055614047012535)
(0.14388903145181636 0.0076465765597605231 -0.00033385674268381803)
(0.14492890440095565 0.0073047608347327686 -0.00031893274577494919)
(0.14587768536241866 0.0070218908131550765 -0.00030658237385047517)
(0.14679049115001325 0.0067773522689468495 -0.00029590559038486194)
(0.14775254959170486 0.0065362057711097401 -0.00028537690689946145)
(0.14887247159808242 0.0062719016910565452 -0.00027383714160812646)
(0.14994843199885841 0.0060691296419204781 -0.00026498392283974141)
(0.1509095856271544 0.0059255668537295646 -0.00025871583621060637)
(0.15194510296300001 0.0058930935100985999 -0.00025729801933615419)
(0.060838570091775998 0.035346362703391206 -0.0015432555240509787)
(0.06179608780830563 0.035189887113868328 -0.0015364236521679512)
(0.062878738629547459 0.034968876667297616 -0.0015267741275625344)
(0.064009305197206379 0.034680799671369826 -0.0015141964142272295)
(0.064967809110835939 0.034417963173830536 -0.0015027207249392962)
(0.065872630324475476 0.034151429531178765 -0.0014910836148591714)
(0.066816662510598868 0.033843116674039775 -0.001477622384903704)
(0.067859979982617724 0.033470556223148665 -0.001461356044422737)
(0.068992308013310105 0.033053674926444079 -0.0014431546139908552)
(0.069889769493075002 0.032785555516852263 -0.00143144826778294)
(0.07083441285376936 0.032488789218048958 -0.0014184911713805324)
(0.071816851483921015 0.032169075192797103 -0.0014045321556024203)
(0.072827698772057775 0.031832112603859646 -0.0013898200512673928)
(0.073857568106707475 0.031483600613999518 -0.0013746036891942378)
(0.074897072876397894 0.031129238385979686 -0.0013591319002017434)
(0.075936826469656896 0.030774725082563091 -0.0013436535151086981)
(0.076967442275012288 0.030425759866512667 -0.0013284173647338908)
(0.077979533680991836 0.030088041900591372 -0.001313672279896109)
(0.078975925061909411 0.029759856341375825 -0.0012993433889106256)
(0.079972096410785468 0.029431804376516203 -0.0012850203307655935)
(0.080968267759652768 0.029103752411654089 -0.0012706972726092749)
(0.081964439108513296 0.028775700446791532 -0.0012563742144457446)
(0.082960610457369091 0.028447648481930553 -0.0012420511562790774)
(0.083956781806222208 0.028119596517073204 -0.0012277280981133475)
(0.084952953155074673 0.027791544552221516 -0.0012134050399526303)
(0.08594912450392854 0.027463492587377528 -0.0011990819818010002)
(0.086945295852785806 0.027135440622543264 -0.0011847589236625316)
(0.087941467201662224 0.026807388657712025 -0.0011704358655396003)
(0.088937638550545942 0.026479336692889884 -0.0011561128074282728)
(0.089933809899426564 0.026151284728080208 -0.0011417897493263389)
(0.090929981248306119 0.025823232763278938 -0.0011274666912317612)
(0.0919261525971867 0.025495180798481995 -0.0011131436331425016)
(0.092922323946070251 0.025167128833685298 -0.0010988205750565242)
(0.093918495294958909 0.024839076868884782 -0.0010844975169717905)
(0.094914666643854673 0.024511024904076372 -0.0010701744588862633)
(0.095910837992759554 0.024182972939255983 -0.0010558514007979053)
(0.096907009341655775 0.023854920974432054 -0.00104152834270549)
(0.097903180690519093 0.023526869009624449 -0.0010272052846129051)
(0.09889935203939608 0.023198817044806867 -0.0010128822265203204)
(0.099895523388282628 0.022870765079981332 -0.00099855916842773551)
(0.10089169473717467 0.022542713115149875 -0.00098423611033515083)
(0.10188786608606819 0.022214661150314546 -0.00096991305224256583)
(0.10288403743495909 0.021886609185477385 -0.00095558999414998094)
(0.1038802087838433 0.021558557220640418 -0.00094126693605739626)
(0.10487638013271669 0.021230505255805686 -0.00092694387796481148)
(0.10587255148157521 0.020902453290975228 -0.0009126208198722268)
(0.10686872283046181 0.020574401326121584 -0.00089829776178132232)
(0.10786489417933783 0.020246349361267939 -0.00088397470369469121)
(0.10886106552820531 0.019918297396414295 -0.00086965164561029562)
(0.10985723687706625 0.019590245431560654 -0.00085532858752609844)
(0.11085340822592273 0.01926219346670701 -0.00084100552944006213)
(0.1118495795747768 0.018934141501853373 -0.0008266824713501498)
(0.11284575092363047 0.018606089536999725 -0.00081235941325432314)
(0.11384192227248575 0.018278037572146084 -0.00079803635515054571)
(0.11483809362134471 0.017949985607292444 -0.00078371329703677984)
(0.11583426497020695 0.017621933642439285 -0.00076939023890978953)
(0.11683043631906907 0.017293881677586331 -0.00075506718076705616)
(0.1178266076679312 0.016965829712733381 -0.00074074412261235071)
(0.11882277901679328 0.016637777747880431 -0.00072642106444974848)
(0.1198189503656554 0.016309725783027473 -0.00071209800628332356)
(0.12081512171451753 0.015981673818174523 -0.00069777494811715138)
(0.12181129306337964 0.015653621853321566 -0.00068345188995530591)
(0.12280746441224177 0.01532556988846861 -0.00066912883180186226)
(0.12380363576110388 0.01499751792361566 -0.00065480577366089517)
(0.12479980710996598 0.014669465958762421 -0.00064048271553584753)
(0.12579597845882437 0.014341413993908782 -0.00062615965742342944)
(0.12679214980767939 0.014013362029055135 -0.00061183659932074726)
(0.12778832115653296 0.013685310064201496 -0.000597513541225764)
(0.12878449250538723 0.013357258099347851 -0.00058319048313644202)
(0.12978066385424414 0.013029206134494207 -0.00056886742505074398)
(0.13077683520310579 0.012701154169640568 -0.00055454436696663288)
(0.13177300655197424 0.01237310220478692 -0.00054022130888207098)
(0.13276917790085144 0.01204505023993328 -0.00052589825079502105)
(0.13376556928176847 0.01171686468072022 -0.00051156935984782615)
(0.1347776606877378 0.011379146714801686 -0.00049682427503569689)
(0.13580827649308708 0.01103018149874749 -0.00048158812468012161)
(0.13684803008634408 0.010675668195322618 -0.00046610973959988891)
(0.13788753485603672 0.01032130596729206 -0.00045063795061378717)
(0.13891740419069271 0.0099727939774207908 -0.00043542158854060445)
(0.13992825147883997 0.009635831388473794 -0.00042070948419912921)
(0.14091069010900617 0.0093161173632160567 -0.00040675046840814961)
(0.14185533346971924 0.0090193510644125587 -0.00039379337198645415)
(0.14275279494950704 0.0087512316548282853 -0.00038208702575283078)
(0.14388512298014294 0.0083343503582394042 -0.00036388559523880073)
(0.1449284404522575 0.0079617899074190222 -0.00034761925460757707)
(0.14587247263844189 0.0076534770503847299 -0.00033415802449123953)
(0.14677729385212449 0.0073869434078328014 -0.00032252091428825667)
(0.14773579776578522 0.0071241069103584551 -0.00031104522496604257)
(0.14886636433344688 0.006836029914455798 -0.00029846751175828404)
(0.14994901515469161 0.0066150194678656904 -0.00028881798736822507)
(0.15090653287122369 0.006458543878320783 -0.00028198611566266762)
(0.15194510296300001 0.0064231497093081812 -0.00028044077279149412)
(0.060841415712041498 0.038065326748389403 -0.0016619680579926072)
(0.061795544220775087 0.037896814517206869 -0.0016546106549773995)
(0.062884431503922894 0.037658803185344578 -0.0016442188556809872)
(0.064024920377850125 0.037348566313995052 -0.0016306736212852002)
(0.064980110945363628 0.037065511527164752 -0.0016183151824247773)
(0.065877489354579447 0.036778475198077212 -0.0016057829057284706)
(0.06681709497942831 0.03644644585332657 -0.001591286191568942)
(0.067863623256563407 0.036045226768474693 -0.0015737685881141131)
(0.069006009091331699 0.035596277525591781 -0.0015541670409198048)
(0.069895461630576958 0.035307533446905605 -0.0015415602022141265)
(0.070835725443651298 0.03498793886155456 -0.0015276064012981216)
(0.071816691868575908 0.034643631331544196 -0.001512573609914787)
(0.072828252243371971 0.034280748418880125 -0.0014967297998071212)
(0.073860297906060704 0.033905427685567896 -0.0014803429427181203)
(0.074902720194663305 0.033523806693613101 -0.0014636810103907827)
(0.075945410447200976 0.033142023005021316 -0.0014470119745681061)
(0.076978260001694901 0.032766214181798127 -0.0014306038069930873)
(0.077991160196166268 0.032402517785949103 -0.0014147244794087226)
(0.078987152665535659 0.032049087062384324 -0.0013992933607422432)
(0.079982908177240575 0.031695800209713777 -0.0013838685235984054)
(0.080978663688936026 0.031342513357040552 -0.0013684436864424129)
(0.081974419200624205 0.030989226504366842 -0.0013530188492786542)
(0.082970174712307262 0.030635939651694831 -0.0013375940121115174)
(0.083965930223987448 0.030282652799026737 -0.0013221691749453898)
(0.084961685735666939 0.029929365946364729 -0.0013067443377846604)
(0.085957441247347915 0.02957607909371102 -0.0012913195006337172)
(0.086953196759032597 0.029222792241067785 -0.001275894663496948)
(0.087948952270737915 0.028869505388427811 -0.0012604698263769113)
(0.088944707782451018 0.028516218535797624 -0.0012450449892693709)
(0.089940463294160833 0.028162931683180865 -0.0012296201521719465)
(0.090936218805869495 0.027809644830573157 -0.0012141953150824442)
(0.091931974317579226 0.027456357977970108 -0.0011987704779986696)
(0.092927729829292233 0.027103071125367331 -0.0011833456409184289)
(0.093923485341010679 0.026749784272760438 -0.0011679208038395282)
(0.0949192408527368 0.026396497420145038 -0.0011524959667597728)
(0.095914996364472746 0.02604321056751675 -0.0011370711296769689)
(0.09691075187619938 0.025689923714884638 -0.0011216462925897955)
(0.097906507387890515 0.025336636862270112 -0.0011062214555024393)
(0.098902262899596374 0.024983350009644835 -0.0010907966184150837)
(0.099898018411312614 0.024630063157010995 -0.0010753717813277279)
(0.10089377392303472 0.024276776304370792 -0.0010599469442403719)
(0.10188952943475842 0.023923489451726405 -0.0010445221071530154)
(0.10288528494647929 0.023570202599080044 -0.0010290972700656596)
(0.10388104045819292 0.023216915746433892 -0.0010136724329783038)
(0.10487679596989495 0.022863628893790157 -0.00099824759589094776)
(0.10587255148158099 0.022510342041151016 -0.00098282275880359174)
(0.10686830699329722 0.022157055188486902 -0.00096739792171804569)
(0.10786406250500206 0.021803768335822798 -0.00095197308463710153)
(0.10885981801669771 0.021450481483158691 -0.00093654824755856462)
(0.10985557352838635 0.021097194630494583 -0.00092112341048024174)
(0.11085132904007017 0.020743907777830476 -0.0009056985733999378)
(0.11184708455175137 0.020390620925166372 -0.0008902737363154598)
(0.11284284006343218 0.020037334072502262 -0.00087484889922461286)
(0.11383859557511469 0.019684047219838158 -0.00085942406212520322)
(0.11483435108680119 0.019330760367174054 -0.00084399922501503688)
(0.11583010659849119 0.018977473514510464 -0.0008285743878906289)
(0.11682586211018106 0.018624186661847102 -0.00081314955074926639)
(0.11782161762187096 0.018270899809183738 -0.0007977247135950114)
(0.11881737313356082 0.017917612956520373 -0.00078229987643225216)
(0.11981312864525073 0.017564326103857004 -0.00076687503926537619)
(0.1208088841569406 0.017211039251193647 -0.00075145020209877204)
(0.12180463966863048 0.016857752398530278 -0.00073602536493682779)
(0.12280039518032039 0.01650446554586691 -0.00072060052778393153)
(0.12379615069201025 0.016151178693203549 -0.00070517569064447157)
(0.12479190620370006 0.015797891840539872 -0.00068975085352215566)
(0.12578766171538597 0.01544460498787577 -0.00067432601641344075)
(0.12678341722706818 0.015091318135211661 -0.00065890117931521072)
(0.12777917273874889 0.014738031282547555 -0.00064347634222527181)
(0.1287749282504303 0.014384744429883443 -0.00062805150514142958)
(0.12977068376211465 0.014031457577219337 -0.00061262666806149036)
(0.13076643927380399 0.013678170724555233 -0.00059720183098325985)
(0.13176219478550066 0.013324883871891119 -0.00058177699390454384)
(0.13275795029720686 0.012971597019227017 -0.00056635215682314876)
(0.1337539427665756 0.01261816629566492 -0.00055092103819790231)
(0.13476684296103594 0.012254469899818869 -0.00053504171064116439)
(0.13579969251552329 0.011878661076591614 -0.00051863354308685707)
(0.13684238276805885 0.01149687738799092 -0.00050196450727797812)
(0.13788480505666378 0.011115256396024576 -0.00048530257495752491)
(0.13891685071935933 0.010739935662700338 -0.00046891571786849466)
(0.1399284110941667 0.010377052750025987 -0.00045307190775388496)
(0.14090937751910695 0.010032745220009298 -0.00043803911635669298)
(0.14184964133220146 0.0097131506346580451 -0.00042408531541991641)
(0.14273909387147138 0.0094244065559799979 -0.00041147847668655227)
(0.14388147970617884 0.0089754573132216926 -0.00039187692940377664)
(0.14492800798341698 0.0085742382284459805 -0.00037435932578713278)
(0.14586761360833159 0.0082422088838080988 -0.00035986261145435966)
(0.14676499201759374 0.007955172554828081 -0.00034733033462574386)
(0.14772018258514083 0.0076721177680677084 -0.00033497189572840366)
(0.14886067145907098 0.0073618808967452444 -0.00032142666146997394)
(0.14994955874222202 0.0071238695648620691 -0.00031103486240548607)
(0.15090368725095815 0.006955357333655824 -0.00030367745958139944)
(0.15194510296300001 0.0069172405231721469 -0.0003020132436103493)
(0.060844068251215688 0.040599803582852055 -0.001772625706367513)
(0.061795037516758099 0.040420071420494925 -0.0017647784305705181)
(0.06288973810525611 0.040166212747798503 -0.0017536947214224128)
(0.06403947603689987 0.03983531959340092 -0.0017392476142272558)
(0.06499157807553374 0.039533418369106732 -0.0017260663221385158)
(0.065882018689661745 0.03922727050233215 -0.0017126996176917313)
(0.066817498104372847 0.038873133881629454 -0.0016972376790260267)
(0.067867019327002051 0.038445200709103428 -0.001678553713321241)
(0.069018780523494222 0.037966359395059338 -0.0016576470501190774)
(0.069900767545035034 0.037658390072797671 -0.0016442008191531782)
(0.070836948971654559 0.03731751614631957 -0.0016293179421410168)
(0.071816543083454823 0.036950283830597785 -0.0016132842329993713)
(0.072828768160537904 0.036563239340605111 -0.0015963855056450222)
(0.073862842483005828 0.036162928891314318 -0.0015789075739947483)
(0.0749079843309607 0.035755898697698192 -0.0015611362519653293)
(0.07595341198450449 0.035348694974729533 -0.0015433573534735453)
(0.076988343723739333 0.034947863937381085 -0.0015258566924361754)
(0.07800199782876728 0.034559951800625655 -0.0015089200827699987)
(0.078997618453544 0.034182988848180156 -0.00149246152480033)
(0.079992986343471004 0.033806179345883286 -0.0014760096665915)
(0.080988354233387905 0.033429369843583565 -0.0014595578083697056)
(0.08198372212329702 0.033052560341283323 -0.0014431059501396279)
(0.082979090013200738 0.032675750838984899 -0.0014266540919059473)
(0.08397445790310136 0.032298941336690645 -0.001410202233673343)
(0.084969825793001233 0.031922131834402886 -0.0013937503754464962)
(0.085965193682902716 0.031545322332123982 -0.0013772985172300881)
(0.086960561572808112 0.031168512829856249 -0.0013608466590287972)
(0.087955929462735505 0.030791703327591985 -0.0013443948008453521)
(0.08895129735267128 0.030414893825338164 -0.0013279429426752364)
(0.089946665242603502 0.030038084323098672 -0.00131149108451591)
(0.090942033132534489 0.029661274820868829 -0.0012950392263650331)
(0.091937401022466642 0.029284465318643954 -0.0012785873682202653)
(0.092932768912402236 0.028907655816419367 -0.0012621355100792668)
(0.093928136802343687 0.028530846314190398 -0.0012456836519396967)
(0.094923504692293284 0.028154036811952349 -0.0012292317937992157)
(0.095918872582253387 0.027777227309700555 -0.0012127799356554834)
(0.096914240472203511 0.02740041780744468 -0.0011963280775070901)
(0.09790960836211586 0.027023608305207572 -0.0011798762193585021)
(0.098904976252043864 0.026646798802958994 -0.0011634243612099148)
(0.099900344141982914 0.026269989300701273 -0.001146972503061327)
(0.10089571203192826 0.025893179798436763 -0.0011305206449127394)
(0.10189107992187531 0.025516370296167806 -0.0011140687867641516)
(0.10288644781181931 0.025139560793896731 -0.0010976169286155636)
(0.1038818157017556 0.02476275129162589 -0.0010811650704669763)
(0.10487718359167954 0.024385941789357622 -0.0010647132123183887)
(0.10587255148158642 0.02400913228709425 -0.0010482613541698009)
(0.10686791937152547 0.023632322784804243 -0.0010318094960231432)
(0.10786328726145238 0.02325551328251425 -0.0010153576378813943)
(0.10885865515136949 0.02287870378022425 -0.00099890577974221287)
(0.10985402304127913 0.022501894277934257 -0.00098245392160325952)
(0.11084939093118362 0.022125084775644257 -0.00096600206346219349)
(0.11184475882108535 0.02174827527335426 -0.00094955020531667541)
(0.11284012671098656 0.02137146577106426 -0.00093309834716436425)
(0.11383549460088971 0.020994656268774267 -0.00091664648900292042)
(0.11483086249079706 0.020617846766484271 -0.00090019463083000357)
(0.11582623038070815 0.020241037264194829 -0.00088374277264189661)
(0.1168215982706191 0.019864227761905624 -0.00086729091443570668)
(0.11781696616053008 0.019487418259616418 -0.00085083905621576581)
(0.11881233405044103 0.019110608757327213 -0.00083438719798675407)
(0.11980770194035198 0.018733799255038004 -0.00081793533975335175)
(0.12080306983026297 0.018356989752748805 -0.00080148348152023956)
(0.12179843772017392 0.017980180250459592 -0.00078503162329209713)
(0.12279380561008489 0.017603370748170383 -0.00076857976507360508)
(0.12378917349999584 0.017226561245881181 -0.00075212790686944434)
(0.12478454138990679 0.01684975174359165 -0.000735676048683569)
(0.12577990927981345 0.016472942241301653 -0.00071922419051220017)
(0.12677527716971626 0.016096132739011657 -0.00070277233235201434)
(0.12777064505961741 0.01571932323672166 -0.00068632047420067171)
(0.12876601294951937 0.015342513734431658 -0.00066986861605583189)
(0.12976138083942435 0.01496570423214166 -0.00065341675791515455)
(0.13075674872933485 0.014588894729851663 -0.00063696489977629997)
(0.13175211661925301 0.01421208522756166 -0.00062051304163692747)
(0.13274748450918131 0.013835275725271665 -0.00060406118349469733)
(0.1337431051339574 0.01345831277282903 -0.00058760262556900719)
(0.13475675923897357 0.013070400636076767 -0.00057066601593229601)
(0.1357916909782014 0.012669569598723989 -0.00055316535491701678)
(0.13683711863174297 0.012262365875745819 -0.00053538645643994942)
(0.13788226047970034 0.011855335682117373 -0.00051761513441787334)
(0.13891633480217555 0.011455025232813776 -0.00050013720276756782)
(0.13992855987927058 0.011067980742810145 -0.00048323847540581274)
(0.14090815399108766 0.010700748427081609 -0.000467204766249387)
(0.14184433541772865 0.010359874500603284 -0.00045232188921507098)
(0.14272632243929573 0.010051905178350291 -0.00043887565821964326)
(0.14387808363572305 0.0095730638644391033 -0.00041796899492312095)
(0.14492760485846218 0.0091451306919943191 -0.00039928502904574702)
(0.1458630842732434 0.0087909940714118746 -0.00038382309019526265)
(0.14675352488742083 0.0084848462047519696 -0.00037045638560735948)
(0.14770562692609052 0.0081829449805323872 -0.00035727509347924404)
(0.1488553648577374 0.0078520518261636675 -0.00034282798643059007)
(0.14995006544623873 0.0075981931534449638 -0.00033174427752985085)
(0.15090103471178393 0.0074184609910625341 -0.00032389700193670293)
(0.15194510296300001 0.0073778062758391187 -0.00032212197864606645)
(0.060846540810241212 0.042962311037205748 -0.0018757750094552997)
(0.061794565193633653 0.042772120238700556 -0.0018674710997357066)
(0.062894684642954349 0.042503489499302514 -0.0018557424282189814)
(0.064053044065039047 0.042153341632446467 -0.0018404546421182538)
(0.065002267137725403 0.041833872739594026 -0.0018265063290572546)
(0.065886240700196469 0.041509910091624427 -0.0018123618144707924)
(0.066817873876474421 0.041135166218362905 -0.001796000143734169)
(0.067870184967191646 0.040682331563050282 -0.0017762289558174744)
(0.06903068538814966 0.040175626415340761 -0.0017541057313686533)
(0.069905713442463976 0.039849736321170184 -0.0017398770626053631)
(0.070838089480807762 0.039489026899905605 -0.0017241281491895595)
(0.07181640439370518 0.039100425291556544 -0.0017071614365842204)
(0.072829249071680494 0.038690858636132482 -0.001689279370252325)
(0.073865214405257909 0.038267254073642974 -0.0016707843956568511)
(0.074912891284961675 0.037836538744097495 -0.0016519789582607766)
(0.075960870601316011 0.037405639787505558 -0.0016331655035270809)
(0.076997743244845138 0.036981484343876693 -0.0016146464769187412)
(0.078012100106073304 0.036570999553220386 -0.0015967243238987363)
(0.079007374116665169 0.036172101081226121 -0.0015793080404609644)
(0.08000238068573598 0.035773364988663105 -0.0015618988466439211)
(0.080997387254796091 0.035374628896097056 -0.0015444896528131597)
(0.081992393823848042 0.034975892803530459 -0.001527080458973632)
(0.082987400392894178 0.034577156710965798 -0.001509671265130292)
(0.083982406961937095 0.034178420618405536 -0.0014922620712880909)
(0.084977413530979207 0.033779684525852151 -0.0014748528774519828)
(0.085972420100023011 0.033380948433308119 -0.0014574436836269195)
(0.08696742666907098 0.032982212340775932 -0.0014400344898178542)
(0.087962433238142249 0.032583476248247409 -0.0014226252960276736)
(0.088957439807222316 0.032184740155729939 -0.0014052161022515969)
(0.08995244637629865 0.031786004063227631 -0.0013878069084869375)
(0.090947452945373694 0.031387267970735523 -0.0013703977147312201)
(0.091942459514449973 0.030988531878248685 -0.0013529885209819666)
(0.092937466083529888 0.030589795785762153 -0.0013355793272367019)
(0.093932472652615992 0.030191059693270968 -0.0013181701334929491)
(0.094927479221710728 0.02979232360077019 -0.0013007609397482319)
(0.095922485790816567 0.029393587508254857 -0.0012833517460000741)
(0.096917492359911858 0.028994851415735212 -0.0012659425522469844)
(0.097912498928967182 0.028596115323235419 -0.0012485333584936887)
(0.098907505498039047 0.028197379230723494 -0.0012311241647403935)
(0.099902512067122612 0.027798643138201899 -0.0012137149709870979)
(0.10089751863621285 0.027399907045673119 -0.0011963057772338026)
(0.1018925252053049 0.027001170953139624 -0.0011788965834805068)
(0.10288753177439369 0.026602434860603891 -0.0011614873897272113)
(0.10388253834347434 0.026203698768068415 -0.0011440781959739159)
(0.10487754491254191 0.025804962675535646 -0.0011266690022206202)
(0.10587255148159144 0.025406226583008069 -0.001109259808467325)
(0.10686755805067499 0.025007490490452308 -0.0010918506147160718)
(0.10786256461974575 0.024608754397896553 -0.001074441420970013)
(0.10885757118880611 0.024210018305340794 -0.0010570322272266711)
(0.10985257775785855 0.023811282212785046 -0.0010396230334835705)
(0.11084758432690557 0.023412546120229291 -0.0010222138397382344)
(0.11184259089594958 0.02301381002767354 -0.001004804645988187)
(0.11283759746499318 0.022615073935117781 -0.00098739545223095132)
(0.11383260403403873 0.022216337842562026 -0.00096998625846405164)
(0.11482761060308876 0.021817601750006278 -0.00095257706468501117)
(0.11582261717214272 0.02141886565745111 -0.00093516787088989686)
(0.11681762374119656 0.021020129564896187 -0.00091775867707564746)
(0.1178126303102504 0.020621393472341275 -0.00090034948324684645)
(0.11880763687930428 0.020222657379786353 -0.000882940289408447)
(0.1198026434483581 0.019823921287231438 -0.00086553109556540163)
(0.12079765001741195 0.019425185194676526 -0.00084812190172266287)
(0.12179265658646578 0.019026449102121604 -0.00083071270788518357)
(0.12278766315551967 0.018627713009566685 -0.00081330351405791616)
(0.1237826697245735 0.018228976917011773 -0.00079589432024581371)
(0.12477767629362732 0.017830240824456504 -0.00077848512645306068)
(0.12577268286267665 0.017431504731900752 -0.00076107593267565844)
(0.12676768943172184 0.017032768639344997 -0.00074366673891009005)
(0.12776269600076531 0.016634032546789242 -0.00072625754515387908)
(0.12875770256980965 0.016235296454233484 -0.00070884835140454954)
(0.12975270913885714 0.015836560361677729 -0.00069143915765962479)
(0.13074771570791047 0.015437824269121977 -0.00067402996391662873)
(0.13174272227697198 0.015039088176566219 -0.00065662077017308472)
(0.13273772884604415 0.014640352084010464 -0.00063921157642651664)
(0.13373300285663534 0.014241453612019233 -0.00062179529303528307)
(0.13474735971785107 0.013830968821366288 -0.00060387314004645804)
(0.1357842323613728 0.013406813377732829 -0.00058535411346149493)
(0.13683221167772472 0.01297591442113084 -0.00056654065874337184)
(0.13787988855743114 0.012545199091572323 -0.00054773522135506756)
(0.13891585389101624 0.01212159452906925 -0.00052924024675955999)
(0.13992869856900428 0.01171202787363361 -0.00051135818041982768)
(0.14090701348191942 0.011323426265277395 -0.00049439146779884833)
(0.14183938952028594 0.010962716844012588 -0.00047864255435960124)
(0.14271441757462805 0.010636826749851174 -0.00046441388556506372)
(0.14387491799551744 0.010130121602282292 -0.00044229066101639388)
(0.14492722908635094 0.0096772869470556286 -0.00042251947291706738)
(0.14585886226270314 0.0093025430739213759 -0.000406157801984912)
(0.14674283582522649 0.0089785804260731211 -0.00039201328724911938)
(0.14769205889795076 0.0086591115332996307 -0.00037806497414645318)
(0.14885041832003873 0.0083089636664741041 -0.00036277718820075397)
(0.14995053776936307 0.0080403329270525067 -0.00035104851694578936)
(0.1508985621527584 0.0078501421285205424 -0.00034274460744190463)
(0.15194510296300001 0.0078071217105278043 -0.0003408662953324634)
(0.060848845601135203 0.045164517581760759 -0.001971925423672027)
(0.061794124918588648 0.044964577786726502 -0.0019631958635651895)
(0.062899295548063616 0.044682177295234403 -0.0019508659916812243)
(0.064065691475022751 0.044314081187109736 -0.0019347945684392448)
(0.065012230925424894 0.043978236627547664 -0.0019201312783305295)
(0.065890176238775897 0.043637667967323907 -0.0019052617295957669)
(0.066818224151678776 0.043243715085275289 -0.0018880613754292687)
(0.067873135812290736 0.042767668563155323 -0.0018672767355270403)
(0.069041782483656361 0.042234990199259199 -0.0018440194959730804)
(0.069910323750747544 0.041892395293804924 -0.0018290614793997134)
(0.07083915260410785 0.041513196256199557 -0.0018125052919021256)
(0.071816275114335609 0.041104675304955041 -0.0017946688820054395)
(0.072829697352029238 0.04067411465858331 -0.0017758701982347812)
(0.073867425387787108 0.040228796535596321 -0.0017564271891152734)
(0.074917465292207608 0.039776003154505996 -0.0017366578031720414)
(0.075967823135889109 0.039323016733824274 -0.0017168799889302091)
(0.07700650498943 0.0388771194920631 -0.0016974116949149008)
(0.078021516923428638 0.038445593647734415 -0.0016785708696512407)
(0.079016467838309221 0.038026248025565243 -0.0016602618443557211)
(0.080011137602874843 0.037607073106240028 -0.0016419602720880372)
(0.081005807367429253 0.03718789818691165 -0.0016236586998059318)
(0.082000477131975003 0.036768723267582681 -0.001605357127514611)
(0.082995146896514702 0.036349548348255732 -0.0015870555552192824)
(0.083989816661050987 0.035930373428933439 -0.0015687539829251516)
(0.084984486425586439 0.035511198509618362 -0.001550452410637425)
(0.085979156190123682 0.035092023590313132 -0.0015321508383613106)
(0.086973825954665282 0.034672848671020329 -0.0015138492661020135)
(0.087968495719231349 0.034253673751731384 -0.0014955476938625695)
(0.088963165483806741 0.033834498832454075 -0.0014772461216379519)
(0.089957835248378137 0.033415323913192685 -0.0014589445494253377)
(0.090952505012948243 0.032996148993942029 -0.0014406429772221227)
(0.091947174777519583 0.03257697407469691 -0.0014223414050257034)
(0.092941844542094795 0.03215779915545211 -0.0014040398328334775)
(0.093936514306676502 0.031738624236202426 -0.0013857382606428409)
(0.094931184071267244 0.031319449316942652 -0.0013674366884511909)
(0.095925853835869726 0.030900274397667585 -0.0013491351162559233)
(0.096920523600461106 0.030481099478387976 -0.0013308335440554715)
(0.097915193365010381 0.03006192455912924 -0.0013125319718548026)
(0.098909863129577169 0.029642749639857743 -0.0012942303996541346)
(0.099904532894156198 0.029223574720576091 -0.0012759288274534664)
(0.10089920265874223 0.028804399801286875 -0.0012576272552527977)
(0.10189387242333016 0.028385224881992709 -0.0012393256830521293)
(0.10288854218791471 0.027966049962696193 -0.0012210241108514608)
(0.10388321195249067 0.027546875043399935 -0.0012027225386507924)
(0.10487788171705288 0.027127700124106532 -0.0011844209664501242)
(0.10587255148159612 0.026708525204818589 -0.0011661193942494555)
(0.10686722124617516 0.026289350285501015 -0.0011478178220509345)
(0.10786189101074072 0.02587017536618345 -0.0011295162498578739)
(0.10885656077529535 0.025451000446865876 -0.0011112146776676691)
(0.10985123053984164 0.025031825527548311 -0.001092913105477718)
(0.11084590030438224 0.024612650608230743 -0.0010746115332854172)
(0.11184057006891973 0.024193475688913182 -0.0010563099610881631)
(0.11283523983345672 0.023774300769595604 -0.0010380083888833528)
(0.1138299095979958 0.02335512585027804 -0.0010197068166683829)
(0.11482457936253956 0.022935950930960479 -0.0010014052444406497)
(0.11581924912708748 0.022516776011643522 -0.00098310367219601883)
(0.11681391889163524 0.022097601092326839 -0.00096480209993127209)
(0.11780858865618304 0.021678426173010152 -0.00094650052765122791)
(0.11880325842073085 0.021259251253693469 -0.00092819895536109317)
(0.11979792818527862 0.020840076334376775 -0.00090989738306607453)
(0.12079259794982639 0.020420901415060092 -0.000891595810771378)
(0.12178726771437422 0.020001726495743406 -0.00087329423848221048)
(0.12278193747892199 0.019582551576426716 -0.00085499266620377851)
(0.12377660724346981 0.019163376657110029 -0.00083669109394128886)
(0.12477127700801754 0.018744201737792978 -0.00081838952169914026)
(0.12576594677256059 0.01832502681847541 -0.00080008794947312924)
(0.12676061653709927 0.017905851899157842 -0.00078178637725955912)
(0.12775528630163618 0.017486676979840274 -0.00076348480505582586)
(0.12874995606617395 0.017067502060522703 -0.0007451832328593264)
(0.12974462583071505 0.016648327141205135 -0.00072688166066745799)
(0.13073929559526232 0.016229152221887571 -0.00070858008847761716)
(0.13173396535981816 0.015809977302569996 -0.00069027851628719996)
(0.13272863512438524 0.015390802383252432 -0.00067197694409360388)
(0.13372358603926507 0.01497145676108645 -0.00065366791884700817)
(0.13473859797325063 0.014539930916761288 -0.00063482709361612616)
(0.1357772798267837 0.014094033674995288 -0.00061535879962539214)
(0.13682763767046272 0.013641047254302999 -0.00059558098539993132)
(0.137877677574886 0.013188253873198963 -0.00057581159946486747)
(0.13891540561065197 0.012742935750197719 -0.00055636859034532472)
(0.13992882784835894 0.012312375103813807 -0.00053756990656642762)
(0.14090595035860537 0.011903854152561778 -0.00051973349665329985)
(0.14183477921198953 0.011524655114956176 -0.00050317730913106617)
(0.14270332047910997 0.011182060209511532 -0.00048821929252485012)
(0.14387196715040346 0.010649381845763252 -0.00046496205286592363)
(0.14492687881113767 0.010173335323733664 -0.00044417741277170183)
(0.14585492672411857 0.0097793824418188208 -0.0004269770583996486)
(0.14673287203752453 0.009438813781722644 -0.00041210750950790146)
(0.14767941148796651 0.0091029692222435558 -0.00039744421935538346)
(0.14884580741492914 0.0087348731141509948 -0.00038137279627637876)
(0.14995097804440788 0.0084524726226341117 -0.00036904292466759128)
(0.15089625736186438 0.0082525328275717107 -0.0003603133647875196)
(0.15194510296300001 0.0082073072245280321 -0.00035833877221456821)
(0.060850994007304759 0.047217299957513191 -0.0020615518377853654)
(0.061793714517096046 0.047008272655085198 -0.0020524255085310902)
(0.062903593593934007 0.046713036717032877 -0.0020395352289409446)
(0.064077480732655137 0.046328210192116463 -0.0020227333399229345)
(0.065021518649973631 0.045977101087956662 -0.0020074035854054898)
(0.065893844743101643 0.045621053167001838 -0.0019918581975560314)
(0.06681855066000196 0.045209194646269442 -0.0019738760663269139)
(0.067875886436580726 0.044711511229459364 -0.0019521467392064412)
(0.069052126618785084 0.044154621984635073 -0.0019278324297661797)
(0.06991462124028805 0.043796455723134176 -0.0019121945531070177)
(0.070840143592341448 0.043400021627058645 -0.0018948858667070963)
(0.071816154606832772 0.042972932900628168 -0.0018762387702395567)
(0.072830115215649513 0.042522802748062465 -0.0018565856633775434)
(0.073869486350679206 0.042057244373581229 -0.0018362589457941989)
(0.074921728943809357 0.041583870981404161 -0.0018155910171626663)
(0.075974303926927417 0.041110295775750982 -0.0017949142771560888)
(0.077014672231920975 0.0406441319608414 -0.0017745611254476091)
(0.078030294790677523 0.040192992740895092 -0.0017548639617103704)
(0.079024944532544397 0.039754587349052094 -0.001735722768898043)
(0.080019300345471819 0.039316360418705391 -0.0017165893678627506)
(0.081013656158387515 0.038878133488355358 -0.0016974559668123815)
(0.082008011971294148 0.038439906558004736 -0.0016783225657523782)
(0.083002367784194467 0.038001679627656222 -0.0016591891646881851)
(0.083996723597091233 0.037563452697312545 -0.0016400557636252434)
(0.084991079409987111 0.037125225766976432 -0.0016209223625689984)
(0.085985435222884848 0.036686998836650622 -0.0016017889615248919)
(0.086979791035787166 0.036248771906337802 -0.0015826555604983676)
(0.087974146848715046 0.035810544976029014 -0.0015635221594925983)
(0.088968502661652668 0.035372318045732376 -0.0015443887585023307)
(0.089962858474586127 0.034934091115452391 -0.0015252553575246105)
(0.090957214287518226 0.03449586418518364 -0.0015061219565567175)
(0.091951570100451629 0.034057637254920656 -0.0014869885555959287)
(0.092945925913389099 0.033619410324658011 -0.0014678551546395242)
(0.093940281726333313 0.033181183394390266 -0.0014487217536847817)
(0.094934637539286992 0.032742956464111975 -0.0014295883527289787)
(0.095928993352252939 0.032304729533817682 -0.0014104549517693942)
(0.09692334916520727 0.03186650260351865 -0.0013913215508043898)
(0.097917704978117637 0.03142827567324144 -0.001372188149839159)
(0.098912060791046252 0.030990048742950894 -0.0013530547488739282)
(0.099906416603987677 0.030551821812649729 -0.0013339213479086978)
(0.10090077241693644 0.030113594882340652 -0.0013147879469434668)
(0.10189512822988717 0.029675367952026403 -0.0012956545459782355)
(0.10288948404283439 0.029237141021709694 -0.0012765211450130047)
(0.10388383985577265 0.028798914091393252 -0.0012573877440477741)
(0.10487819566869648 0.028360687161079798 -0.0012382543430825433)
(0.10587255148160049 0.027922460230772057 -0.0012191209421173123)
(0.10686690729454193 0.027484233300433338 -0.0011999875411543267)
(0.10786126310746927 0.027046006370094626 -0.0011808541401970491)
(0.10885561892038519 0.026607779439755903 -0.0011617207392427577)
(0.10984997473329243 0.026169552509417188 -0.0011425873382887315)
(0.11084433054619371 0.025731325579078472 -0.0011234539373322487)
(0.11183868635909169 0.025293098648739763 -0.0011043205363705875)
(0.11283304217198915 0.024854871718401037 -0.0010851871354010264)
(0.11382739798488883 0.024416644788062325 -0.001066053734420844)
(0.1148217537977934 0.023978417857723616 -0.0010469203334273183)
(0.11581610961070229 0.023540190927385542 -0.0010277869324161271)
(0.11681046542361108 0.023101963997047743 -0.0010086535313839054)
(0.11780482123651988 0.022663737066709953 -0.00098952013033569127)
(0.11879917704942862 0.02222551013637216 -0.00097038672927692775)
(0.11979353286233743 0.021787283206034368 -0.00095125332821305807)
(0.12078788867524619 0.021349056275696578 -0.0009321199271495258)
(0.12178224448815496 0.020910829345358779 -0.00091298652609177351)
(0.12277660030106373 0.020472602415020975 -0.00089385312504524435)
(0.1237709561139725 0.020034375484683183 -0.00087471972401538241)
(0.12476531192688123 0.019596148554345005 -0.00085558632300678633)
(0.12575966773978503 0.019157921624006292 -0.00083645292201506131)
(0.12675402355268434 0.018719694693667573 -0.00081731952103634195)
(0.12774837936558173 0.018281467763328861 -0.00079818612006790721)
(0.12874273517847998 0.017843240832990138 -0.0007790527191070349)
(0.12973709099138181 0.017405013902651423 -0.00075991931815100398)
(0.13073144680429002 0.016966786972312707 -0.00074078591719709268)
(0.1317258026172072 0.016528560041973988 -0.00072165251624257921)
(0.13272015843013613 0.016090333111635272 -0.00070251911528474212)
(0.13371480817200229 0.015651927719795612 -0.00068337792252356208)
(0.13473043073074512 0.015200788499852992 -0.00066368075882059126)
(0.1357707990357305 0.014734624684938354 -0.00064332760713780299)
(0.13682337401884603 0.014261049479274123 -0.00062265086714834096)
(0.13787561661197906 0.013787676087082732 -0.00060198293852534797)
(0.13891498774701719 0.013322117712586599 -0.00058165622094196649)
(0.1399289483558479 0.012871987560008152 -0.0005620031140713402)
(0.14090495937035868 0.012444898833569824 -0.00054335601758661158)
(0.14183048172243709 0.012048464737494042 -0.00052604733116092418)
(0.14269297634397063 0.011690298476003225 -0.00051040945446742016)
(0.14386921652609957 0.011133409231333482 -0.00048609514491742119)
(0.14492655230280616 0.010635725814617896 -0.00046436581759622895)
(0.145851258219788 0.010223867294025354 -0.00044638368615221356)
(0.1467235843129735 0.0098678193732039104 -0.00043083829813863564)
(0.14766762223033364 0.0095167102691308732 -0.00041550854357539648)
(0.14884150936905841 0.0091318837442480143 -0.00039870665472776888)
(0.14995138844590028 0.008836647806169785 -0.00038581637542530931)
(0.1508941089556948 0.0086276205037123903 -0.00037669004640810593)
(0.15194510296300001 0.0085803393418842563 -0.00037462570619585544)
(0.060852996639769799 0.049130796896580349 -0.002145096918399465)
(0.061793331962174909 0.048913298692518065 -0.0021356007415870137)
(0.062907600008697731 0.048606098218918939 -0.0021221880790871792)
(0.064088470065309155 0.048205676469833376 -0.0021047052878736729)
(0.065030176183623972 0.047840338551304824 -0.0020887542899057933)
(0.065897264331988045 0.047469861668771929 -0.002072578919992699)
(0.066818855014074946 0.047041312443161037 -0.0020538680568560866)
(0.067878450425448475 0.046523460238733973 -0.0020312581414560962)
(0.069061768883420582 0.0459440028702277 -0.0020059584864596238)
(0.069918627136470027 0.045571321800686612 -0.0019896868795967492)
(0.070841067340018785 0.045158822079722209 -0.0019716767528672164)
(0.071816042276007769 0.044714425439212141 -0.0019522739765525613)
(0.072830504726377879 0.044246053611034092 -0.0019318244209343201)
(0.073871407473070028 0.043761628327065677 -0.001910673956294028)
(0.074925703298025129 0.043269071319184595 -0.0018891684529132209)
(0.075980344983184067 0.042776304319268481 -0.001867653781073437)
(0.07702228531048777 0.04229124905919502 -0.0018464758110562102)
(0.078038477061877165 0.041821827270841862 -0.0018259804131430782)
(0.079032846065928558 0.041365655353252644 -0.0018060635170633163)
(0.080026909229471518 0.040909669129371801 -0.0017861547285249707)
(0.081020972393002252 0.040453682905487495 -0.0017662459399709366)
(0.082015035556523577 0.039997696681602544 -0.0017463371514068787)
(0.083009098720038352 0.039541710457719821 -0.001726428362838461)
(0.084003161883549379 0.039085724233842135 -0.0017065195742713461)
(0.084997225047059505 0.038629738009972311 -0.0016866107857111982)
(0.085991288210571587 0.038173751786113187 -0.0016667019971636815)
(0.086985351374088402 0.037717765562267594 -0.0016467932086344588)
(0.087979414537631834 0.037261779338426199 -0.0016268844201268325)
(0.088973477701185397 0.036805793114597453 -0.0016069756316353361)
(0.089967540864734658 0.036349806890786041 -0.0015870668431568961)
(0.090961604028282447 0.035893820666986286 -0.0015671580546886815)
(0.091955667191831611 0.03543783444319256 -0.0015472492662278584)
(0.092949730355385007 0.034981848219399182 -0.0015273404777715973)
(0.093943793518945454 0.034525861995600482 -0.0015074316893170657)
(0.094937856682515712 0.034069875771790818 -0.0014875229008614308)
(0.095931919846098765 0.033613889547964515 -0.0014676141124018614)
(0.096925983009669703 0.033157903324133264 -0.0014477053239366519)
(0.0979200461731949 0.032701917100324725 -0.0014277965354712067)
(0.098914109336739109 0.0322459308765023 -0.001407887747005762)
(0.099908172500296613 0.031789944652668843 -0.0013879789585403168)
(0.10090223566386178 0.031333958428827156 -0.0013680701700748722)
(0.10189629882742897 0.030877972204980071 -0.0013481613816094273)
(0.10289036199099252 0.030421985981130436 -0.0013282525931439825)
(0.10388442515454675 0.029965999757281078 -0.0013083438046785371)
(0.10487848831808597 0.029510013533434833 -0.0012884350162130928)
(0.10587255148160453 0.029054027309594516 -0.0012685262277476476)
(0.1068666146451621 0.028598041085721972 -0.0012486174392845389)
(0.10786067780870495 0.028142054861849446 -0.0012287086508273697)
(0.10885474097223598 0.027686068637976902 -0.0012087998623733075)
(0.1098488041357579 0.027230082414104368 -0.0011888910739195212)
(0.1108428672992736 0.026774096190231834 -0.0011689822854631785)
(0.11183693046278596 0.026318109966359301 -0.0011490734970014483)
(0.11283099362629774 0.025862123742486753 -0.0011291647085314976)
(0.11382505678981182 0.02540613751861422 -0.0011092559200504952)
(0.11481911995333101 0.024950151294741693 -0.0010893471315556091)
(0.11581318311685466 0.024494165070869822 -0.0010694383430423411)
(0.11680724628037824 0.024038178846998239 -0.0010495295545071904)
(0.11780130944390177 0.02358219262312667 -0.0010296207659553991)
(0.11879537260742533 0.023126206399255087 -0.0010097119773926312)
(0.11978943577094887 0.022670220175383511 -0.00098980318882455043)
(0.12078349893447242 0.022214233951511942 -0.00096989440025681967)
(0.12177756209799596 0.021758247727640356 -0.00094998561169510416)
(0.12277162526151954 0.021302261503768773 -0.00093007682314506638)
(0.12376568842504307 0.0208462752798972 -0.00091016803461237128)
(0.12475975158856659 0.020390289056025218 -0.00089025924610180367)
(0.12575381475208497 0.019934302832152688 -0.00087035045760879091)
(0.12674787791559861 0.019478316608280147 -0.00085044166912931084)
(0.1277419410791103 0.019022330384407614 -0.00083053288066053227)
(0.12873600424262294 0.018566344160535073 -0.00081062409219962231)
(0.12973006740613929 0.018110357936662533 -0.00079071530374375031)
(0.1307241305696622 0.017654371712790003 -0.00077080651529008357)
(0.13171819373319449 0.017198385488917459 -0.00075089772683579028)
(0.13271225689673902 0.016742399265044925 -0.00073098893837803902)
(0.13370662590078969 0.016286227347459173 -0.00071107204235149697)
(0.13472281765216482 0.015816805559109845 -0.00069057664447402117)
(0.13576475797946003 0.015331750299031131 -0.00066939867448352749)
(0.13681939966461626 0.014838983299103528 -0.00064788400266155202)
(0.1378736954895744 0.014346426291207534 -0.00062637849928963137)
(0.13891459823627531 0.013862001007223625 -0.00060522803464930098)
(0.13992906068665997 0.013393629179032307 -0.00058477847902209715)
(0.1409040356226692 0.012949232538514073 -0.00056537570268955597)
(0.141826475826244 0.012536732817549414 -0.00054736557593321362)
(0.14268333407932521 0.012164051748018819 -0.00053109396903460576)
(0.14386665253721884 0.011584594379673357 -0.00050579431392394744)
(0.14492624794872536 0.01106674217534461 -0.0004831843983151041)
(0.14584783863089715 0.010638192949879246 -0.00046447353495488461)
(0.14671492677932102 0.010267716067485113 -0.00044829816487101985)
(0.14765663289767919 0.0099023781490468529 -0.00043234716685549093)
(0.14883750295429435 0.0095019563999962035 -0.00041486437581927113)
(0.1499517710008213 0.0091947559263701219 -0.00040145171361878108)
(0.15089210632322972 0.0089772577222772352 -0.00039195553705300866)
(0.15194510296300001 0.0089280604754862769 -0.00038980753876033234)
(0.060854863389571051 0.05091445919759624 -0.0022229732962939347)
(0.061792975364379034 0.050689064859710989 -0.0022131323668282779)
(0.062911334580115316 0.050370711668504486 -0.0021992327661558846)
(0.064098713749512717 0.049955752862756601 -0.0021811152733382153)
(0.065038246286103177 0.049577151583697125 -0.0021645851845447013)
(0.06590045189485115 0.04919322477381697 -0.0021478225781253551)
(0.066819138717108401 0.048749117341416535 -0.002128432429015292)
(0.067880840442484991 0.048212464842410922 -0.0021050016750318572)
(0.069070756900895619 0.047611970643066624 -0.0020787835321683769)
(0.069922361224492677 0.047225759624572296 -0.0020619211949780593)
(0.070841928409547603 0.046798284363866252 -0.0020432572220641953)
(0.071815937567056468 0.046337754186258379 -0.0020231500403086852)
(0.072830867808015384 0.045852378417058602 -0.0020019580765934289)
(0.073873198243420479 0.045350366381576836 -0.001980039757800328)
(0.074929407984267823 0.044839927405123006 -0.0019577535108112822)
(0.075985976141553474 0.044329270813007034 -0.0019354577625081929)
(0.077029381826273613 0.043826605930538803 -0.0019135109397729593)
(0.078046104149424325 0.043340142083028249 -0.0018922714694874832)
(0.079040211464288926 0.042867409134403886 -0.0018716315031761211)
(0.080034001835300128 0.042394868620979735 -0.0018509999387453045)
(0.08102779220629866 0.041922328107552011 -0.00183036837429823)
(0.082021582577287463 0.041449787594123627 -0.0018097368098407673)
(0.083015372948269481 0.04097724708069754 -0.0017891052453787866)
(0.084009163319247598 0.040504706567276672 -0.0017684736809181556)
(0.085002953690224786 0.040032166053863935 -0.0017478421164647449)
(0.085996744061203972 0.039559625540462322 -0.0017272105520244245)
(0.086990534432188113 0.039087085027074718 -0.0017065789876030621)
(0.087984324803199843 0.038614544513691458 -0.0016859474232040802)
(0.088978115174222022 0.038142004000321285 -0.0016653158588218133)
(0.089971905545239733 0.037669463486969097 -0.0016446842944530769)
(0.090965695916255987 0.037196922973629004 -0.0016240527300949369)
(0.091959486287273629 0.036724382460295142 -0.0016034211657444579)
(0.092953276658295655 0.036251841946961641 -0.0015827896013987054)
(0.093947067029324982 0.03577930143362263 -0.0015621580370547448)
(0.094940857400364523 0.035306760920272254 -0.0015415264727096417)
(0.095934647771417234 0.03483422040690462 -0.0015208949083604611)
(0.096928438142457482 0.0343616798935319 -0.0015002633440054354)
(0.097922228513450268 0.033889139380182683 -0.001479631779650166)
(0.098916018884462747 0.033416598866819094 -0.0014590002152948969)
(0.099909809255489063 0.03294405835344405 -0.0014383686509396275)
(0.10090359962652329 0.032471517840060485 -0.001417737086584358)
(0.10189738999755964 0.031998977326671334 -0.0013971055222290881)
(0.10289118036859217 0.031526436813279532 -0.0013764739578738191)
(0.10388497073961507 0.031053896299888025 -0.0013558423935185495)
(0.10487876111062239 0.030581355786499734 -0.0013352108291632802)
(0.10587255148160833 0.030108815273117595 -0.001314579264808011)
(0.10686634185263469 0.029636274759702055 -0.0012939477004551621)
(0.10786013222364579 0.029163734246286533 -0.0012733161361084685)
(0.10885392259464463 0.028691193732870993 -0.0012526845717649956)
(0.10984771296563406 0.028218653219455467 -0.0012320530074218081)
(0.11084150333661702 0.027746112706039938 -0.0012114214430759714)
(0.11183529370759651 0.027273572192624416 -0.0011907898787245513)
(0.11282908407857541 0.026801031679208873 -0.0011701583143646126)
(0.11382287444955669 0.026328491165793347 -0.0011495267499932204)
(0.11481666482054326 0.025855950652377818 -0.0011288951856074411)
(0.1158104551915345 0.025383410138962989 -0.0011082636212026123)
(0.1168042455625256 0.024910869625548449 -0.0010876320567751066)
(0.11779803593351669 0.024438329112133911 -0.001067000492330356)
(0.1187918263045078 0.023965788598719371 -0.0010463689278742304)
(0.11978561667549888 0.02349324808530483 -0.0010257373634125985)
(0.12077940704648996 0.0230207075718903 -0.0010051057989513305)
(0.12177319741748108 0.02254816705847576 -0.00098447423449629515)
(0.12276698778847217 0.022075626545061216 -0.00096384267005336199)
(0.12376077815946328 0.021603086031646686 -0.00094321110562840056)
(0.12475456853045434 0.021130545518231725 -0.00092257954122637034)
(0.12574835890144007 0.0206580050048162 -0.00090194797684253216)
(0.12674214927242092 0.020185464491400667 -0.00088131641247271803)
(0.12773593964339974 0.019712923977985138 -0.00086068484811399376)
(0.12872973001437951 0.019240383464569608 -0.00084005328376342433)
(0.12972352038536317 0.018767842951154079 -0.00081942171941807511)
(0.13071731075635359 0.018295302437738539 -0.00079879015507501139)
(0.13171110112735379 0.017822761924323006 -0.00077815859073129844)
(0.13270489149836664 0.017350221410907481 -0.00075752702638400189)
(0.13369899881323039 0.016877488462286705 -0.00073688706012779172)
(0.13471572113636632 0.016391024614780127 -0.00071564758987926645)
(0.13575912682107769 0.015888359732306467 -0.00069370076717173673)
(0.13681569497836055 0.015377703140178561 -0.00067140501888710252)
(0.13787190471921107 0.014867264163709275 -0.00064911877190726496)
(0.1389142351546252 0.014365252128211449 -0.0006272004531141242)
(0.13992916539559919 0.01387987635899794 -0.00060600848938958073)
(0.14090317455312906 0.013419346181381598 -0.00058590130761553504)
(0.14182274173821094 0.012991870920675278 -0.00056723733467388827)
(0.14267434606184096 0.012605659902191825 -0.00055037499744653982)
(0.14386426252017026 0.012005165703014176 -0.00052415685446472859)
(0.14492596424568469 0.011468513204110454 -0.00050072610026485789)
(0.14584465106802988 0.011024405771860835 -0.00048133595092307102)
(0.1467068566768398 0.010640478962124483 -0.0004645733443267535)
(0.14764638921347523 0.010261877683158577 -0.00044804325548386087)
(0.14883376838287646 0.0098469188774468717 -0.00042992576284991437)
(0.14995212759861704 0.0095285656862124316 -0.00041602616248773253)
(0.15089023957342848 0.0093031713482954626 -0.00040618523327771105)
(0.15194510296300001 0.0092521880267823833 -0.00040395925327459434)
(0.060856603476622105 0.052577096403389881 -0.0022955656044152885)
(0.061792642962464964 0.052344341700334321 -0.0022854033144613338)
(0.062914815753307735 0.052015592525970496 -0.0022710498153563968)
(0.064108262379021536 0.051587083032261241 -0.002252340686722319)
(0.065045768815804456 0.051196118338512779 -0.0022352707995871111)
(0.065903423175126 0.050799654206063194 -0.0022179608018463573)
(0.066819403170317149 0.050341044222675962 -0.0021979374576902434)
(0.067883068292030918 0.049786867067109303 -0.0021737415606816915)
(0.069079135063203456 0.049166763428453907 -0.0021466672512109519)
(0.069925841947089465 0.048767940495412006 -0.0021292542659408728)
(0.070842731053767066 0.048326505815629195 -0.0021099808116289238)
(0.071815839962819331 0.047850936794051474 -0.0020892170197666336)
(0.072831206253829356 0.047349710835624892 -0.002067333021845533)
(0.073874867506380171 0.046831305345295483 -0.0020446989493571517)
(0.074932861300054859 0.046304197728009283 -0.0020216849337930196)
(0.075991225214436492 0.045776865388712298 -0.0019986611066446685)
(0.077035996829108166 0.045257785732350585 -0.0019759975994036263)
(0.078053213723652898 0.044755436163870163 -0.0019540645435614243)
(0.079047077105471361 0.044267265883667029 -0.0019327505687963453)
(0.080040613193475899 0.043779294322732101 -0.0019114452702794352)
(0.081034149281467391 0.043291322761793476 -0.0018901399717457374)
(0.082027685369448836 0.042803351200854184 -0.0018688346732013122)
(0.083021221457423217 0.042315379639917237 -0.0018475293746522202)
(0.084014757545393642 0.041827408078985696 -0.0018262240761045231)
(0.085008293633363055 0.041339436518062565 -0.0018049187775642818)
(0.086001829721334577 0.040851464957150904 -0.001783613479037558)
(0.086995365809311165 0.040363493396253704 -0.001762308180530412)
(0.087988901897316257 0.039875521835361007 -0.0017410028820463764)
(0.088982437985332147 0.03938755027448182 -0.001719697583579602)
(0.089975974073343429 0.038899578713621201 -0.0016983922851267999)
(0.090969510161353198 0.038411607152773058 -0.0016770869866849401)
(0.091963046249364411 0.037923635591931369 -0.0016557816882509918)
(0.092956582337380148 0.037435664031090041 -0.0016344763898219245)
(0.093950118425403406 0.036947692470243043 -0.0016131710913947072)
(0.094943654513437212 0.036459720909384284 -0.0015918657929663105)
(0.095937190601484659 0.035971749348507727 -0.0015705604945337028)
(0.096930726689519214 0.035483777787625889 -0.0015492551960950597)
(0.097924262777504753 0.034995806226768351 -0.0015279498976561643)
(0.098917798865510637 0.034507834665895951 -0.001506644599217269)
(0.099911334953530787 0.034019863105011733 -0.0014853393007783738)
(0.10090487104155911 0.03353189154411871 -0.0014640340023394788)
(0.10189840712958961 0.033043919983219927 -0.0014427287039005835)
(0.10289194321761622 0.032555948422318397 -0.0014214234054616877)
(0.10388547930563281 0.032067976861417172 -0.0014001181070227929)
(0.1048790153936334 0.031580005300519277 -0.0013788128085838976)
(0.10587255148161187 0.031092033739627732 -0.0013575075101450022)
(0.10686608756963206 0.03060406217870169 -0.0013362022117086071)
(0.10785962365763654 0.030116090617775669 -0.0013148969132785679)
(0.10885315974562827 0.029628119056849634 -0.0012935916148518539)
(0.10984669583361037 0.029140147495923602 -0.0012722863164254348)
(0.11084023192158578 0.028652175934997578 -0.0012509810179962804)
(0.11183376800955759 0.028164204374071546 -0.0012296757195613603)
(0.11282730409752882 0.027676232813145511 -0.001208370421117643)
(0.11382084018550244 0.027188261252219487 -0.0011870651226620992)
(0.11481437627348158 0.026700289691293455 -0.0011657598241916975)
(0.11580791236146551 0.026212318130368145 -0.0011444545257016246)
(0.1168014484494493 0.025724346569443137 -0.0011231492271881343)
(0.11779498453743312 0.025236375008518136 -0.0011018439286568356)
(0.11878852062541691 0.024748403447593131 -0.0010805386301137906)
(0.11978205671340067 0.024260431886668127 -0.0010592333315650598)
(0.12077559280138447 0.023772460325743122 -0.0010379280330167042)
(0.12176912888936828 0.023284488764818114 -0.001016622734474785)
(0.12276266497735208 0.022796517203893103 -0.00099531743594536348)
(0.12375620106533587 0.022308545642968105 -0.00097401213743450053)
(0.12474973715331959 0.021820574082042674 -0.00095270683894731743)
(0.12574327324129789 0.021332602521116645 -0.0009314015404789204)
(0.12673680932927109 0.02084463096019061 -0.00091009624202500572)
(0.12773034541724221 0.020356659399264586 -0.0008887909435825427)
(0.12872388150521433 0.019868687838338554 -0.00086748564514850079)
(0.12971741759319036 0.019380716277412519 -0.00084618034671984986)
(0.13071095368117353 0.018892744716486495 -0.00082487504829355902)
(0.13170448976916668 0.018404773155560456 -0.00080356974986659771)
(0.13269802585717297 0.017916801594634432 -0.00078226445143593558)
(0.13369188923899056 0.017428631314434995 -0.0007609504767278095)
(0.13470910613352005 0.016926281745958685 -0.00073901742092376461)
(0.13575387774818262 0.016407202089591358 -0.00071635391371133064)
(0.13681224166256134 0.015879869750282077 -0.00069333008658203714)
(0.1378702354562393 0.015352762132979906 -0.00067031607102741465)
(0.13891389670879953 0.01483435664263391 -0.00064768199853899248)
(0.13992926299982508 0.01433313068419315 -0.00062579800060830139)
(0.14090237190889904 0.013857561662606689 -0.00060503420872687059)
(0.14181926101560449 0.013416126982823596 -0.00058576075438623106)
(0.14266596789952454 0.01301730404979292 -0.00056834776907791168)
(0.14386203467061309 0.01239720041130961 -0.00054127345948497729)
(0.14492569979246919 0.011843023255848174 -0.00051707756225292153)
(0.14584167978775114 0.011384413272616677 -0.00049705421785751667)
(0.14669933414713668 0.010987949140315591 -0.00047974421993401338)
(0.14763684058396598 0.010596984446663755 -0.00046267433274781291)
(0.14883028720968383 0.01016847495299187 -0.00044396520430345788)
(0.14995246000053097 0.0098397257785991822 -0.00042961170551886256)
(0.15088849948637739 0.0096069710755108655 -0.00041944941582889049)
(0.15194510296300001 0.0095543228680585353 -0.00041715074533213285)
(0.060858225495246783 0.054126920311488871 -0.0023632323775865651)
(0.061792333114693156 0.053887304658928784 -0.0023527705321035098)
(0.062918060721857114 0.053548864889894451 -0.0023379939324928503)
(0.064117163114702641 0.05310772414981315 -0.0023187333117293033)
(0.065052780926648499 0.052705234924071802 -0.0023011602526618203)
(0.065906192848023737 0.05229708415175037 -0.0022833400052081135)
(0.066819649679840734 0.051824955644797416 -0.0022627264295706877)
(0.067885144977478495 0.05125444291606731 -0.0022378173060390496)
(0.069086944750250887 0.050616060378225199 -0.0022099449225972583)
(0.069929086495617035 0.050205481274549914 -0.0021920186518335125)
(0.070843479236952611 0.049751034350512625 -0.0021721770706692339)
(0.071815748981227126 0.049261446900949891 -0.0021508012210241395)
(0.072831521735410201 0.04874544622069827 -0.0021282721448179481)
(0.073876423506471361 0.048211759604594263 -0.0021049708839703815)
(0.074936080301380187 0.047669114347474485 -0.002081278480401157)
(0.075996118127106257 0.047126237744175452 -0.0020575759760299963)
(0.077042162990619126 0.046591857089533707 -0.0020342444127766164)
(0.078059840898888386 0.04607469967838581 -0.0020116648325607376)
(0.079053476899011335 0.045572139520779084 -0.0019897225821789511)
(0.080046775957625632 0.045069783940121802 -0.0019677892637965594)
(0.081040075016226468 0.044567428359460738 -0.0019458559453968841)
(0.082033374074816937 0.04406507277879898 -0.0019239226269861655)
(0.083026673133400175 0.043562717198139651 -0.0019019893085706436)
(0.084019972191979306 0.043060361617485887 -0.0018800559901565566)
(0.085013271250557451 0.042558006036840762 -0.0018581226717501456)
(0.08600657030913772 0.042055650456207454 -0.0018361893533576504)
(0.086999869367723207 0.041553294875589022 -0.0018142560349853093)
(0.087993168426338031 0.04105093929497524 -0.0017923227166367617)
(0.088986467484964013 0.040548583714375371 -0.0017703893983059828)
(0.089979766543585235 0.040046228133794604 -0.0017484560799895885)
(0.090973065602204889 0.039543872553226687 -0.0017265227616844593)
(0.091966364660826028 0.039041516972665419 -0.0017045894433874741)
(0.092959663719451816 0.038539161392104518 -0.0016826561250955138)
(0.093952962778085361 0.038036805811537774 -0.0016607228068054589)
(0.094946261836729787 0.037534450230958936 -0.001638789488514189)
(0.095939560895388215 0.037032094650361773 -0.0016168561702185845)
(0.096932859954033376 0.036529739069759162 -0.0015949228519167662)
(0.097926159012628092 0.036027383489181566 -0.0015729895336146886)
(0.098919458071243763 0.035525027908588684 -0.0015510562153126109)
(0.099912757129874102 0.035022672327983624 -0.0015291228970105333)
(0.10090605618851288 0.034520316747369502 -0.0015071895787084556)
(0.10189935524715389 0.034017961166749454 -0.001485256260406378)
(0.10289265430579084 0.033515605586126575 -0.0014633229421043004)
(0.10388595336441757 0.033013250005504015 -0.0014413896238022225)
(0.10487925242302773 0.032510894424884883 -0.0014194563055001453)
(0.10587255148161519 0.032008538844272273 -0.0013975229871980674)
(0.10686585054024555 0.031506183263624164 -0.0013755896688985637)
(0.10785914959885975 0.031003827682976069 -0.0013536563506056033)
(0.10885244865746088 0.030501472102327971 -0.0013317230323160658)
(0.10984574771605202 0.029999116521679869 -0.0013097897140268322)
(0.1108390467746363 0.029496760941031774 -0.0012878563957347828)
(0.11183234583321687 0.028994405360383665 -0.0012659230774367974)
(0.11282564489179683 0.028492049779735566 -0.0012439897591297554)
(0.11381894395037931 0.027989694199087471 -0.0012220564408105383)
(0.11481224300896742 0.027487338618439369 -0.0012001231224760254)
(0.11580554206756045 0.02698498303779201 -0.0011781898041212616)
(0.11679884112615339 0.026482627457144962 -0.0011562564857423899)
(0.11779214018474631 0.025980271876497922 -0.0011343231673451853)
(0.11878543924333923 0.025477916295850882 -0.0011123898489358878)
(0.11977873830193213 0.024975560715203834 -0.001090456530520737)
(0.12077203736052505 0.024473205134556794 -0.0010685232121059726)
(0.12176533641911796 0.023970849553909743 -0.0010465898936978346)
(0.1227586354777109 0.023468493973262689 -0.0010246565753025618)
(0.1237519345363038 0.022966138392615649 -0.0010027232569263949)
(0.12474523359489668 0.022463782811968171 -0.00098078993857460598)
(0.12573853265348392 0.021961427231320073 -0.00095885662024215701)
(0.12673183171206592 0.021459071650671964 -0.00093692330192461724)
(0.12772513077064579 0.020956716070023876 -0.00091498998361886675)
(0.12871842982922665 0.02045436048937577 -0.00089305666532178544)
(0.12971172888781163 0.019952004908727661 -0.00087112334703025394)
(0.13070502794640387 0.01944964932807957 -0.00084919002874115235)
(0.13169832700500642 0.018947293747431461 -0.00082725671045136046)
(0.1326916260636225 0.018444938166783362 -0.00080532339215775856)
(0.13368526206374456 0.017942378009180436 -0.00078338114183460384)
(0.13470293997199811 0.017425220598036764 -0.00076080156165800772)
(0.13574898483550163 0.016890839943389246 -0.00073746999843407905)
(0.13680902266122477 0.016347963340077543 -0.0007137674940825376)
(0.1378686794561369 0.015805318082941323 -0.00069007509052310286)
(0.13891358122720773 0.015271631466820257 -0.00066677382967549373)
(0.13992935398140677 0.014755630786554024 -0.00064424475345942992)
(0.14090162372570364 0.014266043336982283 -0.00062286890379463012)
(0.1418160164670679 0.013811596412944714 -0.00060302732260081478)
(0.14265815821246908 0.013401017309280982 -0.00058510105179770207)
(0.143859957985155 0.012762634771616037 -0.00055722866823011404)
(0.14492545328293929 0.01219212204299425 -0.00053231954446838385)
(0.14583891011484978 0.011719993536201623 -0.00051170596858461377)
(0.1466923220362909 0.011311842764033063 -0.0004938857209427699)
(0.14762793984828451 0.010909353538391188 -0.00047631266182279161)
(0.14882704224113419 0.010468212798348357 -0.00045705204125456021)
(0.14995276984830269 0.010129773029284323 -0.00044227544197368481)
(0.1508868774677527 0.0098901573766905209 -0.00043181359676239386)
(0.15194510296300001 0.009835957249177749 -0.00042944716796903154)
(0.060859737456626671 0.055571585532347235 -0.0024263078233177915)
(0.061792044290719432 0.055325574459585261 -0.0024155667477542449)
(0.062921085512726294 0.054978101622331528 -0.002400395755863048)
(0.064125459917462838 0.054525186691495753 -0.0023806210628266084)
(0.065059317251587256 0.05411195489656976 -0.0023625789730603005)
(0.065908774593012684 0.05369291044653221 -0.0023442830973688278)
(0.066819879463194509 0.053208180675183535 -0.0023231193386500535)
(0.067887080755617626 0.052622440774973696 -0.0022975453824576777)
(0.06909422453423425 0.05196701959823033 -0.0022689290759781615)
(0.069932110894963762 0.051545482003880219 -0.0022505243471797999)
(0.070844176654395546 0.051078905742683089 -0.0022301531877193621)
(0.071815664172919999 0.050576251043831413 -0.0022082068096501333)
(0.072831815810927611 0.05004647813651774 -0.0021850764250253983)
(0.07387787392880879 0.049498547249934549 -0.0021611532458984443)
(0.074939080886954015 0.048941418613274348 -0.0021368284843225572)
(0.07600067904575368 0.048384052455729659 -0.0021124933523510225)
(0.077047910765598304 0.047835409006492968 -0.0020885390620371258)
(0.078066018406878282 0.047304448494756762 -0.0020653568254341524)
(0.079059442453613751 0.046788474842036958 -0.0020428289292071656)
(0.080052520565761384 0.046272711226492368 -0.0020203102033775609)
(0.081045598677895195 0.045756947610943885 -0.0019977914775302112)
(0.082038676790018375 0.045241183995394688 -0.0019752727516715233)
(0.083031754902134131 0.044725420379847981 -0.0019527540258079039)
(0.084024833014245653 0.044209656764306979 -0.0019302352999457581)
(0.085017911126356177 0.043693893148774865 -0.0019077165740914931)
(0.086010989238468866 0.043178129533254866 -0.001885197848251515)
(0.087004067350586925 0.042662365917750168 -0.0018626791224322294)
(0.087997145462735141 0.042146602302250209 -0.0018401603966373714)
(0.08899022357489475 0.041630838686764558 -0.0018176416708607574)
(0.08998330168704953 0.041115075071298524 -0.0017951229450989114)
(0.090976379799202631 0.040599311455845666 -0.0017726042193486312)
(0.091969457911357314 0.040083547840399629 -0.0017500854936067121)
(0.092962536023516729 0.039567784224953981 -0.0017275667678699528)
(0.093955614135684151 0.039052020609502337 -0.0017050480421351493)
(0.094948692247862704 0.03853625699403828 -0.0016825293163990982)
(0.095941770360055662 0.038020493378555384 -0.0016600105906585973)
(0.096934848472234977 0.037504729763066916 -0.0016374918649117161)
(0.097927926584362501 0.036988966147604128 -0.0016149731391645688)
(0.098921004696511522 0.036473202532125645 -0.0015924544134174217)
(0.099914082808675656 0.035957438916634658 -0.0015699356876702751)
(0.10090716092084841 0.035441675301134366 -0.0015474169619231282)
(0.10190023903302349 0.034925911685627989 -0.0015248982361759803)
(0.10289331714519438 0.034410148070118718 -0.0015023795104288334)
(0.10388639525735475 0.033894384454609752 -0.0014798607846816865)
(0.10487947336949818 0.033378620839104312 -0.0014573420589345395)
(0.10587255148161824 0.032862857223605581 -0.0014348233331873924)
(0.10686562959378239 0.0323470936080704 -0.0014123046074428875)
(0.10785870770592994 0.031831329992535226 -0.0013897858817051008)
(0.10885178581806407 0.031315566377000045 -0.0013672671559708288)
(0.10984486393018791 0.030799802761464871 -0.0013447484302368687)
(0.11083794204230472 0.030284039145929701 -0.0013222297045000172)
(0.11183102015441773 0.029768275530394524 -0.0012997109787570716)
(0.11282409826653013 0.029252511914859339 -0.0012771922530048279)
(0.11381717637864511 0.028736748299324169 -0.0012546735272400838)
(0.11481025449076585 0.028220984683788992 -0.0012321548014596357)
(0.1158033326028917 0.027705221068254581 -0.001209636075658396)
(0.11679641071501737 0.02718945745272049 -0.0011871173498324051)
(0.11778948882714305 0.026673693837186398 -0.0011645986239875923)
(0.11878256693926874 0.026157930221652307 -0.0011420798981303635)
(0.11977564505139444 0.025642166606118209 -0.0011195611722671251)
(0.12076872316352012 0.025126402990584131 -0.0010970424464042837)
(0.1217618012756458 0.024610639375050026 -0.001074523720548245)
(0.12275487938777149 0.024094875759515928 -0.0010520049947054155)
(0.12374795749989716 0.02357911214398184 -0.0010294862688822019)
(0.12474103561202278 0.023063348528447294 -0.0010069675430840169)
(0.12573411372414264 0.02254758491291212 -0.00098444881730568772)
(0.12672719183625714 0.022031821297376943 -0.00096193009154266565)
(0.12772026994836941 0.021516057681841765 -0.00093941136579174772)
(0.12871334806048274 0.021000294066306588 -0.00091689264004973033)
(0.12970642617260025 0.020484530450771411 -0.00089437391431341096)
(0.13069950428472527 0.019968766835236237 -0.00087185518857958602)
(0.13169258239686085 0.019453003219701052 -0.00084933646284505256)
(0.13268566050901029 0.018937239604165886 -0.00082681773710660761)
(0.13367908455574484 0.018421265951449987 -0.00080428984093981683)
(0.13469719219700874 0.017890305439718132 -0.00078110760437717511)
(0.13574442391684372 0.017341661990475498 -0.0007571533140935154)
(0.13680602207564035 0.016784295832917791 -0.00073281818214212418)
(0.13786722903378898 0.016227167196240729 -0.00070849342057628748)
(0.13891328715168011 0.015679236309640011 -0.00068457024144929026)
(0.13992943878970418 0.015149463402311341 -0.000661439856814419)
(0.14090092630825157 0.014646808703450436 -0.00063949347872495886)
(0.14181299206771275 0.014180232442253003 -0.00061912231923419653)
(0.14265087842847821 0.013758694847914747 -0.00060071759039541676)
(0.14385802220700605 0.013103273671353284 -0.0005721012837867468)
(0.14492522349957968 0.012517533771254651 -0.00054652732735813777)
(0.14583632836985747 0.01203280400007059 -0.00052536356838644332)
(0.14668578571135052 0.011613759550189994 -0.00050706769250181201)
(0.147619643045524 0.011200527755366113 -0.00048902560268160864)
(0.14882401745026477 0.010747612824569847 -0.00046925090984569699)
(0.14995305867227632 0.010400139987285626 -0.00045407991829308711)
(0.1508853655063728 0.010154128914489021 -0.00044333884300855759)
(0.15194510296300001 0.010098482167831227 -0.00044090925345608068)
(0.060861146828368448 0.056918227295615513 -0.0024851034724633868)
(0.061791775064036596 0.056666254744849383 -0.0024741021131451518)
(0.062923905065416258 0.056310361751327566 -0.0024585634892874534)
(0.064133193765372506 0.055846471532397565 -0.0024383096048217322)
(0.065065410073656849 0.05542322607333678 -0.0024198303090382997)
(0.065911181161381616 0.054994027103652539 -0.0024010910774471218)
(0.066820093655282867 0.054497551089187996 -0.0023794144666820106)
(0.067888885187294232 0.053897617211885733 -0.0023532207880697909)
(0.069101010370148333 0.053226313502357354 -0.0023239110352355125)
(0.069934930082696842 0.052794560973092187 -0.0023050603127480369)
(0.070844826750654191 0.052316678374797441 -0.0022841955079500966)
(0.071815585119028053 0.051801843065954305 -0.0022617173129644095)
(0.072832089932826277 0.051259232405044035 -0.0022380264199136925)
(0.073879225937056633 0.050698023750547813 -0.002213523520920661)
(0.074941877876726889 0.05012739446094687 -0.0021886093081080337)
(0.076004930496844814 0.049556521894722406 -0.0021636844735985284)
(0.07705326854241823 0.048994583410355647 -0.0021391497095148591)
(0.07807177675845485 0.048450756366327813 -0.0021154057079797459)
(0.079065003233268913 0.047922279351271968 -0.0020923319031628342)
(0.080057875390614597 0.047394017463129746 -0.0020692674909655062)
(0.081050747547946125 0.046865755574983507 -0.0020462030787500047)
(0.082043619705266732 0.04633749368683656 -0.0020231386665228892)
(0.083036491862579775 0.045809231798692153 -0.0020000742542907227)
(0.084029364019888475 0.045280969910553581 -0.0019770098420600658)
(0.085022236177196134 0.044752708022424134 -0.0019539454298374806)
(0.086015108334506041 0.044224446134307108 -0.0019308810176295289)
(0.087007980491821429 0.043696184246205715 -0.0019078166054427705)
(0.088000852649167668 0.043167922358109199 -0.0018847521932810322)
(0.088993724806525648 0.042639660470027319 -0.0018616877811379791)
(0.089986596963878604 0.042111398581965553 -0.0018386233690100527)
(0.090979469121229908 0.041583136693917278 -0.0018155589568939719)
(0.091972341278582823 0.041054874805875982 -0.0017924945447864555)
(0.09296521343594058 0.040526612917835096 -0.0017694301326842234)
(0.093958085593306512 0.039998351029788055 -0.0017463657205839943)
(0.094950957750683865 0.039470089141728289 -0.0017233013084824876)
(0.095943829908075956 0.038941827253649253 -0.0017002368963764231)
(0.096936702065454072 0.038413565365564499 -0.0016771724842638241)
(0.097929574222779189 0.037885303477506058 -0.0016541080721509524)
(0.098922446380126317 0.037357041589431525 -0.0016310436600380808)
(0.099915318537488876 0.03682877970134419 -0.0016079792479252097)
(0.10090819069486029 0.036300517813247335 -0.0015849148358123382)
(0.10190106285223406 0.035772255925144228 -0.0015618504236994664)
(0.10289393500960357 0.035243994037038172 -0.0015387860115865946)
(0.1038868071669623 0.034715732148932428 -0.0015157215994737233)
(0.10487967932430367 0.034187470260830286 -0.0014926571873608515)
(0.1058725514816211 0.033659208372735033 -0.0014695927752479804)
(0.10686542363898371 0.033130946484602436 -0.0014465283631378148)
(0.1078582957963293 0.032602684596469846 -0.0014234639510345305)
(0.10885116795366112 0.032074422708337248 -0.0014003995389348461)
(0.10984404011098245 0.031546160820204658 -0.0013773351268354809)
(0.11083691226829658 0.031017898932072064 -0.0013542707147331545)
(0.1118297844256068 0.030489637043939477 -0.0013312063026245861)
(0.11282265658291638 0.029961375155806873 -0.0013081418905064948)
(0.11381552874022861 0.029433113267674286 -0.0012850774783755995)
(0.11480840089754675 0.028904851379541699 -0.00126201306622862)
(0.1158012730548701 0.028376589491409879 -0.0012389486540603453)
(0.11679414521219329 0.027848327603278402 -0.0012158842418667193)
(0.11778701736951648 0.027320065715146918 -0.0011928198296538152)
(0.1187798895268397 0.026791803827015435 -0.0011697554174281944)
(0.11977276168416288 0.026263541938883951 -0.0011466910051964184)
(0.12076563384148609 0.025735280050752474 -0.001123626592965049)
(0.1217585059988093 0.02520701816262098 -0.0011005621807406471)
(0.12275137815613252 0.0246787562744895 -0.0010774977685297747)
(0.12374425031345569 0.02415049438635802 -0.0010544333563389931)
(0.12473712247077882 0.023622232498226075 -0.0010313689441738469)
(0.12572999462809606 0.023093970610093485 -0.0010083045320290376)
(0.12672286678540781 0.022565708721960894 -0.00098524011989990627)
(0.12771573894271729 0.0220374468338283 -0.00096217570778317258)
(0.12870861110002782 0.021509184945695706 -0.00093911129567555507)
(0.12970148325734268 0.020980923057563109 -0.0009160468835737734)
(0.13069435541466515 0.020452661169430522 -0.00089298247147454686)
(0.13168722757199849 0.019924399281297918 -0.00086991805937459456)
(0.132680099729346 0.019396137393165331 -0.00084685364727063602)
(0.13367332620415917 0.0188676603781135 -0.00082377984251537958)
(0.13469183442017929 0.018323833334090101 -0.00080003584102157426)
(0.13574017246574288 0.017761894849717262 -0.00077550107696887577)
(0.13680322508585765 0.01719102228347948 -0.00075057624248000144)
(0.13786587702553141 0.016620392993861265 -0.00072566202967766838)
(0.13891301302977194 0.016059184339347089 -0.00070115913068459295)
(0.13992951784358701 0.015516573678421455 -0.0006774682376234929)
(0.14090027621198437 0.015001738369568866 -0.00065499004261708449)
(0.14181017287997183 0.014523855771273811 -0.00063412523778808569)
(0.1426440925925572 0.014092103242020784 -0.00061527451525921221)
(0.14385621777532037 0.013420799532678709 -0.00058596476229264959)
(0.14492500930748584 0.012820865655490355 -0.00055977108343847253)
(0.14583392180148538 0.012324389641194412 -0.00053809447241431256)
(0.14667969288927943 0.01189519067167092 -0.00051935524062529594)
(0.14761190919761402 0.011471945212714742 -0.00050087594478666103)
(0.14882119789757456 0.011008054993825192 -0.00048062206052632722)
(0.14995332789895899 0.010652162000272159 -0.0004650834370154203)
(0.15088395613463101 0.010400189449470548 -0.00045408207798296467)
(0.15194510296300001 0.010343194239703025 -0.00045159361325664438)
(0.060862460571386584 0.05817349669117889 -0.002539909717879112)
(0.061791524104928774 0.057915967160750391 -0.0025286657355854626)
(0.062926533305752666 0.057552225335596084 -0.0025127844243338572)
(0.064140402856057002 0.0570781045240705 -0.0024920838625466686)
(0.065071089485424102 0.056645524848242736 -0.0024731970260587787)
(0.065913424439218563 0.056206860363610979 -0.0024540445211625374)
(0.066820293314004769 0.05569943511238698 -0.0024318898563998621)
(0.067890567184631448 0.055086270348050449 -0.0024051185047875971)
(0.069107335773368889 0.054400161767714651 -0.00237516235733647)
(0.06993755798283946 0.053958887407531776 -0.0023558959027338692)
(0.070845432736566627 0.053470465629982616 -0.0023345709474331521)
(0.071815511429102599 0.05294427619017561 -0.0023115970203845797)
(0.072832345454999628 0.052389698843219243 -0.0022873836505384114)
(0.073880486208809937 0.051816113344221953 -0.0022623403668449093)
(0.074944485085085763 0.051232899448292214 -0.002236876698254332)
(0.07600889347837933 0.050649436910538491 -0.0022114021737169413)
(0.077058262783242834 0.050075105486069228 -0.002186326322182997)
(0.078077144394228609 0.049519284929992906 -0.0021620586726027601)
(0.079070186702775797 0.048979152931028079 -0.0021384760001980463)
(0.080062866879769448 0.048439240803366229 -0.0021149029275568934)
(0.081055547056748639 0.047899328675700265 -0.0020913298548971646)
(0.0820482272337167 0.047359416548033557 -0.0020677567822255669)
(0.083040907410676976 0.046819504420369459 -0.0020441837095488066)
(0.084033587587632852 0.046279592292711336 -0.0020206106368735885)
(0.085026267764587618 0.045739680165062524 -0.0019970375642066203)
(0.086018947941544716 0.045199768037426376 -0.0019734644915546085)
(0.087011628118507434 0.04465985590980627 -0.0019498914189242577)
(0.088004308295501668 0.044119943782191126 -0.0019263183463194781)
(0.088996988472507879 0.043580031654590935 -0.0019027452737337962)
(0.089989668649508983 0.04304011952701127 -0.0018791722011635746)
(0.090982348826508394 0.042500207399445433 -0.0018555991286054604)
(0.091975029003509401 0.041960295271886723 -0.0018320260560560984)
(0.092967709180515418 0.041420383144328422 -0.0018084529835121377)
(0.093960389357529789 0.040880471016763849 -0.0017848799109702247)
(0.094953069534555817 0.040340558889186258 -0.0017613068384270056)
(0.095945749711596917 0.039800646761588968 -0.0017377337658791275)
(0.096938429888623723 0.039260734633985842 -0.0017141606933245715)
(0.097931110065596363 0.038720822506409597 -0.0016905876207697365)
(0.098923790242591458 0.038180910378816907 -0.0016670145482149022)
(0.099916470419602402 0.037640998251211144 -0.0016434414756600674)
(0.10090915059662235 0.037101086123595653 -0.0016198684031052326)
(0.10190183077364473 0.036561173995973764 -0.0015962953305503976)
(0.10289451095066275 0.036021261868348857 -0.001572722257995563)
(0.10388719112766973 0.035481349740724276 -0.0015491491854407282)
(0.10487987130465899 0.034941437613103379 -0.0015255761128858934)
(0.10587255148162378 0.034401525485489512 -0.0015020030403310588)
(0.10686523165863474 0.033861613357837474 -0.0014784299677789898)
(0.10785791183562829 0.033321701230185463 -0.0014548568952339538)
(0.10885059201260779 0.032781789102533425 -0.001431283822692597)
(0.10984327218957657 0.032241876974881407 -0.0014077107501515669)
(0.11083595236653797 0.031701964847229383 -0.0013841376776075097)
(0.11182863254349538 0.031162052719577362 -0.0013605646050570731)
(0.11282131272045214 0.030622140591925334 -0.0013369915324969027)
(0.11381399289741161 0.030082228464273313 -0.0013134184599236476)
(0.11480667307437713 0.029542316336621289 -0.0012898453873339529)
(0.11579935325134796 0.029002404208970066 -0.0012662723147224928)
(0.11679203342831863 0.028462492081319173 -0.0012426992420851225)
(0.11778471360528933 0.027922579953668286 -0.0012191261694280491)
(0.11877739378225999 0.027382667826017396 -0.0011955530967579788)
(0.11977007395923067 0.026842755698366506 -0.0011719800240816173)
(0.12076275413620136 0.026302843570715616 -0.0011484069514056711)
(0.12175543431317204 0.025762931443064723 -0.0011248338787368465)
(0.12274811449014274 0.025223019315413833 -0.0011012608060818494)
(0.12374079466711341 0.024683107187762943 -0.0010776877334473865)
(0.12473347484408404 0.024143195060111585 -0.0010541146608391242)
(0.12572615502104861 0.023603282932459564 -0.0010305415882516475)
(0.12671883519800756 0.023063370804807536 -0.0010069685156801945)
(0.12771151537496422 0.022523458677155515 -0.00098339544312141237)
(0.128704195551922 0.021983546549503484 -0.0009598223705719473)
(0.12969687572888411 0.021443634421851463 -0.0009362492980284473)
(0.13068955590585404 0.020903722294199439 -0.00091267622548755849)
(0.13168223608283511 0.020363810166547411 -0.00088910315294592787)
(0.13267491625983066 0.019823898038895386 -0.00086553008040020276)
(0.13366795856837688 0.019283766039934664 -0.00084194740805850399)
(0.13468684017934579 0.018727945483862883 -0.00081767975852048652)
(0.13573620948419926 0.018153614059387414 -0.00079260390701819548)
(0.13680061787748962 0.017570151521620076 -0.00076712938250189156)
(0.13786461675376904 0.016986937625672677 -0.00074166571392183546)
(0.13891275750758972 0.016413352126657035 -0.00071662243022828744)
(0.13992959153350396 0.015858774779684968 -0.00069240906037150798)
(0.14089967022606395 0.015332585339868291 -0.00066943513330175713)
(0.14180754497982193 0.01484416356231882 -0.00064811017796929612)
(0.14263776718933011 0.014402889202148368 -0.00062884372332438457)
(0.14385453577797466 0.013716780622002982 -0.00059888757573805693)
(0.14492480964875881 0.013103615857782868 -0.00057211622387849789)
(0.14583167852364548 0.012596190606731179 -0.00054996155885105979)
(0.1466740134775108 0.01215752612226373 -0.00053080905375261719)
(0.14760470010692922 0.01172494644654287 -0.00051192221720830792)
(0.14881856965723794 0.01125082563505863 -0.00049122165563103592)
(0.14995357885806673 0.010887083809872413 -0.00047534034473387012)
(0.15088264239161286 0.01062955427940767 -0.00046409636273230263)
(0.15194510296300001 0.010571302102480168 -0.00046155301763178049)
(0.060863685174283422 0.059343593519019591 -0.0025909972486780428)
(0.061791290173904091 0.059080884061239812 -0.002579527105868654)
(0.062928983214665696 0.058709825963556367 -0.0025633263592560267)
(0.064147122795355574 0.058226168725837878 -0.002542209428107197)
(0.065076383537614302 0.05778488817873257 -0.0025229427033760447)
(0.065915515506116448 0.057337400433489893 -0.0025034049666044838)
(0.066820479425478502 0.056819768873369335 -0.0024808046847750137)
(0.067892135055046876 0.056194270964448047 -0.0024534948564443066)
(0.0691132319851855 0.055494362053737263 -0.0024229361735586515)
(0.0699400075746415 0.055044211938125802 -0.0024032821951059046)
(0.070845997605109109 0.054545966085953926 -0.0023815283114448434)
(0.071815442739187649 0.054009192915936748 -0.0023580922887566484)
(0.072832583639476631 0.053443460846789435 -0.0023333918932224992)
(0.073881660968575416 0.052858338297227095 -0.0023078448910235734)
(0.074946915389083449 0.05226339368596486 -0.0022818690483410518)
(0.076012587563600131 0.05166819543171787 -0.0022558821313561142)
(0.077062918154724894 0.051082311953201245 -0.0022303019062499397)
(0.078082147825057152 0.050515311669130127 -0.0022055461392037077)
(0.079075018463391197 0.049964315500490936 -0.0021814891269063921)
(0.080067519686288058 0.049413543625627637 -0.0021574419074614753)
(0.081060020909170166 0.048862771750760162 -0.0021333946879976097)
(0.082052522132040923 0.048311999875891916 -0.0021093474685216357)
(0.083045023354903755 0.047761228001026335 -0.0020853002490403955)
(0.084037524577762063 0.047210456126166846 -0.0020612530295607292)
(0.085030025800619288 0.04665968425131687 -0.0020372058100894784)
(0.086022527023478845 0.046108912376479814 -0.0020131585906334841)
(0.087015028246344148 0.045558140501659093 -0.0019891113711995867)
(0.088007529469241633 0.045007368626843458 -0.0019650641517917752)
(0.089000030692151288 0.044456596752043061 -0.0019410169324034462)
(0.08999253191505574 0.043905824877263605 -0.0019169697130308875)
(0.090985033137958485 0.04335505300249827 -0.0018929224936706799)
(0.091977534360862881 0.0428042811277402 -0.0018688752743194008)
(0.092970035583772342 0.042253509252982553 -0.0018448280549736315)
(0.093962536806690325 0.041702737378218481 -0.001820780835629951)
(0.094955038029620187 0.041151965503441162 -0.001796733616284938)
(0.095947539252565467 0.040601193628643728 -0.001772686396935173)
(0.096940040475496161 0.040050421753840347 -0.0017486391775785948)
(0.097932541698371595 0.039499649879064382 -0.0017245919582217328)
(0.098925042921269954 0.038948878004271652 -0.0017005447388648708)
(0.099917544144184425 0.038398106129465585 -0.001676497519508009)
(0.10091004536710811 0.037847334254649576 -0.0016524503001511467)
(0.10190254659003427 0.037296562379827057 -0.0016284030807942843)
(0.102895047812956 0.036745790505001444 -0.0016043558614374223)
(0.1038875490358665 0.036195018630176184 -0.00158030864208056)
(0.10488005025875885 0.035644246755354672 -0.001556261422723698)
(0.10587255148162626 0.035093474880540328 -0.001532214203366836)
(0.10686505270454079 0.034542703005687063 -0.0015081669840127955)
(0.10785755392743755 0.033991931130833805 -0.0014841197646659292)
(0.10885005515031998 0.033441159255980533 -0.0014600725453228162)
(0.10984255637319146 0.032890387381127276 -0.0014360253259800362)
(0.11083505759605541 0.032339615506274011 -0.0014119781066341687)
(0.11182755881891533 0.031788843631420753 -0.0013879308872817929)
(0.11282006004177454 0.031238071756567475 -0.0013638836679194886)
(0.11381256126463654 0.03068729988171422 -0.0013398364485438347)
(0.11480506248750469 0.030136528006860959 -0.0013157892291514115)
(0.11579756371037829 0.02958575613200851 -0.0012917420097367854)
(0.1167900649332517 0.029034984257156404 -0.0012676947902957279)
(0.11778256615612513 0.028484212382304298 -0.0012436475708345707)
(0.11877506737899857 0.027933440507452188 -0.0012196003513601551)
(0.11976756860187202 0.027382668632600082 -0.0011955531318793217)
(0.12076006982474542 0.026831896757747976 -0.0011715059123989123)
(0.12175257104761886 0.026281124882895867 -0.0011474586929257676)
(0.12274507227049228 0.025730353008043758 -0.0011234114734667284)
(0.12373757349336573 0.025179581133191652 -0.0010993642540286367)
(0.12473007471623908 0.024628809258339063 -0.0010753170346172725)
(0.1257225759391063 0.024078037383485802 -0.0010512698152271116)
(0.12671507716196778 0.023527265508632534 -0.0010272225958532972)
(0.12770757838482688 0.02297649363377928 -0.0010031753764924082)
(0.12870007960768709 0.022425721758926008 -0.00097912815714102405)
(0.12969258083055182 0.02187494988407274 -0.00095508093779572451)
(0.13068508205342452 0.021324178009219482 -0.00093103371845308896)
(0.13167758327630852 0.02077340613436621 -0.00090698649910969653)
(0.13267008449920736 0.020222634259512953 -0.00088293927976212732)
(0.13366295513754042 0.019671638090877946 -0.0008588822675290943)
(0.13468218480785546 0.019104637806811466 -0.00083412650052593063)
(0.13573251539896997 0.018518754328288502 -0.00080854627545204566)
(0.13679818757348342 0.017923556074027621 -0.00078255935848861905)
(0.13786344199399511 0.017328611462747379 -0.00075658351581683045)
(0.13891251932310444 0.016743488913166311 -0.00073103651361785898)
(0.13992966022341097 0.016177756844002984 -0.00070633611807288416)
(0.14089910535751404 0.015640983673975945 -0.00068290009536308501)
(0.14180509538801309 0.01514273782180375 -0.00066114621166964171)
(0.14263187097750746 0.014692587706204949 -0.00064149223317373251)
(0.14385296790755131 0.013992678795688426 -0.00061093355015015658)
(0.14492462353728033 0.013367180886885887 -0.00058362372156718233)
(0.14582958745674487 0.012849549326941099 -0.00056102343946762474)
(0.14666871942531928 0.012402061581866044 -0.0005414857024897945)
(0.14759798016763034 0.011960781034869795 -0.00052221897770108824)
(0.14881611974832476 0.01147712379719347 -0.00050110204676639784)
(0.14995381278909131 0.011106065699477466 -0.00048490130051533932)
(0.150881417788716 0.010843356241660723 -0.00047343115800390636)
(0.15194510296300001 0.010783932385337711 -0.00047083665627358737)
(0.060864826685396514 0.06043429691014976 -0.0026386183871693674)
(0.061791072115572637 0.06016675899356777 -0.0026269374292927214)
(0.062931266892303162 0.05978888104724607 -0.0026104389216544907)
(0.064153386773179263 0.059296334449142694 -0.0025889338726474646)
(0.065081318377654254 0.058846943402476662 -0.0025693130358588161)
(0.065917464689895372 0.058391231072703761 -0.0025494162059739455)
(0.066820652908912273 0.057864085722391184 -0.0025264005430970832)
(0.067893596542283038 0.057227091497693429 -0.0024985887747825449)
(0.069118728127103152 0.056514318636939773 -0.0024674684397104378)
(0.069942290956684597 0.056055895003859935 -0.0024474532316846823)
(0.0708465241461783 0.055548491660401218 -0.0024252995233201894)
(0.071815378710022387 0.055001852887678032 -0.0024014327591162753)
(0.072832805662655042 0.054425722966804861 -0.0023762783835722568)
(0.073882756018514448 0.053829846178896135 -0.0023502618411874545)
(0.07494918079203873 0.053223966805066303 -0.0023238085764611836)
(0.076016030997666115 0.05261782912642983 -0.0022973440338927629)
(0.077067257649834714 0.052021177424101138 -0.002271293657981511)
(0.078086811762982725 0.051443755979194684 -0.0022460828932267438)
(0.079079522379274875 0.050882632796770237 -0.0022215837259580624)
(0.08007185679047242 0.050321738030520861 -0.0021970945315291503)
(0.081064191201654937 0.049760843264267211 -0.0021726053370809402)
(0.082056525612825892 0.049199948498012812 -0.0021481161426203997)
(0.083048860023988758 0.048639053731761119 -0.0021236269481544967)
(0.084041194435147029 0.048078158965515622 -0.0020991377536901949)
(0.085033528846304218 0.047517264199279804 -0.0020746485592344648)
(0.086025863257463767 0.046956369433057157 -0.0020501593647942714)
(0.087018197668629171 0.046395474666851143 -0.0020256701703765807)
(0.088010532079827342 0.045834579900650291 -0.0020011809759854552)
(0.089002866491037905 0.045273685134464996 -0.0019766917816141701)
(0.08999520090224318 0.04471279036830101 -0.001952202587258946)
(0.090987535313446707 0.044151895602151388 -0.0019277133929162993)
(0.091979869724651886 0.043591000836009183 -0.0019032241985827455)
(0.092972204135862269 0.043030106069867381 -0.0018787350042548025)
(0.093964538547081339 0.042469211303719064 -0.0018542458099289865)
(0.09495687295831251 0.041908316537557243 -0.0018297566156018144)
(0.095949207369559336 0.041347421771374952 -0.001805267421269802)
(0.096941541780791313 0.04078652700518659 -0.0017807782269308519)
(0.097933876191967043 0.04022563223902615 -0.001756289032591612)
(0.098926210603166073 0.039664737472848648 -0.0017317998382523731)
(0.099918545014381549 0.039103842706657545 -0.0017073106439131338)
(0.10091087942560643 0.038542947940456332 -0.0016828214495738943)
(0.10190321383683382 0.037982053174248492 -0.0016583322552346544)
(0.10289554824805666 0.037421158408037503 -0.0016338430608954149)
(0.10388788265926806 0.036860263641826867 -0.0016093538665561756)
(0.10488021707046104 0.03629936887562004 -0.001584864672216936)
(0.10587255148162861 0.035738474109420527 -0.0015603754778776967)
(0.10686488589284411 0.035177579343181359 -0.0015358862835413304)
(0.10785722030404155 0.034616684576942211 -0.0015113970892122704)
(0.10884955471522435 0.034055789810703042 -0.0014869078948870327)
(0.10984188912639607 0.033494895044463895 -0.001462418700562134)
(0.11083422353756012 0.03293400027822474 -0.001437929506234091)
(0.11182655794872001 0.032373105511985592 -0.0014134403118994208)
(0.11281889235987924 0.031812210745746423 -0.0013889511175546388)
(0.11381122677104125 0.031251315979507276 -0.0013644619231962622)
(0.11480356118220954 0.030690421213268114 -0.0013399727288208078)
(0.11579589559338339 0.030129526447029788 -0.0013154835344227425)
(0.11678823000455706 0.02956863168079181 -0.0012909943399977606)
(0.11778056441573073 0.029007736914553831 -0.0012665051455523087)
(0.11877289882690439 0.028446842148315856 -0.0012420159510933551)
(0.11976523323807811 0.027885947382077877 -0.0012175267566278659)
(0.12075756764925176 0.027325052615839902 -0.0011930375621628084)
(0.12174990206042544 0.026764157849601917 -0.001168548367705149)
(0.12274223647159914 0.026203263083363935 -0.0011440591732618547)
(0.12373457088277279 0.025642368317125967 -0.0011195699788398925)
(0.12472690529394644 0.025081473550887499 -0.001095080784445149)
(0.12571923970511373 0.024520578784648344 -0.0010705915900719989)
(0.12671157411627526 0.023959684018409186 -0.0010461023957154952)
(0.12770390852743435 0.023398789252170031 -0.0010216132013721548)
(0.12869624293859455 0.022837894485930873 -0.00099712400703849419)
(0.12968857734975939 0.022276999719691711 -0.00097263481271102966)
(0.1306809117609323 0.021716104953452563 -0.00094814561838627823)
(0.13167324617211676 0.021155210187213395 -0.00092365642406075582)
(0.13266558058331626 0.020594315420974247 -0.00089916722973097999)
(0.13365829119960743 0.020033192238554046 -0.00087466806252776302)
(0.13467784531273794 0.019455770793652315 -0.00084945729781685632)
(0.13572907196489609 0.018859119091317173 -0.00082340692193848687)
(0.13679592217052011 0.018252981412666548 -0.00079694237939197284)
(0.13786234694404817 0.017647102038818377 -0.00077048911467663198)
(0.13891229729991836 0.017051225250890589 -0.00074447257229178193)
(0.13992972425256889 0.016475095330001112 -0.00071931819673674033)
(0.14089857881643791 0.015928456557267882 -0.0006954514325108245)
(0.14180281200596362 0.015421053213808841 -0.00067329772411335348)
(0.14262637483558421 0.014962629580741906 -0.00065328251604364362)
(0.14385150642030775 0.014249856720186058 -0.00062216218083108101)
(0.14492445005384208 0.013612862495609227 -0.00059435041225963789)
(0.14582763827296338 0.013085717145475663 -0.00057133474910772491)
(0.14666378458527807 0.012630004815873458 -0.00055143791901279349)
(0.14759171618980643 0.012180613769318491 -0.00053181708216553313)
(0.1488138360706871 0.011688067171258063 -0.00051031203337658217)
(0.14995403084742273 0.011310189224903209 -0.00049381352610656528)
(0.15088027627760292 0.011042651308283566 -0.00048213256853335209)
(0.15194510296300001 0.010982135273382175 -0.00047949038125405058)
(0.060865890742671458 0.061450993869851978 -0.0026830083350831806)
(0.061790868852940072 0.061178955115164781 -0.002671130866368041)
(0.062933395617793333 0.060794720060730542 -0.0026543548013921222)
(0.064159225727436445 0.060293887263326323 -0.0026324879691086854)
(0.065085918378815028 0.059836936030901178 -0.0026125370474819609)
(0.065919281617611986 0.059373557171295589 -0.0025923054896779133)
(0.066820814621144128 0.058837543560700596 -0.0025689026301979829)
(0.067894958864653854 0.058189833068507231 -0.0025406229795428693)
(0.069123851344673762 0.057465069102743044 -0.0025089791015213054)
(0.069944419406637107 0.056998933327091238 -0.0024886271740797872)
(0.070847014960370838 0.056482993846653812 -0.0024661007699267783)
(0.071815319025365504 0.055927158872324953 -0.0024418324908903159)
(0.072833012621111679 0.055341336614998925 -0.0024162549387984379)
(0.073883776767099979 0.054735435285569928 -0.0023898007154791825)
(0.074951292482820953 0.054119363094932205 -0.0023629024227605887)
(0.076019240787765133 0.053503028253979984 -0.002335992662470694)
(0.077071302701423164 0.052896338973607487 -0.0023095040364375374)
(0.078091159243285552 0.052309203464708923 -0.0022838691464891567)
(0.079083720695355048 0.051738640406870054 -0.0022589578253583344)
(0.080075899613364518 0.051168309607892336 -0.0022340566448421435)
(0.081068078531358681 0.050597978808910281 -0.0022091554643063303)
(0.082060257449341104 0.050027648009927442 -0.0021842542837579798)
(0.083052436367315297 0.049457317210947364 -0.0021593531032041758)
(0.084044615285284854 0.048886986411973594 -0.0021344519226520003)
(0.08503679420325326 0.048316655613009657 -0.0021095507421085404)
(0.086028973121224067 0.047746324814059111 -0.0020846495615808786)
(0.087021152039200841 0.047175994015125476 -0.0020597483810760988)
(0.088013330957210908 0.046605663216197114 -0.0020348472005983311)
(0.089005509875233632 0.046035332417284539 -0.0020099460201407375)
(0.089997688793250985 0.045465001618393661 -0.0019850448396994736)
(0.090989867711266478 0.044894670819517375 -0.0019601436592710003)
(0.091982046629283748 0.044324340020648605 -0.001935242478851772)
(0.092974225547306236 0.043754009221780292 -0.0019103412984382499)
(0.093966404465337577 0.043183678422905332 -0.0018854401180268901)
(0.094958583383381229 0.042613347624016633 -0.0018605389376141507)
(0.095950762301440784 0.042043016825107131 -0.00183563775719649)
(0.096942941219485268 0.041472686026191447 -0.0018107365767717752)
(0.09793512013747252 0.040902355227304163 -0.0017858353963467659)
(0.098927299055483503 0.040332024428399525 -0.0017609342159217566)
(0.099919477973511195 0.039761693629481058 -0.0017360330354967474)
(0.10091165689154845 0.039191362830552322 -0.0017111318550717383)
(0.10190383580958823 0.038621032031616813 -0.0016862306746467286)
(0.10289601472762344 0.03805070123267814 -0.0016613294942217196)
(0.10388819364564698 0.037480370433739807 -0.0016364283137967105)
(0.10488037256365179 0.036910039634805353 -0.0016115271333717006)
(0.10587255148163074 0.03633970883587833 -0.001586625952946692)
(0.10686473039965848 0.035769378036910986 -0.0015617247725246038)
(0.10785690931766784 0.035199047237943669 -0.0015368235921099458)
(0.10884908823566231 0.034628716438976345 -0.0015119224116991736)
(0.10984126715364551 0.034058385640009015 -0.0014870212312887464)
(0.11083344607162089 0.033488054841041691 -0.0014621200508751222)
(0.11182562498959207 0.03291772404207436 -0.0014372188704547587)
(0.11281780390756257 0.03234739324310703 -0.0014123176900241138)
(0.11380998282553589 0.031777062444139706 -0.0013874165095796457)
(0.11480216174351562 0.031206731645172379 -0.0013625153291178121)
(0.11579434066150095 0.030636400846205888 -0.0013376141486329876)
(0.11678651957948616 0.030066070047239761 -0.0013127129681207931)
(0.11777869849747136 0.029495739248273638 -0.001287811787587785)
(0.11877087741545653 0.028925408449307508 -0.0012629106070410473)
(0.11976305633344171 0.028355077650341377 -0.0012380094264876648)
(0.12075523525142687 0.027784746851375251 -0.0012131082459347208)
(0.12174741416941209 0.027214416052409113 -0.0011882070653892992)
(0.12273959308739731 0.02664408525344298 -0.0011633058848584846)
(0.12373177200538246 0.026073754454476853 -0.0011384047043493609)
(0.1247239509233676 0.025503423655510223 -0.0011135035238679137)
(0.12571612984134634 0.0249330928565429 -0.0010886023434084234)
(0.12670830875931915 0.024362762057575569 -0.0010637011629658598)
(0.1277004876772895 0.023792431258608242 -0.0010387999825366805)
(0.12869266659526105 0.023222100459640915 -0.0010138988021173435)
(0.12968484551323722 0.022651769660673584 -0.00098899762170430775)
(0.13067702443122162 0.02208143886170626 -0.00096409644129402986)
(0.13166920334921775 0.021511108062738919 -0.00093919526088296886)
(0.13266138226722918 0.020940777263771596 -0.00091429408046758232)
(0.1336539437192977 0.020370214205937064 -0.00088938275940332546)
(0.13467380026114228 0.019783078697043301 -0.00086374786949954257)
(0.13572586217478969 0.019176389416664233 -0.00083725924349982233)
(0.13679381047973052 0.018560054575697621 -0.00081034948323220287)
(0.13786132619545527 0.017943982385041253 -0.00078345119052472252)
(0.13891209034145452 0.017338081055592879 -0.00075699696720541939)
(0.13992978393721889 0.016752258798250264 -0.00073141941510233204)
(0.14089808800223894 0.016196423823911191 -0.00070715113604349769)
(0.1418006835560052 0.015680484343473432 -0.00068462473185695644)
(0.14262125161800826 0.01521434856783474 -0.00066427280437074486)
(0.14385014409793004 0.014489584602271705 -0.00063262892620636181)
(0.14492428834160612 0.013841874110201303 -0.00060434927529002169)
(0.14582582134524444 0.013305860499788338 -0.00058094641553041307)
(0.14665918458411614 0.012842481640356316 -0.00056071485751277067)
(0.14758587723554897 0.012385530408044094 -0.00054076393582644822)
(0.14881170734519675 0.011884697610683555 -0.00051889710376475584)
(0.14995423411005518 0.01150046255621559 -0.00050212103916324568)
(0.15087921222032796 0.011228423801490117 -0.00049024357075664346)
(0.15194510296300001 0.011166889694536214 -0.00048755693348931898)
(0.060866882601507868 0.06239870588420323 -0.0027243863352364103)
(0.061790679382088307 0.062122471682380852 -0.0027123256893406829)
(0.062935379904952904 0.061732310862479024 -0.0026952908998538984)
(0.064164668496835914 0.061223754101158351 -0.0026730868320211931)
(0.065090206260591865 0.060759755656871035 -0.0026528282224803712)
(0.065920975263107626 0.060289230456990216 -0.00263228464872357)
(0.066820965360873938 0.059744950315512226 -0.0026085208647133339)
(0.067896228750696022 0.059087250676250327 -0.0025798050784809129)
(0.069128626941568683 0.058351309226206911 -0.0025476731809580665)
(0.069946403436954782 0.057877984592457236 -0.0025270073811942823)
(0.070847472471827572 0.057354088169202497 -0.0025041335694159198)
(0.071815263390433315 0.056789680974149541 -0.0024794910191405051)
(0.0728332055370184 0.056194824025005211 -0.0024535190038855658)
(0.073884728255829146 0.055579578339476333 -0.0024266567971686277)
(0.074953260891111886 0.054954004935269765 -0.0023993436725072183)
(0.076022232787112967 0.054328164830092361 -0.0023720189034188649)
(0.077075073288078721 0.053712119041650914 -0.0023451217634210932)
(0.078095211738255524 0.053115928587652302 -0.0023190915260314321)
(0.079087634147196592 0.052536566169041433 -0.0022937960165117437)
(0.080079668122545314 0.051957439591243749 -0.0022685108039976862)
(0.08107170209787852 0.051378313013441673 -0.0022432255914637041)
(0.082063736073199792 0.050799186435638806 -0.0022179403789169909)
(0.083055770048512709 0.050220059857838735 -0.0021926551663647401)
(0.084047804023820907 0.049640933280045069 -0.0021673699538141437)
(0.08503983799912794 0.049061806702261387 -0.0021420847412723966)
(0.086031871974437416 0.048482680124491299 -0.0021167995287466913)
(0.087023905949752969 0.047903553546738406 -0.002091514316244221)
(0.088015939925102302 0.047324426968990835 -0.0020662291037691792)
(0.089007973900464499 0.046745300391259306 -0.0020409438913146223)
(0.0900000078758212 0.046166173813549809 -0.0020156586788766485)
(0.090992041851176111 0.045587047235855119 -0.0019903734664516604)
(0.091984075826532716 0.045007920658168103 -0.001965088254036062)
(0.092976109801894705 0.044428794080481504 -0.0019398030416262558)
(0.093968143777265631 0.04384966750278816 -0.0019145178292186461)
(0.094960177752649047 0.04327054092508089 -0.0018892326168096359)
(0.095952211728048672 0.042691414347352484 -0.0018639474043956284)
(0.096944245703432963 0.042112287769617805 -0.0018386621919744578)
(0.097936279678759147 0.041533161191911951 -0.0018133769795529878)
(0.098928313654109423 0.040954034614188478 -0.0017880917671315184)
(0.099920347629476672 0.040374908036450975 -0.0017628065547100492)
(0.10091238160485362 0.039795781458703029 -0.0017375213422885795)
(0.10190441558023311 0.039216654880948235 -0.0017122361298671095)
(0.10289644955560799 0.038637528303190199 -0.0016869509174456399)
(0.10388848353097103 0.038058401725432511 -0.0016616657050241702)
(0.104880517506315 0.037479275147678771 -0.001636380492602701)
(0.1058725514816328 0.036900148569932574 -0.001611095280181231)
(0.10686458545700005 0.036321021992145437 -0.0015858100677627286)
(0.10785661943234867 0.035741895414358321 -0.0015605248553517694)
(0.10884865340768221 0.035162768836571198 -0.0015352396429447568)
(0.10984068738300423 0.034583642258784068 -0.0015099544305380941)
(0.11083272135831838 0.034004515680996945 -0.0014846692181281849)
(0.11182475533362821 0.033425389103209829 -0.0014593840057114333)
(0.11281678930893735 0.032846262525422699 -0.0014340987932842406)
(0.11380882328424941 0.032267135947635577 -0.001408813580843012)
(0.11480085725956794 0.031688009369848454 -0.0013835283683841506)
(0.11579289123489216 0.031108882792062174 -0.0013582431559019433)
(0.11678492521021626 0.030529756214276269 -0.0013329579433919434)
(0.11777695918554032 0.029950629636490367 -0.0013076727308608095)
(0.11876899316086439 0.029371503058704455 -0.0012823875183157346)
(0.11976102713618848 0.028792376480918546 -0.0012571023057639115)
(0.12075306111151257 0.028213249903132644 -0.0012318170932125341)
(0.12174509508683665 0.027634123325346732 -0.0012065318806687955)
(0.12273712906216075 0.02705499674756082 -0.0011812466681398886)
(0.12372916303748481 0.026475870169774911 -0.0011559614556330075)
(0.12472119701280882 0.0258967435919885 -0.0011306762431542298)
(0.12571323098812637 0.02531761701420138 -0.0011053910306977474)
(0.12670526496343787 0.02473849043641425 -0.0010801058182584524)
(0.1276972989387469 0.024159363858627131 -0.0010548206058327487)
(0.1286893329140571 0.023580237280840004 -0.001029535393417039)
(0.12968136688937199 0.023001110703052875 -0.0010042501810077274)
(0.13067340086469531 0.022421984125265755 -0.00097896496860121673)
(0.13166543484003049 0.021842857547478625 -0.00095367975619391025)
(0.13265746881538124 0.021263730969691495 -0.00092839454378221189)
(0.13364989122432133 0.020684368551085026 -0.00090309903433011599)
(0.13467002967448 0.020088178097091288 -0.0008770687969857395)
(0.135722870175435 0.019472132308643191 -0.0008501716570219202)
(0.13679184207143266 0.018846292203451166 -0.00082284688795618516)
(0.13786037470671925 0.018220718799225662 -0.00079553376330606122)
(0.13891189742554114 0.017605473113677109 -0.00076867155658907481)
(0.13992983957214467 0.017010616164515942 -0.00074269954132275288)
(0.14089763049077619 0.016446208969452609 -0.0007180569910246224)
(0.14179869952568203 0.015922312546197543 -0.00069518317921221022)
(0.14261647602110852 0.015448987912461172 -0.00067451737940304242)
(0.14384887421188147 0.014713046462622002 -0.00064238548173517398)
(0.1449241376018725 0.014055346823484973 -0.00061366969523749828)
(0.14582412769974656 0.013511066682191805 -0.00058990591094327052)
(0.14665489670233828 0.013040541482487239 -0.00056936233696958073)
(0.1475804344661493 0.012576543038314585 -0.00054910372736824181)
(0.14880972305803705 0.012067986277038261 -0.00052689965976070023)
(0.14995442358090688 0.011677825457102204 -0.00050986487065409814)
(0.15087822036149154 0.011401591255240942 -0.00049780422507166629)
(0.15194510296300001 0.011339108154482707 -0.00049507615383792233)
(0.060867807160715826 0.063282113721292443 -0.0027629567543773614)
(0.061790502767217093 0.063001968741909789 -0.0027507253602432904)
(0.062937229554214769 0.062606284231714354 -0.0027334494012270639)
(0.064169741963321661 0.062090527593053446 -0.002710930979959288)
(0.06509420320091637 0.061619960104484332 -0.0026903855597517502)
(0.065922553991330388 0.061142773457972005 -0.0026695511409557545)
(0.066821105872608158 0.060590787686453443 -0.0026454509218746935)
(0.067897412472401428 0.05992377668395827 -0.0026163285927461272)
(0.069133078504553899 0.059177416164554436 -0.0025837417888323537)
(0.069948252846801992 0.05869739045127087 -0.0025627834136182884)
(0.070847898940206475 0.058166076979864763 -0.00253958576652471)
(0.071815211530443832 0.057593679206604222 -0.0025145943400710045)
(0.072833385363190617 0.056990400587757381 -0.0024882546267765608)
(0.073885615184123316 0.056366444579592327 -0.0024610121191607662)
(0.074955095738918495 0.055732014638377195 -0.002433312309743009)
(0.076025021773252668 0.055097314220380077 -0.0024056006910426766)
(0.077078588032802361 0.054472546781869087 -0.0023783227555791565)
(0.078098989263244115 0.053867915779112339 -0.0023519239958718352)
(0.079091282063414328 0.053280351054157724 -0.0023262703659226256)
(0.080083180930755032 0.052693025508925649 -0.0023006271787585999)
(0.081075079798080027 0.052105699963689113 -0.0022749839915743673)
(0.082066978665392892 0.051518374418451765 -0.0022493408043772235)
(0.083058877532697292 0.050931048873217262 -0.0022236976171744632)
(0.084050776399996918 0.050343723327989254 -0.0021980544299733808)
(0.085042675267295351 0.049756397782771376 -0.0021724112427812733)
(0.086034574134596281 0.049169072237567286 -0.0021467680556054342)
(0.087026473001903346 0.048581746692380606 -0.0021211248684531604)
(0.088018371869244716 0.047994421147199366 -0.0020954816813287015)
(0.089010270736599062 0.04740709560203437 -0.0020698384942250186)
(0.090002169603947885 0.046819770056891724 -0.002044195307138153)
(0.090994068471294862 0.046232444511764108 -0.0020185521200644582)
(0.091985967338643573 0.045645118966644242 -0.0019929089330002849)
(0.092977866205997753 0.045057793421524828 -0.0019672657459419863)
(0.093969765073360995 0.044470467876398571 -0.0019416225588859155)
(0.094961663940736921 0.043883142331258181 -0.0019159793718284239)
(0.095953562808129236 0.043295816786096349 -0.0018903361847658641)
(0.096945461675506023 0.042708491240928161 -0.00186469299769604)
(0.097937360542823856 0.04212116569578922 -0.0018390498106259127)
(0.09892925941016617 0.041533840150632405 -0.0018134066235557856)
(0.099921158277525665 0.040946514605461351 -0.0017877634364856585)
(0.10091305714489501 0.040359189060279715 -0.0017621202494155312)
(0.10190495601226697 0.03977186351509112 -0.0017364770623454035)
(0.10289685487963418 0.039184537969899243 -0.0017108338752752764)
(0.10388875374698943 0.03859721242470774 -0.0016851906882051494)
(0.10488065261432533 0.038009886879520227 -0.0016595475011350219)
(0.10587255148163467 0.037422561334340354 -0.0016339043140648948)
(0.10686445034899418 0.036835235789118966 -0.0016082611269977766)
(0.10785634921633479 0.036247910243897605 -0.0015826179399383083)
(0.10884824808366012 0.03566058469867623 -0.0015569747528828427)
(0.10984014695097377 0.035073259153454855 -0.0015313315658277318)
(0.11083204581827939 0.034485933608233488 -0.0015056883787693287)
(0.11182394468558068 0.03389860806301212 -0.0014800451917039862)
(0.11281584355288125 0.033311282517790745 -0.0014544020046280547)
(0.11380774242018479 0.032723956972569371 -0.0014287588175378888)
(0.1147996412874949 0.032136631427347996 -0.0014031156304298402)
(0.11579154015481079 0.031549305882127489 -0.0013774724432981153)
(0.1167834390221265 0.030961980336907353 -0.001351829256138205)
(0.11777533788944222 0.03037465479168722 -0.0013261860689568602)
(0.11876723675675795 0.029787329246467077 -0.0013005428817613779)
(0.11975913562407367 0.029200003701246938 -0.0012748996945590517)
(0.12075103449138939 0.028612678156026805 -0.0012492565073571773)
(0.12174293335870513 0.028025352610806659 -0.0012236133201630501)
(0.12273483222602087 0.027438027065586512 -0.0011979701329839646)
(0.12372673109333657 0.02685070152036638 -0.0011723269458272165)
(0.12471862996065222 0.026263375975145734 -0.0011466837586989694)
(0.12571052882796133 0.025676050429924362 -0.0011210405715933339)
(0.1267024276952643 0.025088724884702988 -0.001095397384505129)
(0.12769432656256477 0.02450139933948162 -0.0010697541974307077)
(0.12868622542986641 0.023914073794260238 -0.0010441110103664218)
(0.12967812429717285 0.023326748249038867 -0.0010184678233086245)
(0.13067002316448778 0.022739422703817496 -0.00099282463625366781)
(0.13166192203181476 0.022152097158596114 -0.00096718144919790425)
(0.13265382089915759 0.021564771613374743 -0.00094153826213768635)
(0.13364611369932672 0.020977206888424589 -0.00091588463225702587)
(0.13466651492975015 0.020372575885672782 -0.00088948587259563222)
(0.13572008118928891 0.019747808447155034 -0.00086220793716654449)
(0.13679000722361959 0.019113108029143105 -0.00083449631848915053)
(0.13785948777841872 0.018478678087908755 -0.00080679650908283777)
(0.13891171759936269 0.017854722079723745 -0.00077955400146699407)
(0.13992989143212817 0.017251443460859828 -0.0007532142881610072)
(0.14089720402239164 0.016679045687588767 -0.00072822286168426425)
(0.14179685011582965 0.016147732216182327 -0.00070502521455615352)
(0.14261202445811866 0.015667706502912257 -0.0006840668392960619)
(0.14384769049017007 0.014921345983715572 -0.00065148003523521456)
(0.14492399709013468 0.014254334981347025 -0.00062235770583763783)
(0.14582254897152172 0.01370234921001591 -0.00059825748646856469)
(0.14665089976201276 0.013225162563682332 -0.00057742306745260977)
(0.14757536099966334 0.012754595075229497 -0.00055687764718369748)
(0.14880787340877502 0.012238838436613572 -0.000534359226144273)
(0.149954600195778 0.011843153926383415 -0.00051708326751361282)
(0.15087729580228357 0.011563008946961334 -0.0005048518736972728)
(0.15194510296300001 0.01149964124354807 -0.00050208517987554598)
(0.060868668986711276 0.064105580549625174 -0.0027989100925570574)
(0.061790338136022159 0.063821790146850674 -0.0027865195357980139)
(0.062938953701032627 0.063420956739921694 -0.0027690187710927728)
(0.064174471184843415 0.062898488750162435 -0.0027462073259063883)
(0.065097928940754612 0.062421797940254278 -0.0027253945557160477)
(0.065924025599649674 0.061938401839739587 -0.0027042890263051056)
(0.06682123685033696 0.06137923328076611 -0.0026798751999533355)
(0.067898515876194623 0.060703542709868608 -0.0026503739126865072)
(0.069137228019985675 0.059947470076036798 -0.0026173630687006439)
(0.069949976770449965 0.059461197965021036 -0.0025961319698724374)
(0.070848296471843195 0.058922970707184281 -0.0025726324603448539)
(0.071815163189259526 0.058343124532611375 -0.002547315829667282)
(0.07283355298779326 0.057731995671387197 -0.0025206333673891161)
(0.073886441932538599 0.057099920353596581 -0.0024930363630597478)
(0.074956806088589803 0.056457234809324429 -0.0024649761062285691)
(0.076027621521041061 0.055814275268655594 -0.0024369038864449724)
(0.077081864294986674 0.055181377961674945 -0.0024092709932583499)
(0.078102510475520859 0.054568879118467341 -0.0023825287162180932)
(0.079094682461137447 0.053973668630246524 -0.0023565412650349321)
(0.080086455387821817 0.053378700434105822 -0.0023305643925250704)
(0.081078228314490228 0.052783732237960609 -0.002304587519994739)
(0.08207000124114637 0.052188764041814599 -0.002278610647451329)
(0.083061774167793978 0.05159379584567144 -0.0022526337749022287)
(0.084053547094436687 0.050998827649534867 -0.0022266569023548285)
(0.085045320021078216 0.05040385945340857 -0.0022006800298165199)
(0.086037092947722257 0.049808891257296227 -0.0021747031572946921)
(0.08702886587437253 0.04921392306120153 -0.002148726284796734)
(0.088020638801057552 0.048618954865112321 -0.0021227494123269553)
(0.08901241172775573 0.048023986669039599 -0.0020967725398782222)
(0.090004184654448288 0.047429018472989505 -0.0020707956674465245)
(0.090995957581138986 0.046834050276954628 -0.0020448187950281699)
(0.091987730507831489 0.046239082080927613 -0.0020188419226194599)
(0.092979503434529459 0.045644113884901041 -0.0019928650502167018)
(0.09397127636123663 0.045049145688867545 -0.0019668881778161997)
(0.094963049287956652 0.044454177492819734 -0.0019409113054142584)
(0.095954822214693286 0.043859209296750211 -0.0019149344330071838)
(0.096946595141414182 0.043264241100674242 -0.0018889575605927499)
(0.097938368068075377 0.042669272904627888 -0.0018629806881780083)
(0.098930140994761329 0.042074304708563444 -0.0018370038157632675)
(0.099921913921464739 0.041479336512484574 -0.0018110269433485265)
(0.10091368684817807 0.04088436831639497 -0.0017850500709337854)
(0.10190545977489408 0.040289400120298337 -0.0017590731985190442)
(0.10289723270160529 0.039694431924198373 -0.0017330963261043028)
(0.10388900562830435 0.03909946372809877 -0.001707119453689562)
(0.10488077855498384 0.038504495532003219 -0.0016811425812748209)
(0.10587255148163642 0.037909527335915419 -0.0016551657088600797)
(0.10686432440833982 0.037314559139785562 -0.0016291888364483864)
(0.10785609733502406 0.036719590943655719 -0.0016032119640444435)
(0.10884787026169281 0.03612462274752587 -0.0015772350916445548)
(0.10983964318834978 0.035529654551396027 -0.0015512582192450256)
(0.11083141611499861 0.034934686355266177 -0.0015252813468421612)
(0.111823189041643 0.034339718159136341 -0.0014993044744322666)
(0.11281496196828671 0.033744749963006485 -0.0014733276020116462)
(0.1138067348949334 0.033149781766876635 -0.001447350729576606)
(0.11479850782158674 0.032554813570746792 -0.0014213738571234502)
(0.11579028074824593 0.031959845374617823 -0.0013953969846463095)
(0.11678205367490498 0.031364877178489223 -0.0013694201121406168)
(0.11777382660156405 0.030769908982360632 -0.0013434432396132114)
(0.11876559952822308 0.030174940786232035 -0.0013174663670714839)
(0.11975737245488211 0.029579972590103434 -0.0012914894945228236)
(0.12074914538154116 0.028985004393974841 -0.001265512621974621)
(0.1217409183082002 0.028390036197846243 -0.0012395357494342663)
(0.12273269123485923 0.027795068001717636 -0.0012135588769091492)
(0.12372446416151829 0.027200099805589038 -0.0011875820044066601)
(0.12471623708817728 0.026605131609459928 -0.0011616051319330431)
(0.12570801001482959 0.026010163413330081 -0.0011356282594823315)
(0.12669978294147571 0.025415195217200238 -0.0011096513870492777)
(0.12769155586811928 0.024820227021070389 -0.0010836745146301865)
(0.12868332879476407 0.024225258824940536 -0.0010576976422213629)
(0.12967510172141372 0.023630290628810686 -0.0010317207698191122)
(0.13066687464807192 0.023035322432680846 -0.0010057438974197393)
(0.13165864757474241 0.02244035423655099 -0.00097976702501954881)
(0.13265042050142889 0.021845386040421143 -0.00095379015261484604)
(0.13364259248704441 0.02125017555220483 -0.00092780270150112588)
(0.13466323866756003 0.020637676709002239 -0.00090106042450739383)
(0.13571748144149451 0.020004779402014738 -0.00087342753135565172)
(0.13678829687394228 0.019361819861330901 -0.00084535531159529243)
(0.13785866102999744 0.018719134317039299 -0.00081729505477570773)
(0.13891154997475422 0.018087058999228463 -0.00078969805044628943)
(0.13992993977330689 0.017475930137986984 -0.00076301558815642994)
(0.1408968064907497 0.016896083963403405 -0.00073769895745552075)
(0.14179512619217691 0.016357856705566311 -0.00071419944789295525)
(0.14260787494268262 0.015871584594564246 -0.00069296834901812394)
(0.1438465870863713 0.015115511960942267 -0.00065995750488327285)
(0.14492386611240252 0.014439821390173038 -0.00063045621734393294)
(0.14582107736320052 0.013880652831389461 -0.00060604239070040334)
(0.14664717402217359 0.01339725673105582 -0.00058493686106663963)
(0.14757063177814136 0.012920565921265469 -0.00056412409081412667)
(0.14880614926195704 0.012398097931551775 -0.00054131264585906519)
(0.14995476482697287 0.011997264524587629 -0.00052381188154440627)
(0.15087643397628811 0.011713474121773175 -0.00051142132510722865)
(0.15194510296300001 0.011649281837784457 -0.00050861862931824168)
(0.060869472336069583 0.064873173487897798 -0.0028324239240127076)
(0.061790184675386842 0.064585985011082758 -0.0028198850041347605)
(0.062940560861001194 0.064180352070479091 -0.0028021746872612533)
(0.064178879519118409 0.063651628108369634 -0.002779090100421884)
(0.065101401881608179 0.063169229456861931 -0.0027580281204858861)
(0.065925397356367654 0.062680045226359754 -0.00273666987586364)
(0.066821358940961917 0.062114181246589968 -0.0027119637211288632)
(0.067899544411808413 0.061430400033563766 -0.0026821091888000318)
(0.069141095982401535 0.060665274271914149 -0.002648703076718743)
(0.069951583722391186 0.060173179593887939 -0.0026272177591252976)
(0.070848667030154203 0.059628507664015472 -0.0026034368691404803)
(0.071815118128122371 0.059041718477226307 -0.0025778171000034739)
(0.072833709238727534 0.058423272028450011 -0.0025508151449534651)
(0.073887212584401493 0.057783628312616166 -0.0025228876972296357)
(0.074958400387576077 0.05713324732465435 -0.0024944914500711706)
(0.076030044870683086 0.056482589059494118 -0.0024660830967172553)
(0.07708491825615435 0.055842113512065056 -0.0024381193304070727)
(0.078105792766421697 0.055222280677296738 -0.0024110568443798065)
(0.079097852134996538 0.054619943206313602 -0.0023847582224086907)
(0.080089507666352838 0.054017850928588455 -0.0023584703057787071)
(0.081081163197692999 0.05341575865085875 -0.0023321823891280088)
(0.082072818729020752 0.052813666373128197 -0.0023058944724640741)
(0.083064474260339832 0.052211574095400566 -0.0022796065557943823)
(0.084056129791653986 0.051609481817679582 -0.0022533186391264109)
(0.085047785322966946 0.051007389539969 -0.0022270307224676392)
(0.086039440854282445 0.050405297262272546 -0.0022007428058255455)
(0.087031096385604245 0.049803204984593945 -0.0021744548892076083)
(0.088022751916961212 0.049201112706920902 -0.0021481669726181878)
(0.089014407448331487 0.048599020429264526 -0.002121879056050064)
(0.090006062979696086 0.047996928151631056 -0.0020955911394991804)
(0.090997718511058798 0.047394835874012997 -0.0020693032229617985)
(0.0919893740424233 0.046792743596402897 -0.002043015306434178)
(0.092981029573793381 0.046190651318793241 -0.0020167273899125799)
(0.093972685105172774 0.045588559041176577 -0.0019904394733932652)
(0.09496434063656517 0.04498646676354541 -0.0019641515568724942)
(0.095955996167974358 0.044384374485892275 -0.0019378636403465279)
(0.096947651699367657 0.043782282208232638 -0.0019115757238131145)
(0.09793930723070049 0.043180189930602957 -0.0018852878072793899)
(0.0989309627620584 0.04257809765295497 -0.0018589998907456659)
(0.099922618293433962 0.04197600537529237 -0.0018327119742119417)
(0.10091427382481959 0.041373913097618939 -0.0018064240576782175)
(0.10190592935620792 0.040771820819938374 -0.0017801361411444931)
(0.10289758488759138 0.040169728542254438 -0.0017538482246107687)
(0.10388924041896254 0.039567636264570875 -0.0017275603080770445)
(0.10488089595031393 0.038965543986891421 -0.0017012723915433203)
(0.10587255148163803 0.038363451709219794 -0.0016749844750095959)
(0.10686420701301362 0.03776135943150561 -0.0016486965584789561)
(0.10785586254436981 0.037159267153791448 -0.0016224086419561589)
(0.10884751807571029 0.036557174876077271 -0.001596120725437465)
(0.10983917360703886 0.035955082598363095 -0.0015698328089191348)
(0.11083082913835922 0.035352990320648932 -0.0015435448923974294)
(0.11182248466967508 0.034750898042934755 -0.0015172569758686095)
(0.11281414020099022 0.034148805765220579 -0.0014909690593289358)
(0.1138057957323084 0.033546713487506402 -0.0014646811427746688)
(0.1147974512636333 0.032944621209792239 -0.0014383932262020699)
(0.11578910679496413 0.032342528932078951 -0.001412105309605199)
(0.11678076232629482 0.031740436654366044 -0.0013858173929794343)
(0.11777241785762552 0.031138344376653138 -0.0013595294763316965)
(0.11876407338895617 0.030536252098940234 -0.0013332415596694655)
(0.11975572892028684 0.029934159821227324 -0.0013069536430002186)
(0.12074738445161752 0.029332067543514417 -0.0012806657263314347)
(0.1217390399829482 0.028729975265801507 -0.0012543778096705928)
(0.12273069551427887 0.02812788298808859 -0.0012280898930251707)
(0.12372235104560955 0.027525790710375687 -0.0012018019764026477)
(0.12471400657694018 0.026923698432662253 -0.0011755140598093427)
(0.12570566210826403 0.02632160615494809 -0.0011492261432392171)
(0.12669731763958164 0.025719513877233913 -0.0011229382266869606)
(0.12768897317089667 0.02511742159951974 -0.0010966503101488344)
(0.12868062870221295 0.024515329321805564 -0.0010703623936210984)
(0.12967228423353405 0.023913237044091387 -0.0010440744771000141)
(0.13066393976486393 0.023311144766377221 -0.0010177865605818419)
(0.13165559529620616 0.022709052488663041 -0.0009914986440628425)
(0.13264725082756457 0.022106960210948868 -0.00096521072753927696)
(0.13363931019613837 0.021504622739970319 -0.00093891210563843363)
(0.13466018470638691 0.020884789905207056 -0.00091184961965824968)
(0.13571505809184695 0.020244314357771066 -0.000883885853383365)
(0.1367867025749504 0.019593656092595658 -0.00085547750005296463)
(0.13785789037812898 0.018943275104614143 -0.00082708125290623276)
(0.13891139372381453 0.018303631388759834 -0.00079915380518235301)
(0.13992998483443891 0.017685184939966042 -0.0007721518501205099)
(0.14089643593243381 0.01709839575316608 -0.00074653208095988718)
(0.14179351924023118 0.016553723823293263 -0.00072275119093966956)
(0.14260400698026285 0.016061629145280903 -0.00070126587329904036)
(0.14384555855075232 0.01529650338384363 -0.00066785976106698019)
(0.14492374402177444 0.014612722170947258 -0.00063800522846237454)
(0.14581970560648075 0.014046858191369633 -0.00061329907343234363)
(0.14664370108131916 0.013557673961050688 -0.00059194082858460837)
(0.14756622344386619 0.013075275309662191 -0.0005708788485856935)
(0.14880454210198837 0.012546551347598829 -0.00054779426198041717)
(0.14995491828760815 0.012140918406959588 -0.00053008394550216949)
(0.1508756306269298 0.011853729930104123 -0.00051754502594994164)
(0.15194510296300001 0.011788769015000001 -0.00051470877099999996)
(0.060806932868508273 0.005117286255150782 0.00022342554303766897)
(0.061802131341336948 0.0050946324282138671 0.00022243645557830748)
(0.06281544601814909 0.0050626355370493748 0.00022103944112320201)
(0.063835697719644757 0.0050209290547146334 0.00021921849676997132)
(0.064831038969621599 0.0049828767773842497 0.00021755709846558828)
(0.065818608281503876 0.0049442892441344333 0.00021587233039023032)
(0.066811854380336697 0.0048996531054923019 0.00021392347450351328)
(0.067819474553048473 0.0048457154913010983 0.00021156850742349548)
(0.068839981271181766 0.0047853613058490511 0.00020893338678732847)
(0.069826485074137051 0.0047465441924459872 0.00020723859501906386)
(0.070819819656055299 0.0047035797122078997 0.00020536272530417688)
(0.07181862606585375 0.0046572929640994925 0.00020334180224128101)
(0.072821545352449557 0.0046085090470854729 0.00020121185042899008)
(0.073827218564759947 0.0045580530601305449 0.0001990088944659177)
(0.074834286751702117 0.0045067501021994168 0.0001967689589506776)
(0.075841390962193195 0.0044554252722567916 0.00019452806848188343)
(0.076847172245150461 0.0044049036692673793 0.00019232224765814888)
(0.077850271649491085 0.0043560103921958821 0.00019018752107808769)
(0.078851098075332332 0.0043084971737805799 0.00018811304915839196)
(0.079851892645931483 0.0042610032965508795 0.00018603942169091093)
(0.080852687216529343 0.0042135094193208183 0.00018396579422179591)
(0.081853481787126259 0.0041660155420906913 0.00018189216675163679)
(0.082854276357722439 0.0041185216648607931 0.00017981853928102353)
(0.083855070928318259 0.0040710277876314215 0.00017774491181054604)
(0.084855865498913996 0.0040235339104028687 0.00017567128434079415)
(0.085856660069509913 0.0039760400331754304 0.00017359765687235794)
(0.086857454640106371 0.0039285461559494007 0.00017152402940582721)
(0.08785824921070555 0.0038810522787238099 0.00016945040194154583)
(0.088859043781305783 0.0038335584014995349 0.00016737677447894444)
(0.089859838351905599 0.0037860645242770645 0.00016530314701770302)
(0.090860632922505236 0.0037385706470558109 0.00016322951955752656)
(0.091861427493105011 0.0036910767698351845 0.00016115589209812008)
(0.092862222063705258 0.0036435828926145932 0.00015908226463918869)
(0.093863016634306198 0.0035960890153934485 0.00015700863718043739)
(0.094863811204908222 0.0035485951381711615 0.00015493500972157127)
(0.095864605775511522 0.0035011012609471397 0.00015286138226229526)
(0.096865400346113573 0.0034536073837226067 0.00015078775480243189)
(0.097866194916710877 0.0034061135065004372 0.00014871412734254394)
(0.098866989487310139 0.0033586196292768218 0.00014664049988265604)
(0.099867784057910802 0.0033111257520520559 0.00014456687242276811)
(0.10086857862851226 0.003263631874826433 0.00014249324496288021)
(0.10186937319911395 0.0032161379976002481 0.00014041961750299226)
(0.10287016776971522 0.0031686441203737986 0.00013834599004310433)
(0.10387096234031555 0.0031211502431473773 0.00013627236258321641)
(0.10487175691091428 0.0030736563659212795 0.00013419873512332848)
(0.10587255148151094 0.0030261624886958006 0.00013212510766344055)
(0.10687334605211157 0.0029786686114669642 0.00013005148020379592)
(0.1078741406227107 0.002931174734238129 0.00012797785274476996)
(0.1088749351933086 0.002883680857009293 0.00012590422528606761)
(0.10987572976390554 0.0028361869797804578 0.00012383059782739399)
(0.11087652433450183 0.0027886931025516222 0.00012175697036845415)
(0.11187731890509779 0.0027411992253227871 0.00011968334290895313)
(0.11287811347569369 0.0026937053480939515 0.00011760971544859588)
(0.11387890804628983 0.0026462114708651159 0.00011553608798708753)
(0.11487970261688651 0.0025987175936362811 0.00011346246052413313)
(0.11588049718748365 0.0025512237164075154 0.00011138883305926408)
(0.11688129175808076 0.00250372983917878 0.00010931520559211586)
(0.1178820863286779 0.0024562359619500441 0.00010724157812323441)
(0.11888288089927501 0.0024087420847213087 0.00010516795065320969)
(0.11988367546987215 0.0023612482074925733 0.00010309432318263155)
(0.12088447004046925 0.0023137543302638374 0.00010102069571208995)
(0.12188526461106637 0.0022662604530351016 9.894706824217481e-05)
(0.12288605918166352 0.0022187665758063649 9.6873440773475979e-05)
(0.12388685375226062 0.0021712726985776299 9.4799813306583496e-05)
(0.1248876483228577 0.0021237788213488524 9.2726185841995743e-05)
(0.12588844289345436 0.0020762849441200173 9.0652558379236442e-05)
(0.12688923746405043 0.0020287910668911817 8.8578930917886686e-05)
(0.12789003203464627 0.0019812971896623461 8.6505303457651517e-05)
(0.12889082660524226 0.0019338033124335107 8.4431675998235963e-05)
(0.12989162117583863 0.0018863094352046749 8.2358048539345096e-05)
(0.13089241574643568 0.0018388155579758397 8.0284421080683931e-05)
(0.13189321031703374 0.0017913216807470041 7.8210793621957537e-05)
(0.13289400488763303 0.0017438278035181683 7.6137166162870931e-05)
(0.13389483131347427 0.0016963145851032276 7.4062694248718352e-05)
(0.13489793071781336 0.0016474213080321298 7.1927967672371002e-05)
(0.13590371200076976 0.0015968997050421698 6.9722146851420856e-05)
(0.13691081621126056 0.0015455748750983485 6.7481256384481638e-05)
(0.13791788439820302 0.0014942719171656669 6.5241320870167019e-05)
(0.13892355761051434 0.0014438159302091252 6.3038364907090657e-05)
(0.13992647689711166 0.0013950320131937244 6.090841309386627e-05)
(0.1409252833069122 0.0013487452650844665 5.8887490029107482e-05)
(0.14191861788883317 0.001305780784846351 5.7011620311428058e-05)
(0.14290512169179176 0.0012669636714443798 5.5316828539441567e-05)
(0.14392562840991685 0.0012066094860090832 5.2681707891381451e-05)
(0.1449332485826425 0.0011526718718281198 5.0326740789610175e-05)
(0.14592649468148416 0.0011080357332011463 4.8377884879603146e-05)
(0.14691406399337267 0.0010694481999657844 4.66931167864583e-05)
(0.14790940524335405 0.0010313959226448028 4.503171847711222e-05)
(0.14892965694485011 0.00098968944031369824 4.3210774142347172e-05)
(0.14994297162166265 0.00095769254914639904 4.1813759718420227e-05)
(0.15093817009449173 0.00093503872220629532 4.0824672284752012e-05)
(0.15194510296300001 0.0009299145147702838 4.0600944545054697e-05)
(0.060811925138370145 0.0098873542863381885 0.00043169121102173762)
(0.061801177687865021 0.0098435837404475396 0.00042978014768791739)
(0.062825433424240004 0.0097817610119092825 0.00042708090903444926)
(0.063863092518824605 0.0097011779164325688 0.00042356257508586944)
(0.064852620934897479 0.009627655285763077 0.00042035250771283106)
(0.065827132816502487 0.0095530984614516055 0.00041709728648407741)
(0.06681261309053059 0.0094668548364668509 0.00041333180852481889)
(0.067825866202327237 0.0093626393843155367 0.00040878166364493012)
(0.068864018026792401 0.0092460261669824063 0.00040369022063823897)
(0.069836471187479432 0.009171025759842244 0.00040041563215151228)
(0.070822122423922121 0.0090880120262613346 0.00039679117427651424)
(0.071818346041534753 0.008998579179535263 0.00039288645186858357)
(0.072822516345731669 0.0089043214329596367 0.00038877106978305905)
(0.073832007641927197 0.0088068329998300509 0.00038451463287527933)
(0.074844194235535649 0.0087077080934420993 0.000380186746000583)
(0.075856450431971326 0.008608540927091379 0.00037585701401430919)
(0.076866150536648581 0.0085109257140734938 0.00037159504177179621)
(0.07787066885498177 0.0084164566676840323 0.00036747043412838293)
(0.078870795442505304 0.0083246540988354753 0.00036346224740510817)
(0.079870860480987252 0.0082328889000195509 0.00035945569228847189)
(0.08087092551946673 0.0081411237012029309 0.00035544913716867836)
(0.08187099055794432 0.008049358502386186 0.00035144258204686767)
(0.082871055596420592 0.0079575933035698817 0.00034743602692417948)
(0.083871120634896115 0.0078658281047545939 0.00034342947180175334)
(0.084871185673371458 0.00777406290594089 0.00033942291668072951)
(0.085871250711847147 0.0076822977071293371 0.00033541636156224748)
(0.086871315750323863 0.0075905325083205077 0.00033140980644744724)
(0.087871380788805922 0.0074987673095125258 0.00032740325133699319)
(0.08887144582728998 0.0074070021107070852 0.00032339669622978502)
(0.089871510865773205 0.007315236911905134 0.00031939014112520448)
(0.090871575904256124 0.0072234717131055308 0.00031538358602268169)
(0.091871640942739335 0.0071317065143071392 0.00031137703092164659)
(0.092871705981223351 0.0070399413155088179 0.00030737047582152943)
(0.093871771019708783 0.0069481761167094289 0.00030336392072176024)
(0.094871836058196282 0.006856410917907829 0.00029935736562176912)
(0.095871901096686266 0.0067646457191028802 0.00029535081052098626)
(0.096871966135173834 0.00667288052029694 0.0002913442554190683)
(0.09787203117365223 0.0065811153214955691 0.00028733770031710284)
(0.0988720962121344 0.0064893501226914044 0.00028333114521513761)
(0.099872161250619276 0.0063975849238850158 0.00027932459011317226)
(0.10087222628910568 0.0063058197250769705 0.00027531803501120697)
(0.1018722913275925 0.0062140545262678428 0.00027131147990924157)
(0.10287235636607858 0.0061222893274582007 0.00026730492480727622)
(0.10387242140456283 0.0060305241286486132 0.00026329836970531088)
(0.10487248644304401 0.0059387589298396529 0.00025929181460334564)
(0.10587255148152107 0.0058469937310318869 0.00025528525950138019)
(0.10687261652000593 0.0057552285322176348 0.00025127870439988501)
(0.10787268155848784 0.0056634633334033853 0.00024727214929958511)
(0.1088727465969674 0.0055716981345891323 0.00024326559419991052)
(0.1098728116354451 0.0054799329357748819 0.00023925903910029141)
(0.11087287667392155 0.0053881677369606307 0.00023525248400015785)
(0.11187294171239735 0.0052964025381463803 0.00023124592889894004)
(0.11287300675087301 0.0052046373393321273 0.00022723937379606795)
(0.11387307178934916 0.0051128721405178769 0.00022323281869097167)
(0.11487313682782629 0.0050211069417036265 0.00021922626358308143)
(0.11587320186630438 0.0049293417428895106 0.00021521970847149187)
(0.11687326690478241 0.0048375765440754528 0.00021121315335549863)
(0.11787333194326044 0.0047458113452613941 0.00020720659823615648)
(0.11887339698173847 0.0046540461464473363 0.00020320004311460529)
(0.11987346202021655 0.0045622809476332767 0.00019919348799198486)
(0.12087352705869456 0.0044705157488192197 0.00019518693286943507)
(0.12187359209717261 0.004378750550005161 0.00019118037774809566)
(0.12287365713565065 0.0042869853511911015 0.00018717382262910639)
(0.12387372217412868 0.0041952201523770428 0.00018316726751360722)
(0.1248737872126067 0.0041034549535629052 0.00017916071240256114)
(0.12587385225108372 0.0040116897547486548 0.00017515415729504785)
(0.12687391728955977 0.0039199245559344027 0.00017114760219025805)
(0.1278739823280354 0.0038281593571201523 0.00016714104708762177)
(0.12887404736651126 0.0037363941583059006 0.00016313449198656911)
(0.12987411240498783 0.0036446289594916493 0.00015912793688653028)
(0.13087417744346574 0.0035528637606773985 0.00015512138178693522)
(0.13187424248194554 0.0034610985618631451 0.00015111482668721409)
(0.13287430752042778 0.0033693333630488947 0.00014710827158679704)
(0.13387443410795122 0.0032775307942010342 0.00014310008487423249)
(0.13487895242628151 0.0031830617478123468 0.000138975477237995)
(0.13588865253095708 0.0030854465347934026 0.00013471350500086191)
(0.13690090872739222 0.0029862793684403708 0.00013038377301817199)
(0.13791309532100127 0.002887154462049419 0.00012605588614526394)
(0.13892258661719856 0.002789666028916712 0.00012179944923747646)
(0.13992675692139839 0.0026954082823384181 0.00011768406715014832)
(0.14092298053901509 0.002605975435610705 0.00011377934473861815)
(0.14190863177546301 0.0025229617020297405 0.00011015488685822485)
(0.14288108493615648 0.0024479612948916899 0.00010688029836430689)
(0.14391923676060583 0.0023313480775909229 0.00010178885533463653)
(0.14493248987242924 0.0022271326254593923 9.7238710412716846e-05)
(0.14591797014647445 0.0021408890005039254 9.3473232408458558e-05)
(0.14689248202809144 0.0020663321762203809 9.0218011145337971e-05)
(0.14788201044417307 0.001992809545569059 8.7007943762710413e-05)
(0.14891966953875843 0.0019122264500993718 8.3489609849808755e-05)
(0.14994392527513425 0.0018504037215556915 8.0790371256582284e-05)
(0.15093317782462976 0.0018066331756588807 7.8879307972405216e-05)
(0.15194510296299998 0.0017967324486269428 7.8447032872718846e-05)
(0.060816578672623231 0.014333763552431843 0.00062582563214089095)
(0.061800288741710271 0.014270309099684624 0.00062305515086072177)
(0.062834743164624521 0.014180684277171896 0.00061914204655496674)
(0.063888628525464258 0.014063862425396815 0.0006140414943286627)
(0.064872738520172099 0.013957276176613824 0.00060938783821601762)
(0.065835078944557493 0.013849190650400052 0.00060466872225713208)
(0.066813320320703071 0.013724162691187123 0.00059920988370772534)
(0.067831824165273003 0.013573080854086294 0.00059261350828222314)
(0.068886423839911864 0.013404025893989327 0.00058523240934664326)
(0.069845779722831056 0.013295297302785855 0.00058048521654450883)
(0.070824268944330984 0.013174951738715444 0.00057523081575321165)
(0.071818085017432254 0.013045300343441422 0.00056957011359646832)
(0.072823421455155413 0.012908654258627113 0.00056360401669799574)
(0.073836471770521009 0.01276732462593585 0.00055743343168151039)
(0.074853429476549604 0.012623622587030956 0.00055115926517072952)
(0.075870488086261803 0.012479859283575761 0.00054488242378936992)
(0.076883841112678153 0.012338345857233592 0.00053870381416114819)
(0.077889682068819216 0.012201393449667771 0.00053272434290978134)
(0.078889156303470584 0.012068306652403989 0.00052691364784398381)
(0.079888541310065217 0.011935274030726133 0.00052110531812922848)
(0.080887926316656297 0.011802241409047268 0.0005152969884098963)
(0.081887311323244616 0.011669208787368223 0.00050948865868763969)
(0.082886696329831033 0.011536176165689816 0.00050368032896411089)
(0.083886081336416354 0.011403143544012884 0.00049787199924096232)
(0.084885466343001412 0.011270110922338242 0.00049206366951984619)
(0.085884851349587038 0.011137078300666729 0.00048625533980241548)
(0.08688423635617408 0.011004045678999158 0.00048044701009032197)
(0.087883621362768838 0.010871013057332816 0.00047463868038452898)
(0.088883006369366566 0.010737980435670157 0.00046883035068344181)
(0.089882391375963044 0.010604947814012559 0.00046302202098616398)
(0.090881776382559093 0.010471915192358364 0.00045721369129186917)
(0.09188116138915553 0.010338882570705924 0.000451405361599731)
(0.09288054639575323 0.010205849949053589 0.00044559703190892374)
(0.093879931402352942 0.010072817327399701 0.00043978870221862086)
(0.094879316408955569 0.009939784705742612 0.00043398037252799623)
(0.095878701415561887 0.0098067520840806662 0.00042817204283622371)
(0.09687808642216468 0.0096737194624172858 0.0004223637131428058)
(0.097877471428754165 0.0095406868407605268 0.0004165553834493191)
(0.098876856435349145 0.0094076542190997172 0.00041074705375583251)
(0.099876241441948038 0.0092746215974356845 0.00040493872406234587)
(0.10087562644854915 0.0091415889757692544 0.00039913039436885927)
(0.10187501145515089 0.009008556354101251 0.00039332206467537257)
(0.1028743964617515 0.0088755237324325015 0.00038751373498188593)
(0.10387378146834944 0.0087424911107638319 0.00038170540528839912)
(0.10487316647494298 0.0086094584890960713 0.00037589707559491258)
(0.10587255148153051 0.008476425867430042 0.00037008874590142599)
(0.10687193648812943 0.0083433932457546104 0.00036428041620862087)
(0.10787132149472402 0.0082103606240791806 0.00035847208651754848)
(0.10887070650131517 0.008077328002403749 0.00035266375682738274)
(0.10987009150790367 0.0079442953807283192 0.00034685542713729745)
(0.11086947651449035 0.0078112627590528894 0.00034104709744646634)
(0.11186886152107606 0.0076782301373774587 0.00033523876775406347)
(0.1128682465276616 0.0075451975157020262 0.00032943043805926223)
(0.11386763153424782 0.0074121648940265964 0.00032362210836123673)
(0.1148670165408355 0.0072791322723511683 0.00031781377865916066)
(0.11586640154742454 0.007146099650675931 0.00031200544895172174)
(0.1168657865540135 0.0070130670290007814 0.00030619711923789871)
(0.11786517156060247 0.0068800344073256308 0.00030038878951922068)
(0.11886455656719144 0.0067470017856504786 0.00029458045979734035)
(0.11986394157378043 0.0066139691639753289 0.00028877213007390994)
(0.12086332658036941 0.0064809365423001792 0.00028296380035058193)
(0.12186271158695841 0.0063479039206250287 0.00027715547062900854)
(0.12286209659354738 0.0062148712989498756 0.0002713471409108422)
(0.12386148160013633 0.006081838677274725 0.0002655388111977354)
(0.12486086660672531 0.0059488060555994565 0.00025973048149108432)
(0.12586025161331274 0.0058157734339240258 0.00025392215178955473)
(0.12685963661989885 0.0056827408122485951 0.00024811382209197344)
(0.12785902162648435 0.005549708190573167 0.00024230549239751418)
(0.12885840663307016 0.0054166755688977355 0.00023649716270535064)
(0.12985779163965702 0.0052836429472223039 0.00023068883301465679)
(0.13085717664624583 0.0051506103255468732 0.00022488050332460644)
(0.13185656165283735 0.0050175777038714417 0.00021907217363437319)
(0.13285594665943246 0.0048845450821960118 0.00021326384394313111)
(0.13385542089408359 0.0047514582849332411 0.00020745314889286027)
(0.13486126185022052 0.0046145058773685403 0.0002014736776518961)
(0.13587461487663438 0.0044729924510248384 0.00019529506803147366)
(0.13689167348634576 0.0043292291475662877 0.00018901822665530973)
(0.13790863119237526 0.0041855271086570448 0.00018274406014712118)
(0.13892168150774342 0.0040441974759612594 0.00017657347513062478)
(0.13992701794547083 0.0039075513911430854 0.0001706073782295374)
(0.14092083401857797 0.0037778999958666777 0.0001649466760675758)
(0.1418993232400855 0.0036575544317961894 0.00015969227526845702)
(0.142858679123014 0.0035488258405957738 0.00015494508245589753)
(0.14391327879762991 0.0033797708805457286 0.00014756398348700437)
(0.14493178264223869 0.0032286890434735822 0.00014096760800056979)
(0.14591002401840905 0.0031036610843031111 0.00013550876938592661)
(0.14687236444281185 0.0029955755581298283 0.0001307896533772193)
(0.14785647443753236 0.0028889893093731727 0.00012613599725067241)
(0.14891035979837317 0.0027721674576082832 0.00012103544507609144)
(0.14994481422128864 0.0026825426350876899 0.00011712234085766903)
(0.15092852429037665 0.0026190881823315404 0.00011435185964946778)
(0.15194510296300001 0.0026047350322204888 0.00011372518755002962)
(0.060820916455163798 0.018478474955359578 0.00080678764008044145)
(0.061799460112350331 0.018396672188653783 0.00080321605410006475)
(0.062843421220291656 0.018281131700482487 0.00079817144738200988)
(0.063912431862397673 0.018130529965329805 0.00079159603358873096)
(0.064891491086590772 0.017993123531805363 0.00078559673915263835)
(0.06584248591175007 0.017853784293937219 0.00077951305668231424)
(0.066813979563877718 0.017692603596028759 0.00077247575548423128)
(0.067837377868380802 0.017497835353001354 0.00076397199039487278)
(0.068907309373287359 0.017279896928469363 0.00075445659331683146)
(0.069854456655229213 0.017139728678718647 0.00074833671538096145)
(0.070826269818988027 0.0169845843243745 0.00074156296659738164)
(0.071817841704343133 0.016817443290427982 0.00073426543146988326)
(0.072824265151073833 0.016641285001870142 0.00072657419450225676)
(0.073840632998959418 0.01645908888369205 0.00071861934019829465)
(0.074862038087779179 0.016273834360884767 0.00071053095306178771)
(0.075883573257312473 0.016088500858439356 0.00070243911759652769)
(0.076900331347338549 0.01590606780134687 0.00069447391830630581)
(0.077907405197636739 0.015729514614598383 0.00068676543969491371)
(0.078906271342877921 0.015557944807329548 0.00067927454012385461)
(0.079905022459124411 0.015386444840909145 0.00067178668986219976)
(0.080903773575366308 0.01521494487448744 0.00066429883959464469)
(0.081902524691604681 0.015043444908065496 0.0006568109893233192)
(0.082901275807840569 0.014871944941644384 0.00064932313905035385)
(0.083900026924075055 0.01470044497522517 0.00064183528877787867)
(0.084898778040309195 0.01452894500880891 0.00063434743850802379)
(0.08589752915654407 0.014357445042396676 0.00062685958824291977)
(0.086896280272780735 0.014185945075989533 0.00061937173798469632)
(0.08789503138902742 0.014014445109583967 0.00061188388773459517)
(0.088893782505277893 0.013842945143183155 0.00060439603749056067)
(0.089892533621526743 0.013671445176788864 0.00059690818725143674)
(0.090891284737775052 0.013499945210398961 0.00058942033701615869)
(0.091890035854023916 0.013328445244011323 0.00058193248678366075)
(0.092888786970274334 0.013156945277623816 0.00057444463655287857)
(0.093887538086527375 0.012985445311234314 0.00056695678632274679)
(0.094886289202784163 0.012813945344840682 0.0005594689360922001)
(0.095885040319045711 0.012642445378440788 0.00055198108586017357)
(0.096883791435302735 0.012470945412039042 0.0005444932356260258)
(0.097882542551542551 0.012299445445645834 0.00053700538539178946)
(0.098881293667789499 0.012127945479247407 0.00052951753515755333)
(0.099880044784041486 0.011956445512844823 0.00052202968492331698)
(0.10087879590029633 0.011784945546439144 0.00051454183468908074)
(0.10187754701655193 0.011613445580031441 0.0005070539844548444)
(0.10287629813280616 0.011441945613622776 0.00049956613422060816)
(0.10387504924905692 0.011270445647214213 0.00049207828398637181)
(0.104873800365302 0.011098945680806823 0.00048459043375213552)
(0.10587255148153932 0.010927445714401664 0.00047710258351789923)
(0.10687130259779132 0.010755945747984382 0.00046961473328454147)
(0.10787005371403777 0.010584445781567106 0.00046212688305341776)
(0.10886880483027978 0.010412945815149828 0.00045463903282346265)
(0.10986755594651836 0.01024144584873255 0.0004471511825936112)
(0.11086630706275459 0.010069945882315271 0.00043966333236279838)
(0.11186505817898959 0.0098984459158979951 0.00043217548212995909)
(0.11286380929522434 0.0097269459494807153 0.00042468763189402808)
(0.11386256041145999 0.0095554459830634354 0.00041719978165394051)
(0.11486131152769752 0.0093839460166461608 0.00040971193140863115)
(0.11586006264393675 0.0092124460502291325 0.00040222408115640822)
(0.11685881376017597 0.0090409460838122169 0.00039473623089595505)
(0.11785756487641517 0.0088694461173952979 0.00038724838062924316)
(0.11885631599265437 0.0086979461509783789 0.00037976053035840301)
(0.11985506710889354 0.0085264461845614616 0.0003722726800855644)
(0.12085381822513275 0.0083549462181445443 0.0003647848298128578)
(0.12185256934137192 0.0081834462517276253 0.00035729697954241328)
(0.12285132045761114 0.0080119462853107063 0.00034980912927636102)
(0.12385007157385032 0.007840446318893789 0.00034232127901683126)
(0.12484882269008953 0.0076689463524767208 0.00033483342876562401)
(0.12584757380632677 0.0074974463860594445 0.00032734557852101927)
(0.12684632492256223 0.0073259464196421646 0.00031985772828150422)
(0.12784507603879697 0.0071544464532248874 0.00031236987804601405)
(0.12884382715503204 0.0069829464868076084 0.00030488202781348348)
(0.12984257827126855 0.0068114465203903303 0.00029739417758284755)
(0.13084132938750753 0.0066399465539730513 0.00028990632735304109)
(0.13184008050374998 0.0064684465875557724 0.00028241847712299903)
(0.1328388316199971 0.0062969466211384934 0.00027493062689165637)
(0.13383769776523796 0.006125376813870962 0.0002674397273406138)
(0.13484477161553077 0.0059488236271239133 0.00025973124874263226)
(0.13586152970555368 0.0057663905700294574 0.00025176604946246483)
(0.13688306487508592 0.0055810570675797217 0.00024367421400390291)
(0.13790446996390684 0.0053958025447668314 0.00023558582687073802)
(0.13892083781179573 0.0052136064265829105 0.00022763097256676138)
(0.13992726125853189 0.0050374481380200875 0.0002199397355957645)
(0.14091883314389464 0.0048703071040704891 0.00021264220046153873)
(0.14189064630766324 0.0047151627497262439 0.00020586845166787549)
(0.14283779358961704 0.0045749944999794743 0.00019974857371856609)
(0.14390772509449409 0.0043570560755079677 0.00019023317659757873)
(0.14493112339904721 0.0041622878325175416 0.00018172941142966862)
(0.1459026170512068 0.0040011071346638151 0.00017469211014748575)
(0.14685361187638854 0.0038617678968478663 0.00016860842761293337)
(0.14783267110059797 0.0037243614633573801 0.0001626091331589193)
(0.14890168174270538 0.003573759728217833 0.00015603371943231938)
(0.14994564285064826 0.0034582192400363903 0.00015098911282685021)
(0.15092418650783604 0.0033764164733190881 0.00014741752693925162)
(0.15194510296300001 0.0033579130060414669 0.00014660964806973264)
(0.060824959910384273 0.0223419593054296 0.00097547100972056626)
(0.061798687707168662 0.022243053194983396 0.00097115267561441356)
(0.0628515104523273 0.022103355471492194 0.00096505334121160422)
(0.063934620094769343 0.021921265886381044 0.00095710313819210701)
(0.064908971253444137 0.021755130479994771 0.0009498495097148503)
(0.065849390301235364 0.021586658158029872 0.00094249384933121504)
(0.066814594076069406 0.021391777757878282 0.0009339851873681772)
(0.067842554741498362 0.021156287319937885 0.00092370345286203618)
(0.068926777780974849 0.02089278227291717 0.00091219857408788489)
(0.069862544840211913 0.020723307609049658 0.00090479915048135261)
(0.070828134930252085 0.020535725632744917 0.00089660914454019408)
(0.071817614900539312 0.020333638707946095 0.00088778583887008905)
(0.072825051600517512 0.020120649198596362 0.00087848651607671743)
(0.073844511879630717 0.019900359468638884 0.00086886845876575983)
(0.074870062587322844 0.019676371882016829 0.00085908894954289607)
(0.075895770573037896 0.019452288802673363 0.00084930527101380652)
(0.07691570268621982 0.019231712594551639 0.00083967470578417101)
(0.077923925776312575 0.019018245621594841 0.00083035453645967014)
(0.078922225092240145 0.018810803954395522 0.00082129743765784954)
(0.079920385328880891 0.018603446730387382 0.00081224402571583641)
(0.080918545565516073 0.018396089506377673 0.00080319061376668923)
(0.081916705802146994 0.01818873228236768 0.00079413720181298374)
(0.082914866038774918 0.01798137505835869 0.00078508378985729546)
(0.083913026275401134 0.01777401783435199 0.00077603037790219937)
(0.084911186512026948 0.01756666061034887 0.00076697696595027186)
(0.085909346748653637 0.017359303386350614 0.00075792355400408824)
(0.086907506985282532 0.017151946162358506 0.00074887014206622402)
(0.087905667221923472 0.016944588938368317 0.00073981673013818051)
(0.088903827458569021 0.01673723171438387 0.00073076331821747141)
(0.08990198769521264 0.016529874490407308 0.00072170990630270016)
(0.090900147931855579 0.016322517266436052 0.00071265649439257862)
(0.091898308168499171 0.016115160042467533 0.00070360308248581876)
(0.092896468405144636 0.015907802818499177 0.00069454967058113297)
(0.093894628641793307 0.015700445594528399 0.00068549625867723367)
(0.094892788878446502 0.015493088370552632 0.00067644284677283292)
(0.095890949115105456 0.015285731146569295 0.00066738943486664281)
(0.096889109351758942 0.015078373922583722 0.00065833602295788812)
(0.097887269588391598 0.014871016698608469 0.00064928261104902599)
(0.098885429825032914 0.014663659474626906 0.00064022919914016418)
(0.09988359006168028 0.014456302250640317 0.00063117578723130227)
(0.1008817502983311 0.014248945026649985 0.00062212237532244046)
(0.10187991053498288 0.014041587802657204 0.00061306896341357833)
(0.10287807077163298 0.013834230578663261 0.00060401555150471642)
(0.10387623100827888 0.013626873354669446 0.00059496213959585461)
(0.10487439124491789 0.013419516130677047 0.0005859087276869928)
(0.10587255148154756 0.013212158906687345 0.00057685531577813089)
(0.10687071171819494 0.013004801682682985 0.00056780190387033117)
(0.10786887195483563 0.012797444458678633 0.00055874849196523263)
(0.10886703219147095 0.012590087234674275 0.00054969508006154702)
(0.10986519242810211 0.012382730010669918 0.00054064166815798685)
(0.11086335266473049 0.012175372786665563 0.0005315882562532641)
(0.11186151290135728 0.011968015562661211 0.00052253484434609137)
(0.11285967313798388 0.011760658338656851 0.00051348143243518042)
(0.11385783337461149 0.011553301114652496 0.00050442802051924387)
(0.11485599361124141 0.011345943890648143 0.00049537460859699369)
(0.11585415384787338 0.011138586666644091 0.00048632119666638457)
(0.11685231408450529 0.01093122944264017 0.00047726778472582427)
(0.11785047432113722 0.01072387221863625 0.00046821437277769689)
(0.11884863455776913 0.010516514994632329 0.00045916096082457779)
(0.11984679479440107 0.010309157770628411 0.00045010754886904271)
(0.12084495503103297 0.010101800546624492 0.00044105413691366706)
(0.12184311526766486 0.0098944433226205702 0.00043200072496102658)
(0.12284127550429683 0.0096870860986166488 0.00042294731301369657)
(0.1238394357409287 0.0094797288746127292 0.00041389390107425289)
(0.12483759597756063 0.0092723716506086275 0.0004048404891448718)
(0.12583575621419019 0.0090650144266042725 0.00039578707722347342)
(0.12683391645081762 0.0088576572025999157 0.00038673366530822919)
(0.12783207668744415 0.0086502999785955624 0.00037768025339785129)
(0.12883023692407106 0.0084429427545912039 0.00036862684149105169)
(0.12982839716069969 0.0082355855305868489 0.0003595734295865429)
(0.13082655739733134 0.0080282283065824921 0.00035052001768303711)
(0.13182471763396725 0.0078208710825781354 0.00034146660577924639)
(0.13282287787060867 0.0076135138585737804 0.00033241319387388303)
(0.13382117718653591 0.0074060721913760327 0.00032335609509626383)
(0.13482940027662221 0.0071926052184209744 0.00031403592578797764)
(0.13584933238980029 0.0069720290102968712 0.00030440536057049886)
(0.1368750403755141 0.0067479459309481736 0.00029462168204950776)
(0.1379005910832076 0.0065239583443193385 0.00028484217283068471)
(0.13892005136232474 0.0063036686143548119 0.00027522411551970954)
(0.13992748806230959 0.0060906791049990536 0.00026592479272226263)
(0.14091696803260606 0.0058885921801965137 0.0002571014870440239)
(0.14188255812265801 0.0057010102038916495 0.00024891148109067385)
(0.14281832518190959 0.0055315355400289102 0.00024151205746789217)
(0.14390254822135037 0.005268030493081324 0.00023000717864181565)
(0.14493050888683984 0.0050325400551856359 0.0002197254440406996)
(0.14589571266171245 0.004837659655100226 0.00021121678197597797)
(0.14683613170953089 0.0046691873331984367 0.00020386112151468539)
(0.14781048286822537 0.0045030519268532149 0.00019660749301576028)
(0.14889359251066914 0.0043209623417579399 0.00018865729007688347)
(0.14994641525582963 0.0041812646182544898 0.00018255795581019921)
(0.15092014305261553 0.0040823585077943607 0.00017823962181622255)
(0.15194510296300001 0.0040599863307654305 0.00017726283142252864)
(0.06082872900898869 0.025943298427061133 0.0011327088715078425)
(0.061797967711241034 0.025828449469344955 0.0011276944576468144)
(0.062859050813605918 0.025666233627817024 0.0011206119609662268)
(0.063955302810690909 0.025454792707062582 0.0011113802509505164)
(0.064925265355616588 0.025261877646737822 0.0011029573975341299)
(0.065855826213927479 0.025066248979364276 0.0010944160655116343)
(0.066815166892365829 0.024839955469936521 0.0010845358775878997)
(0.067847380353302802 0.024566505920383255 0.0010725968124864873)
(0.068944925217818864 0.024260526038384547 0.0010592374423737489)
(0.069870084225482285 0.024063733459880832 0.0010506452928586503)
(0.070829873489944017 0.023845914819882269 0.0010411351256729442)
(0.071817403485832335 0.023611253153616108 0.001030889576077968)
(0.072825784687775563 0.023363931496309595 0.0010200912793350597)
(0.073848127570402031 0.023108132883189993 0.0010089228707055573)
(0.074877542608340036 0.022848040349484545 0.0009975669854507983)
(0.07590714027621788 0.022587836930420501 0.00098620625883212077)
(0.07693003104866393 0.022331705661225117 0.0009750233261108627)
(0.077939325400306472 0.022083829577125649 0.00096420082254836158)
(0.078937096347435953 0.021842950028255856 0.00095368379430178752)
(0.079934705796847472 0.021602168534121512 0.00094317104720633999)
(0.080932315246252509 0.021361387039985347 0.00093265830010260818)
(0.08192992469565262 0.021120605545848842 0.00092214555299358319)
(0.08292753414504922 0.020879824051713507 0.0009116328058822559)
(0.083925143594443891 0.020639042557580832 0.00090112005877161663)
(0.084922753043838048 0.020398261063452307 0.0008906073116646564)
(0.085920362493233246 0.020157479569329444 0.00088009456456436585)
(0.086917971942630956 0.019916698075213717 0.00086958181747373597)
(0.087915581392042738 0.019675916581100204 0.00085906907039450941)
(0.088913190841459822 0.019435135086993367 0.00084855632332380012)
(0.089910800290874643 0.019194353592895692 0.00083804357625998538)
(0.090908409740288729 0.018953572098804168 0.00082753082920156975)
(0.091906019189703508 0.018712790604715833 0.0008170180821470579)
(0.092903628639120536 0.018472009110627675 0.00080650533509495461)
(0.093901238088541256 0.018231227616536717 0.00079599258804376432)
(0.094898847537967221 0.017990446122439958 0.00078547984099199171)
(0.095896456987399875 0.017749664628334418 0.00077496709393814144)
(0.096894066436826159 0.017508883134226265 0.00076445434688131308)
(0.097891675886228283 0.017268101640130106 0.00075394159982436015)
(0.098889285335640453 0.017027320146026616 0.00074342885276740744)
(0.09988689478505966 0.016786538651917291 0.00073291610571045473)
(0.10088450423448289 0.016545757157803626 0.00072240335865350201)
(0.10188211368390722 0.016304975663687115 0.00071189061159654919)
(0.10287972313332959 0.016064194169569255 0.00070137786453959648)
(0.10387733258274705 0.015823412675451537 0.00069086511748264366)
(0.10487494203215658 0.015582631181335467 0.00068035237042569094)
(0.10587255148155519 0.015341849687222528 0.00066983962336873812)
(0.10687016093097443 0.015101068193092572 0.0006593268763130189)
(0.10786777038038589 0.014860286698962619 0.00064881412926043607)
(0.10886537982979108 0.014619505204832663 0.00063830138220949395)
(0.10986298927919148 0.014378723710702708 0.00062778863515869745)
(0.1108605987285886 0.014137942216572759 0.00061727588810655111)
(0.11185820817798395 0.013897160722442804 0.00060676314105155972)
(0.11285581762737902 0.013656379228312848 0.00059625039399222762)
(0.11385342707677527 0.013415597734182893 0.00058573764692705979)
(0.11485103652617422 0.013174816240052943 0.0005752248998545606)
(0.11584864597557555 0.012934034745923343 0.00056471215277235508)
(0.1168462554249768 0.012693253251793895 0.00055419940567859468)
(0.11784386487437808 0.012452471757664446 0.00054368665857604703)
(0.11884147432377931 0.012211690263534998 0.00053317391146770325)
(0.1198390837731806 0.01197090876940555 0.00052266116435655387)
(0.12083669322258181 0.011730127275276104 0.00051214841724558967)
(0.12183430267198307 0.011489345781146656 0.00050163567013780165)
(0.12283191212138438 0.011248564287017204 0.00049112292303618013)
(0.12382952157078563 0.011007782792887758 0.000480610175943716)
(0.12482713102018687 0.010767001298758098 0.00047009742886293653)
(0.12582474046958536 0.010526219804628147 0.00045958468179142651)
(0.12682234991898142 0.010285438310498192 0.00044907193472706262)
(0.12781995936837642 0.010044656816368238 0.00043855918766834933)
(0.12881756881777193 0.009803875322238283 0.00042804644061379134)
(0.12981517826716937 0.0095630938281083284 0.00041753369356189345)
(0.13081278771657029 0.0093223123339783755 0.0004070209465111601)
(0.13181039716597617 0.0090815308398484174 0.00039650819946009596)
(0.1328080066153885 0.0088407493457184644 0.00038599545240720575)
(0.1338057775625176 0.0085998697968505036 0.00037547842418873421)
(0.13481507191415265 0.008351993712753053 0.00036465592064506135)
(0.1358379626865942 0.0080958624435549017 0.00035347298793791932)
(0.13686756035447062 0.0078356590244847892 0.00034211226132864584)
(0.13789697539241022 0.0075755664907714657 0.00033075637607857895)
(0.13891931827504131 0.0073197678776436795 0.00031958796744905617)
(0.13992769947699224 0.0070724462203301704 0.00030878967070141559)
(0.1409152294728912 0.0068377845540596935 0.00029854412109699482)
(0.14187501873736669 0.0066199659140609912 0.00028903395389713192)
(0.14280017774504697 0.0064231733355628092 0.00028044180436316427)
(0.14389772260952152 0.0061171934536490228 0.00026708243419013098)
(0.14492993607052879 0.0058437439041476771 0.0002551433689784345)
(0.14588927674901195 0.0056174503947967669 0.0002452631809366255)
(0.14681983760735434 0.0054218217274964965 0.00023672184882395485)
(0.14778980015230295 0.0052289066672194118 0.00022829899538240743)
(0.14888605214938991 0.0050174657464834051 0.00021906728546031235)
(0.14994713525175699 0.004855249904941239 0.00021198478893779218)
(0.15091637395401108 0.004740400947208896 0.0002069703752070219)
(0.15194510296300001 0.0047144225602111399 0.00020583613427775256)
(0.060832242366628424 0.029300279404286724 0.0012792778263027416)
(0.061797296568493545 0.029170569353737987 0.0012736145631062777)
(0.062866079546118697 0.028987363294033106 0.0012656156136972587)
(0.063974582162498975 0.028748562585132389 0.001255189349527336)
(0.064940453869995945 0.028530684924560352 0.0012456766054491182)
(0.065861825436924468 0.028309742524747598 0.0012360300520069057)
(0.066815700841917791 0.028054167349052379 0.0012248713989333119)
(0.067851878537584787 0.027745334290395132 0.0012113874564700646)
(0.068961841314363281 0.02739976157689232 0.0011962994260074382)
(0.069877112048210968 0.027177504659520763 0.0011865954794493861)
(0.070831494084844002 0.026931500974624527 0.0011758547266300754)
(0.071817206416040918 0.026666474828993716 0.0011642834352375306)
(0.072826468033580227 0.02638715052941841 0.0011520878729597754)
(0.073851497929240464 0.026098252382688713 0.0011394743074848344)
(0.074884515094800139 0.025804504695594716 0.0011266490065007318)
(0.0759177385220378 0.025510631774926518 0.0011138182376954917)
(0.076943387202731917 0.025221357927474215 0.0011011882687571386)
(0.077953680128661093 0.0249414074600279 0.0010889653673736969)
(0.078950958557884268 0.024669358857399119 0.0010770874688484282)
(0.079948054592094198 0.024397420997479238 0.0010652144054417365)
(0.080945150626296855 0.024125483137557285 0.0010533413420256888)
(0.081942246660493906 0.023853545277634971 0.0010414682786036632)
(0.082939342694687057 0.023581607417713962 0.0010295952151790373)
(0.083936438728877946 0.023309669557795967 0.001017722151755188)
(0.084933534763068308 0.023037731697882657 0.0010058490883354942)
(0.085930630797259822 0.022765793837975726 0.00099397602492333329)
(0.08692772683145418 0.022493855978076873 0.00098210296152208233)
(0.087924822865664429 0.022221918118180521 0.00097022989813371114)
(0.088921918899880673 0.021949980258291705 0.000958356834754959)
(0.089919014934094363 0.021678042398413224 0.00094648377138399316)
(0.090916110968307207 0.021406104538541713 0.00093461070801912575)
(0.091913207002520855 0.021134166678673787 0.0009227376446586667)
(0.092910303036737016 0.020862228818806065 0.00091086458130092802)
(0.093907399070957381 0.020590290958935178 0.00089899151794422042)
(0.094904495105183645 0.020318353099057745 0.00088711845458685535)
(0.095901591139417458 0.02004641523917039 0.00087524539122714364)
(0.096898687173644124 0.019774477379280089 0.00086337232786406852)
(0.097895783207843451 0.019502539519403329 0.00085149926450085267)
(0.09889287924205413 0.019230601659518294 0.00083962620113763725)
(0.099889975276272761 0.018958663799626661 0.00082775313777442162)
(0.10088707131049594 0.018686725939730139 0.00081588007441120588)
(0.10188416734472033 0.01841478807983039 0.00080400701104799024)
(0.10288126337894256 0.018142850219929119 0.00079213394768477472)
(0.10387835941315922 0.017870912360028017 0.00078026088432155919)
(0.10487545544736696 0.017598974500128772 0.00076838782095834345)
(0.10587255148156237 0.017327036640233058 0.00075651475759512781)
(0.10686964751578101 0.017055098780318131 0.00074464169423330538)
(0.10786674354999089 0.016783160920403207 0.00073276863087502514)
(0.10886383958419371 0.01651122306048828 0.00072089556751859781)
(0.10986093561839111 0.016239285200573352 0.00070902250416233505)
(0.11085803165258482 0.015967347340658428 0.00069714944080454791)
(0.11185512768677648 0.015695409480743504 0.00068527637744354752)
(0.11285222372096784 0.015423471620828575 0.0006734033140776448)
(0.11384931975516056 0.015151533760913648 0.00066153025070515088)
(0.11484641578935632 0.014879595900998722 0.00064965718732437735)
(0.11584351182355478 0.014607658041084198 0.00063778412393264135)
(0.11684060785775313 0.014335720181169843 0.00062591106052785513)
(0.11783770389195153 0.01406378232125549 0.00061403799711314488)
(0.11883479992614986 0.013791844461341136 0.00060216493369188832)
(0.11983189596034824 0.01351990660142678 0.00059029187026746329)
(0.12082899199454661 0.013247968741512427 0.00057841880684324752)
(0.12182608802874496 0.01297603088159807 0.00056654574342261839)
(0.12282318406294336 0.012704093021683712 0.00055467268000895407)
(0.12382028009714172 0.012432155161769359 0.00054279961660563206)
(0.12481737613134004 0.012160217301854764 0.00053092655321550653)
(0.12581447216553535 0.011888279441939842 0.00051905348983585016)
(0.1268115681997278 0.011616341582024915 0.00050718042646426438)
(0.12780866423391909 0.011344403722109989 0.00049530736309906054)
(0.12880576026811097 0.01107246586219506 0.0004834342997385495)
(0.12980285630230501 0.010800528002280133 0.00047156123638104289)
(0.13079995233650302 0.010528590142365211 0.00045968817302485143)
(0.1317970483707066 0.01025665228245028 0.00044781510966828629)
(0.13279414440491749 0.0099847144225353561 0.00043594204630965894)
(0.13379142283414022 0.009712665819908638 0.00042406414781612917)
(0.13480171576006086 0.0094327153524646091 0.00041184124645395195)
(0.13582736444074997 0.0091434415050091773 0.00039921127753154149)
(0.13686058786798597 0.0088495685843341231 0.0003863805087369224)
(0.13789360503354747 0.0085558208972312359 0.00037355520775811889)
(0.13891863492921294 0.0082669227504922928 0.00036094164228315509)
(0.13992789654676094 0.0079875984509090864 0.00034874608000005523)
(0.14091360887796994 0.0077225723052733947 0.00033717478859684341)
(0.14186799091461846 0.007476568620377007 0.0003264340357615444)
(0.14278326164848515 0.0072543117030117012 0.0003167300891821817)
(0.14389322442521679 0.0069087389896047985 0.00030164205865145828)
(0.14492940212096314 0.0065999059310061867 0.00028815811606365619)
(0.14588327752600708 0.0063443307553977509 0.00027699946285670977)
(0.14680464909297125 0.0061233883556677622 0.00026735290931265425)
(0.1477705208004941 0.0059055106951495682 0.00025784016520601929)
(0.14887902341687662 0.0056667099862696803 0.00024741390114182591)
(0.14994780639450422 0.0054835039265487169 0.00023941495191132759)
(0.1509128605963713 0.0053537938759817202 0.00023375168886197655)
(0.15194510296300001 0.0053244539676563793 0.00023247068073447091)
(0.060835517335845302 0.032429482431506521 0.0014159017810263961)
(0.0617966709641391 0.032285919643335811 0.0014096336942344371)
(0.062872631364912349 0.032083147594217543 0.0014007804752684653)
(0.063992553371287439 0.031818843514141298 0.0013892407098601101)
(0.064954611812950452 0.031577697016244598 0.0013787120264061611)
(0.065867417600505559 0.031333158471944768 0.0013680352430532675)
(0.066816198561912565 0.031050288450271017 0.0013556848712763883)
(0.067856071510964039 0.030708472725178369 0.0013407608745053762)
(0.068977609619538291 0.030325993633879743 0.0013240614767944386)
(0.069883663018951173 0.030080000184543314 0.0013133211708718066)
(0.070833004719101769 0.029807723867060102 0.0013014333301434337)
(0.071817022717833481 0.029514393533412602 0.0012886262512160744)
(0.072827105012989737 0.029205238035583291 0.0012751282306964836)
(0.073854639602413966 0.028885486225554653 0.0012611675651914168)
(0.074891014483949594 0.028560366955309169 0.0012469725513076279)
(0.075927617655440066 0.028235109076829332 0.0012327714856518724)
(0.076955837114728809 0.027914941442097621 0.0012187926648309056)
(0.077967060859659251 0.027605092903096519 0.0012052643854514819)
(0.078963880189312358 0.027303990130056913 0.0011921179544487773)
(0.079960497644580728 0.027003009926794989 0.0011789768749442884)
(0.080957115099841021 0.026702029723530786 0.0011658357954294444)
(0.081953732555095138 0.026401049520266166 0.0011526947159079838)
(0.082950350010344884 0.026100069317003 0.0011395536363836452)
(0.083946967465592187 0.025799089113743161 0.0011264125568601665)
(0.084943584920838894 0.025498108910488523 0.0011132714773412868)
(0.085940202376086863 0.025197128707240939 0.0011001303978307442)
(0.086936819831338011 0.024896148504002288 0.0010869893183322776)
(0.087933437286606686 0.024595168300766409 0.0010738482388480653)
(0.088930054741882036 0.024294188097538864 0.0010607071593744999)
(0.089926672197154556 0.023993207894322778 0.0010475660799095525)
(0.090923289652426131 0.023692227691114384 0.0010344250004513543)
(0.091919907107698595 0.02339124748790997 0.0010212839209980359)
(0.092916524562973862 0.023090267284705774 0.0010081428415477278)
(0.093913142018253765 0.022789287081498088 0.00099500176209856147)
(0.094909759473540189 0.022488306878283151 0.00098186068264866718)
(0.095906376928834997 0.022187326675057222 0.00096871960319617546)
(0.096902994384121838 0.021886346471828057 0.00095557852373996113)
(0.097899611839378481 0.021585366268613852 0.00094243744428359132)
(0.098896229294647697 0.021284386065390501 0.00092929636482722174)
(0.099892846749925671 0.020983405862159851 0.00091615528537085204)
(0.10088946420520868 0.020682425658923774 0.00090301420591448257)
(0.10188608166049308 0.020381445455684145 0.00088987312645811276)
(0.10288269911577502 0.020080465252442822 0.00087673204700174285)
(0.10387931657105083 0.019779485049201687 0.00086359096754537326)
(0.10487593402631673 0.019478504845962603 0.00085044988808900357)
(0.105872551481569 0.019177524642727439 0.00083730880863263388)
(0.10686916893684702 0.018876544439470996 0.00082416772917780603)
(0.10786578639211533 0.018575564236214565 0.00081102664972689865)
(0.10886240384737578 0.018274584032958126 0.00079788557027804237)
(0.1098590213026303 0.017973603829701687 0.00078474449082936812)
(0.11085563875788071 0.017672623626445255 0.00077160341137900664)
(0.11185225621312885 0.01737164342318882 0.00075846233192508855)
(0.11284887366837663 0.017070663219932381 0.00074532125246574478)
(0.11384549112362596 0.016769683016675946 0.00073218017299910606)
(0.11484210857887864 0.016468702813419514 0.00071903909352330302)
(0.11583872603413428 0.016167722610163519 0.0007058980140353671)
(0.11683534348938983 0.015866742406907716 0.00069275693453298723)
(0.1178319609446454 0.015565762203651915 0.0006796158550196233)
(0.11882857839990095 0.01526478200039611 0.0006664747754990142)
(0.1198251958551565 0.014963801797140307 0.0006533336959748978)
(0.12082181331041204 0.014662821593884504 0.00064019261645101332)
(0.12181843076566763 0.0143618413906287 0.00062705153693109865)
(0.12281504822092321 0.014060861187372891 0.00061391045741889232)
(0.12381166567617874 0.013759880984117092 0.00060076937791813301)
(0.12480828313143429 0.013458900780861024 0.00058762829843197941)
(0.12580490058668645 0.013157920577604589 0.00057448721895741312)
(0.12680151804193546 0.012856940374348152 0.00056134613949177935)
(0.12779813549718319 0.01255596017109172 0.00054820506003320916)
(0.12879475295243156 0.01225497996783528 0.00053506398057983295)
(0.12979137040768235 0.011953999764578843 0.00052192290112978176)
(0.13078798786293752 0.011653019561322411 0.00050878182168118656)
(0.13178460531819883 0.011352039358065967 0.00049564074223217762)
(0.13278122277346829 0.011051059154809533 0.00048249966278088611)
(0.13377804210312083 0.010749956381772218 0.00046935323181331029)
(0.13478926584804185 0.010440107842773643 0.00045582495245742209)
(0.13581748530732504 0.010119940208038468 0.00044184613165410046)
(0.1368540884788137 0.0097946823295510417 0.00042764506601010026)
(0.13789046336035132 0.0094695630592957179 0.00041345005213217655)
(0.13891799794978135 0.0091498112492568485 0.00039948938662708413)
(0.13992808024494718 0.0088406557514187877 0.00038599136610157784)
(0.1409120982436923 0.008547325417765891 0.00037318428716241254)
(0.14186143994386002 0.0082750491002825093 0.00036129644641634361)
(0.14276749334329394 0.0080290556509530018 0.00035055614047012535)
(0.14388903145181633 0.0076465765597605231 0.00033385674268381803)
(0.14492890440095565 0.0073047608347327686 0.00031893274577494919)
(0.14587768536241869 0.0070218908131550765 0.00030658237385047517)
(0.14679049115001325 0.0067773522689468513 0.00029590559038486194)
(0.14775254959170489 0.0065362057711097401 0.00028537690689946145)
(0.14887247159808242 0.0062719016910565452 0.00027383714160812646)
(0.14994843199885841 0.0060691296419204763 0.00026498392283974141)
(0.1509095856271544 0.0059255668537295646 0.00025871583621060637)
(0.15194510296300001 0.0058930935100985999 0.00025729801933615419)
(0.060838570091775998 0.035346362703391206 0.0015432555240509787)
(0.06179608780830563 0.035189887113868328 0.0015364236521679512)
(0.062878738629547459 0.034968876667297616 0.0015267741275625344)
(0.064009305197206379 0.034680799671369826 0.0015141964142272295)
(0.064967809110835939 0.034417963173830536 0.0015027207249392962)
(0.065872630324475476 0.034151429531178765 0.0014910836148591714)
(0.066816662510598868 0.033843116674039775 0.0014776223849037042)
(0.067859979982617724 0.033470556223148665 0.001461356044422737)
(0.068992308013310105 0.033053674926444086 0.0014431546139908552)
(0.069889769493075002 0.032785555516852263 0.0014314482677829398)
(0.07083441285376936 0.032488789218048958 0.0014184911713805324)
(0.071816851483921015 0.032169075192797103 0.0014045321556024207)
(0.072827698772057775 0.031832112603859639 0.0013898200512673928)
(0.073857568106707475 0.031483600613999518 0.0013746036891942378)
(0.074897072876397894 0.031129238385979686 0.0013591319002017434)
(0.075936826469656896 0.030774725082563091 0.0013436535151086981)
(0.076967442275012288 0.030425759866512667 0.0013284173647338908)
(0.077979533680991836 0.030088041900591372 0.0013136722798961088)
(0.078975925061909411 0.029759856341375825 0.0012993433889106256)
(0.079972096410785468 0.029431804376516203 0.0012850203307655935)
(0.080968267759652768 0.029103752411654089 0.0012706972726092749)
(0.081964439108513296 0.028775700446791532 0.0012563742144457446)
(0.082960610457369091 0.028447648481930553 0.0012420511562790774)
(0.083956781806222208 0.028119596517073204 0.0012277280981133475)
(0.084952953155074673 0.027791544552221516 0.0012134050399526303)
(0.08594912450392854 0.027463492587377528 0.0011990819818010002)
(0.086945295852785806 0.027135440622543264 0.0011847589236625318)
(0.087941467201662252 0.026807388657712032 0.0011704358655396003)
(0.088937638550545942 0.026479336692889884 0.0011561128074282728)
(0.089933809899426564 0.026151284728080211 0.0011417897493263389)
(0.090929981248306119 0.025823232763278938 0.0011274666912317612)
(0.0919261525971867 0.025495180798481992 0.001113143633142502)
(0.092922323946070251 0.025167128833685298 0.0010988205750565242)
(0.093918495294958909 0.024839076868884782 0.0010844975169717905)
(0.094914666643854673 0.024511024904076372 0.0010701744588862633)
(0.095910837992759554 0.024182972939255983 0.0010558514007979053)
(0.096907009341655775 0.023854920974432054 0.00104152834270549)
(0.097903180690519079 0.023526869009624449 0.0010272052846129051)
(0.09889935203939608 0.023198817044806867 0.0010128822265203204)
(0.099895523388282628 0.022870765079981332 0.00099855916842773551)
(0.10089169473717467 0.022542713115149878 0.00098423611033515105)
(0.10188786608606819 0.022214661150314549 0.00096991305224256583)
(0.10288403743495909 0.021886609185477385 0.00095558999414998105)
(0.1038802087838433 0.021558557220640418 0.00094126693605739626)
(0.10487638013271669 0.021230505255805686 0.00092694387796481159)
(0.10587255148157521 0.020902453290975228 0.0009126208198722267)
(0.10686872283046181 0.020574401326121584 0.00089829776178132232)
(0.10786489417933783 0.020246349361267939 0.00088397470369469132)
(0.10886106552820531 0.019918297396414295 0.00086965164561029562)
(0.10985723687706625 0.019590245431560654 0.00085532858752609844)
(0.11085340822592273 0.01926219346670701 0.00084100552944006213)
(0.1118495795747768 0.018934141501853373 0.00082668247135014969)
(0.11284575092363047 0.018606089536999725 0.00081235941325432314)
(0.11384192227248575 0.018278037572146088 0.00079803635515054571)
(0.11483809362134471 0.017949985607292447 0.00078371329703677984)
(0.11583426497020696 0.017621933642439285 0.00076939023890978953)
(0.11683043631906907 0.017293881677586331 0.00075506718076705616)
(0.1178266076679312 0.016965829712733381 0.00074074412261235071)
(0.11882277901679328 0.016637777747880431 0.00072642106444974848)
(0.1198189503656554 0.016309725783027473 0.00071209800628332367)
(0.12081512171451753 0.015981673818174523 0.00069777494811715138)
(0.12181129306337964 0.015653621853321566 0.00068345188995530602)
(0.12280746441224177 0.015325569888468612 0.00066912883180186226)
(0.12380363576110388 0.014997517923615662 0.00065480577366089517)
(0.12479980710996598 0.014669465958762418 0.00064048271553584753)
(0.12579597845882437 0.014341413993908779 0.00062615965742342933)
(0.12679214980767939 0.014013362029055135 0.00061183659932074726)
(0.12778832115653296 0.013685310064201496 0.000597513541225764)
(0.12878449250538723 0.013357258099347851 0.00058319048313644202)
(0.12978066385424414 0.013029206134494207 0.00056886742505074398)
(0.13077683520310579 0.012701154169640568 0.00055454436696663288)
(0.13177300655197424 0.012373102204786919 0.00054022130888207098)
(0.13276917790085144 0.012045050239933278 0.00052589825079502105)
(0.13376556928176847 0.01171686468072022 0.00051156935984782615)
(0.1347776606877378 0.011379146714801686 0.00049682427503569689)
(0.13580827649308708 0.01103018149874749 0.00048158812468012161)
(0.13684803008634408 0.010675668195322618 0.00046610973959988891)
(0.13788753485603672 0.01032130596729206 0.00045063795061378717)
(0.13891740419069271 0.0099727939774207908 0.00043542158854060445)
(0.13992825147883997 0.009635831388473794 0.00042070948419912921)
(0.14091069010900617 0.0093161173632160567 0.00040675046840814961)
(0.14185533346971924 0.0090193510644125587 0.00039379337198645415)
(0.14275279494950704 0.0087512316548282853 0.00038208702575283089)
(0.14388512298014294 0.0083343503582394025 0.00036388559523880073)
(0.1449284404522575 0.0079617899074190222 0.00034761925460757707)
(0.14587247263844191 0.0076534770503847299 0.00033415802449123953)
(0.14677729385212449 0.0073869434078327996 0.00032252091428825667)
(0.14773579776578524 0.0071241069103584551 0.00031104522496604257)
(0.14886636433344688 0.006836029914455798 0.00029846751175828404)
(0.14994901515469167 0.0066150194678656887 0.00028881798736822507)
(0.15090653287122369 0.006458543878320783 0.00028198611566266762)
(0.15194510296300001 0.0064231497093081812 0.00028044077279149412)
(0.060841415712041498 0.038065326748389403 0.001661968057992607)
(0.061795544220775087 0.037896814517206869 0.0016546106549773995)
(0.062884431503922894 0.037658803185344578 0.0016442188556809872)
(0.064024920377850125 0.037348566313995052 0.0016306736212852002)
(0.064980110945363628 0.037065511527164745 0.0016183151824247773)
(0.06587748935457946 0.036778475198077212 0.0016057829057284706)
(0.06681709497942831 0.03644644585332657 0.001591286191568942)
(0.067863623256563407 0.036045226768474693 0.0015737685881141131)
(0.069006009091331699 0.035596277525591781 0.0015541670409198048)
(0.069895461630576958 0.035307533446905605 0.0015415602022141263)
(0.070835725443651298 0.03498793886155456 0.0015276064012981216)
(0.071816691868575908 0.034643631331544196 0.0015125736099147874)
(0.072828252243371971 0.034280748418880125 0.0014967297998071212)
(0.073860297906060704 0.033905427685567896 0.0014803429427181203)
(0.074902720194663305 0.033523806693613101 0.0014636810103907827)
(0.075945410447200976 0.033142023005021316 0.0014470119745681061)
(0.076978260001694901 0.032766214181798127 0.0014306038069930868)
(0.077991160196166268 0.032402517785949103 0.0014147244794087232)
(0.078987152665535659 0.032049087062384324 0.0013992933607422432)
(0.079982908177240575 0.031695800209713777 0.0013838685235984056)
(0.080978663688936026 0.031342513357040552 0.0013684436864424129)
(0.081974419200624205 0.030989226504366842 0.0013530188492786542)
(0.082970174712307262 0.030635939651694834 0.0013375940121115174)
(0.083965930223987448 0.030282652799026734 0.0013221691749453898)
(0.084961685735666939 0.029929365946364729 0.0013067443377846604)
(0.085957441247347915 0.02957607909371102 0.0012913195006337172)
(0.086953196759032625 0.029222792241067785 0.001275894663496948)
(0.087948952270737915 0.028869505388427811 0.0012604698263769113)
(0.088944707782451018 0.028516218535797624 0.0012450449892693707)
(0.089940463294160833 0.028162931683180868 0.0012296201521719465)
(0.090936218805869495 0.027809644830573157 0.0012141953150824442)
(0.091931974317579226 0.027456357977970108 0.0011987704779986698)
(0.092927729829292233 0.027103071125367331 0.0011833456409184289)
(0.093923485341010679 0.026749784272760438 0.0011679208038395282)
(0.0949192408527368 0.026396497420145042 0.0011524959667597728)
(0.095914996364472746 0.02604321056751675 0.0011370711296769689)
(0.09691075187619938 0.025689923714884638 0.0011216462925897955)
(0.097906507387890501 0.025336636862270116 0.0011062214555024393)
(0.098902262899596374 0.024983350009644838 0.0010907966184150835)
(0.0998980184113126 0.024630063157010999 0.0010753717813277279)
(0.10089377392303472 0.024276776304370792 0.0010599469442403719)
(0.10188952943475842 0.023923489451726405 0.0010445221071530154)
(0.10288528494647929 0.023570202599080044 0.0010290972700656596)
(0.10388104045819292 0.023216915746433895 0.0010136724329783038)
(0.10487679596989495 0.022863628893790153 0.00099824759589094776)
(0.10587255148158099 0.022510342041151016 0.00098282275880359174)
(0.10686830699329722 0.022157055188486905 0.00096739792171804569)
(0.10786406250500205 0.021803768335822801 0.00095197308463710142)
(0.10885981801669774 0.021450481483158691 0.00093654824755856462)
(0.10985557352838635 0.021097194630494583 0.00092112341048024152)
(0.11085132904007017 0.020743907777830476 0.0009056985733999378)
(0.11184708455175137 0.020390620925166372 0.0008902737363154598)
(0.11284284006343218 0.020037334072502262 0.00087484889922461286)
(0.11383859557511469 0.019684047219838158 0.00085942406212520322)
(0.11483435108680119 0.019330760367174054 0.00084399922501503688)
(0.11583010659849119 0.018977473514510467 0.0008285743878906288)
(0.11682586211018106 0.018624186661847102 0.00081314955074926649)
(0.11782161762187096 0.018270899809183734 0.0007977247135950114)
(0.11881737313356082 0.017917612956520373 0.00078229987643225216)
(0.11981312864525073 0.017564326103857008 0.00076687503926537619)
(0.12080888415694059 0.017211039251193647 0.00075145020209877204)
(0.12180463966863048 0.016857752398530275 0.00073602536493682779)
(0.12280039518032039 0.01650446554586691 0.00072060052778393153)
(0.12379615069201025 0.016151178693203549 0.00070517569064447157)
(0.12479190620370006 0.015797891840539872 0.00068975085352215566)
(0.12578766171538597 0.01544460498787577 0.00067432601641344075)
(0.12678341722706818 0.015091318135211661 0.00065890117931521072)
(0.12777917273874889 0.014738031282547555 0.00064347634222527181)
(0.1287749282504303 0.014384744429883448 0.00062805150514142958)
(0.12977068376211459 0.014031457577219341 0.00061262666806149036)
(0.13076643927380399 0.013678170724555233 0.00059720183098325985)
(0.13176219478550066 0.013324883871891119 0.00058177699390454384)
(0.13275795029720686 0.012971597019227017 0.00056635215682314876)
(0.1337539427665756 0.012618166295664916 0.00055092103819790231)
(0.13476684296103594 0.012254469899818869 0.00053504171064116439)
(0.13579969251552329 0.011878661076591614 0.00051863354308685707)
(0.13684238276805882 0.01149687738799092 0.00050196450727797812)
(0.13788480505666378 0.011115256396024576 0.00048530257495752491)
(0.13891685071935933 0.010739935662700338 0.00046891571786849466)
(0.1399284110941667 0.010377052750025987 0.0004530719077538849)
(0.14090937751910695 0.010032745220009298 0.00043803911635669298)
(0.14184964133220146 0.0097131506346580451 0.00042408531541991647)
(0.14273909387147138 0.0094244065559799979 0.00041147847668655227)
(0.14388147970617882 0.0089754573132216926 0.00039187692940377664)
(0.14492800798341698 0.0085742382284459788 0.00037435932578713278)
(0.14586761360833161 0.0082422088838080988 0.00035986261145435966)
(0.14676499201759374 0.007955172554828081 0.00034733033462574386)
(0.14772018258514086 0.0076721177680677084 0.00033497189572840366)
(0.14886067145907098 0.0073618808967452444 0.00032142666146997394)
(0.14994955874222202 0.0071238695648620709 0.00031103486240548607)
(0.15090368725095815 0.006955357333655824 0.00030367745958139944)
(0.15194510296300001 0.0069172405231721469 0.0003020132436103493)
(0.060844068251215688 0.040599803582852055 0.0017726257063675126)
(0.061795037516758099 0.040420071420494925 0.0017647784305705181)
(0.06288973810525611 0.040166212747798503 0.0017536947214224128)
(0.06403947603689987 0.03983531959340092 0.0017392476142272558)
(0.06499157807553374 0.039533418369106732 0.0017260663221385158)
(0.065882018689661745 0.03922727050233215 0.0017126996176917313)
(0.066817498104372847 0.038873133881629454 0.0016972376790260267)
(0.067867019327002051 0.038445200709103428 0.0016785537133212412)
(0.069018780523494222 0.037966359395059338 0.0016576470501190772)
(0.069900767545035034 0.037658390072797671 0.0016442008191531782)
(0.070836948971654545 0.03731751614631957 0.0016293179421410168)
(0.071816543083454823 0.036950283830597785 0.0016132842329993713)
(0.072828768160537891 0.036563239340605111 0.0015963855056450222)
(0.073862842483005828 0.036162928891314311 0.0015789075739947483)
(0.0749079843309607 0.035755898697698192 0.0015611362519653293)
(0.07595341198450449 0.035348694974729526 0.0015433573534735453)
(0.076988343723739333 0.034947863937381085 0.0015258566924361754)
(0.07800199782876728 0.034559951800625655 0.0015089200827699987)
(0.078997618453544 0.034182988848180156 0.00149246152480033)
(0.079992986343471004 0.033806179345883286 0.0014760096665914998)
(0.080988354233387905 0.033429369843583565 0.0014595578083697058)
(0.08198372212329702 0.033052560341283316 0.0014431059501396279)
(0.082979090013200738 0.032675750838984906 0.0014266540919059471)
(0.08397445790310136 0.032298941336690645 0.001410202233673343)
(0.084969825793001233 0.031922131834402886 0.0013937503754464962)
(0.085965193682902716 0.031545322332123982 0.0013772985172300881)
(0.086960561572808112 0.031168512829856249 0.0013608466590287972)
(0.087955929462735533 0.030791703327591988 0.0013443948008453521)
(0.08895129735267128 0.030414893825338164 0.0013279429426752364)
(0.089946665242603502 0.030038084323098672 0.00131149108451591)
(0.090942033132534489 0.029661274820868829 0.0012950392263650331)
(0.091937401022466642 0.029284465318643958 0.0012785873682202653)
(0.092932768912402236 0.028907655816419367 0.0012621355100792665)
(0.093928136802343687 0.028530846314190395 0.0012456836519396969)
(0.094923504692293298 0.028154036811952349 0.0012292317937992157)
(0.095918872582253387 0.027777227309700555 0.0012127799356554832)
(0.096914240472203511 0.02740041780744468 0.0011963280775070901)
(0.097909608362115846 0.027023608305207572 0.0011798762193585021)
(0.098904976252043864 0.026646798802958994 0.0011634243612099146)
(0.0999003441419829 0.026269989300701273 0.001146972503061327)
(0.10089571203192826 0.025893179798436763 0.0011305206449127394)
(0.10189107992187531 0.025516370296167806 0.0011140687867641516)
(0.10288644781181931 0.025139560793896731 0.0010976169286155636)
(0.1038818157017556 0.024762751291625893 0.0010811650704669763)
(0.10487718359167954 0.024385941789357622 0.0010647132123183887)
(0.10587255148158642 0.02400913228709425 0.0010482613541698007)
(0.10686791937152547 0.02363232278480424 0.0010318094960231432)
(0.10786328726145238 0.02325551328251425 0.0010153576378813943)
(0.10885865515136951 0.02287870378022425 0.00099890577974221287)
(0.10985402304127913 0.022501894277934257 0.00098245392160325952)
(0.11084939093118362 0.02212508477564426 0.00096600206346219349)
(0.11184475882108534 0.02174827527335426 0.00094955020531667551)
(0.11284012671098656 0.02137146577106426 0.00093309834716436425)
(0.11383549460088971 0.020994656268774267 0.00091664648900292042)
(0.11483086249079706 0.020617846766484271 0.00090019463083000357)
(0.11582623038070815 0.020241037264194829 0.0008837427726418965)
(0.1168215982706191 0.019864227761905624 0.00086729091443570668)
(0.11781696616053008 0.019487418259616418 0.00085083905621576581)
(0.11881233405044102 0.019110608757327213 0.00083438719798675407)
(0.11980770194035198 0.018733799255038004 0.00081793533975335175)
(0.12080306983026295 0.018356989752748805 0.00080148348152023923)
(0.12179843772017392 0.017980180250459592 0.00078503162329209702)
(0.12279380561008491 0.017603370748170383 0.00076857976507360519)
(0.12378917349999584 0.017226561245881181 0.00075212790686944434)
(0.12478454138990679 0.01684975174359165 0.000735676048683569)
(0.12577990927981345 0.016472942241301653 0.00071922419051220017)
(0.12677527716971626 0.016096132739011657 0.00070277233235201434)
(0.12777064505961741 0.01571932323672166 0.00068632047420067171)
(0.12876601294951937 0.015342513734431658 0.00066986861605583189)
(0.12976138083942435 0.01496570423214166 0.00065341675791515455)
(0.13075674872933485 0.014588894729851663 0.00063696489977629986)
(0.13175211661925301 0.014212085227561662 0.00062051304163692747)
(0.13274748450918131 0.013835275725271665 0.00060406118349469733)
(0.1337431051339574 0.01345831277282903 0.00058760262556900719)
(0.13475675923897357 0.013070400636076767 0.00057066601593229601)
(0.1357916909782014 0.012669569598723989 0.00055316535491701688)
(0.13683711863174294 0.012262365875745819 0.00053538645643994942)
(0.13788226047970034 0.011855335682117375 0.00051761513441787334)
(0.13891633480217555 0.011455025232813776 0.00050013720276756782)
(0.13992855987927058 0.011067980742810145 0.00048323847540581274)
(0.14090815399108766 0.010700748427081609 0.000467204766249387)
(0.14184433541772865 0.010359874500603284 0.00045232188921507098)
(0.14272632243929576 0.010051905178350291 0.00043887565821964326)
(0.14387808363572305 0.0095730638644391016 0.000417968994923121)
(0.14492760485846221 0.0091451306919943191 0.00039928502904574702)
(0.14586308427324343 0.0087909940714118746 0.00038382309019526265)
(0.14675352488742083 0.0084848462047519696 0.00037045638560735959)
(0.14770562692609052 0.0081829449805323855 0.00035727509347924404)
(0.1488553648577374 0.0078520518261636675 0.00034282798643059007)
(0.14995006544623876 0.0075981931534449638 0.00033174427752985085)
(0.15090103471178393 0.0074184609910625341 0.00032389700193670288)
(0.15194510296300001 0.0073778062758391187 0.00032212197864606645)
(0.060846540810241212 0.042962311037205748 0.0018757750094552993)
(0.061794565193633653 0.042772120238700549 0.0018674710997357066)
(0.062894684642954349 0.042503489499302514 0.0018557424282189814)
(0.064053044065039047 0.042153341632446467 0.0018404546421182538)
(0.065002267137725403 0.041833872739594026 0.0018265063290572546)
(0.065886240700196469 0.041509910091624427 0.0018123618144707924)
(0.066817873876474421 0.041135166218362912 0.001796000143734169)
(0.067870184967191646 0.040682331563050282 0.0017762289558174744)
(0.06903068538814966 0.040175626415340761 0.0017541057313686533)
(0.069905713442463976 0.039849736321170184 0.0017398770626053631)
(0.070838089480807762 0.039489026899905605 0.0017241281491895593)
(0.07181640439370518 0.039100425291556544 0.0017071614365842204)
(0.072829249071680494 0.038690858636132482 0.001689279370252325)
(0.073865214405257909 0.038267254073642967 0.0016707843956568511)
(0.074912891284961675 0.037836538744097495 0.0016519789582607766)
(0.075960870601316011 0.037405639787505558 0.0016331655035270809)
(0.076997743244845138 0.036981484343876693 0.0016146464769187412)
(0.078012100106073304 0.036570999553220386 0.0015967243238987363)
(0.079007374116665155 0.036172101081226128 0.0015793080404609644)
(0.08000238068573598 0.035773364988663105 0.0015618988466439211)
(0.080997387254796091 0.035374628896097056 0.0015444896528131597)
(0.081992393823848042 0.034975892803530466 0.001527080458973632)
(0.082987400392894178 0.034577156710965798 0.001509671265130292)
(0.083982406961937095 0.034178420618405536 0.0014922620712880909)
(0.084977413530979207 0.033779684525852151 0.0014748528774519828)
(0.085972420100023011 0.033380948433308119 0.0014574436836269195)
(0.08696742666907098 0.032982212340775932 0.0014400344898178542)
(0.087962433238142249 0.032583476248247409 0.0014226252960276731)
(0.088957439807222316 0.032184740155729939 0.0014052161022515969)
(0.08995244637629865 0.031786004063227631 0.0013878069084869375)
(0.090947452945373694 0.031387267970735523 0.0013703977147312199)
(0.091942459514449973 0.030988531878248685 0.0013529885209819666)
(0.092937466083529888 0.030589795785762153 0.0013355793272367016)
(0.093932472652615978 0.030191059693270971 0.0013181701334929491)
(0.094927479221710728 0.02979232360077019 0.0013007609397482317)
(0.095922485790816567 0.029393587508254857 0.0012833517460000738)
(0.096917492359911858 0.028994851415735212 0.0012659425522469844)
(0.097912498928967182 0.028596115323235426 0.0012485333584936887)
(0.098907505498039047 0.028197379230723494 0.0012311241647403933)
(0.099902512067122612 0.027798643138201899 0.0012137149709870979)
(0.10089751863621285 0.027399907045673119 0.0011963057772338026)
(0.1018925252053049 0.027001170953139624 0.0011788965834805066)
(0.10288753177439369 0.026602434860603891 0.0011614873897272111)
(0.10388253834347434 0.026203698768068415 0.0011440781959739159)
(0.10487754491254191 0.025804962675535642 0.0011266690022206202)
(0.10587255148159144 0.025406226583008069 0.0011092598084673248)
(0.10686755805067499 0.025007490490452308 0.0010918506147160718)
(0.10786256461974573 0.024608754397896553 0.0010744414209700127)
(0.10885757118880611 0.024210018305340794 0.0010570322272266709)
(0.10985257775785855 0.023811282212785046 0.0010396230334835705)
(0.11084758432690557 0.023412546120229291 0.0010222138397382344)
(0.11184259089594958 0.02301381002767354 0.001004804645988187)
(0.11283759746499318 0.022615073935117778 0.00098739545223095132)
(0.11383260403403873 0.022216337842562026 0.00096998625846405164)
(0.11482761060308876 0.021817601750006278 0.00095257706468501117)
(0.11582261717214273 0.02141886565745111 0.00093516787088989686)
(0.11681762374119656 0.021020129564896191 0.00091775867707564746)
(0.1178126303102504 0.020621393472341275 0.00090034948324684623)
(0.11880763687930425 0.020222657379786357 0.000882940289408447)
(0.1198026434483581 0.019823921287231438 0.00086553109556540163)
(0.12079765001741193 0.019425185194676526 0.00084812190172266276)
(0.12179265658646578 0.019026449102121604 0.00083071270788518347)
(0.12278766315551967 0.018627713009566685 0.00081330351405791606)
(0.1237826697245735 0.01822897691701177 0.00079589432024581371)
(0.12477767629362732 0.017830240824456507 0.00077848512645306068)
(0.12577268286267665 0.017431504731900752 0.00076107593267565822)
(0.12676768943172184 0.017032768639344997 0.00074366673891009005)
(0.12776269600076531 0.016634032546789242 0.00072625754515387908)
(0.12875770256980965 0.016235296454233484 0.00070884835140454954)
(0.12975270913885714 0.015836560361677729 0.00069143915765962479)
(0.13074771570791047 0.015437824269121977 0.00067402996391662873)
(0.13174272227697198 0.015039088176566219 0.00065662077017308472)
(0.13273772884604415 0.014640352084010468 0.00063921157642651675)
(0.13373300285663534 0.01424145361201923 0.00062179529303528318)
(0.13474735971785107 0.013830968821366283 0.00060387314004645804)
(0.1357842323613728 0.013406813377732826 0.00058535411346149471)
(0.13683221167772472 0.01297591442113084 0.00056654065874337184)
(0.13787988855743114 0.012545199091572323 0.00054773522135506756)
(0.13891585389101624 0.01212159452906925 0.00052924024675955999)
(0.13992869856900428 0.01171202787363361 0.00051135818041982768)
(0.14090701348191942 0.011323426265277393 0.00049439146779884833)
(0.14183938952028591 0.010962716844012588 0.00047864255435960134)
(0.14271441757462811 0.010636826749851174 0.00046441388556506372)
(0.14387491799551744 0.010130121602282292 0.00044229066101639393)
(0.14492722908635094 0.0096772869470556286 0.00042251947291706738)
(0.14585886226270317 0.0093025430739213776 0.00040615780198491211)
(0.14674283582522649 0.0089785804260731211 0.00039201328724911938)
(0.14769205889795078 0.0086591115332996307 0.00037806497414645318)
(0.14885041832003873 0.0083089636664741041 0.00036277718820075397)
(0.14995053776936307 0.0080403329270525049 0.00035104851694578936)
(0.1508985621527584 0.0078501421285205424 0.00034274460744190463)
(0.15194510296300001 0.0078071217105278043 0.0003408662953324634)
(0.060848845601135203 0.045164517581760759 0.001971925423672027)
(0.061794124918588648 0.044964577786726502 0.0019631958635651899)
(0.062899295548063616 0.044682177295234403 0.0019508659916812243)
(0.064065691475022751 0.044314081187109736 0.0019347945684392448)
(0.065012230925424894 0.043978236627547664 0.0019201312783305295)
(0.065890176238775897 0.043637667967323907 0.0019052617295957669)
(0.066818224151678776 0.043243715085275289 0.0018880613754292687)
(0.067873135812290736 0.042767668563155323 0.0018672767355270401)
(0.069041782483656361 0.042234990199259199 0.0018440194959730804)
(0.069910323750747544 0.041892395293804917 0.0018290614793997134)
(0.070839152604107836 0.041513196256199557 0.0018125052919021256)
(0.071816275114335637 0.041104675304955041 0.0017946688820054395)
(0.072829697352029238 0.040674114658583317 0.0017758701982347812)
(0.073867425387787108 0.040228796535596315 0.0017564271891152734)
(0.074917465292207608 0.039776003154505996 0.0017366578031720412)
(0.075967823135889109 0.039323016733824274 0.0017168799889302091)
(0.07700650498943 0.0388771194920631 0.0016974116949149008)
(0.078021516923428638 0.038445593647734408 0.0016785708696512407)
(0.079016467838309221 0.038026248025565243 0.0016602618443557211)
(0.080011137602874843 0.037607073106240028 0.0016419602720880372)
(0.081005807367429253 0.03718789818691165 0.0016236586998059318)
(0.082000477131975003 0.036768723267582681 0.0016053571275146112)
(0.082995146896514702 0.036349548348255739 0.0015870555552192824)
(0.083989816661050987 0.035930373428933439 0.0015687539829251516)
(0.084984486425586439 0.035511198509618362 0.0015504524106374254)
(0.085979156190123682 0.035092023590313132 0.0015321508383613106)
(0.086973825954665282 0.034672848671020329 0.0015138492661020135)
(0.087968495719231377 0.034253673751731384 0.0014955476938625695)
(0.088963165483806741 0.033834498832454069 0.0014772461216379521)
(0.089957835248378137 0.033415323913192685 0.0014589445494253373)
(0.090952505012948243 0.032996148993942029 0.0014406429772221227)
(0.091947174777519583 0.03257697407469691 0.0014223414050257034)
(0.092941844542094795 0.03215779915545211 0.0014040398328334775)
(0.093936514306676502 0.031738624236202426 0.0013857382606428409)
(0.094931184071267272 0.031319449316942652 0.0013674366884511909)
(0.095925853835869712 0.030900274397667581 0.0013491351162559233)
(0.096920523600461106 0.030481099478387983 0.0013308335440554715)
(0.097915193365010381 0.03006192455912924 0.0013125319718548026)
(0.098909863129577169 0.029642749639857743 0.0012942303996541346)
(0.099904532894156198 0.029223574720576091 0.0012759288274534664)
(0.10089920265874223 0.028804399801286875 0.0012576272552527977)
(0.10189387242333016 0.028385224881992712 0.0012393256830521293)
(0.10288854218791471 0.027966049962696193 0.0012210241108514606)
(0.10388321195249067 0.027546875043399935 0.0012027225386507924)
(0.10487788171705288 0.027127700124106532 0.0011844209664501238)
(0.10587255148159612 0.026708525204818589 0.0011661193942494555)
(0.10686722124617516 0.026289350285501011 0.0011478178220509345)
(0.10786189101074072 0.02587017536618345 0.0011295162498578737)
(0.10885656077529535 0.025451000446865876 0.0011112146776676691)
(0.10985123053984164 0.025031825527548311 0.001092913105477718)
(0.11084590030438224 0.024612650608230743 0.0010746115332854172)
(0.11184057006891973 0.024193475688913182 0.0010563099610881631)
(0.11283523983345672 0.023774300769595604 0.0010380083888833528)
(0.1138299095979958 0.02335512585027804 0.0010197068166683829)
(0.11482457936253956 0.022935950930960475 0.0010014052444406497)
(0.11581924912708748 0.022516776011643529 0.00098310367219601883)
(0.11681391889163524 0.022097601092326839 0.00096480209993127209)
(0.11780858865618304 0.021678426173010152 0.00094650052765122823)
(0.11880325842073083 0.021259251253693465 0.00092819895536109317)
(0.11979792818527862 0.020840076334376775 0.00090989738306607453)
(0.12079259794982639 0.020420901415060092 0.000891595810771378)
(0.12178726771437422 0.020001726495743406 0.00087329423848221048)
(0.12278193747892202 0.019582551576426716 0.00085499266620377851)
(0.12377660724346981 0.019163376657110029 0.00083669109394128886)
(0.12477127700801754 0.018744201737792978 0.00081838952169914026)
(0.12576594677256059 0.01832502681847541 0.00080008794947312924)
(0.12676061653709927 0.017905851899157839 0.00078178637725955901)
(0.12775528630163618 0.017486676979840274 0.00076348480505582586)
(0.12874995606617395 0.017067502060522703 0.0007451832328593265)
(0.12974462583071505 0.016648327141205135 0.00072688166066745799)
(0.13073929559526232 0.016229152221887571 0.00070858008847761705)
(0.13173396535981816 0.015809977302569996 0.00069027851628720006)
(0.13272863512438524 0.015390802383252432 0.00067197694409360388)
(0.13372358603926507 0.01497145676108645 0.00065366791884700817)
(0.13473859797325063 0.014539930916761288 0.00063482709361612616)
(0.13577727982678373 0.014094033674995288 0.00061535879962539214)
(0.13682763767046272 0.013641047254302999 0.00059558098539993121)
(0.137877677574886 0.013188253873198967 0.00057581159946486758)
(0.13891540561065197 0.012742935750197719 0.00055636859034532483)
(0.13992882784835894 0.01231237510381381 0.00053756990656642762)
(0.14090595035860537 0.011903854152561778 0.00051973349665329985)
(0.14183477921198953 0.011524655114956176 0.00050317730913106617)
(0.14270332047910997 0.011182060209511532 0.00048821929252485012)
(0.14387196715040343 0.010649381845763252 0.00046496205286592363)
(0.14492687881113767 0.010173335323733664 0.00044417741277170183)
(0.14585492672411857 0.0097793824418188225 0.0004269770583996486)
(0.14673287203752453 0.009438813781722644 0.00041210750950790146)
(0.14767941148796654 0.0091029692222435558 0.00039744421935538346)
(0.14884580741492914 0.0087348731141509931 0.00038137279627637876)
(0.14995097804440788 0.0084524726226341117 0.00036904292466759128)
(0.15089625736186438 0.0082525328275717107 0.0003603133647875196)
(0.15194510296300001 0.0082073072245280321 0.00035833877221456821)
(0.060850994007304759 0.047217299957513177 0.0020615518377853654)
(0.061793714517096046 0.047008272655085205 0.0020524255085310902)
(0.062903593593934007 0.046713036717032877 0.0020395352289409451)
(0.064077480732655137 0.046328210192116463 0.0020227333399229349)
(0.065021518649973631 0.045977101087956662 0.0020074035854054898)
(0.065893844743101643 0.045621053167001838 0.0019918581975560314)
(0.06681855066000196 0.045209194646269456 0.0019738760663269139)
(0.067875886436580726 0.044711511229459371 0.0019521467392064412)
(0.069052126618785084 0.044154621984635073 0.0019278324297661801)
(0.06991462124028805 0.043796455723134176 0.0019121945531070177)
(0.070840143592341448 0.043400021627058645 0.0018948858667070959)
(0.071816154606832772 0.042972932900628168 0.0018762387702395567)
(0.072830115215649513 0.042522802748062465 0.0018565856633775434)
(0.073869486350679206 0.042057244373581222 0.0018362589457941989)
(0.074921728943809357 0.041583870981404168 0.0018155910171626663)
(0.075974303926927417 0.041110295775750982 0.0017949142771560888)
(0.077014672231920975 0.0406441319608414 0.0017745611254476091)
(0.078030294790677523 0.040192992740895092 0.0017548639617103704)
(0.079024944532544397 0.039754587349052087 0.001735722768898043)
(0.080019300345471819 0.039316360418705384 0.0017165893678627506)
(0.081013656158387515 0.038878133488355358 0.0016974559668123813)
(0.082008011971294148 0.038439906558004736 0.0016783225657523782)
(0.083002367784194467 0.038001679627656222 0.0016591891646881851)
(0.083996723597091233 0.037563452697312545 0.0016400557636252436)
(0.084991079409987111 0.037125225766976439 0.0016209223625689984)
(0.085985435222884848 0.036686998836650622 0.0016017889615248919)
(0.086979791035787166 0.036248771906337802 0.0015826555604983676)
(0.087974146848715074 0.035810544976029014 0.0015635221594925981)
(0.088968502661652668 0.035372318045732376 0.0015443887585023307)
(0.089962858474586127 0.034934091115452391 0.0015252553575246105)
(0.090957214287518226 0.034495864185183633 0.0015061219565567175)
(0.091951570100451629 0.034057637254920656 0.0014869885555959287)
(0.092945925913389099 0.033619410324658011 0.0014678551546395244)
(0.0939402817263333 0.033181183394390266 0.0014487217536847817)
(0.09493463753928702 0.032742956464111975 0.0014295883527289787)
(0.095928993352252939 0.032304729533817682 0.0014104549517693942)
(0.09692334916520727 0.03186650260351865 0.0013913215508043898)
(0.097917704978117623 0.031428275673241447 0.001372188149839159)
(0.098912060791046252 0.030990048742950894 0.0013530547488739282)
(0.099906416603987677 0.030551821812649729 0.0013339213479086978)
(0.10090077241693644 0.030113594882340652 0.0013147879469434668)
(0.10189512822988719 0.029675367952026403 0.0012956545459782355)
(0.10288948404283439 0.029237141021709694 0.0012765211450130047)
(0.10388383985577265 0.028798914091393256 0.0012573877440477741)
(0.10487819566869647 0.028360687161079805 0.0012382543430825433)
(0.10587255148160049 0.027922460230772057 0.0012191209421173123)
(0.10686690729454193 0.027484233300433338 0.0011999875411543267)
(0.10786126310746928 0.027046006370094626 0.0011808541401970491)
(0.10885561892038521 0.0266077794397559 0.0011617207392427579)
(0.10984997473329243 0.026169552509417188 0.0011425873382887317)
(0.11084433054619371 0.025731325579078472 0.0011234539373322484)
(0.11183868635909168 0.025293098648739763 0.0011043205363705875)
(0.11283304217198915 0.024854871718401041 0.0010851871354010264)
(0.11382739798488883 0.024416644788062325 0.001066053734420844)
(0.1148217537977934 0.023978417857723613 0.0010469203334273183)
(0.11581610961070229 0.023540190927385542 0.0010277869324161271)
(0.11681046542361108 0.023101963997047743 0.0010086535313839054)
(0.11780482123651988 0.022663737066709953 0.00098952013033569127)
(0.11879917704942862 0.02222551013637216 0.00097038672927692775)
(0.11979353286233743 0.021787283206034368 0.00095125332821305807)
(0.12078788867524619 0.021349056275696568 0.00093211992714952558)
(0.12178224448815496 0.020910829345358779 0.00091298652609177319)
(0.12277660030106373 0.020472602415020975 0.00089385312504524446)
(0.1237709561139725 0.020034375484683183 0.00087471972401538241)
(0.12476531192688123 0.019596148554345005 0.00085558632300678644)
(0.12575966773978503 0.019157921624006292 0.00083645292201506131)
(0.12675402355268434 0.018719694693667573 0.00081731952103634184)
(0.12774837936558173 0.018281467763328861 0.00079818612006790721)
(0.12874273517847998 0.017843240832990138 0.00077905271910703468)
(0.12973709099138181 0.017405013902651423 0.00075991931815100398)
(0.13073144680429002 0.016966786972312707 0.00074078591719709268)
(0.1317258026172072 0.016528560041973988 0.00072165251624257921)
(0.13272015843013613 0.016090333111635272 0.00070251911528474212)
(0.13371480817200229 0.015651927719795612 0.00068337792252356208)
(0.13473043073074512 0.015200788499852992 0.00066368075882059126)
(0.13577079903573053 0.014734624684938354 0.00064332760713780299)
(0.13682337401884601 0.014261049479274122 0.00062265086714834096)
(0.13787561661197906 0.013787676087082732 0.00060198293852534797)
(0.13891498774701719 0.013322117712586599 0.00058165622094196649)
(0.1399289483558479 0.012871987560008152 0.00056200311407134031)
(0.14090495937035868 0.012444898833569824 0.00054335601758661158)
(0.14183048172243709 0.012048464737494042 0.00052604733116092418)
(0.14269297634397063 0.011690298476003223 0.00051040945446742016)
(0.14386921652609957 0.011133409231333486 0.0004860951449174213)
(0.14492655230280618 0.010635725814617896 0.00046436581759622895)
(0.145851258219788 0.010223867294025354 0.00044638368615221362)
(0.1467235843129735 0.0098678193732039104 0.00043083829813863564)
(0.14766762223033367 0.0095167102691308732 0.00041550854357539648)
(0.14884150936905841 0.0091318837442480143 0.00039870665472776888)
(0.14995138844590031 0.008836647806169785 0.00038581637542530931)
(0.1508941089556948 0.0086276205037123903 0.00037669004640810593)
(0.15194510296300001 0.0085803393418842563 0.00037462570619585544)
(0.060852996639769799 0.049130796896580349 0.0021450969183994654)
(0.061793331962174909 0.048913298692518065 0.0021356007415870132)
(0.062907600008697731 0.048606098218918939 0.0021221880790871796)
(0.064088470065309155 0.048205676469833376 0.0021047052878736729)
(0.065030176183623972 0.047840338551304824 0.0020887542899057933)
(0.065897264331988045 0.047469861668771929 0.0020725789199926995)
(0.066818855014074946 0.04704131244316103 0.0020538680568560866)
(0.067878450425448489 0.046523460238733973 0.0020312581414560966)
(0.069061768883420582 0.0459440028702277 0.0020059584864596238)
(0.069918627136470027 0.045571321800686605 0.0019896868795967492)
(0.070841067340018785 0.045158822079722209 0.0019716767528672168)
(0.071816042276007769 0.044714425439212141 0.0019522739765525613)
(0.072830504726377879 0.044246053611034092 0.0019318244209343199)
(0.073871407473070028 0.043761628327065677 0.001910673956294028)
(0.074925703298025129 0.043269071319184595 0.0018891684529132209)
(0.075980344983184067 0.042776304319268481 0.001867653781073437)
(0.077022285310487784 0.04229124905919502 0.0018464758110562102)
(0.078038477061877165 0.041821827270841855 0.0018259804131430782)
(0.079032846065928558 0.041365655353252644 0.0018060635170633163)
(0.080026909229471518 0.040909669129371794 0.0017861547285249707)
(0.081020972393002252 0.040453682905487495 0.0017662459399709366)
(0.082015035556523577 0.039997696681602544 0.0017463371514068787)
(0.083009098720038352 0.039541710457719821 0.001726428362838461)
(0.084003161883549379 0.039085724233842135 0.0017065195742713461)
(0.084997225047059505 0.038629738009972311 0.0016866107857111982)
(0.085991288210571587 0.038173751786113194 0.0016667019971636815)
(0.086985351374088402 0.037717765562267594 0.0016467932086344588)
(0.087979414537631861 0.037261779338426206 0.0016268844201268327)
(0.088973477701185397 0.036805793114597453 0.0016069756316353361)
(0.08996754086473463 0.036349806890786034 0.0015870668431568961)
(0.090961604028282447 0.035893820666986286 0.001567158054688681)
(0.091955667191831611 0.03543783444319256 0.0015472492662278587)
(0.092949730355385007 0.034981848219399175 0.0015273404777715975)
(0.09394379351894544 0.034525861995600482 0.0015074316893170657)
(0.094937856682515712 0.034069875771790818 0.0014875229008614308)
(0.095931919846098751 0.033613889547964515 0.0014676141124018614)
(0.096925983009669703 0.033157903324133264 0.0014477053239366519)
(0.097920046173194886 0.032701917100324725 0.0014277965354712067)
(0.098914109336739109 0.0322459308765023 0.001407887747005762)
(0.099908172500296613 0.031789944652668843 0.0013879789585403172)
(0.10090223566386179 0.031333958428827156 0.0013680701700748722)
(0.10189629882742897 0.030877972204980071 0.0013481613816094273)
(0.10289036199099252 0.030421985981130436 0.0013282525931439825)
(0.10388442515454675 0.029965999757281078 0.0013083438046785378)
(0.10487848831808597 0.029510013533434833 0.0012884350162130928)
(0.10587255148160453 0.029054027309594516 0.0012685262277476476)
(0.1068666146451621 0.028598041085721972 0.0012486174392845387)
(0.10786067780870497 0.028142054861849446 0.0012287086508273697)
(0.10885474097223596 0.027686068637976898 0.0012087998623733075)
(0.1098488041357579 0.027230082414104372 0.0011888910739195212)
(0.1108428672992736 0.026774096190231834 0.0011689822854631785)
(0.11183693046278596 0.026318109966359301 0.0011490734970014483)
(0.11283099362629774 0.025862123742486757 0.0011291647085314976)
(0.11382505678981182 0.025406137518614223 0.0011092559200504952)
(0.11481911995333101 0.024950151294741693 0.0010893471315556091)
(0.11581318311685466 0.024494165070869822 0.0010694383430423411)
(0.11680724628037824 0.024038178846998246 0.0010495295545071904)
(0.11780130944390177 0.02358219262312667 0.0010296207659553991)
(0.11879537260742531 0.023126206399255087 0.0010097119773926312)
(0.11978943577094887 0.022670220175383511 0.00098980318882455043)
(0.12078349893447239 0.022214233951511932 0.00096989440025681967)
(0.12177756209799596 0.021758247727640356 0.00094998561169510416)
(0.12277162526151955 0.021302261503768773 0.00093007682314506671)
(0.12376568842504307 0.0208462752798972 0.00091016803461237128)
(0.12475975158856659 0.020390289056025218 0.00089025924610180367)
(0.125753814752085 0.019934302832152688 0.00087035045760879091)
(0.12674787791559861 0.019478316608280147 0.00085044166912931105)
(0.1277419410791103 0.019022330384407614 0.00083053288066053217)
(0.12873600424262294 0.018566344160535073 0.00081062409219962231)
(0.12973006740613927 0.018110357936662536 0.00079071530374375041)
(0.1307241305696622 0.017654371712789999 0.00077080651529008357)
(0.13171819373319449 0.017198385488917459 0.00075089772683579028)
(0.13271225689673902 0.016742399265044925 0.00073098893837803902)
(0.13370662590078969 0.016286227347459173 0.00071107204235149697)
(0.13472281765216482 0.015816805559109845 0.00069057664447402117)
(0.13576475797946003 0.015331750299031131 0.00066939867448352749)
(0.13681939966461623 0.014838983299103527 0.00064788400266155202)
(0.1378736954895744 0.014346426291207534 0.00062637849928963137)
(0.13891459823627531 0.013862001007223625 0.00060522803464930098)
(0.13992906068665997 0.013393629179032307 0.00058477847902209715)
(0.1409040356226692 0.012949232538514072 0.00056537570268955597)
(0.14182647582624397 0.012536732817549414 0.00054736557593321362)
(0.14268333407932524 0.012164051748018819 0.00053109396903460576)
(0.14386665253721881 0.011584594379673354 0.00050579431392394744)
(0.14492624794872536 0.01106674217534461 0.0004831843983151041)
(0.14584783863089718 0.010638192949879246 0.00046447353495488461)
(0.14671492677932102 0.010267716067485113 0.00044829816487101985)
(0.14765663289767922 0.0099023781490468529 0.00043234716685549093)
(0.14883750295429435 0.0095019563999962035 0.00041486437581927113)
(0.14995177100082133 0.0091947559263701219 0.00040145171361878114)
(0.15089210632322972 0.0089772577222772352 0.00039195553705300866)
(0.15194510296300001 0.0089280604754862769 0.00038980753876033234)
(0.060854863389571051 0.05091445919759624 0.0022229732962939347)
(0.061792975364379034 0.050689064859711003 0.0022131323668282783)
(0.062911334580115316 0.050370711668504486 0.0021992327661558846)
(0.064098713749512717 0.049955752862756601 0.0021811152733382153)
(0.065038246286103177 0.049577151583697125 0.0021645851845447013)
(0.06590045189485115 0.04919322477381697 0.0021478225781253551)
(0.066819138717108401 0.048749117341416535 0.002128432429015292)
(0.067880840442484991 0.048212464842410929 0.0021050016750318572)
(0.069070756900895619 0.047611970643066624 0.0020787835321683769)
(0.069922361224492677 0.047225759624572296 0.0020619211949780593)
(0.070841928409547603 0.046798284363866252 0.0020432572220641953)
(0.071815937567056468 0.046337754186258379 0.0020231500403086852)
(0.072830867808015384 0.045852378417058609 0.0020019580765934289)
(0.073873198243420479 0.045350366381576836 0.001980039757800328)
(0.074929407984267823 0.044839927405123013 0.0019577535108112822)
(0.075985976141553474 0.044329270813007027 0.0019354577625081929)
(0.077029381826273613 0.043826605930538803 0.0019135109397729593)
(0.078046104149424325 0.043340142083028242 0.0018922714694874835)
(0.079040211464288926 0.042867409134403886 0.0018716315031761211)
(0.080034001835300128 0.042394868620979735 0.0018509999387453045)
(0.08102779220629866 0.041922328107552011 0.00183036837429823)
(0.082021582577287463 0.041449787594123634 0.0018097368098407671)
(0.083015372948269481 0.04097724708069754 0.0017891052453787866)
(0.084009163319247598 0.040504706567276672 0.0017684736809181552)
(0.085002953690224786 0.040032166053863942 0.0017478421164647453)
(0.085996744061203972 0.039559625540462322 0.0017272105520244245)
(0.086990534432188113 0.039087085027074718 0.0017065789876030621)
(0.087984324803199843 0.038614544513691451 0.0016859474232040802)
(0.088978115174222022 0.038142004000321285 0.001665315858821813)
(0.089971905545239733 0.037669463486969097 0.0016446842944530769)
(0.090965695916255987 0.037196922973628997 0.0016240527300949369)
(0.091959486287273629 0.036724382460295142 0.0016034211657444579)
(0.092953276658295655 0.036251841946961641 0.0015827896013987052)
(0.093947067029324968 0.03577930143362263 0.0015621580370547448)
(0.094940857400364523 0.035306760920272254 0.0015415264727096417)
(0.095934647771417234 0.034834220406904627 0.0015208949083604611)
(0.096928438142457482 0.0343616798935319 0.0015002633440054354)
(0.097922228513450268 0.033889139380182683 0.001479631779650166)
(0.098916018884462747 0.033416598866819094 0.0014590002152948967)
(0.099909809255489063 0.03294405835344405 0.0014383686509396275)
(0.10090359962652329 0.032471517840060478 0.001417737086584358)
(0.10189738999755964 0.031998977326671334 0.0013971055222290881)
(0.10289118036859217 0.031526436813279532 0.0013764739578738191)
(0.10388497073961507 0.031053896299888015 0.0013558423935185495)
(0.10487876111062239 0.030581355786499734 0.0013352108291632802)
(0.10587255148160833 0.030108815273117595 0.001314579264808011)
(0.10686634185263469 0.029636274759702062 0.0012939477004551621)
(0.10786013222364579 0.029163734246286533 0.0012733161361084685)
(0.10885392259464462 0.028691193732870993 0.0012526845717649956)
(0.10984771296563406 0.028218653219455464 0.0012320530074218081)
(0.11084150333661702 0.027746112706039938 0.0012114214430759714)
(0.1118352937075965 0.027273572192624412 0.0011907898787245513)
(0.11282908407857541 0.026801031679208873 0.0011701583143646124)
(0.11382287444955669 0.026328491165793347 0.0011495267499932204)
(0.11481666482054326 0.025855950652377818 0.0011288951856074411)
(0.1158104551915345 0.025383410138962989 0.0011082636212026123)
(0.1168042455625256 0.024910869625548449 0.0010876320567751066)
(0.11779803593351669 0.024438329112133911 0.001067000492330356)
(0.1187918263045078 0.023965788598719371 0.0010463689278742304)
(0.11978561667549888 0.02349324808530483 0.0010257373634125985)
(0.12077940704648996 0.0230207075718903 0.0010051057989513305)
(0.12177319741748108 0.02254816705847576 0.00098447423449629515)
(0.1227669877884722 0.022075626545061216 0.00096384267005336199)
(0.12376077815946328 0.021603086031646686 0.00094321110562840046)
(0.12475456853045434 0.021130545518231725 0.00092257954122637034)
(0.12574835890144007 0.020658005004816203 0.00090194797684253216)
(0.12674214927242092 0.020185464491400667 0.00088131641247271803)
(0.12773593964339974 0.019712923977985138 0.00086068484811399376)
(0.12872973001437951 0.019240383464569605 0.00084005328376342411)
(0.12972352038536314 0.018767842951154079 0.00081942171941807511)
(0.13071731075635359 0.018295302437738543 0.00079879015507501149)
(0.13171110112735379 0.017822761924323006 0.00077815859073129844)
(0.13270489149836664 0.017350221410907481 0.00075752702638400189)
(0.13369899881323039 0.016877488462286705 0.00073688706012779172)
(0.13471572113636632 0.016391024614780127 0.00071564758987926645)
(0.13575912682107769 0.015888359732306467 0.00069370076717173662)
(0.13681569497836055 0.015377703140178561 0.00067140501888710252)
(0.13787190471921107 0.014867264163709277 0.00064911877190726496)
(0.1389142351546252 0.01436525212821145 0.0006272004531141242)
(0.13992916539559919 0.01387987635899794 0.00060600848938958073)
(0.14090317455312906 0.013419346181381598 0.00058590130761553504)
(0.14182274173821094 0.012991870920675278 0.00056723733467388827)
(0.14267434606184098 0.012605659902191825 0.00055037499744653993)
(0.14386426252017023 0.012005165703014182 0.00052415685446472859)
(0.14492596424568469 0.011468513204110456 0.00050072610026485789)
(0.14584465106802988 0.011024405771860835 0.00048133595092307092)
(0.1467068566768398 0.010640478962124483 0.0004645733443267535)
(0.14764638921347523 0.010261877683158577 0.00044804325548386087)
(0.14883376838287646 0.0098469188774468717 0.00042992576284991437)
(0.14995212759861706 0.0095285656862124316 0.00041602616248773253)
(0.15089023957342848 0.0093031713482954644 0.00040618523327771105)
(0.15194510296300001 0.0092521880267823833 0.00040395925327459434)
(0.060856603476622105 0.052577096403389881 0.0022955656044152885)
(0.061792642962464964 0.052344341700334321 0.0022854033144613338)
(0.062914815753307735 0.052015592525970496 0.0022710498153563968)
(0.064108262379021536 0.051587083032261241 0.002252340686722319)
(0.065045768815804456 0.051196118338512779 0.0022352707995871111)
(0.065903423175126 0.050799654206063194 0.0022179608018463573)
(0.066819403170317149 0.050341044222675962 0.0021979374576902434)
(0.067883068292030918 0.049786867067109303 0.0021737415606816915)
(0.069079135063203456 0.049166763428453893 0.0021466672512109519)
(0.069925841947089465 0.048767940495412006 0.0021292542659408728)
(0.070842731053767066 0.048326505815629188 0.0021099808116289234)
(0.071815839962819331 0.047850936794051474 0.0020892170197666336)
(0.072831206253829356 0.047349710835624892 0.002067333021845533)
(0.073874867506380171 0.046831305345295483 0.0020446989493571517)
(0.074932861300054859 0.046304197728009283 0.0020216849337930201)
(0.075991225214436492 0.045776865388712298 0.0019986611066446685)
(0.077035996829108166 0.045257785732350585 0.0019759975994036263)
(0.078053213723652898 0.044755436163870163 0.0019540645435614243)
(0.079047077105471361 0.044267265883667029 0.0019327505687963453)
(0.080040613193475899 0.043779294322732101 0.0019114452702794352)
(0.081034149281467391 0.043291322761793476 0.0018901399717457374)
(0.082027685369448836 0.042803351200854184 0.001868834673201312)
(0.083021221457423217 0.042315379639917244 0.0018475293746522202)
(0.084014757545393642 0.041827408078985696 0.0018262240761045231)
(0.085008293633363055 0.041339436518062565 0.0018049187775642818)
(0.086001829721334577 0.040851464957150897 0.001783613479037558)
(0.086995365809311165 0.040363493396253704 0.001762308180530412)
(0.087988901897316257 0.039875521835361 0.0017410028820463762)
(0.088982437985332147 0.03938755027448182 0.001719697583579602)
(0.089975974073343429 0.038899578713621194 0.0016983922851267999)
(0.090969510161353198 0.038411607152773065 0.0016770869866849401)
(0.091963046249364411 0.037923635591931369 0.0016557816882509918)
(0.092956582337380148 0.037435664031090048 0.0016344763898219245)
(0.093950118425403406 0.036947692470243043 0.0016131710913947072)
(0.094943654513437239 0.036459720909384291 0.0015918657929663105)
(0.095937190601484659 0.035971749348507727 0.0015705604945337025)
(0.096930726689519214 0.035483777787625896 0.0015492551960950595)
(0.097924262777504753 0.034995806226768351 0.0015279498976561643)
(0.098917798865510637 0.034507834665895951 0.001506644599217269)
(0.099911334953530787 0.03401986310501174 0.0014853393007783738)
(0.10090487104155911 0.03353189154411871 0.0014640340023394788)
(0.10189840712958961 0.033043919983219927 0.0014427287039005831)
(0.10289194321761622 0.032555948422318397 0.0014214234054616879)
(0.10388547930563281 0.032067976861417172 0.0014001181070227929)
(0.10487901539363338 0.031580005300519277 0.0013788128085838976)
(0.10587255148161187 0.031092033739627732 0.0013575075101450022)
(0.10686608756963206 0.03060406217870169 0.0013362022117086069)
(0.10785962365763657 0.030116090617775669 0.0013148969132785679)
(0.1088531597456283 0.029628119056849634 0.0012935916148518539)
(0.10984669583361037 0.029140147495923602 0.0012722863164254348)
(0.11084023192158578 0.028652175934997574 0.0012509810179962804)
(0.11183376800955758 0.028164204374071546 0.0012296757195613603)
(0.11282730409752882 0.027676232813145508 0.001208370421117643)
(0.11382084018550244 0.02718826125221948 0.001187065122662099)
(0.11481437627348158 0.026700289691293455 0.0011657598241916975)
(0.11580791236146551 0.026212318130368145 0.0011444545257016246)
(0.1168014484494493 0.025724346569443141 0.0011231492271881343)
(0.11779498453743312 0.025236375008518136 0.0011018439286568356)
(0.11878852062541688 0.024748403447593131 0.0010805386301137906)
(0.11978205671340067 0.024260431886668127 0.0010592333315650598)
(0.12077559280138445 0.023772460325743122 0.0010379280330167042)
(0.12176912888936828 0.023284488764818114 0.001016622734474785)
(0.12276266497735208 0.022796517203893103 0.00099531743594536348)
(0.12375620106533587 0.022308545642968105 0.00097401213743450053)
(0.12474973715331959 0.021820574082042674 0.00095270683894731743)
(0.12574327324129789 0.021332602521116645 0.0009314015404789204)
(0.12673680932927109 0.02084463096019061 0.00091009624202500572)
(0.12773034541724221 0.020356659399264586 0.0008887909435825427)
(0.12872388150521433 0.019868687838338554 0.00086748564514850057)
(0.12971741759319036 0.019380716277412519 0.00084618034671984986)
(0.13071095368117353 0.018892744716486491 0.00082487504829355902)
(0.13170448976916668 0.018404773155560456 0.00080356974986659749)
(0.13269802585717297 0.017916801594634432 0.00078226445143593558)
(0.13369188923899056 0.017428631314434995 0.0007609504767278095)
(0.13470910613352005 0.016926281745958685 0.00073901742092376483)
(0.13575387774818265 0.016407202089591358 0.00071635391371133064)
(0.13681224166256134 0.015879869750282074 0.00069333008658203714)
(0.1378702354562393 0.015352762132979909 0.00067031607102741465)
(0.13891389670879953 0.01483435664263391 0.00064768199853899248)
(0.13992926299982508 0.01433313068419315 0.00062579800060830128)
(0.14090237190889904 0.013857561662606689 0.00060503420872687059)
(0.14181926101560449 0.013416126982823596 0.00058576075438623106)
(0.14266596789952454 0.01301730404979292 0.00056834776907791168)
(0.14386203467061309 0.01239720041130961 0.0005412734594849774)
(0.14492569979246919 0.011843023255848174 0.00051707756225292153)
(0.14584167978775114 0.011384413272616677 0.00049705421785751667)
(0.14669933414713668 0.010987949140315591 0.00047974421993401338)
(0.14763684058396601 0.010596984446663753 0.00046267433274781291)
(0.14883028720968383 0.01016847495299187 0.00044396520430345794)
(0.14995246000053103 0.0098397257785991822 0.00042961170551886256)
(0.15088849948637739 0.0096069710755108655 0.00041944941582889038)
(0.15194510296300001 0.0095543228680585353 0.00041715074533213285)
(0.060858225495246783 0.054126920311488871 0.0023632323775865651)
(0.061792333114693156 0.05388730465892879 0.0023527705321035098)
(0.062918060721857114 0.053548864889894444 0.0023379939324928503)
(0.064117163114702641 0.05310772414981315 0.0023187333117293037)
(0.065052780926648499 0.052705234924071802 0.0023011602526618199)
(0.065906192848023723 0.05229708415175037 0.0022833400052081135)
(0.066819649679840734 0.051824955644797409 0.0022627264295706877)
(0.067885144977478495 0.05125444291606731 0.0022378173060390496)
(0.069086944750250887 0.050616060378225199 0.0022099449225972583)
(0.069929086495617035 0.050205481274549914 0.002192018651833513)
(0.070843479236952611 0.049751034350512625 0.0021721770706692339)
(0.07181574898122714 0.049261446900949891 0.002150801221024139)
(0.072831521735410201 0.048745446220698263 0.0021282721448179485)
(0.073876423506471361 0.04821175960459427 0.0021049708839703815)
(0.074936080301380187 0.047669114347474478 0.002081278480401157)
(0.075996118127106257 0.047126237744175452 0.0020575759760299963)
(0.077042162990619126 0.046591857089533707 0.0020342444127766164)
(0.078059840898888386 0.04607469967838581 0.0020116648325607376)
(0.079053476899011335 0.04557213952077907 0.0019897225821789511)
(0.080046775957625632 0.045069783940121802 0.0019677892637965594)
(0.081040075016226468 0.044567428359460745 0.0019458559453968841)
(0.082033374074816937 0.04406507277879898 0.0019239226269861655)
(0.083026673133400175 0.043562717198139651 0.0019019893085706436)
(0.084019972191979306 0.043060361617485887 0.0018800559901565566)
(0.085013271250557451 0.042558006036840762 0.0018581226717501453)
(0.08600657030913772 0.042055650456207454 0.0018361893533576504)
(0.086999869367723207 0.041553294875589029 0.00181425603498531)
(0.087993168426338059 0.04105093929497524 0.0017923227166367617)
(0.088986467484964013 0.040548583714375371 0.0017703893983059828)
(0.089979766543585235 0.040046228133794604 0.0017484560799895885)
(0.090973065602204889 0.039543872553226687 0.0017265227616844593)
(0.091966364660826028 0.039041516972665419 0.0017045894433874741)
(0.092959663719451816 0.038539161392104518 0.0016826561250955138)
(0.093952962778085361 0.038036805811537781 0.0016607228068054589)
(0.094946261836729787 0.037534450230958936 0.001638789488514189)
(0.095939560895388215 0.037032094650361766 0.0016168561702185843)
(0.096932859954033376 0.036529739069759169 0.0015949228519167662)
(0.097926159012628078 0.036027383489181559 0.0015729895336146886)
(0.098919458071243763 0.035525027908588684 0.0015510562153126109)
(0.099912757129874089 0.035022672327983624 0.0015291228970105333)
(0.10090605618851288 0.034520316747369502 0.0015071895787084559)
(0.10189935524715389 0.034017961166749447 0.001485256260406378)
(0.10289265430579084 0.033515605586126575 0.0014633229421043004)
(0.10388595336441757 0.033013250005504015 0.0014413896238022227)
(0.10487925242302773 0.032510894424884883 0.0014194563055001451)
(0.10587255148161519 0.032008538844272273 0.0013975229871980674)
(0.10686585054024555 0.031506183263624164 0.0013755896688985637)
(0.10785914959885975 0.031003827682976076 0.0013536563506056033)
(0.10885244865746088 0.030501472102327967 0.0013317230323160656)
(0.10984574771605202 0.029999116521679869 0.0013097897140268322)
(0.1108390467746363 0.029496760941031774 0.0012878563957347826)
(0.11183234583321687 0.028994405360383675 0.0012659230774367974)
(0.11282564489179683 0.028492049779735566 0.0012439897591297554)
(0.11381894395037931 0.027989694199087471 0.0012220564408105383)
(0.11481224300896742 0.027487338618439369 0.0012001231224760256)
(0.11580554206756045 0.02698498303779201 0.0011781898041212616)
(0.11679884112615339 0.026482627457144969 0.0011562564857423899)
(0.11779214018474631 0.025980271876497922 0.0011343231673451853)
(0.11878543924333923 0.025477916295850882 0.0011123898489358878)
(0.11977873830193213 0.024975560715203834 0.001090456530520737)
(0.12077203736052505 0.024473205134556794 0.0010685232121059726)
(0.12176533641911796 0.023970849553909743 0.0010465898936978346)
(0.12275863547771092 0.023468493973262689 0.0010246565753025618)
(0.1237519345363038 0.022966138392615649 0.0010027232569263949)
(0.12474523359489668 0.022463782811968171 0.00098078993857460598)
(0.12573853265348392 0.021961427231320073 0.00095885662024215701)
(0.12673183171206592 0.021459071650671964 0.00093692330192461713)
(0.12772513077064579 0.020956716070023869 0.00091498998361886675)
(0.12871842982922665 0.02045436048937577 0.00089305666532178544)
(0.12971172888781163 0.019952004908727665 0.00087112334703025405)
(0.13070502794640387 0.01944964932807957 0.00084919002874115235)
(0.13169832700500642 0.018947293747431461 0.00082725671045136046)
(0.1326916260636225 0.018444938166783362 0.00080532339215775878)
(0.13368526206374456 0.017942378009180436 0.00078338114183460384)
(0.13470293997199811 0.017425220598036764 0.00076080156165800772)
(0.13574898483550166 0.016890839943389246 0.00073746999843407905)
(0.13680902266122472 0.016347963340077543 0.0007137674940825376)
(0.1378686794561369 0.015805318082941323 0.00069007509052310286)
(0.13891358122720773 0.015271631466820257 0.00066677382967549373)
(0.13992935398140677 0.014755630786554024 0.00064424475345942992)
(0.14090162372570364 0.014266043336982283 0.00062286890379463012)
(0.14181601646706787 0.013811596412944714 0.00060302732260081478)
(0.1426581582124691 0.013401017309280982 0.00058510105179770218)
(0.14385995798515497 0.012762634771616037 0.00055722866823011414)
(0.14492545328293929 0.01219212204299425 0.00053231954446838385)
(0.14583891011484981 0.011719993536201626 0.00051170596858461377)
(0.1466923220362909 0.011311842764033063 0.0004938857209427699)
(0.14762793984828454 0.010909353538391188 0.00047631266182279161)
(0.14882704224113419 0.010468212798348357 0.00045705204125456021)
(0.14995276984830269 0.010129773029284323 0.00044227544197368481)
(0.1508868774677527 0.0098901573766905192 0.00043181359676239386)
(0.15194510296300001 0.009835957249177749 0.00042944716796903154)
(0.060859737456626671 0.055571585532347235 0.0024263078233177915)
(0.061792044290719432 0.055325574459585261 0.0024155667477542449)
(0.062921085512726294 0.054978101622331521 0.002400395755863048)
(0.064125459917462838 0.054525186691495753 0.0023806210628266084)
(0.065059317251587256 0.05411195489656976 0.0023625789730603009)
(0.06590877459301267 0.053692910446532204 0.0023442830973688278)
(0.066819879463194509 0.053208180675183535 0.0023231193386500535)
(0.067887080755617626 0.052622440774973703 0.0022975453824576773)
(0.06909422453423425 0.05196701959823033 0.0022689290759781615)
(0.069932110894963762 0.051545482003880219 0.0022505243471797999)
(0.070844176654395546 0.051078905742683089 0.0022301531877193621)
(0.071815664172919999 0.05057625104383142 0.0022082068096501328)
(0.072831815810927611 0.05004647813651774 0.0021850764250253983)
(0.07387787392880879 0.049498547249934549 0.0021611532458984447)
(0.074939080886954015 0.048941418613274348 0.0021368284843225572)
(0.07600067904575368 0.048384052455729659 0.0021124933523510225)
(0.077047910765598304 0.047835409006492961 0.0020885390620371258)
(0.078066018406878282 0.047304448494756762 0.0020653568254341528)
(0.079059442453613751 0.046788474842036958 0.0020428289292071652)
(0.080052520565761384 0.046272711226492368 0.0020203102033775609)
(0.081045598677895195 0.045756947610943885 0.0019977914775302112)
(0.082038676790018375 0.045241183995394688 0.0019752727516715233)
(0.083031754902134131 0.044725420379847981 0.0019527540258079041)
(0.084024833014245653 0.044209656764306979 0.0019302352999457581)
(0.085017911126356177 0.043693893148774865 0.0019077165740914929)
(0.086010989238468866 0.043178129533254866 0.0018851978482515147)
(0.087004067350586939 0.042662365917750161 0.0018626791224322294)
(0.087997145462735141 0.042146602302250216 0.0018401603966373714)
(0.08899022357489475 0.041630838686764565 0.0018176416708607572)
(0.08998330168704953 0.041115075071298524 0.0017951229450989114)
(0.090976379799202631 0.040599311455845666 0.0017726042193486312)
(0.091969457911357314 0.040083547840399629 0.0017500854936067123)
(0.092962536023516729 0.039567784224953988 0.001727566767869953)
(0.093955614135684151 0.039052020609502337 0.0017050480421351493)
(0.094948692247862704 0.038536256994038273 0.0016825293163990982)
(0.095941770360055648 0.038020493378555384 0.0016600105906585973)
(0.096934848472234977 0.037504729763066916 0.0016374918649117161)
(0.097927926584362501 0.036988966147604128 0.0016149731391645688)
(0.098921004696511522 0.036473202532125645 0.0015924544134174217)
(0.099914082808675656 0.035957438916634658 0.0015699356876702751)
(0.10090716092084841 0.035441675301134366 0.0015474169619231282)
(0.10190023903302349 0.034925911685627989 0.0015248982361759807)
(0.10289331714519438 0.034410148070118711 0.0015023795104288338)
(0.10388639525735475 0.033894384454609759 0.0014798607846816865)
(0.10487947336949818 0.033378620839104312 0.0014573420589345397)
(0.10587255148161824 0.032862857223605581 0.0014348233331873924)
(0.10686562959378239 0.0323470936080704 0.0014123046074428871)
(0.10785870770592994 0.031831329992535226 0.0013897858817051008)
(0.10885178581806405 0.031315566377000045 0.0013672671559708288)
(0.10984486393018791 0.030799802761464868 0.0013447484302368687)
(0.11083794204230472 0.030284039145929701 0.0013222297045000172)
(0.11183102015441773 0.029768275530394524 0.0012997109787570716)
(0.11282409826653013 0.029252511914859339 0.0012771922530048279)
(0.11381717637864511 0.028736748299324169 0.0012546735272400838)
(0.11481025449076585 0.028220984683788992 0.0012321548014596357)
(0.11580333260289169 0.027705221068254581 0.0012096360756583963)
(0.11679641071501737 0.02718945745272049 0.0011871173498324051)
(0.11778948882714305 0.026673693837186398 0.0011645986239875923)
(0.11878256693926874 0.026157930221652307 0.0011420798981303635)
(0.11977564505139444 0.025642166606118209 0.0011195611722671251)
(0.12076872316352012 0.025126402990584121 0.0010970424464042839)
(0.1217618012756458 0.024610639375050026 0.001074523720548245)
(0.12275487938777149 0.024094875759515928 0.0010520049947054155)
(0.12374795749989716 0.02357911214398184 0.0010294862688822019)
(0.12474103561202278 0.023063348528447294 0.0010069675430840169)
(0.12573411372414264 0.02254758491291212 0.00098444881730568772)
(0.12672719183625714 0.022031821297376943 0.00096193009154266565)
(0.12772026994836941 0.021516057681841765 0.00093941136579174772)
(0.12871334806048274 0.021000294066306588 0.00091689264004973033)
(0.12970642617260025 0.020484530450771411 0.00089437391431341096)
(0.13069950428472527 0.019968766835236237 0.00087185518857958602)
(0.13169258239686085 0.019453003219701052 0.00084933646284505256)
(0.13268566050901029 0.018937239604165879 0.00082681773710660761)
(0.13367908455574484 0.018421265951449987 0.00080428984093981683)
(0.13469719219700874 0.017890305439718132 0.00078110760437717511)
(0.13574442391684374 0.017341661990475501 0.0007571533140935154)
(0.13680602207564033 0.016784295832917791 0.00073281818214212418)
(0.13786722903378898 0.016227167196240729 0.00070849342057628748)
(0.13891328715168011 0.015679236309640011 0.00068457024144929005)
(0.13992943878970418 0.015149463402311341 0.000661439856814419)
(0.14090092630825157 0.014646808703450436 0.00063949347872495886)
(0.14181299206771275 0.014180232442253003 0.00061912231923419653)
(0.14265087842847826 0.013758694847914747 0.00060071759039541676)
(0.14385802220700605 0.013103273671353284 0.0005721012837867467)
(0.1449252234995797 0.01251753377125465 0.00054652732735813777)
(0.14583632836985747 0.01203280400007059 0.00052536356838644332)
(0.14668578571135052 0.011613759550189994 0.00050706769250181201)
(0.147619643045524 0.011200527755366112 0.00048902560268160864)
(0.14882401745026477 0.010747612824569847 0.00046925090984569699)
(0.14995305867227632 0.010400139987285626 0.00045407991829308711)
(0.1508853655063728 0.010154128914489021 0.00044333884300855759)
(0.15194510296300001 0.010098482167831227 0.00044090925345608068)
(0.060861146828368448 0.056918227295615513 0.0024851034724633868)
(0.061791775064036596 0.056666254744849383 0.0024741021131451518)
(0.062923905065416258 0.056310361751327566 0.0024585634892874534)
(0.064133193765372506 0.055846471532397565 0.0024383096048217327)
(0.065065410073656849 0.055423226073336794 0.0024198303090382997)
(0.065911181161381616 0.054994027103652539 0.0024010910774471218)
(0.066820093655282867 0.054497551089187996 0.0023794144666820106)
(0.067888885187294232 0.053897617211885733 0.0023532207880697913)
(0.069101010370148333 0.053226313502357361 0.0023239110352355125)
(0.069934930082696842 0.052794560973092187 0.0023050603127480369)
(0.070844826750654177 0.052316678374797441 0.0022841955079500971)
(0.071815585119028053 0.051801843065954305 0.0022617173129644099)
(0.072832089932826277 0.051259232405044035 0.0022380264199136921)
(0.073879225937056633 0.050698023750547813 0.002213523520920661)
(0.074941877876726889 0.05012739446094687 0.0021886093081080341)
(0.076004930496844814 0.049556521894722406 0.0021636844735985284)
(0.07705326854241823 0.048994583410355647 0.0021391497095148591)
(0.07807177675845485 0.048450756366327806 0.0021154057079797459)
(0.079065003233268913 0.047922279351271968 0.0020923319031628342)
(0.080057875390614597 0.047394017463129746 0.0020692674909655062)
(0.081050747547946125 0.046865755574983507 0.0020462030787500047)
(0.082043619705266732 0.046337493686836553 0.0020231386665228892)
(0.083036491862579775 0.045809231798692153 0.0020000742542907227)
(0.084029364019888475 0.045280969910553581 0.0019770098420600658)
(0.085022236177196134 0.044752708022424134 0.0019539454298374806)
(0.086015108334506041 0.044224446134307108 0.0019308810176295289)
(0.087007980491821429 0.043696184246205715 0.0019078166054427707)
(0.088000852649167696 0.043167922358109206 0.0018847521932810322)
(0.088993724806525648 0.042639660470027319 0.0018616877811379793)
(0.089986596963878604 0.042111398581965553 0.0018386233690100527)
(0.090979469121229908 0.041583136693917284 0.0018155589568939721)
(0.091972341278582823 0.041054874805875982 0.0017924945447864555)
(0.09296521343594058 0.040526612917835103 0.0017694301326842234)
(0.093958085593306498 0.039998351029788055 0.0017463657205839945)
(0.094950957750683865 0.039470089141728289 0.0017233013084824876)
(0.095943829908075956 0.038941827253649253 0.0017002368963764231)
(0.096936702065454072 0.038413565365564506 0.0016771724842638241)
(0.097929574222779189 0.037885303477506051 0.0016541080721509526)
(0.098922446380126317 0.037357041589431525 0.0016310436600380808)
(0.099915318537488862 0.03682877970134419 0.0016079792479252097)
(0.10090819069486029 0.036300517813247335 0.0015849148358123382)
(0.10190106285223406 0.035772255925144228 0.0015618504236994664)
(0.10289393500960357 0.035243994037038172 0.0015387860115865946)
(0.1038868071669623 0.034715732148932428 0.0015157215994737233)
(0.10487967932430366 0.034187470260830286 0.0014926571873608515)
(0.1058725514816211 0.033659208372735033 0.0014695927752479804)
(0.10686542363898371 0.033130946484602436 0.0014465283631378148)
(0.1078582957963293 0.032602684596469846 0.0014234639510345305)
(0.10885116795366113 0.032074422708337248 0.0014003995389348461)
(0.10984404011098245 0.031546160820204651 0.0013773351268354809)
(0.11083691226829658 0.031017898932072064 0.0013542707147331545)
(0.11182978442560679 0.030489637043939477 0.0013312063026245861)
(0.11282265658291638 0.029961375155806873 0.0013081418905064948)
(0.11381552874022861 0.029433113267674289 0.0012850774783755995)
(0.11480840089754675 0.028904851379541699 0.00126201306622862)
(0.11580127305487012 0.028376589491409879 0.0012389486540603453)
(0.11679414521219329 0.027848327603278402 0.0012158842418667193)
(0.11778701736951648 0.027320065715146918 0.0011928198296538152)
(0.1187798895268397 0.026791803827015435 0.0011697554174281944)
(0.11977276168416288 0.026263541938883958 0.0011466910051964184)
(0.12076563384148609 0.025735280050752474 0.0011236265929650488)
(0.1217585059988093 0.02520701816262098 0.0011005621807406471)
(0.12275137815613252 0.024678756274489497 0.0010774977685297747)
(0.12374425031345569 0.02415049438635802 0.0010544333563389931)
(0.12473712247077882 0.023622232498226075 0.0010313689441738469)
(0.12572999462809606 0.023093970610093485 0.0010083045320290376)
(0.12672286678540781 0.022565708721960894 0.00098524011989990627)
(0.12771573894271729 0.0220374468338283 0.00096217570778317258)
(0.12870861110002782 0.021509184945695706 0.00093911129567555507)
(0.12970148325734265 0.020980923057563109 0.0009160468835737734)
(0.13069435541466515 0.020452661169430522 0.00089298247147454686)
(0.13168722757199849 0.019924399281297918 0.00086991805937459456)
(0.132680099729346 0.019396137393165331 0.00084685364727063591)
(0.13367332620415917 0.0188676603781135 0.00082377984251537958)
(0.13469183442017929 0.018323833334090101 0.00080003584102157426)
(0.13574017246574288 0.017761894849717262 0.00077550107696887588)
(0.13680322508585763 0.01719102228347948 0.00075057624248000144)
(0.13786587702553141 0.016620392993861265 0.00072566202967766838)
(0.13891301302977194 0.016059184339347089 0.00070115913068459295)
(0.13992951784358701 0.015516573678421455 0.0006774682376234929)
(0.14090027621198437 0.015001738369568869 0.00065499004261708449)
(0.1418101728799718 0.014523855771273811 0.00063412523778808569)
(0.1426440925925572 0.014092103242020784 0.00061527451525921232)
(0.14385621777532034 0.013420799532678709 0.00058596476229264959)
(0.14492500930748584 0.012820865655490355 0.00055977108343847263)
(0.14583392180148538 0.01232438964119441 0.00053809447241431245)
(0.14667969288927943 0.01189519067167092 0.00051935524062529594)
(0.14761190919761402 0.011471945212714742 0.00050087594478666103)
(0.14882119789757456 0.011008054993825192 0.00048062206052632722)
(0.14995332789895904 0.010652162000272159 0.0004650834370154203)
(0.15088395613463101 0.010400189449470548 0.00045408207798296467)
(0.15194510296300001 0.010343194239703025 0.00045159361325664438)
(0.060862460571386584 0.05817349669117889 0.002539909717879112)
(0.061791524104928774 0.057915967160750384 0.002528665735585463)
(0.062926533305752666 0.057552225335596084 0.0025127844243338572)
(0.064140402856057002 0.0570781045240705 0.0024920838625466686)
(0.065071089485424102 0.056645524848242736 0.0024731970260587787)
(0.065913424439218563 0.056206860363610979 0.0024540445211625379)
(0.066820293314004769 0.05569943511238698 0.0024318898563998621)
(0.067890567184631448 0.055086270348050456 0.0024051185047875966)
(0.069107335773368889 0.054400161767714644 0.00237516235733647)
(0.06993755798283946 0.053958887407531776 0.0023558959027338692)
(0.070845432736566627 0.05347046562998263 0.0023345709474331521)
(0.071815511429102599 0.05294427619017561 0.0023115970203845793)
(0.072832345454999628 0.052389698843219243 0.0022873836505384114)
(0.073880486208809937 0.051816113344221953 0.0022623403668449093)
(0.074944485085085763 0.051232899448292214 0.002236876698254332)
(0.07600889347837933 0.050649436910538491 0.0022114021737169413)
(0.077058262783242834 0.050075105486069228 0.002186326322182997)
(0.078077144394228609 0.049519284929992906 0.0021620586726027601)
(0.079070186702775797 0.048979152931028079 0.0021384760001980463)
(0.080062866879769448 0.048439240803366222 0.0021149029275568929)
(0.081055547056748639 0.047899328675700265 0.0020913298548971646)
(0.0820482272337167 0.047359416548033557 0.0020677567822255669)
(0.083040907410676976 0.046819504420369459 0.0020441837095488062)
(0.084033587587632852 0.046279592292711336 0.0020206106368735885)
(0.085026267764587618 0.045739680165062538 0.0019970375642066203)
(0.086018947941544716 0.045199768037426376 0.0019734644915546085)
(0.087011628118507434 0.044659855909806263 0.0019498914189242575)
(0.088004308295501696 0.044119943782191126 0.0019263183463194781)
(0.088996988472507879 0.043580031654590935 0.0019027452737337964)
(0.089989668649508983 0.04304011952701127 0.0018791722011635744)
(0.090982348826508394 0.042500207399445433 0.0018555991286054604)
(0.091975029003509401 0.04196029527188673 0.0018320260560560984)
(0.092967709180515418 0.041420383144328429 0.0018084529835121382)
(0.093960389357529789 0.040880471016763842 0.0017848799109702247)
(0.094953069534555817 0.040340558889186258 0.0017613068384270056)
(0.095945749711596917 0.039800646761588968 0.0017377337658791275)
(0.096938429888623723 0.039260734633985842 0.0017141606933245715)
(0.097931110065596363 0.038720822506409597 0.0016905876207697365)
(0.098923790242591458 0.038180910378816914 0.0016670145482149022)
(0.099916470419602388 0.037640998251211144 0.0016434414756600674)
(0.10090915059662235 0.037101086123595646 0.0016198684031052328)
(0.10190183077364473 0.036561173995973764 0.0015962953305503976)
(0.10289451095066275 0.036021261868348857 0.001572722257995563)
(0.10388719112766973 0.035481349740724276 0.0015491491854407282)
(0.10487987130465898 0.034941437613103379 0.0015255761128858934)
(0.10587255148162378 0.034401525485489512 0.0015020030403310588)
(0.10686523165863474 0.033861613357837474 0.0014784299677789896)
(0.10785791183562832 0.033321701230185463 0.0014548568952339538)
(0.1088505920126078 0.032781789102533425 0.001431283822692597)
(0.10984327218957657 0.032241876974881407 0.0014077107501515669)
(0.11083595236653797 0.031701964847229383 0.0013841376776075097)
(0.11182863254349537 0.031162052719577362 0.0013605646050570731)
(0.11282131272045214 0.030622140591925334 0.0013369915324969027)
(0.11381399289741161 0.030082228464273313 0.0013134184599236476)
(0.11480667307437713 0.029542316336621296 0.0012898453873339526)
(0.11579935325134796 0.029002404208970066 0.0012662723147224928)
(0.11679203342831863 0.028462492081319173 0.0012426992420851227)
(0.11778471360528933 0.027922579953668283 0.0012191261694280491)
(0.11877739378225999 0.027382667826017396 0.0011955530967579786)
(0.11977007395923067 0.026842755698366506 0.0011719800240816173)
(0.12076275413620136 0.02630284357071562 0.0011484069514056711)
(0.12175543431317204 0.025762931443064723 0.0011248338787368463)
(0.12274811449014274 0.025223019315413833 0.0011012608060818494)
(0.12374079466711341 0.024683107187762943 0.0010776877334473865)
(0.12473347484408404 0.024143195060111582 0.0010541146608391242)
(0.12572615502104861 0.023603282932459564 0.0010305415882516475)
(0.12671883519800756 0.023063370804807536 0.0010069685156801945)
(0.12771151537496422 0.022523458677155515 0.00098339544312141237)
(0.128704195551922 0.021983546549503484 0.00095982237057194752)
(0.12969687572888408 0.021443634421851456 0.0009362492980284473)
(0.13068955590585404 0.020903722294199439 0.00091267622548755849)
(0.13168223608283511 0.020363810166547404 0.00088910315294592787)
(0.13267491625983066 0.019823898038895386 0.00086553008040020254)
(0.13366795856837688 0.019283766039934664 0.00084194740805850431)
(0.13468684017934579 0.018727945483862883 0.00081767975852048652)
(0.13573620948419926 0.018153614059387417 0.00079260390701819548)
(0.13680061787748959 0.017570151521620076 0.00076712938250189156)
(0.13786461675376904 0.016986937625672677 0.00074166571392183557)
(0.13891275750758972 0.016413352126657035 0.00071662243022828744)
(0.13992959153350396 0.015858774779684968 0.00069240906037150798)
(0.14089967022606395 0.015332585339868291 0.00066943513330175713)
(0.1418075449798219 0.01484416356231882 0.00064811017796929623)
(0.14263776718933016 0.01440288920214837 0.00062884372332438457)
(0.14385453577797463 0.013716780622002982 0.00059888757573805683)
(0.14492480964875881 0.013103615857782868 0.00057211622387849789)
(0.14583167852364551 0.012596190606731179 0.00054996155885105979)
(0.1466740134775108 0.01215752612226373 0.00053080905375261719)
(0.14760470010692922 0.01172494644654287 0.00051192221720830792)
(0.14881856965723794 0.01125082563505863 0.00049122165563103592)
(0.14995357885806676 0.010887083809872414 0.00047534034473387002)
(0.15088264239161286 0.01062955427940767 0.00046409636273230263)
(0.15194510296300001 0.010571302102480168 0.00046155301763178049)
(0.060863685174283422 0.059343593519019591 0.0025909972486780428)
(0.061791290173904091 0.059080884061239819 0.002579527105868654)
(0.062928983214665696 0.058709825963556367 0.0025633263592560267)
(0.064147122795355574 0.058226168725837878 0.002542209428107197)
(0.065076383537614302 0.05778488817873257 0.0025229427033760447)
(0.065915515506116448 0.057337400433489893 0.0025034049666044834)
(0.066820479425478502 0.056819768873369335 0.0024808046847750137)
(0.067892135055046876 0.056194270964448047 0.0024534948564443066)
(0.0691132319851855 0.055494362053737263 0.0024229361735586515)
(0.0699400075746415 0.055044211938125802 0.0024032821951059042)
(0.070845997605109109 0.054545966085953926 0.0023815283114448434)
(0.071815442739187649 0.054009192915936755 0.0023580922887566484)
(0.072832583639476631 0.053443460846789442 0.0023333918932224983)
(0.073881660968575416 0.052858338297227095 0.0023078448910235734)
(0.074946915389083449 0.05226339368596486 0.0022818690483410518)
(0.076012587563600131 0.05166819543171787 0.0022558821313561142)
(0.077062918154724894 0.051082311953201245 0.0022303019062499397)
(0.078082147825057152 0.050515311669130127 0.0022055461392037077)
(0.079075018463391197 0.049964315500490943 0.0021814891269063921)
(0.080067519686288058 0.049413543625627637 0.0021574419074614757)
(0.081060020909170166 0.048862771750760162 0.0021333946879976097)
(0.082052522132040923 0.048311999875891916 0.0021093474685216357)
(0.083045023354903755 0.047761228001026335 0.0020853002490403955)
(0.084037524577762063 0.047210456126166846 0.0020612530295607292)
(0.085030025800619288 0.04665968425131687 0.0020372058100894784)
(0.086022527023478845 0.046108912376479814 0.0020131585906334841)
(0.087015028246344148 0.045558140501659093 0.0019891113711995867)
(0.088007529469241633 0.045007368626843444 0.0019650641517917756)
(0.089000030692151288 0.044456596752043061 0.0019410169324034462)
(0.08999253191505574 0.043905824877263605 0.0019169697130308877)
(0.090985033137958485 0.04335505300249827 0.0018929224936706794)
(0.091977534360862881 0.0428042811277402 0.0018688752743194008)
(0.092970035583772342 0.042253509252982553 0.0018448280549736315)
(0.093962536806690311 0.041702737378218481 0.0018207808356299508)
(0.094955038029620215 0.041151965503441156 0.001796733616284938)
(0.095947539252565467 0.040601193628643735 0.001772686396935173)
(0.096940040475496161 0.040050421753840347 0.0017486391775785952)
(0.097932541698371581 0.039499649879064375 0.0017245919582217328)
(0.098925042921269954 0.038948878004271652 0.0017005447388648708)
(0.099917544144184425 0.038398106129465585 0.001676497519508009)
(0.10091004536710811 0.037847334254649576 0.0016524503001511467)
(0.10190254659003427 0.037296562379827057 0.0016284030807942843)
(0.102895047812956 0.036745790505001444 0.0016043558614374223)
(0.1038875490358665 0.036195018630176184 0.00158030864208056)
(0.10488005025875884 0.035644246755354672 0.0015562614227236982)
(0.10587255148162626 0.035093474880540335 0.0015322142033668362)
(0.10686505270454079 0.034542703005687063 0.0015081669840127955)
(0.10785755392743755 0.033991931130833805 0.0014841197646659294)
(0.10885005515031998 0.033441159255980533 0.001460072545322816)
(0.10984255637319146 0.032890387381127276 0.0014360253259800362)
(0.11083505759605541 0.032339615506274011 0.0014119781066341687)
(0.11182755881891532 0.031788843631420746 0.0013879308872817931)
(0.11282006004177454 0.031238071756567475 0.0013638836679194886)
(0.11381256126463654 0.03068729988171422 0.0013398364485438347)
(0.11480506248750469 0.030136528006860959 0.0013157892291514115)
(0.11579756371037829 0.02958575613200851 0.0012917420097367854)
(0.1167900649332517 0.029034984257156404 0.0012676947902957277)
(0.11778256615612513 0.028484212382304294 0.0012436475708345707)
(0.11877506737899855 0.027933440507452188 0.0012196003513601551)
(0.11976756860187202 0.027382668632600082 0.0011955531318793217)
(0.12076006982474542 0.026831896757747976 0.0011715059123989123)
(0.12175257104761886 0.026281124882895867 0.0011474586929257676)
(0.12274507227049231 0.025730353008043758 0.0011234114734667284)
(0.12373757349336573 0.025179581133191648 0.0010993642540286367)
(0.12473007471623908 0.024628809258339063 0.0010753170346172725)
(0.1257225759391063 0.024078037383485802 0.0010512698152271116)
(0.12671507716196778 0.023527265508632534 0.0010272225958532972)
(0.12770757838482688 0.02297649363377928 0.0010031753764924082)
(0.12870007960768709 0.022425721758926011 0.00097912815714102383)
(0.12969258083055182 0.02187494988407274 0.00095508093779572451)
(0.13068508205342452 0.021324178009219482 0.00093103371845308885)
(0.13167758327630852 0.02077340613436621 0.00090698649910969653)
(0.13267008449920736 0.020222634259512953 0.0008829392797621271)
(0.13366295513754042 0.019671638090877949 0.0008588822675290943)
(0.13468218480785546 0.019104637806811466 0.00083412650052593063)
(0.13573251539896999 0.018518754328288502 0.00080854627545204566)
(0.13679818757348336 0.017923556074027621 0.00078255935848861905)
(0.13786344199399511 0.017328611462747376 0.00075658351581683056)
(0.13891251932310444 0.016743488913166311 0.00073103651361785898)
(0.13992966022341097 0.016177756844002984 0.00070633611807288416)
(0.14089910535751404 0.015640983673975945 0.00068290009536308501)
(0.14180509538801306 0.01514273782180375 0.00066114621166964171)
(0.14263187097750749 0.014692587706204949 0.00064149223317373251)
(0.14385296790755128 0.013992678795688428 0.00061093355015015647)
(0.14492462353728033 0.013367180886885887 0.00058362372156718233)
(0.14582958745674487 0.012849549326941099 0.00056102343946762474)
(0.14666871942531928 0.012402061581866047 0.0005414857024897945)
(0.14759798016763037 0.011960781034869795 0.00052221897770108824)
(0.14881611974832476 0.01147712379719347 0.00050110204676639784)
(0.14995381278909134 0.011106065699477466 0.00048490130051533932)
(0.150881417788716 0.010843356241660723 0.00047343115800390636)
(0.15194510296300001 0.010783932385337711 0.00047083665627358737)
(0.060864826685396514 0.06043429691014976 0.0026386183871693674)
(0.061791072115572637 0.06016675899356777 0.0026269374292927214)
(0.062931266892303162 0.05978888104724607 0.0026104389216544907)
(0.064153386773179263 0.059296334449142694 0.0025889338726474646)
(0.065081318377654254 0.058846943402476676 0.0025693130358588161)
(0.065917464689895372 0.058391231072703761 0.0025494162059739455)
(0.066820652908912273 0.057864085722391184 0.0025264005430970832)
(0.067893596542283052 0.057227091497693429 0.0024985887747825449)
(0.069118728127103152 0.056514318636939773 0.0024674684397104378)
(0.069942290956684597 0.056055895003859935 0.0024474532316846823)
(0.0708465241461783 0.055548491660401218 0.0024252995233201894)
(0.071815378710022387 0.055001852887678032 0.0024014327591162748)
(0.072832805662655042 0.054425722966804861 0.0023762783835722572)
(0.073882756018514448 0.053829846178896135 0.0023502618411874545)
(0.07494918079203873 0.053223966805066303 0.0023238085764611836)
(0.076016030997666115 0.05261782912642983 0.0022973440338927629)
(0.077067257649834714 0.052021177424101138 0.002271293657981511)
(0.078086811762982725 0.051443755979194684 0.0022460828932267442)
(0.079079522379274875 0.050882632796770237 0.0022215837259580624)
(0.08007185679047242 0.050321738030520861 0.0021970945315291503)
(0.081064191201654937 0.049760843264267218 0.0021726053370809402)
(0.082056525612825892 0.049199948498012812 0.0021481161426203997)
(0.083048860023988758 0.048639053731761119 0.0021236269481544963)
(0.084041194435147029 0.048078158965515622 0.0020991377536901949)
(0.085033528846304218 0.047517264199279804 0.0020746485592344648)
(0.086025863257463767 0.046956369433057157 0.0020501593647942714)
(0.087018197668629171 0.046395474666851143 0.0020256701703765807)
(0.088010532079827342 0.045834579900650291 0.0020011809759854552)
(0.089002866491037905 0.045273685134464996 0.0019766917816141701)
(0.08999520090224318 0.04471279036830101 0.001952202587258946)
(0.090987535313446707 0.044151895602151388 0.0019277133929162993)
(0.091979869724651886 0.043591000836009183 0.0019032241985827451)
(0.092972204135862269 0.043030106069867381 0.0018787350042548025)
(0.093964538547081325 0.042469211303719064 0.0018542458099289865)
(0.09495687295831251 0.041908316537557243 0.0018297566156018142)
(0.095949207369559336 0.041347421771374952 0.0018052674212698018)
(0.096941541780791313 0.04078652700518659 0.0017807782269308522)
(0.097933876191967015 0.04022563223902615 0.0017562890325916124)
(0.098926210603166073 0.039664737472848648 0.0017317998382523731)
(0.099918545014381549 0.039103842706657545 0.0017073106439131338)
(0.10091087942560643 0.038542947940456339 0.0016828214495738943)
(0.10190321383683382 0.037982053174248492 0.0016583322552346544)
(0.10289554824805666 0.037421158408037503 0.0016338430608954151)
(0.10388788265926806 0.03686026364182686 0.0016093538665561756)
(0.10488021707046104 0.03629936887562004 0.001584864672216936)
(0.10587255148162861 0.03573847410942052 0.0015603754778776967)
(0.10686488589284411 0.035177579343181359 0.0015358862835413304)
(0.10785722030404153 0.034616684576942211 0.0015113970892122704)
(0.10884955471522438 0.034055789810703042 0.0014869078948870327)
(0.10984188912639607 0.033494895044463895 0.001462418700562134)
(0.11083422353756012 0.03293400027822474 0.001437929506234091)
(0.11182655794872001 0.032373105511985592 0.0014134403118994208)
(0.11281889235987924 0.031812210745746423 0.0013889511175546388)
(0.11381122677104125 0.031251315979507276 0.0013644619231962622)
(0.11480356118220954 0.030690421213268114 0.0013399727288208078)
(0.11579589559338339 0.030129526447029785 0.0013154835344227427)
(0.11678823000455706 0.029568631680791806 0.0012909943399977604)
(0.11778056441573073 0.029007736914553831 0.0012665051455523087)
(0.11877289882690439 0.028446842148315856 0.0012420159510933551)
(0.11976523323807811 0.027885947382077877 0.0012175267566278659)
(0.12075756764925176 0.027325052615839906 0.0011930375621628084)
(0.12174990206042544 0.026764157849601924 0.001168548367705149)
(0.12274223647159914 0.026203263083363935 0.0011440591732618547)
(0.12373457088277279 0.025642368317125967 0.0011195699788398925)
(0.12472690529394644 0.025081473550887495 0.001095080784445149)
(0.12571923970511373 0.024520578784648344 0.0010705915900719989)
(0.12671157411627526 0.023959684018409186 0.0010461023957154952)
(0.12770390852743435 0.023398789252170031 0.0010216132013721548)
(0.12869624293859455 0.022837894485930873 0.00099712400703849419)
(0.12968857734975939 0.022276999719691711 0.00097263481271102966)
(0.1306809117609323 0.021716104953452563 0.00094814561838627823)
(0.13167324617211676 0.021155210187213395 0.00092365642406075582)
(0.13266558058331626 0.02059431542097424 0.00089916722973097999)
(0.13365829119960743 0.020033192238554046 0.0008746680625277628)
(0.13467784531273794 0.019455770793652318 0.00084945729781685632)
(0.13572907196489609 0.018859119091317173 0.00082340692193848687)
(0.13679592217052011 0.018252981412666548 0.00079694237939197305)
(0.13786234694404817 0.017647102038818377 0.00077048911467663198)
(0.13891229729991836 0.017051225250890589 0.00074447257229178193)
(0.13992972425256889 0.016475095330001112 0.00071931819673674033)
(0.14089857881643791 0.015928456557267882 0.0006954514325108245)
(0.14180281200596359 0.015421053213808841 0.00067329772411335348)
(0.14262637483558421 0.014962629580741902 0.00065328251604364362)
(0.14385150642030772 0.014249856720186058 0.00062216218083108101)
(0.14492445005384208 0.013612862495609227 0.00059435041225963789)
(0.14582763827296338 0.013085717145475668 0.0005713347491077248)
(0.14666378458527807 0.012630004815873458 0.00055143791901279349)
(0.14759171618980643 0.012180613769318491 0.00053181708216553313)
(0.1488138360706871 0.011688067171258063 0.00051031203337658217)
(0.14995403084742273 0.011310189224903209 0.00049381352610656528)
(0.15088027627760292 0.011042651308283566 0.0004821325685333522)
(0.15194510296300001 0.010982135273382175 0.00047949038125405058)
(0.060865890742671458 0.061450993869851978 0.0026830083350831801)
(0.061790868852940072 0.061178955115164781 0.002671130866368041)
(0.062933395617793333 0.060794720060730542 0.0026543548013921222)
(0.064159225727436445 0.060293887263326323 0.0026324879691086854)
(0.065085918378815028 0.059836936030901178 0.0026125370474819609)
(0.065919281617611986 0.059373557171295589 0.0025923054896779133)
(0.066820814621144128 0.058837543560700596 0.0025689026301979829)
(0.067894958864653868 0.058189833068507245 0.0025406229795428693)
(0.069123851344673762 0.057465069102743044 0.002508979101521305)
(0.069944419406637107 0.056998933327091238 0.0024886271740797877)
(0.070847014960370838 0.056482993846653812 0.0024661007699267783)
(0.071815319025365504 0.055927158872324953 0.0024418324908903159)
(0.072833012621111679 0.055341336614998925 0.0024162549387984379)
(0.073883776767099979 0.054735435285569928 0.0023898007154791825)
(0.074951292482820953 0.054119363094932205 0.0023629024227605887)
(0.076019240787765133 0.053503028253979984 0.002335992662470694)
(0.077071302701423164 0.052896338973607487 0.0023095040364375374)
(0.078091159243285552 0.052309203464708923 0.0022838691464891567)
(0.079083720695355048 0.051738640406870054 0.0022589578253583344)
(0.080075899613364518 0.051168309607892336 0.0022340566448421435)
(0.081068078531358681 0.050597978808910281 0.0022091554643063303)
(0.082060257449341104 0.050027648009927442 0.0021842542837579798)
(0.083052436367315297 0.049457317210947364 0.0021593531032041758)
(0.084044615285284854 0.048886986411973594 0.0021344519226520003)
(0.08503679420325326 0.048316655613009657 0.0021095507421085404)
(0.086028973121224067 0.047746324814059111 0.0020846495615808786)
(0.087021152039200841 0.047175994015125476 0.0020597483810760988)
(0.088013330957210936 0.046605663216197114 0.0020348472005983311)
(0.089005509875233632 0.046035332417284539 0.002009946020140737)
(0.089997688793250985 0.045465001618393661 0.0019850448396994736)
(0.090989867711266478 0.044894670819517375 0.0019601436592709999)
(0.091982046629283748 0.044324340020648605 0.001935242478851772)
(0.092974225547306236 0.043754009221780292 0.0019103412984382499)
(0.093966404465337577 0.043183678422905332 0.0018854401180268901)
(0.094958583383381243 0.042613347624016633 0.0018605389376141507)
(0.095950762301440784 0.042043016825107124 0.0018356377571964902)
(0.096942941219485268 0.041472686026191447 0.0018107365767717752)
(0.097935120137472506 0.040902355227304163 0.0017858353963467659)
(0.098927299055483503 0.040332024428399525 0.0017609342159217566)
(0.099919477973511195 0.039761693629481058 0.0017360330354967474)
(0.10091165689154845 0.039191362830552315 0.0017111318550717383)
(0.10190383580958823 0.038621032031616813 0.0016862306746467286)
(0.10289601472762344 0.03805070123267814 0.0016613294942217193)
(0.10388819364564698 0.0374803704337398 0.0016364283137967105)
(0.10488037256365179 0.036910039634805353 0.0016115271333717006)
(0.10587255148163074 0.03633970883587833 0.001586625952946692)
(0.10686473039965848 0.035769378036910986 0.0015617247725246038)
(0.10785690931766784 0.035199047237943669 0.0015368235921099456)
(0.10884908823566233 0.034628716438976345 0.0015119224116991736)
(0.10984126715364551 0.034058385640009015 0.0014870212312887464)
(0.11083344607162089 0.033488054841041691 0.0014621200508751222)
(0.11182562498959207 0.03291772404207436 0.0014372188704547587)
(0.11281780390756257 0.03234739324310703 0.0014123176900241138)
(0.11380998282553589 0.031777062444139699 0.0013874165095796454)
(0.11480216174351562 0.031206731645172379 0.0013625153291178121)
(0.11579434066150097 0.030636400846205888 0.0013376141486329876)
(0.11678651957948616 0.030066070047239761 0.0013127129681207931)
(0.11777869849747136 0.029495739248273638 0.0012878117875877845)
(0.11877087741545653 0.028925408449307508 0.0012629106070410473)
(0.11976305633344171 0.028355077650341374 0.0012380094264876648)
(0.12075523525142687 0.027784746851375247 0.0012131082459347208)
(0.12174741416941209 0.027214416052409113 0.0011882070653892992)
(0.12273959308739731 0.02664408525344298 0.0011633058848584846)
(0.12373177200538246 0.026073754454476853 0.0011384047043493609)
(0.1247239509233676 0.025503423655510223 0.0011135035238679137)
(0.12571612984134634 0.0249330928565429 0.0010886023434084234)
(0.12670830875931915 0.024362762057575569 0.0010637011629658596)
(0.1277004876772895 0.023792431258608242 0.0010387999825366805)
(0.12869266659526105 0.023222100459640915 0.0010138988021173435)
(0.1296848455132372 0.022651769660673584 0.00098899762170430775)
(0.13067702443122162 0.02208143886170626 0.00096409644129402986)
(0.13166920334921775 0.021511108062738919 0.00093919526088296886)
(0.13266138226722918 0.020940777263771599 0.00091429408046758232)
(0.1336539437192977 0.020370214205937064 0.00088938275940332568)
(0.13467380026114228 0.019783078697043297 0.00086374786949954289)
(0.13572586217478969 0.019176389416664233 0.00083725924349982233)
(0.13679381047973049 0.018560054575697621 0.00081034948323220287)
(0.13786132619545527 0.017943982385041253 0.00078345119052472252)
(0.13891209034145452 0.017338081055592879 0.00075699696720541939)
(0.13992978393721889 0.016752258798250264 0.00073141941510233204)
(0.14089808800223894 0.016196423823911191 0.00070715113604349769)
(0.14180068355600517 0.015680484343473432 0.00068462473185695644)
(0.14262125161800832 0.01521434856783474 0.00066427280437074486)
(0.14385014409793004 0.014489584602271705 0.00063262892620636181)
(0.14492428834160612 0.013841874110201303 0.0006043492752900218)
(0.14582582134524444 0.013305860499788338 0.00058094641553041307)
(0.14665918458411614 0.012842481640356316 0.00056071485751277078)
(0.147585877235549 0.012385530408044094 0.00054076393582644822)
(0.14881170734519675 0.011884697610683555 0.00051889710376475584)
(0.14995423411005521 0.01150046255621559 0.00050212103916324568)
(0.15087921222032796 0.011228423801490115 0.00049024357075664357)
(0.15194510296300001 0.011166889694536214 0.00048755693348931898)
(0.060866882601507868 0.06239870588420323 0.0027243863352364103)
(0.061790679382088307 0.062122471682380852 0.0027123256893406829)
(0.062935379904952904 0.061732310862479024 0.0026952908998538984)
(0.064164668496835914 0.061223754101158351 0.0026730868320211931)
(0.065090206260591865 0.060759755656871035 0.0026528282224803712)
(0.065920975263107626 0.060289230456990216 0.00263228464872357)
(0.066820965360873938 0.059744950315512226 0.0026085208647133339)
(0.067896228750696022 0.059087250676250327 0.0025798050784809129)
(0.069128626941568683 0.058351309226206911 0.0025476731809580665)
(0.069946403436954782 0.057877984592457223 0.0025270073811942818)
(0.070847472471827572 0.057354088169202497 0.0025041335694159198)
(0.071815263390433315 0.056789680974149541 0.0024794910191405046)
(0.0728332055370184 0.056194824025005211 0.0024535190038855658)
(0.073884728255829146 0.055579578339476333 0.0024266567971686277)
(0.074953260891111886 0.054954004935269765 0.0023993436725072183)
(0.076022232787112967 0.054328164830092361 0.0023720189034188649)
(0.077075073288078721 0.053712119041650914 0.0023451217634210936)
(0.078095211738255524 0.053115928587652302 0.0023190915260314321)
(0.079087634147196592 0.052536566169041433 0.0022937960165117437)
(0.080079668122545314 0.051957439591243749 0.0022685108039976862)
(0.08107170209787852 0.051378313013441673 0.0022432255914637041)
(0.082063736073199792 0.050799186435638806 0.0022179403789169909)
(0.083055770048512709 0.050220059857838735 0.0021926551663647396)
(0.084047804023820907 0.049640933280045069 0.0021673699538141437)
(0.08503983799912794 0.049061806702261387 0.0021420847412723966)
(0.086031871974437416 0.048482680124491299 0.0021167995287466913)
(0.087023905949752997 0.047903553546738406 0.002091514316244221)
(0.088015939925102329 0.047324426968990835 0.0020662291037691792)
(0.089007973900464499 0.046745300391259306 0.0020409438913146223)
(0.0900000078758212 0.046166173813549823 0.0020156586788766485)
(0.090992041851176098 0.045587047235855119 0.0019903734664516604)
(0.091984075826532716 0.045007920658168096 0.001965088254036062)
(0.092976109801894691 0.044428794080481504 0.0019398030416262558)
(0.093968143777265631 0.04384966750278816 0.0019145178292186457)
(0.094960177752649075 0.043270540925080883 0.0018892326168096359)
(0.095952211728048672 0.04269141434735247 0.0018639474043956284)
(0.096944245703432963 0.042112287769617805 0.0018386621919744576)
(0.097936279678759133 0.041533161191911951 0.0018133769795529878)
(0.098928313654109451 0.040954034614188478 0.0017880917671315184)
(0.099920347629476672 0.040374908036450975 0.0017628065547100492)
(0.10091238160485362 0.039795781458703029 0.0017375213422885793)
(0.10190441558023311 0.039216654880948235 0.0017122361298671095)
(0.10289644955560799 0.038637528303190199 0.0016869509174456401)
(0.10388848353097103 0.038058401725432511 0.0016616657050241702)
(0.104880517506315 0.037479275147678771 0.001636380492602701)
(0.1058725514816328 0.036900148569932574 0.0016110952801812314)
(0.10686458545700005 0.036321021992145437 0.0015858100677627286)
(0.10785661943234867 0.035741895414358328 0.0015605248553517694)
(0.1088486534076822 0.035162768836571191 0.0015352396429447568)
(0.10984068738300423 0.034583642258784068 0.0015099544305380941)
(0.11083272135831838 0.034004515680996945 0.0014846692181281849)
(0.11182475533362819 0.033425389103209829 0.0014593840057114333)
(0.11281678930893735 0.032846262525422699 0.0014340987932842406)
(0.11380882328424941 0.032267135947635577 0.001408813580843012)
(0.11480085725956794 0.031688009369848454 0.0013835283683841506)
(0.11579289123489218 0.031108882792062174 0.0013582431559019433)
(0.11678492521021626 0.030529756214276275 0.0013329579433919434)
(0.11777695918554032 0.029950629636490367 0.0013076727308608095)
(0.11876899316086439 0.029371503058704458 0.0012823875183157346)
(0.11976102713618848 0.028792376480918553 0.0012571023057639115)
(0.12075306111151254 0.028213249903132641 0.0012318170932125341)
(0.12174509508683665 0.027634123325346732 0.0012065318806687955)
(0.12273712906216075 0.02705499674756082 0.0011812466681398886)
(0.12372916303748481 0.026475870169774911 0.0011559614556330075)
(0.12472119701280886 0.025896743591988507 0.0011306762431542298)
(0.1257132309881264 0.02531761701420138 0.0011053910306977474)
(0.12670526496343787 0.02473849043641425 0.0010801058182584524)
(0.1276972989387469 0.024159363858627131 0.0010548206058327487)
(0.1286893329140571 0.023580237280840004 0.001029535393417039)
(0.12968136688937199 0.023001110703052875 0.0010042501810077274)
(0.13067340086469531 0.022421984125265755 0.00097896496860121673)
(0.13166543484003049 0.021842857547478622 0.00095367975619391025)
(0.13265746881538124 0.021263730969691506 0.00092839454378221178)
(0.13364989122432133 0.02068436855108503 0.00090309903433011599)
(0.13467002967448 0.020088178097091288 0.0008770687969857395)
(0.13572287017543502 0.019472132308643191 0.0008501716570219202)
(0.13679184207143263 0.018846292203451166 0.00082284688795618516)
(0.13786037470671925 0.018220718799225662 0.00079553376330606122)
(0.13891189742554114 0.017605473113677109 0.00076867155658907481)
(0.13992983957214467 0.017010616164515942 0.00074269954132275288)
(0.14089763049077619 0.016446208969452609 0.00071805699102462208)
(0.14179869952568203 0.015922312546197543 0.00069518317921221022)
(0.14261647602110852 0.015448987912461172 0.00067451737940304242)
(0.14384887421188144 0.014713046462622002 0.00064238548173517398)
(0.1449241376018725 0.014055346823484973 0.00061366969523749828)
(0.14582412769974659 0.013511066682191805 0.00058990591094327052)
(0.14665489670233828 0.013040541482487239 0.00056936233696958073)
(0.1475804344661493 0.012576543038314585 0.00054910372736824181)
(0.14880972305803705 0.012067986277038261 0.00052689965976070023)
(0.14995442358090688 0.011677825457102204 0.00050986487065409814)
(0.15087822036149154 0.011401591255240942 0.00049780422507166629)
(0.15194510296300001 0.011339108154482707 0.00049507615383792233)
(0.060867807160715826 0.063282113721292443 0.0027629567543773614)
(0.061790502767217093 0.063001968741909789 0.0027507253602432904)
(0.062937229554214769 0.062606284231714354 0.0027334494012270644)
(0.064169741963321661 0.062090527593053446 0.0027109309799592885)
(0.06509420320091637 0.061619960104484332 0.0026903855597517502)
(0.065922553991330388 0.061142773457971998 0.0026695511409557545)
(0.066821105872608158 0.060590787686453443 0.0026454509218746935)
(0.067897412472401442 0.059923776683958263 0.0026163285927461272)
(0.069133078504553899 0.059177416164554443 0.0025837417888323541)
(0.069948252846801992 0.05869739045127087 0.0025627834136182884)
(0.070847898940206475 0.058166076979864763 0.00253958576652471)
(0.071815211530443832 0.057593679206604222 0.0025145943400710045)
(0.072833385363190603 0.056990400587757381 0.0024882546267765613)
(0.073885615184123316 0.056366444579592334 0.0024610121191607666)
(0.074955095738918495 0.055732014638377195 0.002433312309743009)
(0.076025021773252668 0.055097314220380077 0.0024056006910426766)
(0.077078588032802361 0.054472546781869094 0.0023783227555791565)
(0.078098989263244115 0.053867915779112346 0.0023519239958718352)
(0.079091282063414328 0.053280351054157724 0.002326270365922626)
(0.080083180930755032 0.052693025508925649 0.0023006271787585999)
(0.081075079798080027 0.052105699963689113 0.0022749839915743673)
(0.082066978665392892 0.051518374418451765 0.0022493408043772231)
(0.083058877532697292 0.050931048873217262 0.0022236976171744632)
(0.084050776399996918 0.050343723327989254 0.0021980544299733812)
(0.085042675267295351 0.049756397782771376 0.0021724112427812733)
(0.086034574134596281 0.049169072237567286 0.002146768055605435)
(0.087026473001903346 0.04858174669238062 0.0021211248684531599)
(0.088018371869244716 0.047994421147199352 0.0020954816813287015)
(0.089010270736599062 0.04740709560203437 0.0020698384942250186)
(0.090002169603947885 0.046819770056891724 0.002044195307138153)
(0.090994068471294862 0.046232444511764108 0.0020185521200644582)
(0.091985967338643573 0.045645118966644242 0.0019929089330002845)
(0.092977866205997753 0.045057793421524828 0.0019672657459419863)
(0.093969765073360967 0.044470467876398571 0.0019416225588859155)
(0.094961663940736921 0.043883142331258181 0.0019159793718284239)
(0.095953562808129236 0.043295816786096349 0.0018903361847658641)
(0.096945461675506023 0.042708491240928161 0.0018646929976960406)
(0.097937360542823856 0.04212116569578922 0.0018390498106259127)
(0.09892925941016617 0.041533840150632405 0.0018134066235557856)
(0.099921158277525665 0.040946514605461351 0.0017877634364856585)
(0.10091305714489501 0.040359189060279708 0.0017621202494155312)
(0.10190495601226697 0.039771863515091127 0.0017364770623454035)
(0.10289685487963418 0.039184537969899243 0.0017108338752752764)
(0.10388875374698943 0.03859721242470774 0.0016851906882051494)
(0.10488065261432533 0.03800988687952022 0.0016595475011350219)
(0.10587255148163467 0.037422561334340354 0.0016339043140648948)
(0.10686445034899418 0.036835235789118972 0.0016082611269977759)
(0.1078563492163348 0.036247910243897605 0.0015826179399383083)
(0.10884824808366012 0.03566058469867623 0.0015569747528828427)
(0.10984014695097377 0.035073259153454855 0.0015313315658277318)
(0.11083204581827939 0.034485933608233488 0.0015056883787693287)
(0.11182394468558067 0.03389860806301212 0.0014800451917039857)
(0.11281584355288125 0.033311282517790738 0.0014544020046280549)
(0.11380774242018479 0.032723956972569371 0.0014287588175378888)
(0.1147996412874949 0.032136631427347996 0.0014031156304298402)
(0.11579154015481079 0.031549305882127489 0.0013774724432981153)
(0.1167834390221265 0.030961980336907353 0.001351829256138205)
(0.11777533788944222 0.03037465479168722 0.0013261860689568604)
(0.11876723675675793 0.029787329246467081 0.0013005428817613779)
(0.11975913562407367 0.029200003701246938 0.0012748996945590517)
(0.12075103449138939 0.028612678156026805 0.0012492565073571773)
(0.12174293335870513 0.028025352610806659 0.0012236133201630501)
(0.12273483222602087 0.027438027065586512 0.0011979701329839646)
(0.12372673109333657 0.026850701520366387 0.0011723269458272165)
(0.12471862996065222 0.02626337597514573 0.0011466837586989697)
(0.12571052882796135 0.025676050429924359 0.0011210405715933339)
(0.1267024276952643 0.025088724884702988 0.001095397384505129)
(0.12769432656256477 0.02450139933948162 0.0010697541974307077)
(0.12868622542986641 0.023914073794260242 0.0010441110103664218)
(0.12967812429717282 0.023326748249038867 0.0010184678233086245)
(0.13067002316448778 0.022739422703817496 0.00099282463625366781)
(0.13166192203181476 0.022152097158596114 0.00096718144919790425)
(0.13265382089915759 0.021564771613374743 0.00094153826213768635)
(0.13364611369932672 0.020977206888424586 0.00091588463225702587)
(0.13466651492975015 0.020372575885672782 0.00088948587259563222)
(0.13572008118928891 0.019747808447155034 0.00086220793716654449)
(0.13679000722361956 0.019113108029143105 0.00083449631848915042)
(0.13785948777841872 0.018478678087908759 0.00080679650908283787)
(0.13891171759936269 0.017854722079723745 0.00077955400146699407)
(0.13992989143212817 0.017251443460859824 0.00075321428816100698)
(0.14089720402239164 0.016679045687588767 0.00072822286168426425)
(0.14179685011582963 0.016147732216182327 0.00070502521455615352)
(0.14261202445811869 0.015667706502912257 0.0006840668392960619)
(0.14384769049017004 0.014921345983715572 0.00065148003523521456)
(0.14492399709013468 0.014254334981347025 0.00062235770583763783)
(0.14582254897152175 0.01370234921001591 0.00059825748646856469)
(0.14665089976201276 0.013225162563682332 0.00057742306745260977)
(0.14757536099966334 0.012754595075229497 0.00055687764718369748)
(0.14880787340877502 0.012238838436613572 0.000534359226144273)
(0.14995460019577805 0.011843153926383415 0.00051708326751361282)
(0.15087729580228357 0.011563008946961334 0.0005048518736972728)
(0.15194510296300001 0.01149964124354807 0.00050208517987554598)
(0.060868668986711276 0.064105580549625174 0.0027989100925570574)
(0.061790338136022159 0.063821790146850674 0.0027865195357980139)
(0.062938953701032627 0.063420956739921694 0.0027690187710927728)
(0.064174471184843415 0.062898488750162435 0.0027462073259063888)
(0.065097928940754612 0.062421797940254285 0.0027253945557160477)
(0.065924025599649674 0.061938401839739587 0.0027042890263051056)
(0.06682123685033696 0.06137923328076611 0.0026798751999533355)
(0.067898515876194623 0.060703542709868608 0.0026503739126865072)
(0.069137228019985675 0.059947470076036791 0.0026173630687006439)
(0.069949976770449965 0.059461197965021043 0.0025961319698724374)
(0.070848296471843195 0.058922970707184281 0.0025726324603448534)
(0.071815163189259526 0.058343124532611375 0.002547315829667282)
(0.07283355298779326 0.057731995671387197 0.0025206333673891161)
(0.073886441932538599 0.057099920353596581 0.0024930363630597482)
(0.074956806088589803 0.056457234809324429 0.0024649761062285691)
(0.076027621521041061 0.055814275268655594 0.0024369038864449724)
(0.077081864294986674 0.055181377961674945 0.0024092709932583499)
(0.078102510475520859 0.054568879118467341 0.0023825287162180932)
(0.079094682461137447 0.053973668630246524 0.0023565412650349321)
(0.080086455387821817 0.053378700434105822 0.0023305643925250704)
(0.081078228314490228 0.052783732237960616 0.002304587519994739)
(0.08207000124114637 0.052188764041814592 0.002278610647451329)
(0.083061774167793978 0.05159379584567144 0.0022526337749022287)
(0.084053547094436687 0.050998827649534867 0.0022266569023548285)
(0.085045320021078216 0.05040385945340857 0.0022006800298165199)
(0.086037092947722257 0.049808891257296227 0.0021747031572946921)
(0.08702886587437253 0.04921392306120153 0.002148726284796734)
(0.088020638801057552 0.048618954865112321 0.0021227494123269553)
(0.08901241172775573 0.048023986669039599 0.0020967725398782218)
(0.090004184654448288 0.047429018472989505 0.0020707956674465245)
(0.090995957581138986 0.046834050276954635 0.0020448187950281695)
(0.091987730507831489 0.046239082080927613 0.0020188419226194599)
(0.092979503434529459 0.045644113884901041 0.0019928650502167018)
(0.09397127636123663 0.045049145688867545 0.0019668881778161997)
(0.094963049287956652 0.044454177492819727 0.0019409113054142584)
(0.095954822214693286 0.043859209296750204 0.0019149344330071834)
(0.096946595141414182 0.043264241100674242 0.0018889575605927499)
(0.097938368068075363 0.042669272904627895 0.0018629806881780083)
(0.098930140994761329 0.042074304708563437 0.0018370038157632673)
(0.099921913921464739 0.041479336512484574 0.0018110269433485265)
(0.10091368684817807 0.04088436831639497 0.0017850500709337854)
(0.10190545977489408 0.040289400120298337 0.0017590731985190442)
(0.10289723270160529 0.039694431924198373 0.0017330963261043028)
(0.10388900562830435 0.03909946372809877 0.001707119453689562)
(0.10488077855498384 0.038504495532003219 0.0016811425812748206)
(0.10587255148163642 0.037909527335915419 0.0016551657088600797)
(0.10686432440833982 0.037314559139785562 0.0016291888364483864)
(0.10785609733502408 0.036719590943655719 0.0016032119640444435)
(0.10884787026169283 0.03612462274752587 0.0015772350916445548)
(0.10983964318834978 0.035529654551396027 0.0015512582192450256)
(0.11083141611499861 0.034934686355266177 0.001525281346842161)
(0.111823189041643 0.034339718159136341 0.001499304474432267)
(0.11281496196828671 0.033744749963006485 0.0014733276020116462)
(0.1138067348949334 0.033149781766876635 0.001447350729576606)
(0.11479850782158674 0.032554813570746799 0.00142137385712345)
(0.11579028074824596 0.031959845374617817 0.0013953969846463097)
(0.11678205367490498 0.031364877178489223 0.0013694201121406168)
(0.11777382660156405 0.030769908982360629 0.0013434432396132114)
(0.11876559952822308 0.030174940786232035 0.0013174663670714839)
(0.11975737245488211 0.029579972590103434 0.0012914894945228236)
(0.12074914538154113 0.028985004393974841 0.001265512621974621)
(0.1217409183082002 0.028390036197846243 0.0012395357494342663)
(0.12273269123485926 0.027795068001717636 0.0012135588769091492)
(0.12372446416151829 0.027200099805589038 0.0011875820044066601)
(0.12471623708817728 0.026605131609459928 0.0011616051319330431)
(0.12570801001482959 0.026010163413330078 0.0011356282594823315)
(0.12669978294147571 0.025415195217200238 0.0011096513870492777)
(0.12769155586811928 0.024820227021070389 0.0010836745146301865)
(0.12868332879476407 0.024225258824940536 0.0010576976422213629)
(0.12967510172141369 0.023630290628810686 0.0010317207698191122)
(0.13066687464807192 0.023035322432680846 0.0010057438974197393)
(0.13165864757474241 0.02244035423655099 0.00097976702501954881)
(0.13265042050142889 0.021845386040421143 0.00095379015261484604)
(0.13364259248704441 0.02125017555220483 0.0009278027015011261)
(0.13466323866756003 0.020637676709002239 0.00090106042450739383)
(0.13571748144149454 0.020004779402014738 0.00087342753135565172)
(0.13678829687394228 0.019361819861330901 0.00084535531159529243)
(0.13785866102999744 0.018719134317039293 0.00081729505477570773)
(0.13891154997475422 0.018087058999228463 0.00078969805044628943)
(0.13992993977330689 0.017475930137986984 0.00076301558815642994)
(0.1408968064907497 0.016896083963403405 0.00073769895745552075)
(0.14179512619217685 0.016357856705566311 0.00071419944789295525)
(0.14260787494268268 0.015871584594564246 0.00069296834901812416)
(0.14384658708637127 0.01511551196094227 0.00065995750488327285)
(0.14492386611240252 0.014439821390173038 0.00063045621734393294)
(0.14582107736320055 0.013880652831389461 0.00060604239070040312)
(0.14664717402217359 0.01339725673105582 0.00058493686106663963)
(0.14757063177814136 0.012920565921265469 0.00056412409081412667)
(0.14880614926195704 0.012398097931551775 0.00054131264585906519)
(0.14995476482697292 0.011997264524587626 0.00052381188154440638)
(0.15087643397628811 0.011713474121773178 0.00051142132510722865)
(0.15194510296300001 0.011649281837784457 0.00050861862931824168)
(0.060869472336069583 0.064873173487897798 0.0028324239240127081)
(0.061790184675386842 0.064585985011082758 0.0028198850041347605)
(0.062940560861001194 0.064180352070479091 0.0028021746872612533)
(0.064178879519118409 0.063651628108369634 0.002779090100421884)
(0.065101401881608179 0.063169229456861931 0.0027580281204858861)
(0.065925397356367654 0.062680045226359754 0.00273666987586364)
(0.066821358940961917 0.062114181246589968 0.0027119637211288632)
(0.067899544411808413 0.061430400033563766 0.0026821091888000318)
(0.069141095982401535 0.060665274271914149 0.0026487030767187434)
(0.069951583722391186 0.060173179593887939 0.0026272177591252976)
(0.070848667030154203 0.059628507664015472 0.0026034368691404803)
(0.071815118128122371 0.059041718477226293 0.0025778171000034743)
(0.072833709238727534 0.058423272028450011 0.0025508151449534651)
(0.073887212584401493 0.057783628312616166 0.0025228876972296357)
(0.074958400387576077 0.05713324732465435 0.002494491450071171)
(0.076030044870683086 0.056482589059494118 0.0024660830967172553)
(0.07708491825615435 0.055842113512065056 0.0024381193304070722)
(0.078105792766421697 0.055222280677296738 0.0024110568443798069)
(0.079097852134996538 0.054619943206313602 0.0023847582224086907)
(0.080089507666352838 0.054017850928588455 0.0023584703057787071)
(0.081081163197692999 0.05341575865085875 0.0023321823891280088)
(0.082072818729020752 0.052813666373128197 0.0023058944724640741)
(0.083064474260339832 0.052211574095400566 0.0022796065557943823)
(0.084056129791653986 0.051609481817679589 0.0022533186391264109)
(0.085047785322966946 0.051007389539969 0.0022270307224676392)
(0.086039440854282445 0.050405297262272546 0.0022007428058255455)
(0.087031096385604245 0.049803204984593945 0.0021744548892076083)
(0.088022751916961212 0.049201112706920902 0.0021481669726181873)
(0.089014407448331487 0.048599020429264526 0.002121879056050064)
(0.090006062979696086 0.047996928151631056 0.0020955911394991804)
(0.090997718511058798 0.047394835874013004 0.0020693032229617985)
(0.0919893740424233 0.046792743596402897 0.002043015306434178)
(0.092981029573793381 0.046190651318793234 0.0020167273899125799)
(0.09397268510517276 0.045588559041176577 0.0019904394733932652)
(0.09496434063656517 0.04498646676354541 0.0019641515568724942)
(0.095955996167974358 0.044384374485892275 0.0019378636403465279)
(0.096947651699367657 0.043782282208232638 0.0019115757238131145)
(0.09793930723070049 0.043180189930602957 0.0018852878072793899)
(0.0989309627620584 0.04257809765295497 0.0018589998907456661)
(0.099922618293433949 0.04197600537529237 0.0018327119742119417)
(0.10091427382481959 0.041373913097618939 0.0018064240576782175)
(0.10190592935620792 0.040771820819938381 0.0017801361411444931)
(0.10289758488759138 0.040169728542254438 0.0017538482246107687)
(0.10388924041896254 0.039567636264570875 0.0017275603080770443)
(0.10488089595031393 0.038965543986891421 0.0017012723915433203)
(0.10587255148163803 0.038363451709219794 0.0016749844750095959)
(0.10686420701301362 0.03776135943150561 0.0016486965584789561)
(0.10785586254436984 0.037159267153791448 0.0016224086419561589)
(0.10884751807571032 0.036557174876077264 0.001596120725437465)
(0.10983917360703886 0.035955082598363095 0.0015698328089191348)
(0.11083082913835922 0.035352990320648932 0.0015435448923974292)
(0.11182248466967508 0.034750898042934755 0.0015172569758686095)
(0.11281414020099022 0.034148805765220579 0.0014909690593289358)
(0.1138057957323084 0.033546713487506402 0.0014646811427746691)
(0.1147974512636333 0.032944621209792239 0.0014383932262020699)
(0.11578910679496415 0.032342528932078951 0.001412105309605199)
(0.11678076232629482 0.031740436654366044 0.0013858173929794343)
(0.11777241785762552 0.031138344376653138 0.0013595294763316965)
(0.11876407338895617 0.030536252098940234 0.0013332415596694655)
(0.11975572892028684 0.029934159821227324 0.0013069536430002186)
(0.12074738445161749 0.029332067543514417 0.0012806657263314347)
(0.1217390399829482 0.028729975265801507 0.0012543778096705926)
(0.1227306955142789 0.028127882988088597 0.0012280898930251707)
(0.12372235104560955 0.02752579071037569 0.0012018019764026477)
(0.12471400657694018 0.026923698432662253 0.0011755140598093427)
(0.12570566210826403 0.02632160615494809 0.0011492261432392171)
(0.12669731763958164 0.025719513877233913 0.0011229382266869606)
(0.12768897317089667 0.02511742159951974 0.0010966503101488344)
(0.12868062870221295 0.024515329321805564 0.0010703623936210984)
(0.12967228423353405 0.023913237044091387 0.0010440744771000141)
(0.13066393976486393 0.023311144766377221 0.0010177865605818419)
(0.13165559529620616 0.022709052488663041 0.0009914986440628425)
(0.13264725082756457 0.022106960210948868 0.00096521072753927696)
(0.13363931019613837 0.021504622739970319 0.00093891210563843363)
(0.13466018470638691 0.020884789905207056 0.00091184961965824968)
(0.13571505809184697 0.020244314357771066 0.000883885853383365)
(0.13678670257495038 0.019593656092595658 0.00085547750005296463)
(0.13785789037812898 0.018943275104614143 0.00082708125290623276)
(0.13891139372381453 0.018303631388759834 0.00079915380518235301)
(0.13992998483443891 0.017685184939966042 0.0007721518501205099)
(0.14089643593243381 0.01709839575316608 0.00074653208095988718)
(0.14179351924023118 0.016553723823293263 0.00072275119093966956)
(0.14260400698026285 0.016061629145280903 0.00070126587329904036)
(0.14384555855075229 0.01529650338384363 0.00066785976106698019)
(0.14492374402177444 0.014612722170947258 0.00063800522846237454)
(0.14581970560648078 0.014046858191369633 0.00061329907343234363)
(0.14664370108131916 0.013557673961050688 0.00059194082858460837)
(0.14756622344386622 0.013075275309662191 0.0005708788485856935)
(0.14880454210198837 0.012546551347598831 0.00054779426198041717)
(0.14995491828760818 0.012140918406959588 0.00053008394550216949)
(0.1508756306269298 0.011853729930104123 0.00051754502594994164)
(0.15194510296300001 0.011788769015000001 0.00051470877099999996)
(0.15294522981622483 0 0)
(0.15397163781783962 0 0)
(0.15502501757899886 0 0)
(0.15610607785860917 0 0)
(0.15721554604021246 0 0)
(0.15835416862140084 0 0)
(0.159522711716092 0 0)
(0.16072196157000349 0 0)
(0.16195272508967212 0 0)
(0.16321583038537565 0 0)
(0.16451212732832027 0 0)
(0.16584248812247052 0 0)
(0.16720780789140541 0 0)
(0.16860900528059566 0 0)
(0.17004702307550768 0 0)
(0.17152282883595002 0 0)
(0.17303741554708871 0 0)
(0.17459180228757024 0 0)
(0.17618703491520138 0 0)
(0.1778241867706466 0 0)
(0.17950435939961792 0 0)
(0.18122868329404163 0 0)
(0.18299831865270177 0 0)
(0.18481445616187134 0 0)
(0.18667831779645683 0 0)
(0.18859115764219525 0 0)
(0.19055426273945661 0 0)
(0.19256895394921955 0 0)
(0.1946365868418031 0 0)
(0.19675855260895236 0 0)
(0.19893627899989164 0 0)
(0.2011712312819752 0 0)
(0.20346491322658167 0 0)
(0.20581886812091579 0 0)
(0.20823467980639795 0 0)
(0.21071397374434001 0 0)
(0.21325841810962579 0 0)
(0.21586972491312992 0 0)
(0.21854965115363181 0 0)
(0.2213 0 0)
(0.15293892500665512 0.00093232532760910447 -4.0706202910881456e-05)
(0.15396046775706537 0.00094128971647890137 -4.1097596590235238e-05)
(0.15502504743499837 0.00095487921535263758 -4.1690926930413192e-05)
(0.15610147660695806 0.00097004912422033861 -4.2353259448492529e-05)
(0.15719801630616978 0.00098671292557724836 -4.3080816712082404e-05)
(0.15834332887409849 0.0010090031085351781 -4.4054027100970877e-05)
(0.15951523218053887 0.0010303065189187705 -4.4984154078560574e-05)
(0.16070560954477997 0.0010492845508932275 -4.5812752846573393e-05)
(0.16193727382712794 0.0010709765023080562 -4.6759843897556846e-05)
(0.16320709680219034 0.0010945209802942909 -4.7787818006125023e-05)
(0.1645112596494209 0.0011188992705314794 -4.8852197143888358e-05)
(0.16584518184951247 0.0011429194797184321 -4.9900942124761919e-05)
(0.16721032463155325 0.0011667225636838212 -5.0940207211894362e-05)
(0.1686113403830248 0.0011911511406852348 -5.2006781913484647e-05)
(0.17004917176717843 0.0012162216473129367 -5.3101383868483853e-05)
(0.17152478621839545 0.0012419509520748661 -5.4224749574094188e-05)
(0.1730391765931186 0.0012683563667464854 -5.537763488141725e-05)
(0.17459336183789159 0.0012954556580188764 -5.6560815504277098e-05)
(0.17618838767494716 0.0013232670594529906 -5.7775087534276988e-05)
(0.17782532730581235 0.0013518092837478922 -5.902126798000211e-05)
(0.17950528213340539 0.0013811015353314884 -6.0300195318454548e-05)
(0.18122938250310816 0.0014111635232821266 -6.161273006241019e-05)
(0.1829987884633078 0.001442015474589599 -6.295975534479499e-05)
(0.18481469054592417 0.001473678147764821 -6.4342177505330667e-05)
(0.18667831056745479 0.0015061728468071544 -6.5760926700874058e-05)
(0.18859090245108287 0.0015395214355426927 -6.7216957527481351e-05)
(0.19055375307032341 0.0015737463523223495 -6.8711249662732762e-05)
(0.19256818311494184 0.0016088706251323151 -7.0244808530217089e-05)
(0.19463554797953356 0.0016449178870805974 -7.1818665973746645e-05)
(0.19675723867550141 0.0016819123923029701 -7.3433880951850219e-05)
(0.19893468276699436 0.0017198790322912256 -7.50915402502762e-05)
(0.20116934533141553 0.0017588433526305037 -7.6792759213005105e-05)
(0.20346272994521045 0.0017988315701860133 -7.8538682492813064e-05)
(0.20581637969552638 0.0018398705907271013 -8.0330484821509909e-05)
(0.20823337742097989 0.0018823199206387585 -8.2183862587398938e-05)
(0.21072678488349411 0.001928739714296571 -8.4210594542821071e-05)
(0.21327074531312959 0.0019730656277523874 -8.6145905716797334e-05)
(0.2158880537923078 0.002020947163597736 -8.8236458737580827e-05)
(0.21855377587042127 0.0020602649440066025 -8.9953110112636224e-05)
(0.22130000000000002 0.0020804867109713732 -9.0836011473724202e-05)
(0.15293304799116847 0.0018013904957767345 -7.8650407611328114e-05)
(0.15395005560751013 0.0018187110215978129 -7.9406638117157101e-05)
(0.1550250752652079 0.0018449679443570547 -8.0553040133707961e-05)
(0.15609718755953914 0.0018742784530891878 -8.1832764568709286e-05)
(0.1571816760000421 0.0019064753831724115 -8.3238512863808312e-05)
(0.15833322462557797 0.001949543315084666 -8.5118899348031262e-05)
(0.15950826014660305 0.0019907046563635163 -8.6916042306264929e-05)
(0.16069036703754574 0.0020273730224530701 -8.851701773974196e-05)
(0.16192287096400307 0.002069285082499461 -9.0346937798067479e-05)
(0.16319895581029095 0.0021147764980133914 -9.2333135892490225e-05)
(0.16451045084429006 0.0021618789621813185 -9.4389673890430133e-05)
(0.16584769280172559 0.0022082895607723791 -9.641600438376121e-05)
(0.16721267060579095 0.0022542806413058092 -9.8424018319576818e-05)
(0.16861351704403058 0.002301480266943511 -0.00010048479847172367)
(0.1700511746657728 0.0023499201956101111 -0.00010259973142484938)
(0.17152661078848244 0.0023996330197591027 -0.00010477024020053335)
(0.17304081814861308 0.0024506521883024268 -0.00010699778521495254)
(0.17459481556956888 0.0025030120291163168 -0.00010928386526200295)
(0.17618964864720776 0.0025567477721386814 -0.00011163001850846544)
(0.17782639045335996 0.0026118955730731644 -0.00011403782353582522)
(0.17950614225783879 0.0026684925377162996 -0.0001165089004057257)
(0.18123003426942522 0.0027265767469239455 -0.0001190449117561862)
(0.18299922639631386 0.0027861872822335138 -0.00012164756393070297)
(0.1848149090265449 0.0028473642521598774 -0.00012431860811173612)
(0.18667830382895526 0.0029101488191823092 -0.00012705984149997493)
(0.18859066457520365 0.0029745832274481695 -0.00012987310851625834)
(0.19055327798327185 0.0030407108311717836 -0.00013276030204264119)
(0.19256746458332916 0.0031085761238300869 -0.00013572336470627687)
(0.19463457960617039 0.0031782247680849115 -0.00013876429018209991)
(0.19675601389509295 0.0032497036265156311 -0.00014188512453468968)
(0.19893319484172811 0.0033230607931677577 -0.00014508796759493149)
(0.20116758734641632 0.0033983456258919482 -0.00014837497437244113)
(0.2034606948038967 0.0034756087795512767 -0.0001517483565057645)
(0.20581406011483344 0.0035549022400735656 -0.00015521038375059163)
(0.20823216340504702 0.003636920626993341 -0.00015879138385183118)
(0.21073872676094149 0.0037266105374085608 -0.000162707329899706)
(0.21328223609093946 0.0038122547614271186 -0.00016644663746964147)
(0.21590513901995684 0.0039047689740530868 -0.00017048589525985321)
(0.21855762071683282 0.0039807367439357302 -0.00017380271974162183)
(0.22129999999999997 0.0040198081900709179 -0.00017550861582046247)
(0.15292756974307095 0.0026114878342874122 -0.00011402002126705249)
(0.15394034994336447 0.0026365975162643369 -0.00011511633368266665)
(0.15502510120708141 0.0026746623525740329 -0.00011677828034356222)
(0.15609318953266377 0.0027171539928653493 -0.00011863350540502526)
(0.1571664444167393 0.0027638300974694684 -0.00012067142809826029)
(0.15832380597075899 0.002826265966039028 -0.00012339743694465943)
(0.15950176117927317 0.002885937837432088 -0.00012600276709539884)
(0.16067615876526078 0.0029390962126819684 -0.00012832371187517882)
(0.16190944536427621 0.0029998564060868295 -0.00013097655920685914)
(0.16319136720116004 0.00306580561502163 -0.00013385596385134368)
(0.16450969691822342 0.0031340903719512809 -0.00013683734072379917)
(0.1658500333807518 0.0032013721267327702 -0.00013977492557504931)
(0.16721485740093114 0.0032680457033838982 -0.00014268595679052203)
(0.16861554601418399 0.0033364713159452822 -0.00014567348354226721)
(0.17005304166364596 0.0034066950040923822 -0.00014873951597131019)
(0.17152831155779819 0.0034787640173227327 -0.00015188611704153998)
(0.17304234832124663 0.0035527268467474 -0.00015511540392804319)
(0.17459617066261121 0.0036286332577178536 -0.00015842954944234221)
(0.17619082405994968 0.0037065343233104032 -0.00016183078347509357)
(0.17782738146419588 0.0037864824586901278 -0.00016532139450642073)
(0.17950694402108955 0.0038685314563781117 -0.00016890373115050947)
(0.18123064181207918 0.0039527365224454603 -0.00017258020374480204)
(0.18299963461467958 0.0040391543136580055 -0.00017635328598686285)
(0.18481511268281361 0.00412784297559767 -0.00018022551657760134)
(0.18667829754767645 0.0042188621817856008 -0.0001841995009308614)
(0.18859044283968407 0.0043122731738444034 -0.0001882779129158532)
(0.19055283513183779 0.0044081388026681705 -0.00019246349665633534)
(0.1925667948055399 0.0045065235707476186 -0.00019675906839186803)
(0.19463367693889877 0.0046074936755486099 -0.00020116751836632093)
(0.19675487221851279 0.0047111170540654855 -0.00020569181277318139)
(0.19893180787520104 0.0048174634285572757 -0.00021033499575131011)
(0.20116594864425549 0.0049266043534297648 -0.00021510019143254166)
(0.2034587977510379 0.0050386132633763086 -0.00021999060604404867)
(0.20581189792238258 0.0051535655227437152 -0.00022500953006581619)
(0.20823103176255098 0.0052724681261109635 -0.00023020092983221547)
(0.21074985835784732 0.0054024921883322309 -0.00023587790297475525)
(0.21329294719623068 0.0055266511919607082 -0.00024129880213595277)
(0.21592106498034874 0.005660769663962094 -0.00024715454113503091)
(0.21856120468263776 0.005770900647394937 -0.00025196296374129683)
(0.22130000000000002 0.0058275427838385763 -0.000254436012681488)
(0.15292246320518854 0.0033666184296670004 -0.00014698973508847505)
(0.15393130282816431 0.0033989887577982269 -0.00014840305416835751)
(0.15502512538874633 0.0034480603168382295 -0.00015054556472660462)
(0.1560894627799993 0.0035028387222488595 -0.00015293724153286697)
(0.15715224632717498 0.0035630115600932947 -0.00015556444431252451)
(0.15831502639072212 0.0036435012116393462 -0.00015907869833325092)
(0.15949570318002315 0.0037204276362341644 -0.00016243737854063534)
(0.16066291455299173 0.0037889571401658701 -0.00016542944129017474)
(0.16189693071864888 0.0038672865829537024 -0.00016884937861504643)
(0.16318429349450933 0.0039523054826425246 -0.0001725613839383397)
(0.16450899414756551 0.0040403352709212142 -0.00017640484749685569)
(0.16585221514675633 0.004127072031726191 -0.0001801918562545005)
(0.16721689581759744 0.0042130247552956473 -0.00018394463320052856)
(0.16861743731460821 0.0043012361286307518 -0.00018779602492041106)
(0.17005478198193674 0.0043917655041121138 -0.00019174862280198977)
(0.17152989692647544 0.004484673793771223 -0.00019580508633008269)
(0.17304377466857165 0.0045800235102746297 -0.0001999681448762659)
(0.17459743380984938 0.0046778788089851201 -0.00020424059953622859)
(0.17619191971855938 0.0047783055311284156 -0.00020862532498963898)
(0.17782830523294188 0.0048813712480936765 -0.0002131252714471998)
(0.17950769138308184 0.0049871453068985284 -0.00021774346664187559)
(0.1812312081317351 0.0050956988768488237 -0.00022248301787761347)
(0.1830000151346034 0.0052071049974240155 -0.00022734711413951973)
(0.18481530252059253 0.0053214386274215882 -0.00023233902821223363)
(0.18667829169259517 0.0054387766953929301 -0.00023746211888385618)
(0.18859023614936801 0.0055591981514187634 -0.0002427198331922189)
(0.19055242232876937 0.0056827840201837919 -0.00024811570874431273)
(0.19256617047352845 0.0058096174555404461 -0.00025365337611573557)
(0.19463283551942756 0.0059397837964306321 -0.00025933656128527611)
(0.19675380800699799 0.0060733706243219707 -0.00026516908814272261)
(0.19893051501715847 0.0062104678221689682 -0.00027115488106170424)
(0.20116442113135108 0.0063511676348513742 -0.00027729796753937145)
(0.20345702941705299 0.0064955647312352613 -0.00028360248090667379)
(0.2058098824390634 0.0066437562678134006 -0.00029007266310968283)
(0.20822997690428754 0.0067970404189305724 -0.00029676519366634831)
(0.21076023465338545 0.0069646618791675222 -0.0003040837046528695)
(0.21330293153136085 0.0071247223566993983 -0.00031107209601423841)
(0.21593591033211215 0.0072976221549180048 -0.00031862106429767504)
(0.218564545469113 0.0074395983087542838 -0.0003248198770783976)
(0.22130000000000002 0.0075126189286259066 -0.00032800802600645406)
(0.15291770315623132 0.0040705118866269435 -0.00017772238713401349)
(0.15392286957803153 0.0041096502113836357 -0.00017943120333473373)
(0.1550251479296364 0.0041689816647516378 -0.00018202167055778371)
(0.15608598889504188 0.0042352131534138361 -0.00018491339977279422)
(0.15713901160670832 0.0043079669438462363 -0.00018808989879297967)
(0.1583068425229506 0.0044052853926735578 -0.00019233891395844591)
(0.15949005622827675 0.0044982956141318559 -0.00019639982789721065)
(0.16065056898731628 0.0045811532845706909 -0.0002000174719046839)
(0.16188526521704277 0.0046758598676307364 -0.00020415245061499365)
(0.16317769975316401 0.0047786545409806121 -0.00020864056297680415)
(0.1645083390613184 0.004885089620289885 -0.00021328761889585125)
(0.16585424887552408 0.0049899613256049096 -0.00021786641642957658)
(0.16721879592356953 0.0050938850669752797 -0.00022240382495560831)
(0.16861920028647279 0.0052005396971917927 -0.00022706046665806252)
(0.1700564042161111 0.0053099969780462334 -0.00023183947473282495)
(0.17153137472468097 0.0054223305570734789 -0.00023674406471049114)
(0.17304510423534541 0.0055376160171046653 -0.0002417775366203561)
(0.17459861124999229 0.0056559309271225142 -0.00024694327721192449)
(0.1761929410345161 0.0057773548944533466 -0.000252244762203637)
(0.17782916632210985 0.0059019696183299462 -0.00025768555863701784)
(0.17950838803505109 0.00602985894486242 -0.00026326932728422707)
(0.18123173602545678 0.0061611089234535985 -0.00026899982512512921)
(0.18300036983548071 0.0062958078646963003 -0.00027488090789866626)
(0.1848154794774941 0.006434046399792886 -0.00028091653266414123)
(0.18667828623479296 0.0065759175415362721 -0.00028711076046594464)
(0.18859004348340799 0.0067215167469105988 -0.00029346775904947464)
(0.19055203753522415 0.0068709419812627223 -0.00029999180566551189)
(0.192565588503707 0.0070242937842741665 -0.00030668728997134466)
(0.19463205119196952 0.007181675337575009 -0.000313558716974376)
(0.19675281600438729 0.0073431925341888998 -0.00032061071006426567)
(0.19892930988214935 0.0075089540498218576 -0.00032784801412370193)
(0.20116299726328721 0.0076790714159370808 -0.00033527549871998719)
(0.20345538106810612 0.0078536590947917827 -0.00034289816138198081)
(0.20580800371036445 0.00803283455638352 -0.00035072113096294282)
(0.20822899362029096 0.0082181673976867362 -0.00035881293754917812)
(0.2107699068962815 0.0084208351964297525 -0.0003676616047163662)
(0.21331223840915559 0.0086143611602370398 -0.00037611113076130813)
(0.21594974839672834 0.0088234108932398522 -0.00038523843929699455)
(0.21856765957646795 0.0089950714582493884 -0.00039273330146627272)
(0.22130000000000002 0.0090833592483170328 -0.00039658802940147108)
(0.15291326608622471 0.0047266447486545475 -0.00020636976657042324)
(0.15391500854097956 0.0047720918477749613 -0.00020835402981458323)
(0.15502516894108143 0.0048409870408864823 -0.00021136205893657588)
(0.15608275072020594 0.0049178944979336543 -0.00021471991099286517)
(0.15712667488879731 0.005002375597871425 -0.00021840843539250949)
(0.15829921394716218 0.005115380976042189 -0.00022334235667272642)
(0.15948479243362931 0.0052233836762115189 -0.00022805785636367712)
(0.16063906109324527 0.0053195973180761051 -0.00023225863467527037)
(0.16187439124331832 0.0054295698193122391 -0.00023706013776658783)
(0.16317155341050718 0.005548934144122373 -0.00024227169673439678)
(0.16450772842399825 0.0056725256782344819 -0.00024766781964675831)
(0.16585614461168099 0.0057943018353901034 -0.00025298468148642956)
(0.16722056710350774 0.0059149772246507512 -0.00025825348275256238)
(0.16862084363713006 0.0060388236994611474 -0.00026366073659736322)
(0.17005791637841516 0.0061659245890206115 -0.00026921008126199006)
(0.17153275225128889 0.0062963654122377352 -0.00027490525059398522)
(0.17304634358832402 0.0064302339352711301 -0.00028075007656008219)
(0.17459970879843972 0.0065676202305822128 -0.00028674849182580477)
(0.1761938930521191 0.0067086167375401294 -0.00029290453236666998)
(0.17782996898463588 0.0068533183246185193 -0.00029922234020180393)
(0.17950903741777513 0.0070018223532272127 -0.00030570616618957267)
(0.18123222810052159 0.0071542287432213468 -0.00031236037290393296)
(0.18300070046918593 0.0073106400401311633 -0.00031918943759706589)
(0.18481564442751186 0.0074711614841595246 -0.00032619795517351772)
(0.18667828114731372 0.0076359010809925612 -0.00033339064128445927)
(0.18858986389022311 0.0078049696744910343 -0.0003407723354813888)
(0.19055167885069937 0.0079784810212057602 -0.00034834800447254924)
(0.19256504602171515 0.0081565518669836842 -0.00035612274549169117)
(0.19463132008271616 0.0083393020254805671 -0.00036410178971616472)
(0.19675189131116036 0.0085268544587999758 -0.00037229050578781734)
(0.19892818651798844 0.0087193353602732261 -0.00038069440342519716)
(0.20116167000755183 0.0089168742393132706 -0.00038931913712959523)
(0.20345384456296967 0.0091196040085468368 -0.00039817050999020457)
(0.20580625245720818 0.0093276610731638666 -0.00040725447758902628)
(0.20822807705410268 0.0095428680361940091 -0.00041665061649568628)
(0.21077892285793148 0.0097782042084816317 -0.00042692561565139188)
(0.21332091379646531 0.010002924957624565 -0.00043673713543595637)
(0.21596264752066793 0.010245671779210238 -0.00044733569064501653)
(0.21857056238533942 0.010445002608047527 -0.00045603866263011102)
(0.22130000000000002 0.010547521659930054 -0.00046051474083842097)
(0.15290913008039367 0.0053382576687289515 -0.00023307336336244748)
(0.15390768089119333 0.0053895854791107438 -0.00023531438401095913)
(0.15502518852685745 0.0054673954928780855 -0.00023871164261238205)
(0.15607973226208299 0.0055542545322593223 -0.00024250399013226836)
(0.15711517524215199 0.0056496672200298257 -0.00024666979795361983)
(0.15829210298567253 0.005777295137655623 -0.00025224215308323274)
(0.1594798857980966 0.0058992730465277608 -0.00025756782355894852)
(0.16062833403306584 0.0060079364301396081 -0.00026231216933252847)
(0.16186425509070757 0.0061321390261227741 -0.00026773497177731703)
(0.16316582410963279 0.0062669487180235109 -0.00027362089003547655)
(0.16450715921965547 0.0064065326067749865 -0.00027971525423039887)
(0.16585791171830486 0.0065440662145184909 -0.00028572010121985725)
(0.16722221810530427 0.0066803566184738252 -0.00029167066874917036)
(0.16862237548312106 0.0068202284364457279 -0.00029777760418407662)
(0.17005932593744799 0.0069637757801690346 -0.00030404501654266282)
(0.17153403630992989 0.0071110952344293392 -0.00031047712282056484)
(0.17304749884869597 0.0072622859220493165 -0.0003170782508289231)
(0.17460073187600483 0.0074174495705827516 -0.00032385284210777464)
(0.17619478047340198 0.0075766905807615591 -0.00033080545487513651)
(0.17783071718488583 0.0077401160967405921 -0.00033794076711434395)
(0.17950964273856759 0.0079078360781889897 -0.00034526357973142568)
(0.18123268678729784 0.0080799633742759391 -0.00035277881980364661)
(0.18300100866872543 0.0082566137995998094 -0.0003604915439254965)
(0.18481579818533733 0.0084379062121137331 -0.00036840694156767512)
(0.18667827640503021 0.0086239625930989144 -0.00037653033857173892)
(0.18858969648279911 0.0088149081292620349 -0.00038486720071188315)
(0.19055134450364516 0.0090108712968927362 -0.00039342313737273044)
(0.19256454034822379 0.0092119839483822841 -0.00040220390535399887)
(0.19463063858070448 0.0094183814008955286 -0.00041121541273088559)
(0.19675102936023944 0.0096302025274443565 -0.00042046372283055744)
(0.19892713937635825 0.0098475898503790696 -0.00042995505831176252)
(0.20116043280880291 0.01007068963722212 -0.00043969580535042099)
(0.2034524123128148 0.010299651999074845 -0.00044969251793716193)
(0.20580462003012101 0.010534630991528479 -0.00045995192228750971)
(0.20822722267878432 0.010777685056695222 -0.00047056389192817261)
(0.21078732706834549 0.011043472987298917 -0.00048216844356170537)
(0.21332900054119708 0.011297271892489807 -0.00049324954305553692)
(0.21597467141295498 0.011571429387033507 -0.00050521951787505729)
(0.21857326823275705 0.011796552996324787 -0.0005150486269811283)
(0.22130000000000002 0.011912337690120211 -0.0005201038955896149)
(0.1529052747109248 0.0059083714149692698 -0.00025796506709450701)
(0.15390085043726789 0.0059651809184575024 -0.00026044542363810088)
(0.15502520678369894 0.0060513008642657353 -0.00026420550171141823)
(0.15607691861244963 0.0061474362509890195 -0.00026840286329877318)
(0.15710445586979374 0.0062530387962447366 -0.00027301356989619166)
(0.15828547451730446 0.0063942970844442009 -0.00027918103984705701)
(0.15947531208771024 0.0065293019558387792 -0.00028507547978550172)
(0.16061833482561891 0.0066495703410362553 -0.00029032651086921188)
(0.16185480669655544 0.0067870374910523838 -0.00029632845624953739)
(0.16316048355341231 0.0069362445506428172 -0.00030284297715606288)
(0.16450662863697876 0.0070907356804210909 -0.00030958820555008023)
(0.1658595589231697 0.0072429575638549787 -0.0003162343565052153)
(0.16722375708328924 0.0073938034721709889 -0.00032282043107763456)
(0.16862380339026284 0.0075486132813538664 -0.00032957957329140007)
(0.1700606398550491 0.007707491154057132 -0.00033651633099836053)
(0.17153523324259462 0.0078705439901012413 -0.00034363537155966944)
(0.17304857572231477 0.0080378814984002935 -0.00035094148498682887)
(0.17460168553568758 0.0082096162707788606 -0.00035843958716622341)
(0.1761956076813557 0.0083858638577289472 -0.00036613472312316058)
(0.17783141461823537 0.0085667428461568395 -0.00037403207043892834)
(0.17951020698711989 0.0087523749391735951 -0.0003821369427453721)
(0.18123311435124848 0.0089428850379823337 -0.0003904547933203733)
(0.18300129595630274 0.0091384013259164544 -0.00039899121879118283)
(0.18481594151038333 0.009339055354687438 -0.00040775196285213746)
(0.18667827198452022 0.0095449821328991817 -0.00041674292013252774)
(0.18858954043430745 0.0097563202169131721 -0.00042597014013876926)
(0.19055103284271493 0.0099732118039938221 -0.00043543983132497129)
(0.19256406898570169 0.010195802828067119 -0.00044515836530393459)
(0.19463000331998295 0.010424243057862563 -0.00045513228111981516)
(0.19675022589443208 0.010658686197713036 -0.00046536828964929551)
(0.19892616328540588 0.010899289991030865 -0.000475873278116888)
(0.20115927955649177 0.011146216326376357 -0.00048665431472753943)
(0.20345107724373024 0.01139963134637418 -0.00049771865342313219)
(0.20580309836651389 0.011659705559401424 -0.00050907373876367173)
(0.20822642627455959 0.011928717244494022 -0.00052081904256358043)
(0.21079516103608234 0.012222890720012414 -0.00053366293384982208)
(0.21333653858394039 0.012503794769542376 -0.00054592746950146535)
(0.21598587945982775 0.012807231659344531 -0.00055917581033668683)
(0.21857579048295384 0.013056397956760819 -0.00057005464588205928)
(0.22129999999999997 0.013184548191830819 -0.00057564980565044947)
(0.15290168093607326 0.0064398017902671419 -0.00028116781837592548)
(0.15389448344345835 0.0065017210428958486 -0.00028387127138997732)
(0.1550252238017768 0.0065955870750461741 -0.0002879695509000882)
(0.1560742958746355 0.0067003693901795964 -0.00029254444553114745)
(0.15709446382853379 0.0068154703904775068 -0.00029756986362270912)
(0.15827929580392361 0.0069694342010348902 -0.0003042920686503712)
(0.15947104871282558 0.0071165821291930432 -0.00031071668589295799)
(0.16060901408462425 0.0072476680931432757 -0.00031644002266355292)
(0.16184599939505939 0.0073974997703689016 -0.0003229818149597141)
(0.16315550536473458 0.0075601273071274327 -0.00033008228655333921)
(0.16450613405541006 0.0077285141914735806 -0.00033743421669393613)
(0.16586109436185237 0.0078944277213799409 -0.00034467815784340887)
(0.16722519163850474 0.0080588415136420097 -0.00035185661902051811)
(0.16862513441101656 0.0082275757411147434 -0.00035922371446387444)
(0.1700618646206831 0.0084007439353951715 -0.00036678440108333017)
(0.17153634896095685 0.0085784626114426294 -0.00037454376604734553)
(0.17304957952788011 0.0087608513459749345 -0.00038250703020655387)
(0.17460257448763172 0.0089480328579246791 -0.00039067955160832873)
(0.17619637876157643 0.0091401330910102028 -0.00039906682905440835)
(0.17783206472932131 0.009337281298475374 -0.0004076745058253018)
(0.17951073295026648 0.0095396101300568841 -0.00041650837348918739)
(0.18123351290412021 0.0097472557212369172 -0.00042557437582078694)
(0.18300156375083676 0.0099603577848401872 -0.00043487861283779693)
(0.18481607511053497 0.010179059705039366 -0.0004444273448529968)
(0.18667826786395078 0.010403508633830822 -0.000454226996690012)
(0.18858939497402163 0.01063385559007274 -0.00046428416198006735)
(0.19055074232860927 0.010870255561008405 -0.00047460560759868151)
(0.19256362960608031 0.011112867606637915 -0.00048519827825542716)
(0.19462941116298638 0.011361854966687521 -0.00049606930115089895)
(0.19674947694540507 0.011617385170475966 -0.00050722599077374997)
(0.19892525342419912 0.011879630149697751 -0.00051867585382212608)
(0.20115820455468275 0.012148766354032033 -0.00053042659425295074)
(0.20344983276178372 0.012424974869855523 -0.00054248611846625233)
(0.20580167995086066 0.012708441541976348 -0.00055486254062539009)
(0.20822568390797255 0.013001649569974214 -0.00056766427956926407)
(0.21080246345326129 0.013322282573764867 -0.00058166341880576812)
(0.2133435651552352 0.013628452628760598 -0.00059503109207799051)
(0.21599632701804791 0.013959182247624812 -0.00060947105920879281)
(0.21857814159337266 0.014230759888141849 -0.00062132839513111087)
(0.22129999999999997 0.014370436637497189 -0.00062742681335208137)
(0.15289833100611511 0.0069351735395920423 -0.00030279621604699272)
(0.1538885484630583 0.0070018558345457359 -0.00030570762798468921)
(0.15502523966514364 0.0071029423654105995 -0.00031012116127997311)
(0.15607185109488747 0.0072157848973700119 -0.00031504797257402494)
(0.15708514976748583 0.0073397398633214608 -0.00032045996314594911)
(0.15827353632874433 0.007505547100843289 -0.00032769926335329602)
(0.15946707461655102 0.0076640141547999127 -0.00033461808429746464)
(0.16060032577476061 0.0078051837029020875 -0.00034078167985868109)
(0.16183778968678572 0.0079665409491543413 -0.0003478266893654042)
(0.1631508649562288 0.0081416783565573733 -0.00035547335370671315)
(0.16450567303220118 0.008323018140414808 -0.00036339081965311177)
(0.16586252561791445 0.0085016943108842027 -0.00037119198972299089)
(0.16722652885624698 0.0086787553787206692 -0.00037892264287534678)
(0.16862637511931969 0.0088604692245351467 -0.00038685644069186238)
(0.17006300628349133 0.0090469581131664145 -0.00039499872138498005)
(0.17153738897557125 0.0092383475223060587 -0.0004033549634456918)
(0.17305051522320741 0.009434766226925172 -0.00041193078933045595)
(0.17460340312238826 0.0096363463859196075 -0.0004207319692461171)
(0.17619709752244439 0.0098432236310326011 -0.00042976442498119581)
(0.17783267072905495 0.010055537158113028 -0.00043903423391678805)
(0.17951122322574972 0.01027342982077252 -0.0004485476331284579)
(0.1812338844143733 0.010497048226503757 -0.00045831102360656466)
(0.18300181337496998 0.01072654283532347 -0.0004683309746031904)
(0.18481619964564605 0.010962068061009089 -0.00047861422799595088)
(0.18667826402297033 0.011203782374995717 -0.00048916770282804868)
(0.18858925938351043 0.011451848413032619 -0.00049999849993554812)
(0.19055047152647334 0.011706433084516016 -0.00051111390672535604)
(0.19256322003925494 0.011967707684889433 -0.00052252140211804076)
(0.19462885918503983 0.012235848010841497 -0.00053422866156303177)
(0.19674877881408456 0.012511034478623555 -0.00054624356220465975)
(0.19892440529891578 0.012793452245508635 -0.00055857418818216456)
(0.20115720249392113 0.013083291334293373 -0.00057122883606738916)
(0.20344867272045467 0.01338074676114271 -0.00058421602044790241)
(0.20580035777757874 0.013686018666687963 -0.00059754447965647565)
(0.20822499191246016 0.014001781266779168 -0.00061133097248277702)
(0.21080927038666283 0.014347078466324905 -0.00062640697375921381)
(0.21335011495945391 0.014676800177205972 -0.00064080293453296663)
(0.21600606568830888 0.015032970658256026 -0.00065635367370470198)
(0.21858033317619346 0.015325438986909422 -0.00066912311677402077)
(0.22129999999999997 0.01547586015323933 -0.00067569064634354287)
(0.15289520837568105 0.0073969333136577704 -0.00032295708318486705)
(0.15388301618308406 0.0074680554688797357 -0.00032606234361256712)
(0.15502525445214896 0.0075758725730152993 -0.000330769740085986)
(0.15606957219839082 0.0076962284197843733 -0.00033602458978556856)
(0.15707646768432099 0.0078284365919094392 -0.00034179692311308056)
(0.15826816764560658 0.008005283655918587 -0.00034951823254615995)
(0.15946337017074777 0.0081743018100912512 -0.00035689772447105347)
(0.16059222698429645 0.0083248707507629794 -0.00036347170637336586)
(0.16183013702382554 0.0084969715328688019 -0.00037098578878497646)
(0.16314653940882703 0.0086837699908873956 -0.00037914158559116784)
(0.16450524329034966 0.0088771837938223762 -0.00038758621459494504)
(0.1658638597603575 0.0090677566338755768 -0.00039590680447578494)
(0.1672277753410604 0.0092566068340550547 -0.00040415218226086034)
(0.16862753164305466 0.0094504196048508446 -0.00041261423054815685)
(0.17006407048216859 0.0096493253517753522 -0.00042129864298055548)
(0.17153835842309026 0.0098534579071129051 -0.0004302112628195541)
(0.1730513874297139 0.010062954619967779 -0.00043935808687766879)
(0.17460417553260035 0.010277956448678483 -0.00044874526955536134)
(0.17619776751393346 0.010498608055661066 -0.00045837912692742546)
(0.17783323561048084 0.010725057904743537 -0.00046826614102094135)
(0.17951168023504954 0.010957458361058924 -0.00047841296419028127)
(0.18123423071690423 0.011195965793563306 -0.00048882642361843648)
(0.18300204606160081 0.011440740680246714 -0.00049951352595337247)
(0.18481631573079799 0.01169194771611033 -0.0005104814619623923)
(0.18667826044260816 0.011949755923981191 -0.00052173761137447837)
(0.18858913299308977 0.012214338768270071 -0.00053328954781565975)
(0.19055021909881012 0.012485874271583942 -0.0005451450439051237)
(0.19256283826236728 0.012764545134610165 -0.00055731207652713816)
(0.19462834465991358 0.013050538858984441 -0.00056979883218017443)
(0.19674812805238637 0.013344047873486285 -0.0005826137124869149)
(0.19892361472064854 0.013645269663584991 -0.00059576533984714755)
(0.20115626842500919 0.013954406904231192 -0.00060926256323751322)
(0.20344759139027638 0.014271667596213759 -0.0006231144641663665)
(0.20579912531642863 0.014597265205986663 -0.00063733036278473397)
(0.20822434687024308 0.014934052004829947 -0.00065203479195052091)
(0.21081561545586358 0.015302339884556577 -0.00066811458799914051)
(0.21335622034620702 0.015654015223829466 -0.00068346906488736352)
(0.21601514357009269 0.016033900353102766 -0.00070005520797011887)
(0.21858237605568676 0.01634584189444354 -0.00071367486987144991)
(0.22129999999999997 0.016506278447321842 -0.00072067968063557796)
(0.15289229762203857 0.0078273617529779696 -0.00034174999470483388)
(0.15387785927949707 0.0079026225149677904 -0.00034503595061036266)
(0.15502526823582607 0.0080167135093626336 -0.00035001727105083607)
(0.15606744792963134 0.0081440728773331528 -0.00035557790108655828)
(0.15706837469806154 0.0082839742588978766 -0.00036168612718476896)
(0.1582631632384798 0.00847111207483516 -0.00036985674054257784)
(0.1594599170790858 0.0086499654157308151 -0.00037766564599028119)
(0.16058467771314802 0.0088092959811726032 -0.00038462216869029241)
(0.16182300360952745 0.0089914113284916605 -0.0003925734964613254)
(0.16314250735856645 0.0091890796112528827 -0.00040120388006475326)
(0.16450484270735205 0.0093937481866469535 -0.00041013990304608909)
(0.16586510337853699 0.0095954104831874089 -0.00041894466905300281)
(0.16722893724935775 0.0097952498992326682 -0.00042766984636325209)
(0.16862860969431476 0.010000340658475361 -0.00043662430225831065)
(0.17006506247281286 0.010210820754740351 -0.00044581406169482351)
(0.17153926209163403 0.010426831808028692 -0.00045524530795437821)
(0.17305220045524458 0.010648519159805556 -0.00046492438680473247)
(0.17460489553321706 0.010876031970792123 -0.00047485781077165123)
(0.17619839204514473 0.011109523321327841 -0.00048505226346308016)
(0.17783376216355934 0.011349150314368726 -0.00049551460409603531)
(0.17951210623534394 0.011595074181193227 -0.00050625187212618983)
(0.18123455352210791 0.011847460389885789 -0.00051727129201113438)
(0.18300226295997302 0.012106478756669981 -0.00052858027811652261)
(0.18481642393933753 0.012372303560168921 -0.00054018643964127196)
(0.18667825710518079 0.012645113658668279 -0.00055209758574168214)
(0.18858901517851473 0.012925092610493762 -0.00056432173075399161)
(0.19054998379887447 0.013212428797409258 -0.00057686709958703329)
(0.19256248238981361 0.013507315551477102 -0.00058974213330093017)
(0.19462786504635796 0.013809951285075728 -0.00060295549476748454)
(0.19674752144618579 0.014120539624438478 -0.00061651607450081329)
(0.19892287778471596 0.014439289546737868 -0.00063043299663918491)
(0.20115539773456237 0.01476641552060428 -0.00064471562508225573)
(0.20344658343053815 0.015102137650417515 -0.00065937356979244445)
(0.20579797648026055 0.01544668182427018 -0.00067441669326148603)
(0.20822374559544524 0.015803066287451217 -0.00068997677492926845)
(0.21082152999928402 0.016192784883201552 -0.00070699225624424212)
(0.2133619114701186 0.016564924252770768 -0.00072324021198962528)
(0.21602360549923419 0.016966914943413958 -0.00074079150473356135)
(0.2185842803216739 0.017297008400569702 -0.00075520369639927904)
(0.22129999999999997 0.017466780775759368 -0.00076261611794440059)
(0.15288958436891878 0.0082285847519940128 -0.00035926776916275045)
(0.15387305228225018 0.0083077033079106688 -0.00036272215999241553)
(0.15502528108425279 0.0084276424964194983 -0.00036795881810466912)
(0.15606546779680427 0.0085615301825108046 -0.00037380448066217335)
(0.15706083083729075 0.0087086027736924271 -0.00038022580852712669)
(0.15825849839049977 0.0089053330932227746 -0.00038881523962949342)
(0.15945669828667824 0.0090933542835270609 -0.00039702442202384079)
(0.16057764067531813 0.0092608519797747254 -0.00040433752935460079)
(0.16181635421181936 0.0094523023837992468 -0.00041269643450293319)
(0.16313874889107233 0.0096601029517061794 -0.00042176920322938271)
(0.16450446930472115 0.0098752626404811673 -0.00043116327811287879)
(0.16586626261470735 0.0100872619514538 -0.000440419367916292)
(0.16723002031982676 0.010297344942838706 -0.00044959178938336499)
(0.16862961459761608 0.010512948456198394 -0.00045900524203392731)
(0.17006598715488527 0.010734217558787833 -0.00046866605965807938)
(0.17154010444443915 0.010961301129912466 -0.00047858074248644715)
(0.17305295831534831 0.01119435196110051 -0.00048875596156471067)
(0.17460556668033544 0.011433526858907568 -0.00049919856324441244)
(0.17619897420065 0.01167898675042334 -0.00050991557372878171)
(0.17783425298894626 0.011930896791549555 -0.00052091420383167022)
(0.17951250333065666 0.012189426478124167 -0.00053220185384444593)
(0.18123485442432555 0.01245474975996572 -0.0005437861185434139)
(0.18300246514135193 0.012727045157913302 -0.00055567479234744583)
(0.18481652480570876 0.013006495883943814 -0.00056787587449564194)
(0.18667825399420465 0.013293289964445809 -0.0005803975744341068)
(0.18858890535789699 0.013587620366767377 -0.00059324831730620995)
(0.19054976446451546 0.013889685128939559 -0.00060643674962166186)
(0.1925621506639327 0.014199687493039381 -0.00061997174512117025)
(0.19462741797555233 0.014517836041872031 -0.00063386241072697393)
(0.196746955999443 0.014844344839354805 -0.0006481180926723515)
(0.19892219085137713 0.01517943357462811 -0.00066274838279008175)
(0.2011545861222237 0.015523327709777063 -0.00067776312496426795)
(0.20344564386290703 0.015876258631519265 -0.00069317242175471452)
(0.20579690559495051 0.016238463806752642 -0.00070898664119495259)
(0.2082231851183588 0.016613116193102778 -0.00072534431761160504)
(0.21082704322896892 0.017022811387443285 -0.00074323199605485113)
(0.21336721643976039 0.017414026261457365 -0.0007603128063095536)
(0.21603149326936616 0.017836622606415057 -0.00077876376135779682)
(0.21858605537936174 0.018183636335178943 -0.00079391470804021148)
(0.22129999999999997 0.01836211107825109 -0.00080170708315029668)
(0.15288705521551174 0.0086025839589090394 -0.00037559692718769995)
(0.15386857144949034 0.008685298549630821 -0.00037920832429117857)
(0.15502529306088778 0.0088106891204529289 -0.00038468299489766969)
(0.1560636220199951 0.0089506621650746569 -0.00039079434994377234)
(0.15705379884273343 0.0091044193847943169 -0.00039750753498723405)
(0.15825415006189153 0.0093100913371446572 -0.00040648736620298089)
(0.15945369789584671 0.0095066583197299295 -0.00041506966594343842)
(0.16057108111473994 0.0096817689904373297 -0.00042271516291643007)
(0.1618101559891966 0.0098819210486863381 -0.00043145399049254057)
(0.16313524544320057 0.010099166405695654 -0.00044093912761653182)
(0.16450412123821409 0.010324105364586616 -0.00045076017465405177)
(0.16586734319435859 0.010545740302651881 -0.00046043696502140723)
(0.16723102990177355 0.010765371822068319 -0.00047002628422455135)
(0.16863055131619564 0.010990774777912342 -0.00047986758977227082)
(0.17006684909540859 0.01122210083092247 -0.000489967503333146)
(0.17154088964190245 0.011459505627150056 -0.00050033282058120849)
(0.17305366475311101 0.01170314890268451 -0.00051097051576929589)
(0.17460619228876426 0.011953194591130523 -0.00052188774642397304)
(0.1761995168557266 0.012209810933910176 -0.00053309185809797079)
(0.17783471051083785 0.012473170593462245 -0.00054459038934541936)
(0.17951287348224917 0.01274345076941712 -0.00055639107680994994)
(0.18123513490971904 0.013020833317824625 -0.00056850186045970816)
(0.18300265360431525 0.013305504873513587 -0.00058093088897940377)
(0.18481661882809272 0.01359765697566858 -0.000593686525183305)
(0.18667825109431452 0.013897486196706704 -0.000606777351646848)
(0.1885888029888303 0.014205194274577225 -0.00062021217644643827)
(0.19054956001243636 0.014520988248381092 -0.00063400003908619187)
(0.19256184144632374 0.014845080597795459 -0.000648150216629148)
(0.1946270012394051 0.015177689385968269 -0.00066267222991826173)
(0.19674642891940552 0.015519038406282767 -0.00067757584998450664)
(0.1989215505278549 0.015869357333018582 -0.00069287110462115285)
(0.20115382957942404 0.016228881875787426 -0.00070856828512883463)
(0.20344476804684025 0.016597853938115237 -0.00072467795324101419)
(0.2057959073713749 0.016976521780059917 -0.00074121094823098393)
(0.20822266267077638 0.017368202574038698 -0.00075831210097937365)
(0.21083218237486728 0.017796518914345177 -0.00077701279621140648)
(0.21337216145648086 0.018205514981240477 -0.0007948699501122234)
(0.21603884583833885 0.018647318845185074 -0.00081415952355753604)
(0.21858770999579474 0.019010104770901162 -0.00082999909923436703)
(0.22129999999999997 0.019196691408591298 -0.0008381456472914406)
(0.15288469767027946 0.0089512065630870125 -0.00039081811880906325)
(0.15386439465029736 0.0090372731903781197 -0.00039457586899307545)
(0.15502530422488384 0.0091677452561961699 -0.00040027240246460441)
(0.15606190148287616 0.0093133907554622062 -0.00040663142222649532)
(0.15704724398323158 0.0094733790381515345 -0.00041361666134851757)
(0.15825009677617544 0.0096873859154473583 -0.00042296040324022724)
(0.15945090108760243 0.0098919188410204143 -0.00043189050356009731)
(0.16056496663361602 0.01007412593047048 -0.00043984583686571769)
(0.16180437832851691 0.010282389218102617 -0.00044893880836435166)
(0.16313197971135382 0.01050843851616824 -0.00045880833385594793)
(0.16450379678872362 0.010742493201915719 -0.0004690273821231368)
(0.16586835045449461 0.010973109970283853 -0.00047909632767015282)
(0.16723197098154299 0.011201642130789559 -0.00048907425725465013)
(0.16863142447652474 0.011436179617122457 -0.0004993143850149682)
(0.17006765255152378 0.011676880236123432 -0.00050982360096503052)
(0.17154162156212954 0.011923905941452347 -0.00052060897617584132)
(0.17305432325764253 0.012177422942557279 -0.00053167776753417666)
(0.17460677544839565 0.012437601816507309 -0.00054303742262776949)
(0.17620002269055857 0.012704617622764661 -0.00055469558469034195)
(0.17783513698894357 0.012978650020971419 -0.0005666600977784626)
(0.17951321851830726 0.013259883391832513 -0.00057893901206584387)
(0.18123539636361119 0.01354850696117527 -0.00059154058929050712)
(0.18300282927968534 0.013844714927267628 -0.00060447330836534705)
(0.18481670647086765 0.01414870659148396 -0.00061774587101048873)
(0.1866782483911878 0.014460686492404574 -0.00063136720761312046)
(0.18858870756571183 0.014780864543476897 -0.00064534648319990206)
(0.19054936943284442 0.015109456174130972 -0.00065969310360389005)
(0.1925615532097551 0.015446682474854232 -0.00067441672184421911)
(0.19462661277964857 0.015792770345876932 -0.00068952724459920276)
(0.19674593760281481 0.016147952649884341 -0.0007050348388741262)
(0.19892095365157894 0.016512468368783392 -0.00072094993884194995)
(0.20115312436958366 0.016886562764396994 -0.00073728325286172281)
(0.20344395165666532 0.017270487543472716 -0.00075404577068470286)
(0.20579497687928827 0.017664501026890676 -0.00077124877084937325)
(0.20822217567231921 0.018072054816594414 -0.00078904295355644366)
(0.21083697281932073 0.018517728820445108 -0.00080850150074352498)
(0.21337677094381372 0.018943299590315776 -0.00082708232180363336)
(0.21604569952063349 0.019403007704229917 -0.00084715361169136717)
(0.21858925234315574 0.019780495651430061 -0.00086363509149234351)
(0.22129999999999997 0.019974643775279126 -0.00087211178114551)
(0.15288250008926013 0.0092761744183569462 -0.00040500652178858415)
(0.1538605012553787 0.009365365639755447 -0.00040890069470056402)
(0.1550253146313802 0.0095005744108548149 -0.00041480403719294052)
(0.15606029768768112 0.0096515074772429588 -0.00042139391711866269)
(0.15704113388420649 0.0098173040326749034 -0.00042863275089968789)
(0.15824631851409443 0.01003908029339828 -0.00043831571139185579)
(0.15944829404845512 0.01025103865661341 -0.00044757001331827373)
(0.16055926703240511 0.010439860658439397 -0.00045581415993459857)
(0.16179899269380174 0.010655684812133142 -0.00046523724597422945)
(0.16312893556601904 0.010889940686045266 -0.00047546507830512519)
(0.16450349435378739 0.011132492578142207 -0.00048605512261344912)
(0.16586928936999287 0.011371481741458182 -0.00049648961481791102)
(0.16723284820714643 0.0116083106165505 -0.0005068297867832825)
(0.16863223839115921 0.01185136283700073 -0.00051744167586231283)
(0.17006840149151628 0.012100801938726646 -0.00052833242220649487)
(0.17154230382008859 0.012356795755012612 -0.0005395093535975632)
(0.17305493708130948 0.01261951652943491 -0.00055097999037894817)
(0.17460731903946639 0.0128891410317545 -0.00056275205051831362)
(0.17620049420347392 0.013165850676855927 -0.00057483345473211618)
(0.17783553452964712 0.013449831646810202 -0.0005872323318504032)
(0.17951354014297091 0.013741275016146359 -0.00059995702430331894)
(0.18123564007732787 0.014040376880414903 -0.00061301609376602356)
(0.18300299303512615 0.014347338488128254 -0.00062641832697294623)
(0.18481678816690303 0.014662366376170285 -0.00064017274155462039)
(0.18667824587147369 0.014985672508764246 -0.00065428859211025616)
(0.18858861861724502 0.015317474420131622 -0.00066877537639697059)
(0.19054919178446331 0.015657995360730752 -0.00068364284172060135)
(0.19256128453062077 0.016007464447598464 -0.00069890099154699666)
(0.19462625067767222 0.016366116818433394 -0.00071456009221011882)
(0.19674547962304859 0.016734193789852355 -0.00073063067982190712)
(0.19892039727456573 0.017111943019848266 -0.00074712356736132809)
(0.20115246700965747 0.017499618674318335 -0.00076404985194758793)
(0.20344319066021521 0.017897481598063369 -0.00078142092230786746)
(0.20579410952297192 0.01830579949013857 -0.0007992484664408083)
(0.20822172171769254 0.01872814926069849 -0.00081768865562196048)
(0.21084143822242751 0.019190003175509809 -0.0008378536329759123)
(0.21338106766810669 0.01963102402123067 -0.00085710901891467733)
(0.21605208816672036 0.020107421545536134 -0.00087790898420291139)
(0.2185906900391284 0.020498613952322518 -0.00089498881363472794)
(0.22130000000000002 0.020699810500198808 -0.00090377324410886243)
(0.15288045161855843 0.0095790925472824823 -0.00041823221292479812)
(0.15385687203518109 0.0096711963527575801 -0.00042225355200668915)
(0.15502532433177471 0.0098108204341032373 -0.00042834967110950305)
(0.1560588027132343 0.0099666822954882495 -0.00043515474686994267)
(0.1570354383677601 0.010137893020607901 -0.00044262996839937099)
(0.15824279661473845 0.010366911496376896 -0.00045262913082376476)
(0.1594458639021876 0.010585791466269475 -0.00046218563662191181)
(0.16055395416066584 0.010780779545285633 -0.00047069899998158118)
(0.16179397248529637 0.011003651544984134 -0.00048042980162282681)
(0.16312609797210309 0.011245557161970822 -0.00049099162894917115)
(0.16450321243967342 0.011496029707777765 -0.00050192749646676645)
(0.16587016457817527 0.011742823182108189 -0.00051270273224851678)
(0.16723366591121808 0.011987385822919331 -0.00052338056771645452)
(0.16863299708003932 0.012238375035552919 -0.00053433899335670178)
(0.1700690996144153 0.012495959696274164 -0.00054558538248598008)
(0.17154293978546509 0.012760313119047522 -0.00055712730217841232)
(0.17305550925579891 0.013031613172149655 -0.00056897251835801607)
(0.17460782574678335 0.013310042397846751 -0.00058112900102656121)
(0.17620093372328419 0.013595788135217413 -0.00059360492955547303)
(0.17783590509640976 0.013889042646201574 -0.00060640869822582244)
(0.17951383994475051 0.014190003244962862 -0.00061954892189399467)
(0.18123586725457588 0.014498872430650362 -0.000633034441820947)
(0.18300314567942907 0.014815858023647615 -0.00064687433167632917)
(0.18481686431969718 0.015141173305404043 -0.0006610779035659234)
(0.1866782435227273 0.015475037161940939 -0.0006756547143025194)
(0.18858853570411158 0.015817674231168907 -0.00069061457179725786)
(0.19054902618988423 0.016169315053902004 -0.00070596754165913719)
(0.19256103408190914 0.016530196229108826 -0.0007217239540222018)
(0.19462591314504751 0.01690056057302752 -0.00073789441047269946)
(0.19674505271813603 0.017280657282590057 -0.00075448979118458964)
(0.19891987864885827 0.017670742103185356 -0.00077152126224009146)
(0.20115185425293206 0.018071077500625508 -0.00078900028314040629)
(0.20344248129891362 0.018481932837729136 -0.00080693861451731333)
(0.20579330101853618 0.018903584555398374 -0.00082534832604691294)
(0.20822129856480556 0.019339726369583192 -0.00084439068885610008)
(0.21084560063890062 0.019816662355666773 -0.00086521416366109119)
(0.21338507285096472 0.020272084958338057 -0.0008850983438869459)
(0.21605804333024697 0.020764039482779464 -0.00090657754247574845)
(0.21859203018452092 0.021168006473846958 -0.00092421512230557521)
(0.22129999999999997 0.021375773195922251 -0.00093328641276345869)
(0.15287854214073757 0.0098614570683995904 -0.0004305605141637042)
(0.15385348906491522 0.0099562758332299335 -0.00043470039093363838)
(0.15502533337397789 0.010100015637090121 -0.00044097620636391162)
(0.15605740917582786 0.010260471864761206 -0.00044798187648637227)
(0.15703012930362584 0.010436729397203146 -0.00045567744637729551)
(0.1582395136833781 0.010672498689076933 -0.00046597135579318146)
(0.15944359864626018 0.010897830620632454 -0.00047580956031904479)
(0.16054900177802128 0.011098566396028324 -0.00048457387352143495)
(0.16178929290809327 0.01132800803112336 -0.00049459151163826047)
(0.16312345291467437 0.011577044340642642 -0.00050546467172398737)
(0.16450294965400225 0.011834900107782991 -0.00051672289764655285)
(0.16587098040171208 0.012088968354838515 -0.00052781575686459644)
(0.16723442813241449 0.012340740009720134 -0.0005388083446834054)
(0.16863370429034419 0.01259912767356202 -0.00055008979367819632)
(0.17006975036826341 0.012864305200623437 -0.00056166769451018652)
(0.17154353259930424 0.013136451013673703 -0.00057354983730941497)
(0.17305604260709184 0.013415748224042571 -0.00058574421691734706)
(0.17460829807298389 0.013702384754825294 -0.00059825903826883403)
(0.17620134342078619 0.013996553467325977 -0.00061110272184000788)
(0.17783625051946797 0.014298452290822071 -0.00062428390935157353)
(0.17951411940437298 0.01460828435573998 -0.00063781146960148558)
(0.18123607901738806 0.014926258130330237 -0.00065169450446603706)
(0.18300328796650731 0.015252587560932765 -0.00066594235508096299)
(0.18481693530537024 0.015587492215930117 -0.00068056460804655271)
(0.18667824133334807 0.015931197433483625 -0.00069557110188337345)
(0.188588458416802 0.016283934473193342 -0.00071097193361201031)
(0.19054887183123229 0.01664594067156366 -0.00072677746554711091)
(0.19256080062664921 0.017017459601830733 -0.00074299833232581631)
(0.19462559851469421 0.01739874123776777 -0.00075964544803911501)
(0.19674465477958528 0.017790042121926603 -0.00077673001357768271)
(0.19891939521295421 0.018191625538345958 -0.000794263524168221)
(0.20115128307298991 0.018603761689586797 -0.00081225777710557362)
(0.20344182006921127 0.019026727878520801 -0.00083072487969164041)
(0.20579254737276184 0.019460808694745067 -0.00084967725738239292)
(0.20822090412369795 0.019909806734495467 -0.00086928093512083997)
(0.2108494806269961 0.020400801442806569 -0.00089071822699276994)
(0.2133888062740639 0.020869648614086467 -0.0009111885365413727)
(0.21606359442388182 0.02137610456473496 -0.00093330088107730614)
(0.21859327939833773 0.0217919793586989 -0.00095145836681238794)
(0.22129999999999997 0.022005870455363261 -0.00096079705322384525)
(0.1528767622248495 0.010124662585575133 -0.00044205231522512857)
(0.15385033563602524 0.010222012094276492 -0.00044630268666118726)
(0.15502534180264921 0.010369588360553062 -0.00045274600565960122)
(0.15605611019275339 0.010534327217463953 -0.00045993865941084544)
(0.15702518047023259 0.010715289121142387 -0.00046783962658120229)
(0.15823645350555149 0.010957351172592302 -0.00047840828380897588)
(0.15944148709252973 0.011188697287160519 -0.00048850907323404311)
(0.16054438542455715 0.011394790766109959 -0.00049750730882468913)
(0.16178493084966952 0.011630356273550418 -0.00050779232098199659)
(0.16312098732974278 0.011886039443689579 -0.00051895568926959928)
(0.16450270469887057 0.012150777465660638 -0.00053051440092727223)
(0.16587174086997161 0.012411626877396017 -0.00054190333218894881)
(0.16723513863536085 0.012670118400160607 -0.00055318931577492286)
(0.16863436351499925 0.012935402515330284 -0.00056477187033622046)
(0.17007035696714654 0.013207657717391389 -0.00057665878913129185)
(0.17154408518952532 0.013487067191275367 -0.00058885807021129711)
(0.17305653976942065 0.013773818935613297 -0.00060137792180263688)
(0.17460873835089627 0.014068105889229356 -0.0006142267678325593)
(0.17620172531948397 0.01437012606095899 -0.0006274132535224609)
(0.17783657250487292 0.014680082662876858 -0.00064094625124340074)
(0.17951437990209465 0.014998184247026931 -0.00065483486650445431)
(0.18123627641166506 0.015324644845745593 -0.00066908844411397192)
(0.18300342059911939 0.015659684115670602 -0.00068371657452565894)
(0.18481700147452168 0.016003527485536528 -0.00069872910020930541)
(0.18667823929252267 0.016356406307853975 -0.00071413612227881151)
(0.18858838637359268 0.016718558014617441 -0.00072994800724754784)
(0.19054872794612712 0.017090226276920289 -0.00074617539400373227)
(0.19256058301180093 0.017471661169048087 -0.00076282920102645169)
(0.19462530523264673 0.01786311933665588 -0.00077992063370735528)
(0.19674428384197018 0.018264864169500173 -0.00079746119189255812)
(0.19891894457915416 0.018677165978756887 -0.00081546267762012492)
(0.20115075064876228 0.019100302178781753 -0.00083393720305856083)
(0.20344120370528182 0.019534557473750904 -0.00085289719865761578)
(0.20579184486337784 0.019980224049050914 -0.0008723554215127493)
(0.20822053644621744 0.020441205993455933 -0.00089248232782704491)
(0.21085309735005062 0.020945305511252604 -0.00091449178803625596)
(0.21339228637685365 0.021426666367004989 -0.00093550845684740088)
(0.2160687688645844 0.021946639792758075 -0.00095821098709718755)
(0.21859444385047005 0.022373614421104131 -0.0009768531020701559)
(0.22129999999999997 0.022593214341152936 -0.00098644104107883284)
(0.15287510307985488 0.01037000907598252 -0.00045276437433823568)
(0.15384739617366439 0.010469717612463906 -0.0004571177431538072)
(0.15502534965941817 0.010620870029421286 -0.00046371720026442732)
(0.15605489934830813 0.010789600930514905 -0.00047108415042700048)
(0.15702056742519585 0.010974948004325146 -0.00047917657825589173)
(0.15823360096698072 0.011222875838884584 -0.00049000134110073988)
(0.15943951881199125 0.011459828061982244 -0.00050034689850842764)
(0.16054008230001376 0.011670915713461258 -0.0005095631843800944)
(0.16178086476573367 0.011912189576120771 -0.00052009742870837692)
(0.16311868903973636 0.012174068603941081 -0.00053153131398430765)
(0.16450247636444001 0.012445221905830754 -0.00054337012281212044)
(0.1658724497389214 0.012712392366505117 -0.00055503503703035768)
(0.16723580092924492 0.012977147800523474 -0.00056659450888719596)
(0.16863497800992799 0.013248860428847792 -0.00057845773839321863)
(0.17007092240706839 0.013527713071342717 -0.00059063270765747657)
(0.17154460028538207 0.013813893351979472 -0.0006031276085443813)
(0.17305700319827982 0.014107593825077187 -0.0006159508481866704)
(0.17460914875506164 0.014409012104861615 -0.00062911105464491155)
(0.17620208130558254 0.014718350998429114 -0.00064261708263634455)
(0.17783687264291684 0.015035818642203084 -0.00065647801953229001)
(0.17951462272451901 0.015361628641977343 -0.00067070319149161535)
(0.18123646041234109 0.015696000216639638 -0.00068530216977129722)
(0.18300354423234047 0.01603915834567032 -0.00070028477722628292)
(0.1848170631539624 0.016391333920519217 -0.00071566109483459854)
(0.18667823739017139 0.016752763899960464 -0.00073144146848599034)
(0.18858831921866084 0.017123691469573526 -0.00074763651590098272)
(0.19054859382391745 0.017504366205226093 -0.0007642571337752866)
(0.1925603801625603 0.017895044241143767 -0.00078131450517068661)
(0.19462503185037949 0.018295988442162753 -0.0007988201070141522)
(0.19674393807322266 0.018707468580647566 -0.00081678571782250727)
(0.19891852452176903 0.01912976151810581 -0.00083522342562740708)
(0.20115025435059561 0.019563151391353169 -0.00085414563610620357)
(0.2034406291628918 0.020007929803676695 -0.00087356508093026258)
(0.20579119002067664 0.020464396020862797 -0.00089349482633212013)
(0.20822019371639769 0.02093654873774986 -0.00091410945910497515)
(0.21085646867112973 0.021452863877199319 -0.00093665226487236618)
(0.21339553034762934 0.021945889338619316 -0.000958178221364882)
(0.2160735922090182 0.022478463051447184 -0.00098143089203397396)
(0.2185955292921698 0.022915784367959127 -0.0010005247531707014)
(0.22130000000000002 0.023140705756177594 -0.0010103450324836735)
(0.15287355651120443 0.010598708310714272 -0.0004627495985715274)
(0.1538446561597708 0.010700615810168826 -0.00046719897618606237)
(0.15502535698308947 0.010855101728749277 -0.00047394397712213001)
(0.15605377066210788 0.011027553805752474 -0.00048147339733194643)
(0.1570162673845964 0.011216988507030505 -0.00048974429482639232)
(0.15823094197892221 0.011470384119449825 -0.00050080778600413117)
(0.15943768408326892 0.011712562065272828 -0.00051138150339168716)
(0.1605360711511753 0.011928305024572775 -0.00052080104439172238)
(0.16177707457381796 0.012174899919002537 -0.00053156760998401755)
(0.16311654669335598 0.012442554403026978 -0.00054325365712340056)
(0.16450226352296249 0.01271968769511558 -0.00055535355796176205)
(0.16587311050967904 0.01299275030877182 -0.00056727572913468211)
(0.1672364182851494 0.013263344634994361 -0.0005790901325299783)
(0.16863555081013276 0.013541049588851798 -0.00059121499261796055)
(0.17007144948074773 0.013826052022101415 -0.0006036584675443848)
(0.17154508043094294 0.014118543696556381 -0.00061642892983629382)
(0.17305743518255337 0.014418721413111228 -0.00062953497203656371)
(0.17460953131247425 0.014726787144157821 -0.0006429854124882237)
(0.17620241313730425 0.015042948169481745 -0.00065678930118964014)
(0.1778371524159873 0.0153674172157281 -0.00067095592592419223)
(0.17951484907095067 0.015700412599533399 -0.0006854948185290047)
(0.18123663192819903 0.016042158374418764 -0.00070041576134468339)
(0.18300365947679742 0.016392884481541484 -0.00071572879385852211)
(0.18481712064832831 0.016752826904410378 -0.00073144421937351831)
(0.18667823561689853 0.017122227827666783 -0.00074757261194672675)
(0.18858825662032702 0.017501335800082757 -0.00076412482346091299)
(0.19054846880217094 0.017890405901649427 -0.00078111199092652109)
(0.192560191077051 0.018289699915353258 -0.00079854554403556064)
(0.1946247770176521 0.018699486503227582 -0.00081643721282610303)
(0.19674361576558408 0.019120041387172042 -0.00083479903557730705)
(0.19891813296612718 0.019551647534572694 -0.00085364336690917715)
(0.20114979172726344 0.019994595348572654 -0.00087298288609274205)
(0.20344009360436516 0.020449182863451276 -0.00089283060558248699)
(0.20579057961037739 0.020915715944975342 -0.0009131998797724494)
(0.20821987424148952 0.021398281474834645 -0.00093426914577704847)
(0.21085961124125396 0.021925983381297247 -0.00095730910852761424)
(0.21339855420842579 0.022429881981294454 -0.00097930979650210216)
(0.21607808827977529 0.022974201026230479 -0.0010030752794501928)
(0.21859654108445437 0.023421166987186347 -0.0010225902348596492)
(0.22129999999999997 0.023651048771194578 -0.0010326270897172782)
(0.15287211488036537 0.010811889839743044 -0.00047205730514188394)
(0.15384210206136256 0.010915847098084843 -0.0004765961771641606)
(0.15502536380983487 0.011073440333460029 -0.00048347684648270429)
(0.15605271855954952 0.011249361097059929 -0.00049115771281840433)
(0.15701225911045003 0.011442606072013362 -0.00049959497045057798)
(0.15822846340858229 0.011701098462504222 -0.00051088099176090692)
(0.15943597384460173 0.011948147555194761 -0.00052166738801216186)
(0.16053233216689949 0.012168229950262954 -0.00053127639286894887)
(0.16177354155409074 0.012419784833693645 -0.0005422595162575402)
(0.16311454970951114 0.012692822897535835 -0.00055418061556785205)
(0.16450206512320975 0.012975530425391686 -0.00056652389279569413)
(0.16587372644580409 0.013254085397530986 -0.00057868586551852719)
(0.16723699375220685 0.013530122435310394 -0.00059073790283170624)
(0.16863608474468492 0.013813413123291903 -0.00060310664133742008)
(0.17007194079141175 0.014104148071553337 -0.00061580040327368344)
(0.17154552799765624 0.014402522898988884 -0.0006288277295718452)
(0.17305783785582016 0.014708738364929745 -0.00064219738560446714)
(0.17460988791259252 0.015023000504223514 -0.00065591836708598988)
(0.17620272245357238 0.015345520765863971 -0.00066999990604568694)
(0.177837413205889 0.0156765161552621 -0.00068445147708063258)
(0.17951506005931914 0.016016209380256909 -0.00069928280375052324)
(0.18123679180635904 0.016364829000963234 -0.0007145038651571418)
(0.18300376690168485 0.016722609583555498 -0.00073012490272118737)
(0.18481717424158517 0.017089791858094987 -0.00074615642698542812)
(0.18667823396394578 0.01746662288050459 -0.00076260922469261491)
(0.18858819826941675 0.0178533561988455 -0.00077949436599937159)
(0.19054835226340289 0.018250252023766352 -0.00079682321192503589)
(0.19256001482137597 0.018657577403734638 -0.00081460742205748159)
(0.19462453947584077 0.019075606404629252 -0.00083285896237178232)
(0.19674331532717076 0.01950462029419699 -0.00085159011328403195)
(0.19891776797832769 0.019944907731406145 -0.00087081347791402477)
(0.20114936049386015 0.020396764960544263 -0.0008905419905625826)
(0.20343959438456791 0.020860496010527186 -0.00091078892541560737)
(0.20579001061765168 0.021336412899280028 -0.00093156790547629671)
(0.20821957644360012 0.021828684711687741 -0.00095306095692820674)
(0.21086254058163828 0.022367000769987835 -0.00097656434355495995)
(0.21340137289415037 0.022881034744114948 -0.00099900755152005326)
(0.21608227928303644 0.023436302176616429 -0.0010232510513966651)
(0.21859748422458575 0.023892258373380937 -0.0010431585289806316)
(0.22129999999999997 0.024126763980290424 -0.0010533972642941107)
(0.15287077106709496 0.011010606570790921 -0.00048073346499325869)
(0.15383972126369791 0.011116474507733095 -0.00048535575904667711)
(0.15502537017337173 0.011276964222172827 -0.00049236289137350787)
(0.15605173784427798 0.011456118314967179 -0.00050018492790909633)
(0.15700852280581262 0.011652915028819485 -0.00050877725780712946)
(0.15822615301425372 0.011916158370679671 -0.00052027071013040509)
(0.15943437964908769 0.012167748093069131 -0.00053125535455423732)
(0.16052884688027022 0.01239187548441063 -0.00054104096776183682)
(0.16177024825689887 0.012648053811555173 -0.00055222595506217967)
(0.16311268822505984 0.012926110168434247 -0.00056436615777814543)
(0.16450188018528158 0.013214013708884647 -0.00057693629781512532)
(0.16587430058941713 0.013497688371873659 -0.00058932180106762507)
(0.16723753017266038 0.013778798822220968 -0.00060159534835665853)
(0.16863658245069768 0.014067296240967071 -0.00061419141763612906)
(0.17007239876565333 0.014363374741500703 -0.00062711848410231875)
(0.1715459451960627 0.014667233538086306 -0.00064038524566430914)
(0.17305821320689121 0.014979077079903815 -0.00065400062879750404)
(0.17461022031667139 0.015299115188610718 -0.00066797379455274693)
(0.17620301078210601 0.015627563199519797 -0.00068231414463905285)
(0.17783765630066833 0.015964642106484978 -0.00069703132779150398)
(0.17951525673169991 0.0163105787105958 -0.00071213524628360421)
(0.1812369408364625 0.016665605772779306 -0.00072763606262766969)
(0.18300386703757632 0.017029962170410289 -0.00074354420647621455)
(0.18481722419843113 0.017403893058039327 -0.00075987038155014017)
(0.18667823242314924 0.017787650032344535 -0.00077662557284673866)
(0.18858814387773379 0.018181491301464365 -0.00079382105398616981)
(0.19054824363202599 0.018585681858579485 -0.00081146839479720771)
(0.19255985052500504 0.019000493660364846 -0.00082957946916469212)
(0.19462431805172184 0.019426205809883086 -0.00084816646299189409)
(0.19674303527411155 0.019863104744431183 -0.00086724188240236357)
(0.19891742775568874 0.020311484428374299 -0.0008868185621544707)
(0.20114895852051562 0.020771646550810968 -0.00090690967427454257)
(0.2034391290378437 0.021243900728545269 -0.00092752873692089198)
(0.20578948023223348 0.021728564714224297 -0.00094868962348020199)
(0.20821929885189991 0.022229884218275063 -0.0009705777056795644)
(0.21086527116035186 0.022778094236739523 -0.00099451307193506428)
(0.21340400032634674 0.023301575879359389 -0.0010173687740142449)
(0.21608618591824866 0.023867048829182967 -0.0010420578564038169)
(0.21859836337075136 0.024331385256070526 -0.0010623312227387349)
(0.22129999999999997 0.024570200950144064 -0.0010727581405107591)
(0.15286951843427335 0.011195839969661161 -0.00048882092984806492)
(0.15383750200797081 0.01130348894179564 -0.00049352098557906064)
(0.15502537610512979 0.011466678603336215 -0.00050064600014324955)
(0.15605082367252143 0.011648846637398607 -0.00050859962819509641)
(0.15700504001700291 0.011848954097480831 -0.00051733650839206127)
(0.1582239993848539 0.012116626029049423 -0.00052902331711445112)
(0.15943289362296414 0.012372448290227676 -0.00054019275817132313)
(0.16052559807738903 0.012600346216662874 -0.00055014299649587864)
(0.16176717841658333 0.012860834277512717 -0.00056151615083321828)
(0.16311095304609405 0.01314356842609482 -0.00057386059034554885)
(0.16450170779576592 0.013436315419174422 -0.00058664220009115519)
(0.16587483577622461 0.013724762391632577 -0.00059923606687471286)
(0.16723803019590106 0.014010602013242253 -0.00061171609423965535)
(0.16863704638635069 0.014303952875538086 -0.00062452406944002513)
(0.17007282566541623 0.01460501235751299 -0.00063766861025184307)
(0.17154633408671333 0.01491398302484852 -0.00065115856091066729)
(0.17305856308963277 0.015231072766209639 -0.00066500299806359047)
(0.17461053016646116 0.015556494933121027 -0.00067921123687944779)
(0.17620327954696535 0.01589046848351984 -0.0006937928372338835)
(0.17783788290097516 0.01623321812907905 -0.00070875761018437153)
(0.17951544005946185 0.016584974486403385 -0.00072411562459212921)
(0.18123707975457198 0.016945974232198492 -0.00073987721393523141)
(0.18300396037904501 0.017316460262515862 -0.00075605298332609633)
(0.18481727076560411 0.017696681856184823 -0.00077265381655623245)
(0.18667823098689884 0.018086894842539298 -0.00078969088342550149)
(0.18858809317663652 0.01848736177359931 -0.00080717564721218622)
(0.19054814237150772 0.018898352100573099 -0.00082511987238635426)
(0.19255969737647519 0.019320142355311268 -0.00084353563258932952)
(0.19462411165167734 0.019753016336277095 -0.00086243531873000739)
(0.1967427742232189 0.020197265299553287 -0.00088183164732468563)
(0.19891711061784403 0.020653188154919993 -0.00090173766905316465)
(0.20114858382187559 0.021121091666845265 -0.0009221667775371205)
(0.20343869526583611 0.021601290660871925 -0.00094313271835325498)
(0.20578898583453875 0.022094108235256545 -0.00096464959828271117)
(0.20821904009535808 0.022603861526770179 -0.00098690590759421977)
(0.21086781646377611 0.023161294180187766 -0.0010112439427868217)
(0.21340644948195364 0.023693582447881844 -0.0010344841504200308)
(0.21608982748035907 0.024268568450032883 -0.0010595885816477076)
(0.2185991828650713 0.024740716491477605 -0.0010802030104416843)
(0.22130000000000002 0.02498354982458242 -0.0010908053421117743)
(0.15286835079512254 0.011368504907716907 -0.00049635964385266686)
(0.15383543333323405 0.011477814068203104 -0.00050113218497411594)
(0.15502538163440605 0.011643520479972124 -0.00050836708322739863)
(0.15604997152916783 0.011828497953290733 -0.00051644337404493435)
(0.15700179354245911 0.012031691518774002 -0.00052531499651064346)
(0.15822199188356542 0.012303491551280868 -0.00053718204200933501)
(0.1594315084267191 0.012563259164929265 -0.00054852374087387742)
(0.16052256971235518 0.012794671788024797 -0.00055862743416819002)
(0.16176431687114304 0.013059177158430043 -0.00057017598802843058)
(0.16310933560253113 0.013346271701085615 -0.00058271080645735051)
(0.16450154710322762 0.013643533508735898 -0.00059568953726407941)
(0.16587533464952459 0.01393642897981201 -0.00060847762969162248)
(0.16723849629155335 0.014226676888847444 -0.00062115012704164348)
(0.16863747884303112 0.014524551878730326 -0.00063415562991752349)
(0.17007322359916666 0.014830254372479883 -0.00064750288900069879)
(0.17154669659034663 0.01514399005979436 -0.00066120088492465647)
(0.17305888923212265 0.015465970035447736 -0.00067525883431872487)
(0.1746108189923159 0.015796410941323238 -0.00068968619601251461)
(0.17620353007558537 0.016135535112180018 -0.00070449267731637207)
(0.17783809412599277 0.016483570725248538 -0.0007196882405962607)
(0.17951561094806429 0.016840751953758309 -0.00073528310999779829)
(0.1812372092468067 0.017207319124500076 -0.00075128777836444495)
(0.18300404738710627 0.017583518879526677 -0.00076771301436321488)
(0.1848173141731001 0.017969604342105535 -0.00078456986963806798)
(0.18667822964810096 0.018365835287032124 -0.00080186968625220695)
(0.18858804591571127 0.018772478315466898 -0.00081962410427335083)
(0.19054804798172048 0.019189807034159456 -0.00083784506960605577)
(0.19255955461938298 0.01961810223970116 -0.00085654484209424686)
(0.19462391925629333 0.020057652107363471 -0.00087573600374239876)
(0.19674253088515736 0.020508752385050483 -0.00089543146718398326)
(0.1989168149984436 0.020971706592400913 -0.0009156444843695246)
(0.20114823454729636 0.02144682622487824 -0.00093638865548035556)
(0.20343829092613669 0.021934430963340586 -0.00095767793808076962)
(0.20578852498272762 0.022434848888943554 -0.00097952665651008294)
(0.20821879889597109 0.02295246371838033 -0.0010021262079793066)
(0.21087018906321428 0.023518493232313375 -0.001026839590207086)
(0.2134087324573983 0.024058990577755825 -0.0010504382139146819)
(0.21609322195511388 0.02464284415239033 -0.0010759298117216057)
(0.21859994675504391 0.025122273774542722 -0.0010968621611968719)
(0.22130000000000002 0.025368852141743416 -0.0011076280045772065)
(0.15286726238265008 0.011529454180448649 -0.00050338684086229687)
(0.15383350502226281 0.011640310882148569 -0.000508226949093829)
(0.15502538678850974 0.011808363277552004 -0.00051556427520562146)
(0.15604917720546455 0.011995959563990195 -0.00052375490587206451)
(0.15699876734778029 0.012202029836380291 -0.00053275212807101901)
(0.15822012059530019 0.012477677869826202 -0.00054478718091614646)
(0.15943021721884132 0.012741123135798747 -0.00055628944954765535)
(0.16051974682801484 0.012975811976276468 -0.00056653618558160919)
(0.16176164948734939 0.013244062073657331 -0.00057824823775231345)
(0.16310782790578582 0.013535221148828019 -0.00059096051750322188)
(0.16450139731400309 0.013836691431747533 -0.00060412299430832785)
(0.16587579967326202 0.014133733561811681 -0.00061709213377702089)
(0.16723893076167279 0.014428090647053696 -0.00062994404163429314)
(0.16863788195665103 0.014730182793315167 -0.000643133669533329)
(0.17007359453230714 0.015040213261098308 -0.0006566698920430794)
(0.17154703449737516 0.015358390652147195 -0.00067056181694008521)
(0.17305919324518473 0.015684929049803838 -0.00068481879133783187)
(0.17461108822075214 0.016020048163052535 -0.00069945040797903142)
(0.17620376360533174 0.01636397347435023 -0.0007144665116049899)
(0.17783829101896564 0.016716936391339785 -0.00072987720562357273)
(0.17951577024152937 0.017079174402551304 -0.00074569285892843787)
(0.18123732995273137 0.017450931237194968 -0.0007619241129151671)
(0.1830041284914945 0.017832457029151223 -0.00077858188870785945)
(0.18481735463530979 0.018224008485272659 -0.00079567739441379877)
(0.1866782284001432 0.018625849058108764 -0.00081322213267111232)
(0.1885880018615354 0.019038249123218037 -0.00083122790834143498)
(0.19054795999647123 0.019461486160929582 -0.00084970683645311336)
(0.19255942154864819 0.019895844943204195 -0.00086867135041845186)
(0.19462373991532531 0.020341617725146251 -0.00088813421037128111)
(0.19674230405807555 0.020799104441702066 -0.00090810851175530147)
(0.19891653943741752 0.021268612909580681 -0.0009286076941351347)
(0.20114790897170373 0.021750459034233414 -0.00094964555023628009)
(0.20343791402170383 0.022244967022390691 -0.00097123623522683529)
(0.20578809540064419 0.022752469600007413 -0.00099339427624252764)
(0.20821857406245042 0.023277412546116451 -0.0010163137801947352)
(0.21087240067698113 0.023851455606188742 -0.0010413770414020801)
(0.21341086052834093 0.024399605026848518 -0.0010653097619283906)
(0.21609638610789014 0.024991724491235639 -0.001091162256278976)
(0.2186006588135366 0.025477941624115062 -0.0011123909548741979)
(0.22129999999999997 0.025728010917272559 -0.0011233092153644755)
(0.15286624782116559 0.011679482719447765 -0.000509937228339791)
(0.15383170755109168 0.011791781958559611 -0.00051484031911630827)
(0.15502539159289708 0.011962021157862263 -0.00052227312314921312)
(0.15604843677823133 0.012152058565652383 -0.00053057033547452203)
(0.15699594648653198 0.012360810354566499 -0.00053968463521075045)
(0.15821837627772914 0.012640045294303782 -0.00055187629576400278)
(0.15942901362202996 0.012906918676450907 -0.00056352823917897956)
(0.1605171154820873 0.013144661436334108 -0.00057390831221333454)
(0.16175916309094188 0.013416402173390234 -0.0005857727690034033)
(0.16310642250931451 0.01371134999432291 -0.00059865046896662448)
(0.16450125768828047 0.014016743198951478 -0.00061198422423242526)
(0.16587623314419817 0.014317650628803217 -0.00062512212633429327)
(0.16723933575211572 0.014615838074333904 -0.00063814127133297741)
(0.16863825771819632 0.014921861234382971 -0.00065150253099988923)
(0.17007394029688372 0.015235926014406629 -0.00066521489538547542)
(0.17154734947672823 0.015558243730606604 -0.00067928759078241636)
(0.17305947663034571 0.015889031252112547 -0.00069373008593474233)
(0.17461133918149435 0.016228511146900809 -0.00070855209841199068)
(0.17620398128961237 0.016576911831548465 -0.00072376360106145895)
(0.17783847455235205 0.016934467724920774 -0.00073937482876293642)
(0.1795159187266106 0.017301419405898563 -0.00075539628533667397)
(0.18123744246851486 0.017678013775250436 -0.00077183875065081164)
(0.18300420409278598 0.018064504221756837 -0.0007887132879420139)
(0.18481739235207664 0.018461150792702049 -0.00080603125116453375)
(0.18667822723686192 0.01886822036884651 -0.00082380429263609074)
(0.18858796079652448 0.019285986844046251 -0.00084204437083063369)
(0.19054787798119913 0.019714731309379636 -0.00086076375842490986)
(0.19255929750703196 0.020154742242440075 -0.00087997505062263625)
(0.19462357274300468 0.02060631570133991 -0.00089969117360056349)
(0.19674209262167008 0.021069755523968409 -0.00091992539320857501)
(0.19891628257376448 0.021545373532540029 -0.00094069132389539576)
(0.20114760548707378 0.022033489743267319 -0.00096200293786617914)
(0.20343756269099914 0.022534432581663419 -0.00098387457448500973)
(0.20578769496657418 0.023048539103323499 -0.0010063209499238791)
(0.20821836448433886 0.02358031293856484 -0.0010295386969358807)
(0.21087446222828013 0.024161825809460549 -0.0010549280971262726)
(0.21341284420536533 0.024717108096555085 -0.0010791722453263165)
(0.21609933556649985 0.025316932593354369 -0.0011053611486600331)
(0.21860132255742018 0.025809476690627824 -0.0011268660884879485)
(0.22130000000000002 0.026062800043354293 -0.0011379264242789412)
(0.15286530209973012 0.011819331518589132 -0.00051604315877642321)
(0.15383003204197554 0.011932975416031446 -0.00052100495860484355)
(0.15502539607129698 0.012105253040165159 -0.00052852676218877518)
(0.15604774659048365 0.012297565934285435 -0.000536923324391796)
(0.15699331702642558 0.012508817293403087 -0.00054614675771756281)
(0.15821675031563379 0.012791395760584056 -0.00055848439982914846)
(0.15942789169169702 0.013061464654288722 -0.00057027586229076361)
(0.16051466267830375 0.013302054118968091 -0.00058078022514032059)
(0.16175684540156024 0.013577048648736446 -0.00059278674558803693)
(0.16310511247183671 0.013875528141367053 -0.00060581864166754315)
(0.16450112753644555 0.014184578089531202 -0.00061931205380400868)
(0.16587663720325446 0.014489088550760979 -0.0006326072676530076)
(0.16723971326313791 0.014790846458886482 -0.00064578230241476155)
(0.16863860798356073 0.015100533905485753 -0.00065930354828691205)
(0.17007426260063432 0.01541835926150357 -0.00067318010296574791)
(0.17154764308409504 0.015744536373417835 -0.0006874213032185307)
(0.17305974078725014 0.016079284707124521 -0.00070203673116695485)
(0.17461157311404255 0.016422829495603641 -0.00071703622073763227)
(0.17620418420357423 0.016775401890466415 -0.00073242986419160059)
(0.17783864563262691 0.017137239117482959 -0.00074822801895993701)
(0.17951605713667873 0.017508584636198293 -0.00076444131463444212)
(0.18123754734987485 0.017889688303742757 -0.00078108066016017313)
(0.18300427456437687 0.018280806542945276 -0.00079815725124373325)
(0.18481742750968452 0.018682202514866776 -0.00081568257779033346)
(0.18667822615251162 0.019094146295867587 -0.00083366843164122198)
(0.18858792251785764 0.019516915059377655 -0.00085212691445975611)
(0.19054780153082915 0.019950793262227991 -0.00087107044587431993)
(0.19255918188189031 0.020396072836209925 -0.00089051177190216889)
(0.19462341691366425 0.020853053384402 -0.00091046397349662557)
(0.19674189553165244 0.021322042382813856 -0.00093094047535135257)
(0.19891604313882988 0.021803355387383715 -0.00095195505493293731)
(0.20114732259448984 0.022297316246161894 -0.0009735218517481299)
(0.20343723519879342 0.022804257317191327 -0.00099565537685893167)
(0.2057873217027657 0.023324519691932562 -0.0010183705226471059)
(0.20821816912652616 0.023862660926660655 -0.0010418662763239906)
(0.21087638389915325 0.024451136766605042 -0.0010675596863076956)
(0.21341469328589088 0.025013067940717944 -0.001092094131183836)
(0.21610208489837648 0.025620074667894038 -0.00111859661747067)
(0.21860194126493859 0.02611851643222882 -0.0011403590550048441)
(0.2213 0.026374873050000001 -0.001151551826)
(0.15293892500665512 0.00093232532760910447 4.0706202910881456e-05)
(0.15396046775706537 0.00094128971647890137 4.1097596590235238e-05)
(0.15502504743499837 0.00095487921535263758 4.1690926930413192e-05)
(0.15610147660695806 0.00097004912422033861 4.2353259448492529e-05)
(0.15719801630616978 0.00098671292557724836 4.3080816712082404e-05)
(0.15834332887409849 0.0010090031085351781 4.4054027100970877e-05)
(0.15951523218053884 0.0010303065189187705 4.4984154078560574e-05)
(0.16070560954477997 0.0010492845508932275 4.5812752846573393e-05)
(0.16193727382712794 0.0010709765023080562 4.6759843897556846e-05)
(0.16320709680219034 0.0010945209802942909 4.7787818006125023e-05)
(0.1645112596494209 0.0011188992705314796 4.8852197143888358e-05)
(0.1658451818495125 0.0011429194797184321 4.9900942124761926e-05)
(0.16721032463155325 0.0011667225636838212 5.0940207211894362e-05)
(0.1686113403830248 0.0011911511406852348 5.2006781913484647e-05)
(0.1700491717671784 0.0012162216473129367 5.3101383868483853e-05)
(0.17152478621839545 0.0012419509520748661 5.4224749574094188e-05)
(0.1730391765931186 0.0012683563667464854 5.537763488141725e-05)
(0.17459336183789159 0.0012954556580188764 5.6560815504277098e-05)
(0.17618838767494716 0.0013232670594529906 5.7775087534276988e-05)
(0.17782532730581235 0.0013518092837478922 5.902126798000211e-05)
(0.17950528213340539 0.0013811015353314884 6.0300195318454548e-05)
(0.18122938250310816 0.0014111635232821266 6.161273006241019e-05)
(0.18299878846330783 0.001442015474589599 6.295975534479499e-05)
(0.18481469054592417 0.001473678147764821 6.4342177505330667e-05)
(0.18667831056745479 0.001506172846807154 6.5760926700874058e-05)
(0.18859090245108287 0.0015395214355426933 6.7216957527481351e-05)
(0.19055375307032341 0.0015737463523223499 6.8711249662732762e-05)
(0.19256818311494184 0.0016088706251323151 7.0244808530217089e-05)
(0.1946355479795335 0.0016449178870805974 7.1818665973746645e-05)
(0.19675723867550141 0.0016819123923029699 7.3433880951850219e-05)
(0.19893468276699436 0.0017198790322912256 7.5091540250276186e-05)
(0.20116934533141553 0.001758843352630504 7.6792759213005105e-05)
(0.20346272994521042 0.0017988315701860133 7.8538682492813064e-05)
(0.20581637969552638 0.0018398705907271013 8.0330484821509895e-05)
(0.20823337742097994 0.0018823199206387585 8.2183862587398938e-05)
(0.21072678488349411 0.001928739714296571 8.4210594542821071e-05)
(0.21327074531312959 0.0019730656277523874 8.6145905716797334e-05)
(0.2158880537923078 0.0020209471635977356 8.8236458737580827e-05)
(0.21855377587042127 0.0020602649440066025 8.9953110112636224e-05)
(0.22130000000000002 0.0020804867109713732 9.0836011473724202e-05)
(0.15293304799116847 0.0018013904957767345 7.8650407611328114e-05)
(0.15395005560751013 0.0018187110215978127 7.9406638117157101e-05)
(0.1550250752652079 0.0018449679443570545 8.0553040133707961e-05)
(0.15609718755953914 0.0018742784530891878 8.1832764568709286e-05)
(0.1571816760000421 0.0019064753831724115 8.3238512863808312e-05)
(0.15833322462557797 0.001949543315084666 8.5118899348031262e-05)
(0.15950826014660302 0.0019907046563635163 8.6916042306264929e-05)
(0.16069036703754574 0.0020273730224530701 8.851701773974196e-05)
(0.16192287096400307 0.002069285082499461 9.0346937798067479e-05)
(0.16319895581029098 0.0021147764980133914 9.2333135892490225e-05)
(0.16451045084429006 0.0021618789621813185 9.4389673890430133e-05)
(0.16584769280172559 0.0022082895607723791 9.6416004383761196e-05)
(0.16721267060579095 0.0022542806413058092 9.8424018319576804e-05)
(0.16861351704403058 0.002301480266943511 0.00010048479847172367)
(0.1700511746657728 0.0023499201956101111 0.00010259973142484938)
(0.17152661078848244 0.0023996330197591027 0.00010477024020053335)
(0.17304081814861308 0.0024506521883024272 0.00010699778521495254)
(0.17459481556956888 0.0025030120291163168 0.00010928386526200297)
(0.17618964864720776 0.0025567477721386814 0.00011163001850846544)
(0.17782639045335996 0.0026118955730731644 0.00011403782353582522)
(0.17950614225783879 0.0026684925377162996 0.0001165089004057257)
(0.18123003426942522 0.0027265767469239455 0.0001190449117561862)
(0.18299922639631386 0.0027861872822335138 0.00012164756393070297)
(0.1848149090265449 0.0028473642521598774 0.00012431860811173612)
(0.18667830382895526 0.0029101488191823092 0.00012705984149997493)
(0.18859066457520365 0.0029745832274481695 0.00012987310851625834)
(0.19055327798327185 0.0030407108311717827 0.00013276030204264119)
(0.19256746458332916 0.0031085761238300869 0.00013572336470627687)
(0.19463457960617034 0.0031782247680849115 0.00013876429018209991)
(0.19675601389509295 0.0032497036265156302 0.00014188512453468968)
(0.19893319484172811 0.0033230607931677577 0.00014508796759493149)
(0.20116758734641632 0.0033983456258919473 0.00014837497437244113)
(0.2034606948038967 0.0034756087795512767 0.0001517483565057645)
(0.20581406011483344 0.0035549022400735656 0.00015521038375059163)
(0.20823216340504702 0.003636920626993341 0.00015879138385183118)
(0.21073872676094149 0.0037266105374085608 0.000162707329899706)
(0.21328223609093946 0.0038122547614271186 0.0001664466374696415)
(0.21590513901995684 0.0039047689740530868 0.00017048589525985321)
(0.21855762071683282 0.0039807367439357302 0.00017380271974162183)
(0.22129999999999997 0.0040198081900709179 0.00017550861582046247)
(0.15292756974307095 0.0026114878342874122 0.00011402002126705249)
(0.15394034994336447 0.0026365975162643369 0.00011511633368266665)
(0.15502510120708141 0.0026746623525740329 0.00011677828034356222)
(0.15609318953266377 0.0027171539928653493 0.00011863350540502526)
(0.1571664444167393 0.0027638300974694675 0.00012067142809826029)
(0.15832380597075899 0.002826265966039028 0.00012339743694465946)
(0.15950176117927314 0.002885937837432088 0.00012600276709539884)
(0.16067615876526078 0.0029390962126819684 0.00012832371187517885)
(0.16190944536427618 0.0029998564060868295 0.00013097655920685914)
(0.16319136720116001 0.00306580561502163 0.00013385596385134371)
(0.16450969691822342 0.0031340903719512809 0.00013683734072379917)
(0.1658500333807518 0.0032013721267327689 0.00013977492557504931)
(0.16721485740093114 0.0032680457033838982 0.00014268595679052203)
(0.16861554601418399 0.0033364713159452822 0.00014567348354226721)
(0.17005304166364593 0.0034066950040923822 0.00014873951597131019)
(0.17152831155779819 0.0034787640173227327 0.00015188611704153998)
(0.17304234832124663 0.0035527268467474 0.00015511540392804319)
(0.17459617066261121 0.0036286332577178536 0.00015842954944234218)
(0.17619082405994968 0.0037065343233104045 0.00016183078347509357)
(0.17782738146419588 0.0037864824586901278 0.00016532139450642073)
(0.17950694402108955 0.0038685314563781117 0.00016890373115050947)
(0.18123064181207918 0.0039527365224454603 0.00017258020374480204)
(0.18299963461467961 0.0040391543136580063 0.00017635328598686285)
(0.18481511268281359 0.00412784297559767 0.00018022551657760134)
(0.18667829754767645 0.0042188621817855999 0.0001841995009308614)
(0.18859044283968407 0.0043122731738444034 0.0001882779129158532)
(0.19055283513183779 0.0044081388026681705 0.00019246349665633534)
(0.1925667948055399 0.0045065235707476186 0.00019675906839186806)
(0.19463367693889877 0.0046074936755486099 0.00020116751836632093)
(0.19675487221851279 0.0047111170540654855 0.00020569181277318139)
(0.19893180787520104 0.0048174634285572749 0.00021033499575131011)
(0.20116594864425549 0.0049266043534297648 0.00021510019143254166)
(0.20345879775103787 0.0050386132633763094 0.00021999060604404867)
(0.20581189792238258 0.0051535655227437152 0.00022500953006581619)
(0.20823103176255101 0.0052724681261109635 0.00023020092983221547)
(0.21074985835784732 0.0054024921883322309 0.00023587790297475525)
(0.21329294719623068 0.00552665119196071 0.00024129880213595277)
(0.21592106498034874 0.005660769663962094 0.00024715454113503091)
(0.21856120468263776 0.005770900647394937 0.00025196296374129683)
(0.22130000000000002 0.0058275427838385763 0.000254436012681488)
(0.15292246320518854 0.0033666184296670004 0.00014698973508847507)
(0.15393130282816431 0.0033989887577982269 0.00014840305416835754)
(0.15502512538874633 0.0034480603168382295 0.00015054556472660462)
(0.1560894627799993 0.0035028387222488595 0.00015293724153286697)
(0.15715224632717498 0.0035630115600932938 0.00015556444431252448)
(0.15831502639072212 0.0036435012116393462 0.00015907869833325092)
(0.15949570318002315 0.0037204276362341644 0.00016243737854063534)
(0.16066291455299173 0.0037889571401658701 0.00016542944129017474)
(0.16189693071864888 0.0038672865829537024 0.00016884937861504643)
(0.16318429349450939 0.0039523054826425246 0.0001725613839383397)
(0.16450899414756551 0.0040403352709212142 0.00017640484749685569)
(0.16585221514675633 0.004127072031726191 0.0001801918562545005)
(0.16721689581759744 0.0042130247552956473 0.00018394463320052856)
(0.16861743731460821 0.0043012361286307518 0.00018779602492041106)
(0.17005478198193671 0.0043917655041121138 0.00019174862280198969)
(0.17152989692647544 0.004484673793771223 0.00019580508633008269)
(0.17304377466857165 0.0045800235102746297 0.0001999681448762659)
(0.17459743380984938 0.0046778788089851201 0.00020424059953622859)
(0.17619191971855938 0.0047783055311284156 0.000208625324989639)
(0.17782830523294188 0.0048813712480936765 0.0002131252714471998)
(0.17950769138308184 0.0049871453068985293 0.00021774346664187567)
(0.1812312081317351 0.0050956988768488237 0.00022248301787761347)
(0.18300001513460343 0.0052071049974240155 0.00022734711413951973)
(0.18481530252059244 0.0053214386274215882 0.00023233902821223366)
(0.18667829169259517 0.0054387766953929301 0.00023746211888385623)
(0.18859023614936801 0.0055591981514187634 0.0002427198331922189)
(0.19055242232876937 0.0056827840201837919 0.00024811570874431273)
(0.19256617047352845 0.0058096174555404478 0.00025365337611573557)
(0.19463283551942756 0.0059397837964306321 0.00025933656128527616)
(0.19675380800699799 0.0060733706243219707 0.00026516908814272261)
(0.19893051501715847 0.0062104678221689682 0.00027115488106170424)
(0.20116442113135108 0.0063511676348513742 0.00027729796753937145)
(0.20345702941705299 0.0064955647312352613 0.00028360248090667379)
(0.2058098824390634 0.0066437562678134006 0.00029007266310968277)
(0.20822997690428754 0.0067970404189305724 0.00029676519366634831)
(0.21076023465338545 0.0069646618791675222 0.0003040837046528695)
(0.21330293153136085 0.0071247223566993983 0.00031107209601423846)
(0.21593591033211215 0.007297622154918003 0.00031862106429767504)
(0.218564545469113 0.0074395983087542838 0.0003248198770783976)
(0.22130000000000002 0.0075126189286259066 0.00032800802600645406)
(0.15291770315623132 0.0040705118866269435 0.00017772238713401349)
(0.15392286957803153 0.0041096502113836357 0.00017943120333473373)
(0.1550251479296364 0.004168981664751637 0.00018202167055778371)
(0.15608598889504186 0.0042352131534138361 0.00018491339977279422)
(0.15713901160670832 0.0043079669438462363 0.00018808989879297967)
(0.1583068425229506 0.0044052853926735578 0.00019233891395844591)
(0.15949005622827672 0.0044982956141318567 0.00019639982789721065)
(0.16065056898731628 0.0045811532845706918 0.0002000174719046839)
(0.16188526521704277 0.0046758598676307364 0.00020415245061499365)
(0.16317769975316401 0.0047786545409806121 0.00020864056297680415)
(0.16450833906131837 0.004885089620289885 0.00021328761889585125)
(0.16585424887552408 0.0049899613256049096 0.00021786641642957658)
(0.1672187959235695 0.0050938850669752797 0.00022240382495560831)
(0.16861920028647279 0.0052005396971917918 0.00022706046665806255)
(0.1700564042161111 0.0053099969780462334 0.00023183947473282495)
(0.17153137472468097 0.0054223305570734789 0.00023674406471049114)
(0.17304510423534541 0.0055376160171046653 0.0002417775366203561)
(0.17459861124999229 0.0056559309271225124 0.00024694327721192449)
(0.1761929410345161 0.0057773548944533466 0.000252244762203637)
(0.17782916632210985 0.0059019696183299462 0.00025768555863701784)
(0.17950838803505109 0.00602985894486242 0.00026326932728422707)
(0.18123173602545678 0.0061611089234535985 0.00026899982512512921)
(0.18300036983548071 0.0062958078646963003 0.00027488090789866626)
(0.1848154794774941 0.0064340463997928843 0.00028091653266414123)
(0.18667828623479296 0.0065759175415362721 0.00028711076046594464)
(0.18859004348340799 0.0067215167469105988 0.00029346775904947464)
(0.19055203753522415 0.0068709419812627223 0.00029999180566551184)
(0.192565588503707 0.0070242937842741673 0.00030668728997134466)
(0.19463205119196952 0.0071816753375750064 0.000313558716974376)
(0.19675281600438729 0.0073431925341888998 0.00032061071006426567)
(0.19892930988214935 0.0075089540498218576 0.00032784801412370193)
(0.20116299726328726 0.0076790714159370808 0.00033527549871998724)
(0.20345538106810612 0.0078536590947917827 0.00034289816138198092)
(0.20580800371036445 0.00803283455638352 0.00035072113096294282)
(0.20822899362029096 0.0082181673976867379 0.00035881293754917818)
(0.2107699068962815 0.0084208351964297525 0.0003676616047163662)
(0.21331223840915559 0.0086143611602370398 0.00037611113076130813)
(0.2159497483967284 0.0088234108932398522 0.00038523843929699455)
(0.21856765957646795 0.0089950714582493884 0.00039273330146627272)
(0.22130000000000002 0.0090833592483170328 0.00039658802940147108)
(0.15291326608622471 0.0047266447486545475 0.00020636976657042324)
(0.15391500854097956 0.0047720918477749605 0.00020835402981458323)
(0.15502516894108143 0.0048409870408864832 0.00021136205893657588)
(0.15608275072020592 0.0049178944979336534 0.0002147199109928652)
(0.15712667488879731 0.005002375597871425 0.00021840843539250949)
(0.15829921394716218 0.005115380976042189 0.00022334235667272642)
(0.15948479243362931 0.0052233836762115189 0.00022805785636367712)
(0.16063906109324527 0.0053195973180761051 0.00023225863467527037)
(0.16187439124331826 0.0054295698193122391 0.00023706013776658783)
(0.16317155341050718 0.005548934144122373 0.00024227169673439678)
(0.16450772842399825 0.0056725256782344819 0.00024766781964675831)
(0.16585614461168099 0.0057943018353901051 0.00025298468148642956)
(0.16722056710350774 0.0059149772246507512 0.00025825348275256238)
(0.16862084363713006 0.0060388236994611492 0.00026366073659736322)
(0.17005791637841514 0.0061659245890206115 0.00026921008126199006)
(0.17153275225128889 0.0062963654122377369 0.00027490525059398522)
(0.17304634358832402 0.0064302339352711301 0.00028075007656008219)
(0.17459970879843972 0.0065676202305822119 0.00028674849182580477)
(0.17619389305211913 0.0067086167375401294 0.00029290453236666998)
(0.17782996898463591 0.0068533183246185193 0.00029922234020180393)
(0.17950903741777513 0.0070018223532272127 0.00030570616618957267)
(0.18123222810052159 0.0071542287432213468 0.00031236037290393296)
(0.18300070046918593 0.0073106400401311625 0.00031918943759706589)
(0.18481564442751186 0.0074711614841595263 0.00032619795517351772)
(0.18667828114731372 0.0076359010809925612 0.00033339064128445927)
(0.18858986389022311 0.0078049696744910343 0.0003407723354813888)
(0.19055167885069937 0.0079784810212057602 0.00034834800447254924)
(0.19256504602171515 0.0081565518669836842 0.00035612274549169117)
(0.19463132008271611 0.0083393020254805671 0.00036410178971616472)
(0.19675189131116036 0.0085268544587999758 0.00037229050578781734)
(0.19892818651798844 0.0087193353602732261 0.00038069440342519716)
(0.20116167000755183 0.0089168742393132706 0.00038931913712959523)
(0.20345384456296964 0.0091196040085468368 0.00039817050999020457)
(0.20580625245720818 0.0093276610731638666 0.00040725447758902628)
(0.20822807705410268 0.0095428680361940091 0.00041665061649568628)
(0.21077892285793148 0.0097782042084816299 0.00042692561565139188)
(0.21332091379646531 0.010002924957624565 0.00043673713543595637)
(0.21596264752066793 0.010245671779210238 0.00044733569064501653)
(0.21857056238533942 0.010445002608047527 0.00045603866263011113)
(0.22130000000000002 0.010547521659930054 0.00046051474083842097)
(0.15290913008039367 0.0053382576687289515 0.00023307336336244748)
(0.15390768089119333 0.0053895854791107438 0.00023531438401095908)
(0.15502518852685745 0.0054673954928780855 0.00023871164261238205)
(0.15607973226208299 0.0055542545322593223 0.00024250399013226836)
(0.15711517524215199 0.0056496672200298248 0.00024666979795361983)
(0.15829210298567253 0.005777295137655623 0.00025224215308323274)
(0.15947988579809658 0.0058992730465277617 0.00025756782355894852)
(0.16062833403306584 0.0060079364301396081 0.00026231216933252847)
(0.16186425509070757 0.0061321390261227741 0.00026773497177731703)
(0.16316582410963279 0.0062669487180235109 0.00027362089003547655)
(0.16450715921965547 0.0064065326067749865 0.00027971525423039887)
(0.16585791171830486 0.0065440662145184901 0.00028572010121985725)
(0.16722221810530427 0.006680356618473827 0.00029167066874917036)
(0.16862237548312106 0.0068202284364457279 0.00029777760418407662)
(0.17005932593744796 0.0069637757801690346 0.00030404501654266282)
(0.17153403630992989 0.0071110952344293392 0.00031047712282056484)
(0.17304749884869597 0.0072622859220493165 0.0003170782508289231)
(0.17460073187600483 0.0074174495705827516 0.00032385284210777464)
(0.17619478047340201 0.0075766905807615591 0.00033080545487513651)
(0.17783071718488586 0.0077401160967405921 0.00033794076711434395)
(0.17950964273856759 0.0079078360781889914 0.00034526357973142568)
(0.18123268678729784 0.0080799633742759391 0.00035277881980364661)
(0.18300100866872543 0.0082566137995998094 0.0003604915439254965)
(0.18481579818533733 0.0084379062121137331 0.00036840694156767512)
(0.18667827640503021 0.0086239625930989126 0.00037653033857173876)
(0.18858969648279911 0.0088149081292620349 0.00038486720071188315)
(0.19055134450364516 0.0090108712968927362 0.00039342313737273044)
(0.19256454034822379 0.0092119839483822841 0.00040220390535399887)
(0.19463063858070448 0.0094183814008955286 0.00041121541273088559)
(0.19675102936023944 0.0096302025274443565 0.00042046372283055744)
(0.19892713937635825 0.0098475898503790696 0.00042995505831176252)
(0.20116043280880291 0.01007068963722212 0.00043969580535042099)
(0.2034524123128148 0.010299651999074847 0.00044969251793716193)
(0.20580462003012101 0.010534630991528481 0.00045995192228750966)
(0.20822722267878438 0.010777685056695225 0.00047056389192817261)
(0.21078732706834549 0.011043472987298917 0.00048216844356170537)
(0.21332900054119708 0.011297271892489807 0.00049324954305553692)
(0.21597467141295504 0.011571429387033511 0.0005052195178750574)
(0.21857326823275705 0.011796552996324785 0.0005150486269811283)
(0.22130000000000002 0.011912337690120211 0.0005201038955896149)
(0.1529052747109248 0.0059083714149692707 0.00025796506709450701)
(0.15390085043726789 0.0059651809184575024 0.00026044542363810088)
(0.15502520678369894 0.0060513008642657353 0.00026420550171141823)
(0.15607691861244963 0.0061474362509890195 0.00026840286329877318)
(0.15710445586979374 0.0062530387962447366 0.00027301356989619166)
(0.15828547451730446 0.0063942970844442009 0.00027918103984705701)
(0.15947531208771024 0.0065293019558387783 0.00028507547978550172)
(0.16061833482561891 0.0066495703410362553 0.00029032651086921194)
(0.16185480669655544 0.0067870374910523838 0.00029632845624953739)
(0.16316048355341231 0.0069362445506428189 0.00030284297715606288)
(0.16450662863697876 0.0070907356804210909 0.00030958820555008023)
(0.1658595589231697 0.0072429575638549787 0.0003162343565052153)
(0.16722375708328921 0.0073938034721709889 0.00032282043107763456)
(0.16862380339026284 0.0075486132813538664 0.00032957957329140007)
(0.1700606398550491 0.007707491154057132 0.00033651633099836037)
(0.17153523324259462 0.0078705439901012413 0.00034363537155966955)
(0.17304857572231477 0.0080378814984002935 0.00035094148498682887)
(0.17460168553568758 0.0082096162707788606 0.00035843958716622347)
(0.1761956076813557 0.0083858638577289472 0.00036613472312316058)
(0.17783141461823537 0.0085667428461568395 0.00037403207043892834)
(0.17951020698711989 0.0087523749391735933 0.0003821369427453721)
(0.18123311435124848 0.0089428850379823337 0.0003904547933203733)
(0.18300129595630274 0.0091384013259164544 0.00039899121879118272)
(0.18481594151038327 0.009339055354687438 0.00040775196285213746)
(0.18667827198452022 0.0095449821328991817 0.00041674292013252774)
(0.18858954043430745 0.0097563202169131721 0.00042597014013876926)
(0.19055103284271493 0.0099732118039938221 0.00043543983132497129)
(0.19256406898570169 0.010195802828067119 0.00044515836530393459)
(0.1946300033199829 0.010424243057862563 0.00045513228111981516)
(0.19675022589443208 0.010658686197713037 0.00046536828964929551)
(0.19892616328540588 0.010899289991030865 0.00047587327811688811)
(0.20115927955649177 0.011146216326376353 0.00048665431472753938)
(0.20345107724373021 0.01139963134637418 0.0004977186534231323)
(0.20580309836651389 0.011659705559401424 0.00050907373876367173)
(0.20822642627455967 0.011928717244494022 0.00052081904256358043)
(0.21079516103608234 0.012222890720012414 0.00053366293384982208)
(0.21333653858394039 0.012503794769542376 0.00054592746950146535)
(0.21598587945982775 0.012807231659344531 0.00055917581033668683)
(0.21857579048295384 0.013056397956760819 0.00057005464588205928)
(0.22129999999999997 0.013184548191830819 0.00057564980565044947)
(0.15290168093607329 0.0064398017902671419 0.00028116781837592548)
(0.15389448344345835 0.0065017210428958486 0.00028387127138997732)
(0.1550252238017768 0.0065955870750461741 0.0002879695509000882)
(0.15607429587463548 0.0067003693901795964 0.00029254444553114745)
(0.15709446382853379 0.0068154703904775068 0.00029756986362270912)
(0.15827929580392361 0.0069694342010348876 0.0003042920686503712)
(0.15947104871282558 0.0071165821291930432 0.00031071668589295804)
(0.16060901408462425 0.0072476680931432757 0.00031644002266355286)
(0.16184599939505939 0.0073974997703689016 0.0003229818149597142)
(0.16315550536473458 0.0075601273071274327 0.00033008228655333921)
(0.16450613405541006 0.0077285141914735806 0.00033743421669393613)
(0.16586109436185237 0.0078944277213799409 0.00034467815784340893)
(0.16722519163850474 0.0080588415136420097 0.00035185661902051806)
(0.16862513441101656 0.0082275757411147434 0.00035922371446387444)
(0.17006186462068312 0.0084007439353951715 0.00036678440108333017)
(0.17153634896095685 0.0085784626114426294 0.00037454376604734559)
(0.17304957952788017 0.0087608513459749345 0.00038250703020655387)
(0.17460257448763172 0.0089480328579246791 0.00039067955160832879)
(0.17619637876157643 0.0091401330910102028 0.00039906682905440835)
(0.17783206472932131 0.009337281298475374 0.00040767450582530185)
(0.17951073295026648 0.0095396101300568876 0.00041650837348918739)
(0.18123351290412021 0.0097472557212369172 0.00042557437582078705)
(0.18300156375083679 0.0099603577848401872 0.00043487861283779693)
(0.18481607511053497 0.010179059705039366 0.0004444273448529968)
(0.18667826786395078 0.010403508633830823 0.000454226996690012)
(0.18858939497402163 0.01063385559007274 0.00046428416198006735)
(0.19055074232860927 0.010870255561008405 0.00047460560759868151)
(0.19256362960608031 0.011112867606637915 0.00048519827825542716)
(0.19462941116298632 0.011361854966687519 0.00049606930115089895)
(0.19674947694540507 0.011617385170475966 0.00050722599077374997)
(0.19892525342419912 0.011879630149697751 0.00051867585382212608)
(0.20115820455468275 0.012148766354032033 0.00053042659425295074)
(0.20344983276178369 0.012424974869855523 0.00054248611846625223)
(0.20580167995086066 0.012708441541976348 0.00055486254062539009)
(0.20822568390797255 0.013001649569974212 0.00056766427956926407)
(0.21080246345326129 0.013322282573764867 0.00058166341880576823)
(0.2133435651552352 0.013628452628760598 0.00059503109207799051)
(0.21599632701804791 0.013959182247624812 0.00060947105920879281)
(0.21857814159337266 0.014230759888141849 0.00062132839513111097)
(0.22129999999999997 0.014370436637497189 0.00062742681335208137)
(0.15289833100611511 0.0069351735395920423 0.00030279621604699272)
(0.1538885484630583 0.0070018558345457359 0.00030570762798468921)
(0.15502523966514364 0.0071029423654105986 0.00031012116127997311)
(0.15607185109488747 0.0072157848973700119 0.000315047972574025)
(0.15708514976748583 0.0073397398633214608 0.00032045996314594911)
(0.15827353632874433 0.007505547100843289 0.00032769926335329602)
(0.15946707461655102 0.0076640141547999127 0.00033461808429746464)
(0.16060032577476061 0.0078051837029020875 0.00034078167985868109)
(0.16183778968678572 0.0079665409491543413 0.00034782668936540425)
(0.1631508649562288 0.0081416783565573733 0.00035547335370671315)
(0.16450567303220118 0.008323018140414808 0.00036339081965311177)
(0.16586252561791445 0.0085016943108842027 0.00037119198972299089)
(0.16722652885624695 0.0086787553787206692 0.00037892264287534678)
(0.16862637511931969 0.0088604692245351467 0.00038685644069186238)
(0.17006300628349133 0.0090469581131664145 0.00039499872138498005)
(0.17153738897557125 0.0092383475223060587 0.0004033549634456918)
(0.17305051522320741 0.009434766226925172 0.00041193078933045584)
(0.17460340312238826 0.0096363463859196075 0.0004207319692461171)
(0.17619709752244439 0.0098432236310326011 0.00042976442498119581)
(0.17783267072905498 0.010055537158113028 0.00043903423391678805)
(0.17951122322574972 0.010273429820772518 0.0004485476331284579)
(0.1812338844143733 0.010497048226503757 0.00045831102360656466)
(0.18300181337496998 0.01072654283532347 0.0004683309746031904)
(0.18481619964564605 0.010962068061009089 0.00047861422799595088)
(0.18667826402297033 0.011203782374995717 0.00048916770282804868)
(0.18858925938351043 0.011451848413032619 0.00049999849993554823)
(0.19055047152647334 0.011706433084516016 0.00051111390672535604)
(0.19256322003925494 0.011967707684889433 0.00052252140211804076)
(0.19462885918503983 0.012235848010841497 0.00053422866156303177)
(0.19674877881408456 0.012511034478623555 0.00054624356220465975)
(0.19892440529891578 0.012793452245508635 0.00055857418818216456)
(0.20115720249392113 0.013083291334293371 0.00057122883606738916)
(0.20344867272045464 0.01338074676114271 0.00058421602044790241)
(0.20580035777757874 0.013686018666687963 0.00059754447965647565)
(0.20822499191246016 0.014001781266779168 0.00061133097248277702)
(0.21080927038666283 0.014347078466324905 0.00062640697375921381)
(0.21335011495945391 0.014676800177205972 0.00064080293453296663)
(0.21600606568830888 0.015032970658256026 0.00065635367370470198)
(0.21858033317619346 0.015325438986909422 0.00066912311677402077)
(0.22129999999999997 0.01547586015323933 0.00067569064634354287)
(0.15289520837568105 0.0073969333136577704 0.00032295708318486705)
(0.15388301618308406 0.0074680554688797357 0.00032606234361256717)
(0.15502525445214896 0.0075758725730152993 0.000330769740085986)
(0.15606957219839082 0.0076962284197843733 0.00033602458978556856)
(0.15707646768432099 0.0078284365919094392 0.00034179692311308056)
(0.15826816764560658 0.008005283655918587 0.00034951823254615995)
(0.15946337017074777 0.0081743018100912512 0.00035689772447105347)
(0.16059222698429645 0.0083248707507629794 0.00036347170637336592)
(0.16183013702382548 0.0084969715328688002 0.00037098578878497646)
(0.16314653940882703 0.0086837699908873956 0.00037914158559116784)
(0.16450524329034966 0.0088771837938223762 0.00038758621459494504)
(0.1658638597603575 0.0090677566338755768 0.00039590680447578494)
(0.1672277753410604 0.0092566068340550547 0.00040415218226086034)
(0.16862753164305466 0.0094504196048508446 0.00041261423054815685)
(0.17006407048216857 0.0096493253517753522 0.00042129864298055559)
(0.17153835842309026 0.0098534579071129051 0.0004302112628195541)
(0.1730513874297139 0.010062954619967779 0.00043935808687766879)
(0.17460417553260035 0.010277956448678483 0.00044874526955536134)
(0.17619776751393348 0.010498608055661062 0.00045837912692742546)
(0.17783323561048087 0.010725057904743537 0.00046826614102094135)
(0.17951168023504954 0.010957458361058924 0.00047841296419028133)
(0.18123423071690423 0.011195965793563306 0.00048882642361843648)
(0.18300204606160081 0.011440740680246714 0.00049951352595337247)
(0.18481631573079799 0.01169194771611033 0.0005104814619623923)
(0.18667826044260816 0.011949755923981191 0.00052173761137447837)
(0.18858913299308977 0.012214338768270071 0.00053328954781565975)
(0.19055021909881012 0.012485874271583942 0.0005451450439051237)
(0.19256283826236728 0.012764545134610165 0.00055731207652713816)
(0.19462834465991355 0.013050538858984441 0.00056979883218017454)
(0.19674812805238637 0.013344047873486285 0.0005826137124869149)
(0.19892361472064854 0.013645269663584991 0.00059576533984714766)
(0.20115626842500919 0.013954406904231192 0.00060926256323751312)
(0.20344759139027635 0.014271667596213761 0.00062311446416636661)
(0.20579912531642863 0.014597265205986662 0.00063733036278473397)
(0.20822434687024308 0.014934052004829947 0.00065203479195052091)
(0.21081561545586358 0.015302339884556579 0.00066811458799914051)
(0.21335622034620702 0.015654015223829466 0.00068346906488736352)
(0.21601514357009274 0.016033900353102766 0.00070005520797011898)
(0.21858237605568676 0.016345841894443543 0.00071367486987144991)
(0.22129999999999997 0.016506278447321842 0.00072067968063557796)
(0.1528922976220386 0.0078273617529779696 0.00034174999470483388)
(0.15387785927949707 0.0079026225149677887 0.00034503595061036266)
(0.15502526823582607 0.0080167135093626336 0.00035001727105083607)
(0.15606744792963134 0.0081440728773331528 0.00035557790108655828)
(0.15706837469806154 0.0082839742588978766 0.00036168612718476896)
(0.1582631632384798 0.00847111207483516 0.00036985674054257784)
(0.1594599170790858 0.0086499654157308151 0.00037766564599028119)
(0.16058467771314802 0.0088092959811726032 0.00038462216869029241)
(0.16182300360952742 0.0089914113284916605 0.00039257349646132529)
(0.16314250735856645 0.0091890796112528827 0.00040120388006475326)
(0.16450484270735205 0.0093937481866469535 0.00041013990304608909)
(0.16586510337853699 0.0095954104831874089 0.00041894466905300281)
(0.16722893724935775 0.0097952498992326682 0.00042766984636325209)
(0.16862860969431476 0.010000340658475361 0.0004366243022583106)
(0.17006506247281286 0.010210820754740351 0.00044581406169482351)
(0.17153926209163403 0.010426831808028692 0.00045524530795437821)
(0.17305220045524458 0.010648519159805556 0.00046492438680473247)
(0.17460489553321706 0.010876031970792123 0.00047485781077165123)
(0.17619839204514476 0.011109523321327841 0.00048505226346308016)
(0.17783376216355934 0.011349150314368726 0.00049551460409603531)
(0.17951210623534394 0.011595074181193227 0.00050625187212618983)
(0.18123455352210791 0.011847460389885789 0.00051727129201113438)
(0.18300226295997302 0.012106478756669981 0.00052858027811652272)
(0.18481642393933753 0.012372303560168921 0.00054018643964127196)
(0.18667825710518079 0.012645113658668279 0.00055209758574168214)
(0.18858901517851473 0.012925092610493762 0.00056432173075399161)
(0.19054998379887447 0.013212428797409258 0.00057686709958703329)
(0.19256248238981361 0.013507315551477102 0.00058974213330093017)
(0.19462786504635793 0.013809951285075728 0.00060295549476748454)
(0.19674752144618579 0.014120539624438478 0.00061651607450081318)
(0.19892287778471596 0.014439289546737868 0.00063043299663918491)
(0.20115539773456237 0.01476641552060428 0.00064471562508225573)
(0.20344658343053809 0.01510213765041752 0.00065937356979244445)
(0.20579797648026055 0.015446681824270178 0.00067441669326148603)
(0.20822374559544524 0.015803066287451217 0.00068997677492926845)
(0.21082152999928402 0.016192784883201552 0.00070699225624424212)
(0.2133619114701186 0.016564924252770768 0.00072324021198962528)
(0.21602360549923419 0.016966914943413961 0.00074079150473356113)
(0.2185842803216739 0.017297008400569705 0.00075520369639927904)
(0.22129999999999997 0.017466780775759368 0.00076261611794440059)
(0.15288958436891878 0.0082285847519940128 0.00035926776916275045)
(0.15387305228225018 0.0083077033079106688 0.00036272215999241558)
(0.15502528108425279 0.0084276424964194983 0.00036795881810466901)
(0.15606546779680427 0.0085615301825108046 0.00037380448066217335)
(0.15706083083729075 0.0087086027736924271 0.00038022580852712669)
(0.15825849839049977 0.0089053330932227746 0.00038881523962949353)
(0.15945669828667822 0.0090933542835270609 0.00039702442202384084)
(0.16057764067531813 0.0092608519797747254 0.00040433752935460079)
(0.16181635421181936 0.0094523023837992451 0.00041269643450293325)
(0.16313874889107235 0.0096601029517061794 0.00042176920322938282)
(0.16450446930472115 0.0098752626404811656 0.00043116327811287879)
(0.16586626261470735 0.0100872619514538 0.000440419367916292)
(0.16723002031982673 0.010297344942838706 0.00044959178938336499)
(0.16862961459761608 0.010512948456198394 0.00045900524203392731)
(0.17006598715488527 0.010734217558787833 0.00046866605965807938)
(0.17154010444443915 0.010961301129912466 0.0004785807424864471)
(0.17305295831534831 0.01119435196110051 0.00048875596156471067)
(0.17460556668033544 0.011433526858907569 0.00049919856324441244)
(0.17619897420065 0.011678986750423342 0.00050991557372878171)
(0.17783425298894628 0.011930896791549553 0.00052091420383167022)
(0.17951250333065666 0.012189426478124167 0.00053220185384444593)
(0.18123485442432555 0.01245474975996572 0.0005437861185434139)
(0.18300246514135193 0.012727045157913296 0.00055567479234744583)
(0.18481652480570876 0.013006495883943814 0.00056787587449564194)
(0.18667825399420465 0.013293289964445809 0.0005803975744341068)
(0.18858890535789699 0.013587620366767377 0.00059324831730620995)
(0.19054976446451546 0.013889685128939559 0.00060643674962166186)
(0.1925621506639327 0.014199687493039381 0.00061997174512117025)
(0.19462741797555227 0.014517836041872031 0.00063386241072697393)
(0.196746955999443 0.014844344839354805 0.0006481180926723515)
(0.19892219085137713 0.01517943357462811 0.00066274838279008186)
(0.2011545861222237 0.015523327709777063 0.00067776312496426795)
(0.20344564386290703 0.015876258631519265 0.00069317242175471452)
(0.20579690559495051 0.016238463806752642 0.00070898664119495259)
(0.2082231851183588 0.016613116193102778 0.00072534431761160504)
(0.21082704322896892 0.017022811387443285 0.00074323199605485113)
(0.21336721643976039 0.017414026261457365 0.0007603128063095536)
(0.21603149326936616 0.017836622606415057 0.00077876376135779704)
(0.21858605537936174 0.018183636335178943 0.00079391470804021148)
(0.22129999999999997 0.01836211107825109 0.00080170708315029668)
(0.15288705521551174 0.0086025839589090394 0.00037559692718769995)
(0.15386857144949034 0.008685298549630821 0.00037920832429117857)
(0.15502529306088778 0.0088106891204529306 0.00038468299489766974)
(0.15606362201999507 0.0089506621650746569 0.00039079434994377234)
(0.15705379884273343 0.0091044193847943204 0.000397507534987234)
(0.15825415006189153 0.0093100913371446572 0.00040648736620298089)
(0.15945369789584668 0.0095066583197299295 0.00041506966594343842)
(0.16057108111473994 0.0096817689904373297 0.00042271516291643018)
(0.1618101559891966 0.0098819210486863381 0.00043145399049254057)
(0.16313524544320057 0.010099166405695654 0.00044093912761653176)
(0.16450412123821409 0.010324105364586616 0.00045076017465405177)
(0.16586734319435859 0.010545740302651879 0.00046043696502140723)
(0.16723102990177352 0.010765371822068319 0.00047002628422455135)
(0.16863055131619564 0.010990774777912342 0.00047986758977227082)
(0.17006684909540859 0.011222100830922468 0.00048996750333314611)
(0.17154088964190245 0.011459505627150056 0.00050033282058120849)
(0.17305366475311101 0.01170314890268451 0.00051097051576929589)
(0.17460619228876426 0.011953194591130523 0.00052188774642397294)
(0.17619951685572663 0.012209810933910176 0.00053309185809797079)
(0.17783471051083785 0.012473170593462245 0.00054459038934541936)
(0.17951287348224917 0.012743450769417118 0.00055639107680994994)
(0.18123513490971904 0.013020833317824625 0.00056850186045970816)
(0.18300265360431528 0.013305504873513587 0.00058093088897940377)
(0.18481661882809267 0.01359765697566858 0.00059368652518330489)
(0.18667825109431452 0.013897486196706704 0.000606777351646848)
(0.1885888029888303 0.014205194274577225 0.00062021217644643827)
(0.19054956001243636 0.014520988248381092 0.00063400003908619187)
(0.19256184144632374 0.014845080597795459 0.000648150216629148)
(0.1946270012394051 0.015177689385968272 0.00066267222991826173)
(0.19674642891940552 0.015519038406282767 0.00067757584998450664)
(0.1989215505278549 0.015869357333018582 0.00069287110462115285)
(0.20115382957942404 0.016228881875787426 0.00070856828512883463)
(0.20344476804684025 0.016597853938115237 0.00072467795324101419)
(0.2057959073713749 0.016976521780059917 0.00074121094823098393)
(0.20822266267077638 0.017368202574038698 0.00075831210097937365)
(0.21083218237486728 0.017796518914345177 0.00077701279621140626)
(0.21337216145648086 0.018205514981240473 0.00079486995011222329)
(0.21603884583833885 0.018647318845185074 0.00081415952355753604)
(0.21858770999579474 0.019010104770901162 0.00082999909923436714)
(0.22129999999999997 0.019196691408591298 0.0008381456472914406)
(0.15288469767027946 0.0089512065630870125 0.00039081811880906325)
(0.15386439465029736 0.0090372731903781197 0.00039457586899307545)
(0.15502530422488386 0.0091677452561961699 0.00040027240246460441)
(0.15606190148287616 0.0093133907554622062 0.00040663142222649537)
(0.15704724398323158 0.0094733790381515345 0.00041361666134851757)
(0.15825009677617544 0.0096873859154473583 0.00042296040324022713)
(0.1594509010876024 0.0098919188410204143 0.0004318905035600972)
(0.16056496663361602 0.010074125930470482 0.00043984583686571769)
(0.16180437832851691 0.010282389218102617 0.00044893880836435166)
(0.16313197971135382 0.01050843851616824 0.00045880833385594793)
(0.16450379678872362 0.010742493201915719 0.0004690273821231368)
(0.16586835045449461 0.010973109970283853 0.00047909632767015287)
(0.16723197098154297 0.011201642130789561 0.00048907425725465013)
(0.16863142447652474 0.011436179617122457 0.0004993143850149682)
(0.17006765255152376 0.011676880236123432 0.00050982360096503052)
(0.17154162156212954 0.011923905941452345 0.00052060897617584132)
(0.17305432325764253 0.012177422942557281 0.00053167776753417666)
(0.17460677544839565 0.012437601816507309 0.00054303742262776938)
(0.17620002269055857 0.012704617622764661 0.00055469558469034195)
(0.1778351369889436 0.012978650020971419 0.0005666600977784626)
(0.17951321851830726 0.013259883391832514 0.00057893901206584387)
(0.18123539636361119 0.01354850696117527 0.00059154058929050712)
(0.18300282927968534 0.013844714927267628 0.00060447330836534705)
(0.18481670647086762 0.01414870659148396 0.00061774587101048873)
(0.1866782483911878 0.014460686492404578 0.00063136720761312046)
(0.18858870756571183 0.014780864543476897 0.00064534648319990206)
(0.19054936943284442 0.015109456174130972 0.00065969310360388994)
(0.1925615532097551 0.015446682474854232 0.00067441672184421911)
(0.19462661277964852 0.015792770345876932 0.00068952724459920276)
(0.19674593760281481 0.016147952649884341 0.0007050348388741262)
(0.19892095365157894 0.016512468368783392 0.00072094993884194995)
(0.20115312436958366 0.016886562764396994 0.00073728325286172281)
(0.20344395165666532 0.017270487543472716 0.00075404577068470286)
(0.20579497687928827 0.017664501026890673 0.00077124877084937325)
(0.20822217567231921 0.018072054816594418 0.00078904295355644366)
(0.21083697281932073 0.018517728820445105 0.00080850150074352498)
(0.21337677094381372 0.018943299590315776 0.00082708232180363336)
(0.21604569952063349 0.019403007704229917 0.00084715361169136717)
(0.21858925234315574 0.019780495651430061 0.00086363509149234351)
(0.22129999999999997 0.019974643775279126 0.00087211178114551)
(0.15288250008926013 0.0092761744183569462 0.0004050065217885842)
(0.1538605012553787 0.009365365639755447 0.00040890069470056402)
(0.1550253146313802 0.0095005744108548149 0.00041480403719294052)
(0.15606029768768109 0.0096515074772429588 0.00042139391711866264)
(0.15704113388420649 0.0098173040326749034 0.00042863275089968789)
(0.15824631851409443 0.01003908029339828 0.00043831571139185579)
(0.15944829404845509 0.010251038656613412 0.00044757001331827378)
(0.16055926703240511 0.010439860658439397 0.00045581415993459857)
(0.16179899269380174 0.010655684812133141 0.00046523724597422945)
(0.16312893556601907 0.010889940686045265 0.00047546507830512519)
(0.16450349435378739 0.011132492578142207 0.00048605512261344912)
(0.16586928936999287 0.011371481741458182 0.00049648961481791102)
(0.16723284820714643 0.011608310616550504 0.0005068297867832825)
(0.16863223839115921 0.011851362837000726 0.00051744167586231283)
(0.17006840149151625 0.012100801938726646 0.00052833242220649487)
(0.17154230382008859 0.012356795755012613 0.0005395093535975632)
(0.17305493708130948 0.012619516529434905 0.00055097999037894817)
(0.17460731903946639 0.0128891410317545 0.00056275205051831362)
(0.17620049420347392 0.013165850676855927 0.00057483345473211618)
(0.17783553452964715 0.013449831646810202 0.0005872323318504032)
(0.17951354014297091 0.013741275016146359 0.00059995702430331894)
(0.18123564007732787 0.014040376880414899 0.00061301609376602356)
(0.18300299303512618 0.014347338488128254 0.00062641832697294623)
(0.18481678816690303 0.014662366376170285 0.00064017274155462039)
(0.18667824587147369 0.014985672508764246 0.00065428859211025616)
(0.18858861861724502 0.015317474420131622 0.0006687753763969707)
(0.19054919178446331 0.015657995360730752 0.00068364284172060135)
(0.19256128453062077 0.016007464447598464 0.00069890099154699666)
(0.19462625067767222 0.016366116818433394 0.00071456009221011882)
(0.19674547962304859 0.016734193789852355 0.00073063067982190712)
(0.19892039727456573 0.017111943019848266 0.00074712356736132809)
(0.20115246700965747 0.017499618674318335 0.00076404985194758793)
(0.20344319066021518 0.017897481598063369 0.00078142092230786746)
(0.20579410952297192 0.01830579949013857 0.0007992484664408083)
(0.20822172171769254 0.01872814926069849 0.00081768865562196048)
(0.21084143822242751 0.019190003175509809 0.00083785363297591241)
(0.21338106766810669 0.019631024021230674 0.00085710901891467733)
(0.21605208816672036 0.020107421545536134 0.00087790898420291139)
(0.2185906900391284 0.020498613952322518 0.00089498881363472794)
(0.22130000000000002 0.020699810500198808 0.00090377324410886243)
(0.15288045161855845 0.0095790925472824823 0.00041823221292479806)
(0.15385687203518109 0.0096711963527575801 0.00042225355200668904)
(0.15502532433177471 0.0098108204341032356 0.000428349671109503)
(0.1560588027132343 0.0099666822954882495 0.00043515474686994267)
(0.1570354383677601 0.010137893020607901 0.00044262996839937099)
(0.15824279661473845 0.010366911496376897 0.00045262913082376476)
(0.1594458639021876 0.010585791466269475 0.00046218563662191181)
(0.16055395416066584 0.010780779545285635 0.00047069899998158118)
(0.16179397248529639 0.011003651544984136 0.00048042980162282681)
(0.16312609797210312 0.011245557161970822 0.00049099162894917115)
(0.16450321243967342 0.011496029707777765 0.00050192749646676645)
(0.16587016457817527 0.011742823182108189 0.00051270273224851678)
(0.16723366591121808 0.011987385822919331 0.00052338056771645452)
(0.16863299708003932 0.012238375035552923 0.00053433899335670178)
(0.1700690996144153 0.012495959696274163 0.00054558538248598008)
(0.17154293978546509 0.012760313119047521 0.00055712730217841232)
(0.17305550925579891 0.013031613172149653 0.00056897251835801607)
(0.17460782574678335 0.013310042397846751 0.00058112900102656121)
(0.17620093372328419 0.013595788135217413 0.00059360492955547303)
(0.17783590509640979 0.013889042646201574 0.00060640869822582244)
(0.17951383994475051 0.014190003244962862 0.00061954892189399467)
(0.18123586725457588 0.01449887243065036 0.000633034441820947)
(0.1830031456794291 0.014815858023647615 0.00064687433167632917)
(0.18481686431969718 0.015141173305404043 0.00066107790356592351)
(0.1866782435227273 0.015475037161940939 0.00067565471430251962)
(0.18858853570411158 0.015817674231168907 0.00069061457179725786)
(0.19054902618988423 0.016169315053902004 0.00070596754165913719)
(0.19256103408190914 0.016530196229108826 0.0007217239540222018)
(0.19462591314504749 0.01690056057302752 0.00073789441047269924)
(0.19674505271813603 0.017280657282590057 0.00075448979118458964)
(0.19891987864885827 0.017670742103185356 0.00077152126224009146)
(0.20115185425293206 0.018071077500625508 0.00078900028314040629)
(0.2034424812989136 0.018481932837729136 0.00080693861451731311)
(0.20579330101853618 0.018903584555398374 0.00082534832604691294)
(0.20822129856480559 0.019339726369583195 0.00084439068885609986)
(0.21084560063890062 0.019816662355666769 0.00086521416366109119)
(0.21338507285096472 0.020272084958338057 0.0008850983438869459)
(0.21605804333024697 0.02076403948277946 0.00090657754247574823)
(0.21859203018452092 0.021168006473846958 0.00092421512230557521)
(0.22129999999999997 0.021375773195922251 0.00093328641276345869)
(0.15287854214073757 0.0098614570683995904 0.0004305605141637042)
(0.15385348906491522 0.0099562758332299335 0.00043470039093363843)
(0.15502533337397789 0.010100015637090119 0.00044097620636391162)
(0.15605740917582786 0.010260471864761204 0.00044798187648637216)
(0.15703012930362584 0.010436729397203146 0.00045567744637729551)
(0.1582395136833781 0.010672498689076933 0.00046597135579318146)
(0.15944359864626015 0.010897830620632458 0.00047580956031904479)
(0.16054900177802128 0.011098566396028324 0.00048457387352143495)
(0.16178929290809327 0.01132800803112336 0.00049459151163826058)
(0.16312345291467439 0.011577044340642644 0.00050546467172398737)
(0.16450294965400225 0.011834900107782991 0.00051672289764655285)
(0.16587098040171208 0.012088968354838515 0.00052781575686459644)
(0.16723442813241449 0.012340740009720134 0.0005388083446834054)
(0.16863370429034419 0.01259912767356202 0.00055008979367819632)
(0.17006975036826338 0.012864305200623437 0.00056166769451018652)
(0.17154353259930424 0.013136451013673703 0.00057354983730941497)
(0.17305604260709184 0.013415748224042571 0.00058574421691734706)
(0.17460829807298389 0.013702384754825294 0.00059825903826883403)
(0.17620134342078622 0.013996553467325977 0.00061110272184000788)
(0.177836250519468 0.014298452290822071 0.00062428390935157353)
(0.17951411940437298 0.01460828435573998 0.00063781146960148558)
(0.18123607901738806 0.014926258130330237 0.00065169450446603706)
(0.18300328796650731 0.015252587560932762 0.00066594235508096299)
(0.18481693530537019 0.015587492215930117 0.00068056460804655271)
(0.18667824133334807 0.015931197433483625 0.00069557110188337345)
(0.188588458416802 0.016283934473193342 0.00071097193361201031)
(0.19054887183123229 0.01664594067156366 0.00072677746554711091)
(0.19256080062664921 0.017017459601830733 0.00074299833232581653)
(0.19462559851469416 0.01739874123776777 0.00075964544803911501)
(0.19674465477958528 0.017790042121926603 0.00077673001357768271)
(0.19891939521295421 0.018191625538345958 0.000794263524168221)
(0.20115128307298991 0.018603761689586797 0.00081225777710557362)
(0.20344182006921127 0.019026727878520801 0.00083072487969164041)
(0.20579254737276184 0.019460808694745063 0.00084967725738239292)
(0.20822090412369798 0.019909806734495467 0.00086928093512083997)
(0.2108494806269961 0.020400801442806569 0.00089071822699276994)
(0.2133888062740639 0.020869648614086467 0.0009111885365413727)
(0.21606359442388182 0.02137610456473496 0.00093330088107730614)
(0.21859327939833773 0.0217919793586989 0.00095145836681238794)
(0.22129999999999997 0.022005870455363261 0.00096079705322384525)
(0.1528767622248495 0.010124662585575135 0.00044205231522512857)
(0.15385033563602524 0.010222012094276492 0.00044630268666118726)
(0.15502534180264921 0.010369588360553064 0.00045274600565960122)
(0.15605611019275337 0.010534327217463953 0.00045993865941084544)
(0.15702518047023259 0.010715289121142385 0.00046783962658120235)
(0.15823645350555149 0.010957351172592302 0.00047840828380897588)
(0.1594414870925297 0.01118869728716052 0.00048850907323404311)
(0.16054438542455715 0.011394790766109959 0.00049750730882468913)
(0.16178493084966949 0.011630356273550418 0.00050779232098199659)
(0.16312098732974278 0.011886039443689581 0.00051895568926959928)
(0.16450270469887057 0.012150777465660638 0.00053051440092727212)
(0.16587174086997161 0.012411626877396017 0.00054190333218894892)
(0.16723513863536082 0.012670118400160607 0.00055318931577492286)
(0.16863436351499925 0.012935402515330281 0.00056477187033622046)
(0.17007035696714651 0.013207657717391389 0.00057665878913129185)
(0.17154408518952532 0.013487067191275367 0.00058885807021129711)
(0.17305653976942065 0.013773818935613297 0.00060137792180263688)
(0.17460873835089627 0.014068105889229356 0.0006142267678325593)
(0.17620172531948397 0.01437012606095899 0.0006274132535224609)
(0.17783657250487295 0.014680082662876858 0.00064094625124340074)
(0.17951437990209465 0.014998184247026931 0.00065483486650445431)
(0.18123627641166506 0.015324644845745593 0.00066908844411397192)
(0.18300342059911942 0.015659684115670602 0.00068371657452565894)
(0.18481700147452168 0.016003527485536524 0.00069872910020930541)
(0.18667823929252267 0.016356406307853975 0.0007141361222788113)
(0.18858838637359268 0.016718558014617441 0.00072994800724754784)
(0.19054872794612712 0.017090226276920289 0.00074617539400373227)
(0.19256058301180093 0.017471661169048087 0.00076282920102645169)
(0.19462530523264673 0.01786311933665588 0.00077992063370735528)
(0.19674428384197018 0.018264864169500173 0.00079746119189255812)
(0.19891894457915416 0.018677165978756887 0.00081546267762012481)
(0.20115075064876228 0.019100302178781756 0.00083393720305856083)
(0.20344120370528179 0.019534557473750904 0.00085289719865761578)
(0.20579184486337784 0.019980224049050914 0.00087235542151274908)
(0.20822053644621744 0.020441205993455933 0.00089248232782704491)
(0.21085309735005062 0.020945305511252604 0.00091449178803625596)
(0.21339228637685365 0.021426666367004996 0.00093550845684740088)
(0.2160687688645844 0.021946639792758075 0.00095821098709718755)
(0.21859444385047005 0.022373614421104131 0.0009768531020701559)
(0.22129999999999997 0.022593214341152936 0.00098644104107883284)
(0.15287510307985488 0.01037000907598252 0.00045276437433823568)
(0.15384739617366439 0.010469717612463906 0.0004571177431538072)
(0.15502534965941817 0.010620870029421286 0.00046371720026442732)
(0.15605489934830813 0.010789600930514905 0.00047108415042700048)
(0.15702056742519585 0.010974948004325146 0.00047917657825589173)
(0.15823360096698072 0.011222875838884584 0.00049000134110073988)
(0.15943951881199123 0.011459828061982244 0.00050034689850842764)
(0.16054008230001376 0.011670915713461258 0.0005095631843800944)
(0.16178086476573361 0.011912189576120771 0.00052009742870837692)
(0.16311868903973639 0.012174068603941081 0.00053153131398430765)
(0.16450247636444001 0.012445221905830759 0.00054337012281212044)
(0.1658724497389214 0.012712392366505114 0.00055503503703035768)
(0.16723580092924492 0.012977147800523474 0.00056659450888719596)
(0.16863497800992799 0.013248860428847792 0.00057845773839321863)
(0.17007092240706836 0.013527713071342717 0.00059063270765747657)
(0.17154460028538207 0.013813893351979472 0.0006031276085443813)
(0.17305700319827982 0.014107593825077187 0.0006159508481866704)
(0.17460914875506164 0.014409012104861615 0.00062911105464491155)
(0.17620208130558257 0.014718350998429114 0.00064261708263634455)
(0.17783687264291684 0.015035818642203084 0.00065647801953229001)
(0.17951462272451901 0.015361628641977343 0.00067070319149161535)
(0.18123646041234109 0.015696000216639638 0.00068530216977129722)
(0.1830035442323405 0.01603915834567032 0.00070028477722628292)
(0.1848170631539624 0.016391333920519217 0.00071566109483459854)
(0.18667823739017139 0.016752763899960464 0.00073144146848599034)
(0.18858831921866084 0.017123691469573526 0.00074763651590098272)
(0.19054859382391745 0.017504366205226093 0.00076425713377528681)
(0.1925603801625603 0.017895044241143767 0.00078131450517068661)
(0.19462503185037947 0.018295988442162753 0.00079882010701415242)
(0.19674393807322266 0.018707468580647566 0.00081678571782250716)
(0.19891852452176903 0.01912976151810581 0.00083522342562740708)
(0.20115025435059561 0.019563151391353169 0.00085414563610620357)
(0.2034406291628918 0.020007929803676695 0.00087356508093026258)
(0.20579119002067664 0.020464396020862797 0.00089349482633212013)
(0.20822019371639774 0.02093654873774986 0.00091410945910497515)
(0.21085646867112973 0.021452863877199319 0.00093665226487236629)
(0.21339553034762934 0.021945889338619316 0.000958178221364882)
(0.2160735922090182 0.022478463051447184 0.00098143089203397396)
(0.2185955292921698 0.022915784367959127 0.0010005247531707014)
(0.22130000000000002 0.023140705756177594 0.0010103450324836735)
(0.15287355651120443 0.010598708310714274 0.00046274959857152734)
(0.1538446561597708 0.010700615810168826 0.00046719897618606237)
(0.15502535698308947 0.010855101728749277 0.00047394397712213001)
(0.15605377066210788 0.011027553805752474 0.00048147339733194643)
(0.1570162673845964 0.011216988507030505 0.00048974429482639232)
(0.15823094197892221 0.011470384119449822 0.00050080778600413117)
(0.15943768408326889 0.011712562065272828 0.00051138150339168716)
(0.1605360711511753 0.011928305024572778 0.00052080104439172238)
(0.16177707457381796 0.012174899919002537 0.00053156760998401755)
(0.16311654669335598 0.012442554403026978 0.00054325365712340056)
(0.16450226352296249 0.01271968769511558 0.00055535355796176205)
(0.16587311050967904 0.01299275030877182 0.00056727572913468211)
(0.1672364182851494 0.013263344634994357 0.0005790901325299783)
(0.16863555081013276 0.013541049588851802 0.00059121499261796055)
(0.17007144948074771 0.013826052022101415 0.0006036584675443848)
(0.17154508043094294 0.014118543696556381 0.00061642892983629382)
(0.17305743518255337 0.014418721413111228 0.00062953497203656371)
(0.17460953131247425 0.014726787144157821 0.00064298541248822359)
(0.17620241313730425 0.01504294816948175 0.00065678930118964014)
(0.17783715241598733 0.0153674172157281 0.00067095592592419223)
(0.17951484907095067 0.015700412599533399 0.0006854948185290047)
(0.18123663192819903 0.016042158374418764 0.00070041576134468339)
(0.18300365947679742 0.016392884481541484 0.00071572879385852211)
(0.18481712064832831 0.016752826904410378 0.00073144421937351831)
(0.18667823561689853 0.017122227827666779 0.00074757261194672675)
(0.18858825662032702 0.01750133580008276 0.00076412482346091299)
(0.19054846880217094 0.017890405901649427 0.00078111199092652109)
(0.192560191077051 0.018289699915353258 0.00079854554403556064)
(0.1946247770176521 0.018699486503227582 0.00081643721282610303)
(0.19674361576558408 0.019120041387172042 0.00083479903557730694)
(0.19891813296612718 0.019551647534572694 0.00085364336690917715)
(0.20114979172726344 0.019994595348572654 0.00087298288609274205)
(0.20344009360436516 0.020449182863451276 0.00089283060558248699)
(0.20579057961037739 0.020915715944975339 0.0009131998797724494)
(0.20821987424148952 0.021398281474834639 0.00093426914577704847)
(0.21085961124125396 0.021925983381297254 0.00095730910852761424)
(0.21339855420842579 0.022429881981294454 0.00097930979650210216)
(0.21607808827977529 0.022974201026230479 0.0010030752794501928)
(0.21859654108445437 0.023421166987186347 0.0010225902348596492)
(0.22129999999999997 0.023651048771194578 0.0010326270897172782)
(0.15287211488036537 0.010811889839743044 0.00047205730514188394)
(0.15384210206136256 0.010915847098084843 0.0004765961771641606)
(0.15502536380983487 0.011073440333460029 0.00048347684648270429)
(0.1560527185595495 0.011249361097059932 0.00049115771281840433)
(0.15701225911045003 0.011442606072013362 0.00049959497045057798)
(0.15822846340858229 0.011701098462504222 0.00051088099176090692)
(0.15943597384460167 0.011948147555194761 0.00052166738801216186)
(0.16053233216689949 0.012168229950262954 0.00053127639286894887)
(0.16177354155409071 0.012419784833693645 0.0005422595162575402)
(0.16311454970951117 0.012692822897535835 0.00055418061556785205)
(0.1645020651232097 0.012975530425391686 0.00056652389279569413)
(0.16587372644580409 0.013254085397530986 0.00057868586551852719)
(0.16723699375220685 0.013530122435310394 0.00059073790283170624)
(0.16863608474468492 0.013813413123291903 0.00060310664133742008)
(0.17007194079141175 0.014104148071553337 0.00061580040327368344)
(0.17154552799765624 0.014402522898988884 0.0006288277295718452)
(0.17305783785582016 0.014708738364929743 0.00064219738560446725)
(0.17460988791259252 0.015023000504223512 0.00065591836708598988)
(0.17620272245357238 0.015345520765863971 0.00066999990604568694)
(0.17783741320588903 0.0156765161552621 0.00068445147708063247)
(0.17951506005931914 0.016016209380256909 0.00069928280375052324)
(0.18123679180635904 0.016364829000963237 0.0007145038651571418)
(0.18300376690168485 0.016722609583555498 0.00073012490272118737)
(0.18481717424158514 0.017089791858094987 0.00074615642698542802)
(0.18667823396394578 0.01746662288050459 0.00076260922469261491)
(0.18858819826941675 0.0178533561988455 0.00077949436599937159)
(0.19054835226340289 0.018250252023766352 0.00079682321192503568)
(0.19256001482137597 0.018657577403734638 0.00081460742205748159)
(0.19462453947584074 0.019075606404629252 0.00083285896237178232)
(0.19674331532717076 0.01950462029419699 0.00085159011328403195)
(0.19891776797832769 0.019944907731406149 0.00087081347791402477)
(0.20114936049386015 0.020396764960544263 0.0008905419905625826)
(0.20343959438456791 0.020860496010527189 0.00091078892541560758)
(0.20579001061765168 0.021336412899280028 0.00093156790547629671)
(0.20821957644360012 0.021828684711687741 0.00095306095692820674)
(0.21086254058163828 0.022367000769987832 0.00097656434355495995)
(0.21340137289415037 0.022881034744114948 0.00099900755152005326)
(0.21608227928303644 0.023436302176616429 0.0010232510513966653)
(0.21859748422458575 0.023892258373380937 0.0010431585289806316)
(0.22129999999999997 0.024126763980290424 0.0010533972642941107)
(0.15287077106709496 0.011010606570790922 0.00048073346499325864)
(0.15383972126369791 0.011116474507733095 0.00048535575904667711)
(0.15502537017337173 0.011276964222172827 0.00049236289137350787)
(0.15605173784427795 0.011456118314967179 0.00050018492790909633)
(0.15700852280581262 0.011652915028819485 0.00050877725780712946)
(0.15822615301425372 0.011916158370679671 0.00052027071013040509)
(0.15943437964908769 0.012167748093069131 0.00053125535455423732)
(0.16052884688027025 0.012391875484410628 0.00054104096776183682)
(0.16177024825689881 0.012648053811555173 0.00055222595506217967)
(0.16311268822505984 0.012926110168434247 0.00056436615777814543)
(0.16450188018528158 0.013214013708884646 0.00057693629781512532)
(0.16587430058941713 0.013497688371873659 0.00058932180106762507)
(0.16723753017266038 0.013778798822220968 0.00060159534835665853)
(0.16863658245069768 0.014067296240967067 0.00061419141763612906)
(0.17007239876565333 0.014363374741500699 0.00062711848410231875)
(0.1715459451960627 0.01466723353808631 0.00064038524566430914)
(0.17305821320689121 0.014979077079903815 0.00065400062879750426)
(0.17461022031667139 0.015299115188610723 0.00066797379455274693)
(0.17620301078210601 0.015627563199519797 0.00068231414463905285)
(0.17783765630066836 0.015964642106484978 0.00069703132779150409)
(0.17951525673169991 0.016310578710595804 0.00071213524628360421)
(0.1812369408364625 0.016665605772779306 0.00072763606262766969)
(0.18300386703757635 0.017029962170410289 0.00074354420647621455)
(0.18481722419843113 0.017403893058039327 0.00075987038155014017)
(0.18667823242314924 0.017787650032344535 0.00077662557284673866)
(0.18858814387773379 0.018181491301464365 0.00079382105398616981)
(0.19054824363202599 0.018585681858579485 0.00081146839479720749)
(0.19255985052500504 0.019000493660364846 0.00082957946916469212)
(0.19462431805172181 0.019426205809883086 0.0008481664629918942)
(0.19674303527411155 0.019863104744431183 0.00086724188240236367)
(0.19891742775568874 0.020311484428374302 0.0008868185621544707)
(0.20114895852051562 0.020771646550810968 0.00090690967427454257)
(0.2034391290378437 0.021243900728545269 0.00092752873692089198)
(0.20578948023223348 0.021728564714224297 0.00094868962348020199)
(0.20821929885189991 0.022229884218275063 0.0009705777056795644)
(0.21086527116035186 0.022778094236739523 0.00099451307193506428)
(0.21340400032634674 0.023301575879359389 0.0010173687740142449)
(0.21608618591824866 0.023867048829182967 0.0010420578564038169)
(0.21859836337075136 0.024331385256070526 0.0010623312227387349)
(0.22129999999999997 0.024570200950144064 0.0010727581405107591)
(0.15286951843427335 0.011195839969661161 0.00048882092984806481)
(0.15383750200797081 0.011303488941795637 0.00049352098557906075)
(0.15502537610512979 0.011466678603336217 0.00050064600014324955)
(0.1560508236725214 0.011648846637398607 0.0005085996281950963)
(0.15700504001700291 0.011848954097480831 0.00051733650839206127)
(0.1582239993848539 0.012116626029049421 0.00052902331711445112)
(0.15943289362296412 0.012372448290227676 0.00054019275817132313)
(0.16052559807738906 0.012600346216662877 0.00055014299649587864)
(0.16176717841658331 0.012860834277512717 0.00056151615083321828)
(0.16311095304609405 0.01314356842609482 0.00057386059034554885)
(0.16450170779576592 0.013436315419174422 0.00058664220009115519)
(0.16587483577622461 0.013724762391632577 0.00059923606687471286)
(0.16723803019590103 0.014010602013242257 0.00061171609423965546)
(0.16863704638635069 0.014303952875538086 0.00062452406944002513)
(0.17007282566541621 0.01460501235751299 0.00063766861025184307)
(0.17154633408671333 0.01491398302484852 0.00065115856091066729)
(0.17305856308963277 0.015231072766209643 0.00066500299806359015)
(0.17461053016646116 0.015556494933121027 0.00067921123687944779)
(0.17620327954696538 0.01589046848351984 0.00069379283723388361)
(0.17783788290097519 0.016233218129079047 0.00070875761018437153)
(0.17951544005946185 0.016584974486403385 0.00072411562459212921)
(0.18123707975457198 0.016945974232198496 0.00073987721393523141)
(0.18300396037904504 0.017316460262515862 0.00075605298332609655)
(0.18481727076560406 0.017696681856184823 0.00077265381655623245)
(0.18667823098689884 0.018086894842539298 0.00078969088342550149)
(0.18858809317663652 0.018487361773599314 0.00080717564721218622)
(0.19054814237150772 0.018898352100573095 0.00082511987238635426)
(0.19255969737647519 0.019320142355311268 0.00084353563258932952)
(0.19462411165167728 0.019753016336277095 0.00086243531873000739)
(0.1967427742232189 0.020197265299553284 0.00088183164732468563)
(0.19891711061784403 0.020653188154919993 0.00090173766905316465)
(0.20114858382187559 0.021121091666845265 0.0009221667775371205)
(0.20343869526583608 0.021601290660871925 0.00094313271835325498)
(0.20578898583453875 0.022094108235256545 0.00096464959828271117)
(0.2082190400953581 0.022603861526770179 0.00098690590759421977)
(0.21086781646377611 0.023161294180187759 0.0010112439427868217)
(0.21340644948195364 0.023693582447881844 0.0010344841504200308)
(0.21608982748035907 0.024268568450032883 0.0010595885816477078)
(0.2185991828650713 0.024740716491477605 0.0010802030104416843)
(0.22130000000000002 0.02498354982458242 0.0010908053421117743)
(0.15286835079512254 0.011368504907716907 0.00049635964385266686)
(0.15383543333323405 0.011477814068203102 0.00050113218497411594)
(0.15502538163440605 0.011643520479972124 0.00050836708322739863)
(0.1560499715291678 0.011828497953290733 0.00051644337404493435)
(0.15700179354245911 0.012031691518774002 0.00052531499651064357)
(0.15822199188356542 0.012303491551280868 0.00053718204200933501)
(0.1594315084267191 0.012563259164929265 0.00054852374087387742)
(0.16052256971235518 0.012794671788024797 0.00055862743416819002)
(0.16176431687114298 0.013059177158430042 0.00057017598802843069)
(0.16310933560253116 0.013346271701085615 0.0005827108064573504)
(0.16450154710322756 0.013643533508735898 0.00059568953726407941)
(0.16587533464952459 0.01393642897981201 0.00060847762969162248)
(0.16723849629155332 0.014226676888847446 0.00062115012704164348)
(0.16863747884303112 0.014524551878730326 0.00063415562991752349)
(0.17007322359916663 0.014830254372479883 0.00064750288900069879)
(0.17154669659034663 0.01514399005979436 0.00066120088492465647)
(0.17305888923212265 0.015465970035447736 0.00067525883431872487)
(0.1746108189923159 0.015796410941323238 0.00068968619601251461)
(0.1762035300755854 0.016135535112180018 0.00070449267731637207)
(0.17783809412599277 0.016483570725248538 0.0007196882405962607)
(0.17951561094806429 0.016840751953758309 0.00073528310999779829)
(0.1812372092468067 0.017207319124500076 0.00075128777836444517)
(0.18300404738710627 0.017583518879526677 0.00076771301436321488)
(0.1848173141731001 0.017969604342105535 0.00078456986963806787)
(0.18667822964810096 0.018365835287032121 0.00080186968625220695)
(0.18858804591571127 0.018772478315466898 0.00081962410427335083)
(0.19054804798172048 0.019189807034159456 0.00083784506960605598)
(0.19255955461938298 0.01961810223970116 0.00085654484209424686)
(0.19462391925629327 0.020057652107363471 0.00087573600374239876)
(0.19674253088515736 0.020508752385050486 0.00089543146718398326)
(0.1989168149984436 0.020971706592400913 0.0009156444843695246)
(0.20114823454729636 0.02144682622487824 0.00093638865548035556)
(0.20343829092613669 0.021934430963340586 0.00095767793808076962)
(0.20578852498272762 0.022434848888943554 0.00097952665651008294)
(0.20821879889597109 0.02295246371838033 0.0010021262079793066)
(0.21087018906321428 0.023518493232313375 0.001026839590207086)
(0.2134087324573983 0.024058990577755825 0.0010504382139146819)
(0.21609322195511388 0.02464284415239033 0.0010759298117216057)
(0.21859994675504391 0.025122273774542722 0.0010968621611968721)
(0.22130000000000002 0.025368852141743416 0.0011076280045772065)
(0.15286726238265008 0.011529454180448649 0.00050338684086229698)
(0.15383350502226281 0.011640310882148569 0.000508226949093829)
(0.15502538678850977 0.011808363277552004 0.00051556427520562146)
(0.15604917720546455 0.011995959563990197 0.00052375490587206451)
(0.15699876734778029 0.012202029836380291 0.00053275212807101901)
(0.15822012059530019 0.012477677869826204 0.00054478718091614646)
(0.15943021721884129 0.012741123135798747 0.00055628944954765535)
(0.16051974682801484 0.012975811976276468 0.00056653618558160919)
(0.16176164948734936 0.013244062073657331 0.00057824823775231345)
(0.16310782790578582 0.013535221148828019 0.00059096051750322188)
(0.16450139731400307 0.013836691431747533 0.00060412299430832796)
(0.16587579967326202 0.014133733561811681 0.00061709213377702089)
(0.16723893076167279 0.014428090647053696 0.00062994404163429314)
(0.16863788195665103 0.014730182793315163 0.00064313366953332911)
(0.17007359453230714 0.015040213261098308 0.00065666989204307962)
(0.17154703449737516 0.015358390652147193 0.00067056181694008521)
(0.17305919324518479 0.015684929049803838 0.00068481879133783187)
(0.17461108822075214 0.016020048163052535 0.00069945040797903142)
(0.17620376360533174 0.01636397347435023 0.0007144665116049899)
(0.17783829101896567 0.016716936391339785 0.00072987720562357273)
(0.17951577024152937 0.017079174402551307 0.00074569285892843798)
(0.18123732995273137 0.017450931237194968 0.00076192411291516699)
(0.18300412849149453 0.017832457029151223 0.00077858188870785945)
(0.18481735463530974 0.018224008485272659 0.00079567739441379877)
(0.1866782284001432 0.018625849058108764 0.00081322213267111232)
(0.1885880018615354 0.01903824912321804 0.00083122790834143498)
(0.19054795999647123 0.019461486160929579 0.00084970683645311336)
(0.19255942154864819 0.019895844943204195 0.00086867135041845164)
(0.19462373991532531 0.020341617725146251 0.00088813421037128111)
(0.19674230405807555 0.020799104441702066 0.00090810851175530147)
(0.19891653943741752 0.021268612909580681 0.0009286076941351347)
(0.20114790897170373 0.021750459034233414 0.00094964555023628009)
(0.2034379140217038 0.022244967022390691 0.00097123623522683529)
(0.20578809540064419 0.022752469600007413 0.00099339427624252764)
(0.20821857406245042 0.023277412546116451 0.0010163137801947352)
(0.21087240067698113 0.023851455606188742 0.0010413770414020801)
(0.21341086052834093 0.024399605026848518 0.0010653097619283906)
(0.21609638610789014 0.024991724491235639 0.0010911622562789762)
(0.2186006588135366 0.025477941624115062 0.0011123909548741977)
(0.22129999999999997 0.025728010917272559 0.0011233092153644755)
(0.15286624782116559 0.011679482719447765 0.000509937228339791)
(0.15383170755109168 0.011791781958559611 0.00051484031911630827)
(0.15502539159289708 0.011962021157862261 0.00052227312314921312)
(0.1560484367782313 0.012152058565652383 0.00053057033547452214)
(0.15699594648653198 0.012360810354566499 0.00053968463521075045)
(0.15821837627772914 0.012640045294303782 0.00055187629576400289)
(0.15942901362202996 0.012906918676450907 0.00056352823917897956)
(0.1605171154820873 0.013144661436334108 0.00057390831221333454)
(0.16175916309094188 0.013416402173390234 0.0005857727690034033)
(0.16310642250931454 0.013711349994322913 0.00059865046896662448)
(0.16450125768828047 0.014016743198951478 0.00061198422423242537)
(0.16587623314419817 0.014317650628803217 0.00062512212633429327)
(0.16723933575211572 0.014615838074333904 0.00063814127133297741)
(0.16863825771819632 0.014921861234382966 0.00065150253099988923)
(0.17007394029688369 0.015235926014406629 0.00066521489538547542)
(0.17154734947672823 0.015558243730606604 0.00067928759078241647)
(0.17305947663034571 0.015889031252112547 0.00069373008593474233)
(0.17461133918149435 0.016228511146900809 0.00070855209841199068)
(0.17620398128961237 0.016576911831548465 0.00072376360106145895)
(0.17783847455235208 0.016934467724920774 0.00073937482876293642)
(0.1795159187266106 0.017301419405898567 0.00075539628533667375)
(0.18123744246851486 0.01767801377525044 0.00077183875065081164)
(0.183004204092786 0.018064504221756837 0.0007887132879420139)
(0.18481739235207659 0.018461150792702052 0.00080603125116453375)
(0.18667822723686192 0.018868220368846514 0.00082380429263609074)
(0.18858796079652448 0.019285986844046251 0.00084204437083063369)
(0.19054787798119913 0.019714731309379636 0.00086076375842490996)
(0.19255929750703196 0.020154742242440078 0.00087997505062263615)
(0.19462357274300468 0.02060631570133991 0.00089969117360056349)
(0.19674209262167008 0.021069755523968409 0.00091992539320857501)
(0.19891628257376448 0.021545373532540029 0.00094069132389539565)
(0.20114760548707378 0.022033489743267319 0.00096200293786617914)
(0.20343756269099914 0.022534432581663419 0.00098387457448500973)
(0.20578769496657418 0.023048539103323499 0.0010063209499238791)
(0.20821836448433886 0.023580312938564846 0.0010295386969358807)
(0.21087446222828013 0.024161825809460549 0.0010549280971262724)
(0.21341284420536533 0.024717108096555092 0.0010791722453263165)
(0.21609933556649985 0.025316932593354369 0.0011053611486600331)
(0.21860132255742018 0.025809476690627824 0.0011268660884879483)
(0.22130000000000002 0.026062800043354293 0.0011379264242789412)
(0.15286530209973012 0.011819331518589132 0.00051604315877642321)
(0.15383003204197554 0.011932975416031446 0.00052100495860484355)
(0.15502539607129698 0.012105253040165159 0.00052852676218877518)
(0.15604774659048362 0.012297565934285435 0.000536923324391796)
(0.15699331702642558 0.012508817293403087 0.00054614675771756281)
(0.15821675031563379 0.012791395760584056 0.00055848439982914846)
(0.15942789169169699 0.013061464654288722 0.00057027586229076372)
(0.16051466267830375 0.013302054118968091 0.00058078022514032059)
(0.16175684540156024 0.013577048648736446 0.00059278674558803693)
(0.16310511247183673 0.013875528141367052 0.00060581864166754315)
(0.16450112753644555 0.014184578089531202 0.00061931205380400868)
(0.16587663720325446 0.014489088550760984 0.0006326072676530076)
(0.16723971326313788 0.014790846458886482 0.00064578230241476155)
(0.16863860798356073 0.015100533905485753 0.00065930354828691194)
(0.1700742626006343 0.01541835926150357 0.00067318010296574791)
(0.17154764308409504 0.015744536373417835 0.0006874213032185307)
(0.17305974078725014 0.016079284707124521 0.00070203673116695485)
(0.17461157311404255 0.016422829495603641 0.00071703622073763227)
(0.17620418420357425 0.016775401890466418 0.00073242986419160059)
(0.17783864563262694 0.017137239117482959 0.00074822801895993701)
(0.17951605713667873 0.017508584636198293 0.00076444131463444212)
(0.18123754734987485 0.017889688303742757 0.00078108066016017313)
(0.1830042745643769 0.018280806542945272 0.00079815725124373325)
(0.18481742750968452 0.018682202514866776 0.00081568257779033335)
(0.18667822615251162 0.019094146295867587 0.00083366843164122187)
(0.18858792251785764 0.019516915059377655 0.00085212691445975611)
(0.19054780153082915 0.019950793262227991 0.00087107044587431993)
(0.19255918188189031 0.020396072836209925 0.00089051177190216889)
(0.19462341691366425 0.020853053384402 0.00091046397349662557)
(0.19674189553165244 0.021322042382813856 0.00093094047535135268)
(0.19891604313882988 0.021803355387383715 0.00095195505493293731)
(0.20114732259448984 0.022297316246161894 0.0009735218517481299)
(0.20343723519879342 0.022804257317191327 0.00099565537685893167)
(0.2057873217027657 0.023324519691932562 0.0010183705226471059)
(0.20821816912652616 0.023862660926660655 0.0010418662763239906)
(0.21087638389915325 0.024451136766605042 0.0010675596863076956)
(0.21341469328589088 0.025013067940717944 0.001092094131183836)
(0.21610208489837648 0.025620074667894038 0.00111859661747067)
(0.21860194126493859 0.02611851643222882 0.0011403590550048441)
(0.2213 0.026374873050000001 0.001151551826)
)


                                                                               
