                                                                               
                             
                                                                   
                                                            
                                          
                             
                                                                               
FoamFile
{
    format      ascii;
    class       vectorField;
    location    "constant/fluid/polyMesh";
    object      points;
}
                                                                               


6200
(
(0 -0.031819500000000001 0)
(0.0079548750000000001 -0.031819500000000008 0)
(0.01590975 -0.031819500000000008 0)
(0.023864625 -0.031819500000000008 0)
(0.031819500000000001 -0.031819500000000001 0)
(0 -0.015909749999999997 0)
(0.0079548750000000001 -0.01590975 0)
(0.01590975 -0.01590975 0)
(0.023864625 -0.01590975 0)
(0.031819500000000001 -0.015909749999999997 0)
(0 0 0)
(0.0079548750000000001 0 0)
(0.01590975 0 0)
(0.023864625 -1.4802973661668753e-19 0)
(0.031819500000000001 0 0)
(0 0.015909749999999997 0)
(0.0079548750000000001 0.015909749999999997 0)
(0.01590975 0.01590975 0)
(0.023864625 0.015909749999999997 0)
(0.031819500000000001 0.015909749999999997 0)
(0 0.031819500000000001 0)
(0.0079548750000000019 0.031819500000000001 0)
(0.01590975 0.031819500000000001 0)
(0.023864625 0.031819500000000001 0)
(0.031819500000000001 0.031819500000000001 0)
(0 -0.031819500000000008 0.016666666666666663)
(0.0079548750000000019 -0.031819500000000008 0.016666666666666663)
(0.015909750000000004 -0.031819500000000008 0.016666666666666659)
(0.023864625000000004 -0.031819500000000008 0.016666666666666663)
(0.031819500000000008 -0.031819500000000008 0.016666666666666663)
(0 -0.015909750000000004 0.016666666666666663)
(0.0079548750000000019 -0.01590975 0.016666666666666663)
(0.015909750000000004 -0.01590975 0.01666666666666667)
(0.023864625 -0.015909750000000004 0.016666666666666663)
(0.031819500000000008 -0.015909750000000004 0.016666666666666663)
(0 0 0.016666666666666659)
(0.0079548750000000019 0 0.01666666666666667)
(0.015909750000000004 0 0.016666666666666659)
(0.023864625000000004 -1.4802973661668753e-19 0.01666666666666667)
(0.031819500000000008 0 0.016666666666666659)
(0 0.01590975 0.016666666666666663)
(0.0079548750000000019 0.015909750000000004 0.016666666666666663)
(0.015909750000000004 0.01590975 0.01666666666666667)
(0.023864625 0.015909749999999997 0.016666666666666663)
(0.031819500000000008 0.01590975 0.016666666666666663)
(0 0.031819500000000008 0.016666666666666663)
(0.0079548750000000019 0.031819500000000008 0.016666666666666663)
(0.015909750000000004 0.031819500000000008 0.016666666666666659)
(0.023864625000000004 0.031819500000000008 0.016666666666666663)
(0.031819500000000008 0.031819500000000008 0.016666666666666663)
(0 -0.031819500000000008 0.033333333333333326)
(0.0079548750000000019 -0.031819500000000008 0.033333333333333326)
(0.015909750000000004 -0.031819500000000001 0.033333333333333319)
(0.023864625 -0.031819500000000008 0.033333333333333326)
(0.031819500000000008 -0.031819500000000008 0.033333333333333326)
(0 -0.01590975 0.033333333333333326)
(0.0079548750000000001 -0.01590975 0.033333333333333326)
(0.01590975 -0.01590975 0.03333333333333334)
(0.023864625 -0.015909750000000004 0.033333333333333326)
(0.031819500000000008 -0.015909750000000004 0.033333333333333326)
(0 0 0.033333333333333319)
(0.0079548750000000001 0 0.03333333333333334)
(0.01590975 0 0.033333333333333319)
(0.023864625 -1.4802973661668753e-19 0.03333333333333334)
(0.031819500000000001 0 0.033333333333333319)
(0 0.015909749999999997 0.033333333333333326)
(0.0079548750000000001 0.015909749999999997 0.033333333333333326)
(0.01590975 0.01590975 0.03333333333333334)
(0.023864625 0.015909749999999997 0.033333333333333326)
(0.031819500000000008 0.015909749999999997 0.033333333333333326)
(0 0.031819500000000008 0.033333333333333326)
(0.0079548750000000019 0.031819500000000008 0.033333333333333326)
(0.015909750000000004 0.031819500000000001 0.033333333333333319)
(0.023864625 0.031819500000000008 0.033333333333333326)
(0.031819500000000008 0.031819500000000008 0.033333333333333326)
(0 -0.031819500000000001 0.050000000000000003)
(0.0079548750000000001 -0.031819500000000008 0.050000000000000003)
(0.01590975 -0.031819500000000008 0.050000000000000003)
(0.023864625 -0.031819500000000008 0.050000000000000003)
(0.031819500000000001 -0.031819500000000001 0.050000000000000003)
(0 -0.015909749999999997 0.050000000000000003)
(0.0079548750000000001 -0.01590975 0.050000000000000003)
(0.01590975 -0.01590975 0.050000000000000003)
(0.023864625 -0.01590975 0.050000000000000003)
(0.031819500000000001 -0.015909749999999997 0.050000000000000003)
(0 0 0.050000000000000003)
(0.0079548750000000001 0 0.050000000000000003)
(0.01590975 0 0.050000000000000003)
(0.023864625 -1.4802973661668753e-19 0.050000000000000003)
(0.031819500000000001 0 0.050000000000000003)
(0 0.015909749999999997 0.050000000000000003)
(0.0079548750000000001 0.015909749999999997 0.050000000000000003)
(0.01590975 0.01590975 0.050000000000000003)
(0.023864625 0.015909749999999997 0.050000000000000003)
(0.031819500000000001 0.015909749999999997 0.050000000000000003)
(0 0.031819500000000001 0.050000000000000003)
(0.0079548750000000019 0.031819500000000001 0.050000000000000003)
(0.01590975 0.031819500000000001 0.050000000000000003)
(0.023864625 0.031819500000000001 0.050000000000000003)
(0.031819500000000001 0.031819500000000001 0.050000000000000003)
(0 -0.089999999999999997 0)
(0.017558115441106671 -0.088270818203427012 0)
(0.034441443181491858 -0.083149223535790004 0)
(0.050001080476527425 -0.074832062074343814 0)
(0.063639000000000001 -0.063639000000000001 0)
(0 -0.087357218819946181 0)
(0.017121899473466509 -0.085706583084491181 0)
(0.033599662688464489 -0.080817630865775952 0)
(0.048813862548756422 -0.072878266738174949 0)
(0.062193636420128352 -0.062193636420128352 0)
(0 -0.084274337828168178 0)
(0.016613040879687468 -0.082715328353951609 0)
(0.032617701298399381 -0.078097760307741779 0)
(0.047428938359706158 -0.070599107741145584 0)
(0.060507577831462385 -0.060507577831462385 0)
(0 -0.080678067625701885 0)
(0.016019442553006344 -0.079225942846007757 0)
(0.031472214821145893 -0.074924952317906829 0)
(0.04581338407556762 -0.067940402585299681 0)
(0.0585407415253568 -0.0585407415253568 0)
(0 -0.076482914000362695 0)
(0.015326992867089025 -0.075155473320715205 0)
(0.03013597158098795 -0.07122377966076518 0)
(0.043928793088108417 -0.064838945813334645 0)
(0.056246369858192029 -0.056246369858192029 0)
(0 -0.071589145470921489 0)
(0.014519230200021112 -0.070407152414751845 0)
(0.028577205037406423 -0.066906254275724414 0)
(0.041730362973513818 -0.061221006423847465 0)
(0.05356991868086363 -0.05356991868086363 0)
(0 -0.065880422368364652 0)
(0.013576951591800933 -0.064868098188719206 0)
(0.026758858598398889 -0.061869735534967246 0)
(0.039165830403360566 -0.057000575062584366 0)
(0.050447760659502391 -0.050447760659502391 0)
(0 -0.059221031090333012 0)
(0.012477756231940732 -0.058406630582265313 0)
(0.024637704673286777 -0.055994490165504715 0)
(0.036174228687338036 -0.052077319320133215 0)
(0.046805672661438993 -0.046805672661438993 0)
(0 -0.05145265777860919 0)
(0.011195512924496488 -0.050869140981056458 0)
(0.022163317022232634 -0.049140845827391554 0)
(0.032684438410752005 -0.046334198527304055 0)
(0.042557071247006389 -0.042557071247006389 0)
(0 -0.042390624720215271 0)
(0.0096997388705606473 -0.04207644047574334 0)
(0.019276871972109443 -0.041145870680056131 0)
(0.028613496711084044 -0.039634681344675453 0)
(0.037600954319486596 -0.037600954319486596 0)
(0 -0.089999999999999997 0.016666666666666663)
(0.017558115441106675 -0.088270818203427012 0.016666666666666663)
(0.034441443181491865 -0.083149223535790004 0.016666666666666659)
(0.050001080476527439 -0.074832062074343814 0.016666666666666663)
(0.063639000000000015 -0.063639000000000015 0.016666666666666663)
(0 -0.087357218819946181 0.016666666666666663)
(0.017121899473466512 -0.085706583084491209 0.01666666666666667)
(0.033599662688464496 -0.08081763086577598 0.01666666666666667)
(0.048813862548756429 -0.072878266738174963 0.016666666666666663)
(0.062193636420128366 -0.062193636420128366 0.016666666666666663)
(0 -0.084274337828168164 0.016666666666666663)
(0.016613040879687464 -0.082715328353951595 0.01666666666666667)
(0.032617701298399374 -0.078097760307741779 0.016666666666666659)
(0.047428938359706151 -0.07059910774114557 0.01666666666666667)
(0.060507577831462378 -0.060507577831462378 0.016666666666666663)
(0 -0.080678067625701899 0.016666666666666663)
(0.016019442553006347 -0.079225942846007771 0.01666666666666667)
(0.0314722148211459 -0.074924952317906829 0.016666666666666659)
(0.04581338407556762 -0.067940402585299681 0.01666666666666667)
(0.058540741525356814 -0.058540741525356814 0.016666666666666663)
(0 -0.076482914000362695 0.016666666666666663)
(0.015326992867089025 -0.075155473320715233 0.016666666666666663)
(0.03013597158098795 -0.07122377966076518 0.016666666666666659)
(0.04392879308810841 -0.064838945813334645 0.016666666666666663)
(0.056246369858192029 -0.056246369858192029 0.016666666666666663)
(0 -0.071589145470921503 0.016666666666666663)
(0.014519230200021108 -0.070407152414751845 0.016666666666666659)
(0.028577205037406423 -0.066906254275724414 0.01666666666666667)
(0.041730362973513811 -0.061221006423847459 0.016666666666666659)
(0.05356991868086363 -0.05356991868086363 0.016666666666666663)
(0 -0.065880422368364666 0.016666666666666663)
(0.013576951591800933 -0.06486809818871922 0.016666666666666663)
(0.026758858598398889 -0.06186973553496726 0.01666666666666667)
(0.039165830403360573 -0.057000575062584373 0.016666666666666663)
(0.050447760659502391 -0.050447760659502391 0.016666666666666663)
(0 -0.059221031090333012 0.016666666666666663)
(0.012477756231940732 -0.058406630582265313 0.016666666666666663)
(0.024637704673286777 -0.055994490165504722 0.01666666666666667)
(0.036174228687338036 -0.052077319320133215 0.016666666666666659)
(0.046805672661438993 -0.046805672661438993 0.016666666666666663)
(0 -0.051452657778609197 0.016666666666666663)
(0.011195512924496488 -0.050869140981056472 0.016666666666666663)
(0.022163317022232634 -0.04914084582739156 0.01666666666666667)
(0.032684438410752005 -0.046334198527304055 0.016666666666666663)
(0.042557071247006389 -0.042557071247006389 0.016666666666666663)
(0 -0.042390624720215278 0.016666666666666663)
(0.009699738870560649 -0.04207644047574334 0.016666666666666663)
(0.019276871972109446 -0.041145870680056137 0.01666666666666667)
(0.028613496711084044 -0.039634681344675453 0.016666666666666663)
(0.037600954319486603 -0.037600954319486603 0.016666666666666663)
(0 -0.089999999999999997 0.033333333333333326)
(0.017558115441106671 -0.088270818203427012 0.033333333333333326)
(0.034441443181491865 -0.083149223535790004 0.033333333333333319)
(0.050001080476527425 -0.074832062074343814 0.033333333333333326)
(0.063639000000000015 -0.063639000000000015 0.033333333333333326)
(0 -0.087357218819946181 0.033333333333333326)
(0.017121899473466509 -0.085706583084491209 0.03333333333333334)
(0.033599662688464489 -0.080817630865775952 0.03333333333333334)
(0.048813862548756422 -0.072878266738174963 0.03333333333333334)
(0.062193636420128352 -0.062193636420128352 0.033333333333333326)
(0 -0.084274337828168164 0.033333333333333326)
(0.016613040879687468 -0.082715328353951609 0.03333333333333334)
(0.032617701298399381 -0.078097760307741779 0.033333333333333326)
(0.047428938359706158 -0.070599107741145584 0.03333333333333334)
(0.060507577831462385 -0.060507577831462385 0.033333333333333326)
(0 -0.080678067625701885 0.033333333333333326)
(0.016019442553006344 -0.079225942846007771 0.03333333333333334)
(0.031472214821145893 -0.074924952317906829 0.033333333333333319)
(0.04581338407556762 -0.067940402585299653 0.03333333333333334)
(0.0585407415253568 -0.0585407415253568 0.033333333333333326)
(0 -0.076482914000362695 0.033333333333333326)
(0.015326992867089025 -0.075155473320715233 0.033333333333333326)
(0.03013597158098795 -0.07122377966076518 0.033333333333333319)
(0.043928793088108417 -0.064838945813334659 0.033333333333333326)
(0.056246369858192029 -0.056246369858192029 0.033333333333333326)
(0 -0.071589145470921503 0.033333333333333326)
(0.014519230200021114 -0.070407152414751845 0.03333333333333334)
(0.028577205037406423 -0.066906254275724414 0.03333333333333334)
(0.041730362973513818 -0.061221006423847465 0.033333333333333319)
(0.05356991868086363 -0.05356991868086363 0.033333333333333326)
(0 -0.065880422368364652 0.033333333333333326)
(0.013576951591800933 -0.064868098188719206 0.033333333333333326)
(0.026758858598398889 -0.061869735534967246 0.03333333333333334)
(0.039165830403360573 -0.057000575062584373 0.033333333333333326)
(0.050447760659502391 -0.050447760659502391 0.033333333333333326)
(0 -0.059221031090333012 0.033333333333333326)
(0.012477756231940732 -0.058406630582265313 0.033333333333333326)
(0.024637704673286777 -0.055994490165504715 0.03333333333333334)
(0.036174228687338036 -0.052077319320133215 0.033333333333333319)
(0.046805672661438993 -0.046805672661438993 0.033333333333333326)
(0 -0.05145265777860919 0.033333333333333326)
(0.011195512924496488 -0.050869140981056458 0.033333333333333326)
(0.022163317022232634 -0.04914084582739156 0.03333333333333334)
(0.032684438410752012 -0.046334198527304055 0.033333333333333326)
(0.042557071247006389 -0.042557071247006389 0.033333333333333326)
(0 -0.042390624720215271 0.033333333333333326)
(0.0096997388705606473 -0.04207644047574334 0.033333333333333326)
(0.019276871972109443 -0.041145870680056137 0.03333333333333334)
(0.028613496711084044 -0.039634681344675453 0.033333333333333326)
(0.037600954319486596 -0.037600954319486596 0.033333333333333326)
(0 -0.089999999999999997 0.050000000000000003)
(0.017558115441106671 -0.088270818203427012 0.050000000000000003)
(0.034441443181491858 -0.083149223535790004 0.050000000000000003)
(0.050001080476527425 -0.074832062074343814 0.050000000000000003)
(0.063639000000000001 -0.063639000000000001 0.050000000000000003)
(0 -0.087357218819946181 0.050000000000000003)
(0.017121899473466509 -0.085706583084491181 0.050000000000000003)
(0.033599662688464489 -0.080817630865775952 0.050000000000000003)
(0.048813862548756422 -0.072878266738174949 0.050000000000000003)
(0.062193636420128352 -0.062193636420128352 0.050000000000000003)
(0 -0.084274337828168178 0.050000000000000003)
(0.016613040879687468 -0.082715328353951609 0.050000000000000003)
(0.032617701298399381 -0.078097760307741779 0.05000000000000001)
(0.047428938359706158 -0.070599107741145584 0.050000000000000003)
(0.060507577831462385 -0.060507577831462385 0.050000000000000003)
(0 -0.080678067625701885 0.050000000000000003)
(0.016019442553006344 -0.079225942846007757 0.050000000000000003)
(0.031472214821145893 -0.074924952317906829 0.049999999999999996)
(0.04581338407556762 -0.067940402585299681 0.050000000000000003)
(0.0585407415253568 -0.0585407415253568 0.050000000000000003)
(0 -0.076482914000362695 0.050000000000000003)
(0.015326992867089025 -0.075155473320715205 0.050000000000000003)
(0.03013597158098795 -0.07122377966076518 0.050000000000000003)
(0.043928793088108417 -0.064838945813334645 0.050000000000000003)
(0.056246369858192029 -0.056246369858192029 0.050000000000000003)
(0 -0.071589145470921489 0.050000000000000003)
(0.014519230200021112 -0.070407152414751845 0.05000000000000001)
(0.028577205037406423 -0.066906254275724414 0.050000000000000003)
(0.041730362973513818 -0.061221006423847465 0.050000000000000003)
(0.05356991868086363 -0.05356991868086363 0.050000000000000003)
(0 -0.065880422368364652 0.050000000000000003)
(0.013576951591800933 -0.064868098188719206 0.050000000000000003)
(0.026758858598398889 -0.061869735534967246 0.049999999999999996)
(0.039165830403360566 -0.057000575062584366 0.050000000000000003)
(0.050447760659502391 -0.050447760659502391 0.050000000000000003)
(0 -0.059221031090333012 0.050000000000000003)
(0.012477756231940732 -0.058406630582265313 0.050000000000000003)
(0.024637704673286777 -0.055994490165504715 0.050000000000000003)
(0.036174228687338036 -0.052077319320133215 0.050000000000000003)
(0.046805672661438993 -0.046805672661438993 0.050000000000000003)
(0 -0.05145265777860919 0.050000000000000003)
(0.011195512924496488 -0.050869140981056458 0.050000000000000003)
(0.022163317022232634 -0.049140845827391554 0.050000000000000003)
(0.032684438410752005 -0.046334198527304055 0.050000000000000003)
(0.042557071247006389 -0.042557071247006389 0.050000000000000003)
(0 -0.042390624720215271 0.050000000000000003)
(0.0096997388705606473 -0.04207644047574334 0.050000000000000003)
(0.019276871972109443 -0.041145870680056131 0.050000000000000003)
(0.028613496711084044 -0.039634681344675453 0.050000000000000003)
(0.037600954319486596 -0.037600954319486596 0.050000000000000003)
(0.083148983536651386 -0.034441343767338692 0)
(0.089999999999999997 0 0)
(0.0831489835366514 0.034441343767338692 0)
(0.063639000000000001 0.063639000000000001 0)
(0.080817401768317601 -0.033599567790083003 0)
(0.087357218819946181 0 0)
(0.080817401768317615 0.033599567790082996 0)
(0.062193636420128352 0.062193636420128352 0)
(0.078097543927409988 -0.03261761166779667 0)
(0.084274337828168164 0 0)
(0.078097543927409988 0.032617611667796663 0)
(0.060507577831462385 0.060507577831462385 0)
(0.074924750772472445 -0.031472131335560087 0)
(0.080678067625701885 0 0)
(0.074924750772472473 0.03147213133556008 0)
(0.0585407415253568 0.0585407415253568 0)
(0.071223595420669514 -0.030135895263742826 0)
(0.076482914000362695 0 0)
(0.071223595420669514 0.030135895263742826 0)
(0.056246369858192029 0.056246369858192029 0)
(0.066906090222808801 -0.028577137082238864 0)
(0.071589145470921531 0 0)
(0.066906090222808801 0.028577137082238867 0)
(0.05356991868086363 0.05356991868086363 0)
(0.061869595030983486 -0.026758800397837654 0)
(0.065880422368364638 0 0)
(0.061869595030983486 0.026758800397837654 0)
(0.050447760659502391 0.050447760659502391 0)
(0.055994377132033743 -0.024637657851757082 0)
(0.059221031090332998 0 0)
(0.05599437713203375 0.024637657851757078 0)
(0.046805672661438993 0.046805672661438993 0)
(0.04914076483907151 -0.022163283474673671 0)
(0.05145265777860919 0 0)
(0.04914076483907151 0.022163283474673671 0)
(0.042557071247006389 0.042557071247006389 0)
(0.041145827073335202 -0.019276853909022808 0)
(0.042390624720215271 0 0)
(0.041145827073335202 0.019276853909022808 0)
(0.037600954319486596 0.037600954319486596 0)
(0.0831489835366514 -0.034441343767338706 0.016666666666666663)
(0.090000000000000011 0 0.016666666666666659)
(0.0831489835366514 0.034441343767338692 0.016666666666666663)
(0.063639000000000015 0.063639000000000015 0.016666666666666663)
(0.080817401768317615 -0.03359956779008301 0.01666666666666667)
(0.087357218819946195 0 0.01666666666666667)
(0.080817401768317615 0.033599567790083003 0.016666666666666663)
(0.062193636420128366 0.062193636420128366 0.016666666666666663)
(0.078097543927409974 -0.032617611667796663 0.01666666666666667)
(0.084274337828168164 0 0.016666666666666659)
(0.078097543927409988 0.032617611667796642 0.01666666666666667)
(0.060507577831462378 0.060507577831462378 0.016666666666666663)
(0.074924750772472445 -0.031472131335560087 0.01666666666666667)
(0.080678067625701885 0 0.016666666666666659)
(0.074924750772472473 0.03147213133556008 0.01666666666666667)
(0.058540741525356814 0.058540741525356814 0.016666666666666663)
(0.071223595420669514 -0.030135895263742826 0.016666666666666663)
(0.076482914000362681 0 0.016666666666666659)
(0.071223595420669514 0.030135895263742826 0.016666666666666663)
(0.056246369858192029 0.056246369858192029 0.016666666666666663)
(0.066906090222808801 -0.028577137082238871 0.016666666666666659)
(0.071589145470921531 0 0.01666666666666667)
(0.066906090222808814 0.028577137082238867 0.016666666666666659)
(0.05356991868086363 0.05356991868086363 0.016666666666666663)
(0.061869595030983486 -0.026758800397837654 0.016666666666666663)
(0.065880422368364652 0 0.01666666666666667)
(0.061869595030983486 0.026758800397837654 0.016666666666666663)
(0.050447760659502391 0.050447760659502391 0.016666666666666663)
(0.055994377132033743 -0.024637657851757082 0.016666666666666663)
(0.059221031090333005 0 0.01666666666666667)
(0.055994377132033757 0.024637657851757078 0.016666666666666659)
(0.046805672661438993 0.046805672661438993 0.016666666666666663)
(0.04914076483907151 -0.022163283474673671 0.016666666666666663)
(0.051452657778609197 0 0.01666666666666667)
(0.04914076483907151 0.022163283474673671 0.016666666666666663)
(0.042557071247006389 0.042557071247006389 0.016666666666666663)
(0.041145827073335202 -0.019276853909022808 0.016666666666666663)
(0.042390624720215271 0 0.01666666666666667)
(0.041145827073335202 0.019276853909022808 0.016666666666666663)
(0.037600954319486603 0.037600954319486603 0.016666666666666663)
(0.0831489835366514 -0.034441343767338706 0.033333333333333326)
(0.089999999999999997 0 0.033333333333333319)
(0.0831489835366514 0.034441343767338692 0.033333333333333326)
(0.063639000000000015 0.063639000000000015 0.033333333333333326)
(0.080817401768317601 -0.033599567790083003 0.03333333333333334)
(0.087357218819946181 0 0.03333333333333334)
(0.080817401768317615 0.033599567790083003 0.03333333333333334)
(0.062193636420128352 0.062193636420128352 0.033333333333333326)
(0.078097543927409988 -0.032617611667796663 0.03333333333333334)
(0.084274337828168178 0 0.033333333333333326)
(0.078097543927409988 0.032617611667796642 0.03333333333333334)
(0.060507577831462385 0.060507577831462385 0.033333333333333326)
(0.074924750772472445 -0.031472131335560087 0.03333333333333334)
(0.080678067625701885 0 0.033333333333333319)
(0.074924750772472473 0.03147213133556008 0.03333333333333334)
(0.0585407415253568 0.0585407415253568 0.033333333333333326)
(0.071223595420669514 -0.030135895263742832 0.033333333333333326)
(0.076482914000362681 0 0.033333333333333319)
(0.071223595420669514 0.030135895263742826 0.033333333333333326)
(0.056246369858192029 0.056246369858192029 0.033333333333333326)
(0.066906090222808801 -0.028577137082238878 0.03333333333333334)
(0.071589145470921503 0 0.03333333333333334)
(0.066906090222808814 0.028577137082238867 0.033333333333333319)
(0.05356991868086363 0.05356991868086363 0.033333333333333326)
(0.061869595030983486 -0.026758800397837654 0.033333333333333326)
(0.065880422368364638 0 0.03333333333333334)
(0.061869595030983493 0.026758800397837654 0.033333333333333326)
(0.050447760659502391 0.050447760659502391 0.033333333333333326)
(0.055994377132033743 -0.024637657851757082 0.033333333333333326)
(0.059221031090332998 0 0.03333333333333334)
(0.05599437713203375 0.024637657851757078 0.033333333333333319)
(0.046805672661438993 0.046805672661438993 0.033333333333333326)
(0.04914076483907151 -0.022163283474673671 0.033333333333333326)
(0.051452657778609197 0 0.03333333333333334)
(0.049140764839071517 0.022163283474673671 0.033333333333333326)
(0.042557071247006389 0.042557071247006389 0.033333333333333326)
(0.041145827073335202 -0.019276853909022805 0.033333333333333326)
(0.042390624720215271 0 0.03333333333333334)
(0.041145827073335202 0.019276853909022805 0.033333333333333326)
(0.037600954319486596 0.037600954319486596 0.033333333333333326)
(0.083148983536651386 -0.034441343767338692 0.050000000000000003)
(0.089999999999999997 0 0.050000000000000003)
(0.0831489835366514 0.034441343767338692 0.050000000000000003)
(0.063639000000000001 0.063639000000000001 0.050000000000000003)
(0.080817401768317601 -0.033599567790083003 0.050000000000000003)
(0.087357218819946181 0 0.050000000000000003)
(0.080817401768317615 0.033599567790082996 0.050000000000000003)
(0.062193636420128352 0.062193636420128352 0.050000000000000003)
(0.078097543927409988 -0.03261761166779667 0.050000000000000003)
(0.084274337828168164 0 0.05000000000000001)
(0.078097543927409988 0.032617611667796663 0.050000000000000003)
(0.060507577831462385 0.060507577831462385 0.050000000000000003)
(0.074924750772472445 -0.031472131335560087 0.050000000000000003)
(0.080678067625701885 0 0.049999999999999996)
(0.074924750772472473 0.03147213133556008 0.050000000000000003)
(0.0585407415253568 0.0585407415253568 0.050000000000000003)
(0.071223595420669514 -0.030135895263742826 0.050000000000000003)
(0.076482914000362695 0 0.050000000000000003)
(0.071223595420669514 0.030135895263742826 0.050000000000000003)
(0.056246369858192029 0.056246369858192029 0.050000000000000003)
(0.066906090222808801 -0.028577137082238864 0.05000000000000001)
(0.071589145470921531 0 0.050000000000000003)
(0.066906090222808801 0.028577137082238867 0.050000000000000003)
(0.05356991868086363 0.05356991868086363 0.050000000000000003)
(0.061869595030983486 -0.026758800397837654 0.050000000000000003)
(0.065880422368364638 0 0.049999999999999996)
(0.061869595030983486 0.026758800397837654 0.050000000000000003)
(0.050447760659502391 0.050447760659502391 0.050000000000000003)
(0.055994377132033743 -0.024637657851757082 0.050000000000000003)
(0.059221031090332998 0 0.050000000000000003)
(0.05599437713203375 0.024637657851757078 0.050000000000000003)
(0.046805672661438993 0.046805672661438993 0.050000000000000003)
(0.04914076483907151 -0.022163283474673671 0.050000000000000003)
(0.05145265777860919 0 0.050000000000000003)
(0.04914076483907151 0.022163283474673671 0.050000000000000003)
(0.042557071247006389 0.042557071247006389 0.050000000000000003)
(0.041145827073335202 -0.019276853909022808 0.050000000000000003)
(0.042390624720215271 0 0.050000000000000003)
(0.041145827073335202 0.019276853909022808 0.050000000000000003)
(0.037600954319486596 0.037600954319486596 0.050000000000000003)
(0.050001080476527439 0.074832062074343814 0)
(0.034441443181491858 0.083149223535790004 0)
(0.017558115441106678 0.088270818203427012 0)
(0 0.089999999999999997 0)
(0.048813862548756429 0.072878266738174949 0)
(0.033599662688464489 0.08081763086577598 0)
(0.017121899473466512 0.085706583084491209 0)
(0 0.087357218819946181 0)
(0.047428938359706165 0.070599107741145584 0)
(0.032617701298399381 0.078097760307741779 0)
(0.016613040879687471 0.082715328353951609 0)
(0 0.084274337828168178 0)
(0.045813384075567627 0.067940402585299681 0)
(0.031472214821145893 0.074924952317906815 0)
(0.016019442553006351 0.079225942846007757 0)
(0 0.080678067625701885 0)
(0.043928793088108424 0.064838945813334659 0)
(0.03013597158098795 0.071223779660765194 0)
(0.015326992867089028 0.075155473320715233 0)
(0 0.076482914000362695 0)
(0.041730362973513825 0.061221006423847465 0)
(0.028577205037406423 0.066906254275724428 0)
(0.014519230200021117 0.070407152414751845 0)
(0 0.071589145470921489 0)
(0.039165830403360566 0.057000575062584366 0)
(0.026758858598398889 0.061869735534967246 0)
(0.013576951591800937 0.064868098188719206 0)
(0 0.065880422368364652 0)
(0.036174228687338043 0.052077319320133215 0)
(0.024637704673286777 0.055994490165504715 0)
(0.012477756231940735 0.058406630582265313 0)
(0 0.059221031090333012 0)
(0.032684438410752012 0.046334198527304055 0)
(0.022163317022232634 0.04914084582739156 0)
(0.011195512924496489 0.050869140981056458 0)
(0 0.05145265777860919 0)
(0.028613496711084044 0.039634681344675453 0)
(0.019276871972109443 0.041145870680056131 0)
(0.0096997388705606508 0.04207644047574334 0)
(0 0.042390624720215271 0)
(0.050001080476527446 0.074832062074343814 0.016666666666666663)
(0.034441443181491865 0.083149223535790018 0.016666666666666659)
(0.017558115441106678 0.088270818203427012 0.016666666666666663)
(0 0.089999999999999997 0.016666666666666663)
(0.048813862548756436 0.072878266738174963 0.01666666666666667)
(0.033599662688464496 0.08081763086577598 0.01666666666666667)
(0.017121899473466512 0.085706583084491181 0.016666666666666663)
(0 0.087357218819946181 0.016666666666666663)
(0.047428938359706158 0.07059910774114557 0.01666666666666667)
(0.032617701298399374 0.078097760307741779 0.016666666666666659)
(0.016613040879687471 0.082715328353951595 0.01666666666666667)
(0 0.084274337828168164 0.016666666666666663)
(0.045813384075567627 0.067940402585299681 0.01666666666666667)
(0.0314722148211459 0.074924952317906829 0.016666666666666659)
(0.016019442553006351 0.079225942846007757 0.01666666666666667)
(0 0.080678067625701899 0.016666666666666663)
(0.043928793088108417 0.064838945813334659 0.016666666666666663)
(0.03013597158098795 0.07122377966076518 0.016666666666666659)
(0.015326992867089028 0.075155473320715233 0.016666666666666663)
(0 0.076482914000362695 0.016666666666666663)
(0.041730362973513818 0.061221006423847459 0.016666666666666659)
(0.028577205037406423 0.066906254275724428 0.01666666666666667)
(0.014519230200021112 0.070407152414751831 0.016666666666666659)
(0 0.071589145470921503 0.016666666666666663)
(0.039165830403360573 0.057000575062584373 0.016666666666666663)
(0.026758858598398889 0.06186973553496726 0.01666666666666667)
(0.013576951591800937 0.064868098188719206 0.016666666666666663)
(0 0.065880422368364666 0.016666666666666663)
(0.036174228687338043 0.052077319320133215 0.016666666666666663)
(0.024637704673286777 0.055994490165504715 0.01666666666666667)
(0.012477756231940737 0.058406630582265313 0.016666666666666659)
(0 0.059221031090333012 0.016666666666666663)
(0.032684438410752012 0.046334198527304055 0.016666666666666663)
(0.022163317022232634 0.049140845827391574 0.01666666666666667)
(0.011195512924496489 0.050869140981056458 0.016666666666666663)
(0 0.051452657778609197 0.016666666666666663)
(0.028613496711084044 0.039634681344675453 0.016666666666666663)
(0.019276871972109446 0.041145870680056137 0.01666666666666667)
(0.0096997388705606508 0.042076440475743347 0.016666666666666663)
(0 0.042390624720215278 0.016666666666666663)
(0.050001080476527439 0.074832062074343814 0.033333333333333326)
(0.034441443181491865 0.08314922353578999 0.033333333333333319)
(0.017558115441106678 0.088270818203427026 0.033333333333333326)
(0 0.089999999999999997 0.033333333333333326)
(0.048813862548756429 0.072878266738174963 0.03333333333333334)
(0.033599662688464489 0.08081763086577598 0.03333333333333334)
(0.017121899473466512 0.085706583084491181 0.03333333333333334)
(0 0.087357218819946181 0.033333333333333326)
(0.047428938359706165 0.070599107741145584 0.03333333333333334)
(0.032617701298399381 0.078097760307741779 0.033333333333333326)
(0.016613040879687471 0.082715328353951609 0.03333333333333334)
(0 0.084274337828168164 0.033333333333333326)
(0.045813384075567627 0.067940402585299681 0.03333333333333334)
(0.031472214821145893 0.074924952317906815 0.033333333333333319)
(0.016019442553006351 0.079225942846007771 0.03333333333333334)
(0 0.080678067625701885 0.033333333333333326)
(0.043928793088108424 0.064838945813334659 0.033333333333333326)
(0.03013597158098795 0.07122377966076518 0.033333333333333319)
(0.015326992867089028 0.075155473320715233 0.033333333333333326)
(0 0.076482914000362695 0.033333333333333326)
(0.041730362973513825 0.061221006423847465 0.03333333333333334)
(0.028577205037406423 0.0669062542757244 0.03333333333333334)
(0.014519230200021117 0.070407152414751845 0.033333333333333319)
(0 0.071589145470921503 0.033333333333333326)
(0.039165830403360573 0.057000575062584359 0.033333333333333326)
(0.026758858598398889 0.06186973553496726 0.03333333333333334)
(0.013576951591800938 0.064868098188719206 0.033333333333333326)
(0 0.065880422368364652 0.033333333333333326)
(0.036174228687338043 0.052077319320133215 0.033333333333333326)
(0.024637704673286777 0.055994490165504715 0.03333333333333334)
(0.012477756231940735 0.058406630582265313 0.033333333333333319)
(0 0.059221031090333012 0.033333333333333326)
(0.032684438410752019 0.046334198527304055 0.033333333333333326)
(0.022163317022232634 0.04914084582739156 0.03333333333333334)
(0.011195512924496489 0.050869140981056458 0.033333333333333326)
(0 0.05145265777860919 0.033333333333333326)
(0.028613496711084044 0.039634681344675453 0.033333333333333326)
(0.019276871972109443 0.041145870680056137 0.03333333333333334)
(0.0096997388705606508 0.04207644047574334 0.033333333333333326)
(0 0.042390624720215271 0.033333333333333326)
(0.050001080476527439 0.074832062074343814 0.050000000000000003)
(0.034441443181491858 0.083149223535790004 0.050000000000000003)
(0.017558115441106678 0.088270818203427012 0.050000000000000003)
(0 0.089999999999999997 0.050000000000000003)
(0.048813862548756429 0.072878266738174949 0.050000000000000003)
(0.033599662688464489 0.08081763086577598 0.050000000000000003)
(0.017121899473466512 0.085706583084491209 0.050000000000000003)
(0 0.087357218819946181 0.050000000000000003)
(0.047428938359706165 0.070599107741145584 0.050000000000000003)
(0.032617701298399381 0.078097760307741779 0.05000000000000001)
(0.016613040879687471 0.082715328353951609 0.050000000000000003)
(0 0.084274337828168178 0.050000000000000003)
(0.045813384075567627 0.067940402585299681 0.050000000000000003)
(0.031472214821145893 0.074924952317906815 0.049999999999999996)
(0.016019442553006351 0.079225942846007757 0.050000000000000003)
(0 0.080678067625701885 0.050000000000000003)
(0.043928793088108424 0.064838945813334659 0.050000000000000003)
(0.03013597158098795 0.071223779660765194 0.050000000000000003)
(0.015326992867089028 0.075155473320715233 0.050000000000000003)
(0 0.076482914000362695 0.050000000000000003)
(0.041730362973513825 0.061221006423847465 0.05000000000000001)
(0.028577205037406423 0.066906254275724428 0.050000000000000003)
(0.014519230200021117 0.070407152414751845 0.050000000000000003)
(0 0.071589145470921489 0.050000000000000003)
(0.039165830403360566 0.057000575062584366 0.050000000000000003)
(0.026758858598398889 0.061869735534967246 0.049999999999999996)
(0.013576951591800937 0.064868098188719206 0.050000000000000003)
(0 0.065880422368364652 0.050000000000000003)
(0.036174228687338043 0.052077319320133215 0.050000000000000003)
(0.024637704673286777 0.055994490165504715 0.050000000000000003)
(0.012477756231940735 0.058406630582265313 0.050000000000000003)
(0 0.059221031090333012 0.050000000000000003)
(0.032684438410752012 0.046334198527304055 0.050000000000000003)
(0.022163317022232634 0.04914084582739156 0.050000000000000003)
(0.011195512924496489 0.050869140981056458 0.050000000000000003)
(0 0.05145265777860919 0.050000000000000003)
(0.028613496711084044 0.039634681344675453 0.050000000000000003)
(0.019276871972109443 0.041145870680056131 0.050000000000000003)
(0.0096997388705606508 0.04207644047574334 0.050000000000000003)
(0 0.042390624720215271 0.050000000000000003)
(0 -0.029698200000000004 0.069000000000000006)
(0.0074245500000000011 -0.029698200000000004 0.069000000000000006)
(0.014849100000000002 -0.029698199999999998 0.069000000000000006)
(0.022273649999999999 -0.029698200000000001 0.069000000000000006)
(0.029698200000000004 -0.029698200000000004 0.069000000000000006)
(0 -0.014849100000000002 0.069000000000000006)
(0.0074245500000000002 -0.014849100000000002 0.069000000000000006)
(0.0148491 -0.014849100000000002 0.069000000000000006)
(0.022273649999999999 -0.0148491 0.069000000000000006)
(0.029698200000000004 -0.014849100000000002 0.069000000000000006)
(0 0 0.069000000000000006)
(0.0074245500000000011 0 0.069000000000000006)
(0.014849100000000002 0 0.069000000000000006)
(0.022273649999999999 0 0.069000000000000006)
(0.029698199999999998 0 0.069000000000000006)
(0 0.014849100000000002 0.069000000000000006)
(0.0074245500000000011 0.014849100000000002 0.069000000000000006)
(0.014849100000000002 0.014849100000000002 0.069000000000000006)
(0.022273650000000002 0.014849100000000002 0.069000000000000006)
(0.029698200000000001 0.014849100000000002 0.069000000000000006)
(0 0.029698200000000004 0.069000000000000006)
(0.0074245500000000011 0.029698200000000001 0.069000000000000006)
(0.014849100000000002 0.029698199999999998 0.069000000000000006)
(0.022273649999999999 0.029698200000000004 0.069000000000000006)
(0.029698200000000004 0.029698200000000004 0.069000000000000006)
(0 -0.027576900000000005 0.087999999999999995)
(0.0068942250000000012 -0.027576900000000005 0.087999999999999995)
(0.013788450000000002 -0.027576900000000005 0.087999999999999995)
(0.020682675000000005 -0.027576900000000005 0.087999999999999995)
(0.027576900000000005 -0.027576900000000005 0.087999999999999995)
(0 -0.013788450000000004 0.087999999999999995)
(0.0068942250000000012 -0.013788450000000002 0.087999999999999995)
(0.013788450000000002 -0.013788450000000002 0.087999999999999995)
(0.020682675000000005 -0.013788450000000002 0.087999999999999995)
(0.027576900000000005 -0.013788450000000002 0.087999999999999995)
(0 0 0.087999999999999995)
(0.0068942249999999995 0 0.087999999999999995)
(0.013788449999999999 0 0.087999999999999995)
(0.020682675000000005 2.9605947323337507e-19 0.087999999999999995)
(0.027576900000000005 0 0.087999999999999995)
(0 0.013788450000000002 0.087999999999999995)
(0.0068942250000000012 0.013788450000000002 0.087999999999999995)
(0.013788450000000002 0.013788450000000002 0.087999999999999995)
(0.020682675000000005 0.013788450000000002 0.087999999999999995)
(0.027576900000000005 0.013788450000000002 0.087999999999999995)
(0 0.027576900000000005 0.087999999999999995)
(0.0068942250000000012 0.027576900000000005 0.087999999999999995)
(0.013788450000000002 0.027576900000000005 0.087999999999999995)
(0.020682675000000005 0.027576900000000005 0.087999999999999995)
(0.027576900000000005 0.027576900000000005 0.087999999999999995)
(0 -0.025455600000000005 0.107)
(0.0063639000000000013 -0.025455600000000002 0.107)
(0.012727800000000001 -0.025455600000000005 0.107)
(0.0190917 -0.025455600000000005 0.107)
(0.025455600000000002 -0.025455600000000002 0.107)
(0 -0.012727800000000003 0.107)
(0.0063639000000000013 -0.012727800000000003 0.107)
(0.012727800000000003 -0.012727800000000003 0.107)
(0.0190917 -0.012727800000000003 0.107)
(0.025455600000000002 -0.012727800000000003 0.107)
(0 0 0.107)
(0.0063639000000000013 0 0.107)
(0.012727800000000001 0 0.107)
(0.0190917 1.4802973661668753e-19 0.107)
(0.025455600000000002 0 0.107)
(0 0.012727800000000001 0.107)
(0.0063639000000000013 0.012727800000000001 0.107)
(0.012727800000000003 0.012727800000000001 0.107)
(0.019091700000000003 0.012727800000000003 0.107)
(0.025455600000000005 0.012727800000000001 0.107)
(0 0.025455600000000005 0.107)
(0.0063639000000000013 0.025455600000000005 0.107)
(0.012727800000000001 0.025455600000000002 0.107)
(0.0190917 0.025455600000000002 0.107)
(0.025455600000000002 0.025455600000000002 0.107)
(0 -0.023334300000000002 0.126)
(0.0058335750000000006 -0.023334300000000002 0.126)
(0.011667150000000001 -0.023334299999999999 0.126)
(0.017500725000000002 -0.023334299999999999 0.126)
(0.023334300000000002 -0.023334300000000002 0.126)
(0 -0.011667150000000001 0.126)
(0.0058335749999999997 -0.011667149999999999 0.126)
(0.011667149999999999 -0.011667149999999999 0.126)
(0.017500724999999998 -0.011667150000000001 0.126)
(0.023334300000000002 -0.011667149999999999 0.126)
(0 0 0.126)
(0.0058335750000000006 0 0.126)
(0.011667150000000001 0 0.126)
(0.017500725000000002 0 0.126)
(0.023334299999999999 0 0.126)
(0 0.011667149999999999 0.126)
(0.0058335750000000006 0.011667149999999999 0.126)
(0.011667150000000001 0.011667149999999999 0.126)
(0.017500724999999998 0.011667149999999999 0.126)
(0.023334299999999999 0.011667150000000001 0.126)
(0 0.023334300000000002 0.126)
(0.0058335750000000006 0.023334299999999999 0.126)
(0.011667150000000001 0.023334299999999999 0.126)
(0.017500725000000002 0.023334300000000002 0.126)
(0.023334300000000002 0.023334300000000002 0.126)
(0 -0.021213000000000003 0.14499999999999999)
(0.0053032500000000007 -0.021213000000000003 0.14499999999999999)
(0.010606500000000001 -0.021213000000000006 0.14499999999999999)
(0.01590975 -0.021213000000000003 0.14499999999999999)
(0.021213000000000003 -0.021213000000000003 0.14499999999999999)
(0 -0.010606500000000003 0.14499999999999999)
(0.0053032500000000007 -0.010606500000000003 0.14499999999999999)
(0.010606500000000001 -0.010606500000000001 0.14499999999999999)
(0.01590975 -0.010606500000000001 0.14499999999999999)
(0.021213000000000003 -0.0106065 0.14499999999999999)
(0 0 0.14499999999999999)
(0.0053032499999999998 0 0.14499999999999999)
(0.0106065 0 0.14499999999999999)
(0.01590975 0 0.14499999999999999)
(0.021213000000000006 0 0.14499999999999999)
(0 0.0106065 0.14499999999999999)
(0.0053032500000000007 0.0106065 0.14499999999999999)
(0.010606500000000001 0.010606500000000003 0.14499999999999999)
(0.01590975 0.0106065 0.14499999999999999)
(0.021213000000000003 0.0106065 0.14499999999999999)
(0 0.021213000000000003 0.14499999999999999)
(0.0053032500000000007 0.021213000000000003 0.14499999999999999)
(0.010606500000000001 0.021213000000000006 0.14499999999999999)
(0.01590975 0.021213000000000003 0.14499999999999999)
(0.021213000000000003 0.021213000000000003 0.14499999999999999)
(0 -0.019091700000000003 0.16400000000000001)
(0.0047729250000000008 -0.019091700000000003 0.16400000000000001)
(0.0095458500000000016 -0.019091700000000003 0.16400000000000001)
(0.014318775000000002 -0.019091700000000003 0.16400000000000001)
(0.019091700000000003 -0.019091700000000003 0.16400000000000001)
(0 -0.0095458500000000016 0.16400000000000001)
(0.0047729250000000008 -0.0095458500000000033 0.16400000000000001)
(0.0095458500000000016 -0.0095458500000000016 0.16400000000000001)
(0.014318775000000002 -0.0095458500000000016 0.16400000000000001)
(0.019091700000000003 -0.0095458500000000016 0.16400000000000001)
(0 0 0.16400000000000001)
(0.0047729250000000008 0 0.16400000000000001)
(0.0095458500000000016 0 0.16400000000000001)
(0.014318775000000002 0 0.16400000000000001)
(0.019091700000000003 0 0.16400000000000001)
(0 0.0095458500000000016 0.16400000000000001)
(0.0047729250000000008 0.0095458500000000016 0.16400000000000001)
(0.0095458500000000016 0.0095458500000000016 0.16400000000000001)
(0.014318775000000002 0.0095458500000000016 0.16400000000000001)
(0.019091700000000003 0.0095458500000000016 0.16400000000000001)
(0 0.019091700000000003 0.16400000000000001)
(0.0047729250000000008 0.019091700000000003 0.16400000000000001)
(0.0095458500000000016 0.019091700000000003 0.16400000000000001)
(0.014318775000000002 0.019091700000000003 0.16400000000000001)
(0.019091700000000003 0.019091700000000003 0.16400000000000001)
(0 -0.016970400000000004 0.183)
(0.0042426000000000009 -0.016970400000000004 0.183)
(0.0084852000000000018 -0.016970400000000004 0.183)
(0.012727800000000003 -0.016970400000000004 0.183)
(0.016970400000000004 -0.016970400000000004 0.183)
(0 -0.0084852000000000018 0.183)
(0.0042426000000000009 -0.0084852000000000018 0.183)
(0.0084852000000000018 -0.0084851999999999983 0.183)
(0.012727800000000003 -0.0084852000000000018 0.183)
(0.016970400000000004 -0.0084852000000000018 0.183)
(0 0 0.183)
(0.0042426000000000009 0 0.183)
(0.0084852000000000018 0 0.183)
(0.012727800000000003 1.4802973661668753e-19 0.183)
(0.016970400000000004 0 0.183)
(0 0.0084852000000000018 0.183)
(0.0042426000000000009 0.0084851999999999983 0.183)
(0.0084852000000000018 0.0084852000000000018 0.183)
(0.012727800000000003 0.0084852000000000018 0.183)
(0.016970400000000004 0.0084852000000000018 0.183)
(0 0.016970400000000004 0.183)
(0.0042426000000000009 0.016970400000000004 0.183)
(0.0084852000000000018 0.016970400000000004 0.183)
(0.012727800000000003 0.016970400000000004 0.183)
(0.016970400000000004 0.016970400000000004 0.183)
(0 -0.0148491 0.20200000000000001)
(0.0037122750000000001 -0.014849100000000002 0.20200000000000001)
(0.0074245500000000002 -0.014849099999999999 0.20200000000000001)
(0.011136825 -0.0148491 0.20200000000000001)
(0.0148491 -0.0148491 0.20200000000000001)
(0 -0.0074245500000000011 0.20200000000000001)
(0.0037122750000000001 -0.0074245500000000002 0.20200000000000001)
(0.0074245500000000002 -0.0074245500000000011 0.20200000000000001)
(0.011136825 -0.0074245500000000002 0.20200000000000001)
(0.014849100000000002 -0.0074245500000000002 0.20200000000000001)
(0 0 0.20200000000000001)
(0.0037122749999999997 0 0.20200000000000001)
(0.0074245499999999994 0 0.20200000000000001)
(0.011136825 0 0.20200000000000001)
(0.014849099999999999 0 0.20200000000000001)
(0 0.0074245500000000002 0.20200000000000001)
(0.0037122750000000001 0.0074245500000000011 0.20200000000000001)
(0.0074245500000000002 0.0074245500000000011 0.20200000000000001)
(0.011136825 0.0074245500000000002 0.20200000000000001)
(0.0148491 0.0074245499999999994 0.20200000000000001)
(0 0.0148491 0.20200000000000001)
(0.0037122750000000001 0.0148491 0.20200000000000001)
(0.0074245500000000002 0.014849099999999999 0.20200000000000001)
(0.011136825 0.014849100000000002 0.20200000000000001)
(0.0148491 0.0148491 0.20200000000000001)
(0 -0.012727800000000003 0.221)
(0.0031819500000000007 -0.012727800000000003 0.221)
(0.0063639000000000013 -0.012727800000000003 0.221)
(0.0095458499999999998 -0.012727800000000003 0.221)
(0.012727800000000003 -0.012727800000000003 0.221)
(0 -0.0063638999999999987 0.221)
(0.0031819500000000007 -0.0063639000000000005 0.221)
(0.0063639000000000013 -0.0063639000000000013 0.221)
(0.0095458500000000016 -0.0063639000000000005 0.221)
(0.012727800000000003 -0.0063639000000000005 0.221)
(0 0 0.221)
(0.0031819500000000007 0 0.221)
(0.0063639000000000013 0 0.221)
(0.0095458499999999998 -1.4802973661668753e-19 0.221)
(0.012727800000000003 0 0.221)
(0 0.0063639000000000005 0.221)
(0.0031819500000000007 0.0063639000000000013 0.221)
(0.0063639000000000013 0.0063639000000000005 0.221)
(0.0095458499999999998 0.0063639000000000013 0.221)
(0.012727800000000003 0.0063638999999999987 0.221)
(0 0.012727800000000003 0.221)
(0.0031819500000000007 0.012727800000000003 0.221)
(0.0063639000000000013 0.012727800000000003 0.221)
(0.0095458499999999998 0.012727800000000003 0.221)
(0.012727800000000003 0.012727800000000003 0.221)
(0 -0.010606500000000001 0.23999999999999999)
(0.0026516250000000003 -0.010606500000000001 0.23999999999999999)
(0.0053032500000000007 -0.0106065 0.23999999999999999)
(0.0079548750000000001 -0.010606500000000001 0.23999999999999999)
(0.010606500000000001 -0.010606500000000001 0.23999999999999999)
(0 -0.0053032500000000015 0.23999999999999999)
(0.0026516250000000003 -0.0053032500000000015 0.23999999999999999)
(0.0053032500000000007 -0.0053032500000000007 0.23999999999999999)
(0.0079548750000000001 -0.0053032500000000007 0.23999999999999999)
(0.010606500000000001 -0.0053032500000000007 0.23999999999999999)
(0 0 0.23999999999999999)
(0.0026516249999999999 0 0.23999999999999999)
(0.0053032499999999998 0 0.23999999999999999)
(0.0079548750000000001 0 0.23999999999999999)
(0.0106065 0 0.23999999999999999)
(0 0.0053032500000000007 0.23999999999999999)
(0.0026516250000000003 0.0053032499999999998 0.23999999999999999)
(0.0053032500000000007 0.0053032500000000015 0.23999999999999999)
(0.0079548750000000001 0.0053032499999999998 0.23999999999999999)
(0.010606500000000001 0.0053032500000000015 0.23999999999999999)
(0 0.010606500000000001 0.23999999999999999)
(0.0026516250000000003 0.010606500000000001 0.23999999999999999)
(0.0053032500000000007 0.0106065 0.23999999999999999)
(0.0079548750000000001 0.010606500000000001 0.23999999999999999)
(0.010606500000000001 0.010606500000000001 0.23999999999999999)
(0 -0.084000000000000005 0.069000000000000006)
(0.016387574411699562 -0.082386096989865223 0.069000000000000006)
(0.032145346969392398 -0.077605941966737341 0.069000000000000006)
(0.046667675111425604 -0.069843257936054212 0.069000000000000006)
(0.059396400000000009 -0.059396400000000009 0.069000000000000006)
(0 -0.081533404231949783 0.069000000000000006)
(0.015980439508568742 -0.079992810878858442 0.069000000000000006)
(0.031359685175900195 -0.075429788808057577 0.069000000000000006)
(0.045559605045505984 -0.068019715622296612 0.069000000000000006)
(0.058047393992119792 -0.058047393992119792 0.069000000000000006)
(0 -0.078656048639623624 0.068999999999999992)
(0.015505504821041637 -0.07720097313035483 0.06900000000000002)
(0.030443187878506091 -0.072891242953892321 0.069000000000000006)
(0.044267009135725746 -0.065892500558402553 0.069000000000000006)
(0.056473739309364897 -0.056473739309364897 0.068999999999999992)
(0 -0.075299529783988434 0.069000000000000006)
(0.014951479716139252 -0.073944213322940572 0.069000000000000006)
(0.029374067166402836 -0.069929955496713034 0.06900000000000002)
(0.042759158470529787 -0.063411042412946331 0.069000000000000006)
(0.054638025423666359 -0.054638025423666359 0.069000000000000006)
(0 -0.071384053067005182 0.069000000000000006)
(0.01430519334261642 -0.070145108432667538 0.069000000000000006)
(0.028126906808922079 -0.066475527683380845 0.069000000000000006)
(0.041000206882234526 -0.060516349425779013 0.069000000000000006)
(0.052496611867645877 -0.052496611867645877 0.069000000000000006)
(0 -0.066816535772860064 0.069000000000000006)
(0.013551281520019703 -0.065713342253768389 0.06900000000000002)
(0.026672058034912665 -0.062445837324009441 0.069000000000000006)
(0.038948338775279576 -0.057139605995590974 0.06900000000000002)
(0.049998590768806063 -0.049998590768806063 0.069000000000000006)
(0 -0.061488394210473682 0.069000000000000006)
(0.012671821485680874 -0.060543558309471251 0.06900000000000002)
(0.024974934691838969 -0.057745086499302795 0.069000000000000006)
(0.036554775043136541 -0.053200536725078754 0.06900000000000002)
(0.047084576615535577 -0.047084576615535577 0.069000000000000006)
(0 -0.055272962350977478 0.06900000000000002)
(0.011645905816478017 -0.054512855210114293 0.069000000000000006)
(0.022995191028400992 -0.052261524154471072 0.069000000000000006)
(0.033762613441515509 -0.048605498032124335 0.069000000000000006)
(0.043685294484009728 -0.043685294484009728 0.06900000000000002)
(0 -0.048022480593368576 0.069000000000000006)
(0.010449145396196721 -0.047477864915652694 0.069000000000000006)
(0.020685762554083793 -0.045864789438898788 0.069000000000000006)
(0.030505475850035213 -0.043245251958817121 0.068999999999999992)
(0.03971993316387263 -0.03971993316387263 0.069000000000000006)
(0 -0.039564583072200926 0.069000000000000006)
(0.0090530896125232737 -0.03927134444402712 0.069000000000000006)
(0.017991747173968814 -0.038402812634719057 0.069000000000000006)
(0.026705930263678439 -0.036992369255030418 0.069000000000000006)
(0.035094224031520835 -0.035094224031520835 0.069000000000000006)
(0 -0.078 0.087999999999999995)
(0.015217033382292451 -0.076501375776303421 0.087999999999999995)
(0.029849250757292948 -0.072062660397684664 0.087999999999999995)
(0.043334269746323775 -0.064854453797764638 0.087999999999999995)
(0.05515380000000001 -0.05515380000000001 0.087999999999999995)
(0 -0.075709589643953371 0.087999999999999995)
(0.014838979543670975 -0.074279038673225689 0.088000000000000023)
(0.029119707663335898 -0.070041946750339173 0.087999999999999995)
(0.042305347542255567 -0.063161164506418288 0.088000000000000023)
(0.053901151564111245 -0.053901151564111245 0.087999999999999995)
(0 -0.073037759451079085 0.087999999999999995)
(0.014397968762395803 -0.071686617906758066 0.087999999999999995)
(0.028268674458612794 -0.067684725600042864 0.087999999999999995)
(0.041105079911745335 -0.061185893375659502 0.087999999999999995)
(0.052439900787267395 -0.052439900787267395 0.087999999999999995)
(0 -0.069920991942274982 0.087999999999999995)
(0.013883516879272166 -0.068662483799873386 0.087999999999999995)
(0.027275919511659773 -0.064934958675519239 0.087999999999999981)
(0.03970493286549194 -0.058881682240593043 0.087999999999999995)
(0.050735309321975897 -0.050735309321975897 0.087999999999999995)
(0 -0.066285192133647669 0.087999999999999995)
(0.013283393818143823 -0.065134743544619858 0.087999999999999995)
(0.026117842036856225 -0.061727275705996516 0.087999999999999995)
(0.038071620676360628 -0.056193753038223354 0.087999999999999995)
(0.048746853877099761 -0.048746853877099761 0.087999999999999995)
(0 -0.062043926074798632 0.087999999999999995)
(0.012583332840018295 -0.061019532092784934 0.087999999999999995)
(0.0247669110324189 -0.057985420372294483 0.087999999999999995)
(0.036166314577045312 -0.053058205567334475 0.087999999999999995)
(0.046427262856748489 -0.046427262856748489 0.087999999999999995)
(0 -0.057096366052582705 0.087999999999999995)
(0.011766691379560809 -0.056219018430223304 0.087999999999999995)
(0.023191010785279038 -0.053620437463638294 0.087999999999999995)
(0.033943719682912502 -0.049400498387573114 0.087999999999999995)
(0.043721392571568742 -0.043721392571568742 0.087999999999999995)
(0 -0.051324893611621944 0.087999999999999995)
(0.010814055401015302 -0.050619079837963273 0.087999999999999995)
(0.02135267738351521 -0.048528558143437428 0.087999999999999995)
(0.031350998195692967 -0.04513367674411544 0.087999999999999995)
(0.040564916306580462 -0.040564916306580462 0.087999999999999995)
(0 -0.044592303408127969 0.087999999999999995)
(0.0097027778678969549 -0.044086588850248944 0.087999999999999995)
(0.019208208085934948 -0.04258873305040603 0.087999999999999995)
(0.028326513289318407 -0.040156305390330188 0.087999999999999995)
(0.036882795080738877 -0.036882795080738877 0.087999999999999995)
(0 -0.036738541424186574 0.087999999999999995)
(0.0084064403544858949 -0.036466248412310907 0.087999999999999995)
(0.016706622375828182 -0.035659754589381983 0.087999999999999995)
(0.024798363816272838 -0.034350057165385389 0.088000000000000023)
(0.032587493743555053 -0.032587493743555053 0.087999999999999995)
(0 -0.072000000000000008 0.107)
(0.01404649235288534 -0.070616654562741618 0.107)
(0.027553154545193487 -0.066519378828632 0.107)
(0.040000864381221947 -0.059865649659475051 0.107)
(0.050911200000000004 -0.050911200000000004 0.107)
(0 -0.069885775055956945 0.107)
(0.013697519578773206 -0.068565266467592936 0.10699999999999998)
(0.026879730150771594 -0.06465410469262077 0.107)
(0.039051090039005143 -0.058302613390539965 0.107)
(0.049754909136102678 -0.049754909136102678 0.107)
(0 -0.067419470262534531 0.107)
(0.013290432703749973 -0.066172262683161273 0.10700000000000001)
(0.026094161038719504 -0.06247820824619342 0.107)
(0.03794315068776493 -0.056479286192916471 0.10700000000000001)
(0.048406062265169907 -0.048406062265169907 0.107)
(0 -0.064542454100561517 0.107)
(0.012815554042405076 -0.063380754276806228 0.107)
(0.025177771856916713 -0.059939961854325464 0.107)
(0.0366507072604541 -0.054352322068239742 0.107)
(0.046832593220285448 -0.046832593220285448 0.107)
(0 -0.061186331200290149 0.10699999999999998)
(0.01226159429367122 -0.060124378656572171 0.107)
(0.024108777264790354 -0.05697902372861216 0.107)
(0.035143034470486736 -0.051871156650667723 0.10699999999999998)
(0.044997095886553609 -0.044997095886553609 0.10699999999999998)
(0 -0.0572713163767372 0.107)
(0.01161538416001689 -0.056325721931801478 0.107)
(0.022861764029925142 -0.05352500342057951 0.107)
(0.033384290378811056 -0.04897680513907797 0.10699999999999998)
(0.042855934944690907 -0.042855934944690907 0.107)
(0 -0.05270433789469172 0.107)
(0.010861561273440748 -0.051894478550975356 0.107)
(0.021407086878719114 -0.049495788427973808 0.10699999999999998)
(0.031332664322688455 -0.045600460050067487 0.107)
(0.04035820852760192 -0.04035820852760192 0.107)
(0 -0.047376824872266403 0.107)
(0.0099822049855525855 -0.046725304465812245 0.107)
(0.019710163738629417 -0.044795592132403785 0.10699999999999998)
(0.028939382949870432 -0.041661855456106581 0.10700000000000001)
(0.037444538129151189 -0.037444538129151189 0.107)
(0 -0.041162126222887355 0.107)
(0.0089564103395971904 -0.040695312784845165 0.10700000000000001)
(0.017730653617786106 -0.039312676661913244 0.107)
(0.026147550728601608 -0.037067358821843241 0.10700000000000001)
(0.034045656997605117 -0.034045656997605117 0.107)
(0 -0.033912499776172222 0.107)
(0.0077597910964485187 -0.033661152380594681 0.107)
(0.015421497577687553 -0.032916696544044895 0.10699999999999998)
(0.022890797368867236 -0.031707745075740354 0.107)
(0.030080763455589278 -0.030080763455589278 0.107)
(0 -0.066000000000000003 0.126)
(0.012875951323478227 -0.064731933349179802 0.126)
(0.02525705833309403 -0.060976097259579337 0.126)
(0.036667459016120119 -0.054876845521185456 0.126)
(0.046668600000000005 -0.046668600000000005 0.126)
(0 -0.064061960467960533 0.12600000000000003)
(0.012556059613875441 -0.062851494261960197 0.126)
(0.0246397526382073 -0.059266262634902367 0.126)
(0.035796832535754705 -0.053444062274661627 0.126)
(0.045608666708094131 -0.045608666708094131 0.12600000000000003)
(0 -0.061801181073989998 0.126)
(0.012182896645104144 -0.060657907459564515 0.126)
(0.023919647618826215 -0.057271690892343984 0.126)
(0.034781221463784512 -0.051772679010173434 0.126)
(0.044372223743072418 -0.044372223743072418 0.126)
(0 -0.059163916258848058 0.126)
(0.011747591205537984 -0.058099024753739015 0.126)
(0.023079624202173656 -0.054944965033131662 0.12600000000000006)
(0.033596481655416247 -0.049822961895886426 0.126)
(0.042929877118594986 -0.042929877118594986 0.126)
(0 -0.05608747026693265 0.126)
(0.011239794769198619 -0.055114013768524497 0.126)
(0.022099712492724497 -0.052230771751227791 0.126)
(0.032214448264612838 -0.047548560263112077 0.12600000000000003)
(0.041247337896007485 -0.041247337896007485 0.126)
(0 -0.052498706678675754 0.126)
(0.010647435480015481 -0.051631911770818037 0.126)
(0.020956617027431377 -0.049064586468864566 0.126)
(0.0306022661805768 -0.044895404710821478 0.12600000000000003)
(0.039284607032633333 -0.039284607032633333 0.126)
(0 -0.048312309736800736 0.126)
(0.0099564311673206833 -0.04756993867172743 0.12600000000000003)
(0.019623162972159186 -0.045371139392309329 0.126)
(0.028721608962464416 -0.041800421712561882 0.126)
(0.036995024483635085 -0.036995024483635085 0.126)
(0 -0.043428756132910876 0.126)
(0.0091503545700898688 -0.042831529093661232 0.126)
(0.018067650093743639 -0.041062626121370134 0.126)
(0.026527767704047894 -0.038190034168097686 0.126)
(0.03432415995172193 -0.03432415995172193 0.126)
(0 -0.037731949037646734 0.126)
(0.0082100428112974241 -0.037304036719441415 0.126)
(0.016253099149637264 -0.036036620273420493 0.126)
(0.023968588167884813 -0.033978412253356315 0.126)
(0.031208518914471354 -0.031208518914471354 0.126)
(0 -0.031086458128157874 0.126)
(0.0071131418384111416 -0.03085605634887845 0.126)
(0.014136372779546923 -0.030173638498707828 0.126)
(0.020983230921461631 -0.029065432986095322 0.126)
(0.027574033167623503 -0.027574033167623503 0.126)
(0 -0.059999999999999998 0.14499999999999999)
(0.011705410294071114 -0.05884721213561802 0.14499999999999999)
(0.022960962120994573 -0.05543281569052666 0.14499999999999999)
(0.03333405365101829 -0.049888041382895869 0.14499999999999999)
(0.042426000000000005 -0.042426000000000005 0.14499999999999999)
(0 -0.058238145879964121 0.14500000000000002)
(0.011414599648977673 -0.057137722056327458 0.14499999999999999)
(0.022399775125642996 -0.053878420577183998 0.14499999999999999)
(0.032542575032504281 -0.048585511158783297 0.14499999999999999)
(0.041462424280085564 -0.041462424280085564 0.14500000000000002)
(0 -0.056182891885445438 0.14500000000000002)
(0.011075360586458314 -0.055143552235967744 0.14499999999999999)
(0.021745134198932925 -0.052065173538494526 0.14499999999999999)
(0.031619292239804114 -0.047066071827430396 0.14499999999999999)
(0.04033838522097493 -0.04033838522097493 0.14500000000000002)
(0 -0.053785378417134586 0.14499999999999999)
(0.010679628368670896 -0.052817295230671843 0.14499999999999999)
(0.020981476547430596 -0.049949968211937874 0.14499999999999999)
(0.030542256050378424 -0.045293601723533118 0.14499999999999999)
(0.039027161016904538 -0.039027161016904538 0.14499999999999999)
(0 -0.050988609333575137 0.14499999999999999)
(0.010217995244726016 -0.050103648880476803 0.14499999999999999)
(0.02009064772065863 -0.047482519773843462 0.14499999999999999)
(0.029285862058738947 -0.043225963875556439 0.14499999999999999)
(0.037497579905461341 -0.037497579905461341 0.14499999999999999)
(0 -0.047726096980614328 0.14499999999999999)
(0.0096794868000140734 -0.046938101609834561 0.14499999999999999)
(0.019051470024937615 -0.0446041695171496 0.14499999999999999)
(0.027820241982342547 -0.040814004282564965 0.14499999999999999)
(0.035713279120575758 -0.035713279120575758 0.14499999999999999)
(0 -0.043920281578909766 0.14499999999999996)
(0.0090513010612006221 -0.043245398792479461 0.14499999999999999)
(0.017839239065599258 -0.041246490356644835 0.14499999999999999)
(0.026110553602240384 -0.038000383375056249 0.14499999999999999)
(0.033631840439668263 -0.033631840439668263 0.14499999999999996)
(0 -0.039480687393555342 0.14499999999999999)
(0.008318504154627154 -0.038937753721510211 0.14499999999999999)
(0.016425136448857854 -0.037329660110336477 0.14499999999999999)
(0.024116152458225362 -0.034718212880088806 0.14499999999999999)
(0.031203781774292661 -0.031203781774292661 0.14499999999999999)
(0 -0.034301771852406127 0.14499999999999999)
(0.0074636752829976578 -0.033912760654037644 0.14499999999999999)
(0.014775544681488423 -0.032760563884927707 0.14499999999999999)
(0.021789625607168007 -0.030889465684869371 0.14499999999999999)
(0.028371380831337594 -0.028371380831337594 0.14499999999999999)
(0 -0.028260416480143515 0.14499999999999999)
(0.0064664925803737654 -0.028050960317162234 0.14499999999999999)
(0.012851247981406296 -0.027430580453370754 0.14499999999999999)
(0.01907566447405603 -0.026423120896450297 0.14499999999999999)
(0.025067302879657732 -0.025067302879657732 0.14499999999999999)
(0 -0.053999999999999999 0.16400000000000001)
(0.010534869264664005 -0.05296249092205621 0.16400000000000001)
(0.020664865908895116 -0.049889534121474004 0.16400000000000001)
(0.030000648285916465 -0.044899237244606281 0.16400000000000001)
(0.038183400000000006 -0.038183400000000006 0.16400000000000001)
(0 -0.052414331291967708 0.16400000000000001)
(0.010273139684079908 -0.051423949850694727 0.16400000000000001)
(0.020159797613078703 -0.048490578519465581 0.16399999999999998)
(0.029288317529253861 -0.043726960042904973 0.16400000000000001)
(0.037316181852077017 -0.037316181852077017 0.16400000000000001)
(0 -0.050564602696900898 0.16400000000000003)
(0.0099678245278124796 -0.049629197012370965 0.16400000000000001)
(0.019570620779039628 -0.046858656184645069 0.16400000000000001)
(0.028457363015823696 -0.042359464644687345 0.16400000000000003)
(0.036304546698877428 -0.036304546698877428 0.16400000000000003)
(0 -0.048406840575421134 0.16399999999999998)
(0.0096116655318038077 -0.047535565707604664 0.16400000000000001)
(0.018883328892687536 -0.044954971390744093 0.16400000000000001)
(0.027488030445340574 -0.04076424155117981 0.16400000000000001)
(0.035124444915214083 -0.035124444915214083 0.16399999999999998)
(0 -0.045889748400217624 0.16400000000000001)
(0.009196195720253415 -0.045093283992429137 0.16400000000000001)
(0.018081582948592773 -0.042734267796459127 0.16400000000000001)
(0.026357275852865045 -0.038903367488000787 0.16400000000000001)
(0.033747821914915217 -0.033747821914915217 0.16400000000000001)
(0 -0.04295348728255291 0.16400000000000001)
(0.008711538120012666 -0.042244291448851105 0.16400000000000001)
(0.017146323022443857 -0.040143752565434648 0.16400000000000001)
(0.025038217784108294 -0.036732603854308474 0.16400000000000001)
(0.032141951208518177 -0.032141951208518177 0.16400000000000001)
(0 -0.039528253421018796 0.16400000000000001)
(0.0081461709550805627 -0.038920858913231528 0.16400000000000001)
(0.016055315159039338 -0.037121841320980356 0.16399999999999998)
(0.023499498242016352 -0.034200345037550622 0.16400000000000001)
(0.030268656395701442 -0.030268656395701442 0.16400000000000001)
(0 -0.035532618654199807 0.16400000000000001)
(0.00748665373916444 -0.035043978349359191 0.16400000000000001)
(0.014782622803972068 -0.033596694099302833 0.16400000000000001)
(0.021704537212402827 -0.031246391592079925 0.16400000000000001)
(0.028083403596863395 -0.028083403596863395 0.16400000000000001)
(0 -0.030871594667165516 0.16400000000000001)
(0.0067173077546978915 -0.030521484588633883 0.16400000000000001)
(0.013297990213339581 -0.029484507496434942 0.16400000000000001)
(0.019610663046451208 -0.027800519116382434 0.16400000000000001)
(0.025534242748203834 -0.025534242748203834 0.16400000000000001)
(0 -0.025434374832129163 0.16400000000000001)
(0.0058198433223363901 -0.025245864285446007 0.16400000000000001)
(0.011566123183265668 -0.024687522408033676 0.16399999999999998)
(0.017168098026650428 -0.023780808806805272 0.16400000000000001)
(0.022560572591691964 -0.022560572591691964 0.16400000000000001)
(0 -0.048000000000000001 0.183)
(0.0093643282352568937 -0.047077769708494407 0.183)
(0.018368769696795659 -0.044346252552421334 0.183)
(0.026667242920814637 -0.039910433106316694 0.183)
(0.033940800000000007 -0.033940800000000007 0.183)
(0 -0.046590516703971303 0.183)
(0.0091316797191821411 -0.045710177645061967 0.18300000000000002)
(0.017919820100514402 -0.043102736461747199 0.183)
(0.02603406002600343 -0.038868408927026636 0.18300000000000002)
(0.033169939424068463 -0.033169939424068463 0.183)
(0 -0.044946313508356366 0.183)
(0.0088602884691666491 -0.044114841788774194 0.183)
(0.017396107359146339 -0.041652138830795618 0.183)
(0.025295433791843291 -0.037652857461944307 0.18299999999999997)
(0.03227070817677994 -0.03227070817677994 0.183)
(0 -0.043028302733707675 0.183)
(0.0085437026949367178 -0.042253836184537485 0.183)
(0.016785181237944476 -0.039959974569550312 0.18299999999999997)
(0.024433804840302737 -0.036234881378826488 0.18300000000000002)
(0.031221728813523628 -0.031221728813523628 0.183)
(0 -0.040790887466860104 0.183)
(0.0081743961957808139 -0.040082919104381456 0.183)
(0.016072518176526909 -0.037986015819074778 0.183)
(0.023428689646991165 -0.034580771100445148 0.183)
(0.029998063924369083 -0.029998063924369083 0.183)
(0 -0.038180877584491471 0.183)
(0.0077435894400112604 -0.037550481287867657 0.183)
(0.015241176019950096 -0.035683335613719683 0.18299999999999997)
(0.022256193585874037 -0.032651203426051989 0.183)
(0.028570623296460609 -0.028570623296460609 0.183)
(0 -0.035136225263127811 0.183)
(0.0072410408489604989 -0.034596319033983573 0.18299999999999997)
(0.01427139125247941 -0.032997192285315877 0.183)
(0.020888442881792309 -0.030400306700044989 0.18299999999999997)
(0.026905472351734613 -0.026905472351734613 0.183)
(0 -0.031584549914844273 0.183)
(0.0066548033237017242 -0.03115020297720817 0.183)
(0.013140109159086283 -0.029863728088269186 0.183)
(0.019292921966580289 -0.027774570304071048 0.183)
(0.024963025419434133 -0.024963025419434133 0.183)
(0 -0.027441417481924902 0.183)
(0.005970940226398126 -0.027130208523230122 0.183)
(0.011820435745190738 -0.026208451107942163 0.183)
(0.017431700485734405 -0.024711572547895497 0.183)
(0.022697104665070071 -0.022697104665070071 0.183)
(0 -0.022608333184114811 0.183)
(0.0051731940642990122 -0.022440768253729787 0.183)
(0.010280998385125036 -0.021944464362696599 0.183)
(0.015260531579244823 -0.021138496717160237 0.18300000000000002)
(0.020053842303726185 -0.020053842303726185 0.183)
(0 -0.042000000000000003 0.20200000000000001)
(0.0081937872058497809 -0.041193048494932612 0.20200000000000001)
(0.016072673484696199 -0.03880297098336867 0.20200000000000001)
(0.023333837555712805 -0.034921628968027106 0.20200000000000001)
(0.029698200000000001 -0.029698200000000001 0.20200000000000001)
(0 -0.040766702115974891 0.20200000000000001)
(0.0079902197542843726 -0.039996405439429228 0.20200000000000001)
(0.015679842587950098 -0.037714894404028788 0.20200000000000001)
(0.022779802522752999 -0.034009857811148299 0.20200000000000001)
(0.029023696996059896 -0.029023696996059896 0.20200000000000001)
(0 -0.039328024319811812 0.20200000000000004)
(0.0077527524105208186 -0.038600486565177415 0.20200000000000001)
(0.015221593939253047 -0.036445621476946161 0.20200000000000001)
(0.02213350456786288 -0.03294625027920127 0.20200000000000001)
(0.028236869654682448 -0.028236869654682448 0.20200000000000004)
(0 -0.03764976489199421 0.20200000000000001)
(0.007475739858069627 -0.036972106661470286 0.20200000000000001)
(0.01468703358320142 -0.034964977748356517 0.20199999999999999)
(0.021379579235264894 -0.031705521206473165 0.20200000000000001)
(0.027319012711833179 -0.027319012711833179 0.20200000000000001)
(0 -0.035692026533502591 0.20200000000000001)
(0.0071525966713082102 -0.035072554216333769 0.20200000000000001)
(0.014063453404461041 -0.033237763841690422 0.20200000000000004)
(0.020500103441117266 -0.030258174712889503 0.20200000000000001)
(0.026248305933822939 -0.026248305933822939 0.20200000000000001)
(0 -0.033408267886430032 0.20200000000000001)
(0.0067756407600098514 -0.032856671126884195 0.20200000000000001)
(0.013336029017456334 -0.031222918662004724 0.20200000000000001)
(0.019474169387639784 -0.02856980299779548 0.20200000000000001)
(0.024999295384403031 -0.024999295384403031 0.20200000000000001)
(0 -0.030744197105236834 0.20200000000000001)
(0.0063359107428404378 -0.030271779154735629 0.20200000000000001)
(0.012487467345919486 -0.02887254324965139 0.20199999999999999)
(0.01827738752156827 -0.026600268362539373 0.20200000000000001)
(0.023542288307767788 -0.023542288307767788 0.20200000000000001)
(0 -0.027636481175488736 0.20200000000000001)
(0.0058229529082390076 -0.02725642760505715 0.20200000000000001)
(0.011497595514200494 -0.026130762077235536 0.20200000000000001)
(0.016881306720757754 -0.024302749016062164 0.20200000000000001)
(0.02184264724200486 -0.02184264724200486 0.20200000000000001)
(0 -0.024011240296684281 0.20200000000000001)
(0.0052245726980983597 -0.023738932457826347 0.20200000000000001)
(0.010342881277041896 -0.022932394719449391 0.20200000000000001)
(0.015252737925017608 -0.021622625979408561 0.20199999999999999)
(0.019859966581936311 -0.019859966581936311 0.20200000000000001)
(0 -0.01978229153610046 0.20200000000000001)
(0.0045265448062616351 -0.01963567222201356 0.20200000000000001)
(0.0089958735869844052 -0.019201406317359525 0.20200000000000001)
(0.013352965131839221 -0.018496184627515209 0.20200000000000001)
(0.017547112015760407 -0.017547112015760407 0.20200000000000001)
(0 -0.036000000000000004 0.221)
(0.0070232461764426707 -0.035308327281370809 0.221)
(0.013776577272596747 -0.033259689414316 0.221)
(0.020000432190610977 -0.029932824829737522 0.221)
(0.025455600000000005 -0.025455600000000005 0.221)
(0 -0.034942887527978472 0.22100000000000003)
(0.0068487597893866032 -0.034282633233796475 0.221)
(0.013439865075385799 -0.032327052346310392 0.221)
(0.019525545019502578 -0.029151306695269968 0.221)
(0.024877454568051339 -0.024877454568051339 0.22100000000000003)
(0 -0.033709735131267266 0.221)
(0.0066452163518749873 -0.03308613134158065 0.221)
(0.013047080519359752 -0.031239104123096714 0.221)
(0.018971575343882472 -0.028239643096458236 0.221)
(0.02420303113258495 -0.02420303113258495 0.221)
(0 -0.032271227050280758 0.221)
(0.0064077770212025379 -0.031690377138403114 0.221)
(0.012588885928458356 -0.029969980927162725 0.221)
(0.018325353630227054 -0.027176161034119864 0.221)
(0.023416296610142721 -0.023416296610142721 0.221)
(0 -0.030593165600145075 0.221)
(0.0061307971468356091 -0.030062189328286085 0.22100000000000003)
(0.012054388632395179 -0.02848951186430608 0.221)
(0.017571517235243372 -0.025935578325333851 0.221)
(0.022498547943276805 -0.022498547943276805 0.221)
(0 -0.028635658188368607 0.221)
(0.0058076920800084449 -0.028162860965900743 0.221)
(0.011430882014962571 -0.026762501710289759 0.22099999999999992)
(0.016692145189405531 -0.024488402569538981 0.22100000000000003)
(0.021427967472345454 -0.021427967472345454 0.221)
(0 -0.026352168947345857 0.221)
(0.0054307806367203748 -0.025947239275487682 0.221)
(0.010703543439359559 -0.024747894213986904 0.221)
(0.015666332161344235 -0.022800230025033744 0.22100000000000003)
(0.02017910426380096 -0.02017910426380096 0.221)
(0 -0.023688412436133205 0.221)
(0.0049911024927762927 -0.023362652232906126 0.221)
(0.0098550818693147121 -0.022397796066201892 0.22099999999999997)
(0.014469691474935216 -0.020830927728053276 0.221)
(0.018722269064575595 -0.018722269064575595 0.221)
(0 -0.020581063111443677 0.221)
(0.0044782051697985943 -0.020347656392422586 0.221)
(0.008865326808893053 -0.019656338330956622 0.22099999999999997)
(0.013073775364300806 -0.01853367941092162 0.221)
(0.017022828498802555 -0.017022828498802555 0.221)
(0 -0.016956249888086111 0.221)
(0.0038798955482242589 -0.016830576190297337 0.221)
(0.0077107487888437767 -0.016458348272022451 0.221)
(0.011445398684433615 -0.015853872537870174 0.22099999999999997)
(0.015040381727794637 -0.015040381727794637 0.221)
(0 -0.029999999999999999 0.23999999999999999)
(0.0058527051470355579 -0.029423606067809013 0.23999999999999999)
(0.011480481060497288 -0.02771640784526333 0.23999999999999999)
(0.016667026825509152 -0.024944020691447931 0.23999999999999999)
(0.021213000000000003 -0.021213000000000003 0.23999999999999999)
(0 -0.02911907293998206 0.23999999999999999)
(0.0057072998244888373 -0.028568861028163729 0.23999999999999999)
(0.0111998875628215 -0.026939210288591996 0.23999999999999999)
(0.016271287516252144 -0.024292755579391645 0.23999999999999999)
(0.020731212140042782 -0.020731212140042782 0.23999999999999999)
(0 -0.028091445942722719 0.23999999999999999)
(0.0055376802932291559 -0.027571776117983875 0.23999999999999999)
(0.010872567099466462 -0.026032586769247263 0.23999999999999999)
(0.015809646119902061 -0.023533035913715195 0.23999999999999999)
(0.020169192610487462 -0.020169192610487462 0.23999999999999999)
(0 -0.026892689208567293 0.23999999999999999)
(0.0053398141843354488 -0.026408647615335925 0.23999999999999999)
(0.0104907382737153 -0.024974984105968941 0.2400000000000001)
(0.015271128025189217 -0.022646800861766556 0.23999999999999999)
(0.019513580508452269 -0.019513580508452269 0.23999999999999999)
(0 -0.025494304666787568 0.23999999999999999)
(0.005108997622363008 -0.025051824440238402 0.23999999999999999)
(0.010045323860329317 -0.023741259886921731 0.23999999999999999)
(0.014642931029369477 -0.021612981937778216 0.23999999999999999)
(0.01874878995273067 -0.01874878995273067 0.23999999999999999)
(0 -0.023863048490307164 0.23999999999999999)
(0.0048397434000070376 -0.023469050804917284 0.23999999999999999)
(0.0095257350124688094 -0.022302084758574797 0.23999999999999999)
(0.013910120991171277 -0.020407002141282483 0.23999999999999999)
(0.017856639560287879 -0.017856639560287879 0.23999999999999999)
(0 -0.021960140789454883 0.23999999999999999)
(0.0045256505306003111 -0.021622699396239738 0.23999999999999999)
(0.008919619532799631 -0.020623245178322421 0.23999999999999999)
(0.013055276801120196 -0.019000191687528121 0.23999999999999999)
(0.016815920219834132 -0.016815920219834132 0.23999999999999999)
(0 -0.019740343696777671 0.23999999999999999)
(0.0041592520773135779 -0.019468876860755106 0.23999999999999999)
(0.0082125682244289268 -0.018664830055168238 0.23999999999999999)
(0.012058076229112683 -0.017359106440044399 0.23999999999999996)
(0.015601890887146331 -0.015601890887146331 0.23999999999999999)
(0 -0.017150885926203063 0.23999999999999999)
(0.0037318376414988289 -0.016956380327018822 0.23999999999999999)
(0.0073877723407442114 -0.016380281942463853 0.23999999999999999)
(0.010894812803584007 -0.015444732842434682 0.23999999999999999)
(0.014185690415668795 -0.014185690415668795 0.23999999999999999)
(0 -0.014130208240071758 0.23999999999999999)
(0.0032332462901868827 -0.014025480158581119 0.23999999999999999)
(0.0064256239907031481 -0.013715290226685377 0.23999999999999999)
(0.0095378322370280148 -0.013211560448225149 0.23999999999999996)
(0.012533651439828866 -0.012533651439828866 0.23999999999999999)
(0.077605717967541302 -0.032145254182849456 0.069000000000000006)
(0.083999999999999991 -1.7763568394002505e-19 0.069000000000000006)
(0.077605717967541316 0.032145254182849456 0.069000000000000006)
(0.059396400000000009 0.059396400000000009 0.069000000000000006)
(0.07542957498376307 -0.031359596604077465 0.069000000000000006)
(0.081533404231949796 -1.6956679071252293e-19 0.069000000000000006)
(0.075429574983763084 0.031359596604077465 0.069000000000000006)
(0.058047393992119792 0.058047393992119792 0.069000000000000006)
(0.072891040998915982 -0.030443104223276889 0.06900000000000002)
(0.07865604863962361 -1.6015419244540267e-19 0.069000000000000006)
(0.072891040998915996 0.030443104223276885 0.069000000000000006)
(0.056473739309364897 0.056473739309364897 0.068999999999999992)
(0.069929767387640951 -0.02937398924652275 0.069000000000000006)
(0.07529952978398842 -1.4917412322894305e-19 0.06900000000000002)
(0.069929767387640951 0.029373989246522739 0.069000000000000006)
(0.054638025423666359 0.054638025423666359 0.069000000000000006)
(0.06647535572595821 -0.028126835579493303 0.069000000000000006)
(0.071384053067005182 -1.3636555363138712e-19 0.069000000000000006)
(0.066475355725958224 0.028126835579493303 0.069000000000000006)
(0.052496611867645877 0.052496611867645877 0.069000000000000006)
(0.062445684207954884 -0.026671994610089612 0.06900000000000002)
(0.066816535772860078 -1.2142398524040637e-19 0.069000000000000006)
(0.062445684207954905 0.026671994610089612 0.06900000000000002)
(0.049998590768806063 0.049998590768806063 0.069000000000000006)
(0.057744955362251257 -0.024974880371315143 0.06900000000000002)
(0.061488394210473682 -1.039942118155147e-19 0.069000000000000006)
(0.057744955362251264 0.02497488037131514 0.06900000000000002)
(0.047084576615535577 0.047084576615535577 0.069000000000000006)
(0.052261418656564827 -0.022995147328306608 0.069000000000000006)
(0.055272962350977471 -8.3661874962146498e-20 0.069000000000000006)
(0.052261418656564827 0.022995147328306605 0.069000000000000006)
(0.043685294484009728 0.043685294484009728 0.06900000000000002)
(0.045864713849800065 -0.020685731243028759 0.069000000000000006)
(0.048022480593368583 -5.9943613580248817e-20 0.069000000000000006)
(0.045864713849800079 0.020685731243028763 0.068999999999999992)
(0.03971993316387263 0.03971993316387263 0.069000000000000006)
(0.038402771935112857 -0.017991730315087957 0.069000000000000006)
(0.039564583072200933 -3.2275572910008443e-20 0.069000000000000006)
(0.038402771935112857 0.017991730315087953 0.069000000000000006)
(0.035094224031520835 0.035094224031520835 0.069000000000000006)
(0.072062452398431204 -0.029849164598360216 0.087999999999999995)
(0.078000000000000014 -3.5527136788005011e-19 0.087999999999999995)
(0.072062452398431218 0.02984916459836021 0.087999999999999995)
(0.05515380000000001 0.05515380000000001 0.087999999999999995)
(0.070041748199208581 -0.029119625418071931 0.088000000000000023)
(0.075709589643953371 -3.3913358142504585e-19 0.087999999999999995)
(0.070041748199208581 0.029119625418071931 0.088000000000000023)
(0.053901151564111245 0.053901151564111245 0.087999999999999995)
(0.067684538070421976 -0.028268596778757104 0.087999999999999995)
(0.073037759451079071 -3.2030838489080534e-19 0.087999999999999995)
(0.067684538070421976 0.028268596778757097 0.087999999999999995)
(0.052439900787267395 0.052439900787267395 0.087999999999999995)
(0.06493478400280947 -0.027275847157485412 0.087999999999999995)
(0.069920991942274968 -2.983482464578861e-19 0.087999999999999981)
(0.06493478400280947 0.027275847157485406 0.087999999999999995)
(0.050735309321975897 0.050735309321975897 0.087999999999999995)
(0.061727116031246906 -0.026117775895243788 0.087999999999999995)
(0.066285192133647655 -2.7273110726277423e-19 0.087999999999999995)
(0.061727116031246899 0.026117775895243781 0.087999999999999995)
(0.048746853877099761 0.048746853877099761 0.087999999999999995)
(0.057985278193100967 -0.024766852137940359 0.087999999999999995)
(0.062043926074798632 -2.4284797048081268e-19 0.087999999999999995)
(0.057985278193100981 0.024766852137940359 0.087999999999999995)
(0.046427262856748489 0.046427262856748489 0.087999999999999995)
(0.053620315693519022 -0.023190960344792632 0.087999999999999995)
(0.057096366052582705 -2.0798842363102938e-19 0.087999999999999995)
(0.053620315693519015 0.023190960344792632 0.087999999999999995)
(0.043721392571568742 0.043721392571568742 0.087999999999999995)
(0.048528460181095905 -0.021352636804856138 0.087999999999999995)
(0.051324893611621944 -1.67323749924293e-19 0.087999999999999995)
(0.048528460181095912 0.021352636804856134 0.087999999999999995)
(0.040564916306580462 0.040564916306580462 0.087999999999999995)
(0.042588662860528641 -0.019208179011383848 0.087999999999999995)
(0.044592303408127969 -1.1988722716049763e-19 0.087999999999999995)
(0.042588662860528641 0.019208179011383848 0.087999999999999995)
(0.036882795080738877 0.036882795080738877 0.087999999999999995)
(0.035659716796890506 -0.016706606721153101 0.087999999999999995)
(0.036738541424186574 -6.4551145820016887e-20 0.087999999999999995)
(0.035659716796890506 0.016706606721153101 0.088000000000000023)
(0.032587493743555053 0.032587493743555053 0.087999999999999995)
(0.06651918682932112 -0.027553075013870963 0.107)
(0.072000000000000008 -5.3290705182007509e-19 0.107)
(0.066519186829321134 0.027553075013870956 0.107)
(0.050911200000000004 0.050911200000000004 0.107)
(0.064653921414654064 -0.026879654232066397 0.10699999999999998)
(0.069885775055956945 -5.0870037213756885e-19 0.107)
(0.064653921414654064 0.026879654232066393 0.107)
(0.049754909136102678 0.049754909136102678 0.107)
(0.062478035141927984 -0.02609408933423733 0.10700000000000001)
(0.067419470262534531 -4.8046257733620801e-19 0.107)
(0.062478035141927991 0.026094089334237326 0.10700000000000001)
(0.048406062265169907 0.048406062265169907 0.107)
(0.059939800617977969 -0.025177705068448072 0.107)
(0.064542454100561517 -4.475223696868291e-19 0.107)
(0.059939800617977976 0.025177705068448065 0.107)
(0.046832593220285448 0.046832593220285448 0.107)
(0.056978876336535603 -0.024108716210994266 0.107)
(0.061186331200290156 -4.0909666089416132e-19 0.107)
(0.05697887633653561 0.024108716210994256 0.10699999999999998)
(0.044997095886553609 0.044997095886553609 0.10699999999999998)
(0.05352487217824705 -0.022861709665791097 0.107)
(0.057271316376737207 -3.6427195572121905e-19 0.107)
(0.05352487217824705 0.022861709665791097 0.10699999999999998)
(0.042855934944690907 0.042855934944690907 0.107)
(0.049495676024786793 -0.021407040318270124 0.107)
(0.052704337894691713 -3.11982635446544e-19 0.10699999999999998)
(0.049495676024786793 0.021407040318270121 0.107)
(0.04035820852760192 0.04035820852760192 0.107)
(0.044795501705626989 -0.019710126281405664 0.107)
(0.047376824872266403 -2.5098562488643946e-19 0.10699999999999998)
(0.044795501705627003 0.019710126281405661 0.10700000000000001)
(0.037444538129151189 0.037444538129151189 0.107)
(0.039312611871257203 -0.017730626779738939 0.10700000000000001)
(0.041162126222887355 -1.7983084074074646e-19 0.107)
(0.03931261187125721 0.017730626779738939 0.10700000000000001)
(0.034045656997605117 0.034045656997605117 0.107)
(0.032916661658668155 -0.015421483127218246 0.107)
(0.033912499776172222 -9.6826718730025306e-20 0.10699999999999998)
(0.032916661658668155 0.015421483127218248 0.107)
(0.030080763455589278 0.030080763455589278 0.107)
(0.060975921260211008 -0.025256985429381713 0.126)
(0.066000000000000003 -7.1054273576010022e-19 0.126)
(0.060975921260211036 0.025256985429381706 0.126)
(0.046668600000000005 0.046668600000000005 0.126)
(0.059266094630099568 -0.024639683046060866 0.126)
(0.064061960467960519 -6.782671628500917e-19 0.126)
(0.059266094630099575 0.024639683046060862 0.126)
(0.045608666708094131 0.045608666708094131 0.12600000000000003)
(0.057271532213433986 -0.023919581889717545 0.126)
(0.061801181073989998 -6.4061676978161067e-19 0.126)
(0.057271532213434 0.023919581889717541 0.126)
(0.044372223743072418 0.044372223743072418 0.126)
(0.054944817233146467 -0.023079562979410724 0.126)
(0.059163916258848065 -5.966964929157722e-19 0.12600000000000006)
(0.054944817233146467 0.023079562979410724 0.126)
(0.042929877118594986 0.042929877118594986 0.126)
(0.052230636641824306 -0.02209965652674474 0.126)
(0.056087470266932643 -5.4546221452554846e-19 0.126)
(0.052230636641824306 0.022099656526744737 0.12600000000000003)
(0.041247337896007485 0.041247337896007485 0.126)
(0.049064466163393126 -0.020956567193641834 0.126)
(0.052498706678675774 -4.8569594096162537e-19 0.126)
(0.049064466163393126 0.020956567193641831 0.12600000000000003)
(0.039284607032633333 0.039284607032633333 0.126)
(0.045371036356054557 -0.01962312029174762 0.12600000000000003)
(0.048312309736800743 -4.1597684726205881e-19 0.126)
(0.045371036356054564 0.019623120291747616 0.126)
(0.036995024483635085 0.036995024483635085 0.126)
(0.041062543230158087 -0.01806761575795519 0.126)
(0.043428756132910869 -3.3464749984858599e-19 0.126)
(0.04106254323015808 0.01806761575795519 0.126)
(0.03432415995172193 0.03432415995172193 0.126)
(0.036036560881985771 -0.016253074548094021 0.126)
(0.037731949037646741 -2.3977445432099531e-19 0.126)
(0.036036560881985771 0.016253074548094021 0.126)
(0.031208518914471354 0.031208518914471354 0.126)
(0.03017360652044581 -0.014136359533283389 0.126)
(0.031086458128157874 -1.2910229164003377e-19 0.126)
(0.03017360652044581 0.014136359533283389 0.126)
(0.027574033167623503 0.027574033167623503 0.126)
(0.055432655691100931 -0.022960895844892464 0.14499999999999999)
(0.060000000000000012 -8.8817841970012525e-19 0.14499999999999999)
(0.055432655691100938 0.022960895844892464 0.14499999999999999)
(0.042426000000000005 0.042426000000000005 0.14499999999999999)
(0.053878267845545058 -0.022399711860055335 0.14499999999999999)
(0.058238145879964121 -8.4783395356261465e-19 0.14499999999999999)
(0.053878267845545072 0.022399711860055335 0.14499999999999999)
(0.041462424280085564 0.041462424280085564 0.14500000000000002)
(0.052065029284939994 -0.021745074445197781 0.14499999999999999)
(0.056182891885445445 -8.0077096222701334e-19 0.14499999999999999)
(0.052065029284939994 0.021745074445197774 0.14499999999999999)
(0.04033838522097493 0.04033838522097493 0.14500000000000002)
(0.049949833848314966 -0.02098142089037339 0.14499999999999999)
(0.053785378417134599 -7.458706161447152e-19 0.14499999999999999)
(0.049949833848314973 0.02098142089037339 0.14499999999999999)
(0.039027161016904538 0.039027161016904538 0.14499999999999999)
(0.047482396947113002 -0.020090596842495222 0.14499999999999999)
(0.050988609333575137 -6.818277681569356e-19 0.14499999999999999)
(0.047482396947113009 0.020090596842495215 0.14499999999999999)
(0.037497579905461341 0.037497579905461341 0.14499999999999999)
(0.044604060148539203 -0.019051424721492582 0.14499999999999999)
(0.047726096980614328 -6.0711992620203168e-19 0.14499999999999999)
(0.044604060148539203 0.019051424721492578 0.14499999999999999)
(0.035713279120575758 0.035713279120575758 0.14499999999999999)
(0.041246396687322315 -0.017839200265225102 0.14499999999999999)
(0.043920281578909766 -5.1997105907757337e-19 0.14499999999999999)
(0.041246396687322315 0.017839200265225098 0.14499999999999999)
(0.033631840439668263 0.033631840439668263 0.14499999999999996)
(0.037329584754689164 -0.01642510523450472 0.14499999999999999)
(0.039480687393555342 -4.1830937481073248e-19 0.14499999999999999)
(0.037329584754689171 0.01642510523450472 0.14499999999999999)
(0.031203781774292661 0.031203781774292661 0.14499999999999999)
(0.032760509892714326 -0.014775522316449113 0.14499999999999999)
(0.034301771852406127 -2.9971806790124407e-19 0.14499999999999999)
(0.032760509892714333 0.014775522316449113 0.14499999999999999)
(0.028371380831337594 0.028371380831337594 0.14499999999999999)
(0.027430551382223462 -0.012851235939348537 0.14499999999999999)
(0.028260416480143515 -1.6137786455004219e-19 0.14499999999999999)
(0.027430551382223469 0.012851235939348537 0.14499999999999999)
(0.025067302879657732 0.025067302879657732 0.14499999999999999)
(0.04988939012199084 -0.020664806260403221 0.16400000000000001)
(0.053999999999999999 -1.0658141036401502e-18 0.16400000000000001)
(0.049889390121990847 0.020664806260403217 0.16400000000000001)
(0.038183400000000006 0.038183400000000006 0.16400000000000001)
(0.048490441060990555 -0.020159740674049808 0.16400000000000001)
(0.052414331291967715 -1.0174007442751377e-18 0.16399999999999998)
(0.048490441060990562 0.020159740674049801 0.16400000000000001)
(0.037316181852077017 0.037316181852077017 0.16400000000000001)
(0.046858526356445981 -0.019570567000677996 0.16400000000000001)
(0.050564602696900905 -9.6092515467241601e-19 0.16400000000000001)
(0.046858526356445988 0.019570567000677993 0.16400000000000003)
(0.036304546698877428 0.036304546698877428 0.16400000000000003)
(0.044954850463483478 -0.018883278801336053 0.16400000000000001)
(0.048406840575421141 -8.950447393736582e-19 0.16400000000000001)
(0.044954850463483478 0.018883278801336046 0.16400000000000001)
(0.035124444915214083 0.035124444915214083 0.16399999999999998)
(0.042734157252401699 -0.018081537158245696 0.16400000000000001)
(0.045889748400217624 -8.1819332178832264e-19 0.16400000000000001)
(0.042734157252401712 0.018081537158245696 0.16400000000000001)
(0.033747821914915217 0.033747821914915217 0.16400000000000001)
(0.040143654133685279 -0.017146282249343323 0.16400000000000001)
(0.04295348728255291 -7.28543911442438e-19 0.16400000000000001)
(0.040143654133685279 0.017146282249343319 0.16400000000000001)
(0.032141951208518177 0.032141951208518177 0.16400000000000001)
(0.037121757018590086 -0.016055280238702594 0.16400000000000001)
(0.039528253421018796 -6.2396527089308809e-19 0.16399999999999998)
(0.037121757018590086 0.016055280238702594 0.16400000000000001)
(0.030268656395701442 0.030268656395701442 0.16400000000000001)
(0.033596626279220249 -0.014782594711054252 0.16400000000000001)
(0.035532618654199807 -5.0197124977287892e-19 0.16400000000000001)
(0.033596626279220249 0.014782594711054246 0.16400000000000001)
(0.028083403596863395 0.028083403596863395 0.16400000000000001)
(0.029484458903442905 -0.013297970084804205 0.16400000000000001)
(0.030871594667165516 -3.5966168148149288e-19 0.16400000000000001)
(0.029484458903442905 0.013297970084804203 0.16400000000000001)
(0.025534242748203834 0.025534242748203834 0.16400000000000001)
(0.024687496244001121 -0.011566112345413685 0.16400000000000001)
(0.025434374832129163 -1.9365343746005061e-19 0.16399999999999998)
(0.024687496244001121 0.011566112345413687 0.16400000000000001)
(0.022560572591691964 0.022560572591691964 0.16400000000000001)
(0.044346124552880742 -0.018368716675913974 0.183)
(0.048000000000000001 -1.2434497875801753e-18 0.183)
(0.044346124552880749 0.018368716675913974 0.183)
(0.033940800000000007 0.033940800000000007 0.183)
(0.043102614276436045 -0.017919769488044263 0.18300000000000002)
(0.04659051670397131 -1.1869675349876606e-18 0.183)
(0.043102614276436052 0.017919769488044263 0.18300000000000002)
(0.033169939424068463 0.033169939424068463 0.183)
(0.04165202342795199 -0.017396059556158222 0.183)
(0.044946313508356359 -1.1210793471178186e-18 0.183)
(0.041652023427951997 0.017396059556158215 0.18299999999999997)
(0.03227070817677994 0.03227070817677994 0.183)
(0.039959867078651977 -0.016785136712298712 0.183)
(0.043028302733707682 -1.0442188626026012e-18 0.18299999999999997)
(0.039959867078651984 0.016785136712298709 0.18300000000000002)
(0.031221728813523628 0.031221728813523628 0.183)
(0.037985917557690416 -0.016072477473996174 0.183)
(0.040790887466860111 -9.5455887541970978e-19 0.183)
(0.037985917557690416 0.016072477473996174 0.183)
(0.029998063924369083 0.029998063924369083 0.183)
(0.035683248118831369 -0.015241139777194067 0.183)
(0.038180877584491471 -8.4996789668284422e-19 0.18299999999999997)
(0.035683248118831376 0.015241139777194065 0.183)
(0.028570623296460609 0.028570623296460609 0.183)
(0.03299711734985785 -0.014271360212180083 0.18299999999999997)
(0.035136225263127811 -7.2795948270860261e-19 0.183)
(0.03299711734985785 0.014271360212180081 0.18299999999999997)
(0.026905472351734613 0.026905472351734613 0.183)
(0.029863667803751329 -0.013140084187603773 0.183)
(0.031584549914844273 -5.8563312473502545e-19 0.183)
(0.02986366780375134 0.013140084187603776 0.183)
(0.024963025419434133 0.024963025419434133 0.183)
(0.026208407914171467 -0.011820417853159289 0.183)
(0.027441417481924898 -4.1960529506174168e-19 0.183)
(0.026208407914171471 0.011820417853159289 0.183)
(0.022697104665070071 0.022697104665070071 0.183)
(0.021944441105778777 -0.01028098875147883 0.183)
(0.022608333184114811 -2.2592901037005903e-19 0.183)
(0.021944441105778777 0.010280988751478828 0.18300000000000002)
(0.020053842303726185 0.020053842303726185 0.183)
(0.038802858983770651 -0.016072627091424728 0.20200000000000001)
(0.041999999999999996 -1.4210854715202004e-18 0.20200000000000001)
(0.038802858983770651 0.016072627091424721 0.20200000000000001)
(0.029698200000000001 0.029698200000000001 0.20200000000000001)
(0.037714787491881542 -0.015679798302038729 0.20200000000000001)
(0.040766702115974898 -1.3565343257001834e-18 0.20200000000000001)
(0.037714787491881535 0.015679798302038733 0.20200000000000001)
(0.029023696996059896 0.029023696996059896 0.20200000000000001)
(0.036445520499457984 -0.015221552111638443 0.20200000000000001)
(0.039328024319811812 -1.2812335395632213e-18 0.20200000000000001)
(0.036445520499457984 0.015221552111638437 0.20200000000000001)
(0.028236869654682448 0.028236869654682448 0.20200000000000004)
(0.034964883693820469 -0.014686994623261375 0.20200000000000001)
(0.037649764891994217 -1.1933929858315444e-18 0.20199999999999999)
(0.034964883693820475 0.01468699462326137 0.20200000000000001)
(0.027319012711833179 0.027319012711833179 0.20200000000000001)
(0.033237677862979105 -0.014063417789746653 0.20200000000000001)
(0.035692026533502591 -1.0909244290510969e-18 0.20200000000000004)
(0.033237677862979105 0.01406341778974665 0.20200000000000001)
(0.026248305933822939 0.026248305933822939 0.20200000000000001)
(0.031222842103977442 -0.013335997305044806 0.20200000000000001)
(0.033408267886430032 -9.7139188192325073e-19 0.20200000000000001)
(0.031222842103977442 0.013335997305044802 0.20200000000000001)
(0.024999295384403031 0.024999295384403031 0.20200000000000001)
(0.028872477681125618 -0.012487440185657572 0.20200000000000001)
(0.030744197105236837 -8.3195369452411752e-19 0.20199999999999999)
(0.028872477681125629 0.01248744018565757 0.20200000000000001)
(0.023542288307767788 0.023542288307767788 0.20200000000000001)
(0.026130709328282414 -0.011497573664153304 0.20200000000000001)
(0.027636481175488736 -6.6929499969717198e-19 0.20200000000000001)
(0.026130709328282414 0.011497573664153302 0.20200000000000001)
(0.02184264724200486 0.02184264724200486 0.20200000000000001)
(0.022932356924900033 -0.01034286562151438 0.20200000000000001)
(0.024011240296684281 -4.7954890864199053e-19 0.20200000000000001)
(0.022932356924900036 0.01034286562151438 0.20199999999999999)
(0.019859966581936311 0.019859966581936311 0.20200000000000001)
(0.019201385967556422 -0.0089958651575439783 0.20200000000000001)
(0.01978229153610046 -2.5820458328006755e-19 0.20200000000000001)
(0.019201385967556422 0.0089958651575439749 0.20200000000000001)
(0.017547112015760407 0.017547112015760407 0.20200000000000001)
(0.03325959341466056 -0.01377653750693548 0.221)
(0.036000000000000004 -1.5987211554602256e-18 0.221)
(0.03325959341466056 0.013776537506935478 0.221)
(0.025455600000000005 0.025455600000000005 0.221)
(0.032326960707327039 -0.013439827116033197 0.221)
(0.034942887527978472 -1.5261011164127065e-18 0.221)
(0.032326960707327032 0.013439827116033195 0.221)
(0.024877454568051339 0.024877454568051339 0.22100000000000003)
(0.031239017570963996 -0.013047044667118665 0.221)
(0.033709735131267266 -1.4413877320086241e-18 0.221)
(0.031239017570963996 0.013047044667118663 0.221)
(0.02420303113258495 0.02420303113258495 0.221)
(0.029969900308988981 -0.012588852534224031 0.221)
(0.032271227050280758 -1.3425671090604874e-18 0.221)
(0.029969900308988984 0.012588852534224029 0.221)
(0.023416296610142721 0.023416296610142721 0.221)
(0.028489438168267798 -0.012054358105497133 0.22100000000000003)
(0.030593165600145078 -1.2272899826824839e-18 0.221)
(0.028489438168267801 0.012054358105497126 0.221)
(0.022498547943276805 0.022498547943276805 0.221)
(0.026762436089123525 -0.01143085483289555 0.221)
(0.0286356581883686 -1.0928158671636571e-18 0.22099999999999992)
(0.026762436089123525 0.011430854832895548 0.22100000000000003)
(0.021427967472345454 0.021427967472345454 0.221)
(0.024747838012393393 -0.010703520159135062 0.221)
(0.026352168947345857 -9.3594790633963213e-19 0.221)
(0.024747838012393397 0.01070352015913506 0.22100000000000003)
(0.02017910426380096 0.02017910426380096 0.221)
(0.022397750852813494 -0.009855063140702832 0.221)
(0.023688412436133201 -7.5295687465931852e-19 0.22099999999999997)
(0.022397750852813494 0.0098550631407028303 0.221)
(0.018722269064575595 0.018722269064575595 0.221)
(0.019656305935628598 -0.0088653133898694697 0.221)
(0.020581063111443677 -5.3949252222223934e-19 0.22099999999999997)
(0.019656305935628594 0.0088653133898694628 0.221)
(0.017022828498802555 0.017022828498802555 0.221)
(0.016458330829334077 -0.007710741563609123 0.221)
(0.016956249888086111 -2.9048015619007592e-19 0.221)
(0.016458330829334077 0.0077107415636091222 0.22099999999999997)
(0.015040381727794637 0.015040381727794637 0.221)
(0.027716327845550465 -0.011480447922446235 0.23999999999999999)
(0.029999999999999995 -1.7763568394002505e-18 0.23999999999999999)
(0.027716327845550465 0.011480447922446232 0.23999999999999999)
(0.021213000000000003 0.021213000000000003 0.23999999999999999)
(0.026939133922772533 -0.011199855930027668 0.23999999999999999)
(0.02911907293998206 -1.6956679071252293e-18 0.23999999999999999)
(0.026939133922772533 0.011199855930027668 0.23999999999999999)
(0.020731212140042782 0.020731212140042782 0.23999999999999999)
(0.026032514642469997 -0.010872537222598889 0.23999999999999999)
(0.028091445942722722 -1.6015419244540267e-18 0.23999999999999999)
(0.02603251464246999 0.010872537222598887 0.23999999999999999)
(0.020169192610487462 0.020169192610487462 0.23999999999999999)
(0.024974916924157486 -0.010490710445186695 0.23999999999999999)
(0.026892689208567293 -1.4917412322894304e-18 0.2400000000000001)
(0.024974916924157486 0.010490710445186693 0.23999999999999999)
(0.019513580508452269 0.019513580508452269 0.23999999999999999)
(0.023741198473556501 -0.010045298421247609 0.23999999999999999)
(0.025494304666787568 -1.3636555363138712e-18 0.23999999999999999)
(0.023741198473556501 0.010045298421247607 0.23999999999999999)
(0.01874878995273067 0.01874878995273067 0.23999999999999999)
(0.022302030074269601 -0.0095257123607462909 0.23999999999999999)
(0.023863048490307164 -1.2142398524040634e-18 0.23999999999999999)
(0.022302030074269601 0.0095257123607462892 0.23999999999999999)
(0.017856639560287879 0.017856639560287879 0.23999999999999999)
(0.020623198343661161 -0.0089196001326125509 0.23999999999999999)
(0.021960140789454883 -1.0399421181551467e-18 0.23999999999999999)
(0.020623198343661157 0.0089196001326125492 0.23999999999999999)
(0.016815920219834132 0.016815920219834132 0.23999999999999999)
(0.018664792377344582 -0.00821255261725236 0.23999999999999999)
(0.019740343696777671 -8.3661874962146496e-19 0.23999999999999999)
(0.018664792377344582 0.00821255261725236 0.23999999999999996)
(0.015601890887146331 0.015601890887146331 0.23999999999999999)
(0.016380254946357167 -0.0073877611582245564 0.23999999999999999)
(0.01715088592620306 -5.9943613580248814e-19 0.23999999999999999)
(0.016380254946357167 0.0073877611582245555 0.23999999999999999)
(0.014185690415668795 0.014185690415668795 0.23999999999999999)
(0.013715275691111731 -0.0064256179696742686 0.23999999999999999)
(0.014130208240071758 -3.2275572910008438e-19 0.23999999999999999)
(0.013715275691111733 0.0064256179696742686 0.23999999999999996)
(0.012533651439828866 0.012533651439828866 0.23999999999999999)
(0.046667675111425604 0.069843257936054226 0.069000000000000006)
(0.032145346969392398 0.077605941966737341 0.069000000000000006)
(0.016387574411699565 0.082386096989865223 0.069000000000000006)
(-5.3290705182007519e-19 0.084000000000000005 0.069000000000000006)
(0.045559605045505991 0.068019715622296612 0.069000000000000006)
(0.031359685175900195 0.075429788808057577 0.069000000000000006)
(0.015980439508568749 0.079992810878858442 0.069000000000000006)
(-5.0870037213756885e-19 0.081533404231949783 0.069000000000000006)
(0.044267009135725746 0.065892500558402539 0.06900000000000002)
(0.030443187878506087 0.072891242953892321 0.069000000000000006)
(0.015505504821041641 0.077200973130354844 0.069000000000000006)
(-4.804625773362081e-19 0.078656048639623624 0.068999999999999992)
(0.042759158470529794 0.063411042412946345 0.069000000000000006)
(0.029374067166402836 0.06992995549671302 0.06900000000000002)
(0.014951479716139259 0.073944213322940558 0.069000000000000006)
(-4.475223696868291e-19 0.075299529783988434 0.069000000000000006)
(0.041000206882234533 0.060516349425779013 0.069000000000000006)
(0.028126906808922079 0.066475527683380858 0.069000000000000006)
(0.014305193342616427 0.070145108432667538 0.069000000000000006)
(-4.0909666089416137e-19 0.071384053067005182 0.069000000000000006)
(0.038948338775279576 0.057139605995590974 0.06900000000000002)
(0.026672058034912665 0.062445837324009448 0.069000000000000006)
(0.01355128152001971 0.065713342253768403 0.06900000000000002)
(-3.642719557212191e-19 0.066816535772860064 0.069000000000000006)
(0.036554775043136548 0.053200536725078754 0.06900000000000002)
(0.024974934691838969 0.057745086499302781 0.069000000000000006)
(0.012671821485680877 0.060543558309471258 0.06900000000000002)
(-3.1198263544654409e-19 0.061488394210473682 0.069000000000000006)
(0.033762613441515509 0.048605498032124328 0.069000000000000006)
(0.022995191028400992 0.052261524154471078 0.069000000000000006)
(0.011645905816478019 0.054512855210114293 0.069000000000000006)
(-2.5098562488643951e-19 0.055272962350977478 0.06900000000000002)
(0.030505475850035216 0.043245251958817121 0.069000000000000006)
(0.020685762554083793 0.045864789438898788 0.069000000000000006)
(0.010449145396196723 0.047477864915652694 0.068999999999999992)
(-1.7983084074074646e-19 0.048022480593368576 0.069000000000000006)
(0.026705930263678443 0.036992369255030418 0.069000000000000006)
(0.017991747173968814 0.038402812634719057 0.069000000000000006)
(0.0090530896125232737 0.03927134444402712 0.069000000000000006)
(-9.6826718730025318e-20 0.039564583072200926 0.069000000000000006)
(0.043334269746323782 0.064854453797764638 0.087999999999999995)
(0.029849250757292948 0.072062660397684664 0.087999999999999995)
(0.015217033382292454 0.076501375776303421 0.087999999999999995)
(-1.0658141036401504e-18 0.078 0.087999999999999995)
(0.042305347542255574 0.063161164506418288 0.088000000000000023)
(0.029119707663335898 0.070041946750339173 0.087999999999999995)
(0.014838979543670978 0.074279038673225703 0.088000000000000023)
(-1.0174007442751377e-18 0.075709589643953371 0.087999999999999995)
(0.041105079911745342 0.061185893375659522 0.087999999999999995)
(0.028268674458612794 0.067684725600042878 0.087999999999999995)
(0.014397968762395807 0.071686617906758066 0.087999999999999995)
(-9.609251546724162e-19 0.073037759451079085 0.087999999999999995)
(0.03970493286549194 0.058881682240593043 0.087999999999999995)
(0.027275919511659773 0.064934958675519239 0.087999999999999981)
(0.013883516879272169 0.068662483799873386 0.087999999999999995)
(-8.950447393736582e-19 0.069920991942274982 0.087999999999999995)
(0.038071620676360628 0.056193753038223361 0.087999999999999995)
(0.026117842036856225 0.061727275705996516 0.087999999999999995)
(0.013283393818143824 0.065134743544619844 0.087999999999999995)
(-8.1819332178832274e-19 0.066285192133647669 0.087999999999999995)
(0.036166314577045319 0.053058205567334475 0.087999999999999995)
(0.0247669110324189 0.057985420372294483 0.087999999999999995)
(0.012583332840018297 0.061019532092784934 0.087999999999999995)
(-7.28543911442438e-19 0.062043926074798632 0.087999999999999995)
(0.033943719682912502 0.049400498387573114 0.087999999999999995)
(0.023191010785279038 0.053620437463638301 0.087999999999999995)
(0.011766691379560813 0.056219018430223318 0.087999999999999995)
(-6.2396527089308809e-19 0.057096366052582705 0.087999999999999995)
(0.031350998195692967 0.045133676744115447 0.087999999999999995)
(0.021352677383515206 0.048528558143437428 0.087999999999999995)
(0.010814055401015302 0.050619079837963273 0.087999999999999995)
(-5.0197124977287901e-19 0.051324893611621944 0.087999999999999995)
(0.028326513289318418 0.040156305390330195 0.087999999999999995)
(0.019208208085934948 0.04258873305040603 0.087999999999999995)
(0.0097027778678969549 0.044086588850248944 0.087999999999999995)
(-3.5966168148149292e-19 0.044592303408127969 0.087999999999999995)
(0.024798363816272838 0.034350057165385389 0.087999999999999995)
(0.016706622375828182 0.035659754589381983 0.087999999999999995)
(0.0084064403544858949 0.0364662484123109 0.088000000000000023)
(-1.9365343746005064e-19 0.036738541424186574 0.087999999999999995)
(0.040000864381221947 0.059865649659475051 0.107)
(0.027553154545193484 0.066519378828632 0.107)
(0.014046492352885341 0.070616654562741618 0.107)
(-1.5987211554602254e-18 0.072000000000000008 0.107)
(0.03905109003900515 0.058302613390539958 0.10699999999999998)
(0.026879730150771594 0.064654104692620784 0.107)
(0.01369751957877321 0.068565266467592936 0.107)
(-1.5261011164127065e-18 0.069885775055956945 0.107)
(0.037943150687764937 0.056479286192916478 0.10700000000000001)
(0.026094161038719501 0.062478208246193427 0.107)
(0.013290432703749975 0.066172262683161273 0.10700000000000001)
(-1.4413877320086241e-18 0.067419470262534531 0.107)
(0.036650707260454107 0.054352322068239742 0.107)
(0.025177771856916713 0.059939961854325458 0.107)
(0.012815554042405078 0.063380754276806228 0.107)
(-1.3425671090604874e-18 0.064542454100561517 0.107)
(0.035143034470486736 0.051871156650667723 0.107)
(0.024108777264790354 0.056979023728612167 0.107)
(0.01226159429367122 0.060124378656572178 0.10699999999999998)
(-1.2272899826824839e-18 0.061186331200290149 0.10699999999999998)
(0.033384290378811056 0.048976805139077977 0.107)
(0.022861764029925138 0.05352500342057951 0.107)
(0.011615384160016892 0.056325721931801478 0.10699999999999998)
(-1.0928158671636572e-18 0.0572713163767372 0.107)
(0.031332664322688455 0.04560046005006748 0.107)
(0.021407086878719114 0.049495788427973815 0.10699999999999998)
(0.01086156127344075 0.051894478550975356 0.107)
(-9.3594790633963194e-19 0.05270433789469172 0.107)
(0.028939382949870432 0.041661855456106567 0.107)
(0.019710163738629417 0.044795592132403785 0.10699999999999998)
(0.0099822049855525855 0.046725304465812259 0.10700000000000001)
(-7.5295687465931833e-19 0.047376824872266403 0.107)
(0.026147550728601612 0.037067358821843248 0.10700000000000001)
(0.017730653617786106 0.039312676661913251 0.107)
(0.0089564103395971904 0.040695312784845165 0.10700000000000001)
(-5.3949252222223934e-19 0.041162126222887355 0.107)
(0.022890797368867236 0.031707745075740354 0.107)
(0.015421497577687553 0.032916696544044909 0.10699999999999998)
(0.0077597910964485187 0.033661152380594681 0.107)
(-2.9048015619007592e-19 0.033912499776172222 0.107)
(0.036667459016120119 0.054876845521185456 0.126)
(0.02525705833309403 0.060976097259579344 0.126)
(0.012875951323478229 0.064731933349179815 0.126)
(-2.1316282072803008e-18 0.066000000000000003 0.126)
(0.035796832535754712 0.053444062274661634 0.126)
(0.024639752638207293 0.059266262634902374 0.126)
(0.012556059613875441 0.062851494261960197 0.126)
(-2.0348014885502754e-18 0.064061960467960533 0.12600000000000003)
(0.034781221463784512 0.051772679010173434 0.126)
(0.023919647618826211 0.057271690892343984 0.126)
(0.012182896645104144 0.060657907459564515 0.126)
(-1.9218503093448324e-18 0.061801181073989998 0.126)
(0.033596481655416253 0.049822961895886433 0.126)
(0.023079624202173653 0.054944965033131676 0.12600000000000006)
(0.011747591205537984 0.058099024753739015 0.126)
(-1.7900894787473164e-18 0.059163916258848058 0.126)
(0.032214448264612838 0.047548560263112091 0.126)
(0.022099712492724497 0.052230771751227797 0.126)
(0.011239794769198619 0.055114013768524497 0.12600000000000003)
(-1.6363866435766455e-18 0.05608747026693265 0.126)
(0.0306022661805768 0.044895404710821478 0.126)
(0.020956617027431377 0.049064586468864566 0.126)
(0.010647435480015481 0.05163191177081803 0.12600000000000003)
(-1.457087822884876e-18 0.052498706678675754 0.126)
(0.02872160896246442 0.041800421712561882 0.12600000000000003)
(0.019623162972159183 0.045371139392309315 0.126)
(0.0099564311673206833 0.04756993867172743 0.126)
(-1.2479305417861764e-18 0.048312309736800736 0.126)
(0.026527767704047897 0.038190034168097693 0.126)
(0.018067650093743639 0.041062626121370134 0.126)
(0.0091503545700898688 0.042831529093661225 0.126)
(-1.003942499545758e-18 0.043428756132910876 0.126)
(0.023968588167884813 0.033978412253356315 0.126)
(0.016253099149637264 0.036036620273420493 0.126)
(0.0082100428112974241 0.037304036719441415 0.126)
(-7.1932336296298594e-19 0.037731949037646734 0.126)
(0.020983230921461631 0.029065432986095326 0.126)
(0.014136372779546923 0.030173638498707828 0.126)
(0.0071131418384111416 0.030856056348878457 0.126)
(-3.8730687492010127e-19 0.031086458128157874 0.126)
(0.03333405365101829 0.049888041382895876 0.14499999999999999)
(0.02296096212099457 0.055432815690526667 0.14499999999999999)
(0.011705410294071114 0.05884721213561802 0.14499999999999999)
(-2.6645352591003758e-18 0.059999999999999998 0.14499999999999999)
(0.032542575032504281 0.048585511158783297 0.14499999999999999)
(0.022399775125642993 0.053878420577183991 0.14499999999999999)
(0.011414599648977671 0.057137722056327458 0.14499999999999999)
(-2.5435018606878442e-18 0.058238145879964121 0.14500000000000002)
(0.031619292239804114 0.047066071827430403 0.14499999999999999)
(0.021745134198932922 0.052065173538494533 0.14499999999999999)
(0.011075360586458312 0.05514355223596773 0.14499999999999999)
(-2.4023128866810401e-18 0.056182891885445438 0.14500000000000002)
(0.030542256050378424 0.045293601723533104 0.14499999999999999)
(0.020981476547430593 0.049949968211937881 0.14499999999999999)
(0.010679628368670896 0.052817295230671857 0.14499999999999999)
(-2.2376118484341458e-18 0.053785378417134586 0.14499999999999999)
(0.029285862058738947 0.043225963875556439 0.14499999999999999)
(0.020090647720658626 0.047482519773843462 0.14499999999999999)
(0.010217995244726014 0.050103648880476803 0.14499999999999999)
(-2.0454833044708067e-18 0.050988609333575137 0.14499999999999999)
(0.027820241982342547 0.040814004282564972 0.14499999999999999)
(0.019051470024937615 0.0446041695171496 0.14499999999999999)
(0.0096794868000140734 0.046938101609834582 0.14499999999999999)
(-1.821359778606095e-18 0.047726096980614328 0.14499999999999999)
(0.026110553602240384 0.038000383375056249 0.14499999999999999)
(0.017839239065599258 0.041246490356644849 0.14499999999999999)
(0.0090513010612006221 0.043245398792479461 0.14499999999999999)
(-1.55991317723272e-18 0.043920281578909766 0.14499999999999996)
(0.024116152458225362 0.034718212880088806 0.14499999999999999)
(0.01642513644885785 0.037329660110336491 0.14499999999999999)
(0.008318504154627154 0.038937753721510211 0.14499999999999999)
(-1.2549281244321972e-18 0.039480687393555342 0.14499999999999999)
(0.021789625607168007 0.030889465684869367 0.14499999999999999)
(0.014775544681488421 0.032760563884927707 0.14499999999999999)
(0.0074636752829976578 0.033912760654037644 0.14499999999999999)
(-8.9915420370373217e-19 0.034301771852406127 0.14499999999999999)
(0.01907566447405603 0.026423120896450301 0.14499999999999999)
(0.012851247981406294 0.027430580453370754 0.14499999999999999)
(0.0064664925803737646 0.028050960317162244 0.14499999999999999)
(-4.8413359365012658e-19 0.028260416480143515 0.14499999999999999)
(0.030000648285916462 0.044899237244606288 0.16400000000000001)
(0.020664865908895113 0.049889534121474011 0.16400000000000001)
(0.010534869264664001 0.05296249092205621 0.16400000000000001)
(-3.1974423109204507e-18 0.053999999999999999 0.16400000000000001)
(0.029288317529253861 0.043726960042904973 0.16400000000000001)
(0.020159797613078699 0.048490578519465588 0.16399999999999998)
(0.010273139684079904 0.051423949850694727 0.16400000000000001)
(-3.0522022328254129e-18 0.052414331291967708 0.16400000000000001)
(0.028457363015823696 0.042359464644687345 0.16400000000000001)
(0.019570620779039625 0.046858656184645069 0.16400000000000001)
(0.0099678245278124779 0.049629197012370965 0.16400000000000003)
(-2.8827754640172482e-18 0.050564602696900898 0.16400000000000003)
(0.027488030445340574 0.04076424155117981 0.16400000000000001)
(0.018883328892687533 0.0449549713907441 0.16400000000000001)
(0.0096116655318038043 0.047535565707604657 0.16400000000000001)
(-2.6851342181209748e-18 0.048406840575421134 0.16399999999999998)
(0.026357275852865045 0.038903367488000787 0.16400000000000001)
(0.018081582948592769 0.042734267796459127 0.16400000000000001)
(0.0091961957202534132 0.045093283992429137 0.16400000000000001)
(-2.4545799653649677e-18 0.045889748400217624 0.16400000000000001)
(0.025038217784108294 0.036732603854308481 0.16400000000000001)
(0.017146323022443854 0.040143752565434648 0.16400000000000001)
(0.008711538120012666 0.042244291448851105 0.16400000000000001)
(-2.1856317343273141e-18 0.04295348728255291 0.16400000000000001)
(0.023499498242016352 0.034200345037550622 0.16400000000000001)
(0.016055315159039334 0.03712184132098037 0.16399999999999998)
(0.008146170955080561 0.038920858913231521 0.16400000000000001)
(-1.8718958126792643e-18 0.039528253421018796 0.16400000000000001)
(0.021704537212402827 0.031246391592079932 0.16400000000000001)
(0.014782622803972066 0.033596694099302833 0.16400000000000001)
(0.0074866537391644382 0.035043978349359191 0.16400000000000001)
(-1.5059137493186367e-18 0.035532618654199807 0.16400000000000001)
(0.019610663046451208 0.027800519116382434 0.16400000000000001)
(0.013297990213339579 0.029484507496434942 0.16400000000000001)
(0.0067173077546978906 0.030521484588633883 0.16400000000000001)
(-1.0789850444444785e-18 0.030871594667165516 0.16400000000000001)
(0.017168098026650428 0.023780808806805272 0.16400000000000001)
(0.011566123183265668 0.024687522408033676 0.16399999999999998)
(0.0058198433223363892 0.02524586428544601 0.16400000000000001)
(-5.8096031238015183e-19 0.025434374832129163 0.16400000000000001)
(0.026667242920814634 0.039910433106316701 0.183)
(0.018368769696795656 0.044346252552421341 0.183)
(0.0093643282352568885 0.047077769708494407 0.183)
(-3.7303493627405257e-18 0.048000000000000001 0.183)
(0.02603406002600343 0.038868408927026636 0.18300000000000002)
(0.017919820100514402 0.043102736461747199 0.183)
(0.0091316797191821376 0.045710177645061967 0.18300000000000002)
(-3.5609026049629813e-18 0.046590516703971303 0.183)
(0.025295433791843288 0.037652857461944314 0.183)
(0.017396107359146335 0.041652138830795625 0.183)
(0.0088602884691666457 0.044114841788774201 0.18299999999999997)
(-3.3632380413534559e-18 0.044946313508356366 0.183)
(0.024433804840302734 0.036234881378826495 0.183)
(0.016785181237944473 0.039959974569550312 0.18299999999999997)
(0.0085437026949367143 0.042253836184537479 0.18300000000000002)
(-3.1326565878078038e-18 0.043028302733707675 0.183)
(0.023428689646991161 0.034580771100445162 0.183)
(0.016072518176526905 0.037986015819074785 0.183)
(0.0081743961957808121 0.040082919104381456 0.183)
(-2.8636766262591292e-18 0.040790887466860104 0.183)
(0.022256193585874041 0.032651203426051996 0.183)
(0.015241176019950094 0.035683335613719676 0.18299999999999997)
(0.0077435894400112578 0.037550481287867657 0.183)
(-2.5499036900485329e-18 0.038180877584491471 0.183)
(0.020888442881792309 0.030400306700044993 0.18299999999999997)
(0.014271391252479408 0.032997192285315877 0.183)
(0.0072410408489604972 0.034596319033983573 0.18299999999999997)
(-2.1838784481258077e-18 0.035136225263127811 0.183)
(0.019292921966580289 0.027774570304071045 0.183)
(0.013140109159086281 0.029863728088269193 0.183)
(0.0066548033237017225 0.03115020297720817 0.183)
(-1.7568993742050763e-18 0.031584549914844273 0.183)
(0.017431700485734405 0.024711572547895501 0.183)
(0.011820435745190736 0.026208451107942163 0.183)
(0.0059709402263981243 0.027130208523230125 0.183)
(-1.2588158851852252e-18 0.027441417481924902 0.183)
(0.015260531579244821 0.021138496717160237 0.183)
(0.010280998385125036 0.021944464362696602 0.183)
(0.0051731940642990122 0.022440768253729794 0.18300000000000002)
(-6.77787031110177e-19 0.022608333184114811 0.183)
(0.023333837555712802 0.034921628968027113 0.20200000000000001)
(0.016072673484696196 0.038802970983368677 0.20200000000000001)
(0.0081937872058497757 0.041193048494932612 0.20200000000000001)
(-4.2632564145606015e-18 0.042000000000000003 0.20200000000000001)
(0.022779802522752992 0.034009857811148306 0.20200000000000001)
(0.015679842587950094 0.037714894404028795 0.20200000000000001)
(0.0079902197542843674 0.039996405439429228 0.20200000000000001)
(-4.0696029771005508e-18 0.040766702115974891 0.20200000000000001)
(0.022133504567862877 0.032946250279201277 0.20200000000000001)
(0.015221593939253044 0.036445621476946168 0.20200000000000001)
(0.0077527524105208143 0.038600486565177429 0.20200000000000001)
(-3.8437006186896648e-18 0.039328024319811812 0.20200000000000004)
(0.02137957923526489 0.031705521206473172 0.20200000000000001)
(0.014687033583201416 0.034964977748356517 0.20199999999999999)
(0.0074757398580696226 0.036972106661470286 0.20200000000000001)
(-3.5801789574946328e-18 0.03764976489199421 0.20200000000000001)
(0.020500103441117263 0.030258174712889507 0.20200000000000001)
(0.014063453404461038 0.033237763841690422 0.20200000000000004)
(0.0071525966713082067 0.035072554216333769 0.20200000000000001)
(-3.272773287153291e-18 0.035692026533502591 0.20200000000000001)
(0.019474169387639781 0.02856980299779549 0.20200000000000001)
(0.013336029017456331 0.031222918662004724 0.20200000000000001)
(0.0067756407600098479 0.032856671126884195 0.20200000000000001)
(-2.914175645769752e-18 0.033408267886430032 0.20200000000000001)
(0.018277387521568267 0.02660026836253937 0.20200000000000001)
(0.012487467345919483 0.028872543249651394 0.20199999999999999)
(0.0063359107428404343 0.030271779154735633 0.20200000000000001)
(-2.4958610835723524e-18 0.030744197105236834 0.20200000000000001)
(0.016881306720757751 0.024302749016062164 0.20200000000000001)
(0.011497595514200492 0.026130762077235539 0.20200000000000001)
(0.0058229529082390059 0.02725642760505715 0.20200000000000001)
(-2.007884999091516e-18 0.027636481175488736 0.20200000000000001)
(0.015252737925017607 0.021622625979408561 0.20200000000000001)
(0.010342881277041895 0.022932394719449394 0.20200000000000001)
(0.005224572698098358 0.023738932457826347 0.20199999999999999)
(-1.4386467259259717e-18 0.024011240296684281 0.20200000000000001)
(0.013352965131839221 0.018496184627515205 0.20200000000000001)
(0.0089958735869844035 0.019201406317359525 0.20200000000000001)
(0.0045265448062616351 0.019635672222013564 0.20200000000000001)
(-7.7461374984020254e-19 0.01978229153610046 0.20200000000000001)
(0.020000432190610973 0.029932824829737529 0.221)
(0.013776577272596742 0.033259689414316007 0.221)
(0.0070232461764426638 0.035308327281370816 0.221)
(-4.7961634663806765e-18 0.036000000000000004 0.221)
(0.019525545019502571 0.029151306695269979 0.221)
(0.013439865075385795 0.032327052346310399 0.221)
(0.0068487597893865972 0.034282633233796475 0.221)
(-4.5783033492381196e-18 0.034942887527978472 0.22100000000000003)
(0.018971575343882465 0.028239643096458242 0.221)
(0.013047080519359749 0.031239104123096717 0.221)
(0.0066452163518749812 0.033086131341580657 0.221)
(-4.3241631960258729e-18 0.033709735131267266 0.221)
(0.018325353630227047 0.027176161034119871 0.221)
(0.012588885928458353 0.029969980927162732 0.221)
(0.0064077770212025336 0.031690377138403114 0.221)
(-4.0277013271814618e-18 0.032271227050280758 0.221)
(0.017571517235243368 0.025935578325333858 0.22100000000000003)
(0.012054388632395175 0.028489511864306084 0.221)
(0.0061307971468356039 0.030062189328286085 0.221)
(-3.6818699480474516e-18 0.030593165600145075 0.221)
(0.016692145189405528 0.024488402569538985 0.221)
(0.011430882014962569 0.026762501710289762 0.22099999999999992)
(0.0058076920800084406 0.02816286096590075 0.22100000000000003)
(-3.2784476014909708e-18 0.028635658188368607 0.221)
(0.015666332161344231 0.022800230025033744 0.221)
(0.010703543439359555 0.024747894213986911 0.221)
(0.0054307806367203705 0.025947239275487682 0.22100000000000003)
(-2.8078437190188966e-18 0.026352168947345857 0.221)
(0.014469691474935212 0.02083092772805328 0.221)
(0.0098550818693147087 0.022397796066201896 0.22099999999999997)
(0.0049911024927762901 0.02336265223290613 0.221)
(-2.2588706239779551e-18 0.023688412436133205 0.221)
(0.013073775364300804 0.01853367941092162 0.221)
(0.0088653268088930513 0.019656338330956629 0.22099999999999997)
(0.0044782051697985926 0.020347656392422586 0.221)
(-1.6184775666667182e-18 0.020581063111443677 0.221)
(0.011445398684433615 0.015853872537870177 0.221)
(0.0077107487888437758 0.016458348272022454 0.221)
(0.0038798955482242576 0.016830576190297337 0.22099999999999997)
(-8.714404685702278e-19 0.016956249888086111 0.221)
(0.016667026825509145 0.024944020691447938 0.23999999999999999)
(0.011480481060497283 0.02771640784526334 0.23999999999999999)
(0.0058527051470355501 0.029423606067809017 0.23999999999999999)
(0 0.029999999999999999 0.23999999999999999)
(0.016271287516252141 0.024292755579391652 0.23999999999999999)
(0.011199887562821495 0.026939210288592003 0.23999999999999999)
(0.0057072998244888295 0.028568861028163733 0.23999999999999999)
(-5.0870037213756883e-18 0.02911907293998206 0.23999999999999999)
(0.015809646119902054 0.023533035913715201 0.23999999999999999)
(0.010872567099466459 0.026032586769247273 0.23999999999999999)
(0.005537680293229149 0.027571776117983875 0.23999999999999999)
(-4.8046257733620803e-18 0.028091445942722719 0.23999999999999999)
(0.01527112802518921 0.022646800861766563 0.23999999999999999)
(0.010490738273715295 0.024974984105968944 0.2400000000000001)
(0.0053398141843354419 0.026408647615335932 0.23999999999999999)
(-4.4752236968682916e-18 0.026892689208567293 0.23999999999999999)
(0.014642931029369472 0.02161298193777822 0.23999999999999999)
(0.010045323860329313 0.023741259886921738 0.23999999999999999)
(0.005108997622363002 0.025051824440238409 0.23999999999999999)
(-4.0909666089416134e-18 0.025494304666787568 0.23999999999999999)
(0.013910120991171272 0.02040700214128249 0.23999999999999999)
(0.009525735012468806 0.022302084758574807 0.23999999999999999)
(0.0048397434000070324 0.023469050804917287 0.23999999999999999)
(-3.6427195572121899e-18 0.023863048490307164 0.23999999999999999)
(0.013055276801120192 0.019000191687528128 0.23999999999999999)
(0.0089196195327996275 0.020623245178322425 0.23999999999999999)
(0.0045256505306003067 0.021622699396239741 0.23999999999999999)
(-3.1198263544654401e-18 0.021960140789454883 0.23999999999999999)
(0.012058076229112679 0.017359106440044403 0.23999999999999999)
(0.008212568224428925 0.018664830055168242 0.23999999999999999)
(0.0041592520773135735 0.019468876860755109 0.23999999999999996)
(-2.5098562488643945e-18 0.019740343696777671 0.23999999999999999)
(0.010894812803584005 0.015444732842434684 0.23999999999999999)
(0.0073877723407442097 0.016380281942463857 0.23999999999999999)
(0.0037318376414988263 0.016956380327018825 0.23999999999999999)
(-1.7983084074074643e-18 0.017150885926203063 0.23999999999999999)
(0.0095378322370280131 0.013211560448225145 0.23999999999999999)
(0.0064256239907031472 0.013715290226685379 0.23999999999999999)
(0.0032332462901868814 0.014025480158581119 0.23999999999999996)
(-9.6826718730025315e-19 0.014130208240071758 0.23999999999999999)
(0 -0.010606500000000001 0.255)
(0.0026516250000000003 -0.010606500000000001 0.255)
(0.0053032500000000007 -0.010606500000000003 0.255)
(0.0079548750000000001 -0.010606500000000001 0.255)
(0.010606500000000001 -0.010606500000000001 0.255)
(0 -0.0053032500000000015 0.255)
(0.0026516250000000003 -0.0053032500000000015 0.255)
(0.0053032500000000007 -0.0053032500000000007 0.255)
(0.0079548750000000001 -0.0053032500000000007 0.255)
(0.010606500000000001 -0.0053032499999999998 0.255)
(0 0 0.255)
(0.0026516249999999999 0 0.255)
(0.0053032499999999998 0 0.255)
(0.0079548750000000001 0 0.255)
(0.010606500000000003 0 0.255)
(0 0.0053032500000000007 0.255)
(0.0026516250000000003 0.0053032499999999998 0.255)
(0.0053032500000000007 0.0053032500000000015 0.255)
(0.0079548750000000001 0.0053032499999999998 0.255)
(0.010606500000000001 0.0053032499999999998 0.255)
(0 0.010606500000000001 0.255)
(0.0026516250000000003 0.010606500000000001 0.255)
(0.0053032500000000007 0.010606500000000003 0.255)
(0.0079548750000000001 0.010606500000000001 0.255)
(0.010606500000000001 0.010606500000000001 0.255)
(0 -0.010606500000000001 0.27000000000000002)
(0.0026516250000000003 -0.010606500000000001 0.27000000000000002)
(0.0053032500000000007 -0.0106065 0.27000000000000002)
(0.0079548750000000001 -0.010606500000000001 0.27000000000000002)
(0.010606500000000001 -0.010606500000000001 0.27000000000000002)
(0 -0.0053032500000000015 0.27000000000000002)
(0.0026516250000000003 -0.0053032500000000015 0.27000000000000002)
(0.0053032500000000007 -0.0053032499999999998 0.27000000000000002)
(0.0079548750000000001 -0.0053032500000000007 0.27000000000000002)
(0.010606500000000001 -0.0053032500000000015 0.27000000000000002)
(0 0 0.27000000000000002)
(0.0026516249999999999 0 0.27000000000000002)
(0.0053032499999999998 0 0.27000000000000002)
(0.0079548750000000001 0 0.27000000000000002)
(0.0106065 0 0.27000000000000002)
(0 0.0053032500000000007 0.27000000000000002)
(0.0026516250000000003 0.0053032499999999998 0.27000000000000002)
(0.0053032500000000007 0.0053032500000000007 0.27000000000000002)
(0.0079548750000000001 0.0053032499999999998 0.27000000000000002)
(0.010606500000000001 0.0053032500000000015 0.27000000000000002)
(0 0.010606500000000001 0.27000000000000002)
(0.0026516250000000003 0.010606500000000001 0.27000000000000002)
(0.0053032500000000007 0.0106065 0.27000000000000002)
(0.0079548750000000001 0.010606500000000001 0.27000000000000002)
(0.010606500000000001 0.010606500000000001 0.27000000000000002)
(0 -0.010606500000000001 0.28500000000000003)
(0.0026516250000000003 -0.010606500000000001 0.28500000000000003)
(0.0053032500000000007 -0.0106065 0.28500000000000003)
(0.0079548750000000001 -0.010606500000000001 0.28500000000000003)
(0.010606500000000001 -0.010606500000000001 0.28500000000000003)
(0 -0.0053032500000000015 0.28500000000000003)
(0.0026516250000000003 -0.0053032500000000015 0.28500000000000003)
(0.0053032500000000007 -0.0053032500000000007 0.28500000000000003)
(0.0079548750000000001 -0.0053032500000000007 0.28500000000000003)
(0.010606500000000001 -0.0053032500000000007 0.28500000000000003)
(0 0 0.28500000000000003)
(0.0026516249999999999 0 0.28500000000000003)
(0.0053032499999999998 0 0.28500000000000003)
(0.0079548750000000001 0 0.28500000000000003)
(0.0106065 0 0.28500000000000003)
(0 0.0053032500000000007 0.28500000000000003)
(0.0026516250000000003 0.0053032499999999998 0.28500000000000003)
(0.0053032500000000007 0.0053032500000000015 0.28500000000000003)
(0.0079548750000000001 0.0053032499999999998 0.28500000000000003)
(0.010606500000000001 0.0053032500000000015 0.28500000000000003)
(0 0.010606500000000001 0.28500000000000003)
(0.0026516250000000003 0.010606500000000001 0.28500000000000003)
(0.0053032500000000007 0.0106065 0.28500000000000003)
(0.0079548750000000001 0.010606500000000001 0.28500000000000003)
(0.010606500000000001 0.010606500000000001 0.28500000000000003)
(0 -0.010606500000000001 0.29999999999999999)
(0.0026516250000000003 -0.010606500000000001 0.29999999999999999)
(0.0053032500000000007 -0.0106065 0.29999999999999999)
(0.0079548750000000001 -0.010606500000000001 0.29999999999999999)
(0.010606500000000001 -0.010606500000000001 0.29999999999999999)
(0 -0.0053032500000000015 0.29999999999999999)
(0.0026516250000000003 -0.0053032500000000015 0.29999999999999999)
(0.0053032500000000007 -0.0053032500000000007 0.29999999999999999)
(0.0079548750000000001 -0.0053032500000000007 0.29999999999999999)
(0.010606500000000001 -0.0053032500000000007 0.29999999999999999)
(0 0 0.29999999999999999)
(0.0026516249999999999 0 0.29999999999999999)
(0.0053032499999999998 0 0.29999999999999999)
(0.0079548750000000001 0 0.29999999999999999)
(0.0106065 0 0.29999999999999999)
(0 0.0053032500000000007 0.29999999999999999)
(0.0026516250000000003 0.0053032499999999998 0.29999999999999999)
(0.0053032500000000007 0.0053032500000000015 0.29999999999999999)
(0.0079548750000000001 0.0053032499999999998 0.29999999999999999)
(0.010606500000000001 0.0053032500000000015 0.29999999999999999)
(0 0.010606500000000001 0.29999999999999999)
(0.0026516250000000003 0.010606500000000001 0.29999999999999999)
(0.0053032500000000007 0.0106065 0.29999999999999999)
(0.0079548750000000001 0.010606500000000001 0.29999999999999999)
(0.010606500000000001 0.010606500000000001 0.29999999999999999)
(0 -0.029999999999999999 0.255)
(0.0058527051470355579 -0.029423606067809013 0.255)
(0.011480481060497288 -0.02771640784526333 0.255)
(0.016667026825509152 -0.024944020691447931 0.255)
(0.021213000000000003 -0.021213000000000003 0.255)
(0 -0.02911907293998206 0.255)
(0.0057072998244888373 -0.028568861028163733 0.255)
(0.0111998875628215 -0.026939210288591999 0.255)
(0.016271287516252144 -0.024292755579391645 0.255)
(0.020731212140042782 -0.020731212140042782 0.255)
(0 -0.028091445942722719 0.255)
(0.0055376802932291568 -0.027571776117983872 0.255)
(0.010872567099466464 -0.026032586769247263 0.255)
(0.015809646119902061 -0.023533035913715195 0.255)
(0.020169192610487465 -0.020169192610487465 0.255)
(0 -0.026892689208567293 0.255)
(0.0053398141843354488 -0.026408647615335925 0.255)
(0.0104907382737153 -0.024974984105968934 0.25500000000000012)
(0.015271128025189217 -0.022646800861766556 0.255)
(0.019513580508452269 -0.019513580508452269 0.255)
(0 -0.025494304666787568 0.255)
(0.005108997622363008 -0.025051824440238402 0.255)
(0.010045323860329317 -0.023741259886921731 0.255)
(0.014642931029369477 -0.021612981937778216 0.255)
(0.01874878995273067 -0.01874878995273067 0.255)
(0 -0.023863048490307164 0.255)
(0.0048397434000070376 -0.023469050804917291 0.255)
(0.0095257350124688094 -0.0223020847585748 0.255)
(0.013910120991171277 -0.020407002141282483 0.255)
(0.017856639560287879 -0.017856639560287879 0.255)
(0 -0.021960140789454883 0.255)
(0.0045256505306003111 -0.021622699396239731 0.255)
(0.008919619532799631 -0.020623245178322421 0.255)
(0.013055276801120197 -0.019000191687528121 0.255)
(0.016815920219834132 -0.016815920219834132 0.255)
(0 -0.019740343696777671 0.255)
(0.0041592520773135779 -0.019468876860755106 0.255)
(0.0082125682244289268 -0.018664830055168238 0.255)
(0.012058076229112683 -0.017359106440044399 0.255)
(0.015601890887146331 -0.015601890887146331 0.255)
(0 -0.017150885926203063 0.255)
(0.0037318376414988293 -0.016956380327018822 0.255)
(0.0073877723407442123 -0.016380281942463853 0.255)
(0.010894812803584005 -0.015444732842434684 0.255)
(0.014185690415668797 -0.014185690415668797 0.255)
(0 -0.014130208240071758 0.255)
(0.0032332462901868827 -0.014025480158581119 0.255)
(0.0064256239907031481 -0.013715290226685377 0.255)
(0.0095378322370280166 -0.013211560448225149 0.255)
(0.012533651439828866 -0.012533651439828866 0.255)
(0 -0.029999999999999999 0.27000000000000002)
(0.0058527051470355579 -0.029423606067809017 0.27000000000000002)
(0.011480481060497288 -0.02771640784526333 0.27000000000000002)
(0.016667026825509152 -0.024944020691447931 0.27000000000000002)
(0.021213000000000003 -0.021213000000000003 0.27000000000000002)
(0 -0.02911907293998206 0.27000000000000002)
(0.0057072998244888373 -0.028568861028163729 0.26999999999999996)
(0.0111998875628215 -0.026939210288591989 0.27000000000000002)
(0.016271287516252144 -0.024292755579391645 0.26999999999999996)
(0.020731212140042782 -0.020731212140042782 0.27000000000000002)
(0 -0.028091445942722719 0.27000000000000002)
(0.0055376802932291559 -0.027571776117983875 0.27000000000000002)
(0.010872567099466462 -0.026032586769247263 0.27000000000000002)
(0.015809646119902061 -0.023533035913715195 0.27000000000000002)
(0.020169192610487462 -0.020169192610487462 0.27000000000000002)
(0 -0.026892689208567293 0.27000000000000002)
(0.0053398141843354488 -0.026408647615335925 0.27000000000000002)
(0.0104907382737153 -0.024974984105968941 0.27000000000000007)
(0.015271128025189217 -0.022646800861766556 0.27000000000000002)
(0.019513580508452269 -0.019513580508452269 0.27000000000000002)
(0 -0.025494304666787568 0.27000000000000007)
(0.005108997622363008 -0.025051824440238405 0.27000000000000002)
(0.010045323860329317 -0.023741259886921731 0.27000000000000002)
(0.014642931029369477 -0.021612981937778216 0.27000000000000002)
(0.01874878995273067 -0.01874878995273067 0.27000000000000007)
(0 -0.023863048490307164 0.27000000000000002)
(0.0048397434000070376 -0.023469050804917284 0.27000000000000002)
(0.0095257350124688094 -0.022302084758574797 0.27000000000000002)
(0.01391012099117128 -0.020407002141282483 0.27000000000000002)
(0.017856639560287879 -0.017856639560287879 0.27000000000000002)
(0 -0.021960140789454883 0.27000000000000002)
(0.0045256505306003111 -0.021622699396239738 0.27000000000000002)
(0.008919619532799631 -0.020623245178322421 0.27000000000000002)
(0.013055276801120196 -0.019000191687528121 0.27000000000000002)
(0.016815920219834132 -0.016815920219834132 0.27000000000000002)
(0 -0.019740343696777671 0.27000000000000002)
(0.0041592520773135779 -0.019468876860755106 0.27000000000000002)
(0.0082125682244289268 -0.018664830055168238 0.27000000000000002)
(0.012058076229112683 -0.017359106440044399 0.27000000000000002)
(0.015601890887146331 -0.015601890887146331 0.27000000000000002)
(0 -0.017150885926203063 0.27000000000000002)
(0.0037318376414988293 -0.016956380327018822 0.27000000000000002)
(0.0073877723407442123 -0.016380281942463853 0.27000000000000002)
(0.010894812803584007 -0.015444732842434684 0.27000000000000002)
(0.014185690415668797 -0.014185690415668797 0.27000000000000002)
(0 -0.014130208240071759 0.27000000000000002)
(0.0032332462901868827 -0.014025480158581119 0.27000000000000002)
(0.0064256239907031481 -0.013715290226685377 0.27000000000000002)
(0.0095378322370280148 -0.013211560448225149 0.27000000000000002)
(0.012533651439828866 -0.012533651439828866 0.27000000000000002)
(0 -0.029999999999999999 0.28500000000000003)
(0.0058527051470355579 -0.029423606067809013 0.28500000000000003)
(0.011480481060497288 -0.02771640784526333 0.28500000000000003)
(0.016667026825509152 -0.024944020691447931 0.28500000000000003)
(0.021213000000000003 -0.021213000000000003 0.28500000000000003)
(0 -0.02911907293998206 0.28500000000000003)
(0.0057072998244888373 -0.028568861028163729 0.28500000000000003)
(0.0111998875628215 -0.026939210288591996 0.28500000000000003)
(0.016271287516252144 -0.024292755579391645 0.28500000000000003)
(0.020731212140042782 -0.020731212140042782 0.28500000000000003)
(0 -0.028091445942722719 0.28500000000000009)
(0.0055376802932291568 -0.027571776117983875 0.28500000000000003)
(0.010872567099466464 -0.026032586769247263 0.28500000000000003)
(0.015809646119902061 -0.023533035913715195 0.28500000000000003)
(0.020169192610487465 -0.020169192610487465 0.28500000000000009)
(0 -0.026892689208567293 0.28500000000000003)
(0.0053398141843354488 -0.026408647615335925 0.28500000000000003)
(0.0104907382737153 -0.024974984105968941 0.28500000000000009)
(0.015271128025189217 -0.022646800861766556 0.28500000000000003)
(0.019513580508452269 -0.019513580508452269 0.28500000000000003)
(0 -0.025494304666787568 0.28500000000000003)
(0.005108997622363008 -0.025051824440238402 0.28500000000000003)
(0.010045323860329317 -0.023741259886921731 0.28500000000000003)
(0.014642931029369477 -0.021612981937778216 0.28500000000000003)
(0.01874878995273067 -0.01874878995273067 0.28500000000000003)
(0 -0.023863048490307168 0.28500000000000003)
(0.0048397434000070376 -0.023469050804917284 0.28500000000000003)
(0.0095257350124688094 -0.0223020847585748 0.28500000000000003)
(0.013910120991171277 -0.020407002141282483 0.28500000000000003)
(0.017856639560287879 -0.017856639560287879 0.28500000000000003)
(0 -0.021960140789454883 0.28499999999999998)
(0.0045256505306003111 -0.021622699396239738 0.28500000000000003)
(0.008919619532799631 -0.020623245178322421 0.28500000000000003)
(0.013055276801120196 -0.019000191687528124 0.28500000000000003)
(0.016815920219834132 -0.016815920219834132 0.28499999999999998)
(0 -0.019740343696777671 0.28500000000000003)
(0.0041592520773135779 -0.019468876860755106 0.28500000000000003)
(0.0082125682244289268 -0.018664830055168238 0.28500000000000003)
(0.012058076229112683 -0.017359106440044399 0.28500000000000003)
(0.015601890887146331 -0.015601890887146331 0.28500000000000003)
(0 -0.017150885926203063 0.28500000000000003)
(0.0037318376414988293 -0.016956380327018822 0.28499999999999998)
(0.0073877723407442123 -0.016380281942463853 0.28500000000000003)
(0.010894812803584007 -0.015444732842434684 0.28500000000000003)
(0.014185690415668797 -0.014185690415668797 0.28500000000000003)
(0 -0.014130208240071758 0.28500000000000003)
(0.0032332462901868827 -0.014025480158581119 0.28500000000000003)
(0.0064256239907031481 -0.013715290226685377 0.28500000000000003)
(0.0095378322370280148 -0.013211560448225149 0.28500000000000003)
(0.012533651439828866 -0.012533651439828866 0.28500000000000003)
(0 -0.029999999999999999 0.29999999999999999)
(0.0058527051470355579 -0.029423606067809013 0.29999999999999999)
(0.011480481060497288 -0.02771640784526333 0.29999999999999999)
(0.016667026825509152 -0.024944020691447931 0.29999999999999999)
(0.021213000000000003 -0.021213000000000003 0.29999999999999999)
(0 -0.02911907293998206 0.29999999999999999)
(0.0057072998244888373 -0.028568861028163729 0.30000000000000004)
(0.0111998875628215 -0.026939210288591996 0.29999999999999999)
(0.016271287516252144 -0.024292755579391645 0.30000000000000004)
(0.020731212140042782 -0.020731212140042782 0.29999999999999999)
(0 -0.028091445942722719 0.30000000000000004)
(0.0055376802932291559 -0.027571776117983875 0.29999999999999999)
(0.010872567099466462 -0.026032586769247263 0.29999999999999999)
(0.015809646119902061 -0.023533035913715195 0.29999999999999999)
(0.020169192610487462 -0.020169192610487462 0.30000000000000004)
(0 -0.026892689208567293 0.29999999999999999)
(0.0053398141843354488 -0.026408647615335925 0.29999999999999999)
(0.0104907382737153 -0.024974984105968941 0.29999999999999999)
(0.015271128025189217 -0.022646800861766556 0.29999999999999999)
(0.019513580508452269 -0.019513580508452269 0.29999999999999999)
(0 -0.025494304666787568 0.29999999999999999)
(0.005108997622363008 -0.025051824440238402 0.29999999999999999)
(0.010045323860329317 -0.023741259886921731 0.29999999999999999)
(0.014642931029369477 -0.021612981937778216 0.29999999999999999)
(0.01874878995273067 -0.01874878995273067 0.29999999999999999)
(0 -0.023863048490307164 0.29999999999999993)
(0.0048397434000070376 -0.023469050804917284 0.29999999999999999)
(0.0095257350124688094 -0.022302084758574797 0.29999999999999999)
(0.013910120991171277 -0.020407002141282483 0.29999999999999999)
(0.017856639560287879 -0.017856639560287879 0.29999999999999993)
(0 -0.021960140789454883 0.29999999999999999)
(0.0045256505306003111 -0.021622699396239738 0.29999999999999999)
(0.008919619532799631 -0.020623245178322421 0.29999999999999999)
(0.013055276801120196 -0.019000191687528121 0.29999999999999993)
(0.016815920219834132 -0.016815920219834132 0.29999999999999999)
(0 -0.019740343696777671 0.29999999999999999)
(0.0041592520773135779 -0.019468876860755106 0.29999999999999999)
(0.0082125682244289268 -0.018664830055168238 0.29999999999999999)
(0.012058076229112683 -0.017359106440044399 0.29999999999999999)
(0.015601890887146331 -0.015601890887146331 0.29999999999999999)
(0 -0.017150885926203063 0.29999999999999999)
(0.0037318376414988289 -0.016956380327018822 0.29999999999999999)
(0.0073877723407442114 -0.016380281942463853 0.29999999999999999)
(0.010894812803584007 -0.015444732842434682 0.29999999999999999)
(0.014185690415668795 -0.014185690415668795 0.29999999999999999)
(0 -0.014130208240071758 0.29999999999999999)
(0.0032332462901868827 -0.014025480158581119 0.29999999999999999)
(0.0064256239907031481 -0.013715290226685377 0.29999999999999999)
(0.0095378322370280148 -0.013211560448225149 0.29999999999999999)
(0.012533651439828866 -0.012533651439828866 0.29999999999999999)
(0.027716327845550465 -0.011480447922446232 0.255)
(0.030000000000000006 -1.7763568394002505e-18 0.255)
(0.027716327845550465 0.01148044792244623 0.255)
(0.021213000000000003 0.021213000000000003 0.255)
(0.026939133922772529 -0.011199855930027668 0.255)
(0.02911907293998206 -1.6956679071252293e-18 0.255)
(0.026939133922772533 0.011199855930027668 0.255)
(0.020731212140042782 0.020731212140042782 0.255)
(0.026032514642469994 -0.010872537222598887 0.255)
(0.028091445942722722 -1.6015419244540265e-18 0.255)
(0.026032514642469994 0.010872537222598887 0.255)
(0.020169192610487465 0.020169192610487465 0.255)
(0.024974916924157486 -0.010490710445186695 0.255)
(0.0268926892085673 -1.4917412322894304e-18 0.25500000000000012)
(0.024974916924157486 0.010490710445186693 0.255)
(0.019513580508452269 0.019513580508452269 0.255)
(0.023741198473556501 -0.010045298421247611 0.255)
(0.025494304666787568 -1.3636555363138712e-18 0.255)
(0.023741198473556501 0.010045298421247607 0.255)
(0.01874878995273067 0.01874878995273067 0.255)
(0.022302030074269605 -0.0095257123607462926 0.255)
(0.023863048490307168 -1.2142398524040636e-18 0.255)
(0.022302030074269601 0.0095257123607462892 0.255)
(0.017856639560287879 0.017856639560287879 0.255)
(0.020623198343661161 -0.0089196001326125509 0.255)
(0.021960140789454883 -1.0399421181551467e-18 0.255)
(0.020623198343661157 0.0089196001326125492 0.255)
(0.016815920219834132 0.016815920219834132 0.255)
(0.018664792377344582 -0.00821255261725236 0.255)
(0.019740343696777671 -8.3661874962146496e-19 0.255)
(0.018664792377344582 0.00821255261725236 0.255)
(0.015601890887146331 0.015601890887146331 0.255)
(0.016380254946357163 -0.0073877611582245564 0.255)
(0.017150885926203063 -5.9943613580248814e-19 0.255)
(0.016380254946357167 0.0073877611582245555 0.255)
(0.014185690415668797 0.014185690415668797 0.255)
(0.013715275691111731 -0.0064256179696742686 0.255)
(0.014130208240071758 -3.2275572910008438e-19 0.255)
(0.013715275691111733 0.0064256179696742686 0.255)
(0.012533651439828866 0.012533651439828866 0.255)
(0.027716327845550465 -0.011480447922446235 0.27000000000000002)
(0.029999999999999995 -1.7763568394002505e-18 0.27000000000000002)
(0.027716327845550465 0.011480447922446232 0.27000000000000002)
(0.021213000000000003 0.021213000000000003 0.27000000000000002)
(0.026939133922772529 -0.011199855930027668 0.26999999999999996)
(0.02911907293998206 -1.6956679071252293e-18 0.27000000000000002)
(0.026939133922772533 0.011199855930027668 0.26999999999999996)
(0.020731212140042782 0.020731212140042782 0.27000000000000002)
(0.026032514642469997 -0.010872537222598889 0.27000000000000002)
(0.028091445942722722 -1.6015419244540267e-18 0.27000000000000002)
(0.026032514642469997 0.010872537222598887 0.27000000000000002)
(0.020169192610487462 0.020169192610487462 0.27000000000000002)
(0.024974916924157486 -0.010490710445186695 0.27000000000000002)
(0.026892689208567293 -1.4917412322894304e-18 0.27000000000000007)
(0.024974916924157486 0.010490710445186693 0.27000000000000002)
(0.019513580508452269 0.019513580508452269 0.27000000000000002)
(0.023741198473556501 -0.010045298421247607 0.27000000000000002)
(0.025494304666787565 -1.3636555363138712e-18 0.27000000000000002)
(0.023741198473556501 0.010045298421247606 0.27000000000000002)
(0.01874878995273067 0.01874878995273067 0.27000000000000007)
(0.022302030074269601 -0.0095257123607462926 0.27000000000000002)
(0.023863048490307164 -1.2142398524040634e-18 0.27000000000000002)
(0.022302030074269601 0.0095257123607462892 0.27000000000000002)
(0.017856639560287879 0.017856639560287879 0.27000000000000002)
(0.020623198343661161 -0.0089196001326125509 0.27000000000000002)
(0.021960140789454883 -1.0399421181551467e-18 0.27000000000000002)
(0.020623198343661157 0.0089196001326125492 0.27000000000000002)
(0.016815920219834132 0.016815920219834132 0.27000000000000002)
(0.018664792377344582 -0.00821255261725236 0.27000000000000002)
(0.019740343696777664 -8.3661874962146496e-19 0.27000000000000002)
(0.018664792377344582 0.00821255261725236 0.27000000000000002)
(0.015601890887146331 0.015601890887146331 0.27000000000000002)
(0.016380254946357167 -0.0073877611582245564 0.27000000000000002)
(0.017150885926203063 -5.9943613580248814e-19 0.27000000000000002)
(0.016380254946357167 0.0073877611582245555 0.27000000000000002)
(0.014185690415668797 0.014185690415668797 0.27000000000000002)
(0.013715275691111731 -0.0064256179696742678 0.27000000000000002)
(0.014130208240071758 -3.2275572910008438e-19 0.27000000000000002)
(0.013715275691111733 0.0064256179696742686 0.27000000000000002)
(0.012533651439828866 0.012533651439828866 0.27000000000000002)
(0.027716327845550465 -0.011480447922446235 0.28500000000000003)
(0.029999999999999995 -1.7763568394002505e-18 0.28500000000000003)
(0.027716327845550465 0.011480447922446232 0.28500000000000003)
(0.021213000000000003 0.021213000000000003 0.28500000000000003)
(0.026939133922772533 -0.011199855930027668 0.28500000000000003)
(0.02911907293998206 -1.6956679071252293e-18 0.28500000000000003)
(0.026939133922772533 0.011199855930027668 0.28500000000000003)
(0.020731212140042782 0.020731212140042782 0.28500000000000003)
(0.026032514642469997 -0.010872537222598889 0.28500000000000003)
(0.028091445942722726 -1.6015419244540267e-18 0.28500000000000003)
(0.026032514642469997 0.010872537222598887 0.28500000000000003)
(0.020169192610487465 0.020169192610487465 0.28500000000000009)
(0.024974916924157486 -0.010490710445186695 0.28500000000000003)
(0.026892689208567293 -1.4917412322894304e-18 0.28500000000000009)
(0.024974916924157486 0.010490710445186693 0.28500000000000003)
(0.019513580508452269 0.019513580508452269 0.28500000000000003)
(0.023741198473556501 -0.010045298421247609 0.28500000000000003)
(0.025494304666787568 -1.3636555363138712e-18 0.28500000000000003)
(0.023741198473556501 0.010045298421247607 0.28500000000000003)
(0.01874878995273067 0.01874878995273067 0.28500000000000003)
(0.022302030074269605 -0.0095257123607462926 0.28500000000000003)
(0.023863048490307168 -1.2142398524040636e-18 0.28500000000000003)
(0.022302030074269601 0.0095257123607462892 0.28500000000000003)
(0.017856639560287879 0.017856639560287879 0.28500000000000003)
(0.020623198343661161 -0.0089196001326125509 0.28500000000000003)
(0.021960140789454883 -1.0399421181551467e-18 0.28500000000000003)
(0.020623198343661161 0.0089196001326125492 0.28500000000000003)
(0.016815920219834132 0.016815920219834132 0.28499999999999998)
(0.018664792377344582 -0.00821255261725236 0.28500000000000003)
(0.019740343696777671 -8.3661874962146496e-19 0.28500000000000003)
(0.018664792377344582 0.00821255261725236 0.28500000000000003)
(0.015601890887146331 0.015601890887146331 0.28500000000000003)
(0.016380254946357163 -0.0073877611582245555 0.28499999999999998)
(0.01715088592620306 -5.9943613580248814e-19 0.28500000000000003)
(0.016380254946357167 0.0073877611582245572 0.28500000000000003)
(0.014185690415668797 0.014185690415668797 0.28500000000000003)
(0.013715275691111731 -0.0064256179696742686 0.28500000000000003)
(0.014130208240071758 -3.2275572910008438e-19 0.28500000000000003)
(0.013715275691111733 0.0064256179696742686 0.28500000000000003)
(0.012533651439828866 0.012533651439828866 0.28500000000000003)
(0.027716327845550465 -0.011480447922446235 0.29999999999999999)
(0.029999999999999995 -1.7763568394002505e-18 0.29999999999999999)
(0.027716327845550465 0.011480447922446232 0.29999999999999999)
(0.021213000000000003 0.021213000000000003 0.29999999999999999)
(0.026939133922772533 -0.011199855930027668 0.30000000000000004)
(0.02911907293998206 -1.6956679071252293e-18 0.29999999999999999)
(0.026939133922772533 0.011199855930027668 0.30000000000000004)
(0.020731212140042782 0.020731212140042782 0.29999999999999999)
(0.026032514642469997 -0.010872537222598889 0.29999999999999999)
(0.028091445942722722 -1.6015419244540267e-18 0.29999999999999999)
(0.02603251464246999 0.010872537222598887 0.29999999999999999)
(0.020169192610487462 0.020169192610487462 0.30000000000000004)
(0.024974916924157486 -0.010490710445186695 0.29999999999999999)
(0.026892689208567293 -1.4917412322894304e-18 0.29999999999999999)
(0.024974916924157486 0.010490710445186693 0.29999999999999999)
(0.019513580508452269 0.019513580508452269 0.29999999999999999)
(0.023741198473556501 -0.010045298421247609 0.29999999999999999)
(0.025494304666787568 -1.3636555363138712e-18 0.29999999999999999)
(0.023741198473556501 0.010045298421247607 0.29999999999999999)
(0.01874878995273067 0.01874878995273067 0.29999999999999999)
(0.022302030074269601 -0.0095257123607462909 0.29999999999999999)
(0.023863048490307164 -1.2142398524040634e-18 0.29999999999999999)
(0.022302030074269601 0.0095257123607462892 0.29999999999999999)
(0.017856639560287879 0.017856639560287879 0.29999999999999993)
(0.020623198343661161 -0.0089196001326125509 0.29999999999999999)
(0.021960140789454883 -1.0399421181551467e-18 0.29999999999999999)
(0.020623198343661157 0.0089196001326125492 0.29999999999999993)
(0.016815920219834132 0.016815920219834132 0.29999999999999999)
(0.018664792377344582 -0.00821255261725236 0.29999999999999999)
(0.019740343696777671 -8.3661874962146496e-19 0.29999999999999999)
(0.018664792377344582 0.00821255261725236 0.29999999999999999)
(0.015601890887146331 0.015601890887146331 0.29999999999999999)
(0.016380254946357167 -0.0073877611582245564 0.29999999999999999)
(0.01715088592620306 -5.9943613580248814e-19 0.29999999999999999)
(0.016380254946357167 0.0073877611582245555 0.29999999999999999)
(0.014185690415668795 0.014185690415668795 0.29999999999999999)
(0.013715275691111731 -0.0064256179696742686 0.29999999999999999)
(0.014130208240071758 -3.2275572910008438e-19 0.29999999999999999)
(0.013715275691111733 0.0064256179696742686 0.29999999999999999)
(0.012533651439828866 0.012533651439828866 0.29999999999999999)
(0.016667026825509145 0.024944020691447938 0.255)
(0.011480481060497283 0.02771640784526334 0.255)
(0.0058527051470355501 0.029423606067809017 0.255)
(-5.3290705182007515e-18 0.029999999999999999 0.255)
(0.016271287516252141 0.024292755579391652 0.255)
(0.011199887562821495 0.026939210288592003 0.255)
(0.0057072998244888295 0.028568861028163736 0.255)
(-5.0870037213756883e-18 0.02911907293998206 0.255)
(0.015809646119902054 0.023533035913715201 0.255)
(0.010872567099466459 0.02603258676924727 0.255)
(0.0055376802932291498 0.027571776117983875 0.255)
(-4.8046257733620795e-18 0.028091445942722719 0.255)
(0.01527112802518921 0.022646800861766556 0.255)
(0.010490738273715295 0.024974984105968944 0.25500000000000012)
(0.0053398141843354419 0.026408647615335932 0.255)
(-4.4752236968682916e-18 0.026892689208567293 0.255)
(0.014642931029369472 0.02161298193777822 0.255)
(0.010045323860329313 0.023741259886921738 0.255)
(0.005108997622363002 0.025051824440238409 0.255)
(-4.0909666089416134e-18 0.025494304666787568 0.255)
(0.013910120991171272 0.02040700214128249 0.255)
(0.009525735012468806 0.022302084758574807 0.255)
(0.0048397434000070324 0.023469050804917287 0.255)
(-3.6427195572121907e-18 0.023863048490307164 0.255)
(0.013055276801120194 0.019000191687528124 0.255)
(0.0089196195327996275 0.020623245178322428 0.255)
(0.0045256505306003067 0.021622699396239741 0.255)
(-3.1198263544654401e-18 0.021960140789454883 0.255)
(0.012058076229112679 0.017359106440044403 0.255)
(0.008212568224428925 0.018664830055168245 0.255)
(0.0041592520773135735 0.019468876860755109 0.255)
(-2.5098562488643945e-18 0.019740343696777671 0.255)
(0.010894812803584003 0.015444732842434684 0.255)
(0.0073877723407442105 0.016380281942463857 0.255)
(0.0037318376414988263 0.016956380327018825 0.255)
(-1.7983084074074643e-18 0.017150885926203063 0.255)
(0.0095378322370280148 0.01321156044822515 0.255)
(0.0064256239907031472 0.013715290226685379 0.255)
(0.0032332462901868814 0.014025480158581119 0.255)
(-9.6826718730025315e-19 0.014130208240071758 0.255)
(0.016667026825509145 0.024944020691447938 0.27000000000000002)
(0.011480481060497283 0.02771640784526334 0.27000000000000002)
(0.0058527051470355501 0.029423606067809017 0.27000000000000002)
(-5.3290705182007515e-18 0.029999999999999999 0.27000000000000002)
(0.016271287516252141 0.024292755579391652 0.26999999999999996)
(0.011199887562821495 0.026939210288592003 0.27000000000000002)
(0.0057072998244888295 0.028568861028163733 0.26999999999999996)
(-5.0870037213756883e-18 0.02911907293998206 0.27000000000000002)
(0.015809646119902054 0.023533035913715201 0.27000000000000002)
(0.010872567099466459 0.02603258676924727 0.27000000000000002)
(0.005537680293229149 0.027571776117983879 0.27000000000000002)
(-4.8046257733620803e-18 0.028091445942722719 0.27000000000000002)
(0.01527112802518921 0.022646800861766556 0.27000000000000002)
(0.010490738273715295 0.024974984105968944 0.27000000000000007)
(0.0053398141843354419 0.026408647615335932 0.27000000000000002)
(-4.4752236968682916e-18 0.026892689208567293 0.27000000000000002)
(0.014642931029369472 0.02161298193777822 0.27000000000000002)
(0.010045323860329313 0.023741259886921738 0.27000000000000002)
(0.005108997622363002 0.025051824440238409 0.27000000000000002)
(-4.0909666089416134e-18 0.025494304666787568 0.27000000000000007)
(0.013910120991171272 0.020407002141282486 0.27000000000000002)
(0.009525735012468806 0.0223020847585748 0.27000000000000002)
(0.0048397434000070332 0.023469050804917287 0.27000000000000002)
(-3.6427195572121899e-18 0.023863048490307164 0.27000000000000002)
(0.013055276801120192 0.019000191687528128 0.27000000000000002)
(0.0089196195327996275 0.020623245178322428 0.27000000000000002)
(0.0045256505306003067 0.021622699396239741 0.27000000000000002)
(-3.1198263544654401e-18 0.021960140789454883 0.27000000000000002)
(0.012058076229112679 0.017359106440044403 0.27000000000000002)
(0.008212568224428925 0.018664830055168242 0.27000000000000002)
(0.0041592520773135735 0.019468876860755109 0.27000000000000002)
(-2.5098562488643945e-18 0.019740343696777671 0.27000000000000002)
(0.010894812803584005 0.015444732842434685 0.27000000000000002)
(0.0073877723407442105 0.016380281942463857 0.27000000000000002)
(0.0037318376414988263 0.016956380327018825 0.27000000000000002)
(-1.7983084074074643e-18 0.017150885926203063 0.27000000000000002)
(0.0095378322370280131 0.01321156044822515 0.27000000000000002)
(0.0064256239907031472 0.013715290226685379 0.27000000000000002)
(0.0032332462901868814 0.014025480158581119 0.27000000000000002)
(-9.6826718730025315e-19 0.014130208240071759 0.27000000000000002)
(0.016667026825509145 0.024944020691447938 0.28500000000000003)
(0.011480481060497283 0.02771640784526334 0.28500000000000003)
(0.0058527051470355501 0.029423606067809017 0.28500000000000003)
(-5.3290705182007515e-18 0.029999999999999999 0.28500000000000003)
(0.016271287516252141 0.024292755579391652 0.28500000000000003)
(0.011199887562821495 0.026939210288592003 0.28500000000000003)
(0.0057072998244888295 0.028568861028163733 0.28500000000000003)
(-5.0870037213756883e-18 0.02911907293998206 0.28500000000000003)
(0.015809646119902054 0.023533035913715201 0.28500000000000003)
(0.010872567099466459 0.026032586769247273 0.28500000000000003)
(0.0055376802932291498 0.027571776117983875 0.28500000000000003)
(-4.8046257733620803e-18 0.028091445942722719 0.28500000000000009)
(0.01527112802518921 0.022646800861766556 0.28500000000000003)
(0.010490738273715295 0.024974984105968944 0.28500000000000009)
(0.0053398141843354419 0.026408647615335932 0.28500000000000003)
(-4.4752236968682916e-18 0.026892689208567293 0.28500000000000003)
(0.014642931029369472 0.02161298193777822 0.28500000000000003)
(0.010045323860329313 0.023741259886921731 0.28500000000000003)
(0.005108997622363002 0.025051824440238409 0.28500000000000003)
(-4.0909666089416134e-18 0.025494304666787568 0.28500000000000003)
(0.013910120991171272 0.02040700214128249 0.28500000000000003)
(0.009525735012468806 0.022302084758574807 0.28500000000000003)
(0.0048397434000070324 0.023469050804917294 0.28500000000000003)
(-3.6427195572121907e-18 0.023863048490307168 0.28500000000000003)
(0.013055276801120192 0.019000191687528128 0.28500000000000003)
(0.0089196195327996275 0.020623245178322428 0.28500000000000003)
(0.0045256505306003067 0.021622699396239741 0.28500000000000003)
(-3.1198263544654401e-18 0.021960140789454883 0.28499999999999998)
(0.012058076229112679 0.017359106440044403 0.28500000000000003)
(0.008212568224428925 0.018664830055168242 0.28500000000000003)
(0.0041592520773135735 0.019468876860755109 0.28500000000000003)
(-2.5098562488643945e-18 0.019740343696777671 0.28500000000000003)
(0.010894812803584005 0.015444732842434684 0.28499999999999998)
(0.0073877723407442105 0.016380281942463857 0.28500000000000003)
(0.0037318376414988263 0.016956380327018825 0.28500000000000003)
(-1.7983084074074643e-18 0.017150885926203063 0.28500000000000003)
(0.0095378322370280131 0.01321156044822515 0.28500000000000003)
(0.0064256239907031472 0.013715290226685379 0.28500000000000003)
(0.0032332462901868814 0.014025480158581119 0.28500000000000003)
(-9.6826718730025315e-19 0.014130208240071758 0.28500000000000003)
(0.016667026825509145 0.024944020691447938 0.29999999999999999)
(0.011480481060497283 0.02771640784526334 0.29999999999999999)
(0.0058527051470355501 0.029423606067809017 0.29999999999999999)
(0 0.029999999999999999 0.29999999999999999)
(0.016271287516252141 0.024292755579391652 0.30000000000000004)
(0.011199887562821495 0.026939210288592003 0.29999999999999999)
(0.0057072998244888295 0.028568861028163733 0.30000000000000004)
(-5.0870037213756883e-18 0.02911907293998206 0.29999999999999999)
(0.015809646119902054 0.023533035913715201 0.29999999999999999)
(0.010872567099466459 0.026032586769247273 0.29999999999999999)
(0.005537680293229149 0.027571776117983875 0.29999999999999999)
(-4.8046257733620803e-18 0.028091445942722719 0.30000000000000004)
(0.01527112802518921 0.022646800861766563 0.29999999999999999)
(0.010490738273715295 0.024974984105968944 0.29999999999999999)
(0.0053398141843354419 0.026408647615335932 0.29999999999999999)
(-4.4752236968682916e-18 0.026892689208567293 0.29999999999999999)
(0.014642931029369472 0.02161298193777822 0.29999999999999999)
(0.010045323860329313 0.023741259886921738 0.29999999999999999)
(0.005108997622363002 0.025051824440238409 0.29999999999999999)
(-4.0909666089416134e-18 0.025494304666787568 0.29999999999999999)
(0.013910120991171272 0.02040700214128249 0.29999999999999999)
(0.009525735012468806 0.022302084758574807 0.29999999999999999)
(0.0048397434000070324 0.023469050804917287 0.29999999999999999)
(-3.6427195572121899e-18 0.023863048490307164 0.29999999999999993)
(0.013055276801120192 0.019000191687528128 0.29999999999999999)
(0.0089196195327996275 0.020623245178322425 0.29999999999999999)
(0.0045256505306003067 0.021622699396239741 0.29999999999999993)
(-3.1198263544654401e-18 0.021960140789454883 0.29999999999999999)
(0.012058076229112679 0.017359106440044403 0.29999999999999999)
(0.008212568224428925 0.018664830055168242 0.29999999999999999)
(0.0041592520773135735 0.019468876860755109 0.29999999999999999)
(-2.5098562488643945e-18 0.019740343696777671 0.29999999999999999)
(0.010894812803584005 0.015444732842434684 0.29999999999999999)
(0.0073877723407442097 0.016380281942463857 0.29999999999999999)
(0.0037318376414988263 0.016956380327018825 0.29999999999999999)
(-1.7983084074074643e-18 0.017150885926203063 0.29999999999999999)
(0.0095378322370280131 0.013211560448225145 0.29999999999999999)
(0.0064256239907031472 0.013715290226685379 0.29999999999999999)
(0.0032332462901868814 0.014025480158581119 0.29999999999999999)
(-9.6826718730025315e-19 0.014130208240071758 0.29999999999999999)
(0 -0.013204875000000001 0.3075)
(0.0033012187500000003 -0.013204875000000001 0.3075)
(0.0066024375000000007 -0.013204875000000001 0.3075)
(0.0099036562500000019 -0.013204875000000001 0.3075)
(0.013204875000000001 -0.013204875000000001 0.3075)
(0 -0.0066024374999999998 0.3075)
(0.0033012187500000003 -0.0066024374999999998 0.3075)
(0.0066024375000000007 -0.0066024374999999981 0.3075)
(0.0099036562500000019 -0.0066024375000000007 0.3075)
(0.013204875000000001 -0.0066024375000000007 0.3075)
(0 0 0.3075)
(0.0033012187500000003 0 0.3075)
(0.0066024375000000007 0 0.3075)
(0.0099036562500000001 0 0.3075)
(0.013204875000000001 0 0.3075)
(0 0.0066024375000000007 0.3075)
(0.0033012187500000003 0.0066024374999999998 0.3075)
(0.0066024375000000007 0.0066024375000000007 0.3075)
(0.0099036562500000019 0.0066024375000000007 0.3075)
(0.013204875000000001 0.0066024375000000007 0.3075)
(0 0.013204875000000001 0.3075)
(0.0033012187500000003 0.013204875000000001 0.3075)
(0.0066024375000000007 0.013204875000000001 0.3075)
(0.0099036562500000019 0.013204875000000001 0.3075)
(0.013204875000000001 0.013204875000000001 0.3075)
(0 -0.015803250000000001 0.315)
(0.0039508125000000003 -0.015803250000000001 0.315)
(0.0079016250000000007 -0.015803250000000001 0.315)
(0.0118524375 -0.015803250000000001 0.315)
(0.015803250000000001 -0.015803250000000001 0.315)
(0 -0.0079016249999999989 0.315)
(0.0039508125000000003 -0.0079016250000000007 0.315)
(0.0079016250000000007 -0.0079016250000000024 0.315)
(0.0118524375 -0.0079016249999999989 0.315)
(0.015803250000000001 -0.0079016250000000007 0.315)
(0 0 0.315)
(0.0039508125000000003 0 0.315)
(0.0079016250000000007 0 0.315)
(0.0118524375 7.4014868308343767e-20 0.315)
(0.015803250000000001 0 0.315)
(0 0.0079016250000000007 0.315)
(0.0039508125000000003 0.0079016250000000007 0.315)
(0.0079016250000000007 0.0079016249999999989 0.315)
(0.0118524375 0.0079016250000000007 0.315)
(0.015803250000000001 0.0079016249999999989 0.315)
(0 0.015803250000000001 0.315)
(0.0039508125000000003 0.015803250000000001 0.315)
(0.0079016250000000007 0.015803250000000001 0.315)
(0.0118524375 0.015803250000000001 0.315)
(0.015803250000000001 0.015803250000000001 0.315)
(0 -0.018401625000000001 0.32250000000000001)
(0.0046004062500000003 -0.018401625000000001 0.32250000000000001)
(0.0092008125000000007 -0.018401625000000001 0.32250000000000001)
(0.013801218749999998 -0.018401625000000001 0.32250000000000001)
(0.018401625000000001 -0.018401625000000001 0.32250000000000001)
(0 -0.0092008125000000007 0.32250000000000001)
(0.0046004062500000003 -0.0092008125000000007 0.32250000000000001)
(0.0092008125000000007 -0.0092008125000000041 0.32250000000000001)
(0.013801218750000002 -0.0092008125000000007 0.32250000000000001)
(0.018401625000000001 -0.0092008125000000007 0.32250000000000001)
(0 0 0.32250000000000001)
(0.0046004062500000003 0 0.32250000000000001)
(0.0092008125000000007 0 0.32250000000000001)
(0.013801218750000002 1.4802973661668753e-19 0.32250000000000001)
(0.018401625000000001 0 0.32250000000000001)
(0 0.0092008125000000007 0.32250000000000001)
(0.0046004062500000003 0.0092008125000000007 0.32250000000000001)
(0.0092008125000000007 0.0092008125000000041 0.32250000000000001)
(0.013801218749999998 0.0092008125000000007 0.32250000000000001)
(0.018401625000000001 0.0092008125000000007 0.32250000000000001)
(0 0.018401625000000001 0.32250000000000001)
(0.0046004062500000003 0.018401625000000001 0.32250000000000001)
(0.0092008125000000007 0.018401625000000001 0.32250000000000001)
(0.013801218749999998 0.018401625000000001 0.32250000000000001)
(0.018401625000000001 0.018401625000000001 0.32250000000000001)
(0 -0.021000000000000001 0.33000000000000002)
(0.0052500000000000003 -0.021000000000000001 0.33000000000000002)
(0.010500000000000001 -0.021000000000000001 0.33000000000000002)
(0.01575 -0.021000000000000001 0.33000000000000002)
(0.021000000000000001 -0.021000000000000001 0.33000000000000002)
(0 -0.010500000000000001 0.33000000000000002)
(0.0052500000000000003 -0.010500000000000001 0.33000000000000002)
(0.010500000000000001 -0.010500000000000001 0.33000000000000002)
(0.01575 -0.010500000000000001 0.33000000000000002)
(0.021000000000000001 -0.010500000000000001 0.33000000000000002)
(0 0 0.33000000000000002)
(0.0052500000000000003 0 0.33000000000000002)
(0.010500000000000001 0 0.33000000000000002)
(0.01575 0 0.33000000000000002)
(0.021000000000000001 0 0.33000000000000002)
(0 0.010500000000000001 0.33000000000000002)
(0.0052500000000000003 0.010500000000000001 0.33000000000000002)
(0.010500000000000001 0.010500000000000001 0.33000000000000002)
(0.01575 0.010500000000000001 0.33000000000000002)
(0.021000000000000001 0.010500000000000001 0.33000000000000002)
(0 0.021000000000000001 0.33000000000000002)
(0.0052500000000000003 0.021000000000000001 0.33000000000000002)
(0.010500000000000001 0.021000000000000001 0.33000000000000002)
(0.01575 0.021000000000000001 0.33000000000000002)
(0.021000000000000001 0.021000000000000001 0.33000000000000002)
(0 -0.033000000000000002 0.3075)
(0.0070145288602766693 -0.032567704550856752 0.3075)
(0.013860360795372968 -0.0312873058839475 0.3075)
(0.020375270119131865 -0.029208015518585952 0.3075)
(0.026409750000000003 -0.026409750000000003 0.3075)
(0 -0.032100829593990889 0.3075)
(0.0068458560906177156 -0.031688170660127149 0.3075)
(0.013530678116618301 -0.030465932605448342 0.3075)
(0.01989960930394237 -0.028481091573548084 0.3075)
(0.02580993399403644 -0.02580993399403644 0.3075)
(0 -0.031051921203853822 0.3075)
(0.0066490944066248123 -0.030662168835299687 0.3075)
(0.013146093698005738 -0.029507776823747233 0.3075)
(0.019344737150035381 -0.027633113682098174 0.3075)
(0.025110231204677376 -0.025110231204677376 0.3075)
(0 -0.029828339106903898 0.3075)
(0.0064195661883711926 -0.029465307911980373 0.3075)
(0.012697464805525686 -0.028390060279955127 0.30750000000000005)
(0.018697462669250729 -0.026643922846803347 0.3075)
(0.024294007581817625 -0.024294007581817625 0.3075)
(0 -0.028400995058506365 0.30750000000000005)
(0.0061518148563761785 -0.028069134888594499 0.3075)
(0.012174126174454833 -0.027086211473606993 0.3075)
(0.017942398190838878 -0.025490003011749356 0.30750000000000005)
(0.023341859022963693 -0.023341859022963693 0.30750000000000005)
(0 -0.026735956776584514 0.3075)
(0.0058394751522188124 -0.026440458512542103 0.3075)
(0.011563636463778676 -0.025565233977785245 0.3075)
(0.017061593550019058 -0.024143922014815997 0.3075)
(0.022231150079070044 -0.022231150079070044 0.3075)
(0 -0.024793641268716742 0.3075)
(0.0054751218171066275 -0.024540560223805376 0.3075)
(0.010851482487912512 -0.023790969560367393 0.3075)
(0.016034109358309331 -0.022573679442271666 0.30749999999999994)
(0.020935475841501173 -0.020935475841501173 0.3075)
(0 -0.022527873824769951 0.3075)
(0.0050500930710318586 -0.022324273697753031 0.3075)
(0.010020734194415045 -0.02172123859356288 0.3075)
(0.014835519210974538 -0.020741945882220003 0.3075)
(0.019424034217546449 -0.019424034217546449 0.3075)
(0 -0.019884790304479871 0.3075)
(0.0045542846960810162 -0.019738911105091697 0.3075)
(0.0090516421854719489 -0.019306837316675471 0.3075)
(0.013437328997558685 -0.018605175491653591 0.3075)
(0.017660893671579175 -0.017660893671579175 0.3075)
(0 -0.016801556624036429 0.3075)
(0.0039759098286358142 -0.016723010562918448 0.3075)
(0.0079211682150186653 -0.01649036811399664 0.3075)
(0.011806299510757968 -0.016112570780151471 0.3075)
(0.01560413902385426 -0.01560413902385426 0.3075)
(0 -0.036000000000000004 0.315)
(0.008176352573517778 -0.035711803033904505 0.315)
(0.016240240530248647 -0.03485820392263167 0.315)
(0.024083513412754578 -0.033472010345723967 0.315)
(0.031606500000000003 -0.031606500000000003 0.315)
(0 -0.035082586247999731 0.315)
(0.0079844123567465921 -0.034807480292090562 0.315)
(0.015861468670415099 -0.033992654922304688 0.315)
(0.023527931091632596 -0.032669427567704516 0.315)
(0.030888655848030088 -0.030888655848030088 0.315)
(0 -0.034012396464984926 0.315)
(0.0077605085200204687 -0.033752561552615509 0.315)
(0.015419620296545013 -0.032982966878247193 0.315)
(0.022879828180168704 -0.031733191450481153 0.315)
(0.030051269798867294 -0.030051269798867294 0.315)
(0 -0.032763989005240496 0.315)
(0.0074993181924069363 -0.032521968208624803 0.315)
(0.014904191337336073 -0.03180513645394132 0.31500000000000006)
(0.022123797313312241 -0.03064104483184012 0.315)
(0.02907443465518298 -0.02907443465518298 0.315)
(0 -0.031307685450225164 0.315)
(0.0071946320903893499 -0.031086445336950586 0.315)
(0.014302928488580349 -0.030431163060292254 0.315)
(0.021241865352308278 -0.029367024085720499 0.315)
(0.027934928093196719 -0.027934928093196719 0.315)
(0 -0.029608865062861849 0.315)
(0.0068392069044305856 -0.029411866220166904 0.315)
(0.013601537915088537 -0.028828383196995669 0.315)
(0.020213066108866841 -0.027880841888349505 0.315)
(0.026605660597852205 -0.026605660597852205 0.315)
(0 -0.027627141747978597 0.315)
(0.0064245931036129448 -0.027458421051371026 0.315)
(0.012783345443025394 -0.026958693942412366 0.315)
(0.019012941915498464 -0.026147167197015219 0.315)
(0.025055031463168221 -0.025055031463168221 0.315)
(0 -0.025315403952762241 0.315)
(0.0059409340647501386 -0.025179670534750953 0.315)
(0.011828900164401163 -0.024777647131957518 0.315)
(0.017612962192836392 -0.0241247853243956 0.315)
(0.023246177547946563 -0.023246177547946563 0.315)
(0 -0.022618694682756683 0.315)
(0.0053767317506632018 -0.022521441883164562 0.315)
(0.01071551203019968 -0.022233392690887078 0.315)
(0.015979845191533365 -0.021765618140872491 0.315)
(0.021136096927489547 -0.021136096927489547 0.315)
(0 -0.019472905008001095 0.315)
(0.0047185733670847456 -0.019420540967255775 0.315)
(0.0094167124393341843 -0.019265446001307907 0.315)
(0.014074766784487918 -0.019013581112077786 0.315)
(0.018674626607879653 -0.018674626607879653 0.315)
(0 -0.039 0.32250000000000001)
(0.0093381762867588893 -0.03885590151695225 0.32250000000000001)
(0.018620120265124322 -0.03842910196131584 0.32250000000000001)
(0.027791756706377287 -0.037736005172861978 0.32250000000000001)
(0.036803250000000003 -0.036803250000000003 0.32250000000000001)
(0 -0.038064342902008552 0.32250000000000001)
(0.0091229686228754703 -0.037926789924053982 0.32250000000000001)
(0.018192259224211894 -0.037519377239161038 0.32250000000000006)
(0.027156252879322822 -0.036857763561860948 0.32250000000000001)
(0.03596737770202374 -0.03596737770202374 0.32250000000000001)
(0 -0.036972871726116026 0.32250000000000001)
(0.0088719226334161242 -0.036842954269931318 0.32250000000000001)
(0.017693146895084288 -0.036458156932747156 0.32250000000000001)
(0.026414919210302028 -0.035833269218864157 0.32250000000000001)
(0.034992308393057212 -0.034992308393057212 0.32250000000000001)
(0 -0.035699638903577094 0.32249999999999995)
(0.0085790701964426792 -0.035578628505269258 0.32250000000000001)
(0.017110917869146459 -0.035220212627927502 0.32250000000000001)
(0.025550131957373753 -0.034638166816876904 0.32250000000000001)
(0.03385486172854834 -0.03385486172854834 0.32249999999999995)
(0 -0.034214375841943971 0.32250000000000001)
(0.0082374493244025213 -0.034103755785306673 0.32250000000000001)
(0.016431730802705869 -0.033776114646977495 0.32250000000000001)
(0.024541332513777676 -0.033244045159691628 0.32250000000000001)
(0.032527997163429745 -0.032527997163429745 0.32250000000000001)
(0 -0.032481773349139188 0.32250000000000001)
(0.0078389386566423604 -0.032383273927791723 0.32250000000000001)
(0.015639439366398403 -0.03209153241620611 0.32250000000000001)
(0.023364538667714617 -0.031617761761883016 0.32250000000000006)
(0.030980171116634366 -0.030980171116634366 0.32250000000000001)
(0 -0.030460642227240455 0.32250000000000001)
(0.0073740643901192612 -0.030376281878936671 0.32250000000000001)
(0.014715208398138275 -0.030126418324457338 0.32250000000000001)
(0.0219917744726876 -0.029720654951758765 0.32250000000000001)
(0.029174587084835266 -0.029174587084835266 0.32250000000000001)
(0 -0.028102934080754521 0.32250000000000001)
(0.0068317750584684202 -0.028035067371748868 0.32250000000000001)
(0.013637066134387281 -0.027834055670352163 0.32250000000000001)
(0.020390405174698242 -0.027507624766571193 0.32250000000000001)
(0.027068320878346683 -0.027068320878346683 0.32250000000000001)
(0 -0.025352599061033491 0.32250000000000001)
(0.0061991788052453882 -0.02530397266123743 0.32250000000000001)
(0.012379381874927415 -0.025159948065098688 0.32250000000000001)
(0.018522361385508047 -0.024926060790091395 0.32250000000000001)
(0.024611300183399923 -0.024611300183399923 0.32250000000000001)
(0 -0.022144253391965765 0.32250000000000001)
(0.0054612369055336779 -0.022118071371593107 0.32250000000000001)
(0.010912256663649702 -0.022040523888619171 0.32250000000000001)
(0.016343234058217873 -0.021914591444004119 0.32250000000000001)
(0.021745114191905047 -0.021745114191905047 0.32250000000000001)
(0 -0.042000000000000003 0.33000000000000002)
(0.010500000000000001 -0.042000000000000003 0.33000000000000002)
(0.021000000000000001 -0.042000000000000003 0.33000000000000002)
(0.0315 -0.042000000000000003 0.33000000000000002)
(0.042000000000000003 -0.042000000000000003 0.33000000000000002)
(0 -0.041046099556017394 0.33000000000000002)
(0.010261524889004349 -0.041046099556017387 0.33000000000000007)
(0.020523049778008697 -0.041046099556017394 0.33000000000000002)
(0.030784574667013037 -0.041046099556017394 0.33000000000000007)
(0.041046099556017394 -0.041046099556017394 0.33000000000000002)
(0 -0.039933346987247126 0.33000000000000002)
(0.0099833367468117815 -0.039933346987247126 0.33000000000000007)
(0.019966673493623563 -0.039933346987247126 0.33000000000000002)
(0.029950010240435348 -0.039933346987247126 0.33000000000000007)
(0.039933346987247126 -0.039933346987247126 0.33000000000000002)
(0 -0.038635288801913692 0.32999999999999996)
(0.009658822200478423 -0.038635288801913699 0.33000000000000002)
(0.019317644400956846 -0.038635288801913685 0.33000000000000002)
(0.028976466601435272 -0.038635288801913699 0.33000000000000002)
(0.038635288801913692 -0.038635288801913692 0.32999999999999996)
(0 -0.037121066233662764 0.33000000000000002)
(0.009280266558415691 -0.037121066233662764 0.32999999999999996)
(0.018560533116831382 -0.037121066233662764 0.33000000000000002)
(0.02784079967524708 -0.037121066233662764 0.32999999999999996)
(0.037121066233662764 -0.037121066233662764 0.33000000000000002)
(0 -0.035354681635416531 0.33000000000000002)
(0.0088386704088541327 -0.035354681635416531 0.33000000000000002)
(0.017677340817708265 -0.035354681635416524 0.33000000000000002)
(0.0265160112265624 -0.035354681635416531 0.33000000000000002)
(0.035354681635416531 -0.035354681635416531 0.33000000000000002)
(0 -0.033294142706502307 0.33000000000000002)
(0.0083235356766255767 -0.033294142706502307 0.33000000000000002)
(0.016647071353251153 -0.033294142706502321 0.33000000000000002)
(0.024970607029876732 -0.033294142706502307 0.33000000000000002)
(0.033294142706502307 -0.033294142706502307 0.33000000000000002)
(0 -0.030890464208746797 0.33000000000000002)
(0.0077226160521866993 -0.030890464208746804 0.33000000000000002)
(0.015445232104373399 -0.030890464208746797 0.33000000000000002)
(0.0231678481565601 -0.030890464208746804 0.33000000000000002)
(0.030890464208746797 -0.030890464208746797 0.33000000000000002)
(0 -0.028086503439310295 0.33000000000000002)
(0.0070216258598275738 -0.028086503439310295 0.33000000000000002)
(0.014043251719655148 -0.028086503439310302 0.33000000000000002)
(0.021064877579482725 -0.028086503439310295 0.33000000000000007)
(0.028086503439310295 -0.028086503439310295 0.33000000000000002)
(0 -0.024815601775930438 0.33000000000000002)
(0.0062039004439826094 -0.024815601775930438 0.33000000000000002)
(0.012407800887965219 -0.024815601775930438 0.33000000000000002)
(0.018611701331947828 -0.024815601775930438 0.33000000000000002)
(0.024815601775930438 -0.024815601775930438 0.33000000000000002)
(0.031287245884162852 -0.013860335941834676 0.3075)
(0.033000000000000002 -1.3322676295501879e-18 0.3075)
(0.031287245884162852 0.013860335941834674 0.3075)
(0.026409750000000003 0.026409750000000003 0.3075)
(0.030465875331083747 -0.013530654392022924 0.3075)
(0.032100829593990896 -1.2717509303439221e-18 0.3075)
(0.030465875331083751 0.013530654392022924 0.3075)
(0.02580993399403644 0.02580993399403644 0.3075)
(0.029507722728664278 -0.013146071290355055 0.3075)
(0.031051921203853822 -1.2011564433405199e-18 0.3075)
(0.029507722728664278 0.013146071290355053 0.3075)
(0.025110231204677376 0.025110231204677376 0.3075)
(0.028390009893596541 -0.012697443934129233 0.3075)
(0.029828339106903898 -1.1188059242170729e-18 0.30750000000000005)
(0.028390009893596538 0.012697443934129233 0.3075)
(0.024294007581817625 0.024294007581817625 0.3075)
(0.027086165413583073 -0.012174107095143549 0.3075)
(0.028400995058506372 -1.0227416522354034e-18 0.3075)
(0.027086165413583073 0.012174107095143548 0.30750000000000005)
(0.023341859022963693 0.023341859022963693 0.30750000000000005)
(0.025565192964556338 -0.011563619474986785 0.3075)
(0.026735956776584521 -9.1067988930304767e-19 0.3075)
(0.025565192964556338 0.011563619474986781 0.3075)
(0.022231150079070044 0.022231150079070044 0.3075)
(0.023790934434371445 -0.010851467937772202 0.3075)
(0.024793641268716742 -7.7995658861636001e-19 0.3075)
(0.023790934434371448 0.0108514679377722 0.30749999999999994)
(0.020935475841501173 0.020935475841501173 0.3075)
(0.02172121033519514 -0.010020722489032619 0.3075)
(0.022527873824769947 -6.2746406221609862e-19 0.3075)
(0.02172121033519514 0.010020722489032619 0.3075)
(0.019424034217546449 0.019424034217546449 0.3075)
(0.019306817069595455 -0.0090516337985822055 0.3075)
(0.019884790304479871 -4.4957710185186608e-19 0.3075)
(0.019306817069595455 0.0090516337985822037 0.3075)
(0.017660893671579175 0.017660893671579175 0.3075)
(0.016490357212316408 -0.0079211636992470077 0.3075)
(0.016801556624036429 -2.4206679682506329e-19 0.3075)
(0.016490357212316408 0.0079211636992470059 0.3075)
(0.01560413902385426 0.01560413902385426 0.3075)
(0.034858163922775236 -0.016240223961223117 0.315)
(0.036000000000000004 -8.8817841970012525e-19 0.315)
(0.034858163922775236 0.016240223961223117 0.315)
(0.031606500000000003 0.031606500000000003 0.315)
(0.033992616739394958 -0.015861452854018181 0.315)
(0.035082586247999731 -8.4783395356261465e-19 0.315)
(0.033992616739394965 0.015861452854018181 0.315)
(0.030888655848030088 0.030888655848030088 0.315)
(0.032982930814858563 -0.015419605358111228 0.315)
(0.034012396464984926 -8.0077096222701334e-19 0.315)
(0.032982930814858563 0.015419605358111228 0.315)
(0.030051269798867294 0.030051269798867294 0.315)
(0.031805102863035589 -0.014904177423071771 0.315)
(0.032763989005240496 -7.458706161447152e-19 0.31500000000000006)
(0.031805102863035589 0.014904177423071771 0.315)
(0.02907443465518298 0.02907443465518298 0.315)
(0.030431132353609634 -0.014302915769039495 0.315)
(0.031307685450225164 -6.818277681569356e-19 0.315)
(0.030431132353609634 0.014302915769039495 0.315)
(0.027934928093196719 0.027934928093196719 0.315)
(0.028828355854843064 -0.013601526589227277 0.315)
(0.029608865062861849 -6.0711992620203168e-19 0.315)
(0.028828355854843064 0.013601526589227277 0.315)
(0.026605660597852205 0.026605660597852205 0.315)
(0.026958670525081736 -0.012783335742931853 0.315)
(0.0276271417479786 -5.1997105907757337e-19 0.315)
(0.026958670525081736 0.012783335742931851 0.315)
(0.025055031463168221 0.025055031463168221 0.315)
(0.024777628293045688 -0.011828892360812878 0.315)
(0.025315403952762234 -4.1830937481073248e-19 0.315)
(0.024777628293045688 0.011828892360812878 0.315)
(0.023246177547946563 0.023246177547946563 0.315)
(0.02223337919283374 -0.010715506438939853 0.315)
(0.022618694682756679 -2.9971806790124407e-19 0.315)
(0.02223337919283374 0.010715506438939855 0.315)
(0.021136096927489547 0.021136096927489547 0.315)
(0.019265438733521083 -0.0094167094288197441 0.315)
(0.019472905008001102 -1.6137786455004219e-19 0.315)
(0.019265438733521083 0.0094167094288197424 0.315)
(0.018674626607879653 0.018674626607879653 0.315)
(0.038429081961387619 -0.018620111980611559 0.32250000000000001)
(0.039 -4.4408920985006263e-19 0.32250000000000001)
(0.038429081961387619 0.018620111980611559 0.32250000000000001)
(0.036803250000000003 0.036803250000000003 0.32250000000000001)
(0.037519358147706176 -0.018192251316013441 0.32250000000000001)
(0.038064342902008545 -4.2391697678130733e-19 0.32250000000000006)
(0.037519358147706169 0.018192251316013441 0.32250000000000001)
(0.03596737770202374 0.03596737770202374 0.32250000000000001)
(0.036458138901052851 -0.017693139425867397 0.32250000000000001)
(0.036972871726116026 -4.0038548111350667e-19 0.32250000000000001)
(0.036458138901052851 0.017693139425867397 0.32250000000000001)
(0.034992308393057212 0.034992308393057212 0.32250000000000001)
(0.035220195832474641 -0.017110910912014308 0.32250000000000001)
(0.035699638903577094 -3.729353080723576e-19 0.32250000000000001)
(0.035220195832474641 0.017110910912014304 0.32250000000000001)
(0.03385486172854834 0.03385486172854834 0.32249999999999995)
(0.033776099293636203 -0.016431724442935437 0.32250000000000001)
(0.034214375841943971 -3.409138840784678e-19 0.32250000000000001)
(0.033776099293636203 0.01643172444293544 0.32250000000000001)
(0.032527997163429745 0.032527997163429745 0.32250000000000001)
(0.032091518745129798 -0.015639433703467771 0.32250000000000001)
(0.032481773349139188 -3.0355996310101589e-19 0.32250000000000001)
(0.032091518745129798 0.015639433703467771 0.32250000000000006)
(0.030980171116634366 0.030980171116634366 0.32250000000000001)
(0.030126406615792026 -0.014715203548091508 0.32250000000000001)
(0.030460642227240452 -2.5998552953878669e-19 0.32250000000000001)
(0.030126406615792026 0.014715203548091502 0.32250000000000001)
(0.029174587084835266 0.029174587084835266 0.32250000000000001)
(0.027834046250896236 -0.013637062232593138 0.32250000000000001)
(0.028102934080754517 -2.0915468740536624e-19 0.32250000000000001)
(0.027834046250896242 0.013637062232593139 0.32250000000000001)
(0.027068320878346683 0.027068320878346683 0.32250000000000001)
(0.025159941316072014 -0.0123793790792975 0.32250000000000001)
(0.025352599061033491 -1.4985903395062204e-19 0.32250000000000001)
(0.025159941316072014 0.0123793790792975 0.32250000000000001)
(0.024611300183399923 0.024611300183399923 0.32250000000000001)
(0.022040520254725762 -0.010912255158392482 0.32250000000000001)
(0.022144253391965768 -8.0688932275021096e-20 0.32250000000000001)
(0.022040520254725762 0.010912255158392481 0.32250000000000001)
(0.021745114191905047 0.021745114191905047 0.32250000000000001)
(0.042000000000000003 -0.021000000000000001 0.33000000000000002)
(0.042000000000000003 0 0.33000000000000002)
(0.042000000000000003 0.021000000000000001 0.33000000000000002)
(0.042000000000000003 0.042000000000000003 0.33000000000000002)
(0.041046099556017387 -0.020523049778008694 0.33000000000000007)
(0.041046099556017394 0 0.33000000000000002)
(0.041046099556017394 0.020523049778008694 0.33000000000000007)
(0.041046099556017394 0.041046099556017394 0.33000000000000002)
(0.039933346987247126 -0.019966673493623566 0.33000000000000007)
(0.039933346987247126 0 0.33000000000000002)
(0.039933346987247126 0.019966673493623563 0.33000000000000007)
(0.039933346987247126 0.039933346987247126 0.33000000000000002)
(0.038635288801913699 -0.019317644400956849 0.33000000000000002)
(0.038635288801913685 0 0.33000000000000002)
(0.038635288801913699 0.019317644400956849 0.33000000000000002)
(0.038635288801913692 0.038635288801913692 0.32999999999999996)
(0.037121066233662764 -0.018560533116831385 0.32999999999999996)
(0.037121066233662764 0 0.33000000000000002)
(0.037121066233662764 0.018560533116831382 0.32999999999999996)
(0.037121066233662764 0.037121066233662764 0.33000000000000002)
(0.035354681635416531 -0.017677340817708262 0.33000000000000002)
(0.035354681635416524 0 0.33000000000000002)
(0.035354681635416531 0.017677340817708265 0.33000000000000002)
(0.035354681635416531 0.035354681635416531 0.33000000000000002)
(0.033294142706502307 -0.016647071353251153 0.33000000000000002)
(0.033294142706502321 0 0.33000000000000002)
(0.033294142706502307 0.016647071353251157 0.33000000000000002)
(0.033294142706502307 0.033294142706502307 0.33000000000000002)
(0.030890464208746804 -0.015445232104373402 0.33000000000000002)
(0.030890464208746797 0 0.33000000000000002)
(0.030890464208746804 0.015445232104373402 0.33000000000000002)
(0.030890464208746797 0.030890464208746797 0.33000000000000002)
(0.028086503439310295 -0.014043251719655151 0.33000000000000002)
(0.028086503439310302 0 0.33000000000000002)
(0.028086503439310295 0.014043251719655148 0.33000000000000007)
(0.028086503439310295 0.028086503439310295 0.33000000000000002)
(0.024815601775930438 -0.012407800887965219 0.33000000000000002)
(0.024815601775930438 0 0.33000000000000002)
(0.024815601775930438 0.012407800887965219 0.33000000000000002)
(0.024815601775930438 0.024815601775930438 0.33000000000000002)
(0.020375270119131858 0.029208015518585959 0.3075)
(0.013860360795372962 0.031287305883947507 0.3075)
(0.0070145288602766632 0.032567704550856759 0.3075)
(-3.996802888650564e-18 0.033000000000000002 0.3075)
(0.019899609303942366 0.028481091573548088 0.3075)
(0.013530678116618297 0.030465932605448345 0.3075)
(0.0068458560906177104 0.031688170660127149 0.3075)
(-3.815252791031766e-18 0.032100829593990889 0.3075)
(0.019344737150035377 0.027633113682098184 0.3075)
(0.013146093698005734 0.029507776823747233 0.3075)
(0.0066490944066248071 0.030662168835299691 0.3075)
(-3.6034693300215596e-18 0.031051921203853822 0.3075)
(0.018697462669250726 0.02664392284680335 0.3075)
(0.012697464805525685 0.028390060279955137 0.30750000000000005)
(0.0064195661883711874 0.029465307911980373 0.3075)
(-3.3564177726512187e-18 0.029828339106903898 0.3075)
(0.017942398190838874 0.025490003011749363 0.3075)
(0.012174126174454829 0.027086211473607 0.3075)
(0.0061518148563761733 0.028069134888594503 0.30750000000000005)
(-3.0682249567062097e-18 0.028400995058506365 0.30750000000000005)
(0.017061593550019055 0.024143922014816001 0.3075)
(0.011563636463778674 0.025565233977785248 0.3075)
(0.0058394751522188072 0.026440458512542103 0.3075)
(-2.7320396679091424e-18 0.026735956776584514 0.3075)
(0.016034109358309328 0.02257367944227167 0.3075)
(0.01085148248791251 0.023790969560367397 0.3075)
(0.005475121817106624 0.02454056022380538 0.30749999999999994)
(-2.3398697658490802e-18 0.024793641268716742 0.3075)
(0.014835519210974535 0.020741945882220007 0.3075)
(0.010020734194415043 0.021721238593562883 0.3075)
(0.0050500930710318552 0.022324273697753031 0.3075)
(-1.882392186648296e-18 0.022527873824769951 0.3075)
(0.013437328997558683 0.018605175491653594 0.3075)
(0.0090516421854719472 0.019306837316675471 0.3075)
(0.0045542846960810145 0.019738911105091694 0.3075)
(-1.3487313055555982e-18 0.019884790304479871 0.3075)
(0.011806299510757966 0.016112570780151471 0.3075)
(0.0079211682150186653 0.01649036811399664 0.3075)
(0.0039759098286358133 0.016723010562918451 0.3075)
(-7.2620039047518987e-19 0.016801556624036429 0.3075)
(0.024083513412754574 0.033472010345723974 0.315)
(0.016240240530248643 0.03485820392263167 0.315)
(0.0081763525735177745 0.035711803033904505 0.315)
(-2.6645352591003758e-18 0.036000000000000004 0.315)
(0.023527931091632592 0.032669427567704516 0.315)
(0.015861468670415095 0.033992654922304695 0.315)
(0.0079844123567465886 0.034807480292090555 0.315)
(-2.5435018606878442e-18 0.035082586247999731 0.315)
(0.022879828180168701 0.031733191450481167 0.315)
(0.015419620296545009 0.0329829668782472 0.315)
(0.0077605085200204652 0.033752561552615495 0.315)
(-2.4023128866810401e-18 0.034012396464984926 0.315)
(0.022123797313312238 0.030641044831840124 0.315)
(0.014904191337336071 0.03180513645394132 0.31500000000000006)
(0.0074993181924069329 0.032521968208624803 0.315)
(-2.2376118484341458e-18 0.032763989005240496 0.315)
(0.021241865352308275 0.029367024085720502 0.315)
(0.014302928488580348 0.030431163060292254 0.315)
(0.0071946320903893465 0.03108644533695059 0.315)
(-2.0454833044708067e-18 0.031307685450225164 0.315)
(0.020213066108866837 0.027880841888349508 0.315)
(0.013601537915088535 0.028828383196995669 0.315)
(0.006839206904430583 0.029411866220166904 0.315)
(-1.821359778606095e-18 0.029608865062861849 0.315)
(0.019012941915498464 0.026147167197015223 0.315)
(0.012783345443025392 0.026958693942412369 0.315)
(0.0064245931036129422 0.027458421051371026 0.315)
(-1.55991317723272e-18 0.027627141747978597 0.315)
(0.017612962192836389 0.024124785324395603 0.315)
(0.011828900164401161 0.024777647131957518 0.315)
(0.0059409340647501368 0.025179670534750953 0.315)
(-1.2549281244321972e-18 0.025315403952762241 0.315)
(0.015979845191533365 0.021765618140872495 0.315)
(0.01071551203019968 0.022233392690887081 0.315)
(0.0053767317506632009 0.022521441883164562 0.315)
(-8.9915420370373217e-19 0.022618694682756683 0.315)
(0.014074766784487918 0.01901358111207779 0.315)
(0.0094167124393341843 0.019265446001307907 0.315)
(0.0047185733670847456 0.019420540967255775 0.315)
(-4.8413359365012658e-19 0.019472905008001095 0.315)
(0.02779175670637728 0.037736005172861985 0.32250000000000001)
(0.018620120265124322 0.03842910196131584 0.32250000000000001)
(0.0093381762867588876 0.03885590151695225 0.32250000000000001)
(-1.3322676295501879e-18 0.039 0.32250000000000001)
(0.027156252879322822 0.036857763561860955 0.32250000000000001)
(0.018192259224211894 0.037519377239161038 0.32250000000000006)
(0.0091229686228754686 0.037926789924053975 0.32250000000000001)
(-1.2717509303439221e-18 0.038064342902008552 0.32250000000000001)
(0.026414919210302024 0.03583326921886415 0.32250000000000001)
(0.017693146895084288 0.036458156932747156 0.32250000000000001)
(0.0088719226334161225 0.036842954269931318 0.32250000000000001)
(-1.2011564433405201e-18 0.036972871726116026 0.32250000000000001)
(0.02555013195737375 0.034638166816876904 0.32250000000000001)
(0.017110917869146459 0.035220212627927509 0.32250000000000001)
(0.0085790701964426775 0.035578628505269251 0.32250000000000001)
(-1.1188059242170729e-18 0.035699638903577094 0.32249999999999995)
(0.024541332513777676 0.033244045159691628 0.32250000000000001)
(0.016431730802705869 0.033776114646977509 0.32250000000000001)
(0.0082374493244025213 0.034103755785306673 0.32250000000000001)
(-1.0227416522354034e-18 0.034214375841943971 0.32250000000000001)
(0.023364538667714617 0.031617761761883023 0.32250000000000001)
(0.015639439366398403 0.032091532416206103 0.32250000000000001)
(0.007838938656642357 0.032383273927791716 0.32250000000000006)
(-9.1067988930304767e-19 0.032481773349139188 0.32250000000000001)
(0.0219917744726876 0.029720654951758765 0.32250000000000001)
(0.014715208398138275 0.030126418324457338 0.32250000000000001)
(0.0073740643901192603 0.030376281878936671 0.32250000000000001)
(-7.7995658861636001e-19 0.030460642227240455 0.32250000000000001)
(0.020390405174698242 0.027507624766571193 0.32250000000000001)
(0.013637066134387281 0.027834055670352159 0.32250000000000001)
(0.0068317750584684185 0.028035067371748875 0.32250000000000001)
(-6.2746406221609862e-19 0.028102934080754521 0.32250000000000001)
(0.018522361385508047 0.024926060790091395 0.32250000000000001)
(0.012379381874927415 0.025159948065098688 0.32250000000000001)
(0.0061991788052453874 0.02530397266123743 0.32250000000000001)
(-4.4957710185186608e-19 0.025352599061033491 0.32250000000000001)
(0.016343234058217873 0.021914591444004119 0.32250000000000001)
(0.010912256663649702 0.022040523888619174 0.32250000000000001)
(0.0054612369055336779 0.0221180713715931 0.32250000000000001)
(-2.4206679682506329e-19 0.022144253391965765 0.32250000000000001)
(0.0315 0.042000000000000003 0.33000000000000002)
(0.021000000000000001 0.042000000000000003 0.33000000000000002)
(0.010500000000000001 0.042000000000000003 0.33000000000000002)
(0 0.042000000000000003 0.33000000000000002)
(0.030784574667013037 0.041046099556017387 0.33000000000000007)
(0.020523049778008697 0.041046099556017394 0.33000000000000002)
(0.010261524889004349 0.041046099556017394 0.33000000000000007)
(0 0.041046099556017394 0.33000000000000002)
(0.029950010240435348 0.039933346987247126 0.33000000000000007)
(0.019966673493623563 0.039933346987247126 0.33000000000000002)
(0.0099833367468117815 0.039933346987247126 0.33000000000000007)
(0 0.039933346987247126 0.33000000000000002)
(0.028976466601435272 0.038635288801913699 0.33000000000000002)
(0.019317644400956846 0.038635288801913685 0.33000000000000002)
(0.009658822200478423 0.038635288801913699 0.33000000000000002)
(0 0.038635288801913692 0.32999999999999996)
(0.02784079967524708 0.037121066233662764 0.32999999999999996)
(0.018560533116831382 0.037121066233662764 0.33000000000000002)
(0.009280266558415691 0.037121066233662764 0.32999999999999996)
(0 0.037121066233662764 0.33000000000000002)
(0.0265160112265624 0.035354681635416531 0.33000000000000002)
(0.017677340817708265 0.035354681635416524 0.33000000000000002)
(0.0088386704088541327 0.035354681635416531 0.33000000000000002)
(0 0.035354681635416531 0.33000000000000002)
(0.024970607029876732 0.033294142706502307 0.33000000000000002)
(0.016647071353251153 0.033294142706502321 0.33000000000000002)
(0.0083235356766255767 0.033294142706502307 0.33000000000000002)
(0 0.033294142706502307 0.33000000000000002)
(0.0231678481565601 0.030890464208746804 0.33000000000000002)
(0.015445232104373399 0.030890464208746797 0.33000000000000002)
(0.0077226160521866993 0.030890464208746804 0.33000000000000002)
(0 0.030890464208746797 0.33000000000000002)
(0.021064877579482725 0.028086503439310295 0.33000000000000002)
(0.014043251719655148 0.028086503439310302 0.33000000000000002)
(0.0070216258598275738 0.028086503439310295 0.33000000000000007)
(0 0.028086503439310295 0.33000000000000002)
(0.018611701331947828 0.024815601775930438 0.33000000000000002)
(0.012407800887965219 0.024815601775930438 0.33000000000000002)
(0.0062039004439826094 0.024815601775930438 0.33000000000000002)
(0 0.024815601775930438 0.33000000000000002)
(0 -0.021000000000000001 0.34532537500000005)
(0.0052500000000000003 -0.021000000000000001 0.34532537500000005)
(0.010500000000000001 -0.021000000000000001 0.34532537499999993)
(0.01575 -0.021000000000000001 0.34532537500000005)
(0.021000000000000001 -0.021000000000000001 0.34532537500000005)
(0 -0.010500000000000001 0.3442380625)
(0.0052500000000000003 -0.010500000000000001 0.3442380625)
(0.010500000000000001 -0.010500000000000001 0.3442380625)
(0.01575 -0.010500000000000001 0.3442380625)
(0.021000000000000001 -0.010500000000000001 0.34423806250000005)
(0 0 0.34315075)
(0.0052500000000000003 0 0.34315075)
(0.010500000000000001 0 0.34315075)
(0.01575 0 0.34315075)
(0.021000000000000001 0 0.34315074999999995)
(0 0.010500000000000001 0.34206343749999996)
(0.0052500000000000003 0.010500000000000001 0.34206343749999996)
(0.010500000000000001 0.010500000000000001 0.34206343750000001)
(0.01575 0.010500000000000001 0.34206343750000001)
(0.021000000000000001 0.010500000000000001 0.34206343749999996)
(0 0.021000000000000001 0.34097612500000002)
(0.0052500000000000003 0.021000000000000001 0.34097612500000002)
(0.010500000000000001 0.021000000000000001 0.34097612499999996)
(0.01575 0.021000000000000001 0.34097612500000002)
(0.021000000000000001 0.021000000000000001 0.34097612500000002)
(0 -0.021000000000000001 0.36065075000000002)
(0.0052500000000000003 -0.021000000000000001 0.36065075000000002)
(0.010500000000000001 -0.021000000000000001 0.36065075000000002)
(0.01575 -0.021000000000000001 0.36065074999999996)
(0.021000000000000001 -0.021000000000000001 0.36065075000000002)
(0 -0.010500000000000001 0.35847612500000009)
(0.0052500000000000003 -0.010500000000000001 0.35847612499999998)
(0.010500000000000001 -0.010500000000000001 0.35847612499999998)
(0.01575 -0.010500000000000001 0.35847612499999998)
(0.021000000000000001 -0.010500000000000001 0.35847612499999998)
(0 0 0.35630150000000005)
(0.0052500000000000003 0 0.35630150000000005)
(0.010500000000000001 0 0.35630149999999999)
(0.01575 0 0.35630149999999999)
(0.021000000000000001 0 0.35630150000000005)
(0 0.010500000000000001 0.35412687499999995)
(0.0052500000000000003 0.010500000000000001 0.35412687500000001)
(0.010500000000000001 0.010500000000000001 0.35412687499999995)
(0.01575 0.010500000000000001 0.35412687499999995)
(0.021000000000000001 0.010500000000000001 0.35412687499999995)
(0 0.021000000000000001 0.35195225000000008)
(0.0052500000000000003 0.021000000000000001 0.35195225000000002)
(0.010500000000000001 0.021000000000000001 0.35195225000000008)
(0.01575 0.021000000000000001 0.35195225000000002)
(0.021000000000000001 0.021000000000000001 0.35195225000000008)
(0 -0.021000000000000001 0.37597612499999999)
(0.0052500000000000003 -0.021000000000000001 0.37597612499999999)
(0.010500000000000001 -0.021000000000000001 0.37597612499999999)
(0.01575 -0.021000000000000001 0.37597612500000011)
(0.021000000000000001 -0.021000000000000001 0.37597612499999999)
(0 -0.010500000000000001 0.3727141874999999)
(0.0052500000000000003 -0.010500000000000001 0.37271418749999996)
(0.010500000000000001 -0.010500000000000001 0.3727141874999999)
(0.01575 -0.010500000000000001 0.3727141874999999)
(0.021000000000000001 -0.010500000000000001 0.37271418749999996)
(0 0 0.36945224999999998)
(0.0052500000000000003 0 0.36945224999999998)
(0.010500000000000001 0 0.36945224999999998)
(0.01575 0 0.36945224999999998)
(0.021000000000000001 0 0.36945224999999998)
(0 0.010500000000000001 0.36619031250000006)
(0.0052500000000000003 0.010500000000000001 0.36619031249999995)
(0.010500000000000001 0.010500000000000001 0.36619031250000006)
(0.01575 0.010500000000000001 0.36619031249999989)
(0.021000000000000001 0.010500000000000001 0.36619031249999995)
(0 0.021000000000000001 0.36292837499999997)
(0.0052500000000000003 0.021000000000000001 0.36292837499999997)
(0.010500000000000001 0.021000000000000001 0.36292837499999997)
(0.01575 0.021000000000000001 0.36292837499999997)
(0.021000000000000001 0.021000000000000001 0.36292837499999997)
(0 -0.021000000000000001 0.39130149999999997)
(0.0052500000000000003 -0.021000000000000001 0.39130149999999997)
(0.010500000000000001 -0.021000000000000001 0.39130149999999997)
(0.01575 -0.021000000000000001 0.39130149999999997)
(0.021000000000000001 -0.021000000000000001 0.39130149999999997)
(0 -0.010500000000000001 0.38695224999999989)
(0.0052500000000000003 -0.010500000000000001 0.38695225)
(0.010500000000000001 -0.010500000000000001 0.38695225000000005)
(0.01575 -0.010500000000000001 0.38695224999999989)
(0.021000000000000001 -0.010500000000000001 0.38695225)
(0 0 0.38260300000000003)
(0.0052500000000000003 0 0.38260299999999992)
(0.010500000000000001 0 0.38260299999999992)
(0.01575 0 0.38260299999999992)
(0.021000000000000001 0 0.38260300000000003)
(0 0.010500000000000001 0.37825375000000006)
(0.0052500000000000003 0.010500000000000001 0.37825375000000006)
(0.010500000000000001 0.010500000000000001 0.37825374999999994)
(0.01575 0.010500000000000001 0.37825375000000006)
(0.021000000000000001 0.010500000000000001 0.37825374999999994)
(0 0.021000000000000001 0.37390449999999997)
(0.0052500000000000003 0.021000000000000001 0.37390449999999992)
(0.010500000000000001 0.021000000000000001 0.37390450000000003)
(0.01575 0.021000000000000001 0.37390449999999992)
(0.021000000000000001 0.021000000000000001 0.37390449999999997)
(0 -0.042000000000000003 0.34750000000000003)
(0.010500000000000001 -0.042000000000000003 0.34750000000000003)
(0.021000000000000001 -0.042000000000000003 0.34750000000000003)
(0.0315 -0.042000000000000003 0.34750000000000003)
(0.042000000000000003 -0.042000000000000003 0.34750000000000003)
(0 -0.041046099556017387 0.34740122020223835)
(0.010261524889004347 -0.041046099556017387 0.34740122020223835)
(0.020523049778008694 -0.041046099556017387 0.34740122020223835)
(0.030784574667013044 -0.041046099556017387 0.34740122020223835)
(0.041046099556017387 -0.041046099556017387 0.34740122020223835)
(0 -0.039933346987247126 0.3472859906996259)
(0.0099833367468117815 -0.039933346987247126 0.3472859906996259)
(0.019966673493623563 -0.039933346987247119 0.3472859906996259)
(0.029950010240435348 -0.039933346987247126 0.3472859906996259)
(0.039933346987247126 -0.039933346987247126 0.3472859906996259)
(0 -0.038635288801913699 0.34715157213861242)
(0.0096588222004784247 -0.038635288801913699 0.34715157213861247)
(0.019317644400956849 -0.038635288801913692 0.34715157213861242)
(0.028976466601435272 -0.038635288801913699 0.34715157213861242)
(0.038635288801913699 -0.038635288801913699 0.34715157213861242)
(0 -0.037121066233662764 0.34699476898373227)
(0.009280266558415691 -0.037121066233662764 0.34699476898373238)
(0.018560533116831382 -0.037121066233662764 0.34699476898373227)
(0.02784079967524708 -0.037121066233662764 0.34699476898373238)
(0.037121066233662764 -0.037121066233662764 0.34699476898373227)
(0 -0.035354681635416538 0.34681185355006755)
(0.0088386704088541344 -0.035354681635416531 0.34681185355006755)
(0.017677340817708269 -0.035354681635416531 0.34681185355006755)
(0.026516011226562403 -0.035354681635416531 0.34681185355006755)
(0.035354681635416538 -0.035354681635416538 0.34681185355006755)
(0 -0.033294142706502307 0.34659847738491073)
(0.0083235356766255767 -0.033294142706502307 0.34659847738491084)
(0.016647071353251153 -0.033294142706502314 0.34659847738491084)
(0.024970607029876732 -0.033294142706502307 0.3465984773849109)
(0.033294142706502307 -0.033294142706502307 0.34659847738491073)
(0 -0.030890464208746797 0.3463495678919023)
(0.0077226160521866993 -0.030890464208746804 0.3463495678919023)
(0.015445232104373399 -0.030890464208746797 0.34634956789190219)
(0.0231678481565601 -0.030890464208746804 0.34634956789190208)
(0.030890464208746797 -0.030890464208746797 0.3463495678919023)
(0 -0.028086503439310295 0.34605920774008136)
(0.0070216258598275738 -0.028086503439310295 0.34605920774008148)
(0.014043251719655148 -0.028086503439310306 0.34605920774008148)
(0.021064877579482725 -0.028086503439310295 0.34605920774008136)
(0.028086503439310295 -0.028086503439310295 0.34605920774008136)
(0 -0.024815601775930438 0.34572049419104678)
(0.0062039004439826094 -0.024815601775930434 0.34572049419104678)
(0.012407800887965219 -0.024815601775930438 0.34572049419104678)
(0.018611701331947828 -0.024815601775930445 0.34572049419104678)
(0.024815601775930438 -0.024815601775930438 0.34572049419104678)
(0 -0.042000000000000003 0.36499999999999999)
(0.010500000000000001 -0.042000000000000003 0.36499999999999999)
(0.021000000000000001 -0.042000000000000003 0.36499999999999999)
(0.0315 -0.042000000000000003 0.36499999999999999)
(0.042000000000000003 -0.042000000000000003 0.36499999999999999)
(0 -0.041046099556017394 0.36480244040447657)
(0.010261524889004349 -0.041046099556017387 0.36480244040447662)
(0.020523049778008697 -0.041046099556017394 0.36480244040447651)
(0.030784574667013037 -0.041046099556017387 0.36480244040447662)
(0.041046099556017394 -0.041046099556017394 0.36480244040447657)
(0 -0.039933346987247126 0.36457198139925162)
(0.0099833367468117815 -0.039933346987247126 0.36457198139925168)
(0.019966673493623563 -0.039933346987247126 0.36457198139925162)
(0.029950010240435348 -0.039933346987247126 0.36457198139925162)
(0.039933346987247126 -0.039933346987247126 0.36457198139925162)
(0 -0.038635288801913692 0.36430314427722488)
(0.009658822200478423 -0.038635288801913699 0.36430314427722488)
(0.019317644400956846 -0.038635288801913692 0.36430314427722482)
(0.028976466601435272 -0.038635288801913699 0.36430314427722493)
(0.038635288801913692 -0.038635288801913692 0.36430314427722488)
(0 -0.037121066233662764 0.36398953796746469)
(0.009280266558415691 -0.037121066233662764 0.36398953796746464)
(0.018560533116831382 -0.037121066233662764 0.36398953796746475)
(0.02784079967524708 -0.037121066233662764 0.36398953796746464)
(0.037121066233662764 -0.037121066233662764 0.36398953796746469)
(0 -0.035354681635416531 0.36362370710013492)
(0.0088386704088541327 -0.035354681635416531 0.36362370710013509)
(0.017677340817708265 -0.035354681635416524 0.36362370710013509)
(0.0265160112265624 -0.035354681635416531 0.36362370710013509)
(0.035354681635416531 -0.035354681635416531 0.36362370710013492)
(0 -0.033294142706502307 0.36319695476982172)
(0.0083235356766255767 -0.033294142706502307 0.36319695476982172)
(0.016647071353251153 -0.033294142706502321 0.36319695476982172)
(0.024970607029876732 -0.033294142706502307 0.36319695476982161)
(0.033294142706502307 -0.033294142706502307 0.36319695476982172)
(0 -0.030890464208746797 0.36269913578380442)
(0.0077226160521866993 -0.030890464208746804 0.36269913578380442)
(0.015445232104373399 -0.030890464208746797 0.36269913578380442)
(0.0231678481565601 -0.030890464208746797 0.36269913578380436)
(0.030890464208746797 -0.030890464208746797 0.36269913578380442)
(0 -0.028086503439310295 0.36211841548016288)
(0.0070216258598275738 -0.028086503439310302 0.36211841548016288)
(0.014043251719655148 -0.028086503439310302 0.36211841548016288)
(0.021064877579482725 -0.028086503439310302 0.36211841548016288)
(0.028086503439310295 -0.028086503439310295 0.36211841548016288)
(0 -0.024815601775930438 0.3614409883820936)
(0.0062039004439826094 -0.024815601775930438 0.3614409883820936)
(0.012407800887965219 -0.024815601775930438 0.3614409883820936)
(0.018611701331947828 -0.024815601775930438 0.3614409883820936)
(0.024815601775930438 -0.024815601775930438 0.3614409883820936)
(0 -0.042000000000000003 0.38250000000000001)
(0.010500000000000001 -0.042000000000000003 0.38250000000000001)
(0.021000000000000001 -0.042000000000000003 0.38250000000000001)
(0.0315 -0.042000000000000003 0.38250000000000001)
(0.042000000000000003 -0.042000000000000003 0.38250000000000001)
(0 -0.041046099556017394 0.38220366060671496)
(0.010261524889004349 -0.041046099556017387 0.38220366060671496)
(0.020523049778008697 -0.041046099556017387 0.3822036606067149)
(0.030784574667013044 -0.041046099556017387 0.38220366060671496)
(0.041046099556017394 -0.041046099556017394 0.38220366060671496)
(0 -0.039933346987247126 0.38185797209887756)
(0.0099833367468117815 -0.039933346987247126 0.38185797209887756)
(0.019966673493623563 -0.039933346987247126 0.38185797209887751)
(0.029950010240435348 -0.039933346987247126 0.38185797209887751)
(0.039933346987247126 -0.039933346987247126 0.38185797209887756)
(0 -0.038635288801913692 0.38145471641583739)
(0.009658822200478423 -0.038635288801913699 0.38145471641583739)
(0.019317644400956846 -0.038635288801913685 0.38145471641583739)
(0.028976466601435272 -0.038635288801913699 0.38145471641583739)
(0.038635288801913692 -0.038635288801913692 0.38145471641583739)
(0 -0.037121066233662764 0.38098430695119712)
(0.009280266558415691 -0.037121066233662764 0.38098430695119712)
(0.018560533116831382 -0.037121066233662764 0.380984306951197)
(0.02784079967524708 -0.037121066233662764 0.38098430695119712)
(0.037121066233662764 -0.037121066233662764 0.38098430695119712)
(0 -0.035354681635416531 0.38043556065020251)
(0.0088386704088541344 -0.035354681635416531 0.38043556065020251)
(0.017677340817708265 -0.035354681635416517 0.38043556065020251)
(0.0265160112265624 -0.035354681635416531 0.38043556065020251)
(0.035354681635416531 -0.035354681635416531 0.38043556065020251)
(0 -0.033294142706502307 0.37979543215473244)
(0.0083235356766255767 -0.033294142706502307 0.37979543215473244)
(0.016647071353251153 -0.033294142706502321 0.37979543215473238)
(0.024970607029876732 -0.033294142706502307 0.37979543215473244)
(0.033294142706502307 -0.033294142706502307 0.37979543215473244)
(0 -0.030890464208746797 0.37904870367570659)
(0.0077226160521866993 -0.030890464208746804 0.37904870367570653)
(0.015445232104373399 -0.030890464208746797 0.37904870367570653)
(0.0231678481565601 -0.030890464208746804 0.37904870367570653)
(0.030890464208746797 -0.030890464208746797 0.37904870367570659)
(0 -0.028086503439310295 0.37817762322024423)
(0.0070216258598275738 -0.028086503439310295 0.37817762322024423)
(0.014043251719655148 -0.028086503439310302 0.37817762322024434)
(0.021064877579482725 -0.028086503439310295 0.37817762322024423)
(0.028086503439310295 -0.028086503439310295 0.37817762322024423)
(0 -0.024815601775930438 0.37716148257314036)
(0.0062039004439826094 -0.024815601775930438 0.37716148257314042)
(0.012407800887965219 -0.024815601775930438 0.37716148257314036)
(0.018611701331947828 -0.024815601775930445 0.37716148257314036)
(0.024815601775930438 -0.024815601775930438 0.37716148257314036)
(0 -0.042000000000000003 0.40000000000000002)
(0.010500000000000001 -0.042000000000000003 0.40000000000000002)
(0.021000000000000001 -0.042000000000000003 0.40000000000000002)
(0.0315 -0.042000000000000003 0.40000000000000002)
(0.042000000000000003 -0.042000000000000003 0.40000000000000002)
(0 -0.041046099556017394 0.39960488080895318)
(0.010261524889004349 -0.041046099556017387 0.39960488080895329)
(0.020523049778008697 -0.041046099556017394 0.39960488080895318)
(0.030784574667013037 -0.041046099556017394 0.39960488080895329)
(0.041046099556017394 -0.041046099556017394 0.39960488080895318)
(0 -0.039933346987247126 0.39914396279850334)
(0.0099833367468117815 -0.039933346987247126 0.39914396279850328)
(0.019966673493623563 -0.039933346987247126 0.39914396279850345)
(0.029950010240435348 -0.039933346987247126 0.39914396279850334)
(0.039933346987247126 -0.039933346987247126 0.39914396279850334)
(0 -0.038635288801913692 0.39860628855444979)
(0.009658822200478423 -0.038635288801913699 0.39860628855444979)
(0.019317644400956846 -0.038635288801913685 0.39860628855444991)
(0.028976466601435272 -0.038635288801913699 0.39860628855444979)
(0.038635288801913692 -0.038635288801913692 0.39860628855444979)
(0 -0.037121066233662764 0.39797907593492937)
(0.009280266558415691 -0.037121066233662764 0.39797907593492921)
(0.018560533116831382 -0.037121066233662764 0.39797907593492937)
(0.02784079967524708 -0.037121066233662764 0.39797907593492932)
(0.037121066233662764 -0.037121066233662764 0.39797907593492937)
(0 -0.035354681635416531 0.39724741420026999)
(0.0088386704088541327 -0.035354681635416531 0.39724741420027004)
(0.017677340817708265 -0.035354681635416524 0.39724741420026993)
(0.0265160112265624 -0.035354681635416531 0.39724741420027004)
(0.035354681635416531 -0.035354681635416531 0.39724741420026999)
(0 -0.033294142706502307 0.39639390953964337)
(0.0083235356766255767 -0.033294142706502307 0.39639390953964337)
(0.016647071353251153 -0.033294142706502321 0.39639390953964337)
(0.024970607029876732 -0.033294142706502307 0.39639390953964337)
(0.033294142706502307 -0.033294142706502307 0.39639390953964337)
(0 -0.030890464208746797 0.39539827156760871)
(0.0077226160521866993 -0.030890464208746804 0.39539827156760871)
(0.015445232104373399 -0.030890464208746797 0.39539827156760882)
(0.0231678481565601 -0.030890464208746804 0.39539827156760871)
(0.030890464208746797 -0.030890464208746797 0.39539827156760871)
(0 -0.028086503439310295 0.39423683096032575)
(0.0070216258598275738 -0.028086503439310295 0.39423683096032575)
(0.014043251719655148 -0.028086503439310302 0.39423683096032575)
(0.021064877579482725 -0.028086503439310295 0.39423683096032575)
(0.028086503439310295 -0.028086503439310295 0.39423683096032575)
(0 -0.024815601775930438 0.39288197676418718)
(0.0062039004439826094 -0.024815601775930438 0.39288197676418718)
(0.012407800887965219 -0.024815601775930438 0.39288197676418718)
(0.018611701331947828 -0.024815601775930438 0.39288197676418718)
(0.024815601775930438 -0.024815601775930438 0.39288197676418718)
(0.042000000000000003 -0.021000000000000001 0.34532538124999995)
(0.042000000000000003 0 0.34315076249999998)
(0.042000000000000003 0.021000000000000001 0.34097614375000002)
(0.042000000000000003 0.042000000000000003 0.33880152499999999)
(0.041046099556017387 -0.020523049778008694 0.34527599106722029)
(0.041046099556017387 0 0.34315076193220218)
(0.041046099556017387 0.020523049778008694 0.34102553279718401)
(0.041046099556017387 0.041046099556017387 0.33890030366216595)
(0.039933346987247126 -0.019966673493623563 0.34521837598473759)
(0.039933346987247119 0 0.34315076126984939)
(0.039933346987247126 0.019966673493623563 0.34108314655496119)
(0.039933346987247126 0.039933346987247126 0.33901553184007299)
(0.038635288801913699 -0.019317644400956849 0.34515116631790405)
(0.038635288801913692 0 0.34315076049719573)
(0.038635288801913699 0.019317644400956849 0.34115035467648741)
(0.038635288801913699 0.038635288801913699 0.33914994885577904)
(0.037121066233662764 -0.018560533116831385 0.34507276428980255)
(0.037121066233662764 0 0.34315075959587277)
(0.037121066233662764 0.018560533116831382 0.34122875490194299)
(0.037121066233662764 0.037121066233662764 0.33930675020801321)
(0.035354681635416531 -0.017677340817708265 0.34498130604726046)
(0.035354681635416531 0 0.34315075854445337)
(0.035354681635416531 0.017677340817708265 0.34132021104164634)
(0.035354681635416538 0.035354681635416538 0.33948966353883919)
(0.033294142706502307 -0.016647071353251153 0.34487461735142649)
(0.033294142706502314 0 0.34315075731794203)
(0.033294142706502307 0.016647071353251157 0.34142689728445774)
(0.033294142706502307 0.033294142706502307 0.33970303725097328)
(0.030890464208746804 -0.015445232104373402 0.34475016188954172)
(0.030890464208746797 0 0.34315075588718108)
(0.030890464208746804 0.015445232104373399 0.34155134988482061)
(0.030890464208746797 0.030890464208746797 0.33995194388246003)
(0.028086503439310295 -0.014043251719655146 0.34460498097911912)
(0.028086503439310306 0 0.34315075421815688)
(0.028086503439310295 0.014043251719655148 0.34169652745719448)
(0.028086503439310295 0.028086503439310295 0.34024230069623218)
(0.024815601775930434 -0.012407800887965219 0.34443562323111909)
(0.024815601775930438 0 0.34315075227119157)
(0.024815601775930445 0.012407800887965222 0.34186588131126389)
(0.024815601775930438 0.024815601775930438 0.34058101035133631)
(0.042000000000000003 -0.021000000000000001 0.3606507625)
(0.042000000000000003 0 0.35630152500000001)
(0.042000000000000003 0.021000000000000001 0.35195228750000002)
(0.042000000000000003 0.042000000000000003 0.34760304999999997)
(0.041046099556017387 -0.02052304977800869 0.3605519821344404)
(0.041046099556017394 0 0.35630152386440417)
(0.041046099556017387 0.020523049778008694 0.35205106559436811)
(0.041046099556017394 0.041046099556017394 0.34780060732433188)
(0.039933346987247126 -0.019966673493623566 0.36043675196947522)
(0.039933346987247126 0 0.35630152253969877)
(0.039933346987247126 0.019966673493623563 0.35216629310992242)
(0.039933346987247126 0.039933346987247126 0.34803106368014597)
(0.038635288801913699 -0.019317644400956849 0.36030233263580819)
(0.038635288801913692 0 0.35630152099439144)
(0.038635288801913699 0.019317644400956849 0.35230070935297469)
(0.038635288801913692 0.038635288801913692 0.34829989771155789)
(0.037121066233662764 -0.018560533116831385 0.36014552857960508)
(0.037121066233662764 0 0.35630151919174552)
(0.037121066233662764 0.018560533116831382 0.3524575098038859)
(0.037121066233662764 0.037121066233662764 0.3486135004160264)
(0.035354681635416531 -0.017677340817708262 0.35996261209452085)
(0.035354681635416524 0 0.35630151708890667)
(0.035354681635416531 0.017677340817708265 0.3526404220832926)
(0.035354681635416531 0.035354681635416531 0.34897932707767837)
(0.033294142706502307 -0.016647071353251153 0.35974923470285286)
(0.033294142706502321 0 0.35630151463588416)
(0.033294142706502307 0.016647071353251153 0.35285379456891541)
(0.033294142706502307 0.033294142706502307 0.34940607450194672)
(0.030890464208746804 -0.015445232104373402 0.3595003237790832)
(0.030890464208746797 0 0.35630151177436215)
(0.030890464208746797 0.015445232104373399 0.35310269976964104)
(0.030890464208746797 0.030890464208746797 0.34990388776491993)
(0.028086503439310302 -0.014043251719655151 0.35920996195823818)
(0.028086503439310302 0 0.35630150843631359)
(0.028086503439310302 0.014043251719655151 0.35339305491438905)
(0.028086503439310295 0.028086503439310295 0.35048460139246435)
(0.024815601775930438 -0.012407800887965217 0.35887124646223834)
(0.024815601775930438 0 0.35630150454238296)
(0.024815601775930438 0.012407800887965219 0.35373176262252781)
(0.024815601775930438 0.024815601775930438 0.35116202070267261)
(0.042000000000000003 -0.021000000000000001 0.37597614374999994)
(0.042000000000000003 0 0.36945228750000003)
(0.042000000000000003 0.021000000000000001 0.36292843125000007)
(0.042000000000000003 0.042000000000000003 0.35640457500000006)
(0.041046099556017387 -0.020523049778008694 0.37582797320166067)
(0.041046099556017387 0 0.36945228579660633)
(0.041046099556017387 0.020523049778008697 0.36307659839155221)
(0.041046099556017394 0.041046099556017394 0.35670091098649775)
(0.039933346987247126 -0.019966673493623563 0.3756551279542128)
(0.039933346987247126 0 0.3694522838095482)
(0.039933346987247126 0.019966673493623563 0.36324943966488354)
(0.039933346987247126 0.039933346987247126 0.35704659552021895)
(0.038635288801913699 -0.019317644400956849 0.37545349895371233)
(0.038635288801913685 0 0.36945228149158715)
(0.038635288801913699 0.019317644400956849 0.36345106402946203)
(0.038635288801913692 0.038635288801913692 0.35744984656733692)
(0.037121066233662764 -0.018560533116831385 0.37521829286940767)
(0.037121066233662764 0 0.36945227878761833)
(0.037121066233662764 0.018560533116831382 0.36368626470582899)
(0.037121066233662764 0.037121066233662764 0.35792025062403954)
(0.035354681635416531 -0.017677340817708265 0.37494391814178124)
(0.035354681635416517 0 0.36945227563335997)
(0.035354681635416531 0.017677340817708265 0.36396063312493887)
(0.035354681635416531 0.035354681635416531 0.3584689906165176)
(0.033294142706502307 -0.016647071353251153 0.37462385205427945)
(0.033294142706502321 0 0.36945227195382613)
(0.033294142706502307 0.016647071353251153 0.36428069185337314)
(0.033294142706502307 0.033294142706502307 0.35910911175291993)
(0.030890464208746804 -0.015445232104373402 0.37425048566862484)
(0.030890464208746797 0 0.36945226766154321)
(0.030890464208746804 0.015445232104373402 0.36465404965446163)
(0.030890464208746797 0.030890464208746797 0.35985583164737983)
(0.028086503439310295 -0.014043251719655151 0.37381494293735734)
(0.028086503439310302 0 0.36945226265447034)
(0.028086503439310295 0.014043251719655148 0.36508958237158345)
(0.028086503439310295 0.028086503439310295 0.36072690208869657)
(0.024815601775930438 -0.012407800887965219 0.37330686969335758)
(0.024815601775930438 0 0.36945225681357458)
(0.024815601775930445 0.012407800887965219 0.36559764393379168)
(0.024815601775930438 0.024815601775930438 0.36174303105400879)
(0.042000000000000003 -0.021000000000000001 0.39130152500000004)
(0.042000000000000003 0 0.38260304999999994)
(0.042000000000000003 0.021000000000000001 0.37390457500000002)
(0.042000000000000003 0.042000000000000003 0.36520609999999998)
(0.041046099556017387 -0.020523049778008694 0.39110396426888089)
(0.041046099556017394 0 0.38260304772880849)
(0.041046099556017394 0.020523049778008694 0.37410213118873614)
(0.041046099556017394 0.041046099556017394 0.36560121464866369)
(0.039933346987247126 -0.019966673493623566 0.39087350393895048)
(0.039933346987247126 0 0.38260304507939763)
(0.039933346987247126 0.019966673493623563 0.37433258621984472)
(0.039933346987247126 0.039933346987247126 0.36606212736029192)
(0.038635288801913699 -0.019317644400956849 0.3906046652716163)
(0.038635288801913685 0 0.38260304198878292)
(0.038635288801913699 0.019317644400956849 0.37460141870594937)
(0.038635288801913692 0.038635288801913692 0.36659979542311588)
(0.037121066233662764 -0.018560533116831385 0.39029105715921014)
(0.037121066233662764 0 0.38260303838349108)
(0.037121066233662764 0.018560533116831382 0.37491501960777185)
(0.037121066233662764 0.037121066233662764 0.36722700083205273)
(0.035354681635416531 -0.017677340817708262 0.38992522418904174)
(0.035354681635416524 0 0.38260303417781344)
(0.035354681635416531 0.017677340817708265 0.37528084416658514)
(0.035354681635416531 0.035354681635416531 0.36795865415535672)
(0.033294142706502307 -0.016647071353251153 0.38949846940570587)
(0.033294142706502321 0 0.38260302927176831)
(0.033294142706502307 0.016647071353251157 0.37570758913783087)
(0.033294142706502307 0.033294142706502307 0.36881214900389336)
(0.030890464208746804 -0.015445232104373402 0.38900064755816655)
(0.030890464208746797 0 0.38260302354872427)
(0.030890464208746804 0.015445232104373402 0.37620539953928211)
(0.030890464208746797 0.030890464208746797 0.36980777552983984)
(0.028086503439310295 -0.014043251719655151 0.38841992391647645)
(0.028086503439310302 0 0.38260301687262721)
(0.028086503439310295 0.014043251719655148 0.37678610982877803)
(0.028086503439310295 0.028086503439310295 0.37096920278492873)
(0.024815601775930438 -0.012407800887965219 0.38774249292447666)
(0.024815601775930438 0 0.38260300908476613)
(0.024815601775930438 0.012407800887965219 0.37746352524505555)
(0.024815601775930438 0.024815601775930438 0.37232404140534503)
(0.0315 0.042000000000000003 0.33880152499999999)
(0.021000000000000001 0.042000000000000003 0.33880152500000005)
(0.010500000000000001 0.042000000000000003 0.33880152499999999)
(0 0.042000000000000003 0.33880152499999999)
(0.030784574667013044 0.041046099556017387 0.33890030366216589)
(0.020523049778008694 0.041046099556017387 0.33890030366216595)
(0.010261524889004347 0.041046099556017387 0.33890030366216589)
(0 0.041046099556017387 0.33890030366216595)
(0.029950010240435348 0.039933346987247126 0.33901553184007294)
(0.019966673493623563 0.039933346987247119 0.33901553184007299)
(0.0099833367468117815 0.039933346987247126 0.33901553184007294)
(0 0.039933346987247126 0.33901553184007299)
(0.028976466601435272 0.038635288801913699 0.33914994885577898)
(0.019317644400956849 0.038635288801913692 0.33914994885577904)
(0.0096588222004784247 0.038635288801913699 0.33914994885577898)
(0 0.038635288801913699 0.33914994885577904)
(0.02784079967524708 0.037121066233662764 0.33930675020801315)
(0.018560533116831382 0.037121066233662764 0.33930675020801321)
(0.009280266558415691 0.037121066233662764 0.33930675020801315)
(0 0.037121066233662764 0.33930675020801321)
(0.026516011226562403 0.035354681635416531 0.33948966353883919)
(0.017677340817708269 0.035354681635416531 0.33948966353883925)
(0.0088386704088541344 0.035354681635416531 0.33948966353883919)
(0 0.035354681635416538 0.33948966353883919)
(0.024970607029876732 0.033294142706502307 0.33970303725097328)
(0.016647071353251153 0.033294142706502314 0.33970303725097323)
(0.0083235356766255767 0.033294142706502307 0.33970303725097328)
(0 0.033294142706502307 0.33970303725097328)
(0.0231678481565601 0.030890464208746804 0.33995194388246003)
(0.015445232104373399 0.030890464208746797 0.33995194388246003)
(0.0077226160521866993 0.030890464208746804 0.33995194388246003)
(0 0.030890464208746797 0.33995194388246003)
(0.021064877579482725 0.028086503439310295 0.34024230069623218)
(0.014043251719655148 0.028086503439310306 0.34024230069623224)
(0.0070216258598275738 0.028086503439310295 0.34024230069623218)
(0 0.028086503439310295 0.34024230069623218)
(0.018611701331947828 0.024815601775930434 0.34058101035133626)
(0.012407800887965219 0.024815601775930438 0.34058101035133631)
(0.0062039004439826094 0.024815601775930445 0.34058101035133631)
(0 0.024815601775930438 0.34058101035133631)
(0.0315 0.042000000000000003 0.34760305000000002)
(0.021000000000000001 0.042000000000000003 0.34760304999999997)
(0.010500000000000001 0.042000000000000003 0.34760305000000002)
(0 0.042000000000000003 0.34760304999999997)
(0.030784574667013037 0.041046099556017387 0.34780060732433188)
(0.020523049778008697 0.041046099556017394 0.34780060732433193)
(0.010261524889004349 0.041046099556017387 0.34780060732433188)
(0 0.041046099556017394 0.34780060732433188)
(0.029950010240435348 0.039933346987247126 0.34803106368014597)
(0.019966673493623563 0.039933346987247126 0.34803106368014597)
(0.0099833367468117815 0.039933346987247126 0.34803106368014602)
(0 0.039933346987247126 0.34803106368014597)
(0.028976466601435272 0.038635288801913699 0.348299897711558)
(0.019317644400956846 0.038635288801913692 0.34829989771155789)
(0.009658822200478423 0.038635288801913699 0.34829989771155789)
(0 0.038635288801913692 0.34829989771155789)
(0.02784079967524708 0.037121066233662764 0.34861350041602646)
(0.018560533116831382 0.037121066233662764 0.3486135004160264)
(0.009280266558415691 0.037121066233662764 0.3486135004160264)
(0 0.037121066233662764 0.3486135004160264)
(0.0265160112265624 0.035354681635416531 0.34897932707767843)
(0.017677340817708265 0.035354681635416524 0.34897932707767843)
(0.0088386704088541327 0.035354681635416531 0.34897932707767837)
(0 0.035354681635416531 0.34897932707767837)
(0.024970607029876732 0.033294142706502307 0.34940607450194666)
(0.016647071353251153 0.033294142706502321 0.34940607450194672)
(0.0083235356766255767 0.033294142706502307 0.34940607450194666)
(0 0.033294142706502307 0.34940607450194672)
(0.0231678481565601 0.030890464208746804 0.34990388776491982)
(0.015445232104373399 0.030890464208746797 0.34990388776491993)
(0.0077226160521866993 0.030890464208746797 0.34990388776491993)
(0 0.030890464208746797 0.34990388776491993)
(0.021064877579482725 0.028086503439310302 0.35048460139246435)
(0.014043251719655148 0.028086503439310302 0.35048460139246435)
(0.0070216258598275738 0.028086503439310302 0.35048460139246435)
(0 0.028086503439310295 0.35048460139246435)
(0.018611701331947828 0.024815601775930438 0.35116202070267261)
(0.012407800887965219 0.024815601775930438 0.35116202070267261)
(0.0062039004439826094 0.024815601775930438 0.35116202070267261)
(0 0.024815601775930438 0.35116202070267261)
(0.0315 0.042000000000000003 0.35640457500000006)
(0.021000000000000001 0.042000000000000003 0.35640457500000006)
(0.010500000000000001 0.042000000000000003 0.35640457500000006)
(0 0.042000000000000003 0.35640457500000006)
(0.030784574667013044 0.041046099556017387 0.35670091098649787)
(0.020523049778008697 0.041046099556017387 0.35670091098649787)
(0.010261524889004349 0.041046099556017387 0.35670091098649787)
(0 0.041046099556017394 0.35670091098649775)
(0.029950010240435348 0.039933346987247126 0.35704659552021889)
(0.019966673493623563 0.039933346987247126 0.35704659552021895)
(0.0099833367468117815 0.039933346987247126 0.35704659552021889)
(0 0.039933346987247126 0.35704659552021895)
(0.028976466601435272 0.038635288801913699 0.35744984656733692)
(0.019317644400956846 0.038635288801913685 0.35744984656733692)
(0.009658822200478423 0.038635288801913699 0.35744984656733692)
(0 0.038635288801913692 0.35744984656733692)
(0.02784079967524708 0.037121066233662764 0.35792025062403954)
(0.018560533116831382 0.037121066233662764 0.35792025062403954)
(0.009280266558415691 0.037121066233662764 0.35792025062403965)
(0 0.037121066233662764 0.35792025062403954)
(0.026516011226562403 0.035354681635416531 0.35846899061651766)
(0.017677340817708265 0.035354681635416517 0.35846899061651749)
(0.0088386704088541327 0.035354681635416531 0.35846899061651766)
(0 0.035354681635416531 0.3584689906165176)
(0.024970607029876732 0.033294142706502307 0.35910911175291993)
(0.016647071353251153 0.033294142706502321 0.35910911175291993)
(0.0083235356766255767 0.033294142706502307 0.35910911175291998)
(0 0.033294142706502307 0.35910911175291993)
(0.0231678481565601 0.030890464208746804 0.35985583164737983)
(0.015445232104373399 0.030890464208746797 0.35985583164737994)
(0.0077226160521866993 0.030890464208746804 0.35985583164737983)
(0 0.030890464208746797 0.35985583164737983)
(0.021064877579482725 0.028086503439310295 0.36072690208869657)
(0.014043251719655148 0.028086503439310302 0.36072690208869657)
(0.0070216258598275738 0.028086503439310295 0.36072690208869657)
(0 0.028086503439310295 0.36072690208869657)
(0.018611701331947828 0.024815601775930438 0.36174303105400879)
(0.012407800887965219 0.024815601775930438 0.36174303105400879)
(0.0062039004439826094 0.024815601775930445 0.36174303105400879)
(0 0.024815601775930438 0.36174303105400879)
(0.0315 0.042000000000000003 0.36520610000000003)
(0.021000000000000001 0.042000000000000003 0.36520609999999992)
(0.010500000000000001 0.042000000000000003 0.36520610000000003)
(0 0.042000000000000003 0.36520609999999998)
(0.030784574667013037 0.041046099556017387 0.36560121464866369)
(0.020523049778008697 0.041046099556017394 0.36560121464866374)
(0.010261524889004349 0.041046099556017394 0.36560121464866369)
(0 0.041046099556017394 0.36560121464866369)
(0.029950010240435348 0.039933346987247126 0.36606212736029192)
(0.019966673493623563 0.039933346987247126 0.36606212736029192)
(0.0099833367468117815 0.039933346987247126 0.36606212736029187)
(0 0.039933346987247126 0.36606212736029192)
(0.028976466601435272 0.038635288801913699 0.36659979542311583)
(0.019317644400956846 0.038635288801913685 0.36659979542311588)
(0.009658822200478423 0.038635288801913699 0.36659979542311583)
(0 0.038635288801913692 0.36659979542311588)
(0.02784079967524708 0.037121066233662764 0.36722700083205273)
(0.018560533116831382 0.037121066233662764 0.36722700083205273)
(0.009280266558415691 0.037121066233662764 0.36722700083205273)
(0 0.037121066233662764 0.36722700083205273)
(0.0265160112265624 0.035354681635416531 0.36795865415535678)
(0.017677340817708265 0.035354681635416524 0.36795865415535678)
(0.0088386704088541327 0.035354681635416531 0.36795865415535672)
(0 0.035354681635416531 0.36795865415535672)
(0.024970607029876732 0.033294142706502307 0.36881214900389336)
(0.016647071353251153 0.033294142706502321 0.36881214900389336)
(0.0083235356766255767 0.033294142706502307 0.36881214900389325)
(0 0.033294142706502307 0.36881214900389336)
(0.0231678481565601 0.030890464208746804 0.36980777552983984)
(0.015445232104373399 0.030890464208746797 0.36980777552983984)
(0.0077226160521866993 0.030890464208746804 0.36980777552983984)
(0 0.030890464208746797 0.36980777552983984)
(0.021064877579482725 0.028086503439310295 0.37096920278492873)
(0.014043251719655148 0.028086503439310302 0.37096920278492873)
(0.0070216258598275738 0.028086503439310295 0.37096920278492873)
(0 0.028086503439310295 0.37096920278492873)
(0.018611701331947828 0.024815601775930438 0.37232404140534503)
(0.012407800887965219 0.024815601775930438 0.37232404140534503)
(0.0062039004439826094 0.024815601775930438 0.37232404140534503)
(0 0.024815601775930438 0.37232404140534503)
(0 -0.010328086933672462 0.4019734130663275)
(0.0052500000000000003 -0.010328086933672464 0.4019734130663275)
(0.010500000000000001 -0.010328086933672464 0.40197341306632756)
(0.01575 -0.010328086933672462 0.4019734130663275)
(0.021000000000000001 -0.010328086933672462 0.4019734130663275)
(0 -4.0318280711045597e-05 0.39741193171928896)
(0.0052500000000000012 -4.0318280711045597e-05 0.39741193171928896)
(0.010500000000000002 -4.0318280711045597e-05 0.39741193171928901)
(0.01575 -4.0318280711045896e-05 0.39741193171928896)
(0.021000000000000001 -4.0318280711045896e-05 0.39741193171928901)
(0 0.010247450372250369 0.39285045037225036)
(0.0052500000000000003 0.010247450372250369 0.39285045037225041)
(0.010500000000000001 0.010247450372250369 0.39285045037225036)
(0.01575 0.010247450372250369 0.39285045037225041)
(0.021000000000000005 0.010247450372250369 0.39285045037225036)
(0 0.020535219025211788 0.38828896902521176)
(0.0052500000000000012 0.020535219025211788 0.38828896902521182)
(0.010500000000000002 0.020535219025211788 0.38828896902521182)
(0.01575 0.020535219025211788 0.38828896902521176)
(0.021000000000000001 0.020535219025211788 0.38828896902521176)
(0 0.030822987678173208 0.38372748767817322)
(0.0052500000000000003 0.030822987678173208 0.38372748767817322)
(0.010500000000000001 0.030822987678173208 0.38372748767817322)
(0.01575 0.030822987678173208 0.38372748767817322)
(0.021000000000000001 0.030822987678173208 0.38372748767817322)
(0 0.0011982167062266598 0.41349971670622659)
(0.0052500000000000012 0.0011982167062266598 0.41349971670622659)
(0.010500000000000002 0.0011982167062266609 0.41349971670622659)
(0.01575 0.0011982167062266605 0.41349971670622659)
(0.021000000000000005 0.0011982167062266598 0.41349971670622659)
(0 0.011256762825920823 0.40870901282592081)
(0.0052500000000000012 0.011256762825920821 0.40870901282592087)
(0.010500000000000002 0.011256762825920821 0.40870901282592076)
(0.01575 0.011256762825920823 0.40870901282592087)
(0.021000000000000001 0.011256762825920821 0.40870901282592081)
(0 0.021315308945614987 0.40391830894561492)
(0.0052500000000000012 0.021315308945614987 0.40391830894561492)
(0.010500000000000002 0.021315308945614987 0.40391830894561503)
(0.01575 0.021315308945614987 0.40391830894561503)
(0.021000000000000001 0.021315308945614984 0.40391830894561492)
(0 0.031373855065309146 0.39912760506530914)
(0.0052500000000000012 0.031373855065309146 0.39912760506530914)
(0.010500000000000002 0.031373855065309146 0.39912760506530914)
(0.01575 0.031373855065309146 0.39912760506530914)
(0.021000000000000005 0.031373855065309146 0.39912760506530914)
(0 0.041432401185003305 0.39433690118500336)
(0.0052500000000000012 0.041432401185003305 0.39433690118500342)
(0.010500000000000002 0.041432401185003305 0.39433690118500325)
(0.01575 0.041432401185003305 0.39433690118500336)
(0.021000000000000005 0.041432401185003305 0.39433690118500336)
(0 0.013647313205929519 0.42594881320592953)
(0.0052500000000000012 0.013647313205929519 0.42594881320592959)
(0.010500000000000002 0.013647313205929519 0.42594881320592942)
(0.015750000000000004 0.013647313205929519 0.42594881320592953)
(0.021000000000000005 0.013647313205929519 0.42594881320592953)
(0 0.023458285296194818 0.42091053529619488)
(0.0052500000000000012 0.023458285296194818 0.42091053529619482)
(0.010500000000000002 0.023458285296194821 0.42091053529619482)
(0.015750000000000004 0.023458285296194818 0.42091053529619482)
(0.021000000000000005 0.023458285296194818 0.42091053529619482)
(0 0.03326925738646011 0.41587225738646016)
(0.0052500000000000012 0.033269257386460117 0.41587225738646016)
(0.010500000000000002 0.033269257386460117 0.41587225738646016)
(0.015750000000000004 0.033269257386460117 0.41587225738646016)
(0.021000000000000001 0.033269257386460117 0.41587225738646016)
(0 0.043080229476725414 0.41083397947672545)
(0.0052500000000000012 0.043080229476725414 0.41083397947672545)
(0.010500000000000002 0.043080229476725414 0.41083397947672545)
(0.01575 0.043080229476725414 0.41083397947672534)
(0.021000000000000005 0.043080229476725414 0.41083397947672545)
(0 0.05289120156699071 0.40579570156699069)
(0.0052500000000000012 0.052891201566990724 0.4057957015669908)
(0.010500000000000002 0.052891201566990724 0.4057957015669908)
(0.015750000000000004 0.052891201566990724 0.40579570156699069)
(0.021000000000000005 0.05289120156699071 0.40579570156699069)
(0 0.027093081120843732 0.43939458112084367)
(0.0052500000000000003 0.027093081120843732 0.43939458112084367)
(0.010500000000000001 0.027093081120843725 0.43939458112084367)
(0.01575 0.027093081120843732 0.43939458112084373)
(0.021000000000000001 0.027093081120843732 0.43939458112084367)
(0 0.036636658469527565 0.43408890846952769)
(0.0052500000000000012 0.036636658469527572 0.43408890846952758)
(0.010500000000000001 0.036636658469527565 0.43408890846952758)
(0.01575 0.036636658469527572 0.43408890846952769)
(0.021000000000000001 0.036636658469527565 0.43408890846952758)
(0 0.046180235818211408 0.42878323581821137)
(0.0052500000000000003 0.046180235818211408 0.42878323581821132)
(0.010500000000000001 0.046180235818211422 0.42878323581821148)
(0.01575 0.046180235818211422 0.42878323581821148)
(0.021000000000000005 0.046180235818211422 0.42878323581821137)
(0 0.055723813166895265 0.42347756316689522)
(0.0052500000000000012 0.055723813166895265 0.42347756316689522)
(0.010500000000000001 0.055723813166895265 0.42347756316689522)
(0.01575 0.055723813166895252 0.42347756316689522)
(0.021000000000000001 0.055723813166895252 0.42347756316689533)
(0 0.065267390515579102 0.41817189051557907)
(0.0052500000000000003 0.065267390515579116 0.41817189051557918)
(0.010500000000000001 0.065267390515579102 0.41817189051557918)
(0.01575 0.065267390515579102 0.41817189051557918)
(0.021000000000000001 0.065267390515579102 0.41817189051557907)
(0 0.0416153137042325 0.45391681370423248)
(0.0052500000000000003 0.0416153137042325 0.45391681370423248)
(0.010500000000000001 0.0416153137042325 0.45391681370423248)
(0.01575 0.0416153137042325 0.45391681370423248)
(0.021000000000000001 0.0416153137042325 0.45391681370423248)
(0 0.050870088758142695 0.4483223387581427)
(0.0052500000000000003 0.050870088758142695 0.4483223387581427)
(0.010500000000000001 0.050870088758142709 0.44832233875814276)
(0.01575 0.050870088758142695 0.4483223387581427)
(0.021000000000000005 0.050870088758142695 0.4483223387581427)
(0 0.060124863812052898 0.44272786381205287)
(0.0052500000000000003 0.060124863812052905 0.44272786381205292)
(0.010500000000000001 0.060124863812052891 0.44272786381205287)
(0.01575 0.060124863812052905 0.44272786381205292)
(0.021000000000000001 0.060124863812052905 0.44272786381205292)
(0 0.0693796388659631 0.43713338886596315)
(0.0052500000000000003 0.0693796388659631 0.43713338886596315)
(0.010500000000000001 0.0693796388659631 0.43713338886596315)
(0.01575 0.0693796388659631 0.43713338886596315)
(0.021000000000000005 0.0693796388659631 0.43713338886596315)
(0 0.078634413919873303 0.43153891391987331)
(0.0052500000000000003 0.078634413919873317 0.43153891391987331)
(0.010500000000000001 0.078634413919873303 0.43153891391987331)
(0.01575 0.078634413919873303 0.43153891391987331)
(0.021000000000000001 0.078634413919873303 0.43153891391987331)
(0 0.057300192436380716 0.46960169243638078)
(0.0052500000000000003 0.057300192436380737 0.46960169243638078)
(0.010500000000000001 0.057300192436380716 0.46960169243638078)
(0.01575 0.057300192436380723 0.46960169243638078)
(0.021000000000000001 0.057300192436380716 0.46960169243638078)
(0 0.066243043759206199 0.46369529375920615)
(0.0052500000000000003 0.066243043759206199 0.46369529375920621)
(0.010500000000000001 0.066243043759206199 0.4636952937592061)
(0.01575 0.066243043759206199 0.46369529375920621)
(0.021000000000000001 0.066243043759206199 0.46369529375920621)
(0 0.075185895082031676 0.45778889508203174)
(0.0052500000000000003 0.07518589508203169 0.45778889508203174)
(0.010500000000000001 0.075185895082031676 0.45778889508203174)
(0.01575 0.07518589508203169 0.45778889508203163)
(0.021000000000000001 0.075185895082031676 0.45778889508203174)
(0 0.084128746404857166 0.45188249640485723)
(0.0052500000000000003 0.084128746404857152 0.45188249640485723)
(0.010500000000000001 0.084128746404857166 0.45188249640485717)
(0.01575 0.084128746404857166 0.45188249640485723)
(0.021000000000000001 0.084128746404857166 0.45188249640485723)
(0 0.093071597727682656 0.4459760977276826)
(0.0052500000000000003 0.093071597727682656 0.44597609772768265)
(0.010500000000000001 0.093071597727682628 0.44597609772768265)
(0.01575 0.093071597727682656 0.44597609772768265)
(0.021000000000000001 0.093071597727682656 0.4459760977276826)
(0 0.07424079846438221 0.48654229846438224)
(0.0052500000000000003 0.07424079846438221 0.48654229846438224)
(0.010500000000000001 0.074240798464382224 0.48654229846438235)
(0.01575 0.07424079846438221 0.48654229846438224)
(0.021000000000000001 0.07424079846438221 0.48654229846438224)
(0 0.082846753523658029 0.48029900352365806)
(0.0052500000000000003 0.082846753523658029 0.48029900352365806)
(0.010500000000000001 0.082846753523658029 0.48029900352365806)
(0.01575 0.082846753523658029 0.48029900352365806)
(0.021000000000000001 0.082846753523658029 0.48029900352365806)
(0 0.091452708582933834 0.47405570858293383)
(0.0052500000000000003 0.091452708582933834 0.47405570858293389)
(0.010500000000000001 0.091452708582933834 0.47405570858293372)
(0.01575 0.09145270858293382 0.47405570858293383)
(0.021000000000000001 0.091452708582933834 0.47405570858293389)
(0 0.10005866364220964 0.4678124136422096)
(0.0052500000000000003 0.10005866364220964 0.4678124136422096)
(0.010500000000000001 0.10005866364220964 0.4678124136422096)
(0.01575 0.10005866364220964 0.4678124136422096)
(0.021000000000000001 0.10005866364220964 0.4678124136422096)
(0 0.10866461870148544 0.46156911870148543)
(0.0052500000000000003 0.10866461870148544 0.46156911870148548)
(0.010500000000000001 0.10866461870148544 0.46156911870148548)
(0.01575 0.10866461870148544 0.46156911870148543)
(0.021000000000000001 0.10866461870148544 0.46156911870148543)
(0 0.092537664987662957 0.50483916498766301)
(0.0052500000000000003 0.092537664987662957 0.50483916498766301)
(0.010500000000000001 0.092537664987662957 0.50483916498766301)
(0.01575 0.092537664987662957 0.50483916498766301)
(0.021000000000000001 0.092537664987662957 0.50483916498766301)
(0 0.10077975195649551 0.49823200195649547)
(0.0052500000000000003 0.10077975195649549 0.49823200195649542)
(0.010500000000000001 0.10077975195649549 0.49823200195649542)
(0.01575 0.10077975195649551 0.49823200195649536)
(0.021000000000000001 0.10077975195649551 0.49823200195649547)
(0 0.10902183892532809 0.49162483892532804)
(0.0052500000000000003 0.10902183892532805 0.49162483892532804)
(0.010500000000000001 0.10902183892532809 0.4916248389253281)
(0.01575 0.10902183892532805 0.49162483892532804)
(0.020999999999999998 0.10902183892532809 0.4916248389253281)
(0 0.1172639258941606 0.48501767589416062)
(0.0052499999999999995 0.11726392589416061 0.4850176758941605)
(0.010499999999999999 0.1172639258941606 0.48501767589416062)
(0.01575 0.11726392589416061 0.48501767589416067)
(0.021000000000000001 0.11726392589416061 0.48501767589416062)
(0 0.12550601286299315 0.47841051286299324)
(0.0052500000000000003 0.12550601286299315 0.4784105128629933)
(0.010500000000000001 0.12550601286299315 0.47841051286299313)
(0.01575 0.12550601286299315 0.47841051286299324)
(0.021000000000000001 0.12550601286299315 0.47841051286299324)
(0 0.11229937386734491 0.524600873867345)
(0.0052500000000000003 0.11229937386734491 0.524600873867345)
(0.010500000000000001 0.11229937386734491 0.52460087386734489)
(0.01575 0.11229937386734491 0.524600873867345)
(0.021000000000000001 0.11229937386734491 0.524600873867345)
(0 0.12014846156142209 0.51760071156142218)
(0.0052500000000000003 0.12014846156142206 0.51760071156142207)
(0.010500000000000001 0.12014846156142209 0.51760071156142218)
(0.01575 0.12014846156142206 0.51760071156142207)
(0.021000000000000001 0.12014846156142209 0.51760071156142218)
(0 0.12799754925549925 0.51060054925549925)
(0.0052500000000000003 0.12799754925549925 0.51060054925549914)
(0.010500000000000001 0.12799754925549928 0.51060054925549925)
(0.01575 0.12799754925549928 0.51060054925549914)
(0.021000000000000001 0.12799754925549925 0.51060054925549925)
(0 0.13584663694957641 0.50360038694957643)
(0.0052500000000000003 0.13584663694957641 0.50360038694957654)
(0.010500000000000001 0.13584663694957638 0.50360038694957643)
(0.01575 0.13584663694957641 0.50360038694957643)
(0.020999999999999998 0.13584663694957641 0.50360038694957643)
(0 0.14369572464365357 0.49660022464365361)
(0.0052500000000000003 0.1436957246436536 0.49660022464365372)
(0.010500000000000001 0.14369572464365357 0.49660022464365361)
(0.01575 0.1436957246436536 0.49660022464365361)
(0.021000000000000001 0.14369572464365357 0.49660022464365361)
(0 0.13364320000000002 0.54594470000000006)
(0.0052500000000000003 0.13364320000000002 0.54594470000000006)
(0.010500000000000001 0.13364320000000002 0.54594470000000006)
(0.01575 0.13364320000000002 0.54594470000000006)
(0.021000000000000001 0.13364320000000002 0.54594470000000006)
(0 0.14106782500000001 0.53852007499999999)
(0.0052500000000000003 0.14106782500000004 0.53852007499999999)
(0.010500000000000001 0.14106782500000001 0.53852007499999999)
(0.01575 0.14106782500000004 0.53852007499999999)
(0.021000000000000001 0.14106782500000001 0.53852007499999999)
(0 0.14849245 0.53109545000000002)
(0.0052500000000000003 0.14849245 0.53109545000000002)
(0.010500000000000001 0.14849245 0.53109544999999991)
(0.01575 0.14849245 0.53109545000000002)
(0.021000000000000001 0.14849245 0.53109545000000002)
(0 0.15591707500000002 0.52367082500000006)
(0.0052500000000000003 0.15591707500000004 0.52367082500000006)
(0.010500000000000001 0.15591707499999999 0.52367082500000006)
(0.01575 0.15591707500000002 0.52367082500000006)
(0.021000000000000001 0.15591707500000002 0.52367082500000006)
(0 0.16334170000000001 0.5162462000000001)
(0.0052500000000000003 0.16334170000000001 0.5162462000000001)
(0.010500000000000001 0.16334169999999998 0.5162462000000001)
(0.01575 0.16334170000000001 0.5162462000000001)
(0.021000000000000001 0.16334170000000001 0.5162462000000001)
(0 -0.030903627690090717 0.4110963723099092)
(0.010500000000000001 -0.030903627690090717 0.41109637230990931)
(0.021000000000000001 -0.03090362769009072 0.41109637230990931)
(0.0315 -0.030903627690090717 0.4110963723099092)
(0.042000000000000003 -0.030903627690090717 0.4110963723099092)
(0 -0.029969007810913117 0.41068197255405753)
(0.010261524889004347 -0.029969007810913117 0.41068197255405764)
(0.020523049778008694 -0.029969007810913117 0.41068197255405742)
(0.030784574667013044 -0.029969007810913113 0.41068197255405753)
(0.041046099556017387 -0.029969007810913117 0.41068197255405753)
(0 -0.028878746580887325 0.41019856320486309)
(0.0099833367468117815 -0.028878746580887325 0.4101985632048632)
(0.019966673493623563 -0.028878746580887325 0.41019856320486314)
(0.029950010240435348 -0.028878746580887325 0.41019856320486314)
(0.039933346987247126 -0.028878746580887325 0.41019856320486309)
(0 -0.02760692519533826 0.40963465216102513)
(0.0096588222004784247 -0.027606925195338253 0.40963465216102529)
(0.019317644400956849 -0.02760692519533826 0.40963465216102529)
(0.028976466601435272 -0.027606925195338253 0.40963465216102529)
(0.038635288801913699 -0.02760692519533826 0.40963465216102513)
(0 -0.026123308615941337 0.40897683355265074)
(0.009280266558415691 -0.026123308615941341 0.40897683355265074)
(0.018560533116831382 -0.026123308615941337 0.40897683355265074)
(0.02784079967524708 -0.026123308615941341 0.4089768335526508)
(0.037121066233662764 -0.026123308615941337 0.40897683355265074)
(0 -0.02439262679247825 0.40820946904320826)
(0.0088386704088541327 -0.024392626792478254 0.40820946904320843)
(0.017677340817708265 -0.024392626792478243 0.40820946904320843)
(0.0265160112265624 -0.024392626792478254 0.40820946904320843)
(0.035354681635416531 -0.02439262679247825 0.40820946904320826)
(0 -0.022373736187142012 0.40731431605900364)
(0.0083235356766255767 -0.022373736187142012 0.40731431605900364)
(0.016647071353251153 -0.022373736187142012 0.4073143160590037)
(0.024970607029876732 -0.022373736187142012 0.40731431605900364)
(0.033294142706502307 -0.022373736187142012 0.40731431605900364)
(0 -0.020018641668289882 0.40627009410806569)
(0.0077226160521866993 -0.020018641668289882 0.40627009410806569)
(0.015445232104373399 -0.020018641668289879 0.40627009410806564)
(0.023167848156560103 -0.020018641668289885 0.40627009410806569)
(0.030890464208746797 -0.020018641668289882 0.40627009410806569)
(0 -0.01727135552110233 0.40505197887853367)
(0.0070216258598275755 -0.01727135552110233 0.40505197887853372)
(0.014043251719655151 -0.017271355521102334 0.40505197887853367)
(0.021064877579482725 -0.01727135552110233 0.40505197887853372)
(0.028086503439310302 -0.01727135552110233 0.40505197887853367)
(0 -0.014066566450382872 0.40363101208973473)
(0.0062039004439826085 -0.014066566450382871 0.40363101208973473)
(0.012407800887965219 -0.014066566450382872 0.40363101208973484)
(0.018611701331947828 -0.014066566450382872 0.40363101208973473)
(0.024815601775930438 -0.014066566450382872 0.40363101208973473)
(0 -0.018918882710398269 0.42308111728960174)
(0.010500000000000002 -0.018918882710398266 0.42308111728960174)
(0.021000000000000005 -0.018918882710398266 0.42308111728960179)
(0.0315 -0.018918882710398269 0.42308111728960174)
(0.04200000000000001 -0.018918882710398269 0.42308111728960174)
(0 -0.018005086993009657 0.42264589337196096)
(0.010261524889004347 -0.018005086993009654 0.42264589337196096)
(0.020523049778008697 -0.018005086993009657 0.42264589337196096)
(0.030784574667013037 -0.018005086993009654 0.42264589337196096)
(0.041046099556017387 -0.018005086993009657 0.42264589337196096)
(0 -0.016939117752435555 0.42213819203331493)
(0.0099833367468117815 -0.016939117752435555 0.42213819203331487)
(0.019966673493623566 -0.016939117752435555 0.42213819203331493)
(0.029950010240435344 -0.016939117752435555 0.42213819203331487)
(0.039933346987247126 -0.016939117752435555 0.42213819203331493)
(0 -0.015695633678010964 0.42154594367835257)
(0.0096588222004784247 -0.01569563367801096 0.42154594367835257)
(0.019317644400956846 -0.015695633678010964 0.42154594367835246)
(0.028976466601435266 -0.01569563367801096 0.42154594367835257)
(0.038635288801913692 -0.015695633678010964 0.42154594367835257)
(0 -0.014245073394944248 0.42085506877364787)
(0.009280266558415691 -0.014245073394944248 0.42085506877364787)
(0.018560533116831382 -0.01424507339494425 0.42085506877364792)
(0.02784079967524708 -0.014245073394944248 0.42085506877364781)
(0.037121066233662764 -0.014245073394944248 0.42085506877364787)
(0 -0.012552952701091172 0.4200491431345954)
(0.0088386704088541344 -0.012552952701091172 0.4200491431345954)
(0.017677340817708269 -0.012552952701091172 0.4200491431345954)
(0.0265160112265624 -0.012552952701091172 0.4200491431345954)
(0.035354681635416538 -0.012552952701091172 0.4200491431345954)
(0 -0.010579044773243874 0.41910900747290181)
(0.0083235356766255767 -0.010579044773243874 0.41910900747290186)
(0.016647071353251153 -0.010579044773243878 0.41910900747290175)
(0.024970607029876735 -0.010579044773243874 0.41910900747290186)
(0.033294142706502307 -0.010579044773243874 0.41910900747290181)
(0 -0.008276423853960482 0.41801231192239513)
(0.0077226160521866993 -0.0082764238539604768 0.41801231192239513)
(0.015445232104373399 -0.0082764238539604802 0.41801231192239502)
(0.0231678481565601 -0.0082764238539604802 0.41801231192239513)
(0.030890464208746797 -0.008276423853960482 0.41801231192239513)
(0 -0.0055903496844809481 0.41673298471515507)
(0.0070216258598275738 -0.0055903496844809481 0.41673298471515507)
(0.014043251719655148 -0.005590349684480949 0.41673298471515519)
(0.021064877579482725 -0.0055903496844809473 0.41673298471515507)
(0.028086503439310295 -0.0055903496844809481 0.41673298471515507)
(0 -0.0024569661633277767 0.41524061237678983)
(0.0062039004439826094 -0.0024569661633277772 0.41524061237678983)
(0.012407800887965219 -0.0024569661633277772 0.41524061237678977)
(0.018611701331947828 -0.0024569661633277767 0.41524061237678983)
(0.024815601775930438 -0.0024569661633277767 0.41524061237678983)
(0 -0.0059746421769407915 0.43602535782305923)
(0.010500000000000002 -0.0059746421769407932 0.43602535782305929)
(0.021000000000000005 -0.0059746421769407932 0.43602535782305923)
(0.031500000000000007 -0.0059746421769407915 0.43602535782305929)
(0.04200000000000001 -0.0059746421769407915 0.43602535782305923)
(0 -0.0050833377982966469 0.43556764256667402)
(0.010261524889004347 -0.0050833377982966461 0.43556764256667391)
(0.020523049778008694 -0.0050833377982966469 0.43556764256667402)
(0.030784574667013044 -0.0050833377982966461 0.43556764256667391)
(0.041046099556017387 -0.0050833377982966469 0.43556764256667402)
(0 -0.0040436053575069134 0.43503370442824357)
(0.0099833367468117815 -0.0040436053575069117 0.43503370442824352)
(0.019966673493623563 -0.0040436053575069134 0.43503370442824357)
(0.029950010240435348 -0.0040436053575069117 0.43503370442824357)
(0.039933346987247126 -0.0040436053575069134 0.43503370442824357)
(0 -0.0028307272719363314 0.4344108500844272)
(0.009658822200478423 -0.0028307272719363314 0.43441085008442726)
(0.019317644400956846 -0.002830727271936331 0.43441085008442709)
(0.028976466601435272 -0.0028307272719363314 0.4344108500844272)
(0.038635288801913692 -0.0028307272719363314 0.4344108500844272)
(0 -0.0014158697636527623 0.43368427240493934)
(0.009280266558415691 -0.0014158697636527638 0.43368427240493934)
(0.018560533116831382 -0.0014158697636527621 0.43368427240493934)
(0.02784079967524708 -0.0014158697636527634 0.43368427240493929)
(0.037121066233662764 -0.0014158697636527623 0.43368427240493934)
(0 0.00023460260662232666 0.43283669844230893)
(0.0088386704088541327 0.00023460260662232769 0.43283669844230888)
(0.017677340817708265 0.00023460260662232666 0.43283669844230893)
(0.026516011226562403 0.00023460260662232777 0.43283669844230888)
(0.035354681635416531 0.00023460260662232666 0.43283669844230893)
(0 0.002159926555566244 0.43184797880171188)
(0.0083235356766255767 0.0021599265555662453 0.43184797880171183)
(0.016647071353251153 0.002159926555566244 0.43184797880171194)
(0.024970607029876732 0.0021599265555662453 0.43184797880171188)
(0.033294142706502307 0.002159926555566244 0.43184797880171188)
(0 0.0044058728526006914 0.43069460862895631)
(0.0077226160521867019 0.0044058728526006922 0.43069460862895631)
(0.015445232104373404 0.0044058728526006914 0.43069460862895631)
(0.023167848156560103 0.0044058728526006922 0.43069460862895631)
(0.030890464208746807 0.0044058728526006914 0.43069460862895631)
(0 0.0070258344294198199 0.42934916882905594)
(0.0070216258598275738 0.0070258344294198208 0.42934916882905594)
(0.014043251719655148 0.0070258344294198199 0.42934916882905583)
(0.021064877579482725 0.0070258344294198199 0.42934916882905594)
(0.028086503439310295 0.0070258344294198199 0.42934916882905594)
(0 0.010082095691352962 0.42777967423147062)
(0.0062039004439826085 0.01008209569135296 0.42777967423147056)
(0.012407800887965217 0.010082095691352962 0.42777967423147062)
(0.018611701331947828 0.01008209569135296 0.42777967423147062)
(0.024815601775930434 0.010082095691352962 0.42777967423147062)
(0 0.0080059108737845202 0.45000591087378444)
(0.010500000000000001 0.0080059108737845202 0.45000591087378444)
(0.021000000000000001 0.0080059108737845202 0.45000591087378444)
(0.0315 0.0080059108737845202 0.45000591087378444)
(0.042000000000000003 0.0080059108737845202 0.45000591087378444)
(0 0.0088729232629769662 0.44952390362794764)
(0.010261524889004349 0.0088729232629769662 0.44952390362794753)
(0.020523049778008694 0.0088729232629769662 0.44952390362794764)
(0.030784574667013044 0.0088729232629769662 0.44952390362794753)
(0.041046099556017387 0.0088729232629769662 0.44952390362794764)
(0 0.0098843183926422291 0.44896162817839269)
(0.0099833367468117815 0.0098843183926422291 0.44896162817839269)
(0.019966673493623563 0.0098843183926422308 0.4489616281783928)
(0.029950010240435348 0.0098843183926422273 0.44896162817839269)
(0.039933346987247126 0.0098843183926422291 0.44896162817839269)
(0 0.011064140181882617 0.44830571753824616)
(0.0096588222004784247 0.011064140181882615 0.44830571753824622)
(0.019317644400956846 0.011064140181882617 0.44830571753824622)
(0.028976466601435272 0.011064140181882613 0.44830571753824616)
(0.038635288801913692 0.011064140181882617 0.44830571753824616)
(0 0.012440436560556163 0.44754057872914821)
(0.009280266558415691 0.012440436560556163 0.44754057872914832)
(0.018560533116831382 0.012440436560556165 0.44754057872914821)
(0.02784079967524708 0.012440436560556163 0.44754057872914838)
(0.037121066233662764 0.012440436560556163 0.44754057872914821)
(0 0.014045926253342314 0.44664802208902887)
(0.0088386704088541327 0.014045926253342314 0.44664802208902887)
(0.017677340817708265 0.014045926253342316 0.44664802208902876)
(0.0265160112265624 0.014045926253342316 0.44664802208902893)
(0.035354681635416531 0.014045926253342314 0.44664802208902887)
(0 0.015918776602717493 0.44560682884886321)
(0.0083235356766255784 0.015918776602717497 0.44560682884886321)
(0.016647071353251153 0.015918776602717493 0.44560682884886305)
(0.024970607029876732 0.015918776602717493 0.44560682884886316)
(0.033294142706502314 0.015918776602717493 0.44560682884886321)
(0 0.018103510922043924 0.44439224669839944)
(0.0077226160521867019 0.018103510922043924 0.4443922466983995)
(0.015445232104373399 0.018103510922043927 0.4443922466983995)
(0.023167848156560103 0.018103510922043924 0.44439224669839955)
(0.030890464208746797 0.018103510922043924 0.44439224669839944)
(0 0.020652066949296763 0.44297540134893282)
(0.0070216258598275755 0.020652066949296763 0.44297540134893282)
(0.014043251719655148 0.020652066949296763 0.44297540134893287)
(0.021064877579482725 0.020652066949296763 0.44297540134893282)
(0.028086503439310295 0.020652066949296763 0.44297540134893282)
(0 0.023625031564073938 0.4413226101041916)
(0.0062039004439826094 0.023625031564073938 0.4413226101041916)
(0.012407800887965219 0.023625031564073938 0.4413226101041916)
(0.018611701331947832 0.023625031564073942 0.44132261010419166)
(0.024815601775930438 0.023625031564073938 0.4413226101041916)
(0 0.023105743351320908 0.46510574335132088)
(0.010500000000000001 0.023105743351320908 0.46510574335132099)
(0.021000000000000001 0.023105743351320908 0.46510574335132099)
(0.0315 0.023105743351320908 0.46510574335132088)
(0.042000000000000003 0.023105743351320908 0.46510574335132088)
(0 0.023946518940728991 0.4645974993056996)
(0.010261524889004349 0.023946518940728995 0.4645974993056996)
(0.020523049778008697 0.023946518940728981 0.46459749930569977)
(0.030784574667013044 0.023946518940728991 0.4645974993056996)
(0.041046099556017394 0.023946518940728991 0.4645974993056996)
(0 0.024927308081540235 0.46400461786729075)
(0.0099833367468117832 0.024927308081540235 0.4640046178672908)
(0.019966673493623566 0.024927308081540242 0.46400461786729075)
(0.029950010240435344 0.024927308081540242 0.46400461786729075)
(0.039933346987247133 0.024927308081540235 0.46400461786729075)
(0 0.026071427095997479 0.46331300445236112)
(0.0096588222004784247 0.026071427095997479 0.46331300445236095)
(0.019317644400956849 0.026071427095997479 0.46331300445236101)
(0.028976466601435272 0.026071427095997479 0.46331300445236101)
(0.038635288801913699 0.026071427095997479 0.46331300445236112)
(0 0.027406075151093046 0.46250621731968505)
(0.009280266558415691 0.027406075151093046 0.46250621731968516)
(0.018560533116831382 0.027406075151093046 0.46250621731968516)
(0.02784079967524708 0.02740607515109305 0.46250621731968516)
(0.037121066233662764 0.027406075151093046 0.46250621731968505)
(0 0.028962980864975809 0.46156507670066238)
(0.0088386704088541327 0.028962980864975806 0.46156507670066249)
(0.017677340817708265 0.028962980864975816 0.46156507670066249)
(0.0265160112265624 0.028962980864975816 0.46156507670066238)
(0.035354681635416531 0.028962980864975809 0.46156507670066238)
(0 0.030779156592102046 0.46046720883824782)
(0.0083235356766255767 0.030779156592102039 0.46046720883824771)
(0.016647071353251153 0.030779156592102046 0.46046720883824771)
(0.024970607029876732 0.030779156592102046 0.46046720883824771)
(0.033294142706502307 0.030779156592102046 0.46046720883824782)
(0 0.03289777831876807 0.45918651409512368)
(0.0077226160521866993 0.03289777831876807 0.45918651409512368)
(0.015445232104373399 0.03289777831876807 0.45918651409512362)
(0.0231678481565601 0.03289777831876807 0.45918651409512368)
(0.030890464208746797 0.03289777831876807 0.45918651409512368)
(0 0.035369212086800876 0.45769254648643692)
(0.0070216258598275738 0.035369212086800876 0.45769254648643692)
(0.014043251719655148 0.035369212086800869 0.45769254648643687)
(0.021064877579482721 0.035369212086800876 0.45769254648643704)
(0.028086503439310295 0.035369212086800876 0.45769254648643692)
(0 0.038252211346600173 0.45594978988671786)
(0.0062039004439826094 0.038252211346600173 0.4559497898867178)
(0.012407800887965219 0.03825221134660018 0.45594978988671786)
(0.018611701331947828 0.038252211346600173 0.4559497898867178)
(0.024815601775930438 0.038252211346600173 0.45594978988671786)
(0 0.039414464474326429 0.48141446447432645)
(0.010500000000000001 0.039414464474326429 0.48141446447432645)
(0.021000000000000001 0.039414464474326429 0.48141446447432645)
(0.0315 0.039414464474326429 0.48141446447432645)
(0.042000000000000003 0.039414464474326429 0.48141446447432645)
(0 0.040226902752610039 0.48087788311758067)
(0.010261524889004349 0.040226902752610046 0.48087788311758073)
(0.020523049778008697 0.040226902752610039 0.48087788311758067)
(0.030784574667013044 0.040226902752610039 0.48087788311758073)
(0.041046099556017394 0.040226902752610039 0.48087788311758067)
(0 0.041174635597091093 0.48025194538284161)
(0.0099833367468117815 0.0411746355970911 0.48025194538284161)
(0.019966673493623563 0.0411746355970911 0.48025194538284161)
(0.029950010240435348 0.0411746355970911 0.48025194538284161)
(0.039933346987247126 0.041174635597091093 0.48025194538284161)
(0 0.042280193481938323 0.47952177083830183)
(0.009658822200478423 0.042280193481938316 0.47952177083830178)
(0.019317644400956846 0.042280193481938323 0.47952177083830183)
(0.028976466601435272 0.042280193481938316 0.47952177083830178)
(0.038635288801913692 0.042280193481938323 0.47952177083830183)
(0 0.043569858859544952 0.47867000102813706)
(0.009280266558415691 0.043569858859544945 0.478670001028137)
(0.018560533116831382 0.043569858859544945 0.47867000102813706)
(0.02784079967524708 0.043569858859544945 0.47867000102813706)
(0.037121066233662764 0.043569858859544952 0.47867000102813706)
(0 0.045074290973858983 0.47767638680954561)
(0.0088386704088541327 0.045074290973858983 0.47767638680954561)
(0.017677340817708265 0.045074290973858983 0.47767638680954561)
(0.0265160112265624 0.045074290973858983 0.47767638680954561)
(0.035354681635416531 0.045074290973858983 0.47767638680954561)
(0 0.046829254723277189 0.47651730696942285)
(0.0083235356766255767 0.046829254723277189 0.47651730696942285)
(0.016647071353251153 0.046829254723277189 0.47651730696942285)
(0.024970607029876732 0.046829254723277189 0.47651730696942279)
(0.033294142706502307 0.046829254723277189 0.47651730696942285)
(0 0.048876470900376924 0.47516520667673245)
(0.0077226160521866993 0.048876470900376924 0.47516520667673245)
(0.015445232104373399 0.048876470900376924 0.47516520667673245)
(0.0231678481565601 0.048876470900376924 0.47516520667673245)
(0.030890464208746797 0.048876470900376924 0.47516520667673245)
(0 0.051264608021253773 0.47358794242088986)
(0.0070216258598275738 0.051264608021253766 0.47358794242088975)
(0.014043251719655148 0.051264608021253766 0.47358794242088975)
(0.021064877579482725 0.051264608021253766 0.47358794242088975)
(0.028086503439310295 0.051264608021253773 0.47358794242088986)
(0 0.05405043932324629 0.4717480178633639)
(0.0062039004439826094 0.054050439323246283 0.47174801786336384)
(0.012407800887965219 0.054050439323246303 0.47174801786336396)
(0.018611701331947828 0.054050439323246283 0.47174801786336396)
(0.024815601775930438 0.05405043932324629 0.4717480178633639)
(0 0.057028857552107223 0.49902885755210719)
(0.010500000000000001 0.057028857552107216 0.49902885755210724)
(0.021000000000000001 0.057028857552107223 0.49902885755210719)
(0.0315 0.057028857552107216 0.49902885755210719)
(0.042000000000000003 0.057028857552107223 0.49902885755210719)
(0 0.057810689841536825 0.4984616702065075)
(0.010261524889004349 0.057810689841536825 0.4984616702065075)
(0.020523049778008697 0.057810689841536825 0.49846167020650733)
(0.030784574667013048 0.057810689841536825 0.4984616702065075)
(0.041046099556017394 0.057810689841536825 0.4984616702065075)
(0 0.058722719911234719 0.49780002969698517)
(0.0099833367468117815 0.058722719911234726 0.49780002969698506)
(0.019966673493623563 0.058722719911234719 0.49780002969698506)
(0.029950010240435348 0.058722719911234726 0.49780002969698517)
(0.039933346987247126 0.058722719911234719 0.49780002969698517)
(0 0.059786629472503953 0.4970282068288675)
(0.009658822200478423 0.059786629472503953 0.49702820682886756)
(0.019317644400956846 0.05978662947250396 0.49702820682886745)
(0.028976466601435272 0.059786629472503953 0.4970282068288675)
(0.038635288801913692 0.059786629472503953 0.4970282068288675)
(0 0.061027710871207209 0.49612785303979928)
(0.009280266558415691 0.061027710871207209 0.49612785303979928)
(0.018560533116831382 0.061027710871207209 0.49612785303979945)
(0.02784079967524708 0.061027710871207209 0.49612785303979928)
(0.037121066233662764 0.061027710871207209 0.49612785303979928)
(0 0.062475468363272287 0.49507756419895882)
(0.0088386704088541327 0.062475468363272293 0.49507756419895899)
(0.017677340817708265 0.062475468363272287 0.49507756419895893)
(0.0265160112265624 0.062475468363272293 0.49507756419895899)
(0.035354681635416531 0.062475468363272287 0.49507756419895882)
(0 0.0641643195200301 0.4938523717661758)
(0.0083235356766255767 0.064164319520030086 0.4938523717661758)
(0.016647071353251153 0.0641643195200301 0.49385237176617575)
(0.024970607029876732 0.064164319520030086 0.4938523717661758)
(0.033294142706502307 0.0641643195200301 0.4938523717661758)
(0 0.066134413437909809 0.49242314921426533)
(0.0077226160521866993 0.066134413437909809 0.49242314921426539)
(0.015445232104373399 0.066134413437909795 0.49242314921426533)
(0.0231678481565601 0.066134413437909809 0.49242314921426533)
(0.030890464208746797 0.066134413437909809 0.49242314921426533)
(0 0.068432585203808752 0.49075591960344472)
(0.0070216258598275738 0.068432585203808752 0.49075591960344472)
(0.014043251719655148 0.06843258520380878 0.49075591960344472)
(0.021064877579482725 0.068432585203808752 0.49075591960344472)
(0.028086503439310295 0.068432585203808752 0.49075591960344472)
(0 0.071113469306663818 0.48881104784678137)
(0.0062039004439826094 0.071113469306663818 0.48881104784678148)
(0.012407800887965217 0.071113469306663818 0.48881104784678137)
(0.018611701331947828 0.071113469306663818 0.48881104784678148)
(0.024815601775930434 0.071113469306663818 0.48881104784678137)
(0 0.076053454340441598 0.51805345434044159)
(0.010500000000000001 0.076053454340441598 0.51805345434044159)
(0.021000000000000001 0.076053454340441584 0.51805345434044159)
(0.0315 0.076053454340441598 0.51805345434044159)
(0.042000000000000003 0.076053454340441598 0.51805345434044159)
(0 0.076802230333540972 0.51745321069851158)
(0.010261524889004349 0.076802230333540986 0.51745321069851147)
(0.020523049778008694 0.076802230333540972 0.51745321069851158)
(0.030784574667013044 0.076802230333540986 0.51745321069851147)
(0.041046099556017387 0.076802230333540972 0.51745321069851158)
(0 0.077675699273628884 0.51675300905937938)
(0.0099833367468117832 0.077675699273628884 0.51675300905937926)
(0.019966673493623566 0.077675699273628884 0.51675300905937949)
(0.029950010240435348 0.077675699273628884 0.51675300905937926)
(0.039933346987247133 0.077675699273628884 0.51675300905937938)
(0 0.078694626157409173 0.51593620351377278)
(0.009658822200478423 0.078694626157409173 0.51593620351377278)
(0.019317644400956846 0.078694626157409187 0.51593620351377267)
(0.028976466601435272 0.078694626157409187 0.51593620351377278)
(0.038635288801913692 0.078694626157409173 0.51593620351377278)
(0 0.079883233956543676 0.51498337612513578)
(0.009280266558415691 0.079883233956543676 0.51498337612513578)
(0.018560533116831382 0.079883233956543676 0.51498337612513567)
(0.02784079967524708 0.079883233956543689 0.51498337612513578)
(0.037121066233662764 0.079883233956543676 0.51498337612513578)
(0 0.081269779470900749 0.51387187530658729)
(0.0088386704088541327 0.081269779470900749 0.51387187530658729)
(0.017677340817708265 0.081269779470900763 0.51387187530658729)
(0.0265160112265624 0.081269779470900763 0.51387187530658718)
(0.035354681635416531 0.081269779470900749 0.51387187530658729)
(0 0.082887225078092278 0.51257527732423791)
(0.0083235356766255767 0.082887225078092278 0.51257527732423791)
(0.016647071353251153 0.082887225078092291 0.51257527732423802)
(0.024970607029876732 0.082887225078092278 0.51257527732423791)
(0.033294142706502314 0.082887225078092278 0.51257527732423791)
(0 0.084774022348816008 0.51106275812517166)
(0.0077226160521866993 0.084774022348816022 0.51106275812517155)
(0.015445232104373399 0.084774022348816008 0.51106275812517155)
(0.0231678481565601 0.084774022348816022 0.51106275812517155)
(0.030890464208746797 0.084774022348816008 0.51106275812517166)
(0 0.086975026156908206 0.50929836055654421)
(0.0070216258598275738 0.086975026156908219 0.50929836055654432)
(0.014043251719655148 0.086975026156908206 0.50929836055654432)
(0.021064877579482725 0.086975026156908206 0.50929836055654443)
(0.028086503439310295 0.086975026156908206 0.50929836055654421)
(0 0.089542561015265393 0.50724013955538316)
(0.0062039004439826094 0.089542561015265379 0.50724013955538305)
(0.012407800887965219 0.089542561015265379 0.50724013955538316)
(0.018611701331947828 0.089542561015265379 0.50724013955538305)
(0.024815601775930438 0.089542561015265393 0.50724013955538316)
(0 0.096601155380181394 0.53860115538018138)
(0.010500000000000001 0.096601155380181394 0.53860115538018138)
(0.021000000000000001 0.096601155380181408 0.53860115538018138)
(0.0315 0.096601155380181408 0.53860115538018138)
(0.042000000000000003 0.096601155380181394 0.53860115538018138)
(0 0.097314228598497657 0.53796520896346833)
(0.010261524889004347 0.097314228598497657 0.53796520896346833)
(0.020523049778008694 0.097314228598497685 0.53796520896346822)
(0.030784574667013044 0.097314228598497671 0.53796520896346833)
(0.041046099556017387 0.097314228598497657 0.53796520896346833)
(0 0.098146049215007553 0.53722335900075791)
(0.0099833367468117832 0.098146049215007566 0.53722335900075802)
(0.019966673493623563 0.098146049215007566 0.53722335900075779)
(0.029950010240435348 0.098146049215007566 0.53722335900075802)
(0.039933346987247126 0.098146049215007553 0.53722335900075791)
(0 0.099116392119884489 0.53635796947624792)
(0.009658822200478423 0.099116392119884489 0.53635796947624781)
(0.019317644400956846 0.099116392119884489 0.53635796947624792)
(0.028976466601435272 0.099116392119884503 0.53635796947624781)
(0.038635288801913692 0.099116392119884489 0.53635796947624792)
(0 0.10024832529677007 0.53534846746536224)
(0.009280266558415691 0.10024832529677004 0.53534846746536213)
(0.018560533116831382 0.10024832529677002 0.53534846746536224)
(0.02784079967524708 0.10024832529677004 0.53534846746536213)
(0.037121066233662764 0.10024832529677007 0.53534846746536224)
(0 0.1015687582184667 0.53417085405415321)
(0.0088386704088541344 0.10156875821846671 0.53417085405415332)
(0.017677340817708265 0.10156875821846673 0.53417085405415343)
(0.026516011226562403 0.10156875821846671 0.53417085405415332)
(0.035354681635416531 0.1015687582184667 0.53417085405415321)
(0 0.10310908156643819 0.53279713381258398)
(0.0083235356766255767 0.10310908156643821 0.53279713381258387)
(0.016647071353251153 0.10310908156643821 0.53279713381258387)
(0.024970607029876732 0.10310908156643819 0.53279713381258387)
(0.033294142706502307 0.10310908156643819 0.53279713381258398)
(0 0.10490591348218406 0.53119464925853954)
(0.0077226160521866993 0.10490591348218406 0.53119464925853954)
(0.015445232104373399 0.10490591348218406 0.53119464925853976)
(0.0231678481565601 0.10490591348218406 0.53119464925853976)
(0.030890464208746797 0.10490591348218406 0.53119464925853954)
(0 0.10700197009113879 0.52932530449077475)
(0.0070216258598275738 0.10700197009113878 0.52932530449077475)
(0.014043251719655148 0.10700197009113881 0.52932530449077497)
(0.021064877579482725 0.10700197009113878 0.52932530449077475)
(0.028086503439310295 0.10700197009113879 0.52932530449077475)
(0 0.1094470809940799 0.52714465953419753)
(0.0062039004439826094 0.1094470809940799 0.52714465953419753)
(0.012407800887965219 0.10944708099407992 0.52714465953419753)
(0.018611701331947825 0.1094470809940799 0.52714465953419753)
(0.024815601775930438 0.1094470809940799 0.52714465953419753)
(0 0.11879389999999999 0.56079390000000007)
(0.010500000000000001 0.11879389999999999 0.56079390000000007)
(0.021000000000000001 0.11879389999999999 0.56079390000000007)
(0.0315 0.11879389999999997 0.56079390000000007)
(0.042000000000000003 0.11879389999999999 0.56079390000000007)
(0 0.11946841208870625 0.56011939245367681)
(0.010261524889004349 0.11946841208870622 0.56011939245367681)
(0.020523049778008697 0.11946841208870625 0.56011939245367681)
(0.030784574667013037 0.11946841208870622 0.56011939245367681)
(0.041046099556017394 0.11946841208870625 0.56011939245367681)
(0 0.1202552500277272 0.55933255981347774)
(0.0099833367468117815 0.12025525002772723 0.55933255981347763)
(0.019966673493623563 0.1202552500277272 0.55933255981347774)
(0.029950010240435348 0.12025525002772723 0.55933255981347763)
(0.039933346987247126 0.1202552500277272 0.55933255981347774)
(0 0.12117311933303539 0.55841469668939892)
(0.009658822200478423 0.12117311933303536 0.55841469668939892)
(0.019317644400956846 0.12117311933303536 0.5584146966893988)
(0.028976466601435272 0.12117311933303539 0.55841469668939903)
(0.038635288801913692 0.12117311933303539 0.55841469668939892)
(0 0.12224384053221293 0.55734398270080499)
(0.009280266558415691 0.12224384053221293 0.55734398270080499)
(0.018560533116831382 0.12224384053221292 0.55734398270080499)
(0.02784079967524708 0.12224384053221293 0.55734398270080499)
(0.037121066233662764 0.12224384053221293 0.55734398270080499)
(0 0.1234928679043433 0.55609496374002998)
(0.0088386704088541327 0.12349286790434333 0.55609496374002998)
(0.017677340817708265 0.1234928679043433 0.55609496374002998)
(0.0265160112265624 0.12349286790434331 0.55609496374003009)
(0.035354681635416531 0.1234928679043433 0.55609496374002998)
(0 0.12494989460515882 0.55463794685130452)
(0.0083235356766255767 0.12494989460515882 0.55463794685130452)
(0.016647071353251153 0.12494989460515883 0.55463794685130452)
(0.024970607029876732 0.12494989460515882 0.55463794685130452)
(0.033294142706502307 0.12494989460515882 0.55463794685130452)
(0 0.12664955856309792 0.55293829433945352)
(0.0077226160521866993 0.12664955856309792 0.55293829433945363)
(0.015445232104373399 0.12664955856309792 0.55293829433945352)
(0.0231678481565601 0.12664955856309792 0.55293829433945363)
(0.030890464208746797 0.12664955856309792 0.55293829433945352)
(0 0.12863226592755472 0.55095560032719071)
(0.0070216258598275738 0.12863226592755475 0.55095560032719082)
(0.014043251719655148 0.12863226592755475 0.55095560032719082)
(0.021064877579482725 0.12863226592755472 0.55095560032719071)
(0.028086503439310295 0.12863226592755472 0.55095560032719071)
(0 0.13094515164517506 0.54864273018529275)
(0.0062039004439826094 0.13094515164517509 0.54864273018529264)
(0.012407800887965219 0.13094515164517506 0.54864273018529275)
(0.018611701331947828 0.13094515164517506 0.54864273018529275)
(0.024815601775930438 0.13094515164517506 0.54864273018529275)
(0.042000000000000003 -0.010328090384167885 0.40197343461583213)
(0.04200000000000001 0.01024744692175495 0.39285049692175494)
(0.042000000000000003 0.030822984227677784 0.38372755922767782)
(0.042000000000000003 0.051398521533600618 0.37460462153360069)
(0.041046099556017394 -0.009860780366211722 0.40176623368067776)
(0.041046099556017394 0.010247447078489669 0.39285049480729817)
(0.041046099556017387 0.030355674523191066 0.38393475593391851)
(0.041046099556017387 0.050463901967892459 0.37501901706053886)
(0.039933346987247126 -0.0093156496597810237 0.40152452777279307)
(0.039933346987247126 0.010247447261325272 0.39285049234072289)
(0.039933346987247126 0.029810544182431568 0.38417645690865282)
(0.039933346987247126 0.049373641103537862 0.37550242147658258)
(0.038635288801913699 -0.0086797388603649696 0.40124257081220821)
(0.038635288801913699 0.010247447474608313 0.39285048946339118)
(0.038635288801913706 0.029174633809581595 0.38445840811457405)
(0.038635288801913699 0.048101820144554872 0.37606632676575708)
(0.037121066233662764 -0.0079379304462660859 0.40091365982977545)
(0.037121066233662757 0.010247447723409169 0.39285048610690027)
(0.037121066233662764 0.028432825893084428 0.38478731238402492)
(0.037121066233662764 0.046618204062759676 0.37672413866114968)
(0.035354681635416538 -0.0070725893894178276 0.40052997561733217)
(0.035354681635416517 0.010247448013642598 0.39285048219145602)
(0.035354681635416531 0.027567485416703025 0.38517098876557998)
(0.035354681635416531 0.044887522819763458 0.37749149533970372)
(0.033294142706502307 -0.0060631439174668464 0.40008239684149022)
(0.033294142706502321 0.010247448352208316 0.39285047762397673)
(0.033294142706502307 0.026558040621883484 0.38561855840646314)
(0.033294142706502307 0.042868632891558643 0.37838663918894966)
(0.030890464208746804 -0.0048855964605674079 0.39956028320197262)
(0.030890464208746797 0.010247448747155065 0.39285047229587933)
(0.030890464208746804 0.025380493954877539 0.38614066138978631)
(0.030890464208746797 0.040513539162600011 0.37943085048369307)
(0.028086503439310295 -0.0035119531566152086 0.39895122247951642)
(0.028086503439310306 0.010247449207871909 0.39285046608049917)
(0.028086503439310295 0.024006851572359038 0.38674970968148187)
(0.028086503439310302 0.037766253936846156 0.38064895328246456)
(0.024815601775930434 -0.0019095583525356912 0.39824073545990618)
(0.024815601775930438 0.01024744974531149 0.39285045883007769)
(0.024815601775930445 0.022404457843158677 0.38746018220024919)
(0.024815601775930438 0.034561465941005849 0.38206990557042053)
(0.042000000000000003 0.0011982095289900575 0.41349973452899008)
(0.042000000000000003 0.021315301768378384 0.40391835176837843)
(0.04200000000000001 0.041432394007766708 0.39433696900776677)
(0.04200000000000001 0.061549486247155026 0.384755586247155)
(0.041046099556017387 0.0016551075506931541 0.4132821215975826)
(0.041046099556017394 0.021315302094395965 0.4039183498232044)
(0.041046099556017387 0.040975496638098775 0.39455457804882621)
(0.041046099556017387 0.060635691181801579 0.38519080627444785)
(0.039933346987247126 0.0021880923611346916 0.4130282697937086)
(0.039933346987247126 0.02131530247470494 0.40391834755410261)
(0.039933346987247126 0.040442512588275185 0.39480842531449634)
(0.039933346987247126 0.059569722701845421 0.38569850307489023)
(0.038635288801913699 0.002809834620167719 0.41273214429274097)
(0.038635288801913685 0.021315302918346397 0.40391834490712925)
(0.038635288801913692 0.039820771216525074 0.39510454552151741)
(0.038635288801913692 0.058326239514703761 0.38629074613590592)
(0.037121066233662764 0.0035351150204614005 0.4123867052965029)
(0.037121066233662764 0.021315303435867052 0.40391834181935821)
(0.037121066233662771 0.039095491851272701 0.39544997834221318)
(0.037121066233662764 0.056875680266678337 0.38698161486506838)
(0.035354681635416538 0.0043811756692393733 0.41198374067598942)
(0.035354681635416531 0.021315304039569914 0.40391833821738332)
(0.035354681635416538 0.038249432409900468 0.39585293575877728)
(0.035354681635416538 0.055183560780231004 0.38778753330017124)
(0.033294142706502307 0.0053681299852814841 0.4115136707442385)
(0.033294142706502321 0.021315304743806843 0.40391833401557514)
(0.033294142706502307 0.037262479502332191 0.39632299728691195)
(0.033294142706502307 0.053209654260857553 0.38872766055824859)
(0.030890464208746804 0.0065194408556795936 0.41096532051821949)
(0.030890464208746797 0.021315305565319666 0.40391832911404396)
(0.030890464208746804 0.036111170274959734 0.39687133770986843)
(0.030890464208746797 0.050907034984599815 0.38982434630569285)
(0.028086503439310302 0.0078624784195786418 0.41032565405571025)
(0.028086503439310302 0.021315306523638233 0.4039183233962656)
(0.028086503439310302 0.03476813462769781 0.39751099273682061)
(0.028086503439310295 0.048220962731757404 0.3911036620773759)
(0.024815601775930434 0.0094291707391084435 0.40957946455155025)
(0.024815601775930438 0.021315307641544667 0.40391831672631073)
(0.024815601775930438 0.033201444543980892 0.39825716890107121)
(0.024815601775930438 0.045087581446417099 0.39259602107583175)
(0.04200000000000001 0.013647302003589806 0.42594882700358977)
(0.042000000000000003 0.033269246184120409 0.41587229618412047)
(0.04200000000000001 0.052891190364651008 0.40579576536465101)
(0.04200000000000001 0.072513134545181601 0.3957192345451816)
(0.041046099556017394 0.01409295444733847 0.425719968494228)
(0.041046099556017394 0.033269246692973591 0.41587229442178208)
(0.041046099556017387 0.052445538938608705 0.40602462034933612)
(0.041046099556017387 0.071621831184243839 0.3961769462768901)
(0.039933346987247126 0.014612820964529344 0.42545299839710349)
(0.039933346987247126 0.033269247286565599 0.41587229236596313)
(0.039933346987247126 0.051925673608601869 0.4062915863348231)
(0.039933346987247126 0.070582099930638117 0.3967108803036829)
(0.038635288801913692 0.015219260353535794 0.42514157002610886)
(0.038635288801913685 0.033269247979007918 0.41587228996779074)
(0.038635288801913692 0.05131923560448004 0.40660300990947257)
(0.038635288801913692 0.069369223229952162 0.39733372985115428)
(0.037121066233662764 0.015926689511554619 0.42477827978759619)
(0.037121066233662764 0.033269248786761997 0.41587228717025304)
(0.037121066233662764 0.050611808061969382 0.40696629455290989)
(0.037121066233662764 0.06795436733717676 0.3980603019355668)
(0.035354681635416531 0.016751926167826454 0.42435449117457641)
(0.035354681635416531 0.033269249729030587 0.41587228390684394)
(0.035354681635416531 0.049786573290234712 0.40739007663911148)
(0.035354681635416531 0.066303896851438837 0.39890786937137912)
(0.033294142706502307 0.017714588691890253 0.42386012945084717)
(0.033294142706502321 0.033269250828214254 0.41587228009998262)
(0.033294142706502307 0.048823912964538245 0.40788443074911795)
(0.033294142706502307 0.06437857510086227 0.39989658139825335)
(0.030890464208746807 0.01883756248152231 0.42328344214406233)
(0.030890464208746804 0.033269252110443924 0.41587227565916829)
(0.030890464208746804 0.047700941739365538 0.4084611091742742)
(0.030890464208746807 0.062132631368287158 0.40104994268938021)
(0.028086503439310302 0.020147544017810951 0.42261071965394259)
(0.028086503439310302 0.03326925360620208 0.4158722704788293)
(0.028086503439310302 0.046390963194593189 0.40913382130371612)
(0.028086503439310295 0.059512672782984333 0.40239537212860271)
(0.024815601775930434 0.021675675521200165 0.42182596933364203)
(0.024815601775930438 0.033269255351047383 0.41587226443581354)
(0.024815601775930438 0.044862835180894595 0.40991855953798495)
(0.024815601775930434 0.056456415010741806 0.40396485464015652)
(0.042000000000000003 0.027093065571152205 0.43939459057115215)
(0.04200000000000001 0.046180220268519888 0.42878327026851987)
(0.042000000000000003 0.065267374965887581 0.41817194996588769)
(0.042000000000000003 0.084354529663255268 0.40756062966325524)
(0.041046099556017387 0.027526572118911703 0.43915358616580125)
(0.041046099556017394 0.046180220974846441 0.42878326870365485)
(0.041046099556017387 0.064833869830781182 0.41841295124150862)
(0.041046099556017387 0.083487518686715917 0.40804263377936223)
(0.039933346987247126 0.028032270095719555 0.43887244752829363)
(0.039933346987247126 0.046180221798796876 0.42878326687819451)
(0.039933346987247126 0.064328173501874225 0.4186940862280954)
(0.039933346987247126 0.082476125204951525 0.40860490557799634)
(0.038635288801913699 0.028622181470920806 0.43854449114349403)
(0.038635288801913685 0.046180222759959005 0.42878326474874195)
(0.038635288801913699 0.063738264048997198 0.41902203835398977)
(0.038635288801913692 0.081296305338035377 0.40926081195923764)
(0.037121066233662771 0.029310330220869332 0.43816192049691088)
(0.037121066233662764 0.046180223881182515 0.4287832622646735)
(0.037121066233662771 0.063050117541495684 0.41940460403243623)
(0.037121066233662764 0.079920011201808833 0.41002594580019885)
(0.035354681635416531 0.030113075721232306 0.43771564072798236)
(0.035354681635416524 0.046180225189122306 0.42878325936693562)
(0.035354681635416531 0.062247374657012279 0.41985087800588916)
(0.035354681635416531 0.078314524124902293 0.41091849664484259)
(0.033294142706502307 0.031049501658794769 0.43719504241775187)
(0.033294142706502321 0.046180226714872041 0.4287832559866403)
(0.033294142706502307 0.061310951770949328 0.42037146955552901)
(0.033294142706502314 0.0764416768270266 0.41195968312441761)
(0.030890464208746807 0.032141869708373683 0.43658774937091366)
(0.030890464208746797 0.046180228494703442 0.42878325204342782)
(0.030890464208746804 0.060218587281033194 0.42097875471594193)
(0.030890464208746797 0.074256946067362953 0.41317425738845603)
(0.028086503439310295 0.033416148760112598 0.43587932439624427)
(0.028086503439310302 0.046180230570928446 0.42878324744355584)
(0.028086503439310295 0.058944312381744274 0.42168717049086712)
(0.028086503439310295 0.071708394192560129 0.41459109353817847)
(0.024815601775930438 0.034902632278489561 0.43505292609093155)
(0.024815601775930438 0.046180232992905211 0.42878324207767127)
(0.024815601775930445 0.057457833707320841 0.42251355806441138)
(0.024815601775930438 0.068735434421736463 0.41624387405115115)
(0.04200000000000001 0.041615293459141306 0.45391681845914128)
(0.042000000000000003 0.060124843566961718 0.44272789356696174)
(0.04200000000000001 0.078634393674782116 0.43153896867478214)
(0.042000000000000003 0.097143943782602535 0.42035004378260254)
(0.041046099556017394 0.042035681713650151 0.45366269576053969)
(0.041046099556017394 0.060124844486571308 0.44272789221537989)
(0.041046099556017387 0.078214007259492471 0.43179308867021993)
(0.041046099556017394 0.096303170032413635 0.42085828512505991)
(0.039933346987247126 0.04252607682043142 0.45336625425300547)
(0.039933346987247126 0.060124845559322605 0.44272789063872031)
(0.039933346987247126 0.077723614298213797 0.43208952702443509)
(0.039933346987247133 0.095322383037104955 0.42145116341014971)
(0.038635288801913699 0.043098136953357805 0.45302044662593105)
(0.038635288801913692 0.060124846810718148 0.44272788879950103)
(0.038635288801913699 0.077151556668078478 0.43243533097307096)
(0.038635288801913699 0.094178266525438814 0.42214277314664106)
(0.037121066233662771 0.043765461710800216 0.45261705198684188)
(0.037121066233662764 0.060124848270507389 0.44272788665399843)
(0.037121066233662771 0.076484234830214548 0.43283872132115497)
(0.037121066233662764 0.092843621389921721 0.42294955598831174)
(0.035354681635416531 0.044543915419184857 0.45214648042593492)
(0.035354681635416524 0.060124849973393908 0.44272788415120734)
(0.035354681635416531 0.07570578452760296 0.43330928787647982)
(0.035354681635416531 0.091286719081812018 0.42389069160175225)
(0.033294142706502307 0.045452004275981277 0.45159754503493832)
(0.033294142706502321 0.060124851959860511 0.44272788123162882)
(0.033294142706502307 0.074797699643739751 0.43385821742831948)
(0.033294142706502307 0.089470547327618971 0.42498855362500998)
(0.030890464208746804 0.046511316297949773 0.45095719596048978)
(0.030890464208746797 0.060124854277131476 0.44272787782585588)
(0.030890464208746804 0.073738392256313193 0.43449855969122186)
(0.030890464208746797 0.087351930235494882 0.42626924155658802)
(0.028086503439310295 0.047747034533548116 0.45021021016967977)
(0.028086503439310306 0.060124856980295342 0.44272787385292262)
(0.028086503439310302 0.072502679427042596 0.43524553753616552)
(0.028086503439310295 0.084880501873789843 0.42776320121940831)
(0.024815601775930438 0.049188535740107342 0.44933882955254922)
(0.024815601775930448 0.060124860133614524 0.44272786921838064)
(0.024815601775930445 0.071061184527121679 0.43611690888421206)
(0.024815601775930438 0.081997508920628875 0.42950594855004354)
(0.042000000000000003 0.057300167119977395 0.46960169211997738)
(0.042000000000000003 0.075185869765628369 0.45778891976562841)
(0.042000000000000003 0.093071572411279321 0.44597614741127933)
(0.042000000000000003 0.1109572750569303 0.43416337505693031)
(0.041046099556017394 0.057706386834103222 0.46933340088099273)
(0.041046099556017394 0.075185870915596378 0.45778891864440496)
(0.041046099556017394 0.092665354997089555 0.44624443640781697)
(0.041046099556017394 0.11014483907858272 0.43469995417122909)
(0.039933346987247119 0.058180253927079296 0.46902043135965343)
(0.039933346987247126 0.075185872257067465 0.45778891733646515)
(0.039933346987247119 0.092191490587055683 0.44655740331327692)
(0.039933346987247126 0.10919710891704384 0.43532588929008859)
(0.038635288801913699 0.058733033651935378 0.46865534332450859)
(0.038635288801913685 0.075185873821932453 0.45778891581071546)
(0.038635288801913699 0.091638713991929535 0.44692248829692199)
(0.038635288801913692 0.1080915541619266 0.43605606078312881)
(0.037121066233662764 0.059377867253468906 0.46822945752951051)
(0.037121066233662764 0.075185875647392902 0.4577889140308839)
(0.037121066233662764 0.090993884041316864 0.4473483705322574)
(0.037121066233662764 0.10680189243524085 0.43690782703363085)
(0.035354681635416531 0.06013008437535225 0.46773264938210224)
(0.035354681635416524 0.075185877776845503 0.45778891195465893)
(0.035354681635416531 0.090241671178338784 0.44784517452721567)
(0.035354681635416531 0.10529746457983202 0.43790143709977225)
(0.033294142706502307 0.061007567492095509 0.46715310825105255)
(0.033294142706502321 0.075185880260913801 0.45778890953268214)
(0.033294142706502307 0.089364193029732128 0.44842471081431179)
(0.033294142706502307 0.10354250579855044 0.43906051209594149)
(0.030890464208746804 0.062031177029514287 0.46647705669205419)
(0.030890464208746797 0.075185883158651656 0.45778890670737588)
(0.030890464208746797 0.088340589287788984 0.44910075672269767)
(0.030890464208746797 0.10149529541692635 0.44041260673801935)
(0.028086503439310295 0.063225247280100358 0.46568842291623197)
(0.028086503439310302 0.075185886538946978 0.45778890341157424)
(0.028086503439310295 0.08714652579779357 0.44988938390691641)
(0.028086503439310295 0.099107165056640162 0.44198986440225857)
(0.024815601775930438 0.064618164902702974 0.46476845871514477)
(0.024815601775930438 0.075185890482159623 0.45778889956692576)
(0.024815601775930438 0.085753616061616286 0.45080934041870679)
(0.024815601775930438 0.096321341641072936 0.44382978127048756)
(0.042000000000000003 0.074240767670658833 0.48654229267065874)
(0.042000000000000003 0.091452677789210443 0.47405572778921051)
(0.042000000000000003 0.10866458790776205 0.46156916290776207)
(0.042000000000000003 0.12587649802631365 0.44908259802631367)
(0.041046099556017394 0.074631684514758059 0.48625869856164766)
(0.041046099556017387 0.091452679187979349 0.47405572691678777)
(0.041046099556017394 0.10827367386120058 0.46185275527192787)
(0.041046099556017394 0.12509466853442183 0.4496497836270682)
(0.039933346987247126 0.075087700365459295 0.48592787779803331)
(0.039933346987247126 0.091452680819683843 0.4740557258990814)
(0.039933346987247126 0.10781766127390842 0.4621835740001296)
(0.039933346987247126 0.12418264172813297 0.45031142210117769)
(0.038635288801913699 0.075619656097809254 0.48554196577038244)
(0.038635288801913685 0.091452682723114534 0.47405572471189744)
(0.038635288801913699 0.10728570934841981 0.46256948365341244)
(0.038635288801913692 0.12311873597372511 0.45108324259492732)
(0.037121066233662764 0.076240197907364457 0.48509178818340609)
(0.037121066233662764 0.091452684943521725 0.47405572332701285)
(0.037121066233662764 0.10666517197967899 0.46301965847061949)
(0.037121066233662764 0.12187765901583623 0.4519835936142263)
(0.035354681635416531 0.076964077948481743 0.48456664295523183)
(0.035354681635416517 0.091452687533691179 0.47405572171150467)
(0.035354681635416531 0.10594129711890064 0.46354480046777752)
(0.035354681635416531 0.12042990670411005 0.45303387922405031)
(0.033294142706502307 0.077808505037614578 0.48395404579657153)
(0.033294142706502321 0.09145269055519907 0.47405571982696743)
(0.033294142706502307 0.10509687607278358 0.46415739385736327)
(0.033294142706502307 0.11874106159036807 0.4542590678877591)
(0.030890464208746804 0.078793553758892798 0.48323943342143261)
(0.030890464208746797 0.091452694079875774 0.4740557176286001)
(0.030890464208746804 0.10411183440085878 0.46487200183576738)
(0.030890464208746797 0.11677097472184175 0.45568828604293482)
(0.028086503439310295 0.079942641697661146 0.48240581733379284)
(0.028086503439310302 0.091452698191513512 0.47405571506414074)
(0.028086503439310295 0.10296275468536589 0.46570561279448869)
(0.028086503439310295 0.11447281117921826 0.45735551052483669)
(0.024815601775930438 0.081283086147261069 0.48143337995970303)
(0.024815601775930434 0.091452702987858334 0.47405571207262437)
(0.024815601775930445 0.10162231982845556 0.46667804418554604)
(0.024815601775930434 0.11179193666905281 0.45930037629846743)
(0.042000000000000003 0.092537628278106701 0.5048391532781068)
(0.041999999999999996 0.1090218022157718 0.49162485221577179)
(0.042000000000000003 0.12550597615343689 0.47841055115343689)
(0.042000000000000003 0.14199015009110202 0.46519625009110199)
(0.041046099556017387 0.092912017108400732 0.50453903115529031)
(0.041046099556017387 0.10902180388326047 0.49162485161206887)
(0.041046099556017387 0.12513159065812021 0.4787106720688476)
(0.041046099556017387 0.14124137743297996 0.46579649252562627)
(0.039933346987247119 0.093348752551031672 0.50418892998360565)
(0.039933346987247126 0.10902180582843443 0.49162485090783214)
(0.039933346987247126 0.12469485910583722 0.47906077183205825)
(0.039933346987247133 0.14036791238323998 0.46649669275628475)
(0.038635288801913699 0.093858217127472762 0.50378052680004592)
(0.038635288801913685 0.10902180809753632 0.49162485008631912)
(0.038635288801913699 0.1241853990675999 0.47946917337259243)
(0.038635288801913692 0.13934899003766346 0.46731349665886568)
(0.037121066233662764 0.094452522350526633 0.50330411262656805)
(0.037121066233662764 0.10902181074450959 0.4916248491280007)
(0.037121066233662764 0.12359109913849256 0.47994558562943301)
(0.037121066233662764 0.13816038753247548 0.4682663221308655)
(0.035354681635416531 0.095145796651590772 0.5027483616583408)
(0.035354681635416524 0.10902181383228077 0.49162484801009421)
(0.035354681635416531 0.12289783101297078 0.48050133436184755)
(0.035354681635416531 0.13677384819366076 0.46937782071360101)
(0.033294142706502307 0.095954521256173861 0.50210006201513091)
(0.033294142706502321 0.10902181743425554 0.49162484670602385)
(0.033294142706502307 0.12208911361233715 0.48114963139691685)
(0.033294142706502314 0.13515640979041874 0.4706744160878098)
(0.030890464208746804 0.096897921992439823 0.50134380165497983)
(0.030890464208746797 0.10902182163606368 0.49162484518478783)
(0.030890464208746804 0.12114572127968747 0.48190588871459616)
(0.030890464208746797 0.13326962092331132 0.47218693224440433)
(0.028086503439310295 0.097998426347251547 0.50046160198338319)
(0.028086503439310302 0.10902182653759489 0.49162484341022217)
(0.028086503439310295 0.12004522672793821 0.48278808483706104)
(0.028086503439310295 0.13106862691828156 0.47395132626390002)
(0.024815601775930438 0.099282196635319384 0.49943249044776139)
(0.024815601775930448 0.1090218322553734 0.49162484134013967)
(0.024815601775930438 0.11876146787542739 0.48381719223251779)
(0.024815601775930438 0.12850110349548141 0.47600954312489602)
(0.042000000000000003 0.11229933076833575 0.52460085576833571)
(0.042000000000000003 0.12799750615649008 0.51060055615649003)
(0.041999999999999996 0.1436956815446444 0.49660025654464446)
(0.042000000000000003 0.15939385693279876 0.48259995693279872)
(0.041046099556017387 0.11265586835635492 0.5242828824032445)
(0.041046099556017387 0.12799750811421218 0.51060055584302066)
(0.041046099556017387 0.14333914787206944 0.49691822928279678)
(0.041046099556017387 0.15868078762992666 0.48323590272257305)
(0.039933346987247126 0.11307177980647971 0.52391195723905382)
(0.039933346987247126 0.12799751039795185 0.51060055547734939)
(0.039933346987247126 0.14292324098942399 0.49728915371564519)
(0.039933346987247126 0.15784897158089611 0.48397775195394094)
(0.038635288801913699 0.11355695259094249 0.5234792622635156)
(0.038635288801913685 0.12799751306200052 0.51060055505078339)
(0.038635288801913699 0.14243807353305848 0.49772184783805101)
(0.038635288801913692 0.15687863400411653 0.48484314062531875)
(0.037121066233662764 0.11412292073323033 0.52297451100927184)
(0.037121066233662764 0.1279975161696906 0.51060055455318165)
(0.037121066233662764 0.1418721116061509 0.4982265980970913)
(0.037121066233662764 0.15574670704261115 0.48585264164100112)
(0.035354681635416538 0.11478313900668403 0.52238570401343409)
(0.035354681635416524 0.12799751979490137 0.51060055397271475)
(0.035354681635416531 0.14121190058311872 0.49881540393199553)
(0.035354681635416531 0.15442628137133599 0.4870302538912763)
(0.033294142706502307 0.11555330279512657 0.52169884355408358)
(0.033294142706502314 0.12799752402381498 0.51060055329558329)
(0.033294142706502307 0.14044174525250339 0.49950226303708312)
(0.033294142706502307 0.15288596648119179 0.48840397277858283)
(0.030890464208746804 0.11645172121957478 0.52089760088211468)
(0.030890464208746797 0.12799752895696553 0.51060055250568981)
(0.030890464208746804 0.13954333669435631 0.50030350412926505)
(0.030890464208746797 0.15108914443174704 0.49000645575284013)
(0.028086503439310295 0.11749975240138384 0.51996292803751543)
(0.028086503439310302 0.12799753471162895 0.51060055158425621)
(0.028086503439310295 0.13849531702187398 0.50123817513099678)
(0.028086503439310295 0.14899309933211907 0.49187579867773751)
(0.024815601775930434 0.11872231120934539 0.51887260502178734)
(0.024815601775930438 0.12799754142461087 0.51060055050937714)
(0.024815601775930438 0.13727277163987633 0.50232849599696672)
(0.024815601775930438 0.14654800185514183 0.49405644148455646)
(0.042000000000000003 0.13364314999999999 0.54594467499999999)
(0.042000000000000003 0.1484924 0.53109545000000002)
(0.042000000000000003 0.16334164999999998 0.51624622499999995)
(0.042000000000000003 0.17819090000000001 0.50139699999999998)
(0.041046099556017387 0.13398040717994886 0.54560742122683836)
(0.041046099556017394 0.14849240227119154 0.53109545000000002)
(0.041046099556017394 0.16300439736243419 0.51658347877316158)
(0.041046099556017394 0.17751639245367684 0.50207150754632313)
(0.039933346987247126 0.13437382747416482 0.54521400490673888)
(0.039933346987247126 0.14849240492060242 0.53109545000000002)
(0.039933346987247126 0.16261098236704005 0.51697689509326106)
(0.039933346987247126 0.1767295598134776 0.50285834018652231)
(0.038635288801913699 0.13483276367212624 0.54475507334469941)
(0.038635288801913685 0.14849240801121716 0.53109544999999991)
(0.038635288801913699 0.16215205235030805 0.51743582665530063)
(0.038635288801913692 0.17581169668939892 0.50377620331060113)
(0.037121066233662764 0.13536812607436094 0.54421971635040256)
(0.037121066233662764 0.14849241161650897 0.53109545000000002)
(0.037121066233662764 0.16161669715865704 0.51797118364959749)
(0.037121066233662764 0.17474098270080504 0.50484691729919495)
(0.035354681635416531 0.13599264186326493 0.54359520687001495)
(0.035354681635416524 0.14849241582218656 0.53109545000000002)
(0.035354681635416531 0.16099218978110824 0.5185956931299851)
(0.035354681635416531 0.17349196374002987 0.50609593625997018)
(0.033294142706502307 0.13672115766669524 0.54286669842565216)
(0.033294142706502321 0.14849242072823166 0.53109545000000002)
(0.033294142706502307 0.16026368378976807 0.51932420157434778)
(0.033294142706502307 0.17203494685130447 0.50755295314869542)
(0.030890464208746804 0.13757099250718682 0.54201687216972672)
(0.030890464208746797 0.14849242645127569 0.53109545000000002)
(0.030890464208746804 0.15941386039536459 0.52017402783027333)
(0.030890464208746797 0.17033529433945346 0.50925260566054653)
(0.028086503439310295 0.13856234952746374 0.54102552516359537)
(0.028086503439310302 0.14849243312737279 0.53109545000000002)
(0.028086503439310295 0.15842251672728178 0.52116537483640468)
(0.028086503439310295 0.16835260032719079 0.51123529967280934)
(0.024815601775930438 0.13971879628020448 0.53986909009264628)
(0.024815601775930438 0.14849244091523389 0.53109545000000014)
(0.024815601775930438 0.15726608555026328 0.52232180990735366)
(0.024815601775930438 0.16603973018529269 0.5135481698147073)
(0.0315 0.051398521533600618 0.37460462153360069)
(0.021000000000000001 0.051398521533600625 0.37460462153360058)
(0.010500000000000001 0.051398521533600618 0.37460462153360069)
(0 0.051398521533600618 0.37460462153360069)
(0.030784574667013044 0.050463901967892459 0.37501901706053875)
(0.020523049778008694 0.050463901967892438 0.37501901706053881)
(0.010261524889004347 0.050463901967892459 0.37501901706053881)
(0 0.050463901967892459 0.37501901706053886)
(0.029950010240435348 0.049373641103537869 0.37550242147658264)
(0.019966673493623563 0.049373641103537862 0.37550242147658258)
(0.0099833367468117815 0.049373641103537862 0.37550242147658264)
(0 0.049373641103537862 0.37550242147658258)
(0.028976466601435272 0.048101820144554872 0.37606632676575708)
(0.019317644400956849 0.048101820144554885 0.37606632676575713)
(0.0096588222004784247 0.048101820144554872 0.37606632676575696)
(0 0.048101820144554872 0.37606632676575708)
(0.02784079967524708 0.046618204062759676 0.37672413866114957)
(0.018560533116831382 0.046618204062759669 0.37672413866114968)
(0.009280266558415691 0.046618204062759683 0.37672413866114968)
(0 0.046618204062759676 0.37672413866114968)
(0.0265160112265624 0.044887522819763444 0.37749149533970378)
(0.017677340817708265 0.044887522819763444 0.37749149533970372)
(0.0088386704088541327 0.044887522819763458 0.37749149533970378)
(0 0.044887522819763458 0.37749149533970372)
(0.024970607029876732 0.042868632891558657 0.37838663918894966)
(0.016647071353251153 0.042868632891558657 0.37838663918894966)
(0.0083235356766255767 0.042868632891558643 0.37838663918894971)
(0 0.042868632891558643 0.37838663918894966)
(0.023167848156560103 0.040513539162600004 0.37943085048369313)
(0.015445232104373399 0.040513539162600011 0.37943085048369307)
(0.0077226160521866993 0.040513539162600004 0.37943085048369307)
(0 0.040513539162600011 0.37943085048369307)
(0.021064877579482725 0.037766253936846156 0.38064895328246456)
(0.014043251719655151 0.037766253936846149 0.38064895328246462)
(0.0070216258598275755 0.037766253936846156 0.38064895328246456)
(0 0.037766253936846156 0.38064895328246456)
(0.018611701331947828 0.034561465941005849 0.38206990557042053)
(0.012407800887965219 0.034561465941005849 0.38206990557042042)
(0.0062039004439826094 0.034561465941005856 0.38206990557042059)
(0 0.034561465941005849 0.38206990557042053)
(0.0315 0.06154948624715504 0.384755586247155)
(0.021000000000000005 0.06154948624715504 0.384755586247155)
(0.010500000000000002 0.061549486247155026 0.384755586247155)
(0 0.061549486247155026 0.384755586247155)
(0.030784574667013037 0.060635691181801586 0.38519080627444791)
(0.020523049778008697 0.060635691181801586 0.38519080627444791)
(0.010261524889004347 0.060635691181801586 0.38519080627444791)
(0 0.060635691181801579 0.38519080627444785)
(0.029950010240435348 0.059569722701845421 0.38569850307489006)
(0.019966673493623566 0.059569722701845428 0.38569850307489023)
(0.0099833367468117815 0.059569722701845421 0.38569850307489006)
(0 0.059569722701845421 0.38569850307489023)
(0.028976466601435272 0.058326239514703761 0.38629074613590597)
(0.019317644400956846 0.05832623951470374 0.38629074613590592)
(0.0096588222004784247 0.058326239514703754 0.38629074613590586)
(0 0.058326239514703761 0.38629074613590592)
(0.02784079967524708 0.05687568026667833 0.38698161486506827)
(0.018560533116831382 0.056875680266678358 0.38698161486506844)
(0.009280266558415691 0.056875680266678337 0.38698161486506827)
(0 0.056875680266678337 0.38698161486506838)
(0.0265160112265624 0.055183560780231004 0.38778753330017135)
(0.017677340817708269 0.055183560780231004 0.38778753330017135)
(0.0088386704088541327 0.055183560780230997 0.38778753330017124)
(0 0.055183560780231004 0.38778753330017124)
(0.024970607029876732 0.053209654260857553 0.38872766055824853)
(0.016647071353251153 0.053209654260857553 0.38872766055824853)
(0.0083235356766255767 0.053209654260857553 0.38872766055824859)
(0 0.053209654260857553 0.38872766055824859)
(0.0231678481565601 0.050907034984599794 0.38982434630569285)
(0.015445232104373399 0.050907034984599815 0.3898243463056929)
(0.007722616052186701 0.050907034984599815 0.38982434630569285)
(0 0.050907034984599815 0.38982434630569285)
(0.021064877579482721 0.048220962731757404 0.39110366207737579)
(0.014043251719655148 0.048220962731757404 0.3911036620773759)
(0.0070216258598275755 0.048220962731757404 0.39110366207737579)
(0 0.048220962731757404 0.3911036620773759)
(0.018611701331947828 0.04508758144641712 0.39259602107583169)
(0.012407800887965219 0.045087581446417113 0.39259602107583169)
(0.0062039004439826094 0.04508758144641712 0.39259602107583175)
(0 0.045087581446417099 0.39259602107583175)
(0.031500000000000007 0.072513134545181615 0.3957192345451816)
(0.021000000000000005 0.072513134545181615 0.39571923454518171)
(0.010500000000000002 0.072513134545181615 0.39571923454518171)
(0 0.072513134545181601 0.3957192345451816)
(0.030784574667013044 0.071621831184243812 0.3961769462768901)
(0.020523049778008694 0.071621831184243839 0.3961769462768901)
(0.010261524889004347 0.071621831184243812 0.3961769462768901)
(0 0.071621831184243839 0.3961769462768901)
(0.029950010240435348 0.070582099930638117 0.39671088030368307)
(0.019966673493623563 0.070582099930638104 0.3967108803036829)
(0.0099833367468117815 0.070582099930638117 0.39671088030368296)
(0 0.070582099930638117 0.3967108803036829)
(0.028976466601435272 0.069369223229952176 0.39733372985115428)
(0.019317644400956846 0.069369223229952148 0.39733372985115445)
(0.009658822200478423 0.069369223229952176 0.39733372985115439)
(0 0.069369223229952162 0.39733372985115428)
(0.02784079967524708 0.067954367337176746 0.3980603019355668)
(0.018560533116831382 0.067954367337176746 0.39806030193556674)
(0.009280266558415691 0.06795436733717676 0.39806030193556691)
(0 0.06795436733717676 0.3980603019355668)
(0.026516011226562403 0.066303896851438851 0.39890786937137912)
(0.017677340817708265 0.066303896851438851 0.39890786937137912)
(0.0088386704088541327 0.066303896851438837 0.39890786937137912)
(0 0.066303896851438837 0.39890786937137912)
(0.024970607029876732 0.06437857510086227 0.39989658139825335)
(0.016647071353251153 0.064378575100862284 0.39989658139825324)
(0.0083235356766255767 0.06437857510086227 0.3998965813982534)
(0 0.06437857510086227 0.39989658139825335)
(0.023167848156560103 0.062132631368287172 0.40104994268938027)
(0.015445232104373404 0.062132631368287158 0.40104994268938021)
(0.0077226160521866993 0.062132631368287158 0.40104994268938021)
(0 0.062132631368287158 0.40104994268938021)
(0.021064877579482725 0.059512672782984333 0.40239537212860271)
(0.014043251719655148 0.059512672782984319 0.40239537212860271)
(0.0070216258598275738 0.059512672782984319 0.40239537212860271)
(0 0.059512672782984333 0.40239537212860271)
(0.018611701331947828 0.056456415010741806 0.40396485464015636)
(0.012407800887965217 0.056456415010741806 0.40396485464015652)
(0.0062039004439826085 0.056456415010741813 0.40396485464015636)
(0 0.056456415010741806 0.40396485464015652)
(0.0315 0.084354529663255268 0.40756062966325524)
(0.021000000000000001 0.08435452966325524 0.40756062966325524)
(0.010500000000000001 0.084354529663255268 0.40756062966325529)
(0 0.084354529663255268 0.40756062966325524)
(0.030784574667013044 0.083487518686715931 0.40804263377936234)
(0.020523049778008694 0.083487518686715917 0.40804263377936223)
(0.010261524889004349 0.083487518686715917 0.40804263377936234)
(0 0.083487518686715917 0.40804263377936223)
(0.029950010240435348 0.082476125204951539 0.40860490557799639)
(0.019966673493623563 0.082476125204951525 0.40860490557799634)
(0.0099833367468117815 0.082476125204951539 0.40860490557799634)
(0 0.082476125204951525 0.40860490557799634)
(0.028976466601435272 0.081296305338035391 0.40926081195923764)
(0.019317644400956846 0.081296305338035377 0.40926081195923764)
(0.0096588222004784247 0.081296305338035377 0.40926081195923764)
(0 0.081296305338035377 0.40926081195923764)
(0.02784079967524708 0.07992001120180886 0.4100259458001988)
(0.018560533116831382 0.079920011201808847 0.41002594580019885)
(0.009280266558415691 0.079920011201808847 0.41002594580019885)
(0 0.079920011201808833 0.41002594580019885)
(0.0265160112265624 0.078314524124902279 0.41091849664484259)
(0.017677340817708265 0.078314524124902293 0.41091849664484248)
(0.0088386704088541327 0.078314524124902293 0.41091849664484259)
(0 0.078314524124902293 0.41091849664484259)
(0.024970607029876732 0.0764416768270266 0.41195968312441772)
(0.016647071353251153 0.0764416768270266 0.41195968312441755)
(0.0083235356766255784 0.0764416768270266 0.41195968312441761)
(0 0.0764416768270266 0.41195968312441761)
(0.023167848156560103 0.074256946067362967 0.41317425738845603)
(0.015445232104373399 0.074256946067362953 0.41317425738845609)
(0.0077226160521867019 0.074256946067362967 0.41317425738845603)
(0 0.074256946067362953 0.41317425738845603)
(0.021064877579482725 0.071708394192560143 0.41459109353817852)
(0.014043251719655148 0.071708394192560101 0.41459109353817852)
(0.0070216258598275755 0.071708394192560101 0.41459109353817852)
(0 0.071708394192560129 0.41459109353817847)
(0.018611701331947832 0.068735434421736477 0.41624387405115115)
(0.012407800887965219 0.068735434421736463 0.41624387405115115)
(0.0062039004439826094 0.068735434421736477 0.41624387405115115)
(0 0.068735434421736463 0.41624387405115115)
(0.0315 0.097143943782602535 0.42035004378260254)
(0.021000000000000001 0.097143943782602507 0.42035004378260254)
(0.010500000000000001 0.097143943782602535 0.42035004378260254)
(0 0.097143943782602535 0.42035004378260254)
(0.030784574667013048 0.096303170032413635 0.42085828512506007)
(0.020523049778008697 0.096303170032413635 0.42085828512506007)
(0.010261524889004347 0.096303170032413621 0.42085828512505991)
(0 0.096303170032413635 0.42085828512505991)
(0.029950010240435344 0.095322383037104955 0.42145116341014971)
(0.019966673493623566 0.095322383037104982 0.42145116341014971)
(0.0099833367468117832 0.095322383037104955 0.42145116341014982)
(0 0.095322383037104955 0.42145116341014971)
(0.028976466601435272 0.0941782665254388 0.42214277314664106)
(0.019317644400956849 0.0941782665254388 0.42214277314664106)
(0.0096588222004784247 0.094178266525438786 0.42214277314664106)
(0 0.094178266525438814 0.42214277314664106)
(0.02784079967524708 0.092843621389921693 0.42294955598831169)
(0.018560533116831382 0.092843621389921693 0.42294955598831169)
(0.009280266558415691 0.092843621389921693 0.42294955598831174)
(0 0.092843621389921721 0.42294955598831174)
(0.0265160112265624 0.091286719081812018 0.42389069160175225)
(0.017677340817708265 0.091286719081812004 0.42389069160175225)
(0.0088386704088541327 0.091286719081812018 0.42389069160175225)
(0 0.091286719081812018 0.42389069160175225)
(0.024970607029876732 0.089470547327618971 0.42498855362501009)
(0.016647071353251153 0.089470547327618943 0.42498855362500992)
(0.0083235356766255767 0.089470547327618971 0.42498855362500998)
(0 0.089470547327618971 0.42498855362500998)
(0.0231678481565601 0.087351930235494882 0.42626924155658802)
(0.015445232104373399 0.087351930235494882 0.42626924155658802)
(0.0077226160521866993 0.087351930235494882 0.42626924155658796)
(0 0.087351930235494882 0.42626924155658802)
(0.021064877579482721 0.084880501873789843 0.42776320121940831)
(0.014043251719655148 0.084880501873789843 0.42776320121940831)
(0.0070216258598275738 0.084880501873789843 0.42776320121940831)
(0 0.084880501873789843 0.42776320121940831)
(0.018611701331947828 0.081997508920628875 0.42950594855004354)
(0.012407800887965219 0.081997508920628875 0.42950594855004354)
(0.0062039004439826094 0.081997508920628875 0.42950594855004359)
(0 0.081997508920628875 0.42950594855004354)
(0.0315 0.11095727505693027 0.4341633750569302)
(0.021000000000000001 0.11095727505693027 0.4341633750569302)
(0.010500000000000001 0.1109572750569303 0.43416337505693031)
(0 0.1109572750569303 0.43416337505693031)
(0.030784574667013044 0.11014483907858272 0.43469995417122897)
(0.020523049778008697 0.11014483907858276 0.43469995417122909)
(0.010261524889004349 0.11014483907858272 0.43469995417122909)
(0 0.11014483907858272 0.43469995417122909)
(0.029950010240435348 0.10919710891704384 0.43532588929008859)
(0.019966673493623563 0.10919710891704382 0.4353258892900887)
(0.0099833367468117815 0.10919710891704384 0.43532588929008859)
(0 0.10919710891704384 0.43532588929008859)
(0.028976466601435272 0.10809155416192659 0.43605606078312881)
(0.019317644400956846 0.1080915541619266 0.43605606078312892)
(0.009658822200478423 0.10809155416192659 0.43605606078312881)
(0 0.1080915541619266 0.43605606078312881)
(0.02784079967524708 0.10680189243524085 0.4369078270336309)
(0.018560533116831382 0.10680189243524082 0.43690782703363085)
(0.009280266558415691 0.10680189243524085 0.4369078270336309)
(0 0.10680189243524085 0.43690782703363085)
(0.0265160112265624 0.10529746457983202 0.43790143709977225)
(0.017677340817708265 0.10529746457983202 0.43790143709977231)
(0.0088386704088541327 0.10529746457983202 0.43790143709977231)
(0 0.10529746457983202 0.43790143709977225)
(0.024970607029876732 0.10354250579855045 0.43906051209594149)
(0.016647071353251153 0.10354250579855045 0.43906051209594144)
(0.0083235356766255767 0.10354250579855044 0.43906051209594144)
(0 0.10354250579855044 0.43906051209594149)
(0.0231678481565601 0.10149529541692637 0.44041260673801935)
(0.015445232104373399 0.10149529541692637 0.44041260673801941)
(0.0077226160521866993 0.10149529541692635 0.44041260673801935)
(0 0.10149529541692635 0.44041260673801935)
(0.021064877579482725 0.099107165056640162 0.44198986440225868)
(0.014043251719655148 0.099107165056640148 0.44198986440225857)
(0.0070216258598275738 0.099107165056640176 0.44198986440225857)
(0 0.099107165056640162 0.44198986440225857)
(0.018611701331947828 0.096321341641072936 0.44382978127048756)
(0.012407800887965219 0.096321341641072936 0.44382978127048756)
(0.0062039004439826094 0.096321341641072936 0.44382978127048767)
(0 0.096321341641072936 0.44382978127048756)
(0.0315 0.12587649802631365 0.44908259802631362)
(0.021000000000000001 0.12587649802631368 0.44908259802631362)
(0.010500000000000001 0.12587649802631368 0.44908259802631367)
(0 0.12587649802631365 0.44908259802631367)
(0.030784574667013048 0.12509466853442183 0.4496497836270682)
(0.020523049778008697 0.12509466853442183 0.4496497836270682)
(0.010261524889004349 0.12509466853442183 0.4496497836270682)
(0 0.12509466853442183 0.4496497836270682)
(0.029950010240435348 0.12418264172813294 0.45031142210117764)
(0.019966673493623563 0.12418264172813297 0.45031142210117764)
(0.0099833367468117815 0.12418264172813294 0.45031142210117769)
(0 0.12418264172813297 0.45031142210117769)
(0.028976466601435272 0.12311873597372511 0.45108324259492744)
(0.019317644400956846 0.12311873597372512 0.45108324259492744)
(0.009658822200478423 0.12311873597372511 0.45108324259492744)
(0 0.12311873597372511 0.45108324259492732)
(0.02784079967524708 0.12187765901583622 0.4519835936142263)
(0.018560533116831382 0.12187765901583623 0.45198359361422624)
(0.009280266558415691 0.12187765901583622 0.4519835936142263)
(0 0.12187765901583623 0.4519835936142263)
(0.0265160112265624 0.12042990670411008 0.45303387922405042)
(0.017677340817708265 0.12042990670411007 0.45303387922405042)
(0.0088386704088541327 0.12042990670411008 0.45303387922405042)
(0 0.12042990670411005 0.45303387922405031)
(0.024970607029876732 0.11874106159036807 0.4542590678877591)
(0.016647071353251153 0.11874106159036803 0.4542590678877591)
(0.0083235356766255767 0.11874106159036807 0.45425906788775905)
(0 0.11874106159036807 0.4542590678877591)
(0.0231678481565601 0.11677097472184177 0.45568828604293476)
(0.015445232104373399 0.11677097472184177 0.45568828604293476)
(0.0077226160521866993 0.11677097472184177 0.45568828604293476)
(0 0.11677097472184175 0.45568828604293482)
(0.021064877579482725 0.11447281117921825 0.45735551052483675)
(0.014043251719655148 0.11447281117921829 0.45735551052483675)
(0.0070216258598275738 0.11447281117921826 0.45735551052483669)
(0 0.11447281117921826 0.45735551052483669)
(0.018611701331947828 0.11179193666905282 0.45930037629846748)
(0.012407800887965217 0.11179193666905281 0.45930037629846743)
(0.0062039004439826094 0.11179193666905282 0.45930037629846748)
(0 0.11179193666905281 0.45930037629846743)
(0.0315 0.14199015009110202 0.46519625009110199)
(0.021000000000000001 0.14199015009110202 0.46519625009110205)
(0.010500000000000001 0.14199015009110202 0.46519625009110199)
(0 0.14199015009110202 0.46519625009110199)
(0.030784574667013044 0.14124137743297996 0.46579649252562627)
(0.020523049778008694 0.14124137743297999 0.46579649252562622)
(0.010261524889004349 0.14124137743297996 0.46579649252562633)
(0 0.14124137743297996 0.46579649252562627)
(0.029950010240435348 0.14036791238324001 0.46649669275628475)
(0.019966673493623566 0.14036791238323998 0.46649669275628475)
(0.0099833367468117832 0.14036791238324001 0.46649669275628464)
(0 0.14036791238323998 0.46649669275628475)
(0.028976466601435272 0.13934899003766349 0.46731349665886568)
(0.019317644400956846 0.13934899003766346 0.46731349665886562)
(0.009658822200478423 0.13934899003766346 0.46731349665886585)
(0 0.13934899003766346 0.46731349665886568)
(0.02784079967524708 0.1381603875324755 0.46826632213086539)
(0.018560533116831382 0.13816038753247548 0.46826632213086555)
(0.009280266558415691 0.13816038753247548 0.4682663221308655)
(0 0.13816038753247548 0.4682663221308655)
(0.0265160112265624 0.13677384819366076 0.46937782071360112)
(0.017677340817708265 0.13677384819366076 0.46937782071360107)
(0.0088386704088541327 0.13677384819366076 0.46937782071360112)
(0 0.13677384819366076 0.46937782071360101)
(0.024970607029876732 0.13515640979041876 0.4706744160878098)
(0.016647071353251153 0.13515640979041874 0.47067441608780974)
(0.0083235356766255767 0.13515640979041874 0.4706744160878098)
(0 0.13515640979041874 0.4706744160878098)
(0.0231678481565601 0.13326962092331129 0.47218693224440433)
(0.015445232104373399 0.13326962092331129 0.47218693224440433)
(0.0077226160521866993 0.13326962092331132 0.47218693224440444)
(0 0.13326962092331132 0.47218693224440433)
(0.021064877579482725 0.13106862691828158 0.47395132626390002)
(0.014043251719655148 0.13106862691828156 0.47395132626389996)
(0.0070216258598275738 0.13106862691828156 0.47395132626389996)
(0 0.13106862691828156 0.47395132626390002)
(0.018611701331947828 0.12850110349548141 0.47600954312489607)
(0.012407800887965219 0.12850110349548144 0.47600954312489618)
(0.0062039004439826094 0.12850110349548141 0.47600954312489607)
(0 0.12850110349548141 0.47600954312489602)
(0.0315 0.15939385693279876 0.48259995693279872)
(0.021000000000000001 0.15939385693279876 0.48259995693279872)
(0.010500000000000001 0.15939385693279876 0.48259995693279872)
(0 0.15939385693279876 0.48259995693279872)
(0.030784574667013044 0.15868078762992671 0.483235902722573)
(0.020523049778008694 0.15868078762992666 0.48323590272257305)
(0.010261524889004347 0.15868078762992671 0.48323590272257305)
(0 0.15868078762992666 0.48323590272257305)
(0.029950010240435348 0.15784897158089614 0.48397775195394094)
(0.019966673493623563 0.15784897158089611 0.48397775195394088)
(0.0099833367468117832 0.15784897158089614 0.48397775195394094)
(0 0.15784897158089611 0.48397775195394094)
(0.028976466601435272 0.15687863400411653 0.48484314062531869)
(0.019317644400956846 0.15687863400411653 0.4848431406253188)
(0.009658822200478423 0.15687863400411653 0.48484314062531875)
(0 0.15687863400411653 0.48484314062531875)
(0.02784079967524708 0.15574670704261115 0.48585264164100112)
(0.018560533116831382 0.15574670704261115 0.48585264164100106)
(0.009280266558415691 0.15574670704261115 0.48585264164100128)
(0 0.15574670704261115 0.48585264164100112)
(0.026516011226562403 0.15442628137133602 0.48703025389127635)
(0.017677340817708265 0.15442628137133604 0.48703025389127624)
(0.0088386704088541344 0.15442628137133602 0.4870302538912763)
(0 0.15442628137133599 0.4870302538912763)
(0.024970607029876732 0.15288596648119179 0.48840397277858283)
(0.016647071353251153 0.15288596648119177 0.48840397277858283)
(0.0083235356766255767 0.15288596648119179 0.48840397277858283)
(0 0.15288596648119179 0.48840397277858283)
(0.0231678481565601 0.15108914443174704 0.49000645575284019)
(0.015445232104373399 0.15108914443174704 0.49000645575284008)
(0.0077226160521866993 0.15108914443174704 0.49000645575284019)
(0 0.15108914443174704 0.49000645575284013)
(0.021064877579482725 0.14899309933211907 0.49187579867773751)
(0.014043251719655148 0.14899309933211907 0.49187579867773745)
(0.0070216258598275738 0.14899309933211907 0.49187579867773751)
(0 0.14899309933211907 0.49187579867773751)
(0.018611701331947825 0.14654800185514183 0.49405644148455646)
(0.012407800887965219 0.1465480018551418 0.49405644148455663)
(0.0062039004439826094 0.14654800185514183 0.49405644148455646)
(0 0.14654800185514183 0.49405644148455646)
(0.0315 0.17819089999999999 0.50139699999999998)
(0.021000000000000001 0.17819090000000004 0.50139699999999998)
(0.010500000000000001 0.17819089999999999 0.50139699999999998)
(0 0.17819090000000001 0.50139699999999998)
(0.030784574667013037 0.17751639245367684 0.50207150754632324)
(0.020523049778008697 0.17751639245367679 0.50207150754632313)
(0.010261524889004349 0.17751639245367684 0.50207150754632324)
(0 0.17751639245367684 0.50207150754632313)
(0.029950010240435348 0.17672955981347765 0.50285834018652242)
(0.019966673493623563 0.17672955981347763 0.50285834018652231)
(0.0099833367468117815 0.17672955981347763 0.50285834018652242)
(0 0.1767295598134776 0.50285834018652231)
(0.028976466601435272 0.17581169668939892 0.50377620331060113)
(0.019317644400956846 0.17581169668939892 0.50377620331060102)
(0.009658822200478423 0.17581169668939892 0.50377620331060113)
(0 0.17581169668939892 0.50377620331060113)
(0.02784079967524708 0.17474098270080504 0.50484691729919506)
(0.018560533116831382 0.17474098270080504 0.50484691729919495)
(0.009280266558415691 0.17474098270080504 0.50484691729919517)
(0 0.17474098270080504 0.50484691729919495)
(0.0265160112265624 0.17349196374002987 0.50609593625997018)
(0.017677340817708265 0.17349196374002987 0.50609593625997018)
(0.0088386704088541327 0.17349196374002987 0.50609593625997007)
(0 0.17349196374002987 0.50609593625997018)
(0.024970607029876732 0.17203494685130452 0.50755295314869553)
(0.016647071353251153 0.17203494685130447 0.50755295314869542)
(0.0083235356766255767 0.17203494685130452 0.50755295314869553)
(0 0.17203494685130447 0.50755295314869542)
(0.0231678481565601 0.17033529433945346 0.50925260566054664)
(0.015445232104373399 0.17033529433945344 0.50925260566054664)
(0.0077226160521866993 0.17033529433945346 0.50925260566054653)
(0 0.17033529433945346 0.50925260566054653)
(0.021064877579482725 0.16835260032719079 0.51123529967280934)
(0.014043251719655148 0.16835260032719079 0.51123529967280912)
(0.0070216258598275738 0.16835260032719077 0.51123529967280934)
(0 0.16835260032719079 0.51123529967280934)
(0.018611701331947828 0.16603973018529269 0.5135481698147073)
(0.012407800887965219 0.16603973018529269 0.51354816981470741)
(0.0062039004439826094 0.16603973018529272 0.5135481698147073)
(0 0.16603973018529269 0.5135481698147073)
(0 0.15019585000000002 0.54989810000000006)
(0.0030227374999999999 0.15019585000000002 0.54989810000000006)
(0.0060454749999999998 0.15019584999999999 0.54989810000000006)
(0.0090682125000000023 0.15019585000000002 0.54989810000000006)
(0.01209095 0.15019585000000002 0.54989810000000006)
(0 0.15447066249999999 0.54562330000000003)
(0.0030227374999999999 0.15447066250000002 0.54562330000000014)
(0.0060454749999999998 0.15447066249999997 0.54562329999999992)
(0.0090682125000000006 0.15447066250000002 0.54562330000000014)
(0.012090950000000001 0.15447066249999999 0.54562330000000003)
(0 0.15874547500000002 0.54134850000000012)
(0.0030227374999999999 0.158745475 0.54134850000000001)
(0.0060454749999999998 0.15874547500000002 0.54134850000000001)
(0.0090682125000000023 0.15874547500000002 0.54134850000000012)
(0.01209095 0.15874547499999997 0.54134850000000001)
(0 0.1630202875 0.53707369999999999)
(0.0030227374999999999 0.1630202875 0.53707369999999999)
(0.0060454749999999998 0.1630202875 0.53707369999999999)
(0.0090682125000000023 0.16302028750000003 0.53707369999999999)
(0.01209095 0.16302028750000003 0.53707369999999999)
(0 0.1672951 0.53279889999999996)
(0.0030227374999999999 0.16729510000000003 0.53279889999999996)
(0.0060454749999999998 0.16729509999999997 0.53279889999999985)
(0.0090682125000000023 0.1672951 0.53279889999999996)
(0.01209095 0.1672951 0.53279889999999996)
(0 0.16674850000000002 0.55385150000000005)
(0.00079547500000000002 0.16674850000000002 0.55385150000000005)
(0.00159095 0.16674850000000002 0.55385149999999983)
(0.0023864250000000002 0.16674850000000002 0.55385150000000005)
(0.0031819000000000001 0.16674850000000002 0.55385150000000005)
(0 0.16787350000000001 0.55272652500000008)
(0.00079547500000000002 0.16787350000000001 0.55272652499999997)
(0.00159095 0.16787350000000001 0.55272652500000008)
(0.0023864250000000002 0.16787350000000001 0.55272652500000008)
(0.0031819000000000001 0.16787350000000001 0.55272652500000008)
(0 0.16899850000000002 0.55160155)
(0.00079547500000000002 0.16899850000000002 0.55160155)
(0.00159095 0.1689985 0.55160155)
(0.0023864249999999997 0.16899850000000002 0.55160155)
(0.0031819000000000001 0.16899850000000002 0.55160155)
(0 0.17012350000000001 0.55047657499999991)
(0.00079547500000000002 0.17012350000000001 0.55047657500000002)
(0.00159095 0.17012350000000001 0.55047657500000002)
(0.0023864250000000002 0.17012350000000001 0.5504765749999998)
(0.0031819000000000001 0.17012350000000001 0.55047657499999991)
(0 0.1712485 0.54935159999999994)
(0.00079547500000000013 0.1712485 0.54935159999999994)
(0.00159095 0.1712485 0.54935159999999994)
(0.0023864250000000002 0.1712485 0.54935159999999994)
(0.0031819000000000001 0.1712485 0.54935159999999994)
(0 0.14071424999999999 0.55937969999999992)
(0.0061279103002398793 0.14077537278160079 0.55931857721839928)
(0.012222081224465157 0.14095644450057035 0.55913750549942975)
(0.018250062960680605 0.14125050478541315 0.55884344521458684)
(0.024181950000000001 0.14164625 0.55844769999999999)
(0 0.14114494059284122 0.55894900940715886)
(0.0059868614567736159 0.14120328694356077 0.5588906630564392)
(0.011941516109235488 0.14137613369142946 0.55871781630857054)
(0.017832988140155593 0.14165683663168804 0.55843711336831203)
(0.023632730463419349 0.14203460558266065 0.5580593444173394)
(0 0.14164735367646275 0.55844659632353733)
(0.0058223238848715926 0.14170246123993291 0.55839148876006706)
(0.01161422875482806 0.14186571332016279 0.55822823667983723)
(0.017346458250337187 0.14213083453007228 0.55796311546992772)
(0.02299204992489548 0.14248763364751582 0.55760631635248425)
(0 0.14223343312837025 0.55786051687162974)
(0.0056303860291465387 0.14228476255246103 0.55780918744753893)
(0.011232438551625749 0.14243682217426518 0.55765712782573484)
(0.016778907005242229 0.14268376684323544 0.5574101831567646)
(0.022244677471616115 0.14301610404091233 0.55707784595908771)
(0 0.14291711182851918 0.55717683817148078)
(0.0054064849466492959 0.14296403394330834 0.55712991605669171)
(0.010787069192564598 0.14310303723733458 0.55699091276266544)
(0.016116841996391382 0.14332877844346037 0.55676517155653948)
(0.021372845801486507 0.14363258010136556 0.55646136989863437)
(0 0.14371464288598262 0.55637930711401751)
(0.0051452978319237296 0.14375642374648501 0.55633752625351496)
(0.010267532901882353 0.14388019645500807 0.55621375354499192)
(0.015344523937479653 0.14408120320598616 0.55601274679401391)
(0.020355828840658157 0.14435171732808774 0.55574223267191214)
(0 0.14464498602447751 0.55544896397552246)
(0.0048406154778332586 0.14468076946255459 0.55541318053744537)
(0.009661478731687859 0.14478677525079853 0.55530717474920155)
(0.014443592493970064 0.14495892854156867 0.55513502145843108)
(0.019169449022110447 0.14519061178649942 0.55490333821350057)
(0 0.14573025831230224 0.55436369168769772)
(0.0044851946639403156 0.14575904558295752 0.55433490441704247)
(0.0089544989425997795 0.14584432574275202 0.55424962425724789)
(0.013392629802448899 0.14598282063429732 0.5541111293657025)
(0.017785502511807504 0.14616920653337612 0.5539247434666239)
(0 0.14699625995189694 0.55309769004810316)
(0.0040705859632644142 0.14701688599008902 0.55307706400991097)
(0.0081297864882351294 0.14707798910243378 0.55301596089756633)
(0.012166651303278382 0.1471772204938577 0.55291672950614235)
(0.016171088718319088 0.14731076572358445 0.5527831842764156)
(0 0.14847308762863515 0.55162086237136487)
(0.003586932873865056 0.14848419335216018 0.55160975664783973)
(0.0071677354609186788 0.14851709323656356 0.55157685676343648)
(0.01073651178210003 0.14857052261490056 0.55152342738509952)
(0.014287828146322616 0.1486424276693574 0.55145152233064265)
(0 0.16263460000000002 0.5579655)
(0.0017558206004797583 0.16275684556320158 0.55784325443679839)
(0.0034441624489303132 0.16311898900114066 0.55748111099885933)
(0.0050001259213612115 0.16370710957082635 0.55689299042917373)
(0.0063639000000000005 0.16449860000000002 0.55610150000000003)
(0 0.1628214690969762 0.55777862636064079)
(0.0017121980245428825 0.16293816179841525 0.55766193365920158)
(0.0033599824404622783 0.16328385529415262 0.55731624016346415)
(0.0048814016132981541 0.16384526117466983 0.55675483428294714)
(0.0062193613708213013 0.1646007990766151 0.55599929638100187)
(0 0.16303945732519831 0.55756063283359691)
(0.0016613110229314035 0.16314967245213866 0.55745041770665638)
(0.0032617840160325535 0.16347617661259842 0.55712391354619673)
(0.004742906260239016 0.16400641903241731 0.55659367112637792)
(0.0060507528625438275 0.16472001726730442 0.55588007289149077)
(0 0.1632937469237051 0.55730633705386068)
(0.0016019498578146553 0.16339640577188669 0.55720367820567918)
(0.0031472327022946576 0.16370052501549495 0.55689955896207077)
(0.0045813474090491838 0.16419441435343554 0.55640566962413029)
(0.0058540661413185417 0.16485908874878927 0.55574099522877651)
(0 0.16359038312482549 0.55700969364215658)
(0.0015327033348828962 0.16368422735440374 0.55691584941257832)
(0.0030136052682978071 0.16396223394245624 0.55663784282452566)
(0.004392884317535691 0.16441371635470775 0.55618636041227432)
(0.0056246253693102337 0.16502131967051822 0.55557875709646387)
(0 0.16393641786762192 0.55666365048800492)
(0.0014519252549933261 0.16401997958862671 0.55658008876700016)
(0.0028577249860564412 0.16426752500567293 0.55633254334995375)
(0.004173036648396908 0.16466953850762897 0.55593052984799785)
(0.0053569760458997816 0.16521056675183221 0.55538950160379452)
(0 0.1643400774437962 0.55625998109974051)
(0.0013576952790409428 0.16441164431995034 0.55618841422358634)
(0.0026758861101245663 0.16462365589643826 0.55597640264709836)
(0.0039165779580633943 0.16496796247797849 0.5556320960655583)
(0.0050447553377185881 0.16543132896784002 0.55516872957569674)
(0 0.1648109580615065 0.55578908903594204)
(0.0012477732756939286 0.16486853260281714 0.55573151449463154)
(0.0024637657808261556 0.16503909292240609 0.55556095417504259)
(0.0036174114483376952 0.1653160827054968 0.55528396439195182)
(0.0046805408148682054 0.16568885450365431 0.5549111925937944)
(0 0.1653602539762391 0.5552397797690154)
(0.0011195460667012536 0.16540150605262335 0.55519852769263101)
(0.0022163212568151111 0.16552371227731277 0.55507632146794172)
(0.0032684250270740346 0.16572217506016074 0.55487785868509376)
(0.0042556739973278754 0.1659892655196141 0.55461076822564037)
(0 0.16600102361209526 0.554598994557437)
(0.00096996530374750213 0.16602323505914535 0.55457678311038683)
(0.0019276700338721378 0.16608903482795209 0.55451098334158022)
(0.0028613222322522317 0.16619589358462608 0.55440412458490607)
(0.0037600545167147926 0.16633970369353973 0.55426031447599255)
(0.025157449140287558 0.1501031661943614 0.54999079630563863)
(0.025500000000138887 0.158745475 0.54134850000000012)
(0.025157449140287554 0.1673877838056386 0.53270620369436128)
(0.024181950000000001 0.17584470000000002 0.52424929999999992)
(0.02456391869594381 0.15030155460698238 0.54979240789301753)
(0.024890909583542821 0.158745475 0.54134850000000001)
(0.02456391869594381 0.16718939539301761 0.53290459210698238)
(0.023632730463419349 0.17545634441733932 0.52463765558266062)
(0.023871548196744318 0.15053298045142027 0.54956098204857973)
(0.024180387924855985 0.15874547500000002 0.54134850000000023)
(0.023871548196744315 0.16695796954857983 0.53313601795142029)
(0.02299204992489548 0.17500331635248417 0.52509068364751588)
(0.023063877903282286 0.15080294541946537 0.54929101708053463)
(0.023351543776750004 0.158745475 0.54134850000000012)
(0.023063877903282282 0.1666880045805347 0.53340598291946539)
(0.022244677471616115 0.17447484595908772 0.52561915404091231)
(0.022121707051555875 0.1511178673943582 0.54897609510564183)
(0.022384673008701648 0.15874547500000005 0.54134850000000012)
(0.022121707051555875 0.16637308260564176 0.53372090489435808)
(0.021372845801486507 0.17385836989863446 0.52623563010136565)
(0.021022637392774848 0.15148523302327144 0.54860872947672867)
(0.021256790180255988 0.15874547499999997 0.54134850000000012)
(0.021022637392774844 0.16600571697672858 0.53408827052327135)
(0.020355828840658157 0.17313923267191228 0.52695476732808766)
(0.019740540719289761 0.1519137756975408 0.54818018680245895)
(0.019941082107634865 0.158745475 0.54134850000000012)
(0.019740540719289757 0.16557717430245916 0.53451681319754074)
(0.019169449022110447 0.17230033821350058 0.52779366178649934)
(0.018244937718125472 0.1524136831717737 0.54768027932822638)
(0.018406270433317617 0.15874547500000002 0.54134850000000001)
(0.018244937718125472 0.16507726682822629 0.53501672067177364)
(0.017785502511807504 0.17132174346662393 0.52877225653337612)
(0.016500273385590136 0.15299683975756748 0.54709712274243261)
(0.016615868044946094 0.158745475 0.54134850000000012)
(0.016500273385590136 0.16449411024243255 0.5355998772575673)
(0.016171088718319088 0.17018018427641562 0.52991381572358442)
(0.01446507177737499 0.15367710884951602 0.54641685365048398)
(0.014527311666384284 0.15874547499999997 0.54134850000000001)
(0.01446507177737499 0.16381384115048403 0.53628014634951604)
(0.014287828146322616 0.1688485223306426 0.53124547766935737)
(0.0083148982805751146 0.16656318238872278 0.55403691761127727)
(0.0090000000002777719 0.16899855000000003 0.55160155000000011)
(0.0083148982805751094 0.17143391761127724 0.54916618238872272)
(0.0063639000000000005 0.1734985 0.54710159999999997)
(0.0080817378358702292 0.16662270203401591 0.55397739455919681)
(0.0087357196110682388 0.16899854772880848 0.55160155)
(0.0080817378358702258 0.17137439342360106 0.54922570544080318)
(0.0062193613708213013 0.17339629638100187 0.54720380361899812)
(0.0078097494062415026 0.16669213342867559 0.5539079591904208)
(0.0084274288624648416 0.16899854507939763 0.55160155000000011)
(0.0078097494062414974 0.17130495673011961 0.5492951408095792)
(0.0060507528625438275 0.17327707289149077 0.54732302710850922)
(0.007492467004650883 0.16677312716680445 0.55382696081636995)
(0.0080677987515863168 0.16899854198878292 0.55160155000000011)
(0.0074924670046508787 0.17122395681076136 0.54937613918363015)
(0.0058540661413185417 0.17313799522877651 0.54746210477122348)
(0.0071223478694489792 0.16686760871435549 0.55373247386088098)
(0.0076482797837405395 0.16899853838349105 0.55160155000000011)
(0.007122347869448974 0.1711294680526266 0.54947062613911901)
(0.0056246253693102337 0.17297575709646387 0.54762434290353612)
(0.0066905931501331541 0.16697782418327795 0.55362225208344218)
(0.0071588987250954415 0.16899853417781344 0.55160155000000011)
(0.0066905931501331506 0.17101924417234896 0.54958084791655781)
(0.0053569760458997816 0.17278650160379463 0.54781359839620536)
(0.0061869387320772108 0.1671063937283864 0.55349367517926618)
(0.0065880215087674313 0.16899852927176834 0.55160155000000011)
(0.0061869387320772073 0.17089066481515031 0.54970942482073382)
(0.0050447553377185881 0.17256572957569669 0.54803437042430325)
(0.0055994112275041452 0.16725637383636058 0.55334368648672594)
(0.0059220766578884304 0.1689985235487243 0.55160155)
(0.0055994112275041426 0.17074067326108808 0.54985941351327405)
(0.0046805408148682054 0.17230819259379432 0.54829190740620559)
(0.0049140433318699724 0.16743132998767121 0.55316872032126974)
(0.0051452326505818909 0.16899851687262726 0.55160155)
(0.0049140433318699706 0.17056570375758331 0.55003437967873026)
(0.0042556739973278754 0.17200776822564037 0.54859233177435951)
(0.0041145417788195368 0.16763542141882751 0.55296461720832168)
(0.0042390215568381302 0.16899850908476616 0.55160155)
(0.0041145417788195368 0.17036159675070481 0.55023848279167831)
(0.0037600545167147926 0.17165731447599258 0.54894278552400744)
(0.018250062960680609 0.17624044521458679 0.52385355478541318)
(0.012222081224465157 0.1765345054994297 0.52355949450057027)
(0.0061279103002398793 0.17671557721839923 0.52337842278160074)
(-4.4408920985006263e-19 0.17677670000000001 0.5233173000000001)
(0.017832988140155596 0.17583411336831192 0.52425988663168799)
(0.01194151610923549 0.17611481630857059 0.52397918369142926)
(0.0059868614567736159 0.1762876630564392 0.52380633694356082)
(-4.2391697678130733e-19 0.1763460094071588 0.52374799059284127)
(0.017346458250337187 0.17536011546992777 0.52473388453007241)
(0.01161422875482806 0.17562523667983723 0.5244687633201629)
(0.0058223238848715926 0.17578848876006709 0.52430551123993308)
(-4.0038548111350667e-19 0.1758435963235373 0.52425040367646281)
(0.016778907005242229 0.17480718315676455 0.52528681684323542)
(0.011232438551625751 0.17505412782573487 0.52503987217426518)
(0.0056303860291465387 0.17520618744753905 0.52488781255246109)
(-3.729353080723576e-19 0.1752575168716298 0.52483648312837028)
(0.016116841996391382 0.17416217155653968 0.52593182844346043)
(0.010787069192564598 0.17438791276266544 0.52570608723733447)
(0.005406484946649295 0.17452691605669166 0.52556708394330831)
(-3.409138840784678e-19 0.17457383817148081 0.52552016182851924)
(0.015344523937479653 0.17340974679401386 0.526684253205986)
(0.010267532901882353 0.17361075354499192 0.52648324645500821)
(0.0051452978319237305 0.17373452625351501 0.52635947374648495)
(-3.0355996310101584e-19 0.17377630711401743 0.52631769288598251)
(0.014443592493970066 0.17253202145843133 0.52756197854156861)
(0.009661478731687859 0.17270417474920147 0.52738982525079847)
(0.0048406154778332586 0.1728101805374454 0.52728381946255454)
(-2.5998552953878669e-19 0.17284596397552249 0.52724803602447756)
(0.013392629802448899 0.17150812936570264 0.52858587063429729)
(0.0089544989425997795 0.17164662425724803 0.52844737574275191)
(0.0044851946639403147 0.17173190441704245 0.52836209558295755)
(-2.0915468740536624e-19 0.17176069168769781 0.52833330831230219)
(0.012166651303278382 0.17031372950614226 0.52978027049385756)
(0.0081297864882351294 0.17041296089756625 0.52968103910243369)
(0.0040705859632644142 0.170474064009911 0.52961993599008905)
(-1.4985903395062204e-19 0.17049469004810308 0.52959930995189697)
(0.01073651178210003 0.16892042738509944 0.5311735726149005)
(0.0071677354609186788 0.16897385676343643 0.53112014323656342)
(0.003586932873865056 0.16900675664783985 0.53108724335216029)
(-8.0688932275021096e-20 0.16901786237136482 0.53107613762863515)
(0.005000125921361215 0.17428999042917365 0.54631010957082626)
(0.0034441624489303145 0.17487811099885942 0.54572198900114055)
(0.0017558206004797574 0.17524025443679836 0.54535984556320161)
(0 0.1753625 0.5452376000000001)
(0.0048814016132981575 0.17415183428294706 0.54644826571705274)
(0.0033599824404622796 0.17471324016346432 0.54588685983653562)
(0.0017121980245428815 0.17505893365920164 0.5455411663407983)
(-8.4783395356261465e-19 0.17517562636064077 0.54542447363935931)
(0.0047429062602390186 0.17399067112637792 0.54660942887362218)
(0.0032617840160325548 0.17452091354619684 0.54607918645380316)
(0.0016613110229314024 0.17484741770665652 0.54575268229334351)
(-8.0077096222701334e-19 0.17495763283359692 0.54564246716640308)
(0.0045813474090491873 0.17380266962413018 0.54679743037586981)
(0.0031472327022946584 0.17429655896207083 0.54630354103792911)
(0.0016019498578146547 0.17460067820567901 0.54599942179432093)
(-7.458706161447152e-19 0.17470333705386065 0.54589676294613942)
(0.0043928843175356936 0.17358336041227426 0.54701673958772568)
(0.0030136052682978079 0.17403484282452583 0.54656525717547422)
(0.0015327033348828956 0.17431284941257827 0.54628725058742167)
(-6.818277681569356e-19 0.17440669364215661 0.54619340635784341)
(0.0041730366483969097 0.17332752984799785 0.54727257015200226)
(0.0028577249860564421 0.17372954334995391 0.54687055665004591)
(0.0014519252549933255 0.1739770887670001 0.54662301123299983)
(-6.0711992620203168e-19 0.17406065048800495 0.54653944951199507)
(0.0039165779580633969 0.17302909606555819 0.54757100393444169)
(0.0026758861101245672 0.17337340264709844 0.54722669735290153)
(0.0013576952790409422 0.17358541422358634 0.54701468577641366)
(-5.1997105907757337e-19 0.17365698109974051 0.54694311890025948)
(0.0036174114483376969 0.17268096439195185 0.54791913560804817)
(0.002463765780826156 0.17295795417504251 0.5476421458249574)
(0.0012477732756939282 0.17312851449463151 0.54747158550536856)
(-4.1830937481073248e-19 0.17318608903594213 0.54741401096405784)
(0.0032684250270740359 0.17227485868509376 0.54832524131490623)
(0.0022163212568151115 0.1724733214679417 0.54812677853205838)
(0.0011195460667012532 0.17259552769263112 0.54800457230736876)
(-2.9971806790124407e-19 0.17263677976901537 0.54796332023098471)
(0.0028613222322522321 0.17180112458490623 0.54879897541509381)
(0.001927670033872138 0.17190798334158022 0.54869211665841977)
(0.00096996530374750202 0.171973783110387 0.54862631688961316)
(-1.6137786455004219e-19 0.17199599455743703 0.54860410544256288)
(0 0.16995199999999999 0.55630499999999994)
(0.00066290000000000001 0.16995199999999999 0.55630499999999994)
(0.0013258 0.16995199999999999 0.55630499999999994)
(0.0019887000000000004 0.16995199999999999 0.55630499999999994)
(0.0026516000000000001 0.16995199999999999 0.55630499999999994)
(0 0.17088947499999999 0.55536750000000001)
(0.00066290000000000001 0.17088947499999999 0.55536750000000001)
(0.0013258 0.17088947499999999 0.55536750000000001)
(0.0019887000000000004 0.17088947499999999 0.55536750000000001)
(0.0026516000000000001 0.17088947500000004 0.55536750000000001)
(0 0.17182695000000001 0.55442999999999998)
(0.00066290000000000001 0.17182695000000001 0.55442999999999998)
(0.0013258 0.17182695000000001 0.55443000000000009)
(0.0019886999999999999 0.17182695000000001 0.55442999999999998)
(0.0026516000000000001 0.17182695000000001 0.55442999999999998)
(0 0.172764425 0.55349249999999994)
(0.00066290000000000001 0.172764425 0.55349249999999994)
(0.0013258 0.172764425 0.55349249999999994)
(0.0019887000000000004 0.172764425 0.55349249999999994)
(0.0026516000000000001 0.172764425 0.55349249999999994)
(0 0.17370189999999999 0.55255499999999991)
(0.00066290000000000001 0.17370189999999999 0.55255499999999991)
(0.0013258 0.17370189999999999 0.55255499999999991)
(0.0019887000000000004 0.17370189999999999 0.55255499999999991)
(0.0026516000000000001 0.17370189999999999 0.55255499999999991)
(0 0.16652359999999999 0.55973329999999999)
(0.0014631756888908536 0.16662549791600742 0.55963140208399265)
(0.0028701140345604339 0.16692730411095635 0.55932959588904363)
(0.0041667352733067309 0.167417417786733 0.55883948221326696)
(0.0053032000000000001 0.168077 0.55817989999999995)
(0 0.16667933106105473 0.55957757348132831)
(0.0014268241015126884 0.16677660038338027 0.55948030415900274)
(0.0027999653753596828 0.16706469738483598 0.55919220715754714)
(0.0040678005678678221 0.16753254821999711 0.55872435632238582)
(0.0051827541706064633 0.16816216968249845 0.55809473485988459)
(0 0.16686099586613912 0.55939591397506583)
(0.0013844189192013696 0.16695286579952232 0.55930404404168266)
(0.0027181349273146778 0.16722497062865888 0.5590319392125459)
(0.0039523903609514277 0.16766685121373862 0.55859005862746625)
(0.0050422506129230707 0.16826152259042437 0.55799538725078046)
(0 0.167072913136739 0.55918400288569525)
(0.0013349520426066972 0.16715848452612492 0.55909843149630944)
(0.0026226773333486563 0.16741193402184548 0.55884498200058874)
(0.0038177610031199629 0.16782351955604013 0.55843339646639401)
(0.0048783491327216363 0.16837742064268627 0.5578794953797479)
(0 0.16732012078688144 0.55893680244613642)
(0.0012772474945618832 0.16739834474178752 0.55885857849123044)
(0.0025113232779392248 0.16763003224933526 0.55862689098368268)
(0.0036607119476300765 0.16800627772691706 0.55825064550610093)
(0.0046871532964371529 0.1685126190862801 0.55774430414673781)
(0 0.16760849568957797 0.55864843595479496)
(0.0012099334635519933 0.16767814864879696 0.55857878299557617)
(0.0023814255386295558 0.16788445016518214 0.55837248147919083)
(0.0034775096637631219 0.1682194704404649 0.55803746120390829)
(0.004464117801165261 0.16867033199683781 0.55758659964753532)
(0 0.16794489338785842 0.55831204806860479)
(0.0011314096916080285 0.16800454803171036 0.55825239342475297)
(0.0022298960535495388 0.16818123605220603 0.55807570540425722)
(0.0032637988795156531 0.16846816593184444 0.55778877552461892)
(0.0042039404190743583 0.16885430868691942 0.55740263276954372)
(0 0.16833731107174915 0.55791964183080223)
(0.0010398094313383416 0.16838530239037855 0.55787165051217291)
(0.0020531325088516826 0.16852744540795578 0.55772950749459571)
(0.0030144990436203937 0.1687582764445503 0.557498676458001)
(0.0039004359474244291 0.16906892283850475 0.5571880300640466)
(0 0.16879507769565089 0.55746188855909451)
(0.00093295506770102194 0.16882946340671021 0.55742750284803555)
(0.0018469327008232234 0.1689313086752107 0.55732565757953467)
(0.0027236835454870147 0.16909669878230801 0.55716026747243763)
(0.0035463891676035817 0.16931927647863301 0.55693768977611247)
(0 0.16932907575578096 0.55692790607468667)
(0.00080830634951266171 0.16934759013050865 0.55690939169995912)
(0.0016063946368030043 0.16940242690448173 0.55685455492598612)
(0.0023844388217556332 0.16949147826694366 0.55676550356352406)
(0.0031333833175741501 0.16961132127000622 0.5566456605604615)
(0.0069290679027700667 0.169797474074839 0.55645942592516096)
(0.0075000000003333685 0.17182695000000001 0.55442994999999995)
(0.0069290679027700936 0.17385642592516101 0.55240047407483894)
(0.0053032000000000001 0.17557690000000001 0.55067999999999995)
(0.0067347689250760795 0.16984707693995046 0.55640982646683679)
(0.0072797670997179747 0.17182694999999998 0.55442995227119163)
(0.0067347689250761046 0.17380682306004955 0.55245007807554602)
(0.0051827541706064633 0.17549173031750154 0.55076516968249833)
(0.0065081135252360919 0.16990494012254914 0.55635196725835456)
(0.0070228590256800347 0.17182695000000001 0.55442995492060243)
(0.0065081135252361162 0.17374895987745084 0.5525079425828503)
(0.0050422506129230707 0.17539237740957564 0.55086452259042429)
(0.0062437134193460099 0.16997243920537278 0.55628447281145299)
(0.0067231682968132101 0.17182695000000001 0.55442995801121708)
(0.0062437134193460333 0.17368146079462721 0.55257544321098129)
(0.0048783491327216363 0.17527647935731375 0.55098042064268626)
(0.005935283017758231 0.17005117884563131 0.55620573857913214)
(0.0063735703586983248 0.17182695000000001 0.55442996161650893)
(0.0059352830177582501 0.17360272115436864 0.55265418465388572)
(0.0046871532964371529 0.17514128091371989 0.55111561908628004)
(0.005575489997617959 0.17014303092255872 0.55611389281072121)
(0.0059657542117113761 0.17182695000000001 0.55442996582218651)
(0.0055754899976179781 0.17351086907744123 0.55274603883365192)
(0.004464117801165261 0.1749835680031622 0.5512733319968377)
(0.0051557809913875402 0.17025017903763992 0.55600675205470762)
(0.0054900248334430598 0.17182695000000001 0.55442997072823152)
(0.0051557809913875558 0.17340372096236006 0.55285318940175565)
(0.0042039404190743583 0.17479959131308057 0.55145730868691933)
(0.0046661782474481227 0.17037517042541794 0.55588176925149546)
(0.0049350726987135779 0.17182694999999998 0.55442997645127567)
(0.0046661782474481358 0.17327872957458207 0.55297818365105567)
(0.0039004359474244291 0.17458497716149524 0.55167192283850475)
(0.0040950424287866426 0.17052097650895792 0.55573597318210111)
(0.0042877049179768792 0.17182695000000001 0.55442998312737279)
(0.004095042428786653 0.17313292349104206 0.55312399307264437)
(0.0035463891676035817 0.17433462352136697 0.55192227647863312)
(0.0034287959107759483 0.17069106353955418 0.55556589783329646)
(0.0035325316024615778 0.17182695000000001 0.55442999091523382)
(0.0034287959107759535 0.17296283646044583 0.55329408399717106)
(0.0031333833175741501 0.17404257872999379 0.55221432127000614)
(0.0041667267732893249 0.17623649755208087 0.55002047720534675)
(0.0028701020279671059 0.17672659940601149 0.5495304005939885)
(0.0014631662176446852 0.17702836672750005 0.54922860802992779)
(0 0.17713020000000002 0.54912670000000008)
(0.0040677924539537676 0.17612136642206916 0.55013560493958968)
(0.0027999539141518167 0.17658920597237773 0.54966778948523909)
(0.0014268150604868019 0.17687726586615451 0.5493797054955043)
(-1.6956679071252293e-18 0.17697447348132833 0.54928242651867176)
(0.0039523826974381445 0.17598706261555114 0.55026990478484494)
(0.0027181241023147918 0.17642893254219691 0.54982805761659814)
(0.0013844103800399359 0.17670100232349001 0.54955596507690629)
(-1.6015419244540267e-18 0.17679281397506569 0.54946408602493446)
(0.003817753865012259 0.17583039332512235 0.55042656945434554)
(0.0026226672505038533 0.17624196893161853 0.55001501504594719)
(0.001334944088884721 0.17649538578235335 0.5497615769971147)
(-1.4917412322894304e-18 0.17658090288569531 0.54967599711430482)
(0.0036607054224232385 0.17564763404822742 0.55060932334079371)
(0.002511314060839878 0.17602387045053483 0.55023310631644695)
(0.0012772402237720361 0.17625552811610015 0.55000142927292117)
(-1.3636555363138712e-18 0.1763337024461365 0.54992319755386354)
(0.0034775038535229427 0.17543444004447747 0.55082251105643087)
(0.0023814173314474249 0.1757694522388632 0.5504875161167635)
(0.0012099269894223054 0.17597572718305088 0.5502812239178575)
(-1.2142398524040634e-18 0.17604533595479518 0.55021156404520488)
(0.0032637939033048438 0.17518574304803969 0.55107120071760229)
(0.0022298890244651678 0.17547266600675135 0.55078429253678518)
(0.0011314041468055522 0.17564933126934845 0.55060761249629364)
(-1.0399421181551467e-18 0.17570894806860485 0.55054795193139516)
(0.0030144950403290637 0.17489563077963963 0.55136130442920139)
(0.0020531268540525597 0.17512645624844639 0.55113049084900223)
(0.0010398049706230443 0.17526858095761555 0.55098835425122561)
(-8.3661874962146496e-19 0.17531654183080222 0.55094035816919784)
(0.0027236806771345108 0.17455720639381372 0.55169971883327051)
(0.0018469286491677513 0.174722592511599 0.55153434123365552)
(0.00093295187160490056 0.17482442466215145 0.55143250056493276)
(-5.9943613580248814e-19 0.17485878855909467 0.55139811144090523)
(0.0023844372773422278 0.17416242452004707 0.55209448906302783)
(0.0016063924552611555 0.1742514737345349 0.55200544443499733)
(0.00080830462863153304 0.17430630344538203 0.55195061013769287)
(-3.2275572910008438e-19 0.17432480607468676 0.55193209392531317)
(0 0.17490170000000002 0.5612547)
(0.00066290000000000001 0.17490170000000002 0.5612547)
(0.0013258 0.17490170000000002 0.5612547)
(0.0019887000000000004 0.17490170000000002 0.5612547)
(0.0026516000000000001 0.17490170000000002 0.5612547)
(0 0.1758392 0.56031719999999996)
(0.00066290000000000001 0.1758392 0.56031720000000007)
(0.0013258 0.1758392 0.56031719999999996)
(0.0019887000000000004 0.1758392 0.56031720000000007)
(0.0026516000000000001 0.1758392 0.56031719999999996)
(0 0.17677670000000001 0.55937969999999992)
(0.00066290000000000001 0.17677670000000001 0.55937969999999992)
(0.0013258 0.17677669999999998 0.55937969999999981)
(0.0019886999999999999 0.17677670000000001 0.55937969999999992)
(0.0026516000000000001 0.17677670000000001 0.55937969999999992)
(0 0.17771420000000002 0.5584422)
(0.00066290000000000001 0.17771420000000002 0.5584422)
(0.0013258 0.17771420000000002 0.5584422)
(0.0019887000000000004 0.17771420000000002 0.5584422)
(0.0026516000000000001 0.17771420000000002 0.5584422)
(0 0.1786517 0.55750469999999996)
(0.00066290000000000001 0.1786517 0.55750469999999996)
(0.0013258 0.1786517 0.55750469999999996)
(0.0019887000000000004 0.1786517 0.55750469999999996)
(0.0026516000000000001 0.1786517 0.55750469999999996)
(0 0.1714734 0.56468300000000005)
(0.0014631535351021321 0.17157530407731864 0.56458109592268135)
(0.0028700770276563559 0.17187709327140052 0.56427930672859938)
(0.0041667023145428262 0.17236716980350386 0.56378923019649618)
(0.0053032000000000001 0.17302670000000001 0.56312969999999996)
(0 0.17162912651867168 0.56452727348132825)
(0.0014268029540339142 0.17172640172243805 0.56442999827756202)
(0.0027999300494509489 0.17201448249527121 0.56414191750472875)
(0.0040677691062172274 0.17248229787396691 0.56367410212603319)
(0.0051827541706064633 0.17311186968249845 0.56304453031750146)
(0 0.17181078602493435 0.56434561397506566)
(0.0013843989456123723 0.17190266151328143 0.56425373848671856)
(0.0027181015623358291 0.17217475101464116 0.56398164898535896)
(0.0039523606457269852 0.17261659811143254 0.56353980188856767)
(0.0050422506129230707 0.1732112225904244 0.56294517740957561)
(0 0.17202269711430473 0.56413370288569531)
(0.0013349334383942132 0.17210827367780979 0.56404812632219037)
(0.0026226462558514617 0.17236170889661609 0.56379469110338387)
(0.0038177333251523424 0.17277326323845804 0.56338313676154206)
(0.0048783491327216363 0.17332712064268629 0.56282927935731364)
(0 0.17226989755386354 0.56388650244613647)
(0.0012772304877668689 0.17234812623862228 0.56380827376137754)
(0.0025112948688558088 0.17257980069511744 0.56357659930488235)
(0.0036606866461817 0.17295601765862226 0.56320038234137781)
(0.0046871532964371529 0.1734623190862801 0.56269408091371986)
(0 0.17255826404520483 0.56359813595479513)
(0.0012099183201908449 0.17262792121602674 0.56352847878397327)
(0.0023814002423283008 0.17283421111136263 0.56332218888863739)
(0.0034774871345934571 0.17316920599685465 0.56298719400314534)
(0.004464117801165261 0.17362003199683781 0.56253636800316209)
(0 0.17289465193139514 0.56326174806860485)
(0.0011313967219965984 0.17295431018229657 0.56320208981770348)
(0.0022298743883990692 0.17313098824988338 0.56302541175011644)
(0.0032637795842896111 0.17341789638430175 0.56273850361569822)
(0.0042039404190743583 0.17380400868691945 0.56235239131308046)
(0 0.17328705816919782 0.56286934183080217)
(0.0010397989974690828 0.17333505238964758 0.56282134761035241)
(0.0020531150795440509 0.17347718740025012 0.56267921259974985)
(0.0030144835208835001 0.17370800094312222 0.56244839905687771)
(0.0039004359474244291 0.17401862283850475 0.56213777716149527)
(0 0.17374481144090537 0.56241158855909457)
(0.00093294759184864241 0.17377919923111482 0.56237720076888509)
(0.0018469202127492697 0.17388103876262948 0.56227536123737054)
(0.0027236724234682634 0.17404641633549975 0.56210998366450016)
(0.0035463891676035817 0.17426897647863301 0.561887423521367)
(0 0.17427879392531323 0.56187760607468673)
(0.00080830232427287168 0.17429730941952234 0.56185909058047756)
(0.001606387912821627 0.17435214310451741 0.56180425689548275)
(0.0023844328333023908 0.17444118771814759 0.56171521228185239)
(0.0031333833175741501 0.17456102127000622 0.56159537872999377)
(0.0069290681702886322 0.17474718049374699 0.56140920544061756)
(0.0075000000000833046 0.17677667499999999 0.55937972499966671)
(0.0069290681702886218 0.17880618250087771 0.55735025755351375)
(0.0053032000000000001 0.18052670000000001 0.55562980000000006)
(0.0067347691804429269 0.1747967842028828 0.56135960237039684)
(0.0072797670994792698 0.17677667613559572 0.55937972386408596)
(0.0067347691804429174 0.17875658047266779 0.55739985776229983)
(0.0051827541706064633 0.1804415303175016 0.55571496514011542)
(0.0065081137664276074 0.17485464837006046 0.5613017389485323)
(0.0070228590254545805 0.17677667746030118 0.55937972253939827)
(0.0065081137664275979 0.17869871826633904 0.55745771784621789)
(0.0050422506129230707 0.18034217740957567 0.55581431274921966)
(0.0062437136440015896 0.17492214860142405 0.56123423958659779)
(0.0067231682966032115 0.17677667900560856 0.55937972099411148)
(0.0062437136440015809 0.17863122032236256 0.55752521331434035)
(0.0048783491327216363 0.18022627935731372 0.55593020462025211)
(0.0059352832231241593 0.1750008895814878 0.56115549962074818)
(0.0063735703585063577 0.17677668080825448 0.55937971919148943)
(0.0059352832231241506 0.17855248201060245 0.55760394873794517)
(0.0046871532964371529 0.18009108091371992 0.5560653958532622)
(0.0055754901804819512 0.17509274322133683 0.56106364716400969)
(0.0059657542115404442 0.17677668291109327 0.55937971708867884)
(0.0055754901804819443 0.17846063148340691 0.55769579589602336)
(0.004464117801165261 0.17993336800316218 0.55622310035246469)
(0.0051557811480023698 0.17519989315961146 0.56095649860586805)
(0.0054900248332966639 0.17677668536411584 0.55937971463568914)
(0.0051557811480023637 0.178353485176133 0.55780293827312422)
(0.0042039404190743583 0.17974939131308057 0.55640706723045608)
(0.0046661783734425416 0.17532488667419768 0.56083150670124693)
(0.004935072698595804 0.17677668822563786 0.55937971177420509)
(0.0046661783734425364 0.17822849589721468 0.5579279229673817)
(0.0039004359474244291 0.17953477716149527 0.55662166993595341)
(0.0040950425190614632 0.17547069523872119 0.56068570001479445)
(0.0042877049178924945 0.17677669156368636 0.55937970843620111)
(0.0040950425190614606 0.17808269227372084 0.55807372124273558)
(0.0035463891676035817 0.179284423521367 0.55687201022388755)
(0.0034287959593828198 0.17564078516345671 0.5605156122808832)
(0.0035325316024161419 0.17677669545761696 0.55937970454232255)
(0.0034287959593828185 0.17791260811283968 0.55824379916485578)
(0.0031333833175741501 0.1789923787299938 0.55716403943953841)
(0.004166718794108377 0.18118622526049549 0.55497021285055104)
(0.002870095531272624 0.18167630130888532 0.55448009869103032)
(0.001463164612065254 0.18197809256909545 0.55417829456227496)
(0 0.18208000000000002 0.55407640000000002)
(0.0040677848372177835 0.18107109741424446 0.55508533896565226)
(0.0027999477125620854 0.18153891233119879 0.55461748766872065)
(0.0014268135278389389 0.18182699507630884 0.55432939263960401)
(-1.2717509303439221e-18 0.18192427348132834 0.5542321265186716)
(0.0039523755035047363 0.18093679743832874 0.55521963692213161)
(0.0027181182449733205 0.18137864409900992 0.55477775590091405)
(0.0013844089324688651 0.18165073546316599 0.55450565293463272)
(-1.2011564433405201e-18 0.18174261397506572 0.55441378602493419)
(0.0038177471642903346 0.18078013261640871 0.55537629938832045)
(0.0026226617947379743 0.18119168655203996 0.55496471344788911)
(0.0013349427405581992 0.18144512350593045 0.55471126568730778)
(-1.1188059242170729e-18 0.18153070288569528 0.55462569711430465)
(0.0036606992970468315 0.18059737855215902 0.55555905070454126)
(0.0025113090735235906 0.18097359514433156 0.55518280485560378)
(0.0012772389912171617 0.18120527118693111 0.55495111893421045)
(-1.0227416522354034e-18 0.18128350244613647 0.55487289755386338)
(0.0034774983993037896 0.18038419062911115 0.55577223542193355)
(0.0023814128905911879 0.18071918518395771 0.55543721481598463)
(0.001209925891918421 0.1809254764916087 0.55523091471195896)
(-9.1067988930304748e-19 0.18099513595479516 0.55516126404520472)
(0.0032637892320101169 0.18013550072598891 0.55602092158556549)
(0.0022298852210704493 0.18042240857722427 0.55573399142272617)
(0.0011314032068425687 0.18059908785439568 0.55555730461185338)
(-7.7995658861636001e-19 0.18065874806860485 0.555497651931395)
(0.0030144912823384172 0.17984539673214742 0.55631102121718312)
(0.0020531237942752146 0.18007621004720278 0.55608018995275743)
(0.0010398042144360968 0.18021834603089906 0.5559380479083047)
(-6.2746406221609862e-19 0.18026634183080226 0.55589005816919779)
(0.0027236779845395947 0.17950698199883433 0.55664943086183527)
(0.0018469264568416659 0.17967235940847423 0.55648404059149736)
(0.00093295132979803578 0.17977419963720914 0.55638219602023897)
(-4.4957710185186608e-19 0.17980858855909465 0.55634781144090539)
(0.0023844358275623709 0.17911221138500413 0.55704419553959472)
(0.0016063912748421551 0.1792012559107459 0.55695514408923874)
(0.00080830433690526023 0.17925608997114681 0.55690030769068344)
(-2.4206679682506329e-19 0.17927460607468679 0.55688179392531323)
)


                                                                               
