                                                                               
                             
                                                                   
                                                            
                                          
                             
                                                                               
FoamFile
{
    format          ascii;
    class           volVectorField;
    location        1 / fluid;
    object          U;
}
                                                                               

dimensions      [ 0 1 -1 0 0 0 0 ];

internalField   nonuniform List<vector> 
4592
(
(15.8652 -0.00396564 0)
(15.8914 -0.00207121 8.20831e-11)
(15.8891 -0.00528299 1.99246e-10)
(15.9151 -0.00495509 2.0449e-10)
(15.9211 -0.0074779 2.14979e-10)
(15.9469 -0.00832727 2.62291e-10)
(15.9625 -0.010894 1.96705e-10)
(15.9918 -0.0130135 1.52559e-10)
(16.0186 -0.0164138 1.62848e-10)
(16.0562 -0.0201257 1.61589e-10)
(16.0967 -0.0249649 1.54726e-10)
(16.1471 -0.0303548 2.05337e-10)
(16.2037 -0.0360232 1.94883e-10)
(16.2693 -0.0413646 2.59884e-10)
(16.3417 -0.0471196 2.45817e-10)
(16.423 -0.0533887 2.30886e-10)
(16.5124 -0.0602478 2.22698e-10)
(16.6107 -0.0677617 2.09325e-10)
(16.7177 -0.0760391 2.16566e-10)
(16.8338 -0.0850784 1.88851e-10)
(16.9588 -0.0949195 1.96492e-10)
(17.0928 -0.105554 1.54955e-10)
(17.2357 -0.117008 1.57004e-10)
(17.3874 -0.129285 1.94503e-10)
(17.5478 -0.142416 1.97929e-10)
(17.7165 -0.156419 2.51264e-10)
(17.8935 -0.17133 2.67125e-10)
(18.0783 -0.187171 2.91436e-10)
(18.2711 -0.204003 2.81255e-10)
(18.4708 -0.221819 3.22389e-10)
(18.6785 -0.240774 3.14403e-10)
(18.8917 -0.260645 3.45754e-10)
(15.891 -0.016404 -5.84783e-21)
(15.921 -0.017801 -5.40335e-13)
(15.922 -0.0293516 -4.00422e-12)
(15.9527 -0.0330952 1.97892e-11)
(15.9638 -0.0437313 2.0988e-11)
(15.9958 -0.050864 2.40256e-11)
(16.0183 -0.062673 5.17546e-11)
(16.0556 -0.0738663 4.78495e-11)
(16.0913 -0.0886165 -1.3945e-11)
(16.1389 -0.104416 -1.34762e-11)
(16.1902 -0.12323 -1.31162e-11)
(16.2525 -0.14374 -1.29581e-11)
(16.3218 -0.166354 -1.28421e-11)
(16.4016 -0.190177 -1.22918e-11)
(16.4903 -0.216059 -9.31939e-12)
(16.5896 -0.243903 1.28998e-11)
(16.6989 -0.273746 3.30121e-11)
(16.819 -0.305437 3.31787e-11)
(16.9494 -0.339036 3.31777e-11)
(17.0905 -0.3744 3.24747e-11)
(17.242 -0.411502 2.57324e-11)
(17.4038 -0.450204 3.26008e-11)
(17.5755 -0.490461 3.24778e-11)
(17.7568 -0.532153 3.43785e-11)
(17.9475 -0.575232 3.32403e-11)
(18.1469 -0.61959 5.24608e-11)
(18.3549 -0.665192 5.25468e-11)
(18.5705 -0.711912 5.60126e-11)
(18.7938 -0.759777 4.54642e-11)
(19.0234 -0.808564 4.49088e-11)
(19.2602 -0.858504 4.38593e-11)
(19.5014 -0.909069 3.41049e-11)
(15.881 -0.0270613 9.13568e-21)
(15.9109 -0.0278682 -1.60018e-11)
(15.9092 -0.0465282 -1.98829e-11)
(15.9382 -0.0513926 -4.60913e-11)
(15.9449 -0.0682688 -3.47672e-11)
(15.9731 -0.0790019 -4.43362e-11)
(15.9897 -0.097815 -4.01678e-11)
(16.0214 -0.115502 -3.92887e-11)
(16.0501 -0.1392 -3.82627e-11)
(16.0907 -0.164545 -3.16975e-11)
(16.134 -0.194844 -2.6463e-11)
(16.1881 -0.227891 -2.4953e-11)
(16.2485 -0.264682 -2.55676e-11)
(16.3191 -0.304169 -2.52643e-11)
(16.3982 -0.347439 -2.52339e-11)
(16.4878 -0.394042 -2.72747e-11)
(16.5871 -0.444193 -2.53747e-11)
(16.6971 -0.497605 -1.68855e-11)
(16.8174 -0.554318 -9.78863e-12)
(16.9484 -0.614031 -6.78232e-12)
(17.0899 -0.676662 5.99555e-12)
(17.2418 -0.741935 -7.1613e-12)
(17.4038 -0.809737 -7.14515e-12)
(17.5755 -0.879821 -6.68793e-12)
(17.7568 -0.95206 -3.33321e-12)
(17.9471 -1.02623 -3.42369e-12)
(18.1461 -1.10219 -3.86686e-12)
(18.3529 -1.17972 -1.03139e-11)
(18.5679 -1.25872 -1.01498e-11)
(18.7891 -1.33892 -9.88005e-12)
(19.0181 -1.42035 -9.74336e-12)
(19.2511 -1.50252 -9.32029e-12)
(15.8919 -0.0384858 -2.21174e-20)
(15.9234 -0.0368589 -4.20849e-12)
(15.9191 -0.061978 -1.64052e-11)
(15.9474 -0.0662484 -2.69708e-11)
(15.9495 -0.0881487 -1.84497e-11)
(15.9743 -0.100829 -1.90775e-11)
(15.9848 -0.125089 -8.29363e-12)
(16.011 -0.147506 -2.00916e-11)
(16.0324 -0.178307 -1.88456e-11)
(16.0658 -0.211195 -2.09628e-11)
(16.1008 -0.250851 -3.38865e-11)
(16.1464 -0.294151 -3.35588e-11)
(16.1976 -0.342601 -4.77119e-11)
(16.2588 -0.394832 -4.59472e-11)
(16.328 -0.452276 -4.46343e-11)
(16.4073 -0.514322 -4.33731e-11)
(16.4959 -0.581271 -3.66287e-11)
(16.5951 -0.652675 -1.86574e-11)
(16.7043 -0.728575 -1.83791e-11)
(16.824 -0.808528 -1.72593e-11)
(16.9539 -0.892442 -5.43643e-12)
(17.094 -0.979915 5.1385e-12)
(17.2441 -1.07081 2.66164e-12)
(17.404 -1.16477 7.87534e-12)
(17.5732 -1.26162 7.84463e-12)
(17.7514 -1.36104 4.41371e-12)
(17.9383 -1.46281 2.17858e-12)
(18.133 -1.56669 1.27349e-12)
(18.3359 -1.67237 2.74672e-12)
(18.5451 -1.77974 8.23655e-12)
(18.7622 -1.88835 8.34322e-12)
(18.9832 -1.99834 7.2407e-12)
(15.8909 -0.050196 -5.62405e-12)
(15.9232 -0.0425821 -3.41634e-12)
(15.9139 -0.0731698 -4.57395e-13)
(15.9392 -0.0740082 -9.52512e-12)
(15.9329 -0.0992499 -5.51562e-12)
(15.9508 -0.111472 -5.51582e-13)
(15.9504 -0.139209 -7.44725e-12)
(15.9662 -0.164142 2.4363e-12)
(15.9745 -0.199962 -7.31863e-12)
(15.9948 -0.238219 -1.20373e-11)
(16.0148 -0.285095 -1.22996e-11)
(16.0451 -0.336536 -7.73531e-12)
(16.0798 -0.394572 -1.92346e-11)
(16.1242 -0.457393 -2.53601e-11)
(16.1755 -0.526723 -2.43986e-11)
(16.2366 -0.601921 -1.57121e-11)
(16.3063 -0.683385 -1.83987e-11)
(16.3862 -0.770457 -1.77705e-11)
(16.4758 -0.863202 -1.54064e-11)
(16.5756 -0.961017 -1.57748e-11)
(16.6854 -1.06383 -1.2534e-11)
(16.8054 -1.1711 -1.28559e-11)
(16.9351 -1.2827 -1.72938e-11)
(17.0746 -1.39813 -1.24794e-11)
(17.2236 -1.51719 -1.19917e-11)
(17.3815 -1.63947 -8.03994e-12)
(17.5483 -1.76466 -1.48506e-11)
(17.7232 -1.89253 -1.68676e-11)
(17.9062 -2.0225 -9.04555e-12)
(18.096 -2.15473 -7.90056e-12)
(18.2937 -2.28816 -1.47029e-11)
(18.4959 -2.42373 -1.32687e-11)
(15.9139 -0.0625574 -4.66026e-12)
(15.9489 -0.0448885 -1.25851e-11)
(15.9342 -0.0798459 -2.09053e-11)
(15.9578 -0.0740814 -1.26994e-11)
(15.9425 -0.100651 -4.0103e-12)
(15.9538 -0.109684 -1.03619e-11)
(15.9419 -0.138483 -1.40528e-11)
(15.9471 -0.163277 -1.55012e-11)
(15.9418 -0.201438 -1.30752e-11)
(15.9484 -0.242257 -6.02768e-12)
(15.9528 -0.293389 -5.01395e-12)
(15.967 -0.349927 -4.51305e-12)
(15.9843 -0.414505 -2.8098e-12)
(16.0107 -0.484623 5.13043e-12)
(16.0431 -0.56226 5.2216e-12)
(16.0845 -0.646983 5.5974e-12)
(16.1339 -0.739327 5.46466e-12)
(16.1928 -0.838367 5.26244e-12)
(16.2609 -0.944224 4.11145e-12)
(16.3388 -1.05612 3.7456e-12)
(16.4263 -1.17407 8.32485e-12)
(16.5237 -1.29735 7.04758e-12)
(16.6308 -1.42593 2.68086e-12)
(16.7474 -1.5591 2.32729e-12)
(16.8734 -1.69675 -2.10108e-12)
(17.0086 -1.83826 -2.06256e-12)
(17.1525 -1.98336 -2.33943e-12)
(17.3049 -2.13169 -6.64652e-12)
(17.4655 -2.28256 -6.38875e-12)
(17.6333 -2.43626 -6.33437e-12)
(17.809 -2.59119 -6.12431e-12)
(17.9899 -2.74912 -3.7228e-12)
(15.9452 -0.0770233 1.57076e-11)
(15.9841 -0.0453503 2.15637e-11)
(15.9629 -0.0839572 9.22858e-12)
(15.9849 -0.0686099 8.20977e-12)
(15.959 -0.0948755 1.60006e-11)
(15.9628 -0.0984444 5.8684e-12)
(15.9375 -0.126443 1.8999e-13)
(15.9306 -0.149099 -6.30926e-12)
(15.9097 -0.187648 -3.25674e-12)
(15.9008 -0.229027 -4.36618e-12)
(15.8875 -0.282317 -5.36071e-12)
(15.8835 -0.341811 -1.80938e-12)
(15.8811 -0.410742 5.58934e-12)
(15.8873 -0.485864 5.66445e-12)
(15.8983 -0.569429 6.42641e-12)
(15.9176 -0.661175 1.37767e-11)
(15.9441 -0.761808 1.23021e-11)
(15.9794 -0.870159 1.14547e-11)
(16.0233 -0.986431 1.30038e-11)
(16.0765 -1.10965 6.88495e-12)
(16.1388 -1.23999 6.87877e-12)
(16.2108 -1.37652 6.86026e-12)
(16.2921 -1.51937 6.82377e-12)
(16.3831 -1.66757 6.60163e-12)
(16.4833 -1.82119 4.1331e-12)
(16.5928 -1.97932 4.87139e-12)
(16.7113 -2.14183 4.61155e-12)
(16.8385 -2.30812 2.45829e-12)
(16.974 -2.47752 6.31438e-12)
(17.1175 -2.65031 6.04853e-12)
(17.2687 -2.82446 6.16631e-12)
(17.4264 -3.00245 6.57439e-12)
(16.0034 -0.0938191 1.14486e-11)
(16.0486 -0.0434617 1.28068e-11)
(16.0203 -0.0847946 2.2524e-11)
(16.0417 -0.0565294 2.80543e-11)
(16.0045 -0.080569 2.35545e-11)
(16.0011 -0.0762571 2.05826e-11)
(15.9619 -0.101349 1.35403e-11)
(15.9431 -0.119723 1.34788e-11)
(15.9061 -0.156443 1.34713e-11)
(15.8816 -0.196119 1.35255e-11)
(15.8503 -0.249141 1.36105e-11)
(15.8279 -0.309026 1.3668e-11)
(15.8054 -0.379626 1.35796e-11)
(15.7908 -0.457191 1.32501e-11)
(15.78 -0.543935 1.13005e-11)
(15.7767 -0.639618 8.20659e-12)
(15.7795 -0.745306 2.00156e-12)
(15.7903 -0.859698 3.20022e-13)
(15.8088 -0.983126 2.89766e-12)
(15.836 -1.11439 2.03929e-12)
(15.8718 -1.25391 2.05708e-12)
(15.9167 -1.40046 2.05527e-12)
(15.9708 -1.55451 2.03216e-12)
(16.0342 -1.71467 1.78444e-12)
(16.1069 -1.88141 -1.37114e-12)
(16.1891 -2.05328 -2.13276e-12)
(16.2802 -2.2306 -2.30621e-12)
(16.3806 -2.41221 -2.24406e-12)
(16.4895 -2.59779 -2.58057e-12)
(16.6072 -2.78721 -6.38233e-12)
(16.7324 -2.97848 -3.92764e-12)
(16.8659 -3.17428 -4.8079e-12)
(16.0823 -0.114437 -4.53147e-12)
(16.1362 -0.040848 -2.19772e-12)
(16.0996 -0.0842171 4.26566e-14)
(16.1213 -0.0400754 5.0854e-12)
(16.0714 -0.0603686 4.44311e-12)
(16.0606 -0.046335 1.21258e-11)
(16.0066 -0.0669787 1.21334e-11)
(15.9753 -0.0795642 1.20518e-11)
(15.9218 -0.112891 1.14854e-11)
(15.8814 -0.149297 1.16295e-11)
(15.8318 -0.200335 1.19719e-11)
(15.7908 -0.258766 1.2368e-11)
(15.7479 -0.328961 1.14474e-11)
(15.7121 -0.407016 1.03914e-11)
(15.679 -0.494955 9.80213e-12)
(15.6527 -0.592243 2.40308e-12)
(15.6312 -0.700394 7.49107e-13)
(15.6167 -0.81807 -1.52286e-12)
(15.6089 -0.945872 -1.82774e-12)
(15.609 -1.08234 -2.27845e-12)
(15.617 -1.22829 -2.04894e-12)
(15.6335 -1.38209 -2.05289e-12)
(15.6588 -1.54473 -2.0463e-12)
(15.6933 -1.71423 -2.04627e-12)
(15.737 -1.89173 -1.86512e-12)
(15.7902 -2.07495 7.57585e-13)
(15.8525 -2.26508 -2.14987e-12)
(15.9247 -2.45987 -9.89984e-13)
(16.0055 -2.66001 -2.40538e-12)
(16.0964 -2.86419 -2.54305e-12)
(16.1946 -3.07127 -3.97049e-12)
(16.3032 -3.28326 -4.7664e-12)
(16.1902 -0.139259 -5.0673e-12)
(16.255 -0.0370279 -3.47559e-12)
(16.2083 -0.0814897 -4.12539e-12)
(16.2309 -0.0182669 -4.09887e-12)
(16.167 -0.033135 -3.48765e-12)
(16.1491 -0.00781557 4.0792e-12)
(16.0798 -0.0225458 3.72442e-12)
(16.0363 -0.0281762 3.09277e-12)
(15.9665 -0.0566889 -3.60243e-12)
(15.9106 -0.0884453 -3.30007e-12)
(15.843 -0.13582 -9.14591e-13)
(15.7837 -0.190998 4.23133e-12)
(15.721 -0.258768 3.12863e-12)
(15.6646 -0.335227 2.73634e-12)
(15.6094 -0.42215 6.40586e-12)
(15.56 -0.518571 6.28693e-12)
(15.5142 -0.626418 6.06967e-12)
(15.4742 -0.744379 6.00163e-12)
(15.4396 -0.873531 5.07613e-12)
(15.4119 -1.01214 -1.95255e-12)
(15.3911 -1.16155 1.65924e-12)
(15.3782 -1.31964 1.6851e-12)
(15.3735 -1.48812 1.78714e-12)
(15.3776 -1.66421 1.5721e-12)
(15.3907 -1.85009 1.2414e-12)
(15.4135 -2.04225 9.13473e-14)
(15.4456 -2.2433 -6.65943e-13)
(15.4881 -2.44923 1.12873e-12)
(15.5395 -2.66263 -3.07047e-12)
(15.6023 -2.87992 -3.68805e-12)
(15.6724 -3.10212 -3.69658e-12)
(15.7557 -3.32902 -5.95365e-12)
(16.3236 -0.168787 -5.64425e-12)
(16.4002 -0.0321505 1.96977e-12)
(16.3405 -0.0768966 -2.99202e-12)
(16.3635 0.00785794 -3.33381e-12)
(16.2835 -0.000679963 3.16134e-12)
(16.2581 0.0368056 2.80131e-12)
(16.1732 0.0288406 1.54206e-13)
(16.118 0.0309606 2.03263e-12)
(16.0324 0.0082801 1.69279e-12)
(15.962 -0.0178742 1.67823e-12)
(15.8776 -0.0604368 1.58485e-12)
(15.8012 -0.111188 1.25784e-12)
(15.7198 -0.175026 1.2349e-12)
(15.6435 -0.247968 1.03995e-12)
(15.5668 -0.331822 1.3513e-12)
(15.4945 -0.425214 1.01499e-12)
(15.4244 -0.530381 -2.64534e-12)
(15.3589 -0.646013 -3.15225e-12)
(15.2975 -0.77382 -6.97839e-12)
(15.2416 -0.911753 -6.97344e-12)
(15.1917 -1.06189 -6.72052e-12)
(15.1485 -1.22145 -6.61272e-12)
(15.113 -1.3932 -4.94216e-12)
(15.0855 -1.57325 -7.53078e-12)
(15.0668 -1.76533 -1.07106e-11)
(15.0576 -1.96413 -1.02965e-11)
(15.058 -2.17454 -9.46427e-12)
(15.0693 -2.38978 -8.62637e-12)
(15.09 -2.6157 -9.48504e-12)
(15.1236 -2.84475 -9.52982e-12)
(15.1645 -3.08226 -1.01454e-11)
(15.2219 -3.32324 -9.56381e-12)
(16.4877 -0.202469 4.2218e-12)
(16.5788 -0.0240485 4.27424e-12)
(16.5019 -0.0685439 4.54416e-12)
(16.5262 0.0401211 -3.27127e-12)
(16.4269 0.0385672 -3.83499e-12)
(16.3939 0.0881053 -4.09192e-12)
(16.2919 0.0870859 -2.43166e-12)
(16.2252 0.0966002 -1.86664e-12)
(16.1242 0.0800599 -1.51723e-12)
(16.0402 0.0599632 -1.68721e-12)
(15.9402 0.0232597 -2.35986e-12)
(15.848 -0.0218013 -5.68394e-12)
(15.7488 -0.0799814 -6.20575e-12)
(15.6535 -0.147297 -9.47849e-12)
(15.556 -0.22581 -6.41571e-12)
(15.4616 -0.313941 -5.92459e-12)
(15.3678 -0.414153 -5.37649e-12)
(15.277 -0.524971 -6.61146e-12)
(15.1891 -0.648805 -6.2341e-12)
(15.105 -0.783222 -5.91405e-12)
(15.0257 -0.931253 -1.93754e-12)
(14.9517 -1.08931 -1.82457e-12)
(14.8845 -1.26155 -2.24776e-12)
(14.8242 -1.44271 -6.64114e-12)
(14.7724 -1.63858 -7.16787e-12)
(14.7295 -1.84155 -6.90626e-12)
(14.6965 -2.05967 -5.87411e-12)
(14.6744 -2.28229 -5.9876e-12)
(14.6626 -2.52025 -7.23866e-12)
(14.665 -2.75972 -9.54385e-12)
(14.6753 -3.01358 -1.08934e-11)
(14.7055 -3.26804 -1.09323e-11)
(16.6878 -0.242182 3.69814e-12)
(16.7981 -0.0137339 4.20571e-12)
(16.7 -0.0569714 3.71853e-12)
(16.7269 0.0774946 -2.7034e-12)
(16.606 0.0839359 -7.32505e-13)
(16.565 0.145169 -9.61351e-13)
(16.4448 0.151336 -1.03964e-12)
(16.3658 0.167719 -2.66367e-13)
(16.2485 0.157416 3.1264e-12)
(16.1504 0.143281 2.51473e-12)
(16.0344 0.112947 5.46917e-13)
(15.9265 0.0744653 2.39588e-12)
(15.81 0.0234007 5.22444e-13)
(15.6964 -0.0367873 1.96286e-12)
(15.5791 -0.108272 2.77622e-12)
(15.4633 -0.189298 2.83978e-12)
(15.3468 -0.282593 2.98462e-12)
(15.2317 -0.386393 3.11966e-12)
(15.1177 -0.503857 3.17621e-12)
(15.0059 -0.632037 3.41837e-12)
(14.8973 -0.775175 3.42852e-12)
(14.7921 -0.928708 5.70943e-12)
(14.6925 -1.09857 5.08122e-12)
(14.5982 -1.27782 3.17131e-12)
(14.5119 -1.47491 3.69907e-14)
(14.4331 -1.67933 -4.64225e-13)
(14.3645 -1.90338 -5.01768e-13)
(14.3063 -2.13127 -5.31462e-13)
(14.2596 -2.38095 -9.40254e-13)
(14.2277 -2.6295 -3.43917e-12)
(14.2054 -2.90172 -3.18335e-12)
(14.2064 -3.16931 -3.42086e-12)
(16.9269 -0.287586 2.95947e-12)
(17.0619 -0.00082811 4.04022e-12)
(16.9393 -0.0409878 3.46514e-12)
(16.9696 0.119788 8.68535e-12)
(16.8269 0.135799 1.0067e-11)
(16.7782 0.207828 8.2631e-12)
(16.6404 0.221703 6.72454e-12)
(16.5495 0.244405 1.09436e-11)
(16.4164 0.240501 6.66305e-12)
(16.3043 0.23207 6.89838e-12)
(16.1724 0.208285 6.52853e-12)
(16.0487 0.176515 7.34034e-12)
(15.9152 0.133078 6.14262e-12)
(15.7839 0.0809516 6.93423e-12)
(15.6474 0.0178452 7.08371e-12)
(15.511 -0.0545948 7.5861e-12)
(15.3722 -0.139267 9.14138e-12)
(15.233 -0.233967 1.07493e-11)
(15.0933 -0.342713 1.1075e-11)
(14.9537 -0.461937 1.41216e-11)
(14.8156 -0.597296 1.19964e-11)
(14.6786 -0.743036 1.20402e-11)
(14.5457 -0.907296 9.41937e-12)
(14.4158 -1.08111 1.2169e-11)
(14.2929 -1.27628 1.17334e-11)
(14.1753 -1.47881 7.91178e-12)
(14.0682 -1.70638 7.24117e-12)
(13.9697 -1.93685 7.03167e-12)
(13.8845 -2.19758 4.43247e-12)
(13.8133 -2.45353 1.98791e-12)
(13.755 -2.74693 4.4822e-12)
(13.7227 -3.02754 3.85555e-12)
(17.2055 -0.340761 -3.06516e-12)
(17.3683 0.013064 2.01412e-12)
(17.2159 -0.021938 6.53437e-12)
(17.2481 0.165267 5.64656e-12)
(17.0818 0.191574 5.61364e-12)
(17.0246 0.273479 5.64661e-12)
(16.8699 0.295202 5.71253e-12)
(16.7678 0.323947 6.43103e-12)
(16.6205 0.326879 1.01395e-11)
(16.4959 0.324524 9.44187e-12)
(16.3499 0.307957 4.45064e-12)
(16.212 0.283508 6.88848e-12)
(16.0631 0.248394 6.7806e-12)
(15.9154 0.205021 6.95141e-12)
(15.7613 0.151333 7.31788e-12)
(15.6057 0.089019 1.07332e-11)
(15.4461 0.0147229 7.11953e-12)
(15.2838 -0.0690298 6.92391e-12)
(15.1192 -0.167082 3.00733e-12)
(14.9521 -0.274884 2.89164e-12)
(14.7848 -0.39976 3.98589e-12)
(14.6159 -0.53453 5.41275e-12)
(14.4491 -0.68989 9.21205e-12)
(14.2822 -0.854492 1.17675e-11)
(14.1208 -1.04409 1.07767e-11)
(13.9615 -1.2408 9.25895e-12)
(13.8124 -1.46864 9.53003e-12)
(13.6685 -1.69832 8.468e-12)
(13.54 -1.96868 7.07252e-12)
(13.4226 -2.22998 4.43286e-12)
(13.3237 -2.54814 1.93506e-12)
(13.2514 -2.84273 1.81915e-12)
(17.5215 -0.3987 -1.39648e-12)
(17.716 0.0308955 -1.7166e-12)
(17.5287 0.00473761 -1.66327e-12)
(17.5627 0.216558 -2.03556e-12)
(17.3717 0.253787 -2.00133e-12)
(17.3062 0.343182 -1.81372e-12)
(17.1352 0.372068 -1.73638e-12)
(17.0227 0.405319 2.81756e-12)
(16.8627 0.414394 2.09077e-12)
(16.7268 0.417379 7.18837e-12)
(16.5685 0.407819 7.94359e-12)
(16.418 0.390648 5.74062e-12)
(16.2553 0.364187 5.50114e-12)
(16.0929 0.330126 6.22232e-12)
(15.9227 0.286657 6.01949e-12)
(15.7494 0.235457 2.08999e-12)
(15.5706 0.172983 2.49966e-12)
(15.3871 0.102282 6.21031e-12)
(15.1991 0.0172726 6.22242e-12)
(15.0058 -0.0765883 5.70591e-12)
(14.8098 -0.18831 3.41895e-12)
(14.6088 -0.308716 3.67523e-12)
(14.4075 -0.451483 5.97221e-12)
(14.2023 -0.602485 6.24019e-12)
(14.0004 -0.78208 3.83823e-12)
(13.7959 -0.967859 7.54478e-13)
(13.6005 -1.19119 4.05448e-12)
(13.4045 -1.41517 4.35116e-12)
(13.2263 -1.69178 4.42994e-12)
(13.0525 -1.95543 4.46975e-12)
(12.9061 -2.30171 4.52249e-12)
(12.7836 -2.61337 4.55864e-12)
(17.8777 -0.466726 1.07166e-12)
(18.1042 0.0502748 1.05965e-12)
(17.8745 0.0347593 3.61313e-12)
(17.9069 0.269937 -7.12254e-13)
(17.6891 0.318123 -4.67657e-13)
(17.6131 0.413559 1.49026e-12)
(17.4259 0.449452 -1.14705e-13)
(17.3028 0.48685 2.03243e-12)
(17.1311 0.502297 -2.27071e-12)
(16.9853 0.510902 5.61555e-13)
(16.8167 0.508829 -1.33633e-12)
(16.6558 0.499439 -1.34112e-12)
(16.4821 0.482177 -1.33917e-12)
(16.3075 0.458035 -1.76363e-12)
(16.1241 0.425498 -1.80757e-12)
(15.9358 0.386301 -1.82023e-12)
(15.7403 0.336556 -9.19351e-13)
(15.5378 0.280064 -2.46695e-12)
(15.3292 0.209797 -4.29078e-13)
(15.1124 0.132642 -1.42268e-12)
(14.8903 0.0372214 -3.86681e-12)
(14.6592 -0.0653554 -4.11667e-12)
(14.4248 -0.191969 -6.33777e-12)
(14.1814 -0.324788 -1.3666e-12)
(13.9383 -0.489146 1.06759e-12)
(13.6864 -0.658109 -1.49972e-12)
(13.4413 -0.870526 -1.37856e-12)
(13.1872 -1.08254 1.37094e-12)
(12.952 -1.35933 1.3668e-12)
(12.7099 -1.62132 1.01331e-12)
(12.5086 -1.9986 9.37059e-13)
(12.3222 -2.33753 8.11572e-13)
(18.2685 -0.536445 2.10411e-12)
(18.5321 0.0777675 1.36617e-11)
(18.2526 0.0779069 1.80819e-11)
(18.2847 0.331517 1.42704e-11)
(18.0402 0.390618 1.49598e-11)
(17.9551 0.488451 1.50714e-11)
(17.7532 0.529641 1.63106e-11)
(17.6205 0.568649 1.33149e-11)
(17.4385 0.588611 9.20651e-12)
(17.2834 0.600998 6.37429e-12)
(17.1052 0.60508 7.38864e-12)
(16.9344 0.602467 7.68388e-12)
(16.7502 0.593952 8.50633e-12)
(16.5643 0.579661 4.30736e-12)
(16.3688 0.558451 4.33861e-12)
(16.167 0.531978 4.05655e-12)
(15.9568 0.496002 4.06533e-12)
(15.7377 0.454965 4.20284e-12)
(15.5108 0.400699 5.76386e-12)
(15.2732 0.341772 2.21802e-12)
(15.0282 0.26485 -1.12826e-12)
(14.7703 0.183862 -1.19025e-12)
(14.5057 0.0779874 -1.51189e-12)
(14.2261 -0.0312756 -3.09191e-12)
(13.9422 -0.175039 -1.96928e-12)
(13.6411 -0.31972 -1.2882e-12)
(13.3424 -0.51285 -1.56854e-12)
(13.024 -0.703459 -1.32496e-12)
(12.7251 -0.970349 -1.27035e-12)
(12.4034 -1.22615 -5.00773e-12)
(12.1442 -1.63501 -5.11019e-12)
(11.8928 -2.02761 -5.52653e-12)
(18.7064 -0.620602 2.45915e-12)
(19.0033 0.106483 7.4491e-12)
(18.6631 0.122144 1.17398e-11)
(18.6876 0.391351 1.27907e-11)
(18.4135 0.460854 5.80942e-12)
(18.3152 0.560127 7.2087e-12)
(18.0975 0.607036 7.81348e-12)
(17.954 0.648364 6.75594e-12)
(17.762 0.674003 7.71017e-12)
(17.5987 0.691483 9.74237e-12)
(17.4131 0.702919 1.08582e-11)
(17.2352 0.708032 1.17521e-11)
(17.0441 0.708709 1.33498e-11)
(16.8506 0.704399 1.23395e-11)
(16.6468 0.694329 1.11025e-11)
(16.4352 0.680407 7.35205e-12)
(16.2139 0.657997 6.82481e-12)
(15.9814 0.632584 6.72862e-12)
(15.7394 0.594719 4.62764e-12)
(15.4838 0.555121 2.335e-12)
(15.219 0.498028 2.17937e-12)
(14.938 0.440838 2.20985e-12)
(14.6482 0.358851 4.68716e-12)
(14.3386 0.278887 4.0904e-12)
(14.0212 0.163682 -1.17283e-12)
(13.6786 0.0517676 -9.96027e-13)
(13.3338 -0.112634 -1.32051e-12)
(12.9579 -0.27414 -1.87276e-12)
(12.6014 -0.520699 -1.32458e-12)
(12.2133 -0.770998 -1.19836e-12)
(11.9269 -1.22958 -4.5617e-13)
(11.6506 -1.74795 -1.51424e-12)
(19.1748 -0.698171 1.69002e-12)
(19.5124 0.150876 4.38628e-12)
(19.1023 0.18973 1.07652e-11)
(19.1251 0.46506 1.18309e-11)
(18.825 0.544294 1.08964e-11)
(18.7177 0.640009 1.09836e-11)
(18.4877 0.689398 1.1176e-11)
(18.3357 0.728823 8.95215e-12)
(18.1354 0.756258 1.10287e-11)
(17.9642 0.774931 1.30508e-11)
(17.7706 0.790431 1.37351e-11)
(17.5838 0.800601 1.49532e-11)
(17.3836 0.808916 1.41512e-11)
(17.1803 0.8138 1.30015e-11)
(16.9669 0.814991 1.2373e-11)
(16.7451 0.814252 1.22429e-11)
(16.5138 0.806553 1.07985e-11)
(16.2704 0.797985 1.05124e-11)
(16.0177 0.777722 1.34767e-11)
(15.7501 0.758461 1.47305e-11)
(15.4729 0.721967 1.26697e-11)
(15.177 0.689278 1.10688e-11)
(14.871 0.631445 1.01072e-11)
(14.5413 0.581635 1.04891e-11)
(14.2012 0.495638 1.2245e-11)
(13.8308 0.421452 1.04791e-11)
(13.4551 0.291142 6.04329e-12)
(13.0445 0.167505 5.20445e-12)
(12.6643 -0.060837 5.43435e-12)
(12.2676 -0.334203 5.61759e-12)
(12.0611 -0.877179 5.26149e-12)
(11.9471 -1.66348 5.29072e-12)
(19.7115 -0.80033 9.79254e-13)
(20.0786 0.193196 -2.02033e-12)
(19.5848 0.249378 1.99084e-12)
(19.5904 0.526622 8.19786e-13)
(19.2589 0.61494 2.22441e-12)
(19.1338 0.708244 6.64928e-12)
(18.8873 0.762663 1.02399e-11)
(18.7229 0.803783 8.68964e-12)
(18.5131 0.837002 1.08338e-11)
(18.3347 0.861322 1.26615e-11)
(18.1364 0.884844 1.13432e-11)
(17.9467 0.903251 1.15756e-11)
(17.7453 0.920539 1.28174e-11)
(17.5413 0.934583 1.35253e-11)
(17.3278 0.94551 1.48483e-11)
(17.1051 0.955685 1.55056e-11)
(16.8726 0.959551 1.27676e-11)
(16.6267 0.96472 5.49696e-12)
(16.3711 0.958784 7.42923e-12)
(16.0995 0.957544 7.9336e-12)
(15.819 0.939736 8.29184e-12)
(15.5198 0.931308 7.48487e-12)
(15.214 0.898071 6.91682e-12)
(14.8867 0.880678 7.55075e-12)
(14.5571 0.825847 7.70644e-12)
(14.205 0.789704 6.63309e-12)
(13.8694 0.690089 8.07718e-12)
(13.5263 0.585397 5.1834e-12)
(13.2688 0.34238 5.0732e-12)
(13.1038 -0.0410177 4.86559e-12)
(13.2947 -0.850552 7.13368e-12)
(13.6972 -2.1468 1.03034e-11)
(20.3015 -0.877118 4.90532e-13)
(20.7128 0.263716 1.87489e-12)
(20.1241 0.352121 -1.82123e-12)
(20.1306 0.616476 5.94072e-13)
(19.7799 0.712211 2.68293e-12)
(19.6501 0.795917 2.66692e-12)
(19.3976 0.848905 3.40415e-12)
(19.2294 0.883695 4.80235e-12)
(19.0178 0.914283 3.72325e-12)
(18.8383 0.935192 5.95071e-12)
(18.6397 0.958308 4.3288e-12)
(18.4487 0.977584 5.61547e-12)
(18.2466 0.999255 8.52153e-12)
(18.0435 1.01993 8.72152e-12)
(17.835 1.04052 1.11501e-11)
(17.6216 1.06289 9.07732e-12)
(17.4052 1.08086 9.03717e-12)
(17.183 1.10214 1.09305e-11)
(16.9622 1.11242 9.81419e-12)
(16.7376 1.12929 9.4973e-12)
(16.5205 1.12782 9.58084e-12)
(16.3019 1.13746 7.00347e-12)
(16.0984 1.11774 4.49485e-12)
(15.8964 1.11632 7.27551e-12)
(15.7215 1.06749 7.44801e-12)
(15.561 1.03424 7.48079e-12)
(15.4642 0.907101 6.78051e-12)
(15.4454 0.749116 6.91022e-12)
(15.6285 0.333596 7.05306e-12)
(16.0595 -0.379054 7.06233e-12)
(16.8597 -1.59246 8.27432e-12)
(17.8689 -3.38217 7.88508e-12)
(21.1427 -1.00361 1.86663e-13)
(21.5723 0.321699 2.40118e-12)
(20.8825 0.422107 5.3619e-12)
(20.8567 0.668018 6.97044e-12)
(20.4783 0.771115 6.12799e-12)
(20.3318 0.85068 6.64146e-12)
(20.0736 0.909218 5.52282e-12)
(19.9062 0.946592 4.43938e-12)
(19.7063 0.983787 4.46674e-12)
(19.55 1.01189 4.07428e-12)
(19.3918 1.04467 3.73594e-12)
(19.2605 1.07337 3.67995e-12)
(19.1418 1.10238 3.7121e-12)
(19.0469 1.12783 3.75314e-12)
(18.9735 1.15059 3.88406e-12)
(18.9228 1.1738 3.77038e-12)
(18.8975 1.1895 3.68144e-12)
(18.8937 1.2072 4.72499e-12)
(18.918 1.20928 5.33102e-12)
(18.962 1.21733 6.17925e-12)
(19.0355 1.20108 6.16477e-12)
(19.1262 1.19701 6.16647e-12)
(19.2494 1.15533 6.21032e-12)
(19.3926 1.13265 6.17042e-12)
(19.592 1.04364 7.3011e-12)
(19.8489 0.959429 6.51239e-12)
(20.2397 0.723334 4.35507e-12)
(20.7607 0.369348 5.2162e-12)
(21.5356 -0.340237 5.95487e-12)
(22.4468 -1.32232 5.43308e-12)
(23.5678 -2.80115 5.17346e-12)
(24.7912 -4.86199 5.7586e-12)
(22.5319 -1.06373 4.43872e-14)
(23.0118 0.426503 2.23865e-12)
(22.2353 0.572921 3.33014e-12)
(22.2618 0.782105 5.64336e-12)
(21.9544 0.885393 5.62574e-12)
(21.9039 0.94565 3.4766e-12)
(21.7737 0.992704 3.87545e-12)
(21.7628 1.01262 6.02733e-12)
(21.7628 1.03233 4.23549e-12)
(21.848 1.0379 4.90218e-12)
(21.9765 1.04603 4.44035e-12)
(22.1724 1.04683 2.62468e-12)
(22.4188 1.04833 2.7749e-12)
(22.7176 1.04561 3.1649e-12)
(23.0568 1.04033 2.6535e-12)
(23.4311 1.03541 2.95131e-12)
(23.8377 1.02246 9.15226e-13)
(24.2665 1.01298 7.10844e-13)
(24.7197 0.986959 2.0512e-12)
(25.1852 0.970323 2.95939e-12)
(25.672 0.92712 2.87536e-12)
(26.1694 0.899993 3.18807e-12)
(26.6981 0.825756 3.96648e-12)
(27.2527 0.764189 3.25548e-12)
(27.8695 0.599378 2.57661e-12)
(28.5356 0.403379 4.71331e-12)
(29.3163 0.00634263 3.25557e-12)
(30.1542 -0.483571 3.2699e-12)
(31.0387 -1.30794 4.24232e-12)
(31.9171 -2.34263 4.08262e-12)
(32.8248 -3.91804 3.1674e-12)
(33.7916 -6.04546 2.61781e-12)
(25.9698 -1.23989 -1.93421e-12)
(26.5493 0.484506 -7.24312e-13)
(25.9233 0.607036 -3.08919e-12)
(26.1318 0.755672 7.73228e-13)
(26.1347 0.844307 6.89546e-13)
(26.4488 0.882159 -1.17427e-12)
(26.783 0.910108 6.45904e-13)
(27.2927 0.904256 2.71734e-12)
(27.8687 0.893576 2.69083e-12)
(28.5534 0.867115 -8.42372e-13)
(29.2979 0.842527 2.81421e-13)
(30.1078 0.811295 -1.79096e-13)
(30.9552 0.777666 2.29283e-13)
(31.8267 0.744621 6.69167e-13)
(32.7067 0.709797 9.39017e-14)
(33.5845 0.680532 -4.21144e-13)
(34.4563 0.642223 -7.96275e-13)
(35.3102 0.613627 1.0966e-13)
(36.1495 0.56509 9.00498e-13)
(36.9635 0.531063 1.38488e-12)
(37.7643 0.460296 1.14864e-12)
(38.5431 0.405603 1.20217e-12)
(39.3244 0.283124 1.03688e-12)
(40.0951 0.175592 1.97258e-12)
(40.8732 -0.0421216 2.88168e-12)
(41.6094 -0.261725 3.65258e-12)
(42.3034 -0.676179 2.92433e-12)
(42.906 -1.12645 2.85971e-12)
(43.4396 -1.92115 2.2395e-12)
(43.8722 -2.894 2.24544e-12)
(44.2312 -4.47635 2.27699e-12)
(44.6021 -6.56818 2.27318e-12)
(34.7959 -1.29479 1.57407e-13)
(35.8417 0.514469 8.2114e-13)
(35.7836 0.665222 -7.1278e-13)
(36.6551 0.725594 -7.39151e-13)
(37.484 0.74279 -2.12376e-12)
(38.6311 0.692366 -3.44828e-12)
(39.8242 0.633221 -3.02599e-12)
(41.1345 0.547153 -4.64502e-13)
(42.4532 0.464322 8.61615e-13)
(43.7902 0.374995 8.20046e-13)
(45.1057 0.291766 7.95134e-13)
(46.4051 0.213864 1.98549e-12)
(47.655 0.146992 1.8491e-12)
(48.8455 0.0933609 1.68797e-12)
(49.9773 0.0430616 6.08426e-13)
(51.0388 0.00704278 1.63704e-12)
(52.0408 -0.0358072 1.6208e-12)
(52.9703 -0.0616349 1.54251e-12)
(53.8435 -0.10805 1.23303e-12)
(54.6426 -0.133407 1.21714e-12)
(55.3869 -0.197866 1.23504e-12)
(56.0501 -0.23781 1.23613e-12)
(56.6473 -0.346231 1.71074e-12)
(57.1412 -0.425128 1.25691e-12)
(57.5523 -0.608437 1.7203e-12)
(57.8435 -0.764608 1.69079e-12)
(58.021 -1.1036 1.62741e-12)
(58.0404 -1.45907 1.1788e-12)
(57.9122 -2.15601 1.14451e-12)
(57.5848 -2.99347 1.15332e-12)
(57.0381 -4.46424 1.21447e-12)
(56.3844 -6.33778 1.22938e-12)
(59.8085 -1.73848 1.74836e-14)
(61.4944 0.243404 5.14294e-13)
(62.4485 0.225206 1.49822e-12)
(64.0702 0.151509 4.82263e-13)
(65.6491 0.0842596 1.40651e-12)
(67.3233 -0.00123893 1.36097e-12)
(68.8606 -0.0743146 1.29893e-12)
(70.2841 -0.143659 2.12798e-12)
(71.5287 -0.206533 2.36685e-12)
(72.605 -0.258301 2.04114e-12)
(73.5059 -0.309407 1.702e-12)
(74.2347 -0.344015 2.13492e-12)
(74.8267 -0.378872 1.172e-12)
(75.2969 -0.393724 3.4567e-13)
(75.6752 -0.417692 3.4789e-13)
(75.9668 -0.418911 3.65509e-13)
(76.1967 -0.438748 5.29169e-13)
(76.3607 -0.431502 1.45283e-13)
(76.4789 -0.454817 -2.34208e-13)
(76.5392 -0.443469 -2.25177e-13)
(76.5577 -0.477652 1.31789e-13)
(76.5136 -0.466843 1.41424e-13)
(76.4156 -0.523255 5.11496e-13)
(76.2361 -0.522064 5.19739e-13)
(75.9836 -0.627531 7.24724e-13)
(75.6201 -0.677457 5.31699e-13)
(75.1481 -0.892246 1.15291e-13)
(74.5095 -1.08339 1.06718e-13)
(73.6809 -1.55716 -2.61335e-13)
(72.6019 -2.13593 -2.65752e-13)
(71.23 -3.28595 9.5175e-14)
(69.6521 -4.76141 6.90523e-14)
(142.634 -1.71979 1.74317e-15)
(141.581 -0.148481 -2.39689e-13)
(139.401 -0.0788183 -2.39828e-13)
(137.521 -0.16301 -2.40244e-13)
(135.39 -0.254063 -2.40988e-13)
(133.185 -0.336821 -2.43394e-13)
(130.878 -0.398393 -7.24191e-13)
(128.553 -0.440586 -7.3877e-13)
(126.225 -0.473956 -7.43e-13)
(123.938 -0.4881 -7.50539e-13)
(121.708 -0.501056 -6.30897e-13)
(119.556 -0.496182 -2.57592e-13)
(117.493 -0.499795 -2.58312e-13)
(115.528 -0.486221 -7.75458e-13)
(113.663 -0.486925 -6.56982e-13)
(111.899 -0.467727 -3.99437e-13)
(110.232 -0.469619 -6.71313e-13)
(108.66 -0.446978 -6.76639e-13)
(107.172 -0.453395 -6.83966e-13)
(105.764 -0.42815 -6.90906e-13)
(104.423 -0.442171 -9.74292e-13)
(103.143 -0.414399 -9.82369e-13)
(101.907 -0.440378 -9.91937e-13)
(100.703 -0.413627 -1.00038e-12)
(99.4934 -0.467323 -1.0105e-12)
(98.2547 -0.468507 -1.31006e-12)
(96.9092 -0.586806 -1.3256e-12)
(95.3941 -0.683271 -1.3437e-12)
(93.5381 -0.9746 -1.06599e-12)
(91.1544 -1.36533 -1.09496e-12)
(87.8384 -2.19868 -1.14378e-12)
(82.9545 -3.35081 -1.22225e-12)
(19.1133 -0.280902 3.1591e-10)
(19.3396 -0.294819 2.79298e-10)
(19.578 -0.313541 2.3668e-10)
(19.8387 -0.332456 2.25278e-10)
(20.1111 -0.347678 2.51878e-10)
(20.3907 -0.365281 2.47769e-10)
(20.6898 -0.384277 2.43305e-10)
(21.0022 -0.403384 2.44379e-10)
(21.3446 -0.429667 2.5487e-10)
(21.7041 -0.443385 2.333e-10)
(22.0719 -0.470098 2.73803e-10)
(22.471 -0.490211 2.83395e-10)
(22.8849 -0.515701 2.58373e-10)
(23.3288 -0.539573 2.41889e-10)
(23.7933 -0.565889 2.409e-10)
(24.2869 -0.592201 2.41353e-10)
(24.8051 -0.620005 2.38211e-10)
(25.3522 -0.648965 2.20839e-10)
(25.9264 -0.679407 2.1641e-10)
(26.5311 -0.710994 2.26902e-10)
(27.1672 -0.743153 2.0319e-10)
(27.8361 -0.776164 2.11113e-10)
(28.5393 -0.810026 1.64328e-10)
(29.2781 -0.844733 1.26888e-10)
(30.0542 -0.880459 1.23712e-10)
(30.8691 -0.917106 7.14582e-11)
(31.7247 -0.954934 9.69132e-11)
(32.6228 -0.993723 3.57274e-11)
(33.5651 -1.03388 4.21314e-11)
(34.5539 -1.07498 4.75382e-11)
(35.5913 -1.11767 4.12113e-11)
(36.6794 -1.16136 2.29784e-11)
(37.8208 -1.20683 2.27388e-11)
(39.018 -1.2534 1.35621e-11)
(40.2737 -1.30197 -1.30603e-11)
(41.5908 -1.35168 -1.27699e-11)
(42.9724 -1.4036 1.35633e-11)
(44.4218 -1.45685 4.50738e-12)
(45.9423 -1.5126 2.65744e-11)
(47.538 -1.56975 2.20807e-11)
(49.2125 -1.62981 2.17754e-11)
(50.9703 -1.69143 1.32008e-11)
(52.8158 -1.75638 -1.25184e-11)
(54.7541 -1.82313 -3.76471e-11)
(56.7902 -1.89346 -3.32413e-11)
(58.93 -1.96596 -2.4713e-11)
(61.1795 -2.04245 -2.72293e-11)
(63.5451 -2.12143 -3.06513e-11)
(66.0337 -2.20492 -2.62925e-11)
(68.6536 -2.2914 -1.40071e-11)
(71.4122 -2.38303 -1.80233e-11)
(74.3189 -2.47798 -1.78125e-11)
(77.3834 -2.57851 6.46412e-12)
(80.6164 -2.68366 6.33206e-12)
(84.0286 -2.79484 6.33639e-12)
(87.6335 -2.91079 1.03447e-11)
(91.4439 -3.03489 6.26335e-12)
(95.4761 -3.16387 2.00718e-12)
(99.7448 -3.30263 6.05194e-12)
(104.269 -3.44639 5.91092e-12)
(109.069 -3.60264 -2.22101e-11)
(114.166 -3.76386 -2.8681e-11)
(119.586 -3.93911 -3.14483e-11)
(125.353 -4.12248 -4.36413e-11)
(131.499 -4.32105 -5.50715e-11)
(138.054 -4.52854 -7.40216e-11)
(145.059 -4.7518 -7.38152e-11)
(152.553 -4.98937 -8.50281e-11)
(160.577 -5.24324 -7.72749e-11)
(169.188 -5.51048 -7.89793e-11)
(178.438 -5.80076 -8.41135e-11)
(188.387 -6.10042 -8.12837e-11)
(199.11 -6.42317 -9.11545e-11)
(210.674 -6.76078 -8.44136e-11)
(223.183 -7.14037 -8.43593e-11)
(236.806 -7.56911 -7.36638e-11)
(251.706 -8.03305 -6.03383e-11)
(268.042 -8.52119 -5.5105e-11)
(285.963 -9.02474 -5.08973e-11)
(305.608 -9.51573 -4.5562e-11)
(327.097 -9.96964 -4.35635e-11)
(350.492 -10.3285 -4.14691e-11)
(375.695 -10.5223 -2.99205e-11)
(402.965 -11.4534 -2.10475e-11)
(435.086 -11.8516 -1.58009e-11)
(470.357 -11.7861 -9.25992e-12)
(508.061 -11.4453 -3.05689e-12)
(548.215 -11.0818 -1.69832e-11)
(591.915 -11.1122 -2.32035e-11)
(641.866 -10.6818 -2.34443e-11)
(697.215 -9.49913 -1.86654e-11)
(756.647 -8.1643 -1.14132e-11)
(19.7499 -0.961965 3.42101e-11)
(20.0055 -1.00914 4.05237e-11)
(20.2741 -1.06572 4.38995e-11)
(20.5751 -1.12307 5.29766e-11)
(20.8865 -1.17125 5.46781e-11)
(21.1976 -1.2208 5.31862e-11)
(21.5329 -1.27518 5.34724e-11)
(21.8836 -1.33389 6.3527e-11)
(22.2774 -1.4049 7.24957e-11)
(22.6835 -1.45012 6.49458e-11)
(23.0838 -1.51394 6.6666e-11)
(23.5297 -1.57246 6.13883e-11)
(23.9882 -1.63975 5.2795e-11)
(24.4827 -1.7061 7.04939e-11)
(24.9985 -1.77655 7.35636e-11)
(25.5461 -1.84717 6.40174e-11)
(26.1185 -1.92003 6.39144e-11)
(26.7202 -1.99371 5.95485e-11)
(27.3473 -2.06883 4.63428e-11)
(28.0048 -2.14645 4.74621e-11)
(28.6945 -2.22599 5.35926e-11)
(29.4176 -2.30769 4.39698e-11)
(30.1757 -2.39146 4.37667e-11)
(30.9701 -2.47741 3.41509e-11)
(31.8027 -2.56561 4.03697e-11)
(32.6749 -2.65612 4.97134e-11)
(33.5887 -2.74912 4.6726e-11)
(34.5458 -2.84459 5.00132e-11)
(35.5484 -2.94278 6.06309e-11)
(36.5984 -3.0436 5.33981e-11)
(37.6982 -3.14742 4.25909e-11)
(38.85 -3.2541 4.56264e-11)
(40.0564 -3.36408 4.53e-11)
(41.32 -3.47719 3.94236e-11)
(42.6437 -3.59395 3.29423e-11)
(44.0304 -3.71418 3.24196e-11)
(45.4833 -3.83844 4.13879e-11)
(47.006 -3.96647 4.93429e-11)
(48.6018 -4.09903 4.40507e-11)
(50.2749 -4.23563 4.55457e-11)
(52.0291 -4.37739 4.67238e-11)
(53.8691 -4.52361 5.20226e-11)
(55.7994 -4.67552 4.88065e-11)
(57.8253 -4.83251 5.49887e-11)
(59.9519 -4.99581 5.35142e-11)
(62.1853 -5.16485 4.99345e-11)
(64.5317 -5.34084 4.54182e-11)
(66.998 -5.52327 4.51976e-11)
(69.5908 -5.7137 4.06406e-11)
(72.3191 -5.91119 3.75115e-11)
(75.1902 -6.11789 3.30883e-11)
(78.2143 -6.33263 3.99176e-11)
(81.4004 -6.55786 3.97424e-11)
(84.7604 -6.79238 4.24321e-11)
(88.3055 -7.03847 4.09633e-11)
(92.0487 -7.29571 4.17228e-11)
(96.0037 -7.56576 3.55892e-11)
(100.187 -7.84917 3.19371e-11)
(104.614 -8.14719 2.77289e-11)
(109.305 -8.46029 2.75639e-11)
(114.278 -8.79081 2.84598e-11)
(119.559 -9.13831 2.65559e-11)
(125.168 -9.50623 3.13579e-11)
(131.136 -9.89321 3.00312e-11)
(137.492 -10.3043 3.39669e-11)
(144.27 -10.7373 3.38346e-11)
(151.505 -11.1974 2.98201e-11)
(159.243 -11.6823 2.98189e-11)
(167.523 -12.1983 3.11225e-11)
(176.402 -12.7405 3.2111e-11)
(185.933 -13.3183 2.97377e-11)
(196.181 -13.9235 3.01566e-11)
(207.213 -14.5638 3.13697e-11)
(219.111 -15.2359 3.51267e-11)
(231.976 -15.9809 3.1071e-11)
(245.989 -16.8014 2.80167e-11)
(261.309 -17.679 2.77754e-11)
(278.068 -18.5886 2.77182e-11)
(296.392 -19.5168 2.58575e-11)
(316.39 -20.418 2.09469e-11)
(338.15 -21.2528 2.11372e-11)
(361.718 -21.9492 2.31763e-11)
(387.012 -22.3845 2.22614e-11)
(414.35 -23.8842 2.70935e-11)
(446.851 -24.5628 2.89736e-11)
(482.033 -24.5206 2.76143e-11)
(519.311 -24.0523 2.67711e-11)
(558.998 -23.511 2.60056e-11)
(602.47 -23.4382 2.45133e-11)
(652.431 -22.5437 2.02018e-11)
(707.208 -20.3825 1.49285e-11)
(765.309 -17.6836 1.45464e-11)
(19.4925 -1.58692 -3.14317e-12)
(19.743 -1.66458 -2.80715e-12)
(20.0056 -1.7531 5.47947e-12)
(20.3103 -1.84355 5.7015e-12)
(20.6226 -1.92506 3.20396e-12)
(20.9261 -2.00782 2.74994e-12)
(21.2584 -2.09593 -7.07593e-12)
(21.6057 -2.18833 -7.91253e-12)
(22.0091 -2.29637 -9.88247e-12)
(22.4174 -2.37936 -9.86035e-12)
(22.8058 -2.48246 -3.50974e-12)
(23.2538 -2.57956 -5.67779e-12)
(23.7099 -2.68742 -5.06631e-12)
(24.2082 -2.79459 -1.72768e-12)
(24.7262 -2.90784 2.92602e-12)
(25.2783 -3.02226 5.21728e-12)
(25.854 -3.14067 -1.15071e-12)
(26.4585 -3.26037 -8.8324e-13)
(27.0859 -3.38249 -7.76772e-12)
(27.7434 -3.50805 -9.82767e-12)
(28.4335 -3.63665 -3.37007e-12)
(29.1567 -3.76866 -3.39878e-12)
(29.915 -3.90399 3.15065e-12)
(30.7096 -4.04289 3.02638e-12)
(31.5423 -4.18543 4.50595e-14)
(32.4146 -4.3318 -1.54242e-12)
(33.3286 -4.48215 -3.22257e-12)
(34.2858 -4.63666 -4.99739e-12)
(35.2885 -4.79551 -8.89068e-12)
(36.3386 -4.95889 -9.84981e-12)
(37.4385 -5.12701 -3.27845e-12)
(38.5905 -5.30006 2.99808e-12)
(39.7972 -5.47827 3.00307e-12)
(41.0611 -5.66187 3.46963e-12)
(42.3851 -5.85116 3.69896e-12)
(43.7723 -6.04637 2.20686e-12)
(45.2256 -6.24785 4.83687e-13)
(46.7488 -6.45585 -3.01344e-12)
(48.3453 -6.67086 -7.85914e-12)
(50.019 -6.89299 -9.44007e-12)
(51.7739 -7.1229 -1.07792e-11)
(53.6148 -7.36069 -1.09533e-11)
(55.5459 -7.60706 -1.42185e-11)
(57.5729 -7.86222 -1.63323e-11)
(59.7005 -8.12698 -1.64509e-11)
(61.9351 -8.40157 -2.02665e-11)
(64.2826 -8.68691 -1.54016e-11)
(66.7501 -8.98317 -1.38594e-11)
(69.3443 -9.29172 -1.3454e-11)
(72.074 -9.61227 -1.43347e-11)
(74.9465 -9.94701 -1.8726e-11)
(77.9721 -10.2952 -1.98908e-11)
(81.1598 -10.6596 -1.96868e-11)
(84.5219 -11.0394 -1.85467e-11)
(88.0684 -11.4374 -1.83379e-11)
(91.8138 -11.8539 -1.85991e-11)
(95.7708 -12.2897 -2.0987e-11)
(99.9567 -12.7485 -2.2712e-11)
(104.387 -13.2286 -2.3032e-11)
(109.08 -13.7347 -2.33508e-11)
(114.057 -14.2668 -2.3362e-11)
(119.341 -14.828 -2.18715e-11)
(124.956 -15.4192 -2.00172e-11)
(130.93 -16.0431 -1.92973e-11)
(137.292 -16.7035 -2.01185e-11)
(144.079 -17.3994 -2.11468e-11)
(151.325 -18.1384 -2.26595e-11)
(159.075 -18.9164 -2.17196e-11)
(167.371 -19.7438 -2.18008e-11)
(176.27 -20.6152 -2.10826e-11)
(185.825 -21.5395 -1.93493e-11)
(196.104 -22.5131 -1.99225e-11)
(207.177 -23.5409 -1.99148e-11)
(219.124 -24.6201 -2.17881e-11)
(232.058 -25.7978 -2.16546e-11)
(246.185 -27.0798 -2.04557e-11)
(261.655 -28.4449 -2.23346e-11)
(278.588 -29.8618 -2.28202e-11)
(297.084 -31.3105 -2.07561e-11)
(317.244 -32.733 -2.08748e-11)
(339.125 -34.0705 -2.11335e-11)
(362.769 -35.2439 -1.90612e-11)
(388.064 -36.0919 -1.79465e-11)
(415.482 -38.1026 -1.50057e-11)
(448.695 -39.1216 -1.39266e-11)
(484.223 -39.1971 -1.67731e-11)
(521.519 -38.652 -1.71947e-11)
(561.168 -37.8822 -1.84106e-11)
(604.875 -37.5025 -1.60596e-11)
(655.685 -35.9481 -1.88395e-11)
(711.19 -32.63 -2.39923e-11)
(769.675 -28.1618 -2.49212e-11)
(19.2132 -2.11119 3.64809e-12)
(19.4553 -2.21839 1.36038e-12)
(19.7095 -2.33898 -1.49981e-12)
(20.0155 -2.46374 1.11242e-12)
(20.3272 -2.57551 -6.44955e-15)
(20.6214 -2.68748 -7.89487e-12)
(20.949 -2.80645 -8.16389e-12)
(21.2911 -2.9324 -1.56287e-11)
(21.7033 -3.07688 -1.92883e-11)
(22.1131 -3.19022 -1.37147e-11)
(22.4875 -3.3261 -1.86304e-11)
(22.9358 -3.45789 -1.84909e-11)
(23.387 -3.60227 -1.39131e-11)
(23.8868 -3.74684 -1.85785e-11)
(24.4046 -3.89882 -1.86364e-11)
(24.9588 -4.05272 -2.05254e-11)
(25.535 -4.2109 -2.03391e-11)
(26.1395 -4.37048 -1.84239e-11)
(26.7642 -4.53301 -1.66694e-11)
(27.4182 -4.70004 -1.34589e-11)
(28.1047 -4.87124 -1.44823e-11)
(28.8238 -5.04694 -2.0134e-11)
(29.5778 -5.22711 -1.85933e-11)
(30.3677 -5.41203 -1.6831e-11)
(31.1954 -5.6018 -1.82569e-11)
(32.0624 -5.79671 -1.32078e-11)
(32.9705 -5.99689 -1.1329e-11)
(33.9216 -6.20269 -8.99535e-12)
(34.9178 -6.41426 -1.29753e-11)
(35.961 -6.63195 -1.14482e-11)
(37.0536 -6.85591 -1.3599e-11)
(38.1978 -7.08658 -1.27234e-11)
(39.3963 -7.32409 -9.35098e-12)
(40.6517 -7.56893 -1.53934e-11)
(41.9667 -7.82125 -1.28686e-11)
(43.3444 -8.08159 -1.04327e-11)
(44.788 -8.35017 -8.74629e-12)
(46.3008 -8.62761 -8.03535e-12)
(47.8864 -8.91414 -1.49368e-11)
(49.5488 -9.21043 -1.53389e-11)
(51.2919 -9.51678 -1.98882e-11)
(53.1202 -9.83397 -2.08613e-11)
(55.0381 -10.1623 -1.79126e-11)
(57.0512 -10.5026 -1.55018e-11)
(59.1641 -10.8554 -1.76799e-11)
(61.3834 -11.2214 -1.75805e-11)
(63.7147 -11.6016 -1.98322e-11)
(66.1648 -11.9966 -1.8866e-11)
(68.7408 -12.4074 -2.28385e-11)
(71.4512 -12.8351 -2.44473e-11)
(74.3034 -13.2807 -2.39356e-11)
(77.3075 -13.7452 -2.5029e-11)
(80.4721 -14.2302 -2.45079e-11)
(83.8103 -14.7367 -2.43226e-11)
(87.3308 -15.267 -2.33857e-11)
(91.0496 -15.822 -2.32708e-11)
(94.9776 -16.4032 -2.32107e-11)
(99.1332 -17.0146 -2.52773e-11)
(103.532 -17.6551 -2.45783e-11)
(108.191 -18.3301 -2.28922e-11)
(113.133 -19.0399 -2.27806e-11)
(118.38 -19.7888 -2.27626e-11)
(123.957 -20.5778 -2.21315e-11)
(129.89 -21.4116 -2.2546e-11)
(136.211 -22.2942 -2.15797e-11)
(142.955 -23.2249 -2.08988e-11)
(150.157 -24.2132 -2.02285e-11)
(157.864 -25.2553 -2.10716e-11)
(166.116 -26.3641 -2.21536e-11)
(174.973 -27.5341 -2.07512e-11)
(184.487 -28.7751 -2.18793e-11)
(194.729 -30.0872 -2.16033e-11)
(205.769 -31.4719 -1.87236e-11)
(217.691 -32.9309 -1.85474e-11)
(230.616 -34.5129 -1.83672e-11)
(244.78 -36.2296 -1.81676e-11)
(260.337 -38.0553 -1.94898e-11)
(277.392 -39.9553 -1.8892e-11)
(296.028 -41.9014 -1.95297e-11)
(316.335 -43.8281 -2.07311e-11)
(338.345 -45.6564 -2.10457e-11)
(362.074 -47.3029 -2.04803e-11)
(387.372 -48.5808 -2.0067e-11)
(414.872 -51.0946 -1.79963e-11)
(448.976 -52.4416 -1.71765e-11)
(485.109 -52.6489 -2.00101e-11)
(522.676 -52.0654 -2.1126e-11)
(562.502 -51.092 -2.24206e-11)
(606.682 -50.365 -2.28172e-11)
(658.763 -48.1173 -2.49478e-11)
(715.493 -43.6576 -2.66027e-11)
(774.814 -37.4869 -2.55476e-11)
(18.707 -2.5621 -1.64613e-11)
(18.934 -2.69468 -1.62334e-11)
(19.1738 -2.84287 -1.60581e-11)
(19.4724 -2.99761 -1.39679e-11)
(19.7764 -3.13683 -1.1688e-11)
(20.0553 -3.27516 -1.15192e-11)
(20.3721 -3.42125 -1.13057e-11)
(20.7026 -3.57677 -6.42761e-12)
(21.1154 -3.75319 -8.36177e-12)
(21.5187 -3.89681 -9.65741e-12)
(21.8734 -4.06265 -1.18757e-11)
(22.3144 -4.22616 -1.55112e-11)
(22.7533 -4.40356 -1.4902e-11)
(23.2468 -4.58212 -1.32266e-11)
(23.7561 -4.76945 -1.18154e-11)
(24.304 -4.95916 -1.56238e-11)
(24.8723 -5.15389 -2.11754e-11)
(25.4684 -5.3503 -2.46684e-11)
(26.082 -5.55014 -2.28509e-11)
(26.7243 -5.75518 -2.03729e-11)
(27.3988 -5.96532 -2.03256e-11)
(28.1055 -6.18088 -1.87511e-11)
(28.8467 -6.40191 -1.89856e-11)
(29.6232 -6.62876 -1.58447e-11)
(30.4371 -6.86158 -1.13719e-11)
(31.2898 -7.10075 -1.58424e-11)
(32.1831 -7.34642 -1.80587e-11)
(33.1189 -7.59906 -1.76006e-11)
(34.0992 -7.85877 -1.5141e-11)
(35.1261 -8.1261 -1.45563e-11)
(36.2017 -8.40114 -1.39876e-11)
(37.3285 -8.68452 -1.07826e-11)
(38.5089 -8.97626 -1.38038e-11)
(39.7456 -9.27718 -1.18266e-11)
(41.0413 -9.5872 -7.63144e-12)
(42.3991 -9.90729 -7.60621e-12)
(43.8221 -10.2373 -7.56302e-12)
(45.3136 -10.5785 -1.09396e-11)
(46.8773 -10.9305 -9.91783e-12)
(48.5169 -11.2947 -9.52203e-12)
(50.2364 -11.671 -9.47772e-12)
(52.0402 -12.0608 -1.15344e-11)
(53.9328 -12.464 -1.1476e-11)
(55.9194 -12.8821 -8.29122e-12)
(58.0049 -13.3152 -7.69288e-12)
(60.1954 -13.7647 -7.10625e-12)
(62.4966 -14.2312 -7.57693e-12)
(64.9154 -14.7162 -7.51901e-12)
(67.4586 -15.22 -7.706e-12)
(70.1343 -15.7451 -8.19153e-12)
(72.9503 -16.2909 -1.08291e-11)
(75.9161 -16.8616 -9.20506e-12)
(79.0408 -17.4557 -8.26367e-12)
(82.3363 -18.0774 -6.03221e-12)
(85.8122 -18.7274 -7.97117e-12)
(89.4843 -19.4079 -7.85439e-12)
(93.3625 -20.1215 -7.7673e-12)
(97.4657 -20.87 -7.79273e-12)
(101.809 -21.6571 -9.61536e-12)
(106.41 -22.4851 -1.02985e-11)
(111.291 -23.3563 -1.02212e-11)
(116.474 -24.2757 -1.01676e-11)
(121.984 -25.2453 -1.01964e-11)
(127.845 -26.2712 -1.01984e-11)
(134.094 -27.3546 -1.01396e-11)
(140.762 -28.5029 -1.01e-11)
(147.884 -29.7178 -1.036e-11)
(155.51 -31.0058 -1.19839e-11)
(163.676 -32.3739 -1.32925e-11)
(172.45 -33.8206 -1.24899e-11)
(181.879 -35.3579 -1.2533e-11)
(192.038 -36.9877 -1.24082e-11)
(202.999 -38.7073 -1.24209e-11)
(214.846 -40.5281 -1.235e-11)
(227.712 -42.4962 -1.25718e-11)
(241.861 -44.6326 -1.33294e-11)
(257.453 -46.9035 -1.43357e-11)
(274.584 -49.2866 -1.4343e-11)
(293.319 -51.7265 -1.47163e-11)
(313.745 -54.1674 -1.62203e-11)
(335.87 -56.5025 -1.61913e-11)
(359.682 -58.6448 -1.63749e-11)
(384.99 -60.3802 -1.58536e-11)
(412.604 -63.4403 -1.7458e-11)
(447.673 -65.1712 -1.84238e-11)
(484.535 -65.5715 -1.91476e-11)
(522.516 -65.0209 -1.96819e-11)
(562.674 -63.9011 -2.09048e-11)
(607.492 -62.8556 -2.15818e-11)
(661.06 -59.9161 -2.17746e-11)
(719.354 -54.3506 -2.04924e-11)
(779.862 -46.3258 -1.75286e-11)
(18.1794 -2.91031 -6.14845e-12)
(18.3887 -3.06639 -1.94451e-12)
(18.6122 -3.24104 3.47281e-13)
(18.8997 -3.42492 7.53944e-13)
(19.1935 -3.58905 8.77189e-14)
(19.4559 -3.75087 -2.41057e-13)
(19.7604 -3.92165 -2.10357e-12)
(20.0774 -4.10548 -2.10934e-12)
(20.4874 -4.31229 -2.47787e-12)
(20.8823 -4.4813 -6.54328e-12)
(21.2164 -4.67288 -6.47473e-12)
(21.6478 -4.86468 -7.12381e-12)
(22.0723 -5.07165 -7.2367e-12)
(22.5565 -5.28098 -4.76279e-12)
(23.0544 -5.49992 -1.76509e-13)
(23.5928 -5.72174 2.27915e-12)
(24.1499 -5.94905 8.95638e-13)
(24.7343 -6.17793 1.07886e-12)
(25.3337 -6.41045 2.56303e-12)
(25.9611 -6.64879 6.9152e-12)
(26.6201 -6.89307 6.88495e-12)
(27.3108 -7.14357 1.02147e-11)
(28.0353 -7.40043 1.2081e-11)
(28.7946 -7.66407 1.20413e-11)
(29.5906 -7.93466 9.89919e-12)
(30.4246 -8.2127 9.77085e-12)
(31.2988 -8.49831 4.70283e-12)
(32.2146 -8.79216 3.70787e-12)
(33.1744 -9.09421 3.43174e-12)
(34.1799 -9.40532 3.4193e-12)
(35.2336 -9.72532 4.51475e-12)
(36.3376 -10.0552 3.24508e-12)
(37.4946 -10.3948 -4.59107e-13)
(38.7071 -10.7453 1.16944e-12)
(39.9778 -11.1062 2.23486e-13)
(41.3098 -11.4792 1.54577e-12)
(42.7061 -11.8634 1.15685e-12)
(44.1701 -12.261 1.97136e-12)
(45.7052 -12.6709 2.23946e-12)
(47.3153 -13.0954 7.34622e-13)
(49.0043 -13.5334 -1.05034e-12)
(50.7764 -13.9878 -8.48532e-13)
(52.6362 -14.4568 -8.21498e-13)
(54.5886 -14.9439 1.1157e-12)
(56.6387 -15.4478 1.14482e-12)
(58.7921 -15.9711 2.13918e-12)
(61.0547 -16.5137 2.1466e-12)
(63.4333 -17.0782 2.86283e-12)
(65.9342 -17.6637 3.08215e-12)
(68.5657 -18.275 1.98518e-12)
(71.3352 -18.9088 1.71148e-12)
(74.2519 -19.5733 2.00635e-12)
(77.3258 -20.2629 1.04581e-12)
(80.5666 -20.9866 3.45268e-12)
(83.9856 -21.7416 5.28126e-12)
(87.5973 -22.5331 6.27494e-12)
(91.4124 -23.3629 8.08397e-12)
(95.4485 -24.2336 9.79253e-12)
(99.7206 -25.1489 9.57959e-12)
(104.248 -26.1127 9.21493e-12)
(109.051 -27.1262 9.71307e-12)
(114.15 -28.199 1.0113e-11)
(119.572 -29.3267 9.94494e-12)
(125.342 -30.526 9.65023e-12)
(131.495 -31.7873 9.53412e-12)
(138.061 -33.1328 9.08743e-12)
(145.08 -34.5492 9.11901e-12)
(152.595 -36.0635 9.07514e-12)
(160.649 -37.6623 8.97929e-12)
(169.309 -39.366 8.34626e-12)
(178.617 -41.1728 1.14627e-11)
(188.661 -43.0962 1.16177e-11)
(199.506 -45.1289 1.14876e-11)
(211.236 -47.2881 1.16506e-11)
(224.003 -49.623 1.1473e-11)
(238.093 -52.1619 1.00824e-11)
(253.679 -54.8639 9.70334e-12)
(270.838 -57.7249 1.0158e-11)
(289.642 -60.6528 9.55924e-12)
(310.156 -63.616 8.85674e-12)
(332.38 -66.4659 8.45279e-12)
(356.271 -69.1246 8.29635e-12)
(381.594 -71.3362 8.31918e-12)
(409.342 -75.0096 7.09802e-12)
(445.432 -77.1872 4.33088e-12)
(483.143 -77.8399 7.84919e-13)
(521.672 -77.3662 -2.55342e-13)
(562.32 -76.1546 -2.50386e-12)
(607.937 -74.8305 -3.86006e-12)
(663.233 -71.1785 -5.31299e-12)
(723.392 -64.5738 -6.03747e-12)
(785.471 -54.6174 -5.15868e-12)
(17.592 -3.18414 1.76151e-12)
(17.7818 -3.36115 2.08853e-12)
(17.9875 -3.5598 5.03741e-12)
(18.2606 -3.77037 1.75846e-12)
(18.5422 -3.95737 6.23343e-12)
(18.7873 -4.14032 8.31673e-12)
(19.0782 -4.33324 7.4465e-12)
(19.3807 -4.54281 6.25045e-12)
(19.7849 -4.77736 6.23719e-12)
(20.1692 -4.96982 5.46661e-12)
(20.4826 -5.18432 6.50463e-12)
(20.9025 -5.40141 1.06209e-11)
(21.3111 -5.63464 1.06272e-11)
(21.7837 -5.87131 1.05491e-11)
(22.268 -6.11851 1.07392e-11)
(22.7944 -6.36899 1.49835e-11)
(23.3377 -6.62532 1.52677e-11)
(23.908 -6.88301 1.60374e-11)
(24.4908 -7.14441 1.80331e-11)
(25.101 -7.4121 1.784e-11)
(25.7422 -7.68645 1.77347e-11)
(26.4143 -7.96772 1.55905e-11)
(27.1196 -8.25613 1.54829e-11)
(27.859 -8.55221 1.32365e-11)
(28.6344 -8.8561 1.30101e-11)
(29.4472 -9.16851 1.21193e-11)
(30.2993 -9.48943 1.14982e-11)
(31.1925 -9.81977 1.14115e-11)
(32.1288 -10.1594 1.12921e-11)
(33.1102 -10.5093 1.08213e-11)
(34.139 -10.8693 8.1347e-12)
(35.2174 -11.2406 7.21605e-12)
(36.348 -11.6227 7.06944e-12)
(37.5332 -12.0174 5.18507e-12)
(38.776 -12.4236 7.26219e-12)
(40.0791 -12.8437 7.13437e-12)
(41.4457 -13.2764 5.20165e-12)
(42.879 -13.7242 4.29881e-12)
(44.3826 -14.1857 3.66777e-12)
(45.96 -14.6639 2.16745e-12)
(47.6151 -15.157 4.51252e-12)
(49.3523 -15.6686 4.40475e-12)
(51.1762 -16.1965 4.44005e-12)
(53.0906 -16.7448 4.52049e-12)
(55.102 -17.3115 4.05845e-12)
(57.2146 -17.9005 2.91408e-12)
(59.4348 -18.5102 2.86994e-12)
(61.7692 -19.1452 4.66155e-12)
(64.2236 -19.8027 4.57845e-12)
(66.8068 -20.49 4.0592e-12)
(69.5252 -21.2019 4.43433e-12)
(72.388 -21.9479 5.32263e-12)
(75.4064 -22.7224 4.86825e-12)
(78.5866 -23.5355 3.92685e-12)
(81.9437 -24.3823 2.14801e-12)
(85.4885 -25.2717 8.11701e-13)
(89.2333 -26.2023 2.33853e-12)
(93.1951 -27.1818 2.53207e-12)
(97.3891 -28.2076 2.42556e-12)
(101.833 -29.2926 2.95803e-12)
(106.547 -30.4301 4.43991e-12)
(111.553 -31.6383 4.22087e-12)
(116.878 -32.9051 3.15841e-12)
(122.543 -34.2577 3.40529e-12)
(128.587 -35.6764 2.99197e-12)
(135.037 -37.1968 3.9592e-12)
(141.936 -38.7935 3.62854e-12)
(149.321 -40.5097 2.26414e-12)
(157.247 -42.3141 1.98189e-12)
(165.766 -44.2532 2.05296e-12)
(174.936 -46.3014 1.39349e-12)
(184.833 -48.4942 -1.46861e-13)
(195.535 -50.8146 -1.10587e-12)
(207.116 -53.2925 -1.17247e-12)
(219.749 -55.9662 -1.22414e-12)
(233.746 -58.8917 -1.74715e-12)
(249.279 -62.0109 -2.94131e-12)
(266.422 -65.3367 -3.48732e-12)
(285.257 -68.7542 -2.96542e-12)
(305.815 -72.2412 -2.01096e-12)
(328.112 -75.6174 -2.09162e-12)
(352.059 -78.805 -1.2579e-12)
(377.397 -81.5213 -9.37876e-13)
(405.28 -85.8709 3.3029e-13)
(442.414 -88.589 -3.04061e-13)
(481.046 -89.5602 -2.59506e-12)
(520.245 -89.2253 -2.8184e-12)
(561.489 -87.9767 -4.29529e-12)
(608.042 -86.4324 -5.15656e-12)
(665.243 -82.0618 -6.18031e-12)
(727.435 -74.415 -6.61428e-12)
(791.536 -62.5359 -6.42312e-12)
(17.0061 -3.37476 -6.17503e-12)
(17.1754 -3.57126 -2.17341e-12)
(17.3625 -3.79304 -2.0095e-12)
(17.6192 -4.0294 2.19786e-12)
(17.8873 -4.23767 5.17101e-12)
(18.1151 -4.43973 5.69319e-12)
(18.3922 -4.65305 6.98535e-12)
(18.6798 -4.88688 2.41784e-12)
(19.076 -5.14759 1.86522e-12)
(19.4488 -5.36022 8.02014e-13)
(19.7422 -5.59474 -3.25049e-12)
(20.1495 -5.83419 -3.16098e-12)
(20.5416 -6.09073 -1.0846e-12)
(21.0014 -6.3516 -1.05414e-12)
(21.4705 -6.62383 -1.01149e-12)
(21.9832 -6.89956 9.56781e-13)
(22.511 -7.18137 1.14452e-12)
(23.0656 -7.46414 1.5428e-12)
(23.6303 -7.75056 -6.16019e-13)
(24.2216 -8.04364 -3.14292e-12)
(24.8432 -8.34405 -3.17706e-12)
(25.4951 -8.65196 -5.19867e-12)
(26.1793 -8.96779 -5.04775e-12)
(26.8969 -9.29203 1.04649e-12)
(27.6497 -9.62498 1.15319e-12)
(28.4393 -9.9673 1.09175e-12)
(29.2673 -10.3192 4.9316e-12)
(30.1357 -10.6814 6.5342e-12)
(31.0464 -11.0541 4.37376e-12)
(32.0016 -11.4381 4.6761e-12)
(33.0033 -11.8334 6.44611e-12)
(34.054 -12.2412 6.99972e-12)
(35.156 -12.6611 6.75759e-12)
(36.312 -13.0947 6.79332e-12)
(37.5247 -13.5415 8.89139e-12)
(38.797 -14.0032 9.71489e-12)
(40.132 -14.4792 1.09505e-11)
(41.5327 -14.9715 9.22655e-12)
(43.003 -15.4792 7.88961e-12)
(44.5459 -16.0049 6.6957e-12)
(46.1659 -16.5474 7.60116e-12)
(47.8664 -17.1096 3.83586e-12)
(49.6526 -17.6902 6.01463e-12)
(51.5279 -18.2926 6.00451e-12)
(53.4989 -18.9151 5.97531e-12)
(55.5691 -19.5624 4.22303e-12)
(57.7454 -20.2315 4.1076e-12)
(60.034 -20.9286 2.31698e-12)
(62.4402 -21.6502 2.42817e-12)
(64.9727 -22.4036 2.2994e-12)
(67.6386 -23.1849 2.29629e-12)
(70.4453 -24.0019 2.78e-12)
(73.4046 -24.8509 1.70513e-12)
(76.5225 -25.7422 2.47871e-13)
(79.8146 -26.6687 5.25363e-13)
(83.289 -27.6446 7.55427e-13)
(86.9601 -28.6621 3.09665e-15)
(90.8439 -29.7366 -6.60215e-13)
(94.9549 -30.8589 -1.14254e-12)
(99.3094 -32.0494 -7.62196e-13)
(103.931 -33.2951 -1.06203e-12)
(108.837 -34.62 -1.5004e-12)
(114.056 -36.0105 -2.78843e-12)
(119.608 -37.4946 -3.58672e-12)
(125.535 -39.0538 -4.56096e-12)
(131.857 -40.7258 -3.82889e-12)
(138.626 -42.4835 -3.87512e-12)
(145.869 -44.3756 -4.59317e-12)
(153.652 -46.3658 -4.61424e-12)
(162.013 -48.5128 -4.5246e-12)
(171.027 -50.7779 -4.5671e-12)
(180.757 -53.2162 -6.00828e-12)
(191.291 -55.7962 -5.96744e-12)
(202.697 -58.5689 -6.05132e-12)
(215.171 -61.5537 -5.15697e-12)
(229.03 -64.8479 -5.98231e-12)
(244.473 -68.3646 -4.42132e-12)
(261.554 -72.1415 -4.05296e-12)
(280.371 -76.0416 -4.76852e-12)
(300.935 -80.0534 -4.2962e-12)
(323.27 -83.9622 -4.29785e-12)
(347.248 -87.6896 -3.93376e-12)
(372.575 -90.9375 -4.65337e-12)
(400.599 -96.0112 -3.36693e-12)
(438.765 -99.3921 -2.78078e-12)
(478.384 -100.745 -3.89458e-12)
(518.34 -100.618 -4.185e-12)
(560.298 -99.3744 -5.28215e-12)
(607.912 -97.6785 -6.01375e-12)
(667.196 -92.6065 -5.55512e-12)
(731.603 -83.9151 -5.62458e-12)
(797.84 -69.8343 -6.37508e-12)
(16.4173 -3.50157 -2.78399e-12)
(16.5656 -3.71646 -3.27957e-12)
(16.7344 -3.96079 -2.27051e-12)
(16.9735 -4.22213 -2.39016e-12)
(17.228 -4.45069 -5.37968e-12)
(17.4395 -4.67048 -5.28148e-12)
(17.7034 -4.90275 -5.3345e-12)
(17.9767 -5.15912 -5.35396e-12)
(18.364 -5.44438 -6.74454e-12)
(18.7254 -5.67498 -4.79849e-12)
(19.0001 -5.92734 -5.45741e-12)
(19.395 -6.18638 -5.35532e-12)
(19.7707 -6.46352 -2.69748e-12)
(20.2173 -6.74549 1.32721e-12)
(20.6709 -7.03965 9.20187e-13)
(21.1693 -7.33732 9.58482e-13)
(21.6808 -7.64124 8.46436e-13)
(22.2188 -7.94561 2.69174e-12)
(22.7648 -8.25351 8.60709e-13)
(23.3367 -8.56835 8.93798e-13)
(23.938 -8.89111 8.54618e-13)
(24.5688 -9.22192 8.3022e-13)
(25.2312 -9.56138 7.60373e-13)
(25.9261 -9.90994 7.25807e-13)
(26.6555 -10.2681 7.18934e-13)
(27.4208 -10.6365 2.65111e-12)
(28.2239 -11.0154 1.28964e-12)
(29.0667 -11.4056 -1.78135e-13)
(29.9511 -11.8074 -1.0675e-12)
(30.8793 -12.2215 -1.05066e-12)
(31.8534 -12.6482 2.9088e-13)
(32.8759 -13.0884 -1.18183e-13)
(33.9491 -13.5422 -1.42048e-12)
(35.0757 -14.0106 -2.05716e-12)
(36.2585 -14.4939 6.2831e-13)
(37.5002 -14.993 2.22129e-12)
(38.8041 -15.5081 -1.79833e-12)
(40.1731 -16.0405 -4.97712e-12)
(41.6109 -16.5902 -9.24759e-12)
(43.1208 -17.1587 -9.32433e-12)
(44.7068 -17.7459 -8.78376e-12)
(46.3726 -18.3538 -1.01007e-11)
(48.1228 -18.9818 -1.05023e-11)
(49.9612 -19.633 -9.02054e-12)
(51.8937 -20.3057 -8.97104e-12)
(53.924 -21.005 -8.91664e-12)
(56.0589 -21.7271 -8.89032e-12)
(58.3036 -22.4797 -8.76521e-12)
(60.6643 -23.2579 -8.73243e-12)
(63.1482 -24.07 -8.54007e-12)
(65.7631 -24.9118 -8.4461e-12)
(68.5159 -25.7919 -8.05765e-12)
(71.4175 -26.7054 -8.28309e-12)
(74.4741 -27.6649 -7.7491e-12)
(77.7016 -28.6603 -7.44417e-12)
(81.1056 -29.7119 -8.20717e-12)
(84.7032 -30.8032 -7.12209e-12)
(88.5071 -31.96 -7.38574e-12)
(92.5334 -33.1655 -7.84635e-12)
(96.7967 -34.4457 -8.11799e-12)
(101.322 -35.7839 -8.20688e-12)
(106.124 -37.2096 -7.13539e-12)
(111.234 -38.7057 -7.76081e-12)
(116.668 -40.3025 -6.66123e-12)
(122.47 -41.9824 -7.3478e-12)
(128.658 -43.7848 -7.72399e-12)
(135.286 -45.682 -8.91428e-12)
(142.378 -47.726 -8.51885e-12)
(150.004 -49.8789 -8.53014e-12)
(158.196 -52.2074 -8.49151e-12)
(167.038 -54.6633 -8.51498e-12)
(176.582 -57.3211 -8.58099e-12)
(186.93 -60.1321 -8.33837e-12)
(198.139 -63.1707 -6.92283e-12)
(210.426 -66.4423 -7.47478e-12)
(224.113 -70.079 -7.98222e-12)
(239.427 -73.9728 -7.37119e-12)
(256.4 -78.187 -7.31527e-12)
(275.154 -82.555 -7.31971e-12)
(295.673 -87.0914 -7.31947e-12)
(318.005 -91.5307 -6.76213e-12)
(341.97 -95.8055 -5.73263e-12)
(367.258 -99.6071 -6.29132e-12)
(395.41 -105.435 -5.41532e-12)
(434.549 -109.619 -5.5274e-12)
(475.213 -111.427 -6.4217e-12)
(515.996 -111.578 -6.9309e-12)
(558.773 -110.373 -8.17441e-12)
(607.542 -108.6 -8.36876e-12)
(669.048 -102.83 -9.44106e-12)
(735.852 -93.2312 -1.09896e-11)
(804.584 -76.65 -1.13168e-11)
(15.8429 -3.56519 -8.58923e-12)
(15.9702 -3.79805 -5.80154e-12)
(16.1209 -4.06555 -5.90478e-12)
(16.3422 -4.35187 -6.88961e-12)
(16.5835 -4.60025 -9.71498e-12)
(16.7801 -4.83674 -8.24743e-12)
(17.0318 -5.08708 -7.72111e-12)
(17.2919 -5.36462 -7.6155e-12)
(17.6701 -5.67334 -6.14629e-12)
(18.0205 -5.91939 -8.04532e-12)
(18.2781 -6.18758 -8.0607e-12)
(18.661 -6.46351 -8.20885e-12)
(19.0209 -6.75873 -1.0322e-11)
(19.4544 -7.05882 -1.01822e-11)
(19.8922 -7.37197 -1.03497e-11)
(20.3759 -7.6884 -1.05848e-11)
(20.8706 -8.01123 -1.32866e-11)
(21.3916 -8.3339 -1.28222e-11)
(21.9185 -8.65992 -1.06852e-11)
(22.4707 -8.99316 -8.56702e-12)
(23.0513 -9.33487 -6.54684e-12)
(23.6606 -9.6852 -6.74811e-12)
(24.3006 -10.0449 -8.20184e-12)
(24.9725 -10.4144 -8.54611e-12)
(25.6781 -10.7945 -9.25884e-12)
(26.419 -11.1856 -1.09496e-11)
(27.1971 -11.5884 -1.13961e-11)
(28.0143 -12.0035 -1.37975e-11)
(28.8728 -12.4314 -1.28482e-11)
(29.7747 -12.8727 -1.36696e-11)
(30.7222 -13.3279 -1.4282e-11)
(31.7179 -13.7978 -1.471e-11)
(32.7642 -14.2829 -1.70821e-11)
(33.8638 -14.7838 -1.65161e-11)
(35.0195 -15.3011 -1.58975e-11)
(36.2342 -15.8355 -1.42672e-11)
(37.5111 -16.3876 -1.41562e-11)
(38.8531 -16.9582 -1.46945e-11)
(40.2637 -17.5475 -1.54329e-11)
(41.7463 -18.1571 -1.54667e-11)
(43.3046 -18.7866 -1.57004e-11)
(44.9423 -19.4381 -1.58809e-11)
(46.6635 -20.1108 -1.58746e-11)
(48.4721 -20.808 -1.43523e-11)
(50.3731 -21.5275 -1.45923e-11)
(52.3707 -22.275 -1.48109e-11)
(54.4707 -23.0458 -1.56969e-11)
(56.678 -23.8489 -1.45004e-11)
(58.9994 -24.6778 -1.5599e-11)
(61.4403 -25.5427 -1.4092e-11)
(64.0093 -26.4371 -1.19653e-11)
(66.7122 -27.3731 -1.13664e-11)
(69.5601 -28.3421 -9.61222e-12)
(72.5587 -29.3606 -9.36274e-12)
(75.7227 -30.4148 -9.12516e-12)
(79.0583 -31.5297 -7.91488e-12)
(82.5835 -32.6843 -6.92576e-12)
(86.3059 -33.9096 -7.69825e-12)
(90.2477 -35.1844 -7.57536e-12)
(94.4175 -36.5397 -6.75497e-12)
(98.8438 -37.9545 -6.96756e-12)
(103.537 -39.4643 -6.3501e-12)
(108.532 -41.0463 -6.53669e-12)
(113.841 -42.7385 -6.11456e-12)
(119.51 -44.517 -6.19754e-12)
(125.554 -46.4277 -5.38936e-12)
(132.03 -48.4408 -6.04757e-12)
(138.958 -50.6108 -5.9475e-12)
(146.412 -52.9011 -5.35178e-12)
(154.416 -55.3797 -5.31698e-12)
(163.065 -57.9988 -4.7006e-12)
(172.398 -60.8397 -4.41472e-12)
(182.532 -63.8512 -4.41127e-12)
(193.51 -67.1148 -4.70079e-12)
(205.573 -70.6439 -4.68699e-12)
(219.039 -74.5777 -4.32877e-12)
(234.173 -78.8196 -3.4974e-12)
(250.98 -83.4392 -3.62286e-12)
(269.619 -88.2594 -3.53698e-12)
(290.038 -93.311 -4.1112e-12)
(312.323 -98.2866 -4.45318e-12)
(336.23 -103.115 -4.80464e-12)
(361.442 -107.502 -4.24412e-12)
(389.708 -114.078 -4.35037e-12)
(429.736 -119.235 -4.56136e-12)
(471.508 -121.596 -6.87421e-12)
(513.189 -122.103 -7.44429e-12)
(556.889 -120.966 -8.59501e-12)
(606.884 -119.203 -9.52509e-12)
(670.735 -112.701 -1.08794e-11)
(740.001 -102.308 -1.2892e-11)
(811.72 -83.1098 -1.24518e-11)
(15.2817 -3.5786 -9.16119e-12)
(15.3885 -3.82964 -1.08985e-11)
(15.522 -4.1221 -1.49994e-11)
(15.7265 -4.43413 -1.5506e-11)
(15.956 -4.70263 -1.88553e-11)
(16.1399 -4.95526 -1.6499e-11)
(16.3812 -5.22317 -1.7642e-11)
(16.63 -5.5204 -1.71424e-11)
(16.9999 -5.85175 -1.71086e-11)
(17.3409 -6.11097 -2.00737e-11)
(17.5833 -6.39338 -2.26944e-11)
(17.9555 -6.68347 -2.22131e-11)
(18.3005 -6.99443 -2.16281e-11)
(18.7217 -7.30967 -2.06738e-11)
(19.1442 -7.63898 -2.23105e-11)
(19.6136 -7.97114 -2.31888e-11)
(20.0917 -8.30976 -2.22934e-11)
(20.5959 -8.64768 -2.47586e-11)
(21.104 -8.98871 -2.49109e-11)
(21.6368 -9.33737 -2.48876e-11)
(22.197 -9.69505 -3.12063e-11)
(22.7853 -10.0621 -3.00372e-11)
(23.4037 -10.4393 -2.68911e-11)
(24.0534 -10.8273 -2.51886e-11)
(24.7365 -11.2269 -2.64605e-11)
(25.4547 -11.6389 -2.83889e-11)
(26.2101 -12.0638 -3.05313e-11)
(27.0048 -12.5025 -3.00669e-11)
(27.841 -12.9555 -2.68979e-11)
(28.7211 -13.4235 -2.71891e-11)
(29.6476 -13.9072 -2.55384e-11)
(30.6231 -14.4073 -2.46487e-11)
(31.6501 -14.9243 -2.43783e-11)
(32.7315 -15.4591 -2.26156e-11)
(33.87 -16.0119 -2.10148e-11)
(35.0685 -16.5835 -2.01062e-11)
(36.3299 -17.1743 -1.95962e-11)
(37.6572 -17.785 -1.75239e-11)
(39.0534 -18.4158 -1.52489e-11)
(40.5218 -19.0677 -1.50767e-11)
(42.0656 -19.7406 -1.28969e-11)
(43.6882 -20.4359 -1.28872e-11)
(45.393 -21.1532 -1.26398e-11)
(47.184 -21.8949 -1.0212e-11)
(49.0651 -22.6599 -1.01158e-11)
(51.0407 -23.4519 -8.6139e-12)
(53.1155 -24.2689 -1.03688e-11)
(55.2945 -25.1164 -1.01605e-11)
(57.5836 -25.9917 -8.73422e-12)
(59.9881 -26.9016 -7.00369e-12)
(62.5162 -27.8428 -7.2425e-12)
(65.1731 -28.8243 -6.13111e-12)
(67.9698 -29.8413 -5.49878e-12)
(70.9114 -30.9062 -4.68179e-12)
(74.0127 -32.0112 -2.84986e-12)
(77.2786 -33.1738 -2.78675e-12)
(80.7282 -34.3826 -1.94623e-12)
(84.3671 -35.6596 -1.28131e-12)
(88.2191 -36.9917 -9.78547e-13)
(92.2901 -38.4044 1.06363e-14)
(96.6111 -39.8825 8.57314e-15)
(101.188 -41.4565 1.53411e-12)
(106.061 -43.109 1.23402e-12)
(111.235 -44.8749 1.48819e-12)
(116.763 -46.735 6.89992e-13)
(122.651 -48.7304 2.25251e-12)
(128.965 -50.8391 2.28618e-12)
(135.715 -53.1083 3.03791e-12)
(142.981 -55.5137 3.2302e-12)
(150.782 -58.1107 2.98843e-12)
(159.219 -60.8698 3.81565e-12)
(168.32 -63.8554 3.15726e-12)
(178.214 -67.0389 3.00985e-12)
(188.933 -70.4837 2.82557e-12)
(200.729 -74.2368 2.86908e-12)
(213.925 -78.4127 2.8515e-12)
(228.799 -82.9565 3.91086e-12)
(245.355 -87.9091 3.71642e-12)
(263.771 -93.1388 3.18074e-12)
(283.986 -98.6342 2.96901e-12)
(306.129 -104.135 2.99822e-12)
(329.885 -109.503 2.64126e-12)
(354.955 -114.487 2.13681e-12)
(383.318 -121.761 2.01687e-12)
(424.08 -128.018 1.20418e-12)
(467.054 -131.137 -8.14685e-13)
(509.716 -132.127 -2.17861e-12)
(554.466 -131.118 -3.55955e-12)
(605.736 -129.431 -5.0069e-12)
(672.071 -122.218 -6.46814e-12)
(743.767 -111.073 -7.63568e-12)
(818.696 -88.8898 -6.76534e-12)
(14.7374 -3.54572 -1.11472e-11)
(14.8243 -3.81568 -1.3061e-11)
(14.9415 -4.1365 -1.24623e-11)
(15.1311 -4.47593 -1.3233e-11)
(15.351 -4.76542 -1.64274e-11)
(15.5247 -5.0339 -1.93537e-11)
(15.758 -5.31913 -1.72124e-11)
(15.9978 -5.63453 -1.78727e-11)
(16.3608 -5.98799 -2.14157e-11)
(16.6942 -6.2578 -2.41348e-11)
(16.9234 -6.55302 -2.39921e-11)
(17.2865 -6.8544 -2.08576e-11)
(17.6178 -7.17889 -2.09101e-11)
(18.0278 -7.50648 -2.46247e-11)
(18.4356 -7.84924 -2.37737e-11)
(18.8914 -8.19442 -2.08083e-11)
(19.3535 -8.54607 -2.48341e-11)
(19.8419 -8.89672 -2.47376e-11)
(20.3322 -9.25029 -2.59411e-11)
(20.8471 -9.61236 -2.26822e-11)
(21.3887 -9.98425 -2.20635e-11)
(21.9584 -10.3668 -1.99858e-11)
(22.5582 -10.7607 -1.64513e-11)
(23.1898 -11.1671 -1.51649e-11)
(23.8555 -11.5869 -1.4693e-11)
(24.5573 -12.021 -1.3613e-11)
(25.2979 -12.4704 -1.40286e-11)
(26.0797 -12.9359 -1.52802e-11)
(26.9051 -13.4183 -1.43106e-11)
(27.777 -13.918 -1.19996e-11)
(28.6976 -14.4364 -1.17439e-11)
(29.67 -14.9733 -9.70691e-12)
(30.6963 -15.5299 -9.44063e-12)
(31.7794 -16.1059 -8.23987e-12)
(32.9214 -16.7022 -6.3812e-12)
(34.125 -17.3181 -4.94311e-12)
(35.3922 -17.9547 -3.03396e-12)
(36.7257 -18.6109 -4.25396e-12)
(38.1276 -19.2881 -3.79479e-12)
(39.6006 -19.985 -3.1932e-12)
(41.147 -20.7035 -2.69984e-12)
(42.7698 -21.442 -2.62746e-12)
(44.4716 -22.2031 -1.27281e-12)
(46.2561 -22.9853 -2.16654e-12)
(48.1263 -23.7921 -1.65882e-12)
(50.0866 -24.6216 -1.45889e-12)
(52.1407 -25.4786 -8.57406e-13)
(54.294 -26.3609 2.8665e-13)
(56.5511 -27.2745 3.20061e-13)
(58.9184 -28.217 -4.36078e-15)
(61.4021 -29.1957 1.19763e-13)
(64.009 -30.2083 7.90122e-13)
(66.7479 -31.2629 2.24663e-12)
(69.6259 -32.3582 2.33263e-12)
(72.6551 -33.5019 3.48165e-12)
(75.8428 -34.6954 3.41027e-12)
(79.2052 -35.945 4.52052e-12)
(82.7501 -37.2549 3.42354e-12)
(86.4988 -38.631 2.9621e-12)
(90.4589 -40.0801 2.8806e-12)
(94.6593 -41.607 3.54487e-12)
(99.1071 -43.2227 2.86387e-12)
(103.84 -44.9305 3.09974e-12)
(108.866 -46.7458 3.76485e-12)
(114.234 -48.6702 4.18745e-12)
(119.952 -50.7252 4.42382e-12)
(126.083 -52.9101 5.01009e-12)
(132.638 -55.2528 4.91101e-12)
(139.699 -57.7508 4.85076e-12)
(147.279 -60.4391 4.03418e-12)
(155.482 -63.3136 3.95077e-12)
(164.333 -66.4156 3.20813e-12)
(173.965 -69.743 3.42653e-12)
(184.405 -73.339 2.99881e-12)
(195.909 -77.2856 2.80815e-12)
(208.81 -81.6746 3.21768e-12)
(223.388 -86.4851 3.98799e-12)
(239.648 -91.7262 4.29459e-12)
(257.769 -97.3174 4.65839e-12)
(277.699 -103.192 4.64476e-12)
(299.563 -109.159 3.91796e-12)
(323.057 -115.018 4.09485e-12)
(347.895 -120.536 3.0725e-12)
(376.268 -128.521 2.77075e-12)
(417.439 -135.703 1.47653e-12)
(461.512 -139.786 -1.58085e-14)
(505.221 -141.393 -7.90418e-13)
(551.16 -140.696 -1.27293e-12)
(603.758 -139.065 -2.02104e-12)
(672.727 -131.379 -3.40549e-12)
(746.8 -119.564 -4.65139e-12)
(825.175 -93.7583 -4.13885e-12)
(14.2092 -3.47523 -6.18168e-12)
(14.2775 -3.76555 -6.35615e-12)
(14.3792 -4.1204 -8.70767e-12)
(14.5578 -4.49035 -8.72063e-12)
(14.7712 -4.80251 -1.1223e-11)
(14.9381 -5.08696 -9.85141e-12)
(15.1666 -5.3894 -1.11467e-11)
(15.3999 -5.721 -1.0934e-11)
(15.7585 -6.09649 -1.09101e-11)
(16.0868 -6.37381 -9.25056e-12)
(16.3047 -6.68071 -9.8149e-12)
(16.661 -6.99042 -8.29922e-12)
(16.9798 -7.32638 -3.99163e-12)
(17.3805 -7.66388 -3.08304e-12)
(17.775 -8.01778 -3.80653e-12)
(18.2192 -8.37414 -3.46432e-12)
(18.6674 -8.73707 -9.05399e-13)
(19.1426 -9.09945 2.63303e-12)
(19.6189 -9.46499 4.80936e-12)
(20.1204 -9.84108 3.90839e-12)
(20.6496 -10.2287 1.31839e-12)
(21.2086 -10.6296 1.14327e-12)
(21.8 -11.0444 5.19292e-14)
(22.4261 -11.4751 2.66639e-12)
(23.0899 -11.9228 3.97786e-12)
(23.7941 -12.3887 3.776e-12)
(24.5416 -12.8743 3.78833e-12)
(25.3351 -13.3798 4.04968e-12)
(26.1769 -13.9061 3.56094e-12)
(27.0692 -14.4528 3.46975e-12)
(28.0138 -15.0207 3.77196e-12)
(29.0129 -15.6088 3.72754e-12)
(30.0678 -16.2179 3.75152e-12)
(31.1804 -16.8462 4.46946e-12)
(32.3519 -17.4945 3.57714e-12)
(33.5838 -18.161 3.06713e-12)
(34.8774 -18.8469 2.01536e-12)
(36.2345 -19.5501 1.679e-12)
(37.6563 -20.2723 2.71705e-12)
(39.1451 -21.0114 2.88721e-12)
(40.7021 -21.7696 2.90743e-12)
(42.3302 -22.5447 3.09757e-12)
(44.0313 -23.3404 2.02719e-12)
(45.8091 -24.154 1.68383e-12)
(47.666 -24.9906 2.73067e-12)
(49.6067 -25.8469 3.77116e-12)
(51.6341 -26.7296 4.44053e-12)
(53.7542 -27.6348 5.05972e-12)
(55.9706 -28.5712 5.53595e-12)
(58.2907 -29.5336 5.42526e-12)
(60.7192 -30.5332 5.75599e-12)
(63.2645 -31.5637 5.39218e-12)
(65.9333 -32.6384 5.20476e-12)
(68.735 -33.7504 5.19877e-12)
(71.6788 -34.9147 3.9737e-12)
(74.7749 -36.1249 4.9037e-12)
(78.0362 -37.3966 5.04149e-12)
(81.4735 -38.7245 3.34792e-12)
(85.1044 -40.1254 3.5927e-12)
(88.9402 -41.5952 3.86142e-12)
(93.0052 -43.151 3.70862e-12)
(97.3105 -44.7917 4.14116e-12)
(101.889 -46.5341 4.1633e-12)
(106.753 -48.3807 5.03516e-12)
(111.945 -50.3474 5.02727e-12)
(117.479 -52.4423 4.99657e-12)
(123.411 -54.6798 5.50375e-12)
(129.757 -57.0744 5.41028e-12)
(136.592 -59.6389 4.99883e-12)
(143.934 -62.3954 4.90867e-12)
(151.883 -65.3553 4.86158e-12)
(160.465 -68.5486 4.85217e-12)
(169.81 -71.988 3.79618e-12)
(179.947 -75.7093 4.05811e-12)
(191.131 -79.8133 4.18592e-12)
(203.702 -84.3905 4.01034e-12)
(217.946 -89.4308 3.34858e-12)
(233.868 -94.9415 3.4575e-12)
(251.65 -100.855 3.14766e-12)
(271.247 -107.098 3.4113e-12)
(292.782 -113.488 3.40801e-12)
(315.966 -119.821 4.22229e-12)
(340.531 -125.819 3.38729e-12)
(368.82 -134.634 3.80636e-12)
(410.244 -142.575 3.33925e-12)
(455.042 -147.594 2.63963e-12)
(499.679 -149.798 2.11518e-12)
(546.726 -149.566 4.11786e-13)
(600.645 -147.874 -3.2433e-13)
(672.008 -139.919 -4.71041e-13)
(748.465 -127.563 -7.06277e-13)
(830.916 -97.8968 -8.91417e-13)
(13.6952 -3.37181 -1.93067e-13)
(13.7467 -3.68387 -1.02155e-12)
(13.8334 -4.08111 -1.87884e-12)
(14.0068 -4.48676 1.12351e-12)
(14.2181 -4.82361 -1.28256e-12)
(14.3826 -5.1244 -1.13884e-12)
(14.6102 -5.44356 1.82885e-13)
(14.8402 -5.78879 2.2735e-12)
(15.1974 -6.18672 -2.68339e-13)
(15.524 -6.4678 -1.165e-12)
(15.7322 -6.78567 -6.57765e-13)
(16.085 -7.10106 -1.50968e-12)
(16.3933 -7.44711 -8.81267e-13)
(16.7882 -7.7936 1.88433e-12)
(17.1728 -8.15808 1.37363e-12)
(17.6104 -8.52671 1.93968e-12)
(18.0515 -8.90266 1.81009e-12)
(18.5224 -9.28046 3.81469e-12)
(18.9962 -9.66333 2.78091e-12)
(19.4994 -10.0618 1.76369e-12)
(20.0355 -10.4765 3.56883e-13)
(20.6074 -10.9102 1.37961e-12)
(21.2183 -11.3637 1.29885e-12)
(21.8707 -11.8392 1.41187e-12)
(22.5676 -12.3373 2.50714e-12)
(23.3113 -12.8587 2.63573e-12)
(24.1036 -13.4034 1.73687e-12)
(24.9461 -13.9706 3.25216e-12)
(25.8398 -14.559 2.85681e-12)
(26.7856 -15.1679 3.91678e-12)
(27.7842 -15.7969 2.90073e-12)
(28.8362 -16.4446 2.65974e-12)
(29.9419 -17.1102 2.9328e-12)
(31.1017 -17.7921 2.78882e-12)
(32.316 -18.4901 2.295e-12)
(33.5855 -19.2027 1.53826e-12)
(34.9109 -19.9302 7.2312e-13)
(36.2932 -20.6715 7.05311e-13)
(37.7334 -21.4273 5.24192e-13)
(39.2332 -22.196 2.87736e-12)
(40.794 -22.9795 2.68819e-12)
(42.4185 -23.7771 1.33469e-12)
(44.1089 -24.5916 6.43505e-13)
(45.8686 -25.422 1.09782e-12)
(47.7003 -26.2723 1.64211e-12)
(49.6084 -27.1407 3.20003e-12)
(51.5959 -28.0327 4.28024e-12)
(53.6688 -28.9464 2.43743e-12)
(55.831 -29.8889 2.74539e-12)
(58.0894 -30.8574 3.62569e-12)
(60.4494 -31.8611 3.67344e-12)
(62.9191 -32.896 2.85166e-12)
(65.505 -33.9738 1.63181e-12)
(68.2169 -35.0898 1.94894e-12)
(71.0634 -36.2575 2.86641e-12)
(74.0553 -37.4721 2.90084e-12)
(77.2045 -38.7487 2.49442e-12)
(80.5227 -40.0827 2.37399e-12)
(84.0261 -41.4909 1.77899e-12)
(87.7271 -42.9694 1.75453e-12)
(91.648 -44.5363 1.43766e-12)
(95.8015 -46.1896 2.14711e-12)
(100.218 -47.948 2.70194e-12)
(104.911 -49.8128 2.20067e-12)
(109.922 -51.8021 2.43927e-12)
(115.263 -53.9227 3.08364e-12)
(120.992 -56.1916 3.03541e-12)
(127.121 -58.6219 3.13379e-12)
(133.725 -61.2296 3.13144e-12)
(140.822 -64.0355 3.08714e-12)
(148.51 -67.055 2.56727e-12)
(156.813 -70.3172 2.01119e-12)
(165.861 -73.8385 1.50863e-12)
(175.681 -77.658 1.57618e-12)
(186.528 -81.8848 1.5758e-12)
(198.743 -86.6173 5.80867e-13)
(212.617 -91.8471 1.10245e-12)
(228.156 -97.5944 8.8479e-13)
(245.546 -103.791 2.35286e-13)
(264.747 -110.373 2.14345e-13)
(285.891 -117.156 2.27371e-13)
(308.696 -123.943 -1.38766e-13)
(332.916 -130.402 -2.76308e-14)
(361.024 -140.097 1.3408e-12)
(402.622 -148.867 1.83236e-12)
(448.036 -154.802 2.01848e-12)
(493.579 -157.631 1.83149e-12)
(541.61 -157.862 6.45753e-13)
(596.871 -156.071 1.54409e-13)
(670.317 -147.854 -5.30099e-13)
(749.047 -135.005 -1.28632e-12)
(836.048 -101.639 -1.71123e-12)
(13.1927 -3.24214 -7.09599e-13)
(13.231 -3.57689 -1.1646e-12)
(13.3023 -4.0286 -1.42554e-12)
(13.4802 -4.47896 -3.14539e-12)
(13.6962 -4.84327 -1.63642e-12)
(13.8641 -5.16117 -4.22235e-12)
(14.0962 -5.49607 -3.35912e-12)
(14.3263 -5.85138 -1.50935e-12)
(14.687 -6.27385 -5.03418e-13)
(15.0166 -6.55373 1.57726e-12)
(15.2179 -6.88334 2.51895e-12)
(15.5732 -7.20388 4.68545e-12)
(15.8763 -7.56127 7.16273e-12)
(16.2744 -7.9208 7.15315e-12)
(16.6609 -8.30138 7.05908e-12)
(17.1081 -8.69225 7.06643e-12)
(17.5638 -9.09462 3.71368e-12)
(18.0574 -9.50607 2.21419e-12)
(18.5615 -9.92878 2.21412e-13)
(19.1038 -10.3771 3.09563e-12)
(19.6889 -10.8493 4.27439e-12)
(20.3181 -11.3472 2.28131e-12)
(20.9947 -11.8701 3.64024e-12)
(21.7193 -12.4189 1.21963e-12)
(22.4933 -12.9926 2.5814e-12)
(23.3165 -13.5898 1.72462e-12)
(24.1888 -14.2085 4.03841e-12)
(25.1094 -14.8466 2.76301e-12)
(26.0784 -15.5026 3.45139e-12)
(27.0956 -16.1751 3.50351e-12)
(28.1602 -16.8625 3.14938e-12)
(29.2719 -17.5629 2.79681e-12)
(30.4301 -18.2752 1.80922e-12)
(31.6347 -18.9982 2.10542e-12)
(32.8856 -19.7314 1.47045e-12)
(34.1835 -20.4738 1.24651e-12)
(35.5286 -21.2257 1.6897e-12)
(36.9222 -21.9863 2.37246e-12)
(38.365 -22.7566 2.36187e-12)
(39.8592 -23.5362 2.07502e-12)
(41.4069 -24.3273 1.66916e-12)
(43.0108 -25.1298 7.47685e-13)
(44.6733 -25.9462 1.31623e-12)
(46.3978 -26.7767 1.038e-12)
(48.187 -27.6239 1.8184e-13)
(50.0455 -28.4879 1.48855e-12)
(51.9771 -29.3734 5.32822e-13)
(53.9874 -30.2802 9.22422e-13)
(56.0807 -31.2143 1.47284e-12)
(58.2641 -32.1748 3.14863e-12)
(60.5427 -33.1692 2.8615e-12)
(62.9245 -34.1957 2.34112e-12)
(65.4162 -35.2639 1.89755e-12)
(68.0275 -36.3717 1.24835e-12)
(70.7669 -37.5305 9.79211e-13)
(73.6454 -38.7378 1.61954e-12)
(76.6742 -40.007 2.10592e-12)
(79.8657 -41.3358 1.29493e-12)
(83.2349 -42.7391 6.27449e-13)
(86.7948 -44.2152 1.27521e-12)
(90.5666 -45.7806 1.21834e-12)
(94.5636 -47.4353 1.09322e-12)
(98.8148 -49.1966 2.17173e-13)
(103.334 -51.0677 -2.91666e-13)
(108.16 -53.0657 -3.33097e-13)
(113.308 -55.199 -3.4767e-13)
(118.83 -57.484 -2.51581e-13)
(124.742 -59.9355 3.24168e-13)
(131.115 -62.5692 2.88728e-13)
(137.967 -65.4078 1.007e-12)
(145.393 -68.4667 1.20665e-12)
(153.418 -71.7776 4.4117e-13)
(162.167 -75.357 7.0308e-13)
(171.668 -79.2489 7.05291e-13)
(182.172 -83.5681 1.20323e-12)
(194.017 -88.4233 7.14296e-13)
(207.503 -93.8054 9.96772e-13)
(222.63 -99.7522 1.26134e-12)
(239.594 -106.188 1.20223e-12)
(258.354 -113.073 1.13625e-12)
(279.054 -120.209 1.21567e-12)
(301.419 -127.417 1.46817e-12)
(325.23 -134.316 1.07922e-12)
(353.068 -144.871 1.63655e-12)
(394.705 -154.548 1.16565e-12)
(440.6 -161.426 8.06108e-13)
(486.988 -164.961 8.36764e-13)
(536.026 -165.63 -1.26426e-13)
(592.592 -163.739 -4.92493e-13)
(667.97 -155.296 -1.80503e-12)
(748.892 -141.955 -3.41419e-12)
(840.671 -104.789 -3.27517e-12)
(12.6951 -3.09501 4.46788e-12)
(12.7262 -3.4493 3.9131e-12)
(12.7795 -3.97129 3.36488e-12)
(12.9764 -4.48142 1.46352e-12)
(13.2087 -4.87612 -1.53863e-12)
(13.3885 -5.21267 -1.50377e-12)
(13.6343 -5.56125 -1.33309e-12)
(13.8698 -5.92335 9.7303e-13)
(14.2442 -6.37633 2.76491e-12)
(14.5881 -6.65261 7.8622e-13)
(14.7899 -6.99977 1.42687e-12)
(15.1647 -7.33354 3.94444e-12)
(15.482 -7.71431 4.94634e-12)
(15.9111 -8.10688 6.69916e-12)
(16.3357 -8.52963 4.18474e-12)
(16.8363 -8.97694 1.11775e-12)
(17.358 -9.44416 -5.55734e-13)
(17.9304 -9.93054 -3.04145e-12)
(18.5235 -10.4348 -2.56828e-12)
(19.1637 -10.9724 -1.01917e-12)
(19.8537 -11.5367 -5.74694e-13)
(20.5914 -12.1285 2.14954e-13)
(21.3789 -12.7451 -1.00314e-12)
(22.2134 -13.3843 -1.02608e-12)
(23.0939 -14.0429 -1.11285e-12)
(24.018 -14.7179 -1.25402e-12)
(24.984 -15.4066 5.03188e-14)
(25.99 -16.1071 -7.04118e-13)
(27.0348 -16.8178 3.61614e-13)
(28.1168 -17.5365 1.44444e-12)
(29.2354 -18.2617 1.69444e-12)
(30.3899 -18.9922 4.91169e-13)
(31.5802 -19.7272 3.77141e-13)
(32.8064 -20.4663 -7.76978e-14)
(34.069 -21.2096 -4.12469e-13)
(35.3691 -21.9569 1.40912e-13)
(36.7076 -22.7089 1.57172e-12)
(38.0864 -23.4659 2.20751e-12)
(39.5071 -24.2292 2.28975e-13)
(40.9721 -24.9999 -1.56736e-12)
(42.4837 -25.7794 -1.60818e-12)
(44.0447 -26.5686 -1.65488e-12)
(45.658 -27.3695 -1.24349e-12)
(47.3268 -28.1831 -1.09392e-12)
(49.0548 -29.012 1.0666e-14)
(50.8469 -29.8579 2.94853e-13)
(52.7072 -30.7244 3.94047e-13)
(54.6409 -31.6127 3.13518e-13)
(56.6528 -32.5274 8.3973e-13)
(58.749 -33.469 1.0079e-12)
(60.9349 -34.443 9.80154e-13)
(63.2189 -35.4503 9.40092e-13)
(65.6076 -36.4987 2.7917e-13)
(68.1106 -37.5887 -1.53645e-13)
(70.7364 -38.7294 8.49592e-13)
(73.4953 -39.9207 1.64346e-12)
(76.3987 -41.1734 1.5607e-12)
(79.4585 -42.4882 6.14224e-13)
(82.6898 -43.8773 5.03091e-13)
(86.1054 -45.3421 -1.16921e-13)
(89.7256 -46.8964 1.02042e-12)
(93.564 -48.5434 1.65536e-12)
(97.6485 -50.2974 5.01257e-13)
(101.993 -52.1651 3.8946e-13)
(106.635 -54.1606 1.41046e-12)
(111.589 -56.296 1.2153e-12)
(116.907 -58.5847 1.25426e-12)
(122.603 -61.0452 1.33779e-12)
(128.748 -63.6908 8.54239e-13)
(135.358 -66.5477 2.82948e-13)
(142.526 -69.6295 3.4679e-13)
(150.275 -72.9717 7.7149e-13)
(158.73 -76.5893 3.67291e-13)
(167.915 -80.5315 2.87601e-13)
(178.078 -84.9165 1.5142e-12)
(189.551 -89.8646 1.29607e-12)
(202.64 -95.365 1.27895e-12)
(217.339 -101.474 1.68252e-12)
(233.853 -108.107 1.73101e-12)
(252.136 -115.254 1.6912e-12)
(272.35 -122.697 2.08863e-12)
(294.225 -130.292 2.55288e-12)
(317.571 -137.6 1.73302e-12)
(345.055 -148.972 3.11226e-12)
(386.595 -159.622 2.59193e-12)
(432.859 -167.492 2.28035e-12)
(480.057 -171.785 1.91207e-12)
(530.121 -172.896 9.92527e-13)
(587.986 -170.861 5.042e-13)
(665.117 -162.278 -8.21683e-13)
(748.154 -148.487 -2.69609e-12)
(844.863 -106.974 -2.83745e-12)
(12.216 -2.94281 3.76503e-13)
(12.2536 -3.30937 1.29928e-12)
(12.2842 -3.92517 1.34129e-12)
(12.5268 -4.52597 1.32859e-12)
(12.7955 -4.95955 -1.77071e-12)
(13.0015 -5.3194 -2.39414e-12)
(13.2755 -5.68149 -2.44924e-12)
(13.5268 -6.05059 -1.86047e-12)
(13.936 -6.55191 -1.95192e-12)
(14.3238 -6.83001 -2.25064e-12)
(14.5561 -7.22036 -1.91444e-12)
(14.9978 -7.60213 -2.25016e-12)
(15.3873 -8.04911 -2.27384e-12)
(15.9163 -8.52934 -4.73416e-12)
(16.4572 -9.05143 -2.14449e-12)
(17.0896 -9.61286 -1.52281e-12)
(17.7542 -10.1992 1.34502e-12)
(18.4746 -10.8079 1.4806e-15)
(19.2167 -11.4305 1.02821e-12)
(20.0036 -12.0822 1.07692e-12)
(20.837 -12.7531 5.31133e-13)
(21.7103 -13.4432 -1.17347e-13)
(22.6224 -14.1472 -1.30818e-12)
(23.5686 -14.8615 -2.10113e-12)
(24.5471 -15.5828 -2.29978e-12)
(25.555 -16.3086 -2.68488e-12)
(26.5907 -17.0371 -2.44646e-12)
(27.6529 -17.7668 -1.59489e-12)
(28.7404 -18.497 -1.6161e-12)
(29.8527 -19.2268 -4.99773e-13)
(30.9897 -19.9558 -6.32527e-14)
(32.1518 -20.6838 -4.11276e-13)
(33.3396 -21.4112 -8.8119e-13)
(34.5542 -22.1382 1.66315e-13)
(35.7968 -22.8656 4.02073e-13)
(37.069 -23.594 4.03441e-13)
(38.3727 -24.3245 3.8956e-13)
(39.7099 -25.0582 -5.14934e-13)
(41.0829 -25.7963 -3.47026e-13)
(42.4944 -26.5404 -6.34994e-14)
(43.9471 -27.292 -2.4235e-13)
(45.4441 -28.0527 -2.10574e-14)
(46.9887 -28.8243 7.86395e-13)
(48.5847 -29.6087 -9.39716e-13)
(50.2361 -30.4087 2.11786e-13)
(51.9472 -31.2262 1.82034e-13)
(53.7224 -32.064 -2.23476e-13)
(55.5668 -32.9241 -3.68787e-13)
(57.4852 -33.8098 -5.50962e-13)
(59.4834 -34.7236 -2.94607e-13)
(61.5681 -35.6693 8.34861e-14)
(63.747 -36.6508 4.39938e-13)
(66.0268 -37.673 7.4041e-13)
(68.4159 -38.739 1.11608e-12)
(70.9225 -39.8538 1.64204e-12)
(73.5574 -41.0215 1.64088e-12)
(76.332 -42.2501 1.05429e-12)
(79.2575 -43.544 1.05567e-12)
(82.3487 -44.9116 1.95246e-12)
(85.6181 -46.3581 1.75384e-12)
(89.0858 -47.8935 2.48096e-12)
(92.7648 -49.5251 2.24951e-12)
(96.6828 -51.2634 1.87106e-12)
(100.853 -53.1194 2.28099e-12)
(105.312 -55.1033 2.16057e-12)
(110.074 -57.2315 2.02244e-12)
(115.191 -59.5136 1.98155e-12)
(120.674 -61.9727 1.83176e-12)
(126.594 -64.6182 1.79022e-12)
(132.966 -67.481 1.96181e-12)
(139.881 -70.5716 1.99596e-12)
(147.36 -73.9301 2.45657e-12)
(155.527 -77.5686 2.19942e-12)
(164.4 -81.5422 2.1803e-12)
(174.228 -85.9695 2.16408e-12)
(185.335 -90.9837 1.62099e-12)
(198.022 -96.5701 1.0827e-12)
(212.285 -102.804 6.35554e-13)
(228.332 -109.593 3.49846e-13)
(246.113 -116.959 6.99192e-13)
(265.809 -124.664 6.25485e-13)
(287.149 -132.605 2.30944e-13)
(309.983 -140.285 -1.17622e-13)
(337.034 -152.414 1.2301e-12)
(378.334 -164.088 1.80697e-12)
(424.852 -173.014 1.78043e-12)
(472.82 -178.111 1.94052e-12)
(523.925 -179.68 1.488e-12)
(583.072 -177.438 1.02927e-12)
(661.751 -168.799 -9.08683e-13)
(746.834 -154.756 -3.41895e-12)
(848.733 -108.103 -3.41026e-12)
(11.8142 -2.82453 -8.46134e-12)
(11.8872 -3.18968 -6.9987e-12)
(11.8955 -3.93448 -4.51505e-12)
(12.2314 -4.68365 -3.53374e-13)
(12.5748 -5.17332 -2.52698e-12)
(12.8352 -5.57118 -4.34434e-12)
(13.1703 -5.9555 -4.20192e-12)
(13.474 -6.35291 -5.25315e-12)
(13.9892 -6.95958 -3.79457e-12)
(14.5072 -7.29913 -3.99518e-12)
(14.8531 -7.80054 -5.69737e-12)
(15.4582 -8.31192 -6.49519e-12)
(16.0192 -8.89905 -3.40738e-12)
(16.7377 -9.53705 -3.78585e-12)
(17.4747 -10.2107 -3.49768e-12)
(18.3 -10.9216 -1.99384e-12)
(19.1513 -11.6442 -1.89762e-12)
(20.0409 -12.374 6.78409e-13)
(20.9358 -13.0999 2.25203e-12)
(21.8572 -13.8385 1.62193e-12)
(22.8086 -14.58 -8.41897e-14)
(23.7812 -15.324 -1.27429e-12)
(24.7749 -16.0668 -1.85039e-12)
(25.7855 -16.8067 -1.85474e-12)
(26.8125 -17.5423 -1.7563e-12)
(27.8546 -18.2728 -1.4151e-12)
(28.9114 -18.9977 -1.44755e-12)
(29.9828 -19.7171 -1.04931e-12)
(31.0692 -20.4311 -6.60138e-13)
(32.1711 -21.1401 -8.91373e-13)
(33.2894 -21.8446 1.15956e-12)
(34.4251 -22.545 1.14625e-12)
(35.5798 -23.2422 7.76993e-13)
(36.7549 -23.9371 -2.47967e-13)
(37.9522 -24.6306 1.5242e-13)
(39.1737 -25.324 7.38995e-13)
(40.4215 -26.0183 5.85605e-13)
(41.6981 -26.715 1.01997e-12)
(43.0058 -27.4156 4.94147e-13)
(44.3475 -28.1217 1.4578e-13)
(45.7261 -28.8349 1.12806e-12)
(47.1449 -29.5573 7.38696e-13)
(48.6073 -30.2906 8.36172e-13)
(50.1172 -31.0371 1.73067e-12)
(51.6786 -31.7989 1.36165e-12)
(53.2959 -32.5789 1.28891e-12)
(54.9737 -33.3791 5.30646e-13)
(56.7173 -34.2026 1.89268e-13)
(58.5321 -35.0519 5.5723e-13)
(60.4243 -35.9313 4.7401e-13)
(62.4003 -36.8435 4.77107e-13)
(64.4666 -37.7934 9.23393e-13)
(66.6305 -38.783 8.26457e-13)
(68.8989 -39.8181 4.87989e-13)
(71.282 -40.9013 5.51584e-13)
(73.7898 -42.0407 1.5008e-12)
(76.4329 -43.2406 1.397e-12)
(79.2209 -44.5074 1.32314e-12)
(82.1701 -45.8465 1.34632e-12)
(85.2919 -47.2679 9.5416e-13)
(88.6066 -48.7779 7.638e-13)
(92.126 -50.3876 1.45203e-12)
(95.8777 -52.103 2.13272e-12)
(99.8739 -53.94 1.72105e-12)
(104.152 -55.9043 1.30234e-12)
(108.724 -58.0171 1.14074e-12)
(113.642 -60.2837 1.22226e-12)
(118.915 -62.7319 1.28624e-12)
(124.615 -65.3671 1.38968e-12)
(130.752 -68.2249 1.21352e-12)
(137.42 -71.312 4.65874e-13)
(144.634 -74.6734 -2.54639e-13)
(152.519 -78.3177 -3.88112e-13)
(161.089 -82.3059 -7.35002e-13)
(170.588 -86.7542 -1.09569e-12)
(181.333 -91.8097 -1.65023e-12)
(193.621 -97.452 -7.89047e-13)
(207.442 -103.777 -8.39585e-13)
(223.013 -110.681 -1.2543e-12)
(240.275 -118.225 -1.25622e-12)
(259.426 -126.141 -1.26287e-12)
(280.193 -134.383 -9.64023e-13)
(302.472 -142.393 -1.26419e-12)
(329.017 -155.2 -3.24362e-13)
(369.934 -167.946 -1.87278e-14)
(416.592 -178 -2.1282e-13)
(465.289 -183.938 3.06993e-14)
(517.44 -185.982 -6.9338e-13)
(577.843 -183.444 -6.77693e-13)
(657.84 -174.793 -1.92634e-12)
(744.799 -160.824 -3.96669e-12)
(852.381 -108.331 -3.40266e-12)
(11.7271 -2.8235 -8.193e-13)
(11.9076 -3.19324 1.26738e-12)
(11.9436 -4.13751 2.5083e-12)
(12.4848 -5.15664 2.09666e-12)
(12.9905 -5.77163 -6.46211e-13)
(13.3699 -6.26688 2.15264e-12)
(13.8331 -6.73472 3.18616e-12)
(14.2683 -7.24399 1.63703e-12)
(15.0012 -8.05839 1.47258e-12)
(15.7332 -8.54649 1.63462e-12)
(16.2704 -9.20504 -9.56601e-13)
(17.0917 -9.88479 -1.1061e-12)
(17.8652 -10.6202 -1.16749e-12)
(18.7809 -11.4008 -1.4998e-12)
(19.7033 -12.1932 -1.79401e-12)
(20.687 -13.0044 -8.40601e-13)
(21.6765 -13.8042 -1.04224e-12)
(22.6771 -14.591 -7.70563e-13)
(23.6623 -15.3562 -3.37111e-13)
(24.6533 -16.1179 -7.49712e-13)
(25.6566 -16.8692 -1.97415e-12)
(26.6646 -17.6112 -2.49502e-12)
(27.6794 -18.3428 -1.01131e-12)
(28.6988 -19.0639 -9.66599e-13)
(29.7236 -19.7748 -8.92996e-13)
(30.7539 -20.4756 -2.45166e-13)
(31.7904 -21.1671 7.71012e-13)
(32.834 -21.8498 2.77817e-12)
(33.8859 -22.5247 1.99885e-12)
(34.9471 -23.1926 1.1965e-12)
(36.0191 -23.8543 2.6883e-12)
(37.1035 -24.5108 2.71299e-12)
(38.202 -25.1633 1.83739e-12)
(39.3166 -25.8126 1.51385e-12)
(40.4491 -26.4602 6.94868e-13)
(41.6019 -27.1073 3.58483e-13)
(42.7772 -27.7552 5.37009e-13)
(43.9775 -28.4055 8.87055e-13)
(45.2057 -29.0596 -3.1764e-13)
(46.4645 -29.7195 8.44918e-14)
(47.7569 -30.3866 1.63964e-13)
(49.0863 -31.0634 5.98852e-13)
(50.4562 -31.7512 7.43893e-13)
(51.8703 -32.4529 1.34493e-12)
(53.3329 -33.1701 1.30674e-12)
(54.848 -33.9063 4.03869e-13)
(56.4205 -34.6629 3.67115e-13)
(58.0556 -35.4442 3.27503e-13)
(59.7587 -36.2515 3.28459e-13)
(61.5358 -37.0902 2.73645e-13)
(63.3935 -37.9616 3.83753e-14)
(65.3384 -38.8723 -1.91649e-13)
(67.3784 -39.8226 9.04332e-14)
(69.521 -40.8211 3.44829e-13)
(71.7767 -41.8691 2.58142e-13)
(74.1523 -42.9756 5.16287e-13)
(76.6591 -44.141 1.91699e-13)
(79.307 -45.3759 3.11703e-13)
(82.113 -46.6822 -3.19815e-13)
(85.0854 -48.0744 -1.32231e-12)
(88.2452 -49.5522 -1.21835e-12)
(91.6041 -51.1327 -4.40665e-13)
(95.1899 -52.819 2.39144e-13)
(99.0128 -54.6303 7.39873e-13)
(103.111 -56.5679 6.19373e-13)
(107.494 -58.6575 5.72781e-13)
(112.215 -60.9007 -2.19218e-13)
(117.281 -63.3294 3.69461e-13)
(122.763 -65.945 1.54838e-13)
(128.67 -68.7875 -2.64328e-13)
(135.095 -71.8604 3.4232e-13)
(142.05 -75.2125 1.71839e-13)
(149.658 -78.8492 5.43639e-13)
(157.931 -82.8366 8.38769e-13)
(167.11 -87.2867 7.54796e-13)
(177.496 -92.3604 6.28616e-13)
(189.387 -98.0299 7.76087e-13)
(202.767 -104.415 5.16966e-13)
(217.858 -111.394 9.10067e-13)
(234.585 -119.073 6.2701e-13)
(253.173 -127.151 4.01486e-13)
(273.335 -135.649 9.07671e-13)
(295.021 -143.941 3.51874e-13)
(320.984 -157.328 1.32191e-12)
(361.361 -171.174 8.11626e-13)
(408.045 -182.426 3.80191e-13)
(457.442 -189.259 -4.63692e-14)
(510.634 -191.809 -1.08553e-12)
(572.254 -188.853 -1.06604e-12)
(653.314 -180.16 -1.05308e-12)
(741.962 -166.594 -1.42576e-12)
(856.059 -108.334 -1.37783e-12)
(12.4361 -3.15104 3.21045e-12)
(12.8552 -3.60958 3.14005e-12)
(13.0536 -4.87995 1.31268e-12)
(13.9487 -6.34367 -1.50551e-13)
(14.7059 -7.19308 -1.56533e-12)
(15.2613 -7.86324 -4.72477e-13)
(15.885 -8.46962 -3.55876e-13)
(16.5014 -9.15207 3.55129e-13)
(17.4623 -10.1558 5.54645e-13)
(18.3865 -10.7871 -2.20485e-12)
(19.0915 -11.5541 -1.96465e-12)
(20.0702 -12.3423 -3.07838e-12)
(20.9928 -13.1555 -1.96552e-12)
(22.0259 -14.0002 -8.11917e-13)
(23.0518 -14.8353 -6.94967e-13)
(24.1102 -15.6714 -1.0613e-12)
(25.1572 -16.4805 -2.12612e-12)
(26.1941 -17.2634 -1.09025e-12)
(27.2009 -18.0144 -7.65256e-13)
(28.1982 -18.7496 -9.07444e-14)
(29.196 -19.4673 -6.65423e-13)
(30.1879 -20.1693 -3.76501e-13)
(31.1776 -20.8566 1.15234e-12)
(32.1641 -21.5301 1.21662e-12)
(33.1493 -22.1908 1.08725e-12)
(34.1337 -22.8397 1.05486e-12)
(35.119 -23.4778 1.38493e-12)
(36.1065 -24.1062 1.02983e-12)
(37.0977 -24.726 1.59137e-12)
(38.0942 -25.3382 2.59885e-12)
(39.0978 -25.9441 2.37065e-12)
(40.1101 -26.5447 1.64735e-12)
(41.1333 -27.1411 2.34007e-12)
(42.1692 -27.7347 1.25428e-12)
(43.2202 -28.3267 1.1642e-12)
(44.2884 -28.9186 7.37066e-13)
(45.3764 -29.5116 5.17274e-13)
(46.4868 -30.1076 7.01648e-13)
(47.6223 -30.7078 6.99317e-14)
(48.7858 -31.3145 4.70885e-13)
(49.9805 -31.9288 4.49094e-13)
(51.2097 -32.5536 4.57387e-13)
(52.4769 -33.1899 5.25848e-13)
(53.7859 -33.841 -6.25934e-14)
(55.1409 -34.5081 -2.52488e-13)
(56.546 -35.1953 -8.39321e-13)
(58.0061 -35.9031 -4.18307e-13)
(59.526 -36.637 -6.03638e-13)
(61.1115 -37.3969 -4.52168e-13)
(62.768 -38.1899 -2.73149e-13)
(64.5024 -39.0152 3.52618e-13)
(66.3206 -39.8818 4.34215e-13)
(68.2313 -40.7878 2.77049e-13)
(70.241 -41.7445 -9.59362e-14)
(72.3607 -42.7495 -6.34519e-13)
(74.5972 -43.8164 -8.87591e-13)
(76.9642 -44.9408 -1.32696e-13)
(79.4696 -46.141 5.69793e-13)
(82.1291 -47.4098 -2.9598e-14)
(84.949 -48.7687 -4.14769e-13)
(87.9538 -50.209 -4.78332e-13)
(91.1511 -51.7577 5.94861e-13)
(94.5689 -53.4078 1.03375e-12)
(98.2178 -55.1854 1.42171e-12)
(102.136 -57.0899 1.37938e-12)
(106.331 -59.149 8.00328e-13)
(110.856 -61.3613 2.807e-13)
(115.716 -63.7619 4.72538e-13)
(120.983 -66.3496 6.52475e-13)
(126.663 -69.1669 9.5608e-13)
(132.847 -72.2157 8.55061e-13)
(139.547 -75.5469 8.34173e-13)
(146.885 -79.1642 -2.18621e-14)
(154.866 -83.1367 -8.04558e-13)
(163.73 -87.5718 -8.68197e-13)
(173.765 -92.6422 -1.24933e-12)
(185.264 -98.314 -6.66145e-13)
(198.203 -104.728 -1.31034e-12)
(212.81 -111.744 -8.5036e-13)
(228.992 -119.516 -4.37803e-13)
(246.999 -127.705 -3.31295e-13)
(266.527 -136.41 2.57219e-14)
(287.586 -144.933 -3.35586e-13)
(312.894 -158.785 5.22512e-13)
(352.57 -173.746 8.09486e-14)
(399.156 -186.251 2.41397e-13)
(449.191 -194.035 1.90786e-13)
(503.403 -197.132 8.68325e-14)
(566.214 -193.627 -7.70605e-15)
(648.076 -184.896 -8.28801e-13)
(737.937 -171.604 -2.19011e-12)
(859.018 -107.814 -2.31234e-12)
(14.814 -4.09879 9.41219e-12)
(15.506 -4.84836 9.31829e-12)
(15.9269 -6.51688 8.22644e-12)
(17.1291 -8.48936 4.79595e-12)
(18.0895 -9.62452 3.54719e-12)
(18.7659 -10.476 3.91239e-12)
(19.4974 -11.2322 4.81778e-12)
(20.2362 -12.0474 3.88764e-12)
(21.328 -13.1293 2.66268e-12)
(22.3634 -13.8465 1.83146e-12)
(23.1665 -14.65 2.18484e-12)
(24.2209 -15.4758 3.66899e-12)
(25.2145 -16.2995 3.46382e-12)
(26.2879 -17.1415 4.09458e-12)
(27.342 -17.9584 3.07812e-12)
(28.405 -18.7625 2.45638e-12)
(29.4421 -19.5296 1.49604e-12)
(30.453 -20.2611 2.35874e-12)
(31.4233 -20.9539 2.20149e-12)
(32.3752 -21.6258 2.22933e-12)
(33.3202 -22.2782 2.70242e-12)
(34.2536 -22.9132 2.53956e-12)
(35.1795 -23.5326 2.11072e-12)
(36.0979 -24.1377 1.86664e-12)
(37.0111 -24.7299 2.32358e-12)
(37.9201 -25.3103 1.57959e-12)
(38.8268 -25.8802 1.50423e-12)
(39.7328 -26.4407 9.3166e-13)
(40.6397 -26.993 1.22761e-12)
(41.5495 -27.5384 1.41847e-12)
(42.464 -28.0779 1.38019e-12)
(43.3849 -28.6128 1.36995e-12)
(44.3145 -29.1442 9.55385e-13)
(45.2549 -29.6736 4.37256e-13)
(46.2082 -30.202 5.87234e-13)
(47.1768 -30.7312 5.81496e-13)
(48.1633 -31.2622 7.25223e-13)
(49.1701 -31.7971 4.92253e-13)
(50.2003 -32.3369 3.31458e-13)
(51.2565 -32.8841 3.9612e-13)
(52.3422 -33.4397 1.04928e-13)
(53.4603 -34.0068 4.68302e-13)
(54.6147 -34.586 2.6057e-13)
(55.8089 -35.1813 2.75466e-13)
(57.0473 -35.793 -6.05564e-13)
(58.3338 -36.426 -2.11359e-13)
(59.6734 -37.0802 2.74504e-13)
(61.0707 -37.7618 1.6526e-13)
(62.5316 -38.4699 -7.31544e-13)
(64.0611 -39.2125 -4.97775e-13)
(65.6666 -39.9874 -1.61534e-13)
(67.3532 -40.8057 9.95972e-13)
(69.1302 -41.6627 1.14013e-12)
(71.0028 -42.5727 7.29698e-13)
(72.9829 -43.5299 5.04988e-13)
(75.076 -44.5521 6.3703e-14)
(77.2969 -45.6302 -4.16333e-13)
(79.6516 -46.7877 -4.83462e-14)
(82.1591 -48.0122 3.38194e-13)
(84.8245 -49.3322 5.05625e-13)
(87.673 -50.7321 4.54247e-13)
(90.7046 -52.2453 9.21512e-13)
(93.9547 -53.8534 6.26243e-13)
(97.4278 -55.5945 6.37821e-13)
(101.163 -57.4578 5.92711e-13)
(105.169 -59.4775 1.16399e-13)
(109.496 -61.6517 2.0461e-13)
(114.151 -64.015 2.33281e-13)
(119.202 -66.5666 8.49743e-14)
(124.655 -69.3483 -1.41638e-13)
(130.601 -72.3634 -2.17951e-13)
(137.047 -75.6615 1.14451e-13)
(144.115 -79.2481 1.95291e-13)
(151.809 -83.1914 3.05218e-13)
(160.362 -87.5959 -2.65256e-13)
(170.049 -92.6413 1.09934e-13)
(181.159 -98.2911 -1.37551e-13)
(193.656 -104.704 -2.10167e-13)
(207.774 -111.72 -1.09361e-13)
(223.402 -119.543 -4.24397e-13)
(240.812 -127.79 -7.12248e-13)
(259.679 -136.652 -4.79728e-13)
(280.08 -145.352 -8.96507e-13)
(304.661 -159.548 5.27073e-13)
(343.455 -175.61 6.41785e-13)
(389.803 -189.398 2.7718e-13)
(440.404 -198.199 2.5911e-13)
(495.596 -201.881 1.2911e-13)
(559.557 -197.714 8.42542e-16)
(641.907 -188.917 -1.59022e-12)
(733.024 -176.215 -3.82498e-12)
(860.294 -105.504 -3.53769e-12)
(19.4271 -5.61282 6.81532e-12)
(20.217 -6.86025 7.2137e-12)
(20.7324 -8.90259 5.58015e-12)
(22.0262 -11.3727 5.2124e-12)
(23.0582 -12.8339 3.90783e-12)
(23.7707 -13.8873 4.97686e-12)
(24.5378 -14.8041 4.75423e-12)
(25.3406 -15.7202 4.90953e-12)
(26.4853 -16.8108 3.91142e-12)
(27.5551 -17.5665 3.52994e-12)
(28.3936 -18.3546 3.645e-12)
(29.4469 -19.1583 4.35623e-12)
(30.4351 -19.9359 3.72413e-12)
(31.4718 -20.7163 3.98794e-12)
(32.4769 -21.4599 2.93894e-12)
(33.4699 -22.179 3.68463e-12)
(34.4258 -22.8541 4.10062e-12)
(35.3465 -23.4921 3.41309e-12)
(36.2267 -24.0943 3.30426e-12)
(37.0868 -24.6772 2.58209e-12)
(37.9367 -25.2422 2.52535e-12)
(38.7732 -25.7907 2.42763e-12)
(39.6003 -26.3249 1.53062e-12)
(40.4184 -26.8457 1.52651e-12)
(41.2297 -27.3549 1.51298e-12)
(42.0357 -27.8536 1.76954e-12)
(42.838 -28.3429 1.80621e-12)
(43.6384 -28.8241 1.71686e-12)
(44.4386 -29.2984 1.78969e-12)
(45.2405 -29.7668 7.20442e-13)
(46.0459 -30.2305 7.01819e-13)
(46.8567 -30.6908 5.07266e-13)
(47.6751 -31.1487 5.08668e-13)
(48.503 -31.6058 5.05466e-13)
(49.3429 -32.0629 3.59151e-13)
(50.1968 -32.522 3.27449e-13)
(51.0675 -32.984 6.55359e-13)
(51.9575 -33.451 7.33397e-13)
(52.8695 -33.9239 5.76559e-13)
(53.8064 -34.4054 4.70206e-13)
(54.7716 -34.8962 3.6601e-13)
(55.7679 -35.3997 6.00451e-13)
(56.7993 -35.9162 -1.57865e-13)
(57.8691 -36.45 -3.46581e-13)
(58.9817 -37.001 1.15357e-13)
(60.1409 -37.5745 6.75014e-14)
(61.3519 -38.17 -5.28466e-13)
(62.6189 -38.7942 -4.18199e-13)
(63.9479 -39.4453 -8.14502e-13)
(65.3437 -40.1326 -1.27896e-12)
(66.8137 -40.8522 -1.07201e-12)
(68.3626 -41.617 -1.22274e-12)
(70.0001 -42.4203 -1.66841e-12)
(71.7305 -43.2785 -9.89053e-13)
(73.5663 -44.1837 -7.09572e-13)
(75.5121 -45.1554 -9.2919e-13)
(77.583 -46.183 -8.91689e-13)
(79.7839 -47.291 -7.53907e-13)
(82.1341 -48.4661 3.51334e-13)
(84.6377 -49.7377 4.16878e-14)
(87.3206 -51.0899 8.16646e-13)
(90.185 -52.558 8.37907e-13)
(93.2657 -54.1227 3.84313e-13)
(96.5581 -55.8225 -9.02185e-13)
(100.109 -57.6394 -1.25366e-12)
(103.92 -59.6124 -1.39881e-12)
(108.047 -61.7397 -5.75232e-13)
(112.492 -64.0551 -3.2592e-13)
(117.324 -66.5614 -2.93782e-14)
(122.547 -69.2957 -2.88504e-13)
(128.251 -72.2671 -5.43944e-13)
(134.442 -75.5186 -6.28848e-13)
(141.239 -79.0626 1.42145e-13)
(148.644 -82.961 2.15097e-13)
(156.885 -87.319 2.34552e-13)
(166.222 -92.3162 4.4338e-13)
(176.938 -97.9192 6.8198e-14)
(188.988 -104.298 3.62501e-13)
(202.609 -111.278 1.12464e-12)
(217.667 -119.106 7.45071e-13)
(234.459 -127.357 7.5944e-13)
(252.63 -136.319 1.0176e-12)
(272.337 -145.135 4.17667e-13)
(296.111 -159.546 2.1252e-12)
(333.856 -176.657 2.0876e-12)
(379.83 -191.776 1.26618e-12)
(430.87 -201.655 1.01205e-12)
(486.958 -205.905 5.35365e-13)
(552.013 -201.05 3.21988e-13)
(634.514 -192.032 -1.32357e-12)
(726.26 -180.277 -3.09679e-12)
(861.288 -102.376 -2.78185e-12)
(26.3191 -7.25139 4.77204e-12)
(26.9173 -9.34249 4.15852e-12)
(27.3319 -11.7917 3.36517e-12)
(28.4575 -14.7874 3.29244e-12)
(29.4217 -16.6636 4.04329e-12)
(30.0845 -17.974 3.35938e-12)
(30.8105 -19.0814 2.99929e-12)
(31.6112 -20.0633 2.47444e-12)
(32.7217 -21.0572 9.91802e-13)
(33.7445 -21.7809 1.59011e-12)
(34.5504 -22.4921 1.83139e-12)
(35.5284 -23.2082 3.19241e-12)
(36.4359 -23.8826 3.82573e-12)
(37.3638 -24.546 3.87991e-12)
(38.2503 -25.1654 3.42098e-12)
(39.1122 -25.7569 3.62141e-12)
(39.9359 -26.3096 3.76846e-12)
(40.7262 -26.8334 3.07053e-12)
(41.4813 -27.3307 2.97257e-12)
(42.2159 -27.8105 2.47847e-12)
(42.9399 -28.2746 2.27165e-12)
(43.6501 -28.724 2.23982e-12)
(44.3503 -29.161 1.48583e-12)
(45.0414 -29.5865 1.41312e-12)
(45.7253 -30.0021 1.6919e-12)
(46.4038 -30.409 2.26772e-12)
(47.0784 -30.8082 2.27679e-12)
(47.7509 -31.201 1.58778e-12)
(48.4231 -31.5883 2.14042e-12)
(49.0968 -31.9714 1.42245e-12)
(49.7737 -32.3513 1.38654e-12)
(50.4558 -32.7293 6.85828e-13)
(51.1451 -33.1063 6.14496e-13)
(51.8438 -33.4838 2.85064e-13)
(52.5539 -33.8629 -3.85884e-14)
(53.2778 -34.2453 6.12515e-13)
(54.0179 -34.6317 6.67119e-13)
(54.7768 -35.0247 8.39843e-13)
(55.5573 -35.4247 4.68103e-13)
(56.3621 -35.8348 -2.15731e-13)
(57.1944 -36.2551 -4.5597e-13)
(58.0572 -36.6896 -2.32868e-13)
(58.9543 -37.138 4.40916e-13)
(59.889 -37.605 -5.46378e-13)
(60.8656 -38.0902 -1.06772e-12)
(61.8877 -38.5991 -1.02978e-12)
(62.9606 -39.1309 -8.74274e-13)
(64.0881 -39.6925 -4.26111e-13)
(65.2765 -40.2818 -6.96496e-13)
(66.53 -40.9085 -1.19354e-12)
(67.8564 -41.568 -7.25697e-13)
(69.2597 -42.2738 -1.35488e-12)
(70.7499 -43.0186 -1.20593e-12)
(72.3306 -43.8191 -1.13883e-12)
(74.0147 -44.6672 -1.61349e-12)
(75.8057 -45.5822 -1.76707e-12)
(77.7194 -46.5539 -6.67607e-13)
(79.7594 -47.6059 -2.49762e-14)
(81.9458 -48.726 -1.10194e-12)
(84.2811 -49.9414 -8.57098e-13)
(86.7915 -51.2394 -1.26709e-13)
(89.4781 -52.6499 -8.54852e-13)
(92.3749 -54.1615 -1.2813e-12)
(95.4817 -55.8065 -2.13436e-12)
(98.8424 -57.5746 -2.80749e-12)
(102.452 -59.4952 -2.66407e-12)
(106.369 -61.5669 -2.19565e-12)
(110.597 -63.8215 -1.82039e-12)
(115.203 -66.2722 -2.58349e-12)
(120.189 -68.9446 -2.41383e-12)
(125.642 -71.8599 -2.42395e-12)
(131.568 -75.0482 -2.36997e-12)
(138.082 -78.5348 -1.87832e-12)
(145.189 -82.3691 -1.25977e-12)
(153.106 -86.6605 -9.9519e-13)
(162.081 -91.5819 -9.31349e-13)
(172.389 -97.1086 -7.29904e-13)
(183.974 -103.415 -5.83217e-13)
(197.075 -110.316 -8.82956e-13)
(211.536 -118.095 -1.07485e-12)
(227.676 -126.293 -7.27344e-13)
(245.108 -135.287 -5.13498e-13)
(264.074 -144.149 -1.28598e-12)
(286.951 -158.631 1.03304e-13)
(323.454 -176.686 -4.90513e-14)
(368.852 -193.148 6.18173e-14)
(420.188 -204.201 1.18866e-13)
(477.062 -208.966 -3.20995e-13)
(543.04 -203.429 -5.41699e-13)
(625.397 -194.085 -9.80413e-13)
(717.252 -183.178 -1.84988e-12)
(859.744 -98.6651 -1.81421e-12)
(34.8186 -8.59175 2.37224e-12)
(34.9983 -11.8439 2.28525e-12)
(35.2823 -14.7981 2.19593e-12)
(36.064 -18.3728 2.14754e-12)
(36.8682 -20.7896 2.58784e-12)
(37.4545 -22.4456 2.64938e-12)
(38.1236 -23.8035 2.59385e-12)
(38.9116 -24.8545 1.71673e-12)
(39.9265 -25.7044 2.2899e-12)
(40.8197 -26.3425 2.08155e-12)
(41.5109 -26.9332 2.68896e-12)
(42.3278 -27.5076 2.51677e-12)
(43.0697 -28.0301 2.4202e-12)
(43.814 -28.5345 2.32442e-12)
(44.5191 -28.9996 1.91801e-12)
(45.2011 -29.4432 1.55216e-12)
(45.8521 -29.8598 1.1864e-12)
(46.4746 -30.2575 1.90185e-12)
(47.0684 -30.636 1.87174e-12)
(47.6447 -30.9989 1.92882e-12)
(48.2112 -31.3488 2.52842e-12)
(48.7652 -31.6866 2.0842e-12)
(49.3103 -32.0143 1.70499e-12)
(49.8474 -32.3331 1.79973e-12)
(50.3785 -32.6442 1.09684e-12)
(50.905 -32.9487 1.06003e-12)
(51.4286 -33.2477 1.26439e-12)
(51.951 -33.5422 1.29334e-12)
(52.4738 -33.8332 1.09433e-12)
(52.9988 -34.1218 1.09604e-12)
(53.5276 -34.4089 1.07312e-12)
(54.0622 -34.6957 7.16152e-13)
(54.6044 -34.9833 1.04797e-12)
(55.1563 -35.273 7.56965e-13)
(55.72 -35.5657 7.32973e-13)
(56.2976 -35.8633 4.33429e-13)
(56.8917 -36.1663 1.05896e-13)
(57.5046 -36.4775 3.59652e-13)
(58.139 -36.7968 4.49362e-13)
(58.7977 -37.1278 -4.35304e-13)
(59.4837 -37.4702 -1.25676e-12)
(60.1999 -37.8279 -1.21583e-12)
(60.95 -38.201 -1.0111e-12)
(61.7371 -38.5935 -1.13143e-12)
(62.5655 -39.0056 -1.80714e-12)
(63.4388 -39.4421 -2.21204e-12)
(64.3618 -39.9028 -2.27339e-12)
(65.3384 -40.3939 -1.84619e-12)
(66.3747 -40.9137 -1.15011e-12)
(67.4746 -41.4717 -9.42772e-13)
(68.6459 -42.063 -3.86389e-13)
(69.8922 -42.7013 -2.55985e-13)
(71.2236 -43.3792 4.24402e-13)
(72.6429 -44.1126 4.22799e-13)
(74.1631 -44.8947 -6.17621e-13)
(75.7876 -45.7428 -3.33488e-13)
(77.5317 -46.6491 -1.14984e-12)
(79.3986 -47.6342 -1.44039e-12)
(81.4082 -48.6891 -1.33462e-12)
(83.5623 -49.837 -1.28408e-12)
(85.8872 -51.0695 -1.51316e-12)
(88.3829 -52.4114 -1.44899e-12)
(91.0836 -53.8565 -1.15709e-12)
(93.9875 -55.4304 -1.17949e-12)
(97.1381 -57.1324 -1.20904e-12)
(100.535 -58.9874 -1.74776e-12)
(104.233 -60.995 -2.32072e-12)
(108.232 -63.175 -2.47197e-12)
(112.596 -65.5573 -2.67049e-12)
(117.328 -68.1501 -2.393e-12)
(122.51 -70.9924 -2.53851e-12)
(128.151 -74.0948 -1.90901e-12)
(134.358 -77.5023 -2.0899e-12)
(141.14 -81.2456 -2.05542e-12)
(148.705 -85.4415 -1.9846e-12)
(157.287 -90.25 -1.35331e-12)
(167.147 -95.6624 -9.90306e-13)
(178.224 -101.844 -1.65528e-12)
(190.754 -108.615 -1.83405e-12)
(204.562 -116.272 -1.61594e-12)
(219.983 -124.348 -1.26966e-12)
(236.6 -133.282 -7.43137e-13)
(254.744 -142.116 -1.10729e-12)
(276.604 -156.488 -1.21698e-13)
(311.63 -175.319 -1.83479e-13)
(356.193 -193.068 -7.42491e-14)
(407.57 -205.398 -9.68655e-14)
(465.03 -210.621 -4.17519e-13)
(531.647 -204.451 -4.49999e-13)
(613.424 -194.795 -8.64451e-13)
(704.684 -184.55 -1.55209e-12)
(853.055 -93.8347 -1.99517e-12)
(44.7886 -9.39589 1.64831e-12)
(44.3525 -14.5274 1.62134e-12)
(44.4346 -18.0291 2.19399e-12)
(44.6592 -22.1624 1.93558e-12)
(45.1598 -25.264 2.07088e-12)
(45.6083 -27.3765 2.12168e-12)
(46.1709 -29.0225 1.52393e-12)
(46.8926 -30.0598 1.48692e-12)
(47.7486 -30.5969 1.48943e-12)
(48.4424 -31.038 1.71723e-12)
(48.9583 -31.447 1.77556e-12)
(49.5631 -31.8341 1.36412e-12)
(50.0937 -32.1766 8.41326e-13)
(50.6203 -32.5054 1.42901e-12)
(51.1141 -32.8076 1.15775e-12)
(51.5861 -33.0959 9.55619e-13)
(52.0326 -33.3658 8.93287e-13)
(52.4566 -33.6249 9.59736e-13)
(52.8595 -33.872 9.7661e-13)
(53.2488 -34.1069 9.76175e-13)
(53.6302 -34.3318 1.02888e-12)
(54.0013 -34.5476 9.46303e-13)
(54.3653 -34.7563 3.31803e-13)
(54.7232 -34.9588 3.48609e-13)
(55.0768 -35.1561 3.61583e-13)
(55.4274 -35.3492 5.17819e-13)
(55.7766 -35.5391 2.98817e-13)
(56.1259 -35.7265 1.95136e-13)
(56.4768 -35.9124 -9.5951e-14)
(56.8309 -36.0978 -1.79087e-13)
(57.1899 -36.2835 -3.4139e-13)
(57.5554 -36.4707 -2.46759e-13)
(57.9294 -36.6601 -5.61308e-13)
(58.3136 -36.8535 -6.73586e-13)
(58.7102 -37.0512 -1.07587e-12)
(59.1211 -37.2555 -1.10228e-12)
(59.5489 -37.4665 -1.00958e-12)
(59.9956 -37.6871 -1.01025e-12)
(60.4641 -37.9171 -5.91159e-13)
(60.9567 -38.1601 -9.46292e-13)
(61.4767 -38.4158 -1.21201e-12)
(62.0265 -38.6877 -9.4994e-13)
(62.6098 -38.9763 -1.18089e-12)
(63.2297 -39.285 -7.90503e-13)
(63.89 -39.6146 -3.82878e-13)
(64.5943 -39.9688 -1.00341e-12)
(65.3471 -40.3485 -1.31063e-12)
(66.1523 -40.7587 -1.38422e-12)
(67.0156 -41.1985 -1.06619e-12)
(67.9407 -41.6764 -7.02646e-13)
(68.9352 -42.1885 -9.23885e-13)
(70.0023 -42.7471 -1.12722e-13)
(71.1524 -43.3459 -2.21975e-13)
(72.3875 -43.9996 2.11737e-13)
(73.7207 -44.7035 2.84831e-13)
(75.1549 -45.4712 -1.41688e-13)
(76.7052 -46.2991 -3.78091e-13)
(78.3748 -47.2025 -8.70566e-14)
(80.1826 -48.1786 -5.49639e-13)
(82.1312 -49.2428 -1.1931e-12)
(84.2448 -50.396 -1.83458e-12)
(86.5253 -51.6514 -1.81111e-12)
(89.0037 -53.0165 -1.85529e-12)
(91.6823 -54.5017 -2.26396e-12)
(94.6012 -56.122 -2.11662e-12)
(97.7629 -57.8846 -2.34486e-12)
(101.218 -59.8107 -2.42735e-12)
(104.962 -61.8985 -2.50825e-12)
(109.052 -64.1912 -2.43956e-12)
(113.496 -66.6798 -1.95324e-12)
(118.367 -69.4199 -2.00723e-12)
(123.679 -72.4066 -2.10226e-12)
(129.53 -75.6991 -2.18265e-12)
(135.935 -79.3128 -1.94107e-12)
(143.087 -83.3637 -2.1308e-12)
(151.208 -88.0052 -2.34653e-12)
(160.543 -93.239 -2.04543e-12)
(171.028 -99.2218 -2.23011e-12)
(182.888 -105.781 -2.44965e-12)
(195.937 -113.214 -2.41375e-12)
(210.513 -121.068 -2.49798e-12)
(226.184 -129.811 -2.28509e-12)
(243.361 -138.518 -2.57666e-12)
(264.017 -152.538 -2.32869e-12)
(297.252 -171.867 -1.95935e-12)
(340.565 -190.749 -2.08109e-12)
(391.517 -204.359 -1.7931e-12)
(449.173 -210.037 -2.15984e-12)
(515.825 -203.384 -1.93601e-12)
(596.289 -193.592 -2.35697e-12)
(686.209 -184.223 -3.09889e-12)
(836.979 -87.832 -3.29206e-12)
(55.1257 -9.49908 1.23186e-12)
(54.0064 -16.6763 1.25131e-12)
(54.3597 -20.9193 1.2081e-12)
(53.9186 -25.6456 3.91399e-13)
(54.0011 -29.5214 2.87128e-13)
(54.3761 -32.2497 6.84554e-13)
(54.9612 -34.3363 7.312e-13)
(55.6969 -35.4641 5.84291e-13)
(56.3301 -35.7136 3.85906e-13)
(56.7035 -35.8899 2.21249e-13)
(56.9167 -36.079 -1.46807e-13)
(57.2103 -36.243 2.12594e-13)
(57.4421 -36.3795 2.74301e-13)
(57.6749 -36.5104 1.8572e-13)
(57.8869 -36.6257 6.13143e-14)
(58.088 -36.7347 2.91112e-13)
(58.2755 -36.8353 4.38257e-13)
(58.4524 -36.9351 2.18339e-13)
(58.62 -37.0319 2.39011e-13)
(58.7808 -37.1208 1.51274e-13)
(58.9379 -37.2032 4.75402e-13)
(59.0886 -37.28 1.51951e-14)
(59.2356 -37.3527 1.00565e-13)
(59.3794 -37.422 1.37237e-13)
(59.5214 -37.4886 1.23169e-13)
(59.6626 -37.5534 7.89538e-14)
(59.8044 -37.6169 -3.48206e-14)
(59.9478 -37.6799 -2.24723e-13)
(60.0942 -37.743 -1.89586e-13)
(60.245 -37.8073 -7.85979e-13)
(60.4016 -37.8732 -9.34314e-13)
(60.5656 -37.9422 -3.67124e-13)
(60.7386 -38.0147 3.01061e-14)
(60.9225 -38.0924 -6.43548e-13)
(61.1192 -38.1756 -5.97898e-13)
(61.3305 -38.2666 -7.13665e-13)
(61.5589 -38.3655 -8.04348e-13)
(61.8063 -38.475 -1.07966e-12)
(62.0755 -38.5951 -4.817e-13)
(62.3686 -38.7289 -8.39876e-13)
(62.6888 -38.8766 -7.05944e-13)
(63.0385 -39.0409 -7.9773e-13)
(63.421 -39.2233 -8.28128e-13)
(63.8392 -39.4256 -6.80416e-13)
(64.2969 -39.6502 -1.00772e-12)
(64.7975 -39.8992 -8.28116e-13)
(65.3451 -40.1746 -5.05723e-13)
(65.9436 -40.48 -4.45349e-14)
(66.598 -40.816 -1.67247e-13)
(67.3124 -41.1891 -4.46518e-13)
(68.0936 -41.5975 -1.03863e-12)
(68.9451 -42.0507 -9.24981e-13)
(69.8769 -42.5463 -6.7452e-13)
(70.8923 -43.0944 -3.96419e-13)
(72.0047 -43.6953 5.17432e-14)
(73.2176 -44.3582 -5.28191e-13)
(74.5447 -45.0851 -3.19696e-13)
(75.9902 -45.8841 -2.9567e-13)
(77.571 -46.7608 -6.69942e-13)
(79.2909 -47.7201 -6.74713e-13)
(81.1714 -48.7747 -9.93936e-13)
(83.2164 -49.9234 -5.45383e-13)
(85.4524 -51.19 -8.72343e-13)
(87.8859 -52.5648 -6.09643e-13)
(90.5503 -54.0796 -6.43871e-13)
(93.4481 -55.7234 -5.53586e-13)
(96.616 -57.5333 -7.73133e-13)
(100.057 -59.4949 -9.16437e-13)
(103.824 -61.6566 -9.69881e-13)
(107.925 -64.0041 -5.51106e-13)
(112.427 -66.5937 -3.89886e-13)
(117.345 -69.4175 -6.70771e-13)
(122.771 -72.5337 -4.24762e-13)
(128.724 -75.9652 -5.94927e-13)
(135.382 -79.8039 -1.02791e-12)
(142.945 -84.2122 -8.64187e-13)
(151.647 -89.1827 1.17073e-14)
(161.415 -94.8774 1.78826e-13)
(172.467 -101.12 6.20821e-13)
(184.604 -108.206 3.5255e-13)
(198.163 -115.711 -3.73378e-13)
(212.7 -124.1 -7.17444e-14)
(228.687 -132.549 -5.98078e-13)
(247.853 -145.928 -7.43341e-14)
(278.867 -165.356 -3.52016e-13)
(320.306 -185.11 -1.41498e-12)
(370.032 -199.815 -1.50749e-12)
(426.962 -205.88 -1.6449e-12)
(492.491 -198.909 -1.55988e-12)
(570.421 -189.347 -2.40043e-12)
(657.567 -181.427 -3.55347e-12)
(807.541 -80.0359 -3.98197e-12)
(67.2309 -8.73125 6.13073e-14)
(65.1678 -20.231 1.94615e-13)
(65.1604 -24.4675 5.69537e-14)
(63.7207 -29.3032 5.41443e-13)
(63.1037 -34.1586 3.3592e-13)
(63.1172 -37.6231 3.76731e-14)
(63.4267 -39.9787 7.3607e-14)
(63.9503 -40.7502 -3.4013e-13)
(64.3353 -40.2871 8.08296e-14)
(64.4443 -40.0502 -1.84289e-14)
(64.4045 -40.0421 7.31393e-16)
(64.4358 -40.0336 -4.45468e-13)
(64.3918 -39.9943 2.56005e-14)
(64.3369 -39.9453 1.71868e-13)
(64.2582 -39.8802 1.99018e-13)
(64.1673 -39.809 7.28533e-13)
(64.0656 -39.7323 6.80987e-13)
(63.9586 -39.6579 2.74927e-13)
(63.8487 -39.5854 4.25059e-14)
(63.7347 -39.5072 -2.46762e-13)
(63.6177 -39.4242 -3.5979e-13)
(63.4951 -39.3372 -1.14458e-12)
(63.3694 -39.2476 -5.32313e-13)
(63.2413 -39.1559 -2.73837e-13)
(63.112 -39.0629 -3.04413e-13)
(62.9825 -38.9692 -6.60748e-13)
(62.854 -38.8755 -1.06577e-12)
(62.7277 -38.7825 -9.60071e-13)
(62.605 -38.691 -1.05382e-12)
(62.4871 -38.6018 -1.43817e-12)
(62.3757 -38.5157 -1.94584e-12)
(62.2722 -38.4339 -1.94776e-12)
(62.1786 -38.3571 -1.29265e-12)
(62.0964 -38.2869 -1.50739e-12)
(62.0279 -38.2239 -1.05707e-12)
(61.9749 -38.1701 -1.00816e-12)
(61.9398 -38.126 -1.4721e-12)
(61.9248 -38.094 -1.89625e-12)
(61.9325 -38.0745 -1.27151e-12)
(61.965 -38.07 -1.61387e-12)
(62.0256 -38.0815 -1.2754e-12)
(62.1165 -38.111 -8.76122e-13)
(62.2411 -38.1602 -8.86047e-13)
(62.4022 -38.231 -1.02427e-12)
(62.6035 -38.3254 -9.26194e-13)
(62.8481 -38.4457 -1.94747e-12)
(63.1401 -38.5937 -1.44006e-12)
(63.4835 -38.7729 -1.70249e-12)
(63.8826 -38.9844 -1.80289e-12)
(64.342 -39.2328 -1.98472e-12)
(64.8674 -39.5198 -2.15303e-12)
(65.4637 -39.8492 -2.26113e-12)
(66.1394 -40.2278 -2.79819e-12)
(66.9032 -40.6556 -2.79245e-12)
(67.7649 -41.1404 -2.41322e-12)
(68.7269 -41.6867 -2.86615e-12)
(69.8016 -42.2991 -2.7152e-12)
(70.9923 -42.982 -2.17079e-12)
(72.3145 -43.743 -2.4667e-12)
(73.7709 -44.5842 -2.1232e-12)
(75.3812 -45.5185 -2.07968e-12)
(77.1473 -46.5443 -1.07527e-12)
(79.0935 -47.6807 -1.22404e-12)
(81.2205 -48.9215 -9.07532e-13)
(83.5555 -50.287 -5.82089e-13)
(86.1 -51.7763 -1.17712e-12)
(88.8943 -53.4171 -1.03107e-12)
(91.9396 -55.2064 -1.02591e-12)
(95.2853 -57.1744 -1.07472e-13)
(98.9362 -59.3245 1.47553e-13)
(102.96 -61.6896 -4.31787e-13)
(107.362 -64.2873 -1.40303e-12)
(112.234 -67.1436 -1.55686e-12)
(117.576 -70.3076 -1.49355e-12)
(123.57 -73.8287 -2.00503e-12)
(130.375 -77.8835 -2.06016e-12)
(138.233 -82.4565 -2.20409e-12)
(147.059 -87.7147 -1.80954e-12)
(157.063 -93.491 -1.66196e-12)
(168.029 -100.04 -1.13106e-12)
(180.289 -107.032 -9.77389e-13)
(193.382 -114.809 -3.57791e-13)
(207.797 -122.809 -4.51518e-13)
(225.004 -135.053 6.68896e-13)
(253.253 -154.061 3.83731e-14)
(291.999 -174.337 -1.0916e-12)
(339.382 -189.722 -1.25199e-12)
(394.208 -195.919 -1.08865e-12)
(456.971 -188.833 -1.31118e-12)
(530.738 -180.253 -3.12759e-12)
(613.437 -174.483 -5.35221e-12)
(757.325 -68.7349 -5.30149e-12)
(75.5724 -7.25993 -1.31329e-12)
(72.3984 -19.6509 -1.23343e-12)
(74.5782 -25.7805 -1.31885e-12)
(71.8847 -31.1142 -1.36843e-12)
(70.1785 -36.2978 -1.1262e-12)
(70.2765 -40.5101 -1.1005e-12)
(71.1611 -43.7903 -9.0307e-13)
(72.178 -45.281 -1.07627e-12)
(72.4469 -44.844 -1.40604e-12)
(72.0038 -44.2607 -1.35073e-12)
(71.2882 -43.8139 -1.46767e-12)
(70.6894 -43.3979 -1.05992e-12)
(70.0305 -42.9727 -1.18617e-12)
(69.3623 -42.5459 -1.11489e-12)
(68.684 -42.1153 -1.06441e-12)
(68.0107 -41.6896 -1.16879e-12)
(67.3492 -41.2734 -1.44438e-12)
(66.7057 -40.8735 -1.47931e-12)
(66.0765 -40.4871 -1.38903e-12)
(65.4508 -40.1004 -1.31446e-12)
(64.828 -39.7135 -1.44643e-12)
(64.2059 -39.327 -1.78175e-12)
(63.5864 -38.942 -1.86155e-12)
(62.9705 -38.559 -1.69949e-12)
(62.3595 -38.1789 -2.00897e-12)
(61.7546 -37.8025 -2.26537e-12)
(61.1573 -37.4305 -2.52327e-12)
(60.5692 -37.0641 -2.42678e-12)
(59.992 -36.704 -2.48763e-12)
(59.4275 -36.3515 -2.55078e-12)
(58.8777 -36.0077 -2.92989e-12)
(58.3446 -35.674 -2.75487e-12)
(57.8303 -35.3514 -3.13964e-12)
(57.3369 -35.0415 -2.84872e-12)
(56.8664 -34.7451 -2.40909e-12)
(56.4209 -34.4641 -2.56012e-12)
(56.0026 -34.1992 -2.23906e-12)
(55.6134 -33.952 -2.32551e-12)
(55.2557 -33.7236 -1.94361e-12)
(54.9311 -33.5155 -2.25394e-12)
(54.6422 -33.3286 -2.31993e-12)
(54.3908 -33.1647 -2.65483e-12)
(54.1797 -33.0246 -2.71952e-12)
(54.0107 -32.9105 -2.97157e-12)
(53.8869 -32.8229 -2.74251e-12)
(53.8106 -32.765 -2.80746e-12)
(53.7851 -32.7365 -2.35358e-12)
(53.8132 -32.7414 -2.2907e-12)
(53.8986 -32.78 -2.51522e-12)
(54.0445 -32.8554 -2.69301e-12)
(54.2552 -32.9705 -3.14768e-12)
(54.5335 -33.1247 -3.22029e-12)
(54.8837 -33.3276 -2.78596e-12)
(55.3063 -33.5672 -2.3238e-12)
(55.8055 -33.852 -2.77328e-12)
(56.3849 -34.1862 -2.90397e-12)
(57.0538 -34.5731 -2.70651e-12)
(57.8148 -35.0167 -2.49141e-12)
(58.68 -35.5216 -3.39149e-12)
(59.6509 -36.0915 -3.45716e-12)
(60.7435 -36.7327 -3.13203e-12)
(61.9579 -37.4494 -3.10846e-12)
(63.315 -38.2483 -3.61379e-12)
(64.8138 -39.1366 -4.12493e-12)
(66.4808 -40.1225 -4.61462e-12)
(68.3148 -41.2121 -4.66121e-12)
(70.3498 -42.4161 -3.92933e-12)
(72.5822 -43.7458 -3.83329e-12)
(75.0547 -45.2089 -4.00381e-12)
(77.7662 -46.8242 -3.45137e-12)
(80.7706 -48.595 -2.90456e-12)
(84.0665 -50.5622 -2.3979e-12)
(87.7282 -52.7171 -2.79418e-12)
(91.7494 -55.1246 -3.05801e-12)
(96.2543 -57.7775 -2.16915e-12)
(101.388 -60.8533 -2.53289e-12)
(107.362 -64.3245 -2.4878e-12)
(114.122 -68.3639 -2.07734e-12)
(121.891 -72.8582 -1.77258e-12)
(130.416 -77.9629 -1.52464e-12)
(140.035 -83.4825 -1.37158e-12)
(150.256 -89.5752 -8.25435e-13)
(161.491 -95.9004 -7.60218e-13)
(174.848 -105.402 5.53162e-13)
(198.536 -121.236 3.62272e-13)
(232.369 -139.413 -4.44843e-13)
(274.649 -154.445 -6.45141e-13)
(323.627 -161.947 -1.44517e-12)
(378.483 -157.716 -1.58203e-12)
(442.228 -151.661 -2.82858e-12)
(516.783 -148.16 -4.32475e-12)
(662.555 -63.1762 -4.31637e-12)
(819.981 -6.35059 -7.7316e-12)
(887.553 -3.70598 -1.20838e-11)
(960.609 -0.240123 -1.04781e-11)
(1039.27 2.82441 -1.01595e-11)
(1113.93 6.29653 -1.33573e-11)
(1187.3 10.7897 -1.00159e-11)
(1257.44 14.5256 -9.45223e-12)
(1322.79 18.1737 7.47339e-12)
(1386.18 22.5921 7.34468e-12)
(1449.09 25.8038 1.11053e-11)
(1508.61 28.1406 1.09961e-11)
(1561.92 31.5669 8.83344e-12)
(1612.77 34.0384 -4.6779e-12)
(1662.29 32.6734 -7.1311e-12)
(1705.48 30.9004 -7.25266e-12)
(1742.99 31.8458 2.9173e-12)
(1779.76 31.7161 2.64724e-12)
(1813.86 27.5333 4.53715e-12)
(1841.29 22.3724 4.60638e-12)
(1864.11 19.6739 4.68125e-12)
(1885.57 19.0359 4.71337e-12)
(1906.1 16.7816 6.70331e-12)
(1922.92 13.0982 7.27175e-12)
(1935.74 10.8837 3.3756e-12)
(1948.34 11.1312 5.25926e-12)
(1961.72 12.6286 5.32501e-12)
(1975.86 12.9345 3.94913e-12)
(1988.47 13.207 4.01745e-12)
(2000.94 14.5947 4.72378e-12)
(2015.64 17.1833 9.82878e-12)
(2032.18 18.91 1.06034e-11)
(2047.61 19.9118 9.95409e-12)
(2062.49 21.7897 1.10008e-11)
(2080 23.8312 1.39344e-11)
(2098.89 24.9518 1.43479e-11)
(2115.73 26.4073 6.29458e-12)
(2133.11 27.705 5.90049e-12)
(2151.66 28.6694 5.8249e-12)
(2169.46 29.1926 4.9645e-12)
(2181.57 32.9869 4.32596e-12)
(826.915 -13.905 1.27647e-11)
(891.751 -8.4449 1.123e-11)
(961.007 -1.17152 1.00285e-11)
(1035.44 5.58189 9.91444e-12)
(1105.4 12.4412 7.53957e-12)
(1172.58 21.0309 6.3631e-12)
(1236.53 29.1587 6.01594e-12)
(1297.88 36.147 1.93582e-11)
(1356.61 43.2536 1.93662e-11)
(1411.9 49.8311 1.945e-11)
(1465.91 56.1345 1.41069e-11)
(1519.25 61.5607 1.46328e-11)
(1567.26 64.4172 9.52712e-12)
(1608.51 64.9523 9.33149e-12)
(1649.53 65.5295 9.27827e-12)
(1691.29 66.5493 1.24737e-11)
(1726.92 65.4183 1.22163e-11)
(1755.39 61.5263 1.22792e-11)
(1782.85 56.9376 1.13623e-11)
(1811.42 53.1546 1.20649e-11)
(1836.39 50.3386 1.21286e-11)
(1855.1 46.6272 1.21895e-11)
(1872.02 42.3814 1.12706e-11)
(1890.1 39.283 9.86668e-12)
(1908.72 37.478 9.34399e-12)
(1923.74 37.0922 8.71001e-12)
(1936.18 36.8865 8.33321e-12)
(1949.43 37.2749 7.29321e-12)
(1964.65 38.629 6.57924e-12)
(1980.73 40.403 9.86667e-12)
(1994.06 42.5854 9.92211e-12)
(2007.23 44.8292 9.31142e-12)
(2022.38 47.2585 9.31939e-12)
(2038.08 49.8724 9.9506e-12)
(2053.72 52.0048 9.68565e-12)
(2068.71 54.613 6.91629e-12)
(2084.28 56.8451 6.55661e-12)
(2100.67 58.7641 6.51362e-12)
(2116.68 59.8086 6.36721e-12)
(2133.26 61.6515 5.83896e-12)
(831.836 -21.984 -2.45593e-11)
(897.248 -13.2658 -2.47537e-11)
(967.175 -1.74515 -2.46991e-11)
(1041.12 9.40344 -2.39262e-11)
(1110.53 20.4309 -2.42204e-11)
(1178.49 33.2745 -2.43904e-11)
(1241.77 45.8885 -2.4983e-11)
(1300.32 57.2688 -1.76001e-11)
(1357.95 68.1731 -1.74783e-11)
(1414.73 78.2337 -1.37889e-11)
(1469.05 87.7578 -1.37321e-11)
(1518.16 95.3503 -1.29389e-11)
(1561.88 99.9518 -1.28464e-11)
(1604.59 102.549 -1.27181e-11)
(1648.06 103.982 -1.26613e-11)
(1687.52 104.114 -1.02531e-11)
(1719.51 102.033 -9.77142e-12)
(1747.53 98.0826 -8.92167e-12)
(1776.1 93.3121 -8.5108e-12)
(1805.72 87.9673 -8.49591e-12)
(1831.93 82.3212 -8.41358e-12)
(1850.97 76.7854 -8.47813e-12)
(1867.71 71.4651 -8.56267e-12)
(1885.37 67.4325 -9.7848e-12)
(1904.32 64.5693 -9.03002e-12)
(1922.33 62.3633 -9.11034e-12)
(1935.79 61.3439 -9.62088e-12)
(1948.45 61.8437 -9.59796e-12)
(1962.85 63.5707 -9.46292e-12)
(1979.15 65.3211 -8.20468e-12)
(1994.39 67.7147 -8.21107e-12)
(2007.33 71.14 -8.49423e-12)
(2021.73 74.6022 -8.62694e-12)
(2038.22 77.7626 -7.86503e-12)
(2053.26 80.9837 -8.04478e-12)
(2068.24 84.9382 -8.58162e-12)
(2084.19 88.1498 -8.4815e-12)
(2100 91.0168 -8.36304e-12)
(2115.25 92.9475 -8.26793e-12)
(2129.87 94.2795 -7.98398e-12)
(837.896 -29.0401 -2.51265e-11)
(903.766 -16.9966 -2.45396e-11)
(974.746 -1.47171 -2.37916e-11)
(1049.34 13.1211 -2.3612e-11)
(1116.3 28.1017 -2.33169e-11)
(1182.29 45.5189 -2.28452e-11)
(1247.24 61.4007 -2.24847e-11)
(1305.54 75.79 -2.00021e-11)
(1358.67 90.6442 -1.94288e-11)
(1412.88 104.041 -1.5969e-11)
(1468.4 115.263 -1.8227e-11)
(1518.05 124.065 -1.77196e-11)
(1559.68 130.348 -1.74407e-11)
(1598.89 134.096 -1.71383e-11)
(1639.76 135.65 -1.71211e-11)
(1680.03 135.091 -1.36883e-11)
(1713.24 132.007 -1.37528e-11)
(1740.2 127.022 -1.40134e-11)
(1765.99 121.544 -1.39563e-11)
(1793.07 115.928 -1.36647e-11)
(1820.29 108.892 -1.37695e-11)
(1841.33 101.493 -1.37175e-11)
(1857.77 95.2155 -1.36428e-11)
(1875.21 90.9977 -1.50251e-11)
(1893.89 88.202 -1.31492e-11)
(1911.28 85.4289 -1.33965e-11)
(1927.07 83.7605 -1.30031e-11)
(1941.73 84.0024 -1.28892e-11)
(1956.23 86.3238 -1.27278e-11)
(1971.89 88.7487 -1.25478e-11)
(1988.13 91.1615 -1.25453e-11)
(2002.88 94.771 -1.25937e-11)
(2016.35 98.9366 -1.23913e-11)
(2031.1 103.189 -1.17038e-11)
(2048.04 107.316 -1.18577e-11)
(2064.02 111.671 -1.19675e-11)
(2078.14 115.529 -1.19823e-11)
(2092.9 119.43 -1.19351e-11)
(2108.46 121.997 -1.17997e-11)
(2123.59 123.394 -1.16355e-11)
(844.474 -35.6078 -1.68038e-11)
(911.968 -20.3883 -1.59296e-11)
(983.48 -0.307402 -1.5601e-11)
(1058.01 18.0057 -1.5327e-11)
(1127.03 35.9925 -1.2023e-11)
(1191.63 57.7302 -1.16456e-11)
(1251.96 77.9783 -1.18609e-11)
(1311.79 94.9873 -9.66931e-12)
(1367.91 112.322 -9.72775e-12)
(1418.37 128.728 -9.4809e-12)
(1468.82 142.358 -1.37519e-11)
(1518.48 152.07 -1.22544e-11)
(1561.51 158.384 -1.22813e-11)
(1599.05 162.479 -1.13303e-11)
(1637.62 164.57 -1.15478e-11)
(1675.45 163.342 -1.00952e-11)
(1706.28 158.933 -1.0367e-11)
(1733.18 152.986 -1.01911e-11)
(1761.57 146.625 -1.02803e-11)
(1789.12 140.294 -1.0139e-11)
(1811.34 132.777 -1.01678e-11)
(1830.7 125.02 -1.00666e-11)
(1851.15 118.588 -9.91629e-12)
(1872.39 113.625 -1.01524e-11)
(1890.48 110.443 -8.3021e-12)
(1905.6 108.083 -8.33349e-12)
(1920.85 106.763 -8.09574e-12)
(1938.02 107.223 -7.90502e-12)
(1955.97 109.301 -7.6827e-12)
(1970.55 111.811 -7.51711e-12)
(1984.44 114.972 -7.2982e-12)
(2000.23 118.916 -7.19056e-12)
(2016.02 123.338 -7.6463e-12)
(2031.78 128.282 -7.61579e-12)
(2046.46 133.034 -7.76858e-12)
(2061.75 137.749 -7.7461e-12)
(2077.74 142.137 -7.54023e-12)
(2092.99 146.802 -7.45636e-12)
(2107.48 149.912 -7.96005e-12)
(2121.9 151.363 -8.21256e-12)
(851.512 -41.2512 -5.74484e-12)
(920.844 -22.9102 -5.80157e-12)
(995.608 1.17567 -5.58323e-12)
(1068.01 23.7654 -5.78397e-12)
(1134.99 45.2078 -1.63302e-12)
(1203.01 69.9759 -1.78592e-12)
(1263.38 94.0979 -2.10537e-12)
(1317.01 114.65 -3.2703e-13)
(1371.98 133.76 -5.49767e-13)
(1425.93 151.596 2.53153e-12)
(1475.39 167.216 2.04707e-12)
(1519.59 177.962 2.75147e-12)
(1559.53 184.086 1.9376e-12)
(1598.9 187.773 2.15531e-12)
(1637.98 189.012 1.36706e-12)
(1672 186.798 1.52409e-12)
(1700.02 181.966 8.90974e-13)
(1726.82 175.773 7.52653e-13)
(1755.29 168.336 5.2245e-13)
(1783.04 160.322 2.24137e-14)
(1805.28 152.887 -5.32457e-13)
(1823.99 145.989 -5.64541e-13)
(1842.99 139.833 -6.29766e-13)
(1863.94 134.54 -8.03572e-13)
(1884.93 130.99 -1.15962e-12)
(1901.49 129.092 -1.20123e-12)
(1916.53 128.555 -1.07785e-12)
(1933.17 129.781 -1.09017e-12)
(1951.6 131.329 -1.19455e-12)
(1967.35 133.782 -6.48724e-13)
(1982.84 137.914 -8.011e-13)
(1998.52 142.287 -8.49805e-13)
(2013.71 146.776 -1.71805e-12)
(2029.97 151.732 -1.38952e-12)
(2045.54 156.912 -1.4272e-12)
(2060.5 162.288 -1.41207e-12)
(2075.99 166.958 -1.46553e-12)
(2091.57 171.907 -1.50738e-12)
(2106.07 175.391 -2.0843e-12)
(2120.23 176.9 -2.51989e-12)
(859.649 -46.4098 -6.5105e-12)
(930.105 -24.2846 -6.94195e-12)
(1007.6 3.75056 -7.15887e-12)
(1081.87 29.6663 -7.54728e-12)
(1146.26 55.1189 -5.77437e-12)
(1210.91 83.6309 -6.11656e-12)
(1274.24 110.141 -6.40352e-12)
(1329.15 133.628 -4.72265e-12)
(1378.63 155.352 -4.71328e-12)
(1429.6 174.036 -1.55352e-12)
(1480.63 189.889 -1.39359e-12)
(1523.98 201.184 -1.30044e-12)
(1560.65 207.708 -1.00823e-12)
(1597.47 210.46 -9.13129e-13)
(1635.55 209.773 -1.04653e-12)
(1669.28 206.596 5.79522e-13)
(1696.56 201.539 4.96433e-13)
(1721.62 194.971 4.88201e-13)
(1748.1 187.065 5.6141e-13)
(1775.83 178.385 -5.46824e-13)
(1799.72 171.009 -1.67977e-12)
(1818.7 164.553 -1.79812e-12)
(1837.11 159.026 -1.84127e-12)
(1857.3 154.704 -2.11617e-12)
(1879.03 151.613 -2.26508e-12)
(1897.71 149.529 -2.15051e-12)
(1913.32 149.601 -2.12402e-12)
(1930.61 151.679 -2.23004e-12)
(1948.22 153.287 -2.23247e-12)
(1965.14 155.831 -1.55409e-12)
(1981.89 160.235 -1.63944e-12)
(1997.38 164.885 -1.72747e-12)
(2012.94 169.536 -1.64416e-12)
(2029.44 174.525 -1.51739e-12)
(2044.98 179.89 -1.49245e-12)
(2060.24 185.6 -2.02762e-12)
(2075.77 190.569 -2.19e-12)
(2091.16 195.722 -2.35296e-12)
(2105.48 199.405 -2.77776e-12)
(2119.41 200.874 -2.80024e-12)
(868.502 -50.9936 -7.1212e-12)
(941.524 -25.2625 -8.15052e-12)
(1019.85 7.69833 -8.69666e-12)
(1093.81 36.8274 -8.99249e-12)
(1160.46 65.0078 -9.29758e-12)
(1222.99 97.8927 -9.36102e-12)
(1282.77 127.296 -9.23396e-12)
(1338.63 151.825 -7.63164e-12)
(1387.74 175.523 -7.46401e-12)
(1435.48 195.778 -7.25695e-12)
(1484.51 211.405 -7.15892e-12)
(1527.49 221.94 -6.84599e-12)
(1562.74 227.817 -6.62671e-12)
(1596.49 229.664 -5.51285e-12)
(1632.06 227.856 -5.42772e-12)
(1665.96 223.69 -4.62828e-12)
(1693.35 217.737 -4.4602e-12)
(1717.19 210.628 -4.31723e-12)
(1741.78 202.886 -4.21606e-12)
(1768.08 194.901 -4.78058e-12)
(1793.48 187.804 -5.27551e-12)
(1813.48 181.52 -5.19462e-12)
(1832 176.703 -5.22449e-12)
(1852.34 173.678 -5.41216e-12)
(1874.21 171.493 -4.84564e-12)
(1892.46 169.44 -5.16432e-12)
(1910.34 170.031 -5.17397e-12)
(1928.67 172.488 -5.4661e-12)
(1945.26 174.628 -5.82713e-12)
(1962.88 177.331 -5.52827e-12)
(1981.1 181.582 -5.54556e-12)
(1996.61 186.38 -5.54321e-12)
(2011.57 191.221 -5.40666e-12)
(2028.58 196.206 -5.31601e-12)
(2044.58 201.677 -5.25871e-12)
(2059.6 207.612 -6.38332e-12)
(2075.24 212.687 -6.38562e-12)
(2090.73 217.922 -6.57757e-12)
(2104.8 221.785 -6.88035e-12)
(2118.59 223.098 -6.53637e-12)
(877.492 -54.5533 -1.11858e-11)
(953.324 -25.3819 -1.29691e-11)
(1035.02 11.834 -1.28485e-11)
(1105.78 45.2284 -1.26263e-11)
(1171.12 76.3579 -1.09544e-11)
(1236.84 112.211 -1.06614e-11)
(1294.73 144.315 -1.0112e-11)
(1345.77 170.258 -1.01435e-11)
(1394.87 195.11 -9.98987e-12)
(1442.99 215.953 -9.83566e-12)
(1489.37 230.959 -9.62039e-12)
(1529.11 240.209 -9.39744e-12)
(1562.55 244.778 -9.13863e-12)
(1595.67 245.715 -8.19789e-12)
(1630.37 243.274 -7.91645e-12)
(1662.46 238.07 -8.12978e-12)
(1688.31 231.089 -7.90256e-12)
(1711.7 223.686 -8.69177e-12)
(1736.44 216.646 -8.49239e-12)
(1762.92 210.181 -8.44268e-12)
(1787.85 203.416 -8.57795e-12)
(1807.51 197.303 -8.71337e-12)
(1826.77 193.475 -8.7601e-12)
(1848.3 191.961 -9.21027e-12)
(1870.24 190.281 -8.52368e-12)
(1888.22 188.902 -8.65971e-12)
(1907.25 189.793 -8.59456e-12)
(1926.49 192.357 -8.64731e-12)
(1943.19 195.18 -8.71652e-12)
(1960.7 198.113 -7.58802e-12)
(1979.5 201.973 -7.4962e-12)
(1995.4 206.847 -7.75909e-12)
(2010.71 212.01 -7.85247e-12)
(2027.61 216.894 -7.40652e-12)
(2043.85 222.336 -7.55771e-12)
(2059.17 228.39 -8.17459e-12)
(2074.45 233.522 -8.17977e-12)
(2089.92 238.745 -8.16878e-12)
(2104.19 242.754 -8.23256e-12)
(2117.74 243.784 -8.11912e-12)
(887.313 -57.4221 -1.1719e-11)
(965.021 -24.0036 -1.25853e-11)
(1049.1 17.013 -1.16228e-11)
(1121.41 53.6563 -1.11136e-11)
(1182.92 88.5899 -9.27762e-12)
(1245.64 127.485 -9.01068e-12)
(1306.05 161.024 -9.10442e-12)
(1357.01 188.137 -9.11205e-12)
(1401.76 213.932 -9.02715e-12)
(1446.47 234.274 -9.0203e-12)
(1492.16 248.057 -8.93715e-12)
(1531.15 255.967 -9.15202e-12)
(1562.81 259.275 -9.17398e-12)
(1593.92 259.055 -8.65553e-12)
(1626.89 255.762 -8.59008e-12)
(1658.04 249.772 -9.22122e-12)
(1683.23 242.357 -9.28496e-12)
(1706.4 235.184 -1.01535e-11)
(1731.21 229.19 -1.01479e-11)
(1757.83 224.073 -1.01968e-11)
(1781.68 217.653 -1.04388e-11)
(1801.41 212.285 -1.04477e-11)
(1822.13 209.786 -1.04076e-11)
(1845.07 209.461 -1.06297e-11)
(1865.95 208.03 -1.0507e-11)
(1884.02 207.439 -1.03201e-11)
(1903.98 208.771 -1.0317e-11)
(1924.17 211.438 -1.01482e-11)
(1941.04 214.575 -9.9671e-12)
(1958.09 217.781 -9.28767e-12)
(1977.19 221.527 -9.19769e-12)
(1994.04 226.303 -8.96935e-12)
(2009.09 231.691 -8.81638e-12)
(2025.88 236.432 -8.32401e-12)
(2042.55 241.771 -8.15796e-12)
(2057.77 247.774 -8.07208e-12)
(2073.05 253.041 -8.19145e-12)
(2088.61 258.169 -8.21437e-12)
(2102.87 262.25 -8.17543e-12)
(2116.23 262.878 -8.20708e-12)
(897.483 -59.8413 -6.24038e-12)
(977.893 -21.8092 -6.07602e-12)
(1061.54 24.0418 -6.01262e-12)
(1134.3 63 -5.78466e-12)
(1197.94 100.322 -5.85365e-12)
(1256.22 142.849 -5.73715e-12)
(1311.61 178.073 -5.46193e-12)
(1364.37 205.037 -5.59069e-12)
(1410.13 230.852 -5.96008e-12)
(1450.46 250.823 -4.75572e-12)
(1492.49 263.189 -4.92227e-12)
(1530.57 269.14 -5.19618e-12)
(1561.44 270.804 -5.45385e-12)
(1591.15 269.592 -4.9936e-12)
(1622.76 265.911 -5.30799e-12)
(1652.48 259.422 -5.11912e-12)
(1676.91 252.003 -5.16321e-12)
(1700.41 245.546 -5.32387e-12)
(1726.08 240.905 -5.24034e-12)
(1752.6 236.555 -5.58761e-12)
(1774.78 230.863 -6.23648e-12)
(1795.13 226.78 -6.17858e-12)
(1817.6 225.614 -6.09345e-12)
(1841.06 225.649 -6.0039e-12)
(1860.84 224.716 -5.90471e-12)
(1879.26 224.967 -5.81139e-12)
(1899.94 226.819 -5.71237e-12)
(1920.59 229.445 -5.65908e-12)
(1937.52 232.687 -5.65095e-12)
(1954.48 236.211 -5.34694e-12)
(1973.61 240.06 -5.2424e-12)
(1990.85 244.563 -5.2798e-12)
(2006.5 250.056 -5.37894e-12)
(2022.55 254.757 -5.05974e-12)
(2039.58 259.939 -5.01802e-12)
(2055.22 265.738 -4.92233e-12)
(2070.18 271.156 -4.81677e-12)
(2085.43 276.135 -4.72467e-12)
(2100.2 280.277 -5.02208e-12)
(2113.47 280.389 -5.6011e-12)
(906.765 -61.2563 -3.77174e-12)
(991.48 -19.37 -5.07345e-12)
(1073.95 31.7151 -4.85186e-12)
(1143.58 74.3097 -4.77438e-12)
(1208.77 112.411 -4.64444e-12)
(1268.28 156.9 -4.47134e-12)
(1318.59 194.693 -4.45343e-12)
(1366.38 221.701 -4.36873e-12)
(1413.51 245.662 -4.4324e-12)
(1452.82 264.857 -2.30836e-12)
(1491.95 276.002 -2.51082e-12)
(1527.65 279.736 -2.50727e-12)
(1557.17 279.721 -2.72044e-12)
(1586.5 277.882 -2.75373e-12)
(1617.42 273.934 -2.76834e-12)
(1645.47 267.299 -2.40132e-12)
(1669.34 260.427 -2.54171e-12)
(1693.29 255.08 -2.55745e-12)
(1719.73 251.696 -2.52174e-12)
(1745.54 247.729 -3.31173e-12)
(1767.07 243.345 -3.7759e-12)
(1788.29 240.751 -3.79062e-12)
(1811.9 240.351 -3.68506e-12)
(1834.75 240.419 -3.70608e-12)
(1854.02 240.399 -3.82651e-12)
(1873.16 241.525 -3.81894e-12)
(1894.61 243.688 -3.72921e-12)
(1915.09 246.077 -3.70633e-12)
(1931.87 249.49 -3.70306e-12)
(1948.87 253.326 -3.30335e-12)
(1968.21 257.343 -3.17248e-12)
(1985.6 261.588 -3.16134e-12)
(2001.51 266.908 -3.22398e-12)
(2017.22 271.693 -2.80821e-12)
(2034.27 276.675 -2.75326e-12)
(2049.72 282.27 -2.61529e-12)
(2065.44 287.656 -2.58712e-12)
(2079.9 292.612 -2.67295e-12)
(2095.06 296.705 -3.13977e-12)
(2108.37 296.229 -3.54963e-12)
(914.658 -61.2414 -1.1265e-12)
(1003.66 -16.1052 -2.79774e-12)
(1086.66 39.0424 -2.899e-12)
(1152.26 86.0693 -2.78503e-12)
(1213.67 126.013 -2.79468e-12)
(1276.04 170.547 -2.78838e-12)
(1326.01 209.299 -2.84973e-12)
(1367.86 237.176 -2.20827e-12)
(1411.62 259.373 -2.05327e-12)
(1452.91 276.386 -1.36638e-12)
(1489.26 285.537 -1.79523e-12)
(1521.1 287.638 -1.81311e-12)
(1550.37 286.824 -1.92633e-12)
(1580.44 284.258 -1.58794e-12)
(1609.75 279.71 -1.66588e-12)
(1635.57 273.608 -1.65179e-12)
(1659.47 268.04 -1.63756e-12)
(1684.89 264.011 -1.66164e-12)
(1711.86 261.089 -1.67249e-12)
(1735.99 257.804 -1.96643e-12)
(1757.28 255.056 -2.34775e-12)
(1779.3 253.822 -2.3439e-12)
(1803.56 253.721 -2.33176e-12)
(1826.48 253.984 -2.3192e-12)
(1845.63 254.843 -2.34749e-12)
(1864.45 256.644 -2.46134e-12)
(1885.71 259.117 -2.46363e-12)
(1906.61 261.346 -2.37233e-12)
(1924.14 264.9 -2.52095e-12)
(1940.85 268.975 -2.05672e-12)
(1959.59 272.999 -2.0307e-12)
(1976.94 277.175 -2.05868e-12)
(1993.75 282.192 -1.88904e-12)
(2009.04 286.993 -1.37254e-12)
(2025.89 291.815 -1.39391e-12)
(2041.55 297.373 -1.40001e-12)
(2057.18 302.357 -1.38106e-12)
(2071.36 307.383 -1.34875e-12)
(2086.95 311.378 -1.35218e-12)
(2100.45 310.394 -1.75857e-12)
(922.262 -60.3678 -1.94752e-12)
(1013.29 -11.351 -2.40288e-12)
(1097.48 46.7183 -2.55392e-12)
(1162.46 96.8567 -2.90477e-12)
(1218.26 139.852 -2.21129e-12)
(1277.6 184.784 -2.33438e-12)
(1330.25 222.275 -2.51149e-12)
(1370.35 250.27 -1.04118e-12)
(1408.45 271.738 -1.13923e-12)
(1447.48 285.524 -1.09939e-12)
(1484.11 291.905 -1.68324e-12)
(1514.12 293.266 -1.68499e-12)
(1541.43 292.074 -1.75593e-12)
(1570.14 288.691 -1.01065e-12)
(1599.52 283.894 -1.10864e-12)
(1625.39 279.068 -1.30036e-12)
(1648.93 275.028 -1.46707e-12)
(1673.66 272.043 -1.35696e-12)
(1700.57 269.406 -1.20018e-12)
(1725.66 267.219 -1.45643e-12)
(1747.12 265.792 -1.79891e-12)
(1768.38 265.535 -1.80308e-12)
(1791.96 266.03 -1.84854e-12)
(1815.89 266.514 -2.15986e-12)
(1835.51 267.83 -1.72879e-12)
(1854.11 270.264 -1.84314e-12)
(1875.15 273.073 -1.86802e-12)
(1895.14 275.412 -1.83596e-12)
(1913.57 278.895 -1.7824e-12)
(1930.7 283.048 -1.42628e-12)
(1949.07 287.15 -1.43674e-12)
(1966.35 291.368 -1.38246e-12)
(1983.05 295.868 -1.33538e-12)
(1998.35 300.692 -1.29454e-12)
(2015.06 305.463 -1.32915e-12)
(2030.69 310.832 -1.33059e-12)
(2046.23 315.506 -1.32846e-12)
(2060.36 320.528 -1.28312e-12)
(2076.32 324.28 -1.27839e-12)
(2090.07 322.731 -1.36958e-12)
(930.308 -59.2265 -3.30868e-12)
(1022.26 -5.37702 -3.36945e-12)
(1105.51 55.9297 -3.48444e-12)
(1171.66 107.159 -4.74533e-12)
(1225.01 152.447 -3.83586e-12)
(1278.4 199.02 -3.72114e-12)
(1329.35 234.808 -3.90774e-12)
(1371.11 260.869 -2.37712e-12)
(1406.36 281.406 -2.31255e-12)
(1440.59 292.92 -2.1534e-12)
(1475.41 296.426 -2.15544e-12)
(1505.93 296.676 -2.13515e-12)
(1532.11 295.415 -2.14912e-12)
(1559.05 292.125 -1.3293e-12)
(1587.67 287.666 -1.40817e-12)
(1614.09 283.815 -1.11687e-12)
(1637.57 280.946 -1.17212e-12)
(1661.72 279.159 -1.17814e-12)
(1688.14 277.499 -1.15857e-12)
(1713.63 275.949 -1.47289e-12)
(1735.23 275.219 -1.79784e-12)
(1756.44 275.954 -1.83391e-12)
(1779.91 277.634 -1.98374e-12)
(1803.72 277.923 -2.26939e-12)
(1823.25 279.385 -1.43943e-12)
(1841.96 282.648 -1.44578e-12)
(1863.28 285.677 -1.46674e-12)
(1883.32 288.095 -1.53754e-12)
(1901.01 291.599 -1.66884e-12)
(1918.46 295.838 -1.31502e-12)
(1937.38 299.827 -1.28605e-12)
(1954.03 303.939 -1.39556e-12)
(1970.38 308.296 -1.44194e-12)
(1986.24 313.094 -1.51706e-12)
(2002.9 317.669 -1.60002e-12)
(2018.19 322.862 -1.58849e-12)
(2033.58 327.321 -1.62628e-12)
(2047.71 332.281 -1.64375e-12)
(2063.83 335.667 -1.64204e-12)
(2077.98 333.167 -1.59512e-12)
(938.411 -57.7274 -3.09395e-12)
(1031.66 1.01497 -3.37129e-12)
(1112.04 66.4369 -3.4403e-12)
(1177.65 118.041 -4.90167e-12)
(1231.38 163.868 -3.98755e-12)
(1280.54 211.846 -3.81996e-12)
(1326.38 246.935 -3.85794e-12)
(1367.74 269.99 -2.6997e-12)
(1402.97 288.2 -2.64078e-12)
(1433.86 297.859 -2.59174e-12)
(1465.17 299.698 -2.98956e-12)
(1495.58 298.627 -2.91945e-12)
(1521.87 297.305 -2.82635e-12)
(1547.48 294.57 -2.40197e-12)
(1575.05 291.128 -2.32252e-12)
(1601.67 288.037 -1.56446e-12)
(1625.35 286.07 -1.51459e-12)
(1649.41 285.592 -1.52999e-12)
(1675.58 285.09 -1.5693e-12)
(1700.69 283.85 -1.58515e-12)
(1722.12 283.831 -2.22941e-12)
(1744.06 285.682 -2.28438e-12)
(1768.12 287.778 -2.24514e-12)
(1789.21 288.196 -2.48168e-12)
(1810.05 290.298 -2.32172e-12)
(1830.51 293.853 -2.33772e-12)
(1850.09 296.83 -2.51629e-12)
(1869.24 299.526 -2.58228e-12)
(1888.63 303.157 -2.61509e-12)
(1905.74 307.298 -2.15429e-12)
(1923.52 311.127 -2.36318e-12)
(1940.79 315.332 -2.30426e-12)
(1957.53 319.57 -2.34514e-12)
(1972.8 324.168 -2.31404e-12)
(1989.13 328.545 -2.38722e-12)
(2004.71 333.662 -2.34148e-12)
(2020.05 337.904 -2.40363e-12)
(2034 342.778 -2.47647e-12)
(2050.1 345.771 -2.44646e-12)
(2064.54 341.649 -2.31263e-12)
(946.109 -55.4453 -3.42889e-12)
(1041.15 7.45136 -4.77392e-12)
(1118.03 77.2318 -4.50752e-12)
(1180.72 129.748 -4.40212e-12)
(1235.07 174.787 -3.30145e-12)
(1282.53 223.031 -3.35763e-12)
(1323.76 257.477 -3.47281e-12)
(1361.38 278.135 -2.83086e-12)
(1396.83 293.017 -2.70053e-12)
(1426.38 300.5 -3.12947e-12)
(1454.88 301.409 -3.91985e-12)
(1483.64 299.756 -3.83167e-12)
(1510.33 298.327 -3.63912e-12)
(1535.4 296.415 -3.64497e-12)
(1562.37 294.317 -3.62731e-12)
(1588.74 291.81 -3.16944e-12)
(1612.25 290.591 -3.0564e-12)
(1636.37 291.643 -3.05165e-12)
(1662.75 292.022 -3.00945e-12)
(1687.27 290.728 -3.06688e-12)
(1708.39 291.719 -3.6901e-12)
(1730.59 294.774 -3.68555e-12)
(1754.75 296.465 -3.79104e-12)
(1776.08 297.625 -4.35261e-12)
(1796.04 300.265 -4.34356e-12)
(1815.95 303.71 -4.4058e-12)
(1836.76 306.78 -4.38797e-12)
(1855.79 309.943 -4.45101e-12)
(1873.83 313.276 -4.44963e-12)
(1891.35 317.448 -4.28928e-12)
(1909.78 321.423 -4.21401e-12)
(1926.46 325.491 -4.15467e-12)
(1942.66 329.406 -4.13797e-12)
(1958.29 334.032 -3.87183e-12)
(1974.63 338.289 -3.82632e-12)
(1989.97 343.232 -3.85048e-12)
(2005.09 347.204 -3.75485e-12)
(2019 352.046 -3.65555e-12)
(2035.17 354.609 -3.56049e-12)
(2049.86 348.009 -3.22679e-12)
(952.747 -51.671 -2.86615e-12)
(1050.23 14.1041 -3.95123e-12)
(1124.1 87.5091 -3.54875e-12)
(1181.9 141.659 -3.23706e-12)
(1235.18 185.503 -3.09695e-12)
(1282.45 232.826 -3.12193e-12)
(1320.46 266.186 -3.34977e-12)
(1354.98 284.912 -3.02591e-12)
(1388.28 296.167 -2.94723e-12)
(1416.44 301.283 -3.39354e-12)
(1443.63 301.685 -4.1404e-12)
(1471.47 300.363 -4.20233e-12)
(1497.81 298.874 -4.19912e-12)
(1522.51 297.934 -4.02005e-12)
(1549.27 296.857 -4.05232e-12)
(1574.24 295.07 -3.83643e-12)
(1598.48 295.039 -3.94121e-12)
(1624.24 297.104 -3.95539e-12)
(1648.42 297.594 -3.92438e-12)
(1671.17 297.077 -4.09633e-12)
(1695.14 299.124 -4.50225e-12)
(1717.73 302.639 -4.44856e-12)
(1739.2 304.148 -4.4129e-12)
(1760.55 305.923 -4.62233e-12)
(1782.09 308.979 -4.18815e-12)
(1801.68 312.643 -4.08808e-12)
(1821.06 315.548 -3.97456e-12)
(1840.32 318.937 -3.80814e-12)
(1859.1 322.349 -3.81202e-12)
(1876.2 326.547 -3.27439e-12)
(1893.89 330.312 -3.24154e-12)
(1910.77 334.385 -3.17812e-12)
(1927.12 338.156 -3.10955e-12)
(1942.57 342.74 -2.80726e-12)
(1958.58 346.734 -2.67814e-12)
(1973.9 351.591 -2.91122e-12)
(1988.86 355.294 -2.92586e-12)
(2002.66 360.155 -2.93498e-12)
(2018.8 362.155 -3.00395e-12)
(2033.57 351.941 -3.04145e-12)
(958.249 -46.2735 -1.43318e-12)
(1056.03 22.3302 -1.91348e-12)
(1130.65 96.9588 -2.13527e-12)
(1183.11 152.585 -2.28256e-12)
(1231.32 196.222 -1.50823e-12)
(1279.97 241.545 -1.46045e-12)
(1316.04 272.881 -1.77605e-12)
(1346.4 289.524 -1.12036e-12)
(1377.79 297.854 -1.28739e-12)
(1405.57 300.807 -1.10518e-12)
(1431.34 300.939 -1.64666e-12)
(1457.85 300.151 -1.89159e-12)
(1483.57 299.173 -1.97759e-12)
(1509.08 299.122 -1.79932e-12)
(1535.08 298.569 -1.93561e-12)
(1559.38 298.18 -1.2975e-12)
(1583.96 299.331 -1.23486e-12)
(1609.62 301.337 -1.2415e-12)
(1633.63 302.025 -1.28855e-12)
(1655.83 303.288 -1.5155e-12)
(1679.16 305.767 -1.93161e-12)
(1702.75 308.869 -1.88963e-12)
(1723.91 310.739 -1.91003e-12)
(1744.15 313.555 -1.90347e-12)
(1765.55 316.559 -1.40975e-12)
(1785.79 320.104 -1.41791e-12)
(1805 323.181 -1.41039e-12)
(1823.53 326.92 -1.42509e-12)
(1841.82 330.09 -1.32113e-12)
(1859.44 334.34 -9.08572e-13)
(1877.09 338.013 -9.71545e-13)
(1893.39 342.077 -9.93651e-13)
(1909.36 345.592 -1.01961e-12)
(1925.07 350.208 -9.30995e-13)
(1940.86 353.901 -1.03908e-12)
(1955.94 358.712 -1.22131e-12)
(1970.64 362.079 -1.26543e-12)
(1984.32 367.065 -1.30773e-12)
(2000.49 368.325 -1.43438e-12)
(2015.21 353.126 -1.90342e-12)
(965.139 -41.1547 -2.5303e-12)
(1058.43 32.4724 -2.6976e-12)
(1132.57 106.913 -2.59565e-12)
(1186.18 161.557 -2.59351e-12)
(1227.99 205.865 -1.84098e-12)
(1271.35 249.402 -1.76605e-12)
(1308.99 277.862 -1.78622e-12)
(1338.71 292.015 -1.02279e-12)
(1365.47 297.64 -9.48953e-13)
(1390.87 298.971 -1.48792e-13)
(1417.17 299.464 -5.56291e-13)
(1443.98 299.551 -6.92417e-13)
(1469.04 299.101 -6.67276e-13)
(1493.01 299.6 -5.04635e-13)
(1518.89 300.144 -5.52423e-13)
(1544.4 300.816 -6.06379e-14)
(1568.11 302.515 -1.0093e-13)
(1592.58 304.827 -1.00807e-13)
(1616.54 305.981 -6.17913e-14)
(1639.96 308.384 -2.35501e-13)
(1662.63 311.254 -5.21863e-13)
(1684.45 314.057 -5.1917e-13)
(1705.92 316.338 -5.05311e-13)
(1727.5 319.965 -1.0423e-12)
(1747.65 322.903 -1.06788e-12)
(1766.9 326.363 -1.1192e-12)
(1786.26 329.562 -1.1352e-12)
(1805.44 333.516 -1.13573e-12)
(1822.83 336.624 -1.13866e-12)
(1840.13 340.85 -1.00963e-12)
(1857.42 344.306 -9.96622e-13)
(1874.01 348.38 -9.02145e-13)
(1889.42 351.79 -8.5464e-13)
(1905.15 356.289 -6.46571e-13)
(1920.26 359.68 -5.0551e-13)
(1935.53 364.438 -7.83087e-13)
(1949.63 367.527 -7.34942e-13)
(1963.39 372.609 -6.83408e-13)
(1979.32 372.922 -6.78387e-13)
(1994.01 350.988 -1.05726e-12)
(970.293 -36.1034 -3.3015e-12)
(1063.17 41.9871 -3.22152e-12)
(1129.39 117.256 -3.00444e-12)
(1181.15 169.425 -2.94099e-12)
(1225.65 213.537 -2.88202e-12)
(1264.45 256.36 -2.69905e-12)
(1296.66 281.034 -2.65945e-12)
(1325.13 291.568 -1.83225e-12)
(1351.56 295.454 -1.72543e-12)
(1375.85 296.604 -9.13917e-13)
(1400.84 297.526 -1.10024e-12)
(1426.87 298.154 -9.83827e-13)
(1451.23 298.124 -9.59038e-13)
(1475.98 299.868 -9.92221e-13)
(1501.69 301.323 -9.84558e-13)
(1525.47 302.367 -4.15578e-13)
(1549.87 304.676 -3.25387e-13)
(1574.63 307.569 -3.16681e-13)
(1597.39 309.306 -3.66758e-13)
(1620.32 312.174 -6.55397e-13)
(1643.11 315.1 -7.54417e-13)
(1664.88 318.371 -7.49323e-13)
(1685.62 321.061 -7.56051e-13)
(1706.64 324.7 -9.47586e-13)
(1726.68 327.654 -9.11666e-13)
(1745.89 331.443 -8.94703e-13)
(1764.63 334.693 -8.82444e-13)
(1783.22 338.46 -8.93244e-13)
(1800.35 341.571 -7.96079e-13)
(1817.56 345.885 -6.18827e-13)
(1834.29 349.134 -5.62891e-13)
(1850.35 353.027 -5.99885e-13)
(1865.39 356.367 -7.40625e-13)
(1880.91 360.681 -6.99169e-13)
(1895.53 363.864 -6.47445e-13)
(1910.37 368.424 -9.73627e-13)
(1924.01 371.272 -1.09898e-12)
(1937.25 376.338 -1.03387e-12)
(1953.52 375.368 -9.51564e-13)
(1968.13 344.677 -9.86192e-13)
(970.303 -29.1084 -2.46126e-12)
(1064 51.2409 -2.4051e-12)
(1127.47 125.996 -2.3076e-12)
(1171.34 177.034 -2.56601e-12)
(1212.98 219.85 -2.10151e-12)
(1253.9 260.872 -2.15585e-12)
(1284.49 282.006 -2.3552e-12)
(1308.8 289.451 -1.48878e-12)
(1332.76 291.844 -1.52783e-12)
(1356.64 293.118 -1.27154e-12)
(1381.89 294.795 -1.48208e-12)
(1407.13 295.917 -8.9964e-13)
(1430.86 296.776 -8.97845e-13)
(1455.64 299.409 -8.89592e-13)
(1480.94 301.099 -7.3086e-13)
(1504.38 303.111 -4.11748e-13)
(1527.98 305.869 -4.32558e-13)
(1552.5 308.922 -4.51531e-13)
(1574.9 311.217 -4.02459e-13)
(1597.4 314.677 -3.59039e-13)
(1619.4 317.616 -8.2754e-13)
(1640.96 321.023 -8.5648e-13)
(1660.99 324.019 -8.713e-13)
(1681.65 327.861 -8.71209e-13)
(1700.81 330.714 -7.49601e-13)
(1719.66 334.574 -7.15649e-13)
(1737.57 337.802 -6.34684e-13)
(1755.72 341.497 -6.44838e-13)
(1771.92 344.515 -7.35595e-13)
(1788.75 348.715 -6.05735e-13)
(1804.32 351.67 -5.5435e-13)
(1819.94 355.431 -5.90509e-13)
(1834 358.573 -6.66409e-13)
(1848.92 362.575 -6.81296e-13)
(1862.22 365.438 -7.70498e-13)
(1876.44 369.737 -6.89741e-13)
(1888.81 372.16 -6.26652e-13)
(1900.94 377.091 -6.99496e-13)
(1917.38 374.242 -7.25992e-13)
(1932.57 333.41 -8.51717e-13)
(968.349 -21.426 -1.88939e-12)
(1057.46 61.4829 -1.96973e-12)
(1118.28 132.933 -1.86761e-12)
(1161.67 182.473 -2.11064e-12)
(1199.48 224.854 -9.2926e-13)
(1235.95 262.259 -8.94602e-13)
(1263.34 279.263 -1.15616e-12)
(1286.14 284.896 -7.35678e-13)
(1309.11 286.878 -1.11577e-12)
(1332.36 288.58 -3.20531e-13)
(1357.07 290.738 -7.14686e-13)
(1381.82 292.357 -1.14973e-13)
(1405.17 294.16 -1.21461e-13)
(1429.84 297.439 -8.70264e-14)
(1454.04 299.379 1.21001e-14)
(1477.16 302.098 3.09353e-14)
(1500.36 305.338 -1.04739e-13)
(1523.93 308.531 -1.70755e-13)
(1545.43 311.191 -2.51624e-13)
(1567.52 314.969 -2.28993e-13)
(1588.24 317.947 -6.67244e-13)
(1608.8 321.368 -7.51171e-13)
(1628 324.575 -7.26523e-13)
(1647.7 328.299 -8.11747e-13)
(1665.23 331.059 -6.28533e-13)
(1683.16 334.801 -6.8694e-13)
(1699.65 337.902 -6.89885e-13)
(1716.37 341.234 -7.66886e-13)
(1730.91 344.115 -7.60416e-13)
(1746.46 347.857 -4.731e-13)
(1760.04 350.524 -4.72513e-13)
(1774.11 353.793 -5.74553e-13)
(1786.18 356.61 -5.26487e-13)
(1799.4 359.943 -4.85408e-13)
(1810.47 362.49 -5.03021e-13)
(1822.67 366.038 -4.93032e-13)
(1832.48 367.996 -4.8202e-13)
(1841.98 372.232 -5.19062e-13)
(1859.03 366.978 -5.39004e-13)
(1877.51 316.431 -6.52897e-13)
(959.249 -13.953 -2.31973e-12)
(1046.44 69.9004 -2.44494e-12)
(1099.98 136.915 -2.53146e-12)
(1137.53 183.518 -2.73181e-12)
(1173.21 225.256 -1.58008e-12)
(1206.45 259.693 -1.58474e-12)
(1231.28 273.508 -1.49286e-12)
(1252.68 277.651 -1.15575e-12)
(1274.91 279.398 -1.63083e-12)
(1297.78 281.641 -7.72748e-13)
(1322.02 284.338 -8.24409e-13)
(1346 286.483 -6.68995e-13)
(1368.88 289.047 -7.17461e-13)
(1393 292.698 -5.10797e-13)
(1415.95 294.988 -6.99488e-13)
(1438.1 298.205 -5.11638e-13)
(1460.1 301.614 -4.99117e-13)
(1482.24 304.91 -5.31907e-13)
(1502.21 307.82 -3.32946e-13)
(1522.8 311.501 -5.10595e-13)
(1541.54 314.406 -8.96845e-13)
(1560.32 317.75 -9.38674e-13)
(1577.38 320.817 -9.87356e-13)
(1594.84 324.071 -1.62516e-12)
(1609.89 326.661 -1.26333e-12)
(1625.49 329.93 -1.32193e-12)
(1639.18 332.595 -1.30388e-12)
(1653.16 335.294 -1.27653e-12)
(1664.91 337.842 -1.31992e-12)
(1677.67 340.752 -8.94778e-13)
(1688.17 342.958 -8.27453e-13)
(1699.33 345.41 -7.69912e-13)
(1708.44 347.753 -8.78982e-13)
(1718.72 350.134 -7.77462e-13)
(1726.79 352.257 -7.66402e-13)
(1735.91 354.735 -8.51892e-13)
(1742.8 356.322 -7.78289e-13)
(1748.88 359.462 -8.23268e-13)
(1766.52 351.097 -8.41443e-13)
(1792.23 292.517 -7.57422e-13)
(938.217 -6.4774 -3.303e-12)
(1019.22 75.5093 -3.36618e-12)
(1066.19 137.195 -3.31096e-12)
(1100.07 181.882 -3.63848e-12)
(1132.77 222.999 -2.54028e-12)
(1162.66 253.935 -2.5092e-12)
(1185.2 264.173 -2.46841e-12)
(1205.08 266.933 -2.18319e-12)
(1226.12 268.539 -2.30295e-12)
(1248.05 271.263 -1.59337e-12)
(1271.1 274.275 -1.80772e-12)
(1293.56 276.867 -1.29743e-12)
(1315.13 279.888 -1.23838e-12)
(1337.64 283.646 -5.51175e-13)
(1357.77 286.017 -5.67795e-13)
(1377.82 289.378 -1.09234e-13)
(1397.23 292.668 -1.62545e-13)
(1416.52 295.725 -2.02338e-13)
(1433.44 298.521 -2.21343e-13)
(1450.97 301.71 -7.55548e-13)
(1466.29 304.288 -1.0497e-12)
(1481.8 307.133 -1.17614e-12)
(1495.33 309.748 -1.25812e-12)
(1509.21 312.246 -1.48321e-12)
(1520.74 314.45 -1.1213e-12)
(1532.95 316.932 -1.15228e-12)
(1543.14 319.051 -1.26185e-12)
(1553.76 320.978 -1.43239e-12)
(1562.42 323.113 -1.51311e-12)
(1572.05 325.105 -1.00245e-12)
(1579.61 326.904 -1.12902e-12)
(1587.97 328.565 -1.13013e-12)
(1594.61 330.545 -1.14169e-12)
(1602.35 332.094 -1.01616e-12)
(1608.28 333.96 -1.1319e-12)
(1615.19 335.583 -1.40809e-12)
(1620.25 337.068 -1.43772e-12)
(1624.12 339.3 -1.46894e-12)
(1640.68 327.044 -1.44155e-12)
(1673.8 260.849 -1.24857e-12)
(901.826 1.1837 -4.07143e-12)
(975.562 80.3702 -4.20416e-12)
(1016.52 135.506 -4.20724e-12)
(1046.01 177.377 -4.82164e-12)
(1075.44 217.436 -4.20593e-12)
(1100.57 243.692 -4.21741e-12)
(1119.72 249.873 -4.00981e-12)
(1137.18 251.312 -3.64121e-12)
(1155.53 252.786 -3.53496e-12)
(1175.05 255.668 -2.80266e-12)
(1194.8 258.56 -3.08367e-12)
(1213.89 261.193 -2.31996e-12)
(1231.81 264.179 -2.23461e-12)
(1249.66 267.251 -1.8481e-12)
(1265.3 269.446 -1.84572e-12)
(1281.45 272.377 -1.51055e-12)
(1296.63 275.199 -1.43205e-12)
(1311.64 277.6 -1.83417e-12)
(1324.66 280.087 -1.93974e-12)
(1338.33 282.515 -2.20981e-12)
(1350.06 284.76 -2.52771e-12)
(1362.19 286.962 -2.60811e-12)
(1372.67 289.232 -2.54323e-12)
(1383.6 291.076 -2.8348e-12)
(1392.76 293.138 -2.58619e-12)
(1402.6 295.001 -2.56258e-12)
(1410.83 296.939 -2.55208e-12)
(1419.55 298.4 -2.48865e-12)
(1426.84 300.469 -2.34947e-12)
(1434.88 301.918 -1.97057e-12)
(1441.36 303.709 -1.95952e-12)
(1448.51 304.974 -1.97445e-12)
(1454.41 306.939 -1.94678e-12)
(1461.09 308.096 -1.89802e-12)
(1466.49 310.004 -1.8844e-12)
(1472.59 311.191 -1.88882e-12)
(1477.19 312.848 -1.90551e-12)
(1479.72 314.561 -1.93e-12)
(1492.67 297.68 -1.8783e-12)
(1525.8 222.531 -1.69494e-12)
(844.418 8.99679 -5.20259e-12)
(909.974 83.5825 -5.07801e-12)
(944.549 129.423 -5.01975e-12)
(967.739 168.681 -5.49418e-12)
(993.513 205.728 -4.83782e-12)
(1010.95 226.356 -4.68056e-12)
(1024.6 228.411 -4.56647e-12)
(1037.66 228.614 -4.33213e-12)
(1051.21 229.794 -4.26514e-12)
(1065.08 232.067 -3.93265e-12)
(1078.12 234.175 -3.97878e-12)
(1090.87 236.063 -3.63972e-12)
(1103.6 238.564 -3.47751e-12)
(1116.28 240.69 -3.39429e-12)
(1127.87 242.735 -3.38699e-12)
(1140.01 245.012 -3.22115e-12)
(1151.66 247.448 -3.20522e-12)
(1162.92 249.214 -3.63581e-12)
(1173.4 251.582 -3.42514e-12)
(1184.17 253.424 -3.3172e-12)
(1193.96 255.616 -3.6096e-12)
(1203.84 257.35 -3.5539e-12)
(1212.95 259.595 -3.44741e-12)
(1222.04 261.04 -3.7468e-12)
(1230.33 263.184 -3.10704e-12)
(1238.8 264.69 -3.02821e-12)
(1246.46 266.709 -2.95946e-12)
(1254.1 267.926 -2.96233e-12)
(1261.19 270.086 -2.84692e-12)
(1268.33 271.297 -2.74855e-12)
(1274.73 273.218 -2.67061e-12)
(1281.14 274.311 -2.63293e-12)
(1287.1 276.365 -2.45536e-12)
(1293.05 277.424 -2.28476e-12)
(1298.56 279.464 -2.23371e-12)
(1303.87 280.471 -2.24448e-12)
(1308.42 282.523 -2.24676e-12)
(1308.4 283.716 -2.17536e-12)
(1316.42 262.418 -2.14362e-12)
(1337.6 180.508 -2.01344e-12)
(736.363 5.66322 -4.21184e-12)
(793.56 71.2335 -4.20824e-12)
(799.754 108.567 -4.03161e-12)
(816.952 141.753 -3.96441e-12)
(835.639 171.806 -2.99481e-12)
(832.74 186.123 -3.0457e-12)
(826.198 184.132 -2.98062e-12)
(825.992 181.756 -2.82157e-12)
(826.759 180.497 -2.78588e-12)
(828.994 180.457 -2.8102e-12)
(832.238 180.747 -3.13432e-12)
(836.427 181.045 -3.03291e-12)
(841.038 182.025 -2.99714e-12)
(847.094 182.775 -2.74531e-12)
(852.335 183.753 -2.68945e-12)
(858.922 184.908 -2.19375e-12)
(865.524 186.398 -2.21768e-12)
(872.985 187.433 -2.2017e-12)
(879.408 189.091 -2.16355e-12)
(887.371 190.373 -2.41995e-12)
(894.056 192.041 -2.7697e-12)
(901.803 193.339 -2.76327e-12)
(908.341 195.129 -2.75268e-12)
(915.925 196.288 -3.10987e-12)
(921.878 198.019 -2.70922e-12)
(928.993 199.244 -2.56905e-12)
(934.593 200.887 -2.47606e-12)
(941.051 201.892 -2.4067e-12)
(945.923 203.592 -2.44101e-12)
(951.928 204.611 -2.42589e-12)
(956.184 206.105 -2.30292e-12)
(961.368 206.995 -2.25364e-12)
(965.036 208.559 -2.21847e-12)
(969.815 209.488 -2.15659e-12)
(972.947 211.056 -2.06392e-12)
(977.211 211.925 -2.0507e-12)
(979.245 213.776 -1.94384e-12)
(984.805 215.281 -1.82002e-12)
(971.973 194.323 -1.70871e-12)
(973.652 133.12 -1.72851e-12)
)
;

boundaryField
{
    inlet
    {
        type            zeroGradient;
    }
    outlet
    {
        type            inletOutlet;
        inletValue      uniform ( 0 0 0 );
        value           nonuniform List<vector> 
28
(
(2181.57 32.9869 4.32596e-12)
(2133.26 61.6515 5.83896e-12)
(2129.87 94.2795 -7.98398e-12)
(2123.59 123.394 -1.16355e-11)
(2121.9 151.363 -8.21256e-12)
(2120.23 176.9 -2.51989e-12)
(2119.41 200.874 -2.80024e-12)
(2118.59 223.098 -6.53637e-12)
(2117.74 243.784 -8.11912e-12)
(2116.23 262.878 -8.20708e-12)
(2113.47 280.389 -5.6011e-12)
(2108.37 296.229 -3.54963e-12)
(2100.45 310.394 -1.75857e-12)
(2090.07 322.731 -1.36958e-12)
(2077.98 333.167 -1.59512e-12)
(2064.54 341.649 -2.31263e-12)
(2049.86 348.009 -3.22679e-12)
(2033.57 351.941 -3.04145e-12)
(2015.21 353.126 -1.90342e-12)
(1994.01 350.988 -1.05726e-12)
(1968.13 344.677 -9.86192e-13)
(1932.57 333.41 -8.51717e-13)
(1877.51 316.431 -6.52897e-13)
(1792.23 292.517 -7.57422e-13)
(1673.8 260.849 -1.24857e-12)
(1525.8 222.531 -1.69494e-12)
(1337.6 180.508 -2.01344e-12)
(973.652 133.12 -1.72851e-12)
)
;
    }
    fluid_to_graphite
    {
        type            noSlip;
    }
    wedgeBack
    {
        type            wedge;
    }
    wedgeFront
    {
        type            wedge;
    }
    defaultFaces
    {
        type            empty;
    }
}


                                                                               
