                                                                               
                             
                                                                   
                                                            
                                          
                             
                                                                               
FoamFile
{
    format      ascii;
    class       volVectorField;
    location    "1.0050000000000052/fluid";
    object      rhoU;
}
                                                                               

dimensions      [1 -2 -1 0 0 0 0];

internalField   nonuniform List<vector> 
4592
(
(46.693523021621033 -0.01167141248578934 0)
(46.767131563420747 -0.0060954085945046799 2.415638288983197e-10)
(46.757081653573835 -0.01554631790825417 5.8632360112895979e-10)
(46.830093735244475 -0.01458036437058779 6.0171113239482462e-10)
(46.844888462349843 -0.022002340363959611 6.3253666931099321e-10)
(46.917695785220715 -0.024499877491874513 7.7169180486911379e-10)
(46.960860699090823 -0.032049668439997576 5.7869636405609584e-10)
(47.044404416986616 -0.038282804175520019 4.4879518178884526e-10)
(47.120604884330625 -0.048283116895780111 4.7903548980018284e-10)
(47.228756174441259 -0.059198946394781835 4.7530850858732985e-10)
(47.345294019691138 -0.073429642822852539 4.5509759042824973e-10)
(47.491319791383674 -0.089278558319401041 6.0393086457382996e-10)
(47.655485899211897 -0.10594541640485385 5.7315600358977472e-10)
(47.846272328952139 -0.12164908637530587 7.642914818264994e-10)
(48.057382857399432 -0.1385680589321194 7.2289288938000148e-10)
(48.294487394985403 -0.15699760326263307 6.7895665184410288e-10)
(48.555474662993845 -0.17716116255032638 6.5485203112268108e-10)
(48.842741152173176 -0.19924864771464312 6.15506800791346e-10)
(49.155557718746323 -0.22357951476978608 6.3677354359546121e-10)
(49.495083701265607 -0.25014950744173797 5.5526310390446378e-10)
(49.860925995600958 -0.27907515637708669 5.777097291248121e-10)
(50.253341452486964 -0.31033243243243286 4.5557235340711117e-10)
(50.671979198420068 -0.34399555993695596 4.6158171445314626e-10)
(51.116436022635959 -0.38007981959177406 5.7181132967361494e-10)
(51.586438614819791 -0.41867179194422033 5.8186718456992652e-10)
(52.080964472971928 -0.45982414303470243 7.386383183653323e-10)
(52.600079612890909 -0.50364246629036902 7.8524417625219972e-10)
(53.141878673631766 -0.55019568141556563 8.5668806243668901e-10)
(53.707379655873787 -0.5996606799710823 8.267381303833514e-10)
(54.293013041914037 -0.65201420522944331 9.4762823247456947e-10)
(54.902071275348021 -0.70771297151766577 9.2413200985022918e-10)
(55.52748307913469 -0.76610347467755457 1.0162615089997596e-09)
(46.769367590751536 -0.048279074486249136 -1.7210973110563768e-20)
(46.854076892929989 -0.052386685089071246 -1.5901611171780681e-12)
(46.853770924911018 -0.086373313500355139 -1.1783279954298134e-11)
(46.940978662453375 -0.097382597190562761 5.8229704304350404e-11)
(46.970573587413519 -0.12867111119633295 6.1753413099604662e-11)
(47.061641538779497 -0.14964797470098748 7.0686159605197509e-11)
(47.124866508666713 -0.184380765827001 1.5225919594754794e-10)
(47.231989639783102 -0.21729792288648003 1.4076234142362671e-10)
(47.334282747133948 -0.26067533874409188 -4.1020903529593329e-11)
(47.471873117544469 -0.30713571562831465 -3.9639757621293969e-11)
(47.62037542642905 -0.36245704118976219 -3.8578770935456013e-11)
(47.801230331168341 -0.42276295638703049 -3.8111983241876586e-11)
(48.002681111748565 -0.48925062463988683 -3.776897744128874e-11)
(48.235279846502266 -0.55928859742510251 -3.6148749399472079e-11)
(48.493945095810417 -0.63537956064388312 -2.7406114556282156e-11)
(48.78411114551848 -0.71723026560221015 3.7933554978096957e-11)
(49.103526150073485 -0.80495738882383461 9.7072929559644719e-11)
(49.454690689636784 -0.89811126304626132 9.7559025834833542e-11)
(49.836451901964928 -0.99686847050470995 9.755258628100284e-11)
(50.249625663860947 -1.1008118003952236 9.5482253349831862e-11)
(50.693297269613659 -1.2098572584471949 7.5656006748929658e-11)
(51.167222050204266 -1.3236044431960776 9.5846768311034417e-11)
(51.670459900149275 -1.4419137525090333 9.5481926669429091e-11)
(52.202032977110846 -1.5644368265159168 1.010669892258382e-10)
(52.761009990629411 -1.6910337400243602 9.7717764413539087e-11)
(53.345736772353376 -1.8213824983549749 1.5421701916664446e-10)
(53.955561963136297 -1.9553839078481319 1.5446551087642437e-10)
(54.587895709030612 -2.092666889448469 1.6464928794181169e-10)
(55.243021581782877 -2.2333092389357856 1.3363859128216455e-10)
(55.916563345286001 -2.3766556933874528 1.3200280351636882e-10)
(56.611269216330292 -2.5233871501952594 1.2891480449449031e-10)
(57.318765325023953 -2.6719502839870386 1.0024152711593716e-10)
(46.739870050877286 -0.07964516462728391 2.6887566569939519e-20)
(46.824317348114 -0.082013872756242834 -4.7091842846076758e-11)
(46.816319712074424 -0.13691914944093744 -5.8509766558289173e-11)
(46.898281413800213 -0.15122284047475282 -1.3562387962751722e-10)
(46.91486919074152 -0.20086843665274254 -1.0229606058182258e-10)
(46.994713370878969 -0.23243343299492161 -1.3044265773664967e-10)
(47.04078880928958 -0.28776706667122948 -1.1817157480914726e-10)
(47.13143216933026 -0.33978267794998795 -1.155786813155272e-10)
(47.213203124181057 -0.40947310018306482 -1.1255433326149405e-10)
(47.330100530315029 -0.48400279815193314 -9.3236880006457581e-11)
(47.455157444441326 -0.57309811309938419 -7.7835996928912275e-11)
(47.611892818482431 -0.67026661448371472 -7.3390909943402855e-11)
(47.787270571238466 -0.77843782179135512 -7.5195189998746497e-11)
(47.992914997351541 -0.89453070008921143 -7.4299672573777757e-11)
(48.223415316833204 -1.0217398158592312 -7.4207152870859115e-11)
(48.484852848780861 -1.1587412565538624 -8.0205373993411033e-11)
(48.774896503399546 -1.3061671362407867 -7.4615232343388157e-11)
(49.096500690825536 -1.4631729963186761 -4.9650704926987234e-11)
(49.448563327882113 -1.6298729241057013 -2.8781715080650101e-11)
(49.832160408550308 -1.8053860589162567 -1.9941497995812805e-11)
(50.246438889307832 -1.9894680583808508 1.7627638134409083e-11)
(50.691324347985187 -2.1813079376723588 -2.1054419987083558e-11)
(51.165937277848379 -2.3805736952477274 -2.1006284158320296e-11)
(51.669406064278732 -2.5865403650453387 -1.9661504738192802e-11)
(52.200856174311426 -2.7988302163386209 -9.7988559661419852e-12)
(52.758661776443411 -3.0167802402752804 -1.0064566282358948e-11)
(53.342272071361762 -3.2399927032701625 -1.136702617616595e-11)
(53.94895477475562 -3.4678247291545041 -3.031801854443626e-11)
(54.579324145513922 -3.6999568752449727 -2.9834990375351233e-11)
(55.228367347930615 -3.9355918469418976 -2.9041212139287127e-11)
(55.899984081394727 -4.1748598624385265 -2.8638769101103964e-11)
(56.583661994732601 -4.4162813225851165 -2.7394591489706283e-11)
(46.772046325324041 -0.11326900190833676 -6.509471438304468e-20)
(46.861180346454702 -0.10847272765314922 -1.2385242339612622e-11)
(46.845496174276931 -0.18238366425852487 -4.8275918658847545e-11)
(46.925233895709198 -0.1949359486624242 -7.9361682473703563e-11)
(46.928353793356074 -0.25936129479016024 -5.4285010389102835e-11)
(46.998356014121292 -0.29665189627500715 -5.6128401527104934e-11)
(47.026545351569048 -0.36800650587308786 -2.439947027524861e-11)
(47.100937831621366 -0.43393072829220364 -5.9105014584798321e-11)
(47.16123957360967 -0.52451111113315052 -5.543664214219884e-11)
(47.256957755487619 -0.62122257768837397 -6.1661340500596661e-11)
(47.357473761518079 -0.73783147757705558 -9.9670936528284301e-11)
(47.489308765739622 -0.86514831596658504 -9.8702213241313565e-11)
(47.637643146140064 -1.0076022120721706 -1.4032246662246939e-10)
(47.815689876132964 -1.1611640535336607 -1.3512634062773934e-10)
(48.016926787507941 -1.3300433053479668 -1.3125963424330034e-10)
(48.248217023092614 -1.5124454825678806 -1.2754554766601311e-10)
(48.507043351211841 -1.7092526985494598 -1.0770833689239401e-10)
(48.796727590732623 -1.9191475595255416 -5.4860761697225677e-11)
(49.116054247621335 -2.1422493014250463 -5.4040608569915432e-11)
(49.466309524672276 -2.3772567117895629 -5.0746393961725667e-11)
(49.846620674669254 -2.6238939049906129 -1.5983794068714322e-11)
(50.257081547321818 -2.8809859511929865 1.5107370670408623e-11)
(50.696836598501534 -3.1481275879089745 7.8250620979454237e-12)
(51.165168068208295 -3.4242640389883441 2.3152388399583044e-11)
(51.661226557977031 -3.708873755964575 2.3061428181876227e-11)
(52.183534803500216 -4.0010494741170195 1.297495500028606e-11)
(52.731567503588636 -4.3000982099172811 6.4041837877973412e-12)
(53.302701646290409 -4.6053593261449519 3.743461601028316e-12)
(53.897657849129907 -4.9158633948486345 8.0738744406362233e-12)
(54.51132413320029 -5.2313435936667112 2.4210454767554975e-11)
(55.148113414118299 -5.550461051082781 2.4523439122836496e-11)
(55.796607323328644 -5.8736351262252988 2.1282278144678823e-11)
(46.76904315136877 -0.1477338607570528 -1.6552378153134144e-11)
(46.86050443238446 -0.12531555393151139 -1.0053999303269365e-11)
(46.829990333663034 -0.21531805263208909 -1.345984382843023e-12)
(46.901294679120319 -0.21776947399544852 -2.8027686805528615e-11)
(46.879717085947611 -0.29202492105588257 -1.6228724943476606e-11)
(46.929316686913161 -0.32796373039175297 -1.6228259767782929e-12)
(46.925345024093374 -0.40954742384001547 -2.1909495088614677e-11)
(46.969133440772914 -0.48286934388108271 7.1670635519322067e-12)
(46.991069917495331 -0.58821419429072175 -2.152866626693692e-11)
(47.04810804811504 -0.70071477207046895 -3.5407362400631662e-11)
(47.104827486910821 -0.83855673691912291 -3.6177183043186738e-11)
(47.191568120335134 -0.98981227473277855 -2.2750937826957058e-11)
(47.291558203260479 -1.1604554626339354 -5.6569978668562092e-11)
(47.419914973218631 -1.3451556285421531 -7.458189306679065e-11)
(47.568932964944715 -1.5489842589157026 -7.1751280983858779e-11)
(47.746410102817428 -1.7700524795493762 -4.6204106253864888e-11)
(47.949763444993486 -2.0095355929769849 -5.4102400977137376e-11)
(48.182891907829578 -2.2654927427010572 -5.2253198775256513e-11)
(48.444564828895132 -2.5381147381950266 -4.5300086006180072e-11)
(48.736431537455609 -2.8256269750802967 -4.6381883990376123e-11)
(49.05769264493096 -3.1278274629598979 -3.685173645682941e-11)
(49.408734778576253 -3.4431082528837669 -3.7797052903078368e-11)
(49.788796398703845 -3.7711025649525656 -5.0843338433575439e-11)
(50.197431111199634 -4.1103306657511824 -3.6687909464204156e-11)
(50.633827609618685 -4.4602414554629206 -3.5253161660445322e-11)
(51.096808184350145 -4.8195932070426997 -2.3635180981572812e-11)
(51.585763673369456 -5.187487794998817 -4.3655366525539562e-11)
(52.098465205960736 -5.5632116894748718 -4.9583481236796055e-11)
(52.635351187111588 -5.945140746579324 -2.6589381301365501e-11)
(53.191890446457769 -6.3336615179066493 -2.3223119253044568e-11)
(53.771910195411245 -6.7257160629614461 -4.3217062303936405e-11)
(54.364880755761618 -7.1240572512085718 -3.9000643791944041e-11)
(46.836855765973176 -0.18411554594775892 -1.3715810731085831e-11)
(46.936174260978028 -0.1321031168056285 -3.7036822608684644e-11)
(46.889878333080944 -0.23496401952530502 -6.1518354719614761e-11)
(46.955870587816598 -0.21798470567082165 -3.7368066182178062e-11)
(46.908087362209891 -0.29614693059922215 -1.1799587435144064e-11)
(46.938176708118505 -0.32270381738002912 -3.0485920313738426e-11)
(46.900367240789805 -0.40741028986012351 -4.1342712773108564e-11)
(46.91302857120786 -0.48032513471122584 -4.5601358615470221e-11)
(46.894764949636837 -0.59255662008015708 -3.8462330824342985e-11)
(46.911687766876184 -0.712593430135949 -1.7730249022094506e-11)
(46.922453142895939 -0.86295474313112353 -1.4747679935303725e-11)
(46.961858453397944 -1.0292002835492737 -1.3273728179227855e-11)
(47.010705839425256 -1.2190810325035781 -8.2637787860107807e-12)
(47.086379931362842 -1.4252398443418428 1.5088194427107343e-11)
(47.179622745305323 -1.6534955386227683 1.5355683884298683e-11)
(47.299398726762611 -1.9025730131961858 1.6460181965735254e-11)
(47.442791410537232 -2.1740444429393455 1.6069224140465867e-11)
(47.614393841495435 -2.4651891113886788 1.5474019475383706e-11)
(47.812917229913253 -2.7763631484726634 1.2089153333055116e-11)
(48.040425464673547 -3.1052707594094371 1.1013046138319513e-11)
(48.29622010719622 -3.4519638463311195 2.4476479482488027e-11)
(48.581037309192752 -3.8143225657821755 2.0720438471087283e-11)
(48.894260025180621 -4.1922228562390451 7.8817134282948e-12)
(49.235800998162418 -4.5836137589114525 6.8420044104179596e-12)
(49.604907721319371 -4.988141590234985 -6.1768032270392178e-12)
(50.000856505508438 -5.4040314553360078 -6.0634018132317479e-12)
(50.422863743220411 -5.8304143740995276 -6.8771701083928212e-12)
(50.86940616184134 -6.266314183581895 -1.9538101124954715e-11)
(51.340283726248416 -6.7096392775362759 -1.8779900241711247e-11)
(51.832227610692236 -7.1612919259636207 -1.8619625852012102e-11)
(52.347520576478985 -7.6165238896631475 -1.8001768194720816e-11)
(52.878081738894693 -8.0805521677008816 -1.09425291813709e-11)
(46.928981979613944 -0.22669119223648143 4.6229881479258838e-11)
(47.039806111234363 -0.13346197969612203 6.3460079344264409e-11)
(46.974414082638496 -0.24706276068088565 2.7157147952507055e-11)
(47.0354915153749 -0.20188475433095424 2.4157270127399125e-11)
(46.956569205881536 -0.27915470289573607 4.7079013515994813e-11)
(46.964551073605875 -0.2896362672296624 1.7265600639930485e-11)
(46.887437885933679 -0.37199136766428514 5.5894264978684494e-13)
(46.86461537133161 -0.43861707974342229 -1.856051124954723e-11)
(46.800403751844662 -0.55199070736668854 -9.5801305980690877e-12)
(46.771848835657003 -0.67367733888225412 -1.2843025358313711e-11)
(46.73053186669393 -0.83039003412183821 -1.576765366148565e-11)
(46.716541922580817 -1.0053319868772119 -5.321733299336974e-12)
(46.70747576162001 -1.208020183860387 1.6438614284809198e-11)
(46.723533502765619 -1.4288949918560989 1.6658797848888275e-11)
(46.754031462072518 -1.6745862658346229 1.8898905182912008e-11)
(46.80902749171107 -1.9443186147592746 4.0513093612898563e-11)
(46.884957514830397 -2.2401660827719869 3.617547213811009e-11)
(46.987225725063709 -2.5586886719337918 3.3682254289290014e-11)
(47.114518319338003 -2.9004875393816025 3.8236149134757314e-11)
(47.269377943633181 -3.2626903792404063 2.0243741418056035e-11)
(47.451277370158685 -3.6458204911022212 2.022491968617553e-11)
(47.661344359042971 -4.047110913779135 2.0169871249657781e-11)
(47.899184647078947 -4.4669789400944895 2.0062017017933057e-11)
(48.165128835007522 -4.9025452508308405 1.9408380329489269e-11)
(48.458526417743919 -5.3540370660095968 1.2150706498018295e-11)
(48.779233993176277 -5.8187555825851645 1.4320803567891641e-11)
(49.126208644031422 -6.2963385653024977 1.3556596026361746e-11)
(49.498944753928633 -6.7850341805487746 7.2264858512546192e-12)
(49.896196879996289 -7.2828286806208729 1.8561535821998668e-11)
(50.316729212581265 -7.7905668376773836 1.7779652423049535e-11)
(50.760133559529983 -8.3023247977575156 1.812545449163353e-11)
(51.222624208931251 -8.8253158415254251 1.9324567138602701e-11)
(47.100308588826074 -0.27612400074098165 3.3694852079534668e-11)
(47.229625229582204 -0.12790403727041519 3.768916646117774e-11)
(47.143242907558871 -0.24952720888583799 6.6281981859152671e-11)
(47.202833736203736 -0.16633791727393318 8.2549973092929004e-11)
(47.090606539580435 -0.23706045082749122 6.9305103211427043e-11)
(47.077455531324517 -0.2243585446036542 6.0556661906023488e-11)
(46.959504368262991 -0.29816614063868363 3.9834991853871319e-11)
(46.901165095849016 -0.35219943804369436 3.965191121454438e-11)
(46.789984317791351 -0.4602000388401169 3.962779864715648e-11)
(46.715526624891545 -0.57688076702360924 3.9785093595428849e-11)
(46.621243841700306 -0.73281041212007181 4.0033107618183317e-11)
(46.553167100102577 -0.90890896903031393 4.0200356757508637e-11)
(46.484943916012654 -1.1165095975527788 3.9938739965978536e-11)
(46.439954397595365 -1.3445740635325103 3.8967892326878339e-11)
(46.406283805138571 -1.5996196302512018 3.3232832800265698e-11)
(46.394847554276481 -1.8809337347349115 2.4133249413134345e-11)
(46.401185538696296 -2.1916510257897142 5.8857887169076886e-12)
(46.431392763533275 -2.5279446164462152 9.4102634766997519e-13)
(46.4841858538515 -2.8907858538970301 8.520274483733823e-12)
(46.562593617218489 -3.2766364537904229 5.9961481318689044e-12)
(46.666389119336777 -3.6867585733154704 6.0482539840796979e-12)
(46.79710021541861 -4.1175337627019069 6.0427508147435888e-12)
(46.954705605769256 -4.5703330519813532 5.9746313807160906e-12)
(47.139973454377305 -5.0410664382512502 5.2461986274709089e-12)
(47.352499251400232 -5.531120539050316 -4.0310000886861614e-12)
(47.59278920860455 -6.0362455408976414 -6.2699189261001912e-12)
(47.859594178461826 -6.5573849903043113 -6.7796662875798114e-12)
(48.153650695883485 -7.0910884540014045 -6.596796113069648e-12)
(48.472441558074323 -7.6364740811283145 -7.5858494446532626e-12)
(48.817388731934557 -8.1931144132447837 -1.8761072894835637e-11)
(49.184514773070376 -8.755162429804983 -1.1545190934685736e-11)
(49.5758555212836 -9.3304994487252291 -1.41323733146047e-11)
(47.332831803746927 -0.33680698185980645 -1.333683902661986e-11)
(47.487460759518875 -0.12021180241224019 -6.4676878041723768e-12)
(47.37659715303716 -0.24782788283609292 1.2552664448897637e-13)
(47.436914635131139 -0.11792186703392378 1.4963788491012229e-11)
(47.287330258640047 -0.17762420297437753 1.3073087752601138e-11)
(47.252559383512093 -0.13632380455466539 3.5675566508582176e-11)
(47.090983301035529 -0.19704937213831561 3.5696232203255233e-11)
(46.996068042226881 -0.23406186864755016 3.5453899418885057e-11)
(46.836341146746413 -0.33208428616044233 3.3786031484380414e-11)
(46.715123104222805 -0.43915681938130308 3.4208214092355782e-11)
(46.566952149022292 -0.58925576567175009 3.5213655063807773e-11)
(46.444032559750895 -0.76108457393068707 3.6376822024350138e-11)
(46.315825031746961 -0.96750088221576203 3.3667820981895305e-11)
(46.208763106024286 -1.1970172549864229 3.0560679556947582e-11)
(46.109616581686801 -1.4555866971437854 2.8826526950572508e-11)
(46.030302500977683 -1.7416265889878373 7.0668255118471084e-12)
(45.965380962315827 -2.0595943422967449 2.2028422768721578e-12)
(45.92132392654571 -2.4055538357527877 -4.4779912652080483e-12)
(45.896919504493368 -2.7812631665705809 -5.3743418453923549e-12)
(45.895632469381304 -3.1824381740179319 -6.6993904385302462e-12)
(45.917702694552489 -3.611455412759438 -6.0243704627577843e-12)
(45.965016589736301 -4.0635563568925139 -6.0357983852609692e-12)
(46.038134924403487 -4.5416205775261078 -6.0162676395498901e-12)
(46.138209056903989 -5.0398214054062302 -6.0160257520319996e-12)
(46.265329911177155 -5.561531434204201 -5.4833015265822741e-12)
(46.420618452617987 -6.1000419868234186 2.2271829394937665e-12)
(46.602833015323633 -6.6588311766855099 -6.3201193025662325e-12)
(46.81404372368339 -7.231296146918246 -2.9102608614258731e-12)
(47.050426493299121 -7.8194606385750269 -7.0709588559636448e-12)
(47.316566555973637 -8.4195174510238839 -7.47549764171688e-12)
(47.6041799081273 -9.028033380773044 -1.1671301599972925e-11)
(47.922636841302172 -9.6509757036128931 -1.4010603772403657e-11)
(47.650424597130083 -0.40986298825386586 -1.4913888661825834e-11)
(47.836886281390136 -0.10896959769331385 -1.0228325975990005e-11)
(47.696589103106163 -0.23980222152419836 -1.2139905028995916e-11)
(47.759356641909143 -0.053750299780918491 -1.206092164976569e-11)
(47.568586612008133 -0.097494072495125608 -1.0261818345244984e-11)
(47.512749734086164 -0.022994427292613216 1.2001555399187242e-11)
(47.306360807454482 -0.066329019291588465 1.0957144615893316e-11)
(47.175661732343329 -0.082888748714860822 9.0983136198138178e-12)
(46.967733970649576 -0.16675889686536496 -1.0597095173739875e-11)
(46.800830887353627 -0.2601615470749899 -9.707141356481308e-12)
(46.599897811463194 -0.39949502742077869 -2.6901403161566374e-12)
(46.423448644067683 -0.56176635839019806 1.2445265863913519e-11)
(46.236934984682577 -0.76106097775641324 9.2015990249694243e-12)
(46.06910295564338 -0.98589219588839205 8.0475023179761064e-12)
(45.905106421462371 -1.2414813084848924 1.8838710581325979e-11)
(45.758020163881689 -1.5249857859595732 1.8488260124697011e-11)
(45.621553739393285 -1.8420707953367117 1.7848724251810431e-11)
(45.502362710387473 -2.1888739988450041 1.7648027408082912e-11)
(45.399344427492693 -2.5685680396325492 1.4926069759861885e-11)
(45.316264236062679 -2.9760456866488378 -5.7411717885095514e-12)
(45.254003064712947 -3.4152685086839418 4.8786154292191872e-12)
(45.214674045660438 -3.8799653692234277 4.9545034995636517e-12)
(45.199703929810966 -4.3752251998640554 5.2543667745738333e-12)
(45.210461362445585 -4.8928100319960555 4.6219971093773526e-12)
(45.247948028551342 -5.4391791563152472 3.6496541487799973e-12)
(45.313685129960312 -6.0039490251105123 2.6854970245449542e-13)
(45.406950910798969 -6.5948767221328524 -1.9577437777800016e-12)
(45.530952446812456 -7.2000961679450208 3.3181760979970626e-12)
(45.680979974432098 -7.8272811783596179 -9.0261772920449672e-12)
(45.8648785552543 -8.4658679807307937 -1.0841436081304555e-11)
(46.069879385829793 -9.1188472177356257 -1.0866306858325037e-11)
(46.313766598293896 -9.7856497557505531 -1.7500719812761697e-11)
(48.043226337006075 -0.49676829961341068 -1.6611985880644601e-11)
(48.264004037753004 -0.094615615957574617 5.7968315094849821e-12)
(48.085741023505648 -0.22628625590609641 -8.8047012221733253e-12)
(48.14946677065813 0.023121941417503494 -9.8097225575559162e-12)
(47.911556380456332 -0.0020006770601925065 9.3017129499404976e-12)
(47.8335769929175 0.10828697179268147 8.2418373830397905e-12)
(47.581121920973679 0.084848180003051887 4.5367041808710023e-13)
(47.415849431540522 0.091080011502587016 5.9795969633704617e-12)
(47.161795768439582 0.0243571980334665 4.9796055730120454e-12)
(46.952159487792208 -0.052576862899008689 4.9365287919925547e-12)
(46.701747754668638 -0.17776658079353944 4.66161353295708e-12)
(46.475064185106248 -0.32702995567442789 3.6995937630497004e-12)
(46.233460122633609 -0.51477055391552329 3.631966880479278e-12)
(46.007199331182726 -0.7292692613275441 3.0584689282126667e-12)
(45.779824688460955 -0.97584586689583952 3.9739903783801507e-12)
(45.565645877087043 -1.2504509919648683 2.9848534367650283e-12)
(45.357982841333232 -1.5596695710887458 -7.779026873283391e-12)
(45.163662707939189 -1.8996379334867763 -9.2693646575483404e-12)
(44.981711660720293 -2.2753878523324467 -2.0519691159082261e-11)
(44.815907044189487 -2.6808939843719086 -2.0504518328866562e-11)
(44.667884336889273 -3.1222691384033645 -1.9760250734969365e-11)
(44.539702479405435 -3.5913144432455422 -1.9442737880144958e-11)
(44.433977350184335 -4.0961841653405395 -1.4530563838266517e-11)
(44.351963770915376 -4.6254453167601524 -2.2140847788037655e-11)
(44.296151309678024 -5.1900175487726958 -3.1488957819051603e-11)
(44.267997339154498 -5.7743603328527975 -3.0270630475887654e-11)
(44.268183652071606 -6.3927954972675352 -2.7823443325142544e-11)
(44.300438943841947 -7.0254098214410305 -2.5359594709921811e-11)
(44.360219525678147 -7.6894205675003988 -2.7883313259762408e-11)
(44.458138641787578 -8.3625693835136587 -2.8014387212161217e-11)
(44.57755953036299 -9.0605906241363421 -2.9823431632719766e-11)
(44.745224536195565 -9.768798670301134 -2.811319516334226e-11)
(48.526045639822549 -0.59590062047270032 1.2425481661089095e-11)
(48.789463927975639 -0.070772086509507975 1.2578620200683899e-11)
(48.560795608792027 -0.20170653826508952 1.3372269303207229e-11)
(48.628073707146022 0.11805592143484737 -9.625668206440763e-12)
(48.333431762893014 0.11347763053618334 -1.1283834492836697e-11)
(48.232864421215325 0.25921736125804246 -1.203896103443419e-11)
(47.930459162587297 0.2562048156607567 -7.1538770424357254e-12)
(47.73123923200766 0.28417879320661615 -5.491290798600495e-12)
(47.431950633657706 0.23550869261749985 -4.463156678065183e-12)
(47.182433547374842 0.17638219492188517 -4.9629363457589983e-12)
(46.885959950418531 0.068415292524001164 -6.9412372800840759e-12)
(46.612658660187208 -0.064122682776452639 -1.6717812655466828e-11)
(46.318910809539638 -0.23523449471255325 -1.8251804516135734e-11)
(46.036788287426518 -0.43319878961695274 -2.7876182948397137e-11)
(45.748435205278994 -0.6640789862720996 -1.886783728942175e-11)
(45.468920290769979 -0.92323006304218713 -1.7422872799929732e-11)
(45.191613774829115 -1.2178890403539711 -1.5810476299486371e-11)
(44.923256212257151 -1.5437163525163153 -1.9441494905573042e-11)
(44.663151098811852 -1.9077995083787598 -1.8331263504106892e-11)
(44.414627844831671 -2.3029777885553133 -1.7389606017352323e-11)
(44.180201395449089 -2.7381706418601914 -5.6969671507558016e-12)
(43.961458243187032 -3.2028096355817919 -5.3646491425721363e-12)
(43.762578504726349 -3.7091433043113327 -6.6087560004287666e-12)
(43.584192183287605 -4.241680520970017 -1.9525453741119069e-11)
(43.431042310698011 -4.817442315420446 -2.1073581709370846e-11)
(43.303743342255466 -5.4140400328137117 -2.0303990690559414e-11)
(43.20574491591934 -6.0551799280589611 -1.726916287332928e-11)
(43.140056298376777 -6.7094973457034879 -1.7602415271735362e-11)
(43.104364691142365 -7.4089115379732844 -2.1279878936540068e-11)
(43.110455175838375 -8.1127306938797599 -2.8055983613160184e-11)
(43.140053329816787 -8.8588311149399033 -3.2022710768523164e-11)
(43.228082990745996 -9.6066621529362219 -3.2136326978749017e-11)
(49.115095392928005 -0.71278408224313827 1.0884295285858992e-11)
(49.434703763991422 -0.040417315910533116 1.2376921122734964e-11)
(49.143762352385281 -0.16765178056887256 1.0942669589968595e-11)
(49.218564598939459 0.22802687321157625 -7.954705928542303e-12)
(48.860547094938021 0.24696737905015337 -2.1552758692925989e-12)
(48.736434695079254 0.42710459842333431 -2.8284197361510756e-12)
(48.380301533554146 0.44522845635805863 -3.0586018790668902e-12)
(48.145028646555325 0.493395544875738 -7.8359922249028462e-13)
(47.797598565131068 0.46306392739310548 9.1968011377584632e-12)
(47.506616323825391 0.42146359228968922 7.3971167820237316e-12)
(47.163141773520273 0.33221935501765609 1.6086907764902502e-12)
(46.843623697973328 0.21902054966277335 7.046876258831825e-12)
(46.499035733550613 0.068824307476340635 1.5365732330311053e-12)
(46.163220998627466 -0.10819165634455165 5.7727648231015879e-12)
(45.816534174448918 -0.3184153912627245 8.1645691891275996e-12)
(45.47440909420822 -0.55668600078809283 8.3511982920628297e-12)
(45.130164828645746 -0.83101684555557409 8.7768307761865756e-12)
(44.790060731936492 -1.1362245655135355 9.1736471957256292e-12)
(44.453663105085376 -1.4815908278678602 9.3396349892280675e-12)
(44.123425034769078 -1.858449536218244 1.0051405488114347e-11)
(43.802882336044178 -2.2792694889105518 1.0080962950060631e-11)
(43.492575934774806 -2.7306319169884694 1.678715017045435e-11)
(43.198619728447454 -3.2299967832065746 1.4939665570546764e-11)
(42.920293444555568 -3.7569142196912524 9.3239813742905795e-12)
(42.66549842854878 -4.3362806032682393 1.0875383377624768e-13)
(42.432846809799088 -4.9371642471938912 -1.364808211518916e-12)
(42.230407211836052 -5.5957636248553877 -1.4751532256817859e-12)
(42.058451579809763 -6.2656084494848372 -1.5624154459000711e-12)
(41.920261964389709 -6.9994910374360026 -2.7641495323715721e-12)
(41.82558883030304 -7.7300380709095977 -1.011022769893104e-11)
(41.759258855696039 -8.5301161026841772 -9.3580227263738069e-12)
(41.76137298491723 -9.3165758407932344 -1.0056047943321399e-11)
(49.819152934521718 -0.84641879179687107 8.7102737828751411e-12)
(50.21113167555805 -0.0024370241018599071 1.1889867214426096e-11)
(49.847883604049848 -0.12061655658106045 1.0197017295295349e-11)
(49.932749892490001 0.35247467218931233 2.5556492557861179e-11)
(49.510304359137329 0.39956729160257615 2.9620384625595753e-11)
(49.363507254548097 0.61145576159117032 2.4311115275552934e-11)
(48.955792148953805 0.65224729717347818 1.9783479137145867e-11)
(48.685549010162816 0.71899288319726407 3.2193940216540795e-11)
(48.291688647080008 0.70747279368524718 1.9600472229189553e-11)
(47.959470547204944 0.6826374059765683 2.0291685537389862e-11)
(47.569324357692722 0.6126452355303712 1.920291072088935e-11)
(47.20334514232303 0.51917478430290698 2.1589780579171556e-11)
(46.808676111824248 0.39140094156386129 1.8066250982788862e-11)
(46.420583273219926 0.23807976738543252 2.0393673241267773e-11)
(46.017606060848067 0.052481127303797233 2.0832509261214966e-11)
(45.614735182999418 -0.16055248470450462 2.2309201463785489e-11)
(45.205070735125851 -0.40954295394229884 2.6882064756590397e-11)
(44.794112508786633 -0.68800363224513028 3.1609586574485422e-11)
(44.382113846764206 -1.0077529660657156 3.2566327397940162e-11)
(43.970177610785512 -1.3582939155425002 4.1523427809004634e-11)
(43.562916215030974 -1.7562584554179987 3.5273639878653256e-11)
(43.159174383187349 -2.1847276051537561 3.5401352466187775e-11)
(42.767303100110489 -2.6676292830915771 2.7694820811463852e-11)
(42.38427496409615 -3.1785945387495476 3.5778488876538542e-11)
(42.021969314097362 -3.7523437931109154 3.4496946618420671e-11)
(41.675478455251699 -4.347685512372264 2.326061987756845e-11)
(41.359712492746709 -5.0166505891554491 2.1288605356006054e-11)
(41.069270485025356 -5.6941029370723895 2.0672256360525967e-11)
(40.817917838395168 -6.4605109309362074 1.3030699004147872e-11)
(40.60794256147463 -7.2128130860661228 5.8439934320807557e-12)
(40.43590014226168 -8.0751978887026716 1.3176409693750647e-11)
(40.340183906090282 -8.8999520051424206 1.1334004296956425e-11)
(50.639173060577953 -1.0029283262373869 -9.0213916039850463e-12)
(51.112516619614269 0.038445650715369296 5.9272845588055189e-12)
(50.662048436641648 -0.064557947180618455 1.9228962952481314e-11)
(50.752258585909985 0.48629456405965199 1.6614890728253773e-11)
(50.260528165514678 0.56367495024581893 1.6517230043167663e-11)
(50.088672654642259 0.80461166592051614 1.6613050657056047e-11)
(49.630948414919324 0.86848025904030846 1.6806157784202708e-11)
(49.327671226576591 0.95299186914769274 1.8918875524520614e-11)
(48.892109185444632 0.9615709046722094 2.9826984367146615e-11)
(48.522989283819904 0.95459603473017196 2.7773481981685137e-11)
(48.091500506153089 0.90582274666787532 1.3091088047820681e-11)
(47.683761565143989 0.83387190574045267 2.0260815332030164e-11)
(47.243751700996434 0.730561483666061 1.9942718543917113e-11)
(46.807553700927365 0.60297274086739061 2.0444268119634196e-11)
(46.352782682939925 0.44505872793043799 2.1521272749225025e-11)
(45.893502912020494 0.26178814751629498 3.1564456948281611e-11)
(45.422479586753482 0.043295949366705902 2.093652691716241e-11)
(44.943795718568275 -0.20299044013301723 2.0360595323991772e-11)
(44.458443294063905 -0.49131008145233279 8.8431623687172735e-12)
(43.96597185695515 -0.80828121750832871 8.5027092127854946e-12)
(43.472670619916407 -1.1754411405346201 1.1719988035979271e-11)
(42.974908635460928 -1.5716749395915242 1.5915060403227656e-11)
(42.483434136114887 -2.0284291604893743 2.7085469918133039e-11)
(41.991735582845031 -2.5123356315235719 3.4598375425323302e-11)
(41.516485500396016 -3.069723516215868 3.1684429310413307e-11)
(41.0473018933289 -3.6479892124348341 2.7221571045948771e-11)
(40.608121801693947 -4.3177542819952235 2.8018027940510065e-11)
(40.184136753563394 -4.9929092415117662 2.4895174146382129e-11)
(39.805723353573974 -5.7876571650745854 2.0792249048839544e-11)
(39.459701707108024 -6.5557113574793506 1.3031750641242862e-11)
(39.168375389582302 -7.4909108422300932 5.6886096526668979e-12)
(38.955278259427047 -8.3567903755058026 5.3477573509706439e-12)
(51.56937375982735 -1.1734589241391316 -4.1101423001150821e-12)
(52.135587576204536 0.09092106984693954 -5.0516888499497112e-12)
(51.582440809962939 0.013941583224935949 -4.8945872607279223e-12)
(51.677891982401107 0.63721678570621532 -5.9895684394069011e-12)
(51.113547133215853 0.74672659193349056 -5.8885913671286871e-12)
(50.916968003228114 1.0096865110697022 -5.3362015994499935e-12)
(50.411571922718487 1.0946179432396408 -5.1084003183377481e-12)
(50.077528074742858 1.1923733154320366 8.2887233732649581e-12)
(49.604481325924766 1.2190133421774856 6.1503718217973077e-12)
(49.20233254864884 1.2277326283850696 2.1144802380874389e-11)
(48.734508533899664 1.1995572902440694 2.3365281238849545e-11)
(48.289653058416739 1.1490015141533101 1.6884717781025883e-11)
(47.809368479307786 1.0711281994107287 1.6179677297467422e-11)
(47.32966360666839 0.97091185006145708 1.8300076789885032e-11)
(46.827649772616745 0.84303769269786655 1.7702896924217654e-11)
(46.316390587123969 0.69243872361545267 6.146310876165134e-12)
(45.789057947995502 0.50869519077195857 7.3508337590815132e-12)
(45.247765130058148 0.30077422096137013 1.8262255103021245e-11)
(44.693807122450352 0.050791070400938478 1.8297331766118978e-11)
(44.124185995495502 -0.22520527635136384 1.6778033667241759e-11)
(43.546537171836569 -0.55370450955962169 1.0053024814166644e-11)
(42.954388752097373 -0.90772084068290504 1.0806327503347744e-11)
(42.361619759998511 -1.3274705461065668 1.7559755673218651e-11)
(41.757290729132848 -1.7714114072745977 1.8347252663601989e-11)
(41.162870543950334 -2.2994052220422931 1.1284827347259229e-11)
(40.560662418551189 -2.8455569021321967 2.2182045587678784e-12)
(39.985409489807807 -3.5020875360777493 1.1920184408128411e-11)
(39.408569162027341 -4.1605157664311081 1.2792182465739845e-11)
(38.884007824144746 -4.9736630907658972 1.3023575100046081e-11)
(38.372152889869334 -5.7486652134260332 1.3140363174954579e-11)
(37.941419867071453 -6.7665662617262194 1.3295224084776357e-11)
(37.58037987594254 -7.6826293922832383 1.3401215718839482e-11)
(52.618003196733369 -1.3736797275802288 3.1541481722693366e-12)
(53.277815103390104 0.14795080650801004 3.1183935996503143e-12)
(52.600145287014513 0.10228788964761366 1.0632532968873025e-11)
(52.690451758674008 0.79428113273308054 -2.095782935178654e-12)
(52.047264461214745 0.93602662891907529 -1.3760065356878625e-12)
(51.82011862346512 1.216743445446689 4.3845302757196567e-12)
(51.266931106462039 1.3222820313133872 -3.3746021982194154e-13)
(50.901646444351002 1.4322246673631058 5.9790399052373763e-12)
(50.394350458142455 1.4775973070340604 -6.6796917754283305e-12)
(49.962848843276078 1.5028361813786615 1.6518337676563043e-12)
(49.464667620666809 1.4966736087781458 -3.9306783919246326e-12)
(48.989299199968436 1.4689900861540375 -3.9446237416856231e-12)
(48.476508467225642 1.4181605285922156 -3.9387025613643061e-12)
(47.961187178005396 1.3471026839611504 -5.1869242666128469e-12)
(47.420114115801972 1.2513659881307158 -5.3159459442602994e-12)
(46.864547004274094 1.1360506052294035 -5.3530117145834961e-12)
(46.288220415866647 0.98972492174624993 -2.7035786153666967e-12)
(45.69138561541449 0.82357003757115421 -7.2544522000030831e-12)
(45.076653387622805 0.61692249278155464 -1.2617320290045674e-12)
(44.437809200109037 0.39003057217735787 -4.1833607093751221e-12)
(43.783513097704997 0.1094461721775541 -1.1369991983460891e-11)
(43.102953226799677 -0.19216658345383439 -1.2104387659785031e-11)
(42.412664317399951 -0.5644398227469356 -1.8634706265516757e-11)
(41.695978851989281 -0.95494040996269403 -4.0180813898733538e-12)
(40.980563386128438 -1.4381562596668123 3.1388704416338022e-12)
(40.239235430290599 -1.9348931176367525 -4.4092944981558984e-12)
(39.517833625397166 -2.5593721864887478 -4.0530062521535811e-12)
(38.770020776088742 -3.1826451358400356 4.0305405235067328e-12)
(38.078022683526584 -3.9963383568533568 4.0182897361790997e-12)
(37.365406561985594 -4.7664766092584072 2.9790092277779554e-12)
(36.773241439728224 -5.8755755326851471 2.7548092470499343e-12)
(36.224507159209395 -6.8718328404184481 2.3858420712356471e-12)
(53.76855234802288 -1.5788874245441691 6.1929084923687423e-12)
(54.536645784695352 0.22885624784813818 4.0204097892259791e-11)
(53.712924708741149 0.22926079552873788 5.3210447415733831e-11)
(53.802018647137693 0.97547742988542308 4.1990144015752544e-11)
(53.080278639785348 1.1493322813234026 4.4016709873257326e-11)
(52.826138191711266 1.4370851481622129 4.4342006657755121e-11)
(52.229647974688191 1.558198011340187 4.7985493424645255e-11)
(51.836309401427307 1.6728618565970526 3.9170009951212039e-11)
(51.298447744816251 1.7315093491622913 2.7082646404558406e-11)
(50.8397720406142 1.7678592496150791 1.8750243975171785e-11)
(50.313400055641793 1.7797927669447198 2.1733068171090619e-11)
(49.808862021824993 1.772028254046063 2.2600498790892107e-11)
(49.265345229030039 1.7469150885477218 2.5018595587907119e-11)
(48.716640284167227 1.7048177093269767 1.2668203461722665e-11)
(48.13996604594827 1.642380131418306 1.2759666461174481e-11)
(47.544654024046061 1.5644694466445597 1.1929728535773816e-11)
(46.92518755977337 1.4586226553458317 1.1955149297169132e-11)
(46.279299318914617 1.3379023629016615 1.2359170335359096e-11)
(45.610934379659362 1.1782889716590197 1.694912092936845e-11)
(44.910795872621215 1.0049797639947526 6.5220788758281929e-12)
(44.189221209569901 0.77877058207537564 -3.3175773188783705e-12)
(43.429972302194834 0.54061772870136104 -3.4997405259927461e-12)
(42.650869136035098 0.22930492268867342 -4.4453787685028916e-12)
(41.827897581017723 -0.091957104777433449 -9.0908813704352265e-12)
(40.992186364864054 -0.51464401239487911 -5.7899942993129975e-12)
(40.106235201174655 -0.94000918751135598 -3.7874381095393578e-12)
(39.227406571366544 -1.5078077422676328 -4.6116007872923578e-12)
(38.290453912745662 -2.068171878901099 -3.8953777008192519e-12)
(37.411419548089796 -2.8527944897148947 -3.7347930469624852e-12)
(36.464896276974805 -3.6047838553130647 -1.4722288493677001e-11)
(35.702665927287519 -4.8067469860131711 -1.502339507101368e-11)
(34.962759595122783 -5.9608074622602611 -1.6247015503076451e-11)
(55.05770129760581 -1.8265885335175003 7.2378897228209985e-12)
(55.922889311521892 0.31336021284256915 2.1921260600610447e-11)
(54.920956186997245 0.35943938237666423 3.4547183886077994e-11)
(54.987446200910647 1.1515320049279261 3.7636041123811988e-11)
(54.178921079660675 1.3559883546449034 1.7093302893700276e-11)
(53.885736412360316 1.6479644334335444 2.120889846595558e-11)
(53.242725553328782 1.7858945614452477 2.2987184981159149e-11)
(52.817484200789899 1.9073730477356694 1.9874777703740608e-11)
(52.250366768722799 1.9827079373419216 2.2680937448256581e-11)
(51.767453149055484 2.0340311783633993 2.8657654652819545e-11)
(51.219329182493937 2.0675826267371047 3.1938707353879406e-11)
(50.693948637004084 2.0825346759181667 3.4566412444637348e-11)
(50.12998418791372 2.0844454615599273 3.9264287652434722e-11)
(49.55877214971084 2.0716873772473026 3.6291262964373684e-11)
(48.957799805396924 2.042000847749855 3.2651989351764071e-11)
(48.333625945798964 2.0009877627973784 2.1621408939288631e-11)
(47.68146976223791 1.9350219156531465 2.0070231570025937e-11)
(46.996141429448059 1.8602296204509954 1.9786756704259491e-11)
(46.283390971368682 1.7488325908519264 1.3608042549658709e-11)
(45.530517824283955 1.632343379662075 6.8661177504408446e-12)
(44.750733049122729 1.4644239614663126 6.4083288110558272e-12)
(43.923172156051322 1.2962253865018694 6.4977825411994426e-12)
(43.07015584094863 1.0551307983384699 1.3781668321453574e-11)
(42.158918408572404 0.8199933717923551 1.2026755822053969e-11)
(41.225034043728819 0.48125511015137412 -3.4483413895005628e-12)
(40.216879819922752 0.15220316564013292 -2.9284444233657348e-12)
(39.202492668902984 -0.33115377522386225 -3.8824265298791019e-12)
(38.096578866670988 -0.80598041958043432 -5.5059677142681944e-12)
(37.048086999221852 -1.5308576290546603 -3.8942862138048671e-12)
(35.906639640603423 -2.2666976003578667 -3.5231218377268311e-12)
(35.064554971435342 -3.6149008846506692 -1.3411170663855658e-12)
(34.251602208005927 -5.1388064183347373 -4.4517232555859476e-12)
(56.436548895227773 -2.0549089750962377 4.974190290058712e-12)
(57.42094753360611 0.44399524245157734 1.2907897890429532e-11)
(56.213416796880431 0.55832992355329258 3.1679444509605415e-11)
(56.274649119269519 1.3684171452890423 3.4811883801419457e-11)
(55.389529991634966 1.6015004299734195 3.2060934744269288e-11)
(55.069988488529496 1.8829871878842774 3.231502026266834e-11)
(54.390762476900427 2.0282048708876608 3.2879814584632862e-11)
(53.94043418881779 2.1440718200634694 2.6335684999886518e-11)
(53.348828845996337 2.2246806685659806 3.2442992840040429e-11)
(52.842607577554546 2.2795020378468838 3.8389648698100325e-11)
(52.27085846845852 2.324997442437025 4.0400721589343019e-11)
(51.719451265263082 2.3548130248649435 4.3981868283496767e-11)
(51.128561066426386 2.3791784088413639 4.1621402644358487e-11)
(50.528660791672394 2.3934527981599141 3.8238494619452831e-11)
(49.899274581332989 2.3968725653588905 3.6388591695078251e-11)
(49.245169294943437 2.394615571530343 3.600480579032938e-11)
(48.563439930905545 2.371900783486637 3.1756050600300625e-11)
(47.846380162614807 2.346634406717401 3.0913708434722646e-11)
(47.101983326134203 2.2869836331217281 3.9629871056107615e-11)
(46.313829526061312 2.2302831665181775 4.3315728656995615e-11)
(45.497402970060001 2.1229178000986 3.7254728880706058e-11)
(44.626244230830252 2.0267483648106084 3.2546742892317273e-11)
(43.725536607558503 1.8566559293688794 2.9718363221250716e-11)
(42.755127773523661 1.7101617100730102 3.0840612498164178e-11)
(41.75451171161869 1.4572839680062504 3.600295719800778e-11)
(40.664757384084531 1.2391378103984172 3.0810130591319152e-11)
(39.559691571308846 0.85599639261551219 1.7768062205920203e-11)
(38.352001311993057 0.4924790377078756 1.5301536338872765e-11)
(37.234056895514229 -0.17886542773649472 1.5977395684784308e-11)
(36.067160396896249 -0.98256907746156918 1.6515930797793678e-11)
(35.460807713820529 -2.578990587050519 1.5469297307399904e-11)
(35.127059571330108 -4.8910207883513008 1.5555909518544184e-11)
(58.016635696452312 -2.3555986111065086 2.8822239202230777e-12)
(59.086641739981147 0.56852848535846034 -5.9453387389695783e-12)
(57.633272545076736 0.73385947659599293 5.8585614411621475e-12)
(57.643584170501512 1.5495537758246181 2.4121725333445868e-12)
(56.666113636662864 1.8093630746839546 6.5449797717756642e-12)
(56.294096163973919 2.0837433695091807 1.9563006152256274e-11)
(55.566430847445694 2.2437523096751906 3.0125649709786499e-11)
(55.079522310456511 2.3645920735291872 2.5563437791708284e-11)
(54.460029463267375 2.462209825301954 3.1869771813831022e-11)
(53.932585331575723 2.5336316914670229 3.7244461860896994e-11)
(53.347210674302232 2.6027167319587039 3.33653355486986e-11)
(52.786981847668969 2.656750856585576 3.4047583031008405e-11)
(52.192541786673374 2.7074967840438808 3.7698609996421379e-11)
(51.590574429606804 2.7487004584807919 3.9779170259105845e-11)
(50.961012277225819 2.7807433694855899 4.3668836182539758e-11)
(50.304469662701358 2.8105745662353443 4.5600286792625252e-11)
(49.619276054756142 2.821857538615522 3.7547192935286937e-11)
(48.894615038387009 2.8369757330403909 1.61650634964538e-11)
(48.141822122968193 2.8194486263194634 2.1846759141670504e-11)
(47.341854894435443 2.815729278926725 2.3329337601282638e-11)
(46.515996295324101 2.7633077198294953 2.4382276059037075e-11)
(45.635124296239745 2.7384629378076935 2.2008880448136926e-11)
(44.735279006296743 2.6406893359984123 2.0338246572887372e-11)
(43.772118973195312 2.589503519755445 2.2201868204639676e-11)
(42.80281150630006 2.4282632657668071 2.2659473783405098e-11)
(41.76708156423107 2.321972203296907 1.9503322821358329e-11)
(40.780458440370005 2.0290789846956385 2.3749454780657116e-11)
(39.771637287306071 1.7212609325520822 1.524089680506394e-11)
(39.015347067972719 1.0067323959398535 1.4917188979681469e-11)
(38.531666681190124 -0.12061254871666607 1.4307263034121905e-11)
(39.098687954618853 -2.5014121178563289 2.0979647900325478e-11)
(40.298112543497865 -6.3160282032293606 3.0313294870423177e-11)
(59.753790019418716 -2.5816358770526646 1.4437919825796157e-12)
(60.952548477445539 0.77604706526847089 5.5173283043156691e-12)
(59.220621289534044 1.0362099057419942 -5.3594543967019322e-12)
(59.233165151888841 1.813947139048262 1.7480225205812558e-12)
(58.199264407357525 2.0955714305465509 7.894108779891097e-12)
(57.813098735077908 2.3416937604643246 7.846431764201157e-12)
(57.067718223443975 2.4974814000331782 1.0015014377948677e-11)
(56.569834195061354 2.5996865551394461 1.4127727500939361e-11)
(55.944845812969611 2.6895525088482581 1.0952702484871877e-11)
(55.413991603616516 2.7509287492221408 1.7504399544326952e-11)
(54.827680099475288 2.8188124817568996 1.2732953674604644e-11)
(54.263688330933533 2.8753958289088732 1.6516957244732153e-11)
(53.667332005299158 2.9390325734916578 2.5063736026239339e-11)
(53.068250139370164 2.999726515014324 2.565106157159937e-11)
(52.45320069471515 3.0602127243519641 3.2792822151784086e-11)
(51.824250575293874 3.1259126133456108 2.6695919272413487e-11)
(51.186513302548882 3.1786661210130442 2.6577237348057324e-11)
(50.531958634452792 3.2411974894852262 3.214468072760585e-11)
(49.882123945398703 3.2713940492136033 2.8861420718798552e-11)
(49.221161265819759 3.3209526890530361 2.7929200041388807e-11)
(48.582860889040973 3.3166598429835576 2.8175024883528072e-11)
(47.940296028653741 3.34502590893337 2.0595660435426273e-11)
(47.343352606926359 3.2871129152897272 1.3218761070752239e-11)
(46.750577831234999 3.2830515058252518 2.1396926379881159e-11)
(46.239199473063799 3.1396436290799032 2.1905668565405797e-11)
(45.770499261778411 3.0420803118511901 2.2003666143577514e-11)
(45.491013534240956 2.6684172185014354 1.9946211781671891e-11)
(45.442788516311921 2.2040112480506706 2.0330902655143928e-11)
(45.991559912052935 0.98170680871226201 2.0755746702808781e-11)
(47.280372316296869 -1.1159617807935813 2.0791989703920363e-11)
(49.675234313407458 -4.6919973238812318 2.4379384263629616e-11)
(52.722978189607701 -9.9792518439407001 2.3265285175827688e-11)
(62.229999987537425 -2.9539448287657963 5.4941055541336911e-13)
(63.480925849414781 0.94666884487913305 7.0659708710012863e-12)
(61.452154981992109 1.2421585691976036 1.5778759823295342e-11)
(61.369335113968333 1.9655982721101382 2.051005703192277e-11)
(60.254165981633477 2.268884724698105 1.8030648840976037e-11)
(59.818861536283165 2.502810580894836 1.9540030714281337e-11)
(59.056696512565885 2.674925454482028 1.624817455391691e-11)
(58.560842903325835 2.7847265366380656 1.3059970365345632e-11)
(57.970504520773986 2.8940324526472332 1.3139935898681558e-11)
(57.508259317723848 2.9765730921587941 1.1984906749635002e-11)
(57.040910352560367 3.0729105361924485 1.0989285692857538e-11)
(56.652949439887571 3.1572151015900158 1.0824238325215732e-11)
(56.302900217301456 3.2425072573157565 1.0918613189928635e-11)
(56.023061274460318 3.317294107425937 1.1039177819374086e-11)
(55.807488617708266 3.3842744591762797 1.1424356241396682e-11)
(55.658959690078966 3.4525751802662499 1.1090122468069336e-11)
(55.58767254455023 3.4989511027878786 1.0829085486504905e-11)
(55.579772164434956 3.5512283510593972 1.3899545859366956e-11)
(55.65765218772848 3.557764418246089 1.5684148856506516e-11)
(55.794353592448367 3.5819099016360485 1.8181997208773612e-11)
(56.022080915399627 3.5348150799553784 1.8143111566690071e-11)
(56.301133257330818 3.5235911191285596 1.8152008072634057e-11)
(56.681441268299039 3.4019526940874534 1.8286799372015248e-11)
(57.120485303701379 3.33620685883951 1.8174862024019133e-11)
(57.73240955671109 3.0753367163803653 2.1514359170396942e-11)
(58.513899625586689 2.828369892047037 1.919834236789613e-11)
(59.702711381282178 2.1336764195022875 1.2846491951473663e-11)
(61.280361884952399 1.0902205440931421 1.5396898954559809e-11)
(63.637181085809154 -1.0053939027641654 1.7596518374758089e-11)
(66.423744419903869 -3.912953625044743 1.6077381395048188e-11)
(69.879028492688292 -8.305447333689207 1.5339379943828685e-11)
(73.693267197356931 -14.452580182289054 1.7117801534709751e-11)
(66.320086437108685 -3.1309714038622016 1.3064863134230836e-13)
(67.716829836286863 1.2550722344693284 6.5876877606247526e-12)
(65.433877989726142 1.6859871350852109 9.7999049817885197e-12)
(65.504474832213674 2.3013114454653296 1.6605371825924524e-11)
(64.598168162761965 2.6051599874354596 1.6553056837257902e-11)
(64.4449308935136 2.7822654096113615 1.0228758317603562e-11)
(64.059779457525707 2.9206060474587123 1.1401845549020216e-11)
(64.024878052902565 2.9790798024731822 1.7732068348496573e-11)
(64.024367238298453 3.0370354353458242 1.2460453337890841e-11)
(64.274616524858814 3.0534020122246224 1.4421745223632542e-11)
(64.656027175146832 3.0774696066813987 1.3063740647145034e-11)
(65.236280168812073 3.0800301419195244 7.722425121387171e-12)
(65.971294420222364 3.0848866428065347 8.165635559037118e-12)
(66.862851557202788 3.0774522606821519 9.3150147558845639e-12)
(67.881363348620013 3.0628301038180146 7.8121468394488268e-12)
(69.005562751054256 3.049337180690427 8.6917283876113907e-12)
(70.235265357561246 3.0125841894400529 2.6966180077702769e-12)
(71.533788630983764 2.986100279853741 2.0954537765634264e-12)
(72.916302719550757 2.9112558287510852 6.0504697198593278e-12)
(74.338837036627226 2.8640847571749548 8.7351729247384638e-12)
(75.83733953571658 2.7387903924240331 8.4940632513084052e-12)
(77.370606061857174 2.6608563252695223 9.4256206662828811e-12)
(79.010583131215569 2.4437511225018329 1.1738449220183226e-11)
(80.73087809623037 2.2637612573592651 9.6437220650941834e-12)
(82.652447113868348 1.7775754471463858 7.6414420225420669e-12)
(84.729455299363337 1.1977354197432739 1.3994999923818085e-11)
(87.173419857755732 0.018860110456935454 9.6805818453500355e-12)
(89.814558931869016 -1.4403203389681829 9.7394338846643231e-12)
(92.634377082575057 -3.9035196873064431 1.2661129787913299e-11)
(95.479415356534446 -7.0079349632685943 1.2213104515930873e-11)
(98.472784579365509 -11.753939374472971 9.5020322070266034e-12)
(101.73374754217332 -18.200607401828478 7.8812328014019035e-12)
(76.439953448011735 -3.6495063547247746 -5.6931918491291123e-12)
(78.126816167229549 1.4257569363378262 -2.1314355600856895e-12)
(76.28780508945367 1.7864011967622897 -9.0909305941920598e-12)
(76.893366663919409 2.2235807638442062 2.2752393901800655e-12)
(76.901997251927611 2.4843913359381999 2.0290045377101573e-12)
(77.825087320124879 2.5957380095469675 -3.4552668409566774e-12)
(78.815190712816602 2.6782033544128825 1.9007231594555745e-12)
(80.323675768789286 2.6612716885454222 7.9972778325392516e-12)
(82.042171440013917 2.6305789439721861 7.9214661570039369e-12)
(84.086310868678794 2.5535519202595189 -2.4806861439447477e-12)
(86.327172800699273 2.4825284893009041 8.292155903566997e-13)
(88.769313912155326 2.3920069251842713 -5.2804347436735862e-13)
(91.347578747369127 2.2948591308066413 6.7660507779728397e-13)
(94.007653077407511 2.1994130793968583 1.976541155287062e-12)
(96.719425842320405 2.0989964645968286 2.7768388222421485e-13)
(99.435008681120635 2.0148762115401415 -1.2468963925302495e-12)
(102.16125879817523 1.9041606098470769 -2.3609174278248664e-12)
(104.84488260701355 1.8220137290350742 3.2560806156050403e-13)
(107.51320283680897 1.6806459427770444 2.6781928576660764e-12)
(110.11425569220653 1.5820359910808974 4.1255568228270186e-12)
(112.70152991566813 1.3736775544240416 3.4279350644494183e-12)
(115.22971093853876 1.212604905275162 3.5940445149994325e-12)
(117.78863089622361 0.84804422013866021 3.1057631409972317e-12)
(120.32840607640941 0.52696617946623348 5.9198789227285752e-12)
(122.91103219102368 -0.12666508700394333 8.6655728063075618e-12)
(125.3928574640707 -0.78872714241221586 1.1007309679866562e-11)
(127.76316757650939 -2.0421737282816199 8.8319554497396801e-12)
(129.8962487479223 -3.4102840934760921 8.6576656950502261e-12)
(131.83501197780149 -5.8305031317982596 6.796662095304165e-12)
(133.55674035532479 -8.809973852062484 6.8356280883416895e-12)
(135.09102443822306 -13.671679442186855 6.9543980931289475e-12)
(136.85253279608725 -20.153156045628645 6.9748159088867083e-12)
(102.42847061735968 -3.811474038405823 4.6335851467497348e-13)
(105.47876064112849 1.5140317933087331 2.4165370519995969e-12)
(105.32247747409158 1.9579574311101988 -2.0979350798151777e-12)
(107.89305212704731 2.1357604129304812 -2.175662927311896e-12)
(110.36911875810915 2.1870980795631336 -6.2532846725672784e-12)
(113.80154365626514 2.0396108075612998 -1.0158120487277584e-11)
(117.42117748940761 1.8670453194667438 -8.9220966881789317e-12)
(121.41462561150938 1.6150050178709119 -1.3710486914173949e-12)
(125.49561230470333 1.3725789269591797 2.5470113044165875e-12)
(129.66177471084484 1.1103497513121487 2.4281373616233039e-12)
(133.82915212873064 0.86567404700029416 2.359170512423551e-12)
(137.97560347668551 0.6358774961082766 5.9034235278352455e-12)
(142.03624687223453 0.43811293108178939 5.5112682944803999e-12)
(145.93586238870753 0.27893452430001392 5.0431493483659241e-12)
(149.71307208821167 0.12899641074280815 1.8226134920565418e-12)
(153.2896033648133 0.021152222236087873 4.9166670269506383e-12)
(156.7333882161565 -0.10784206492486151 4.8814418561012734e-12)
(159.96608205706235 -0.18613252795260096 4.6582626717810237e-12)
(163.06680033927069 -0.32723400401085756 3.7342654919832586e-12)
(165.9472092532738 -0.40515207278392174 3.696411238320908e-12)
(168.68740933252232 -0.60262562030617839 3.7614623649489633e-12)
(171.18544492869194 -0.72630794325840575 3.7753318738504343e-12)
(173.4938905630174 -1.0604033568482514 5.2394781689299342e-12)
(175.49022614086124 -1.3056398358147685 3.8601877792826738e-12)
(177.22631345017135 -1.8736210664025905 5.2974898270593733e-12)
(178.62458593553242 -2.3611622846124458 5.2212843183808901e-12)
(179.63893050778773 -3.416856876553799 5.0386159367687302e-12)
(180.24784118320608 -4.5312159271052739 3.6608296402915775e-12)
(180.33322622229991 -6.7135948572371085 3.5639049747568826e-12)
(180.01640897676145 -9.3579170470385797 3.6054050964551555e-12)
(178.93327985554356 -14.004674562357675 3.8098959502924744e-12)
(177.98820736583332 -20.00640021542138 3.8807598532782343e-12)
(176.13624866510932 -5.1198226301935765 5.1489310500985235e-14)
(181.12546104643155 0.71692247823140787 1.5147990557406983e-12)
(184.11587043338247 0.66397033003846972 4.4171880821482337e-12)
(189.21012730983688 0.44743210981222914 1.4242036583575373e-12)
(194.39163227881096 0.24949834581220501 4.1647843958380796e-12)
(200.00823549584086 -0.0036806986660131791 4.0432532720114235e-12)
(205.397074993112 -0.22166505841495107 3.8744519948182222e-12)
(210.53679050132973 -0.43033320054847735 6.3743782374862521e-12)
(215.26240408892102 -0.62155257349015114 7.1229284021348935e-12)
(219.50761199791665 -0.78092581340497913 6.1710016732235226e-12)
(223.29649844726339 -0.93991675567339761 5.170342854842758e-12)
(226.54056655944208 -1.0498227801812658 6.5150896166058047e-12)
(229.40463050877986 -1.1615518411294878 3.5931423642915257e-12)
(231.85084200776276 -1.2123382360096298 1.0643698123307641e-12)
(234.03097093969905 -1.29174248402028 1.0758734624570106e-12)
(235.88867307154973 -1.300783530021276 1.1349623466959585e-12)
(237.56271170833975 -1.3679091126320599 1.6498178834576287e-12)
(238.98397674872251 -1.3504587133757666 4.5468834301180917e-13)
(240.26598360681203 -1.4288536988655129 -7.357883958937131e-13)
(241.33117961585742 -1.3982758022156905 -7.0999060437922294e-13)
(242.25889563066366 -1.5114782334928107 4.1703135726380447e-13)
(242.96806818237764 -1.4824527285660489 4.4909056350918986e-13)
(243.47974419487971 -1.6672236836269601 1.6297575848219657e-12)
(243.7160683015052 -1.6689644948926865 1.661532952010436e-12)
(243.66815602503257 -2.012398404628629 2.3240838447473023e-12)
(243.30874183863122 -2.179725790747236 1.7107471497413099e-12)
(242.50674856315436 -2.87932312534944 3.7204996332740043e-13)
(241.34871611358039 -3.5092873027625262 3.4567599081747601e-13)
(239.42638453100551 -5.0600045578243549 -8.4920755990142965e-13)
(237.0915255303114 -6.9751842991622981 -8.6785052160462663e-13)
(233.62732743751275 -10.777601548912658 3.1216471630843294e-13)
(230.59251618568592 -15.763274936672847 2.2860683899964166e-13)
(424.05998448965454 -5.1130624208875401 5.1825578051923621e-15)
(427.50104343854429 -0.44833536901052323 -7.2373640155060685e-13)
(427.28223642646736 -0.24158903388769012 -7.3510772330467625e-13)
(427.43299710191917 -0.50665597418044328 -7.4671040654626575e-13)
(426.30989628120489 -0.79998089376276571 -7.5881248972341645e-13)
(424.51113939702651 -1.0735749198925484 -7.7578604717067659e-13)
(421.90474828100645 -1.2842798854638404 -2.334541940544688e-12)
(418.84270043589783 -1.4354848440540184 -2.4070072409167829e-12)
(415.30595895795352 -1.5594120321921878 -2.444622369577356e-12)
(411.54731399525679 -1.620776832672195 -2.4922245260938909e-12)
(407.53396913971562 -1.6777675301068951 -2.112535526159076e-12)
(403.47824640908755 -1.6745133792248357 -8.6932089928952374e-13)
(399.30518542347249 -1.6985766554390029 -8.778847732927471e-13)
(395.22392619841798 -1.663376974466455 -2.6528639645171316e-12)
(391.10217253785851 -1.6754632908738043 -2.2606153083541965e-12)
(387.17267571520665 -1.6183483733292297 -1.3820642242866806e-12)
(383.23179101185258 -1.6326720994244583 -2.3338790375928385e-12)
(379.55941774317273 -1.5613409712147233 -2.3635715071524662e-12)
(375.85808090546914 -1.5900823611214949 -2.3987069034470929e-12)
(372.48131122100932 -1.5078671696761621 -2.4332448580092011e-12)
(369.01068406318126 -1.5625531687196808 -3.4429767726497219e-12)
(365.9091810511963 -1.4701180625003427 -3.4850460775466752e-12)
(362.60432772796145 -1.5669416283951194 -3.5294889091556849e-12)
(359.70904599976211 -1.4774637219979041 -3.5733104638178572e-12)
(356.37288987435829 -1.6738906529920368 -3.6194686139467984e-12)
(353.34535139731781 -1.6848526580923291 -4.7112541068561666e-12)
(349.44696388016268 -2.1159757420628824 -4.7799996073328543e-12)
(345.47587424436495 -2.4745089496496737 -4.866292766454573e-12)
(339.74565950849995 -3.5399067923094654 -3.8718547802630924e-12)
(332.79678010428131 -4.9846998253277039 -3.9976155047393288e-12)
(321.9655750231326 -8.0591257336574404 -4.1924436680337458e-12)
(307.37058864117739 -12.415709849009991 -4.5288022407002777e-12)
(56.177600447023075 -0.82562558653896245 9.2852178677038665e-10)
(56.841760872573616 -0.86651274808369727 8.2089354336339205e-10)
(57.541031973965893 -0.92151906050871935 6.9562013843098947e-10)
(58.305858942472248 -0.97708756915978945 6.6209200208926906e-10)
(59.105118141291946 -1.0218029770012405 7.4025182845428542e-10)
(59.925478258225397 -1.0735139331045183 7.2815991353624004e-10)
(60.803240610208213 -1.129316549700607 7.1502695555177263e-10)
(61.719806283857821 -1.1854399864080696 7.1816493613234976e-10)
(62.724745707665548 -1.262649216390459 7.4898050185263785e-10)
(63.779663478589988 -1.3029309389853627 6.8557352164666452e-10)
(64.85914477407519 -1.3813990741563753 8.0457883986043946e-10)
(66.03012275826552 -1.4404660861844425 8.327456241117657e-10)
(67.244915863138857 -1.515331228450886 7.5920133460034652e-10)
(68.547348916691519 -1.5854376850936009 7.1074708247797625e-10)
(69.910590825084242 -1.6627207923820166 7.078243600377815e-10)
(71.359124984564588 -1.7399857681417601 7.0913587397402495e-10)
(72.879542882597306 -1.8216327238486498 6.9988716221712344e-10)
(74.485188170559823 -1.9066692456906116 6.4882763531186026e-10)
(76.170180453626259 -1.996053516372142 6.3579982697177613e-10)
(77.944576298091064 -2.0887973383412461 6.6660403595536149e-10)
(79.810967275952734 -2.1832152854465297 5.9692455813639908e-10)
(81.773700297748121 -2.2801250834258853 6.2018277746009344e-10)
(83.836856550966587 -2.379530456956207 4.8273040741122476e-10)
(86.004550460320701 -2.4814095515966805 3.7273496524939237e-10)
(88.281537666361274 -2.5862712379426576 3.6339232091900719e-10)
(90.672422754953487 -2.6938311678183755 2.0989542062981342e-10)
(93.182271329552023 -2.8048432064470696 2.8465458132765614e-10)
(95.8165348622789 -2.9186704188123778 1.0493516915309159e-10)
(98.580753022455895 -3.0365070942129804 1.2373980769001427e-10)
(101.48069244013227 -3.157083133776033 1.3961393920135419e-10)
(104.52293305872494 -3.2823171481362814 1.2102749762559387e-10)
(107.71379762428168 -3.4104722087434074 6.7479000189261122e-11)
(111.06046539602006 -3.5438401973651676 6.6772397391744337e-11)
(114.57037995982606 -3.680412144993042 3.9822937268874774e-11)
(118.25147336186404 -3.8228274014203838 -3.8347667624092902e-11)
(122.11207992412764 -3.9685699856664467 -3.7492891615424301e-11)
(126.16084449540604 -4.1207733114288336 3.9820074838137946e-11)
(130.40810645946385 -4.2768450040570665 1.3232218842023277e-11)
(134.86302118582026 -4.4402174251238336 7.8008591923089947e-11)
(139.53681779540267 -4.6076272987875271 6.4812921553572201e-11)
(144.44111772498849 -4.7835777562389339 6.3911784668543796e-11)
(149.58776618041139 -4.9640164321346072 3.8741667697898796e-11)
(154.9902908655165 -5.1541855602744908 -3.6735840957119122e-11)
(160.66293099439088 -5.349542528401499 -1.1046663396138703e-10)
(166.62043084281953 -5.5553301846790353 -9.7528745989102139e-11)
(172.87911158762992 -5.7674162191222962 -7.2499059718740596e-11)
(179.45648997327794 -5.9910737573364239 -7.9871113056603369e-11)
(186.37165004879108 -6.2219591717230633 -8.9897437031931506e-11)
(193.64272066059343 -6.465889812175261 -7.7102339400148282e-11)
(201.29425610364703 -6.7184556088048382 -4.1069323059649413e-11)
(209.34806800014951 -6.985958126747299 -5.2836222335482806e-11)
(217.8289879877282 -7.2629591442980495 -5.220847514358155e-11)
(226.76475342334729 -7.5560755591318731 1.8942502647809858e-11)
(236.18782701117723 -7.8625213154025495 1.8551504529316789e-11)
(246.1258582626528 -8.186296907367506 1.8559750673269778e-11)
(256.61683149029415 -8.5236496390190108 3.0292433989454425e-11)
(267.69685275713488 -8.8844827714842189 1.8335605518772319e-11)
(279.41091441902489 -9.259086846569998 5.8740061106019655e-12)
(291.80359657062621 -9.6618473536181657 1.7704964550143056e-11)
(304.91881986929275 -10.078398886037011 1.7285529248159043e-11)
(318.822796581099 -10.530937522301281 -6.4922775730878048e-11)
(333.55718056688539 -10.996779846886687 -8.3796646145059071e-11)
(349.20729278085827 -11.502732929844328 -9.1833401512992988e-11)
(365.8291929474575 -12.031023678464537 -1.2736262617410383e-10)
(383.51761556845241 -12.602390592966879 -1.6061663089713935e-10)
(402.33841204411522 -13.197734507967624 -2.1572489140753293e-10)
(422.39642921690904 -13.836756492618333 -2.1494228196537525e-10)
(443.80884522274272 -14.515167263263439 -2.4736504567540145e-10)
(466.66455070086374 -15.237778036059048 -2.2457465101399425e-10)
(491.09870922252333 -15.995187676560169 -2.2925191476755954e-10)
(517.27049389720378 -16.815682756084648 -2.4383450279837746e-10)
(545.2712369613962 -17.657151684541819 -2.352687932495843e-10)
(575.30718781562382 -18.559082334754045 -2.6338129453683764e-10)
(607.51101751369936 -19.495753963207836 -2.4341946589186083e-10)
(642.11791866443502 -20.543531394042812 -2.4270974274839564e-10)
(679.53530035953793 -21.720252997762778 -2.1138486054144881e-10)
(720.08144441156526 -22.981033266680274 -1.7261642504489985e-10)
(764.06403112477813 -24.289998000222258 -1.5707918492094956e-10)
(811.73794538920731 -25.617756061514282 -1.4447798134421014e-10)
(863.20701827744381 -26.877673897311862 -1.2869221206927786e-10)
(918.48534719344366 -27.994659027546895 -1.2232595385445743e-10)
(977.34995640559202 -28.80109202587256 -1.1563709628951512e-10)
(1039.0182775086007 -29.100344674586399 -8.2747750000214659e-11)
(1104.7446883231312 -31.400020394303134 -5.7702454755242227e-11)
(1178.1828182387762 -32.093392511320431 -4.2787780005230398e-11)
(1254.6028778092425 -31.43758371965604 -2.4699356630234679e-11)
(1331.3782243797011 -29.992493120365936 -8.010604698607036e-12)
(1407.5537901503756 -28.452793888456419 -4.3604801718944032e-11)
(1484.1733681787412 -27.862974990333345 -5.8180837134523334e-11)
(1560.9818471062065 -25.97753643104754 -5.7015207150343055e-11)
(1631.8310080510566 -22.232721930960885 -4.3686313554160718e-11)
(1692.4449892981988 -18.261658496335375 -2.5528804799133395e-11)
(58.04787648607256 -2.8273587061726055 1.0054854605429831e-10)
(58.797746695419377 -2.9659570875979329 1.191023314863172e-10)
(59.58603062247802 -3.1321781766738956 1.290215085476388e-10)
(60.469268034149756 -3.3006499469855957 1.5569535828184852e-10)
(61.382811112740235 -3.4421529880183965 1.6069220787486409e-10)
(62.295738249964394 -3.5876896418944293 1.5630423690244599e-10)
(63.279674430816449 -3.7474373217998318 1.5714158520959417e-10)
(64.308603055797732 -3.9198703880934804 1.8668487012088128e-10)
(65.464480182647634 -4.1284335023214691 2.1303613340713592e-10)
(66.655842940437211 -4.2612045041400313 1.9084441431915281e-10)
(67.830748908246932 -4.4486581338205307 1.9589492663000538e-10)
(69.139082743674777 -4.620466388621284 1.8038173320858839e-10)
(70.484530526183548 -4.8180679053835069 1.5512755960795335e-10)
(71.935664685770234 -5.0128895103650501 2.0712672232385757e-10)
(73.449260272960842 -5.2197491438682073 2.1614042593680236e-10)
(75.055853726322184 -5.4270900409988521 1.8808696573297117e-10)
(76.73560502665805 -5.6410069616588245 1.8777887587072177e-10)
(78.501014278089968 -5.8572962953196734 1.7494695296416777e-10)
(80.340919164504257 -6.0778219934762765 1.3614594458194788e-10)
(82.269952802571737 -6.3056586117710136 1.3943017439755845e-10)
(84.29356996664626 -6.5391063448628497 1.5743478515055869e-10)
(86.41489498576469 -6.7788963984232797 1.2916255582197525e-10)
(88.638798212501982 -7.0247464404860827 1.2856134711284199e-10)
(90.96931816826816 -7.2769464608822219 1.0031247550598726e-10)
(93.411348295524306 -7.5357471927125488 1.1857460836377266e-10)
(95.969750206225626 -7.8013069838783942 1.4601360705334831e-10)
(98.649658023544774 -8.07412908698333 1.3723394747616358e-10)
(101.4567395237918 -8.3541893156637794 1.4688257130883153e-10)
(104.39646133902077 -8.6421831643684026 1.7805738512752497e-10)
(107.47540944333305 -8.9378778671842483 1.5680983110948734e-10)
(110.69948926185151 -9.2422956615475815 1.2506687018865622e-10)
(114.07629459653386 -9.5551195911566893 1.3397412554842015e-10)
(117.61216585813433 -9.8775050347078928 1.3300814794896469e-10)
(121.31595340804888 -10.209052574521561 1.1574811223712543e-10)
(125.19429853625788 -10.551196844340492 9.671294076805926e-11)
(129.2578711818492 -10.90353507046191 9.5172633949409751e-11)
(133.51353871818486 -11.267504411821436 1.2149161559889675e-10)
(137.97386377222332 -11.642546009439672 1.4483313106200379e-10)
(142.64640754544746 -12.030683428385643 1.2928895930139303e-10)
(147.54519650705993 -12.430603254169501 1.3366618558334168e-10)
(152.67949029985988 -12.84547325296696 1.3711111356930832e-10)
(158.06469412251053 -13.273346565817024 1.5264651210994491e-10)
(163.71103642477843 -13.717608618309795 1.4319439295587526e-10)
(169.63713686096276 -14.176715481466774 1.613155997418174e-10)
(175.85420076190721 -14.653990441941433 1.5697081059205123e-10)
(182.38284119768048 -15.147935687778427 1.4645238624330945e-10)
(189.23716044649683 -15.661863919173372 1.3318754449994167e-10)
(196.44126508983979 -16.194477935901464 1.3252156006251435e-10)
(204.00950508492696 -16.75004473241103 1.1914018743950435e-10)
(211.97068341622187 -17.325975546949433 1.0994807179039429e-10)
(220.34284428527599 -17.928318809931575 9.6964301714626329e-11)
(229.15792046075265 -18.553788235902474 1.1695341019305867e-10)
(238.43752651119826 -19.209242561258396 1.1641316654144593e-10)
(248.21783434627017 -19.891239462023009 1.2426080791835719e-10)
(258.52826151045593 -20.606227448020871 1.1992656746089385e-10)
(269.4085605696215 -21.353108665081155 1.2211440647178254e-10)
(280.8882196635185 -22.135942156927392 1.0412714707371197e-10)
(293.02462416861664 -22.957019476919204 9.3408727917742439e-11)
(305.84895591599889 -23.819045628303542 8.1067968573665782e-11)
(319.42312137117455 -24.723629785544489 8.0550513417159579e-11)
(333.79238106191985 -25.676812174700544 8.312741301770208e-11)
(349.0309536900802 -26.677733855961066 7.7525510467494845e-11)
(365.1868569164053 -27.735125346955908 9.1489131709085582e-11)
(382.3429610631041 -28.844870932176086 8.7559560420602249e-11)
(400.57461828050913 -30.02105442338522 9.8960539988934458e-11)
(419.9790300749404 -31.256925162714452 9.8494421671104155e-11)
(440.63079385948839 -32.565839923736618 8.6727418238319617e-11)
(462.65231700397572 -33.940946634595427 8.663389043343451e-11)
(486.14032429268565 -35.398516125872867 9.0315250354403003e-11)
(511.22752995523155 -36.923004928095942 9.306039193720185e-11)
(538.04666293564492 -38.539949025262096 8.6053817363746848e-11)
(566.7454978045032 -40.223439463501776 8.7119165952876763e-11)
(597.45852735546703 -41.991957831149399 9.0448336598240973e-11)
(630.36727321335036 -43.832729080459188 1.0105734606044994e-10)
(665.72024157284795 -45.861788569419154 8.9166991101624026e-11)
(703.90651702194998 -48.07773541195845 8.0170652947825313e-11)
(745.20967990823317 -50.417531284453496 7.921073448607038e-11)
(789.85186811173776 -52.800807090095269 7.8733357942825091e-11)
(838.0027151077885 -55.180814605223738 7.3108191518608875e-11)
(889.68928955513366 -57.415414797091287 5.890264859135022e-11)
(944.80986191676107 -59.381608504151728 5.9058457938315787e-11)
(1003.1318971606289 -60.870351471167879 6.427344169867931e-11)
(1063.8756563085151 -61.533643512748 6.1195297030539778e-11)
(1128.5547510331451 -65.052775182256298 7.37939068547712e-11)
(1200.7924194980128 -66.005926596114122 7.7858777013929594e-11)
(1274.7665102784604 -64.846171565213723 7.3027869904903831e-11)
(1348.436242141976 -62.453821277090704 6.9513446200820492e-11)
(1421.470314935229 -59.785847034406537 6.6129401711329953e-11)
(1495.0679711124196 -58.163351865312393 6.0831324106154983e-11)
(1568.3653322909443 -54.192258333583965 4.8562623660954533e-11)
(1634.9525118138752 -47.121133176627019 3.4512272105520334e-11)
(1691.2090456671015 -39.077974264066739 3.214509055916821e-11)
(57.291892486507798 -4.6642477152850548 -9.2383276250657384e-12)
(58.026776945141656 -4.8923890452430392 -8.250521949828922e-12)
(58.797398788141976 -5.1524495897043927 1.6104422858199835e-11)
(59.691662680621512 -5.4181519797997186 1.675658244299217e-11)
(60.607749012660449 -5.6575833768283772 9.416133835040538e-12)
(61.498516870747977 -5.9006748098636574 8.0816415920553184e-12)
(62.473617672529365 -6.1594658751223781 -2.0794559338839961e-11)
(63.492680382082192 -6.4308569982070516 -2.3252582599074684e-11)
(64.676888609612803 -6.7481902318134157 -2.9040988123690061e-11)
(65.874536865640181 -6.9918544531921736 -2.8975084300838864e-11)
(67.01467160990903 -7.2946875160268183 -1.0313345573919651e-11)
(68.329235545797943 -7.5797936862535913 -1.6683671222131576e-11)
(69.667704334829637 -7.8965379377796392 -1.4886531474243057e-11)
(71.129954301460359 -8.2112127692499239 -5.0763766340700288e-12)
(72.65008521252075 -8.5437671374064266 8.5971738809396633e-12)
(74.269979985489698 -8.879705349951589 1.5328864396651247e-11)
(75.959318566032721 -9.227342733289051 -3.3807873694629785e-12)
(77.733070835637847 -9.5787235209018622 -2.5948958339655604e-12)
(79.574173268087378 -9.9372085368163052 -2.282031828699605e-11)
(81.503333576396926 -10.305784883122897 -2.8871239395022519e-11)
(83.527798492886163 -10.683246934180492 -9.9001282217072362e-12)
(85.649601767049333 -11.070678219041804 -9.9841273397299875e-12)
(87.874183432185632 -11.467851593675579 9.2549260654581338e-12)
(90.205235634190757 -11.875446535027098 8.8895811424990277e-12)
(92.647823646967908 -12.293681802900684 1.3235130934312521e-13)
(95.20672170234441 -12.723155275935035 -4.5303314604951886e-12)
(97.88710167287644 -13.164226405830519 -9.4648066231720427e-12)
(100.69461323669231 -13.617476687457451 -1.4676935196670281e-11)
(103.63478229543003 -14.083378255545126 -2.611002444030587e-11)
(106.71421667355415 -14.562580912434676 -2.8925541102521164e-11)
(109.93882992379845 -15.055539458580085 -9.6272299540496004e-12)
(113.31629766922859 -15.562961752370214 8.8034973980449303e-12)
(116.85292231595093 -16.085374676529199 8.8176393302786515e-12)
(120.55769635531901 -16.623568685108559 1.01870265976171e-11)
(124.43725280597646 -17.178255810608022 1.0859679044974801e-11)
(128.50218853123729 -17.7503379798964 6.4786879398408708e-12)
(132.75945229071257 -18.340522619659101 1.4198595668571003e-12)
(137.22145117489839 -18.949798089982195 -8.8453244898286894e-12)
(141.89600703172979 -19.579344233526616 -2.306700921305028e-11)
(146.79713914032808 -20.229738426646652 -2.7704971904091329e-11)
(151.93339231347861 -20.902538419719605 -3.1632149062564495e-11)
(157.32167998472929 -21.598432674662856 -3.2140103378024086e-11)
(162.9706458999637 -22.318948636274577 -4.1716693813808608e-11)
(168.90010045084261 -23.065192851150485 -4.7913479880240253e-11)
(175.12030952089975 -23.838990032345151 -4.8255513721144767e-11)
(181.65276917650343 -24.641395846169175 -5.9440820729138215e-11)
(188.5109723946488 -25.474642082259905 -4.5165573179153693e-11)
(195.71882387843092 -26.339685376184896 -4.0637206611264279e-11)
(203.29059212685567 -27.239726640972584 -3.9442040702303485e-11)
(211.25740842832366 -28.174697615079349 -4.2016600877591748e-11)
(219.63384074869384 -29.150140137201461 -5.4877378745510493e-11)
(228.45427133201531 -30.164307592389044 -5.8279146465238187e-11)
(237.73769771475548 -31.224774687431001 -5.7667740614498241e-11)
(247.52562633358326 -32.329265341016573 -5.43147313357779e-11)
(257.84056508707386 -33.485717376817782 -5.3688459656520327e-11)
(268.72718350029612 -34.694936698130903 -5.4437041477263671e-11)
(280.21480204141142 -35.95838616994574 -6.1405751553231687e-11)
(292.35767219092588 -37.287497773410436 -6.6429104524441682e-11)
(305.19182894181864 -38.676152096671387 -6.7337885247262015e-11)
(318.77510559077308 -40.138338276053894 -6.8240197906232253e-11)
(333.15732540246626 -41.672712489009463 -6.8239682093265725e-11)
(348.40406034950468 -43.28900714360875 -6.3851575498526183e-11)
(364.57535136467959 -44.987467556313582 -5.8402787055940738e-11)
(381.75438048885525 -46.777224113860569 -5.626551040362129e-11)
(400.00751444452084 -48.666345949385445 -5.8616120994757604e-11)
(419.43347120288513 -50.652122507265496 -6.156127092048302e-11)
(440.11366186139878 -52.753891376001143 -6.5903050160349081e-11)
(462.17672301753038 -54.959801843029965 -6.3104247304015975e-11)
(485.70810342612145 -57.296342391769436 -6.3265640478926959e-11)
(510.86079283561054 -59.746234524248486 -6.1100815651728211e-11)
(537.7459417493601 -62.331639582501268 -5.5993409871372519e-11)
(566.5334985414222 -65.038950250507398 -5.7554927451451027e-11)
(597.3574269054327 -67.876189842987685 -5.7420883824524923e-11)
(630.40446836358387 -70.830558948654442 -6.2682856625442019e-11)
(665.94392048912482 -74.032854728177142 -6.2142995343053069e-11)
(704.4485637851659 -77.487777854372652 -5.8533104217518696e-11)
(746.1538928856653 -81.115474211687939 -6.3690995776214682e-11)
(791.25763774389395 -84.814602062115583 -6.4814859681466699e-11)
(839.82814644284861 -88.511593524760869 -5.8675564688231029e-11)
(891.88688038158784 -92.024390635948066 -5.8686508004859111e-11)
(947.23158100765386 -95.16442403077312 -5.9029387948479337e-11)
(1005.6551977094796 -97.701832896081442 -5.2840797719919543e-11)
(1066.2863365095352 -99.169915150450436 -4.9311693464080742e-11)
(1131.4409383478196 -103.76104098016309 -4.0863632790398241e-11)
(1204.9758719038493 -105.06138128632512 -3.7399898777257168e-11)
(1279.3082802515605 -103.55795349451876 -4.4314177130396526e-11)
(1352.7016995623844 -100.25446668680807 -4.4599115746331656e-11)
(1425.5549011912763 -96.233561601067365 -4.6769193759761376e-11)
(1499.6591971632722 -92.979353661471137 -3.9816349259010235e-11)
(1573.7170602000051 -86.279416645776351 -4.5216888616307879e-11)
(1640.2030113723931 -75.253947320400343 -5.5333029440222002e-11)
(1695.7797793052748 -62.047131935451645 -5.4907493220929416e-11)
(56.471277734312963 -6.2052025110099818 1.0722440664400065e-11)
(57.181531845683743 -6.5201184316645762 3.9983274710380106e-12)
(57.927634452559474 -6.8744167475767464 -4.4080398661883036e-12)
(58.82535501579779 -7.2409173064392407 3.2693897076951129e-12)
(59.739906343846705 -7.5692212347496595 -1.8954724837173807e-14)
(60.603270618531162 -7.8981240023309081 -2.3201875781169969e-11)
(61.564696234776697 -8.2475833174044499 -2.3991988719164357e-11)
(62.568525136869901 -8.6174977189601325 -4.5928438287362344e-11)
(63.778617711968629 -9.0418767132361477 -5.6681672208754771e-11)
(64.980576815959424 -9.3746440329408873 -4.0301503228062627e-11)
(66.079797378676247 -9.7737796678934536 -5.4745672071460076e-11)
(67.395028048418183 -10.160742784151283 -5.4333941065639833e-11)
(68.719201318241289 -10.584758672094493 -4.0881692498580296e-11)
(70.185950497066983 -11.009224887422263 -5.4588691208441226e-11)
(71.705453004685666 -11.455506600563316 -5.4757279381971198e-11)
(73.331634680216652 -11.907350705186115 -6.0306006982950048e-11)
(75.02266608144086 -12.371750838500098 -5.9756722471070677e-11)
(76.796422601978577 -12.840207589747425 -5.4128180665963086e-11)
(78.629349737641064 -13.317321440863319 -4.8972155715290085e-11)
(80.548284567036205 -13.80760679530704 -3.9539099554564278e-11)
(82.562231035725645 -14.310087485444875 -4.25441580823189e-11)
(84.672208258308743 -14.825768464500229 -5.9145303234309358e-11)
(86.884178605251563 -15.354522687986822 -5.4617495140193862e-11)
(89.201473473406722 -15.897172374406011 -4.9439079118840674e-11)
(91.629338499764344 -16.453993052938284 -5.3625402119463765e-11)
(94.172379644295845 -17.025862986346993 -3.8793565795322939e-11)
(96.835852342553281 -17.613137113877443 -3.3273897232598515e-11)
(99.6253313318784 -18.21684318974274 -2.6418673340674048e-11)
(102.5463784688516 -18.837366679646877 -3.8105679022516992e-11)
(105.60551556952372 -19.475828726969354 -3.3619554057556161e-11)
(108.80866396720926 -20.132538692170392 -3.993379657718586e-11)
(112.16347085752732 -20.808907476264476 -3.7360649453364149e-11)
(115.67623163849453 -21.505140525143513 -2.7456539230532894e-11)
(119.3558994951687 -22.222858515489751 -4.5195918082266639e-11)
(123.20909685847299 -22.962242882454774 -3.7780540691847531e-11)
(127.24642941433332 -23.725163977824636 -3.0627300853804281e-11)
(131.47479903449354 -24.511872350238743 -2.5674670305935643e-11)
(135.90663065786237 -25.324585798026536 -2.3586116408526196e-11)
(140.54939127098353 -26.163504159898448 -4.3840240124771119e-11)
(145.41731847551625 -27.03103662088014 -4.5017026670053215e-11)
(150.51870319930796 -27.927504035812817 -5.8363018966209113e-11)
(155.870148811745 -28.855738569364942 -6.1213174020210127e-11)
(161.4805012835217 -29.815852000135536 -5.2555141241020091e-11)
(167.36947893861478 -30.811108622923452 -4.5477093011187046e-11)
(173.54675923824848 -31.842154273362379 -5.1860719071230174e-11)
(180.03408692287223 -32.91188182486664 -5.1562622459088919e-11)
(186.84493619013355 -34.021960188647576 -5.8158386099214545e-11)
(194.00267183773383 -35.175377826403846 -5.5317282509300697e-11)
(201.52100528415076 -36.37363340849376 -6.6953509774227096e-11)
(209.43174944416467 -37.621130341879557 -7.1658033671329856e-11)
(217.74785835647458 -38.91927438875026 -7.0143862905788203e-11)
(226.50717861403487 -40.272881409600046 -7.3333648486948334e-11)
(235.72242623920823 -41.68375369531504 -7.1789687663809817e-11)
(245.44185357950741 -43.157145682673317 -7.1229708182275887e-11)
(255.68069839721417 -44.697571193620419 -6.8466959810437307e-11)
(266.48969676906597 -46.308886818708771 -6.8110312278117622e-11)
(277.89490489284429 -47.994089621789222 -6.7912200806166688e-11)
(289.94680776968715 -49.764558121979512 -7.3931670035440106e-11)
(302.69446319382592 -51.617968881596127 -7.185921240228967e-11)
(316.17888605944512 -53.568269603273315 -6.6900366857422298e-11)
(330.45813633734065 -55.614951776370653 -6.6541454832458112e-11)
(345.598270334083 -57.77135389918385 -6.6453058112254091e-11)
(361.66326306093259 -60.038889674936627 -6.4572103732558513e-11)
(378.72613341427575 -62.430801431766078 -6.573856511810688e-11)
(396.86045123429153 -64.955654845198197 -6.287367507120931e-11)
(416.17201489579617 -67.612370701074809 -6.0840523459116096e-11)
(436.72414351209011 -70.422945405461192 -5.883356548584226e-11)
(458.67241042885286 -73.378726046162882 -6.1223026899014087e-11)
(482.07846011316474 -76.510317544988837 -6.4291160687793198e-11)
(507.11628648561447 -79.801017842245841 -6.0142243600557818e-11)
(533.88941185555495 -83.272658881290553 -6.3316810265164301e-11)
(562.58294348103107 -86.923534269585048 -6.2413078632955516e-11)
(593.32109380213262 -90.747122957114058 -5.3988253926732877e-11)
(626.3133422686426 -94.744699921507873 -5.3362138057985442e-11)
(661.84934803645308 -99.049397590409328 -5.2712481334339459e-11)
(700.47396549551081 -103.6764047845661 -5.1989364368921972e-11)
(742.42758966203019 -108.52570371882983 -5.5581010230149078e-11)
(787.88348146888461 -113.48624227363626 -5.365960496614902e-11)
(836.82125014477253 -118.44835876095273 -5.5207369185047782e-11)
(889.25350742495993 -123.20601074837387 -5.8277450101631513e-11)
(944.90487290002534 -127.50565631714781 -5.8774781401026268e-11)
(1003.4955329842737 -131.10083242710257 -5.6761686933886663e-11)
(1064.025950748148 -133.44101415407519 -5.5119772168162617e-11)
(1129.8011159920968 -139.1432939851106 -4.9008321432120503e-11)
(1205.0683046045403 -140.75518044363628 -4.6102310874901887e-11)
(1280.3015747151976 -138.9510939989834 -5.28106072742919e-11)
(1353.9411511285107 -134.87033794741606 -5.4724827640973217e-11)
(1427.0039134719866 -129.61455332555954 -5.6878584042847541e-11)
(1501.9359727873152 -124.68643094144085 -5.6487489558930472e-11)
(1577.077399852436 -115.19264683833933 -5.9724971030438368e-11)
(1643.640084335392 -100.29088121760468 -6.1112000054126021e-11)
(1698.7522317681123 -82.188734819083251 -5.60123041218835e-11)
(54.984256983697918 -7.5306108681779564 -4.8383679390029556e-11)
(55.650069602534863 -7.9201114344714219 -4.7712649815918755e-11)
(56.353856767944379 -8.3554933826729183 -4.7196351643516676e-11)
(57.230036752976908 -8.8100715159791285 -4.105200466126142e-11)
(58.121970450476717 -9.2190205991983003 -3.4350713453028657e-11)
(58.940451677494082 -9.625361966190928 -3.3853874392849287e-11)
(59.870398821628832 -10.054502971139934 -3.3225707440152124e-11)
(60.839918707651726 -10.51129528644544 -1.8889238722956374e-11)
(62.05188818518414 -11.029491091688477 -2.4572760279750053e-11)
(63.234992261749746 -11.451159783451089 -2.8379261341467543e-11)
(64.276208728230159 -11.93832250737673 -3.4897479219412471e-11)
(65.570183190964102 -12.418444592623592 -4.5579229793670906e-11)
(66.85855204411321 -12.939453799341628 -4.3788260847440865e-11)
(68.306534421608916 -13.463747517002842 -3.8863877888620452e-11)
(69.801342648135162 -14.013817071020799 -3.4716701138969386e-11)
(71.409058835162028 -14.570822592943118 -4.5905130083814049e-11)
(73.076692854064476 -15.142535535791621 -6.2215024126195414e-11)
(74.825921607651352 -15.719136075323949 -7.2475531268000925e-11)
(76.62646021045245 -16.305791871944052 -6.7133910949801919e-11)
(78.511204512049815 -16.90769258726268 -5.9852058553882766e-11)
(80.490220922091652 -17.524494067392308 -5.9711193563705134e-11)
(82.563807500643364 -18.157178931363422 -5.5083954750573419e-11)
(84.73821459705087 -18.805866554291732 -5.577083617238432e-11)
(87.016510231666345 -19.471602819809576 -4.6542732716959599e-11)
(89.40403437967322 -20.154757590103738 -3.3402923525916027e-11)
(91.90526022211435 -20.85653013733668 -4.6532782225588751e-11)
(94.52547735899968 -21.577267467252462 -5.3040523083655215e-11)
(97.27019396984916 -22.318421048631542 -5.1692911715210567e-11)
(100.1449789145983 -23.080182475616272 -4.4467089235127739e-11)
(103.15626634217914 -23.864291639348178 -4.2747996475537669e-11)
(106.31004837969272 -24.670793589601605 -4.1075967244414184e-11)
(109.61378657777657 -25.501791813830312 -3.1662815019502424e-11)
(113.07383149981304 -26.35703327552676 -4.053219788101236e-11)
(116.69900516762736 -27.239187801415994 -3.4724665520905199e-11)
(120.49599522174951 -28.147724571652038 -2.2405678906330688e-11)
(124.47518046285634 -29.085799496657707 -2.2330288740548989e-11)
(128.64362706610044 -30.052652456031179 -2.2201926805303972e-11)
(133.01340571627458 -31.051937358893241 -3.2111941995980932e-11)
(137.59220836490789 -32.082745949287165 -2.9110396274132837e-11)
(142.39392021777036 -33.149313028924617 -2.7946527656169454e-11)
(147.42685912367679 -34.250600991106772 -2.7813942056364041e-11)
(152.70719173481186 -35.391402013742642 -3.3846605013614291e-11)
(158.24402698951516 -36.570505653477767 -3.3671584734423133e-11)
(164.0562065619209 -37.793434929507342 -2.432477550823226e-11)
(170.15379714010427 -39.059459085204736 -2.2566600042772929e-11)
(176.55814473055338 -40.373021341214169 -2.0843249555630789e-11)
(183.28208857648218 -41.73554906880036 -2.2220660121407313e-11)
(190.34906290486913 -43.151714256853865 -2.2047719583846038e-11)
(197.77268738771093 -44.621399037019849 -2.259219020336439e-11)
(205.58395684653684 -46.153392600840306 -2.401172056418309e-11)
(213.7956891841327 -47.743868682088888 -3.1736932417298135e-11)
(222.44471166512895 -49.406891055409574 -2.69721213403725e-11)
(231.5453593548034 -51.135446528591039 -2.4207948690500666e-11)
(241.14331151934232 -52.944404408985577 -1.7666892819065516e-11)
(251.25352715941116 -54.832852105706429 -2.3339174954727609e-11)
(261.92960179824905 -56.808977467190175 -2.2990611118416527e-11)
(273.19433521176273 -58.878989237034645 -2.2728435298686799e-11)
(285.09653630413391 -61.046754928766433 -2.2794485580829347e-11)
(297.68909446018966 -63.325103279054602 -2.8115168224205872e-11)
(311.00741175471262 -65.717552002128741 -3.0099511599996479e-11)
(325.11668546824689 -68.230998910400373 -2.9859263891229784e-11)
(340.07823392339088 -70.87938340925993 -2.9687218190233827e-11)
(355.95810503144935 -73.667569435127007 -2.9753918869095903e-11)
(372.82421200531081 -76.612277116581481 -2.9740761310044689e-11)
(390.7476548415446 -79.711023194249989 -2.9546698250836767e-11)
(409.85638627160563 -82.99223820689501 -2.9408116570999361e-11)
(430.18943987383722 -86.447894937728051 -3.0136862348652916e-11)
(451.93434680803944 -90.106984717672162 -3.4826710504336625e-11)
(475.10677037631746 -93.972632577201054 -3.8584436728367723e-11)
(499.92903508992805 -98.04506278658792 -3.6207807266901719e-11)
(526.48544165730743 -102.3504905205665 -3.6279448589853209e-11)
(554.96657432400013 -106.89012672294966 -3.5858156177883105e-11)
(585.5174076674632 -111.64478173366768 -3.5825964596071368e-11)
(618.34371691730973 -116.64290655928632 -3.5544333802802567e-11)
(653.77397251438845 -122.00875209929541 -3.6094388249225798e-11)
(692.4180389613457 -127.77761851139672 -3.8160565178944729e-11)
(734.51928327944245 -133.81666504431752 -4.0899937000247144e-11)
(780.27312622762281 -140.05574367409824 -4.075793091387277e-11)
(829.53576951679042 -146.28785840436129 -4.1619190993792978e-11)
(882.36166367860233 -152.33757173153205 -4.561715405101624e-11)
(938.38670617968705 -157.86240152847921 -4.5236939657600581e-11)
(997.26022643338399 -162.5995452828472 -4.5401239108285959e-11)
(1057.8349681137488 -165.90613037126693 -4.356095508863613e-11)
(1124.4718063187174 -172.89415781777811 -4.7578273116509918e-11)
(1201.8660041057199 -174.96485316593746 -4.9462401530859204e-11)
(1278.496851877275 -173.01724520843385 -5.0522846597768414e-11)
(1352.8755820896261 -168.34925687690418 -5.0959603084751046e-11)
(1426.6923724948902 -162.02468272174124 -5.3005313656126249e-11)
(1503.0675687541705 -155.51827192201637 -5.3398001736258814e-11)
(1579.8703746311569 -143.19363265022926 -5.2039134554695996e-11)
(1647.2346592052936 -124.45631049996676 -4.6925178592406872e-11)
(1701.7871517023764 -101.09053046800381 -3.8250241101962916e-11)
(53.434026629174525 -8.5541634370761539 -1.8071937767278511e-11)
(54.04817410234498 -9.0127292178093921 -5.7153149163409884e-12)
(54.703767858285048 -9.5258702643225153 1.0207082806764335e-12)
(55.547580525814119 -10.066071523815026 2.2158957580701423e-12)
(56.409740196814575 -10.548219267269033 2.5780566889450676e-13)
(57.179623822080444 -11.023559857398306 -7.0845155103142855e-13)
(58.073231318252994 -11.525228234423022 -6.1821273494772292e-12)
(59.003413714894677 -12.065204496624549 -6.1989284021523615e-12)
(60.207319177576892 -12.672694096484349 -7.2818293027179724e-12)
(61.365625840892413 -13.168915219811904 -1.9228310576254677e-11)
(62.346565618833132 -13.731708514097807 -1.9026620975220983e-11)
(63.612299937110905 -14.294900034989736 -2.0933400776909257e-11)
(64.858402256202197 -14.902788565353212 -2.1264667111150975e-11)
(66.279162553007268 -15.517433251775211 -1.3994806046908461e-11)
(67.740602184188774 -16.160350178548928 -5.1863549965918889e-13)
(69.320477547363808 -16.811663507811875 6.6966242034588095e-12)
(70.955304110001805 -17.479038162461869 2.6314950380453307e-12)
(72.670489383339415 -18.151015729620749 3.169735442879019e-12)
(74.42935794444216 -18.833606515896872 7.5300558193499973e-12)
(76.270321344399065 -19.533288527253454 2.0315966153277665e-11)
(78.204128918408571 -20.250329048217818 2.0226482733152526e-11)
(80.230648181723168 -20.985586676798686 3.0007561155479559e-11)
(82.35629887559621 -21.739464691356336 3.5489019764741201e-11)
(84.583974142499727 -22.513189219679965 3.5371155534248548e-11)
(86.919058413495463 -23.307201014694691 2.9077791627030772e-11)
(89.365926295282321 -24.123069493953341 2.8699799197726273e-11)
(91.929901701988754 -24.961028015204644 1.3813042522267535e-11)
(94.61638614808669 -25.823123406382287 1.0890254976129501e-11)
(97.431008723936756 -26.709113457125049 1.0078803931519136e-11)
(100.38004907026667 -27.621671915157286 1.0041853627034268e-11)
(103.46960406392166 -28.560095363716417 1.3258339499658012e-11)
(106.70693010774103 -29.527590697868835 9.5293190404804237e-12)
(110.098536032097 -30.523077660431291 -1.3481136726496591e-12)
(113.65290059112473 -31.550684108612174 3.4337330318614921e-12)
(117.37704755164008 -32.608399436104847 6.5616723217631732e-13)
(121.28069677983117 -33.701460617788548 4.5382056717331481e-12)
(125.3714215132829 -34.827284611282529 3.3961388315133149e-12)
(129.66065856509707 -35.99194385336645 5.7869070782816549e-12)
(134.15649435222929 -37.192391225347585 6.5733764770098126e-12)
(138.87208849918065 -38.435512459171541 2.156144359973249e-12)
(143.81632099157534 -39.717564034697325 -3.0824987798425382e-12)
(149.00435049987976 -41.047366662470544 -2.4900334931399218e-12)
(154.4460336929003 -42.419364423755844 -2.4104503232062684e-12)
(160.15880616594026 -43.844377562125231 3.2733696651774411e-12)
(166.15352476450531 -45.317181777624192 3.3584032139082133e-12)
(172.45081852433347 -46.846913890146752 6.2747087636804281e-12)
(179.06226578908931 -48.431743545517676 6.2955756821908455e-12)
(186.01297955608484 -50.08057920693367 8.3950091692050781e-12)
(193.31457434548378 -51.788790772746907 9.0366540604981023e-12)
(200.99780017235074 -53.572497962202377 5.8194904633124418e-12)
(209.07614278944109 -55.419714695994436 5.0161830930793412e-12)
(217.58244387685491 -57.356157085056772 5.8792757294727816e-12)
(226.53787277740102 -59.363329722037058 3.063876569619662e-12)
(235.97952926952561 -61.469633563232193 1.0112906860240445e-11)
(245.92556927673621 -63.663494566267431 1.5464510461658046e-11)
(256.42931304182309 -65.962573892586533 1.8369050321578229e-11)
(267.51240354735268 -68.370078486393126 2.3657213116794641e-11)
(279.22820496052105 -70.893838714624053 2.8647395348725369e-11)
(291.61252133645399 -73.542814517989171 2.801357280410246e-11)
(304.72283322317668 -76.329146514711766 2.6935827571044677e-11)
(318.61218403984475 -79.254514099207114 2.8378581218978032e-11)
(333.34424932479772 -82.347679317804364 2.9532303881809726e-11)
(348.97250499969738 -85.590728841572968 2.9024540970901128e-11)
(365.58382957720073 -89.034943864783699 2.814673215940314e-11)
(383.2458525864256 -92.645113840457768 2.7787524664929146e-11)
(402.07580200901748 -96.492744860988068 2.6465368706085298e-11)
(422.13025686755486 -100.5256570457309 2.6532999256034301e-11)
(443.57662268704053 -104.83269362026458 2.6380416839670508e-11)
(466.43797979437232 -109.35070313261424 2.6070972344570319e-11)
(490.97615244081425 -114.15678365772249 2.4203146788693651e-11)
(517.21053305816736 -119.22123395078997 3.3191696713123839e-11)
(545.39517563558479 -124.58588075164161 3.3585298250421573e-11)
(575.67982152642003 -130.22046816065691 3.314762305905806e-11)
(608.22722032007721 -136.15992902884508 3.3546487815341148e-11)
(643.44373784582376 -142.54088702450994 3.2955779844312429e-11)
(681.9951726689402 -149.41272557772825 2.8879972187218701e-11)
(724.16967827329074 -156.61834055052233 2.7699814674701122e-11)
(770.09196576886154 -164.13344677467276 2.8883064881445185e-11)
(819.64482169898997 -171.63852667114745 2.7051266209004162e-11)
(872.81679278227614 -179.02345688805283 2.4923970041295697e-11)
(929.21602134676982 -185.81532397871828 2.3631019977554432e-11)
(988.42748142520145 -191.77716679497885 2.3017137950327947e-11)
(1049.1245399611059 -196.12607599661993 2.287210214748344e-11)
(1116.7613105114499 -204.64035380831763 1.9364741987928416e-11)
(1196.5183960019349 -207.33999971348896 1.1633607134899559e-11)
(1274.9124132971376 -205.40308873015982 2.0712352798364993e-12)
(1350.3422724163399 -200.26126428126838 -6.609497503566984e-13)
(1425.2692489070937 -193.02297109026998 -6.3463423843905699e-12)
(1503.397857507611 -185.05192172281411 -9.5457214409791437e-12)
(1582.1648933412021 -169.79856562256552 -1.2674311787753805e-11)
(1650.7075688330899 -147.35093593085631 -1.3776913902537595e-11)
(1705.2631751813969 -118.57473974667428 -1.1199539487407039e-11)
(51.708163957436817 -9.3591619817937328 5.1776188112886231e-12)
(52.265026851985404 -9.8792579735035506 6.1386977608557976e-12)
(52.868515573892687 -10.462906940558099 1.4805886302892281e-11)
(53.670161641223181 -11.081555390048756 5.1683199287727848e-12)
(54.496373995551487 -11.630886713327939 1.8320303980283865e-11)
(55.215450899836817 -12.168340246476054 2.4442726439413329e-11)
(56.069514634611309 -12.735051158761294 2.1884709047528884e-11)
(56.956939463489832 -13.350629510227822 1.8369154929568693e-11)
(58.143707737096726 -14.039679486176594 1.8329810206968331e-11)
(59.270947082324355 -14.604718059978739 1.6064632568226503e-11)
(60.19120161215298 -15.234895385657184 1.9114827921329787e-11)
(61.423199495739155 -15.872380146960609 3.1210252761265845e-11)
(62.622718054166491 -16.557413118864801 3.1228014353102106e-11)
(64.009740343671638 -17.252380328507904 3.0997748070242086e-11)
(65.431112737763158 -17.978295660895522 3.1555480741970476e-11)
(66.975818415910013 -18.713780789060447 4.4025398204272118e-11)
(68.570329662198461 -19.466404480510715 4.4859224255521919e-11)
(70.244179698725432 -20.222987475528939 4.7119586754625675e-11)
(71.954564147632453 -20.990416828100987 5.2981606742963878e-11)
(73.745059730939872 -21.776282234985981 5.241267795815339e-11)
(75.626577620945142 -22.581619892143767 5.2101943911951126e-11)
(77.598856779481665 -23.407228593784041 4.5801207375660901e-11)
(79.668324621187466 -24.253751691223972 4.5483511859995616e-11)
(81.837806432218926 -25.122717011748431 3.8883010679079208e-11)
(84.112674986245025 -26.014512654295046 3.82168309149143e-11)
(86.497305858687824 -26.931262039206651 3.5598798083963585e-11)
(88.996984798755804 -27.872905843725636 3.377312670032425e-11)
(91.617029567766309 -28.842094196529388 3.3517319628379599e-11)
(94.363315403031052 -29.838316266930683 3.31651288285016e-11)
(97.241518730783071 -30.864842633597124 3.1781001244218589e-11)
(100.25851464827913 -31.920492635869294 2.3889750880439388e-11)
(103.42076699275813 -33.009584710864843 2.1190924783633899e-11)
(106.73529707179837 -34.129888365479744 2.07593056522608e-11)
(110.20995444779609 -35.287003581306791 1.5225062044062992e-11)
(113.85280811744791 -36.477825790965078 2.1323003080507304e-11)
(117.67174944096246 -37.709087750755572 2.094645290002322e-11)
(121.67634330008316 -38.976707923462349 1.5271002170084344e-11)
(125.87571682850154 -40.288930230230143 1.2619599955463908e-11)
(130.27997354712411 -41.640415588379952 1.0766317146186572e-11)
(134.9002221595014 -43.041098798240355 6.3618431188528271e-12)
(139.74648138006054 -44.484511910554829 1.324388019624772e-11)
(144.8319981961134 -45.981897043852676 1.2926425177336916e-11)
(150.17039883754489 -47.52675333407214 1.3028812907383339e-11)
(155.77185467071456 -49.130567920438821 1.3263464428997236e-11)
(161.65474168245564 -50.78725305812506 1.1906431520563346e-11)
(167.83397182478245 -52.509374731580678 8.5481790004752567e-12)
(174.32263856084586 -54.290634747915924 8.4175430737366103e-12)
(181.14492646326099 -56.145366458963849 1.3670499856243657e-11)
(188.3132637342292 -58.064565621398117 1.3424691979713991e-11)
(195.85517928374122 -60.069850546763554 1.190021175337966e-11)
(203.78913604824672 -62.146115141167705 1.2997718879821882e-11)
(212.13592743114245 -64.319291869754579 1.5598170638569032e-11)
(220.93571742023391 -66.575071123782067 1.4263634691403972e-11)
(230.20163528319858 -68.94180106220422 1.1502822154086653e-11)
(239.97032003554745 -71.402855307996845 6.2903993894481977e-12)
(250.28516013132776 -73.988124660505832 2.3764213506905432e-12)
(261.16586482185716 -76.688195497454444 6.844355525847312e-12)
(272.66904771175439 -79.528183752966669 7.4082950742598404e-12)
(284.83186166503862 -82.498224943114224 7.0939800054560292e-12)
(297.710679005038 -85.637445074035114 8.6478508010857285e-12)
(311.35008677298322 -88.922536418375373 1.2974266892832037e-11)
(325.81234306235814 -92.405713320934197 1.2327869565655454e-11)
(341.17746253109482 -96.053121751397697 9.2196980706351465e-12)
(357.49014151868704 -99.9391701818722 9.9341689204396919e-12)
(374.8584761867632 -104.00442808310343 8.72222633373241e-12)
(393.36164637265108 -108.35432141091908 1.153314966247758e-11)
(413.09786783606819 -112.90680370691645 1.0560721886882956e-11)
(434.17905880957869 -117.78958128697079 6.5834271327467103e-12)
(456.70789185048329 -122.8967174747379 5.7562021707135142e-12)
(480.87240011004928 -128.3743046662407 5.9554345705984007e-12)
(506.74430179941288 -134.12346708094327 4.036594966845758e-12)
(534.56323741091751 -140.25195590665109 -4.2474153017519354e-13)
(564.49388503685441 -146.69806871111965 -3.1925525183415059e-12)
(596.68562786036273 -153.53198835627171 -3.3778110077369029e-12)
(631.57532914027001 -160.85074327577539 -3.5182760596039538e-12)
(669.96015403362946 -168.79500504226513 -5.0076765342616218e-12)
(712.10554717148239 -177.14400406075387 -8.4023313894633263e-12)
(758.08796429074255 -185.91153972435441 -9.9229407259228736e-12)
(807.88630429248747 -194.72127474258389 -8.3984692991052069e-12)
(861.31132094570853 -203.46357399754663 -5.6637664401819253e-12)
(918.07508181672836 -211.58134627752577 -5.8524564412842393e-12)
(977.57516934387638 -218.82057601384639 -3.4928676935978568e-12)
(1038.4813496994575 -224.32208377351708 -2.5807526949401691e-12)
(1107.1187063094092 -234.57699000905805 9.0226717462103823e-13)
(1189.4372224200629 -238.17284292180585 -8.1747320470771032e-13)
(1269.8033314558184 -236.40975774861803 -6.8501015687709105e-12)
(1346.6635680549955 -230.9614574029045 -7.2954757044441448e-12)
(1422.9496485498521 -222.95435548371771 -1.0885318553935579e-11)
(1503.1441919174672 -213.67014989986581 -1.2747583972425725e-11)
(1584.1599664390578 -195.41578532304945 -1.4717326901436328e-11)
(1653.7261043991241 -169.17260297119438 -1.5036680960357441e-11)
(1708.8907135771606 -135.01225253017924 -1.3867225622364144e-11)
(49.986997269871758 -9.9195969268401143 -1.8150573477624808e-11)
(50.483384460570662 -10.49696501863308 -6.3882910345251906e-12)
(51.032496741838784 -11.14860826348675 -5.9063975938926575e-12)
(51.78563841608733 -11.843048107197447 6.4598730000232569e-12)
(52.572307884173732 -12.454872187918411 1.5198038947772797e-11)
(53.240893188574127 -13.048479243674079 1.673243260870138e-11)
(54.054226907100144 -13.675164078686519 2.0529736392516716e-11)
(54.897941186867378 -14.362044516912471 7.1057914024457232e-12)
(56.061303807361071 -15.127941488649332 5.4815683803759477e-12)
(57.154909685204252 -15.752226934956237 2.3569020325327059e-12)
(58.016318797786724 -16.441272720740169 -9.5522258323448533e-12)
(59.211674005689666 -17.144410578102569 -9.2888946402371211e-12)
(60.362557276671446 -17.897956152486103 -3.1871648780190096e-12)
(61.711888573790105 -18.664002665287764 -3.0975597665504961e-12)
(63.089009706202575 -19.463453867986601 -2.9721512597426265e-12)
(64.593640287263199 -20.273101202566913 2.811326820969794e-12)
(66.142741653107635 -21.100585128441747 3.362873127820137e-12)
(67.77028749204807 -21.930821765380561 4.5329783706152204e-12)
(69.427593525464104 -22.771774265852383 -1.8099139495394322e-12)
(71.163043777478492 -23.632207520434264 -9.2338907727612029e-12)
(72.987206928198134 -24.514084305640147 -9.3339167353052568e-12)
(74.900067546038528 -25.417939867892429 -1.5272779951481316e-11)
(76.907857603039972 -26.344974999470214 -1.4828940469074258e-11)
(79.01349398909656 -27.296622328113155 3.0742236163799127e-12)
(81.222353348857638 -28.273802540565896 3.3875436728840571e-12)
(83.538676459734859 -29.278373006558642 3.2069478584754397e-12)
(85.968040956361875 -30.31099844969134 1.4485780279654913e-11)
(88.515418033068769 -31.373769086848444 1.9192422388231074e-11)
(91.186992741704586 -32.467184234604687 1.2846228718337822e-11)
(93.988302570607615 -33.593623959384431 1.3733652265727485e-11)
(96.926337239984051 -34.753187365852064 1.8931375351876508e-11)
(100.00711507229261 -35.94900764300354 2.0556238594146319e-11)
(103.23874520919064 -37.180586091810042 1.9844261996443806e-11)
(106.62753900876052 -38.451765358097497 1.9948079893165229e-11)
(110.18296342833575 -39.761681340942772 2.6107574175954392e-11)
(113.91157807445734 -41.114845380646869 2.8523820304720759e-11)
(117.82446670032317 -42.509768654380352 3.2149896748306044e-11)
(121.92843198443229 -43.952126024567903 2.7086562919659295e-11)
(126.23624480388152 -45.439555991968319 2.3160145452936548e-11)
(130.75525272299859 -46.979146700782252 1.9653819325468115e-11)
(135.49989515409752 -48.567673662073801 2.2309886391451448e-11)
(140.47826812728098 -50.213054573340607 1.1257477244273775e-11)
(145.70724978778841 -51.912472632417696 1.7650162864075597e-11)
(151.19471007243629 -53.674756558197295 1.7618609157901943e-11)
(156.96077261375268 -55.495167279508593 1.7531005794259078e-11)
(163.01672174815312 -57.387805669392051 1.238860870391451e-11)
(169.3781022838904 -59.34277377673844 1.2048354990991856e-11)
(176.06752202974167 -61.379423984859365 6.7952345875467536e-12)
(183.09802103143963 -63.486343270213268 7.1203084877688057e-12)
(190.49157983559971 -65.684508054356257 6.7415395352387698e-12)
(198.27533502070978 -67.964203736604318 6.7313252792251043e-12)
(206.46141640560958 -70.344964485261798 8.1476238288729062e-12)
(215.09125985864057 -72.818465249023149 4.9963897360723195e-12)
(224.17661403472835 -75.41299993507188 7.2615052195184882e-13)
(233.7606219766792 -78.107294590564777 1.5386821244102457e-12)
(243.87486565613256 -80.944855925692167 2.2119337440683977e-12)
(254.54401338805971 -83.897939181619464 9.0643057288405062e-15)
(265.82514872122852 -87.014485759371141 -1.9319035387798333e-12)
(277.75800453229107 -90.267041744610026 -3.3421003842564438e-12)
(290.37847990955174 -93.711901692232928 -2.2286455422836356e-12)
(303.75741834928397 -97.311360184533541 -3.1039975385488762e-12)
(317.93884045939018 -101.13321519180295 -4.3830228595802238e-12)
(333.01521482916849 -105.14173392804531 -8.1415379439676025e-12)
(349.0031904368949 -109.40524480464175 -1.0465668349964196e-11)
(366.06059891870734 -113.88062320444041 -1.3299729657744824e-11)
(384.20198767856232 -118.66587154304791 -1.1156521707005865e-11)
(403.59109635212229 -123.685459646978 -1.1281937980655817e-11)
(424.27516247631564 -129.07066079805395 -1.3359683064797965e-11)
(446.43443424924442 -134.71567754922773 -1.3406664508293462e-11)
(470.1668898539923 -140.78555612929952 -1.313052809405442e-11)
(495.63979738949996 -147.15545248207061 -1.3235566816330393e-11)
(523.02945506273545 -153.98366054236939 -1.7385263389008738e-11)
(552.54422700442797 -161.1677189127077 -1.7236972198897142e-11)
(584.29012650327547 -168.82977353686016 -1.7443445326070754e-11)
(618.81572348984525 -177.02433532868176 -1.4831080142941293e-11)
(656.91405841710628 -185.99963229575394 -1.7158726216028331e-11)
(698.92909450685238 -195.44921090522638 -1.2640233994029829e-11)
(744.870026263564 -205.44924929575959 -1.1542279810648256e-11)
(794.77006955117872 -215.55578672885014 -1.3517358346255847e-11)
(848.37577788989972 -225.68126918128334 -1.2111559844998541e-11)
(905.42199590387474 -235.16319876950917 -1.2037514520351946e-11)
(965.20827342711686 -243.74156350130664 -1.0934247719995616e-11)
(1026.272407761594 -250.49126539274042 -1.2817895299468805e-11)
(1095.9311363089919 -262.66090859390209 -9.2110141312616323e-12)
(1180.9313444915722 -267.51294912126144 -7.4844534208343871e-12)
(1263.504609928204 -266.08615900133577 -1.0286355909901088e-11)
(1342.0024171557538 -260.50434389130396 -1.0835141092040844e-11)
(1419.8630991672064 -251.8267152315012 -1.3385605311789425e-11)
(1502.4293596857317 -241.40824540917967 -1.4862744980230127e-11)
(1586.0294153485577 -220.14010950269224 -1.3205393851086966e-11)
(1656.7928161342202 -190.03459345657703 -1.2737454772134009e-11)
(1711.1798564561409 -149.77818251216482 -1.3673046440653645e-11)
(48.25689764197439 -10.292477064546091 -8.1832482107095773e-12)
(48.69182443429964 -10.92393049535316 -9.6397613945840266e-12)
(49.186964796461531 -11.641861633708492 -6.6736658714483298e-12)
(49.888539500881279 -12.409697896143925 -7.025187055028793e-12)
(50.635292668128074 -13.081154347049521 -1.5811597078379582e-11)
(51.256138017455832 -13.726880365661447 -1.5522672412933683e-11)
(52.03066857557171 -14.409277695301469 -1.56781999558889e-11)
(52.832575830682259 -15.162378660395762 -1.573500627495146e-11)
(53.969839319185155 -16.000440970985313 -1.9821450436594997e-11)
(55.029794303727527 -16.677521428684141 -1.4101712849617652e-11)
(55.836518653304964 -17.41898443648887 -1.6037984679227033e-11)
(56.995385137053368 -18.17971189793764 -1.5737484219161038e-11)
(58.098407158864042 -18.993761481937842 -7.9268441622911261e-12)
(59.409126888930025 -19.821799818745667 3.900027790093541e-12)
(60.740656393907379 -20.685710173139153 2.7039318790804142e-12)
(62.203269385821351 -21.559805058269561 2.8163821894005018e-12)
(63.704675249417534 -22.45229002023525 2.4870852952213899e-12)
(65.283749944780283 -23.345967498483699 7.9089368713060968e-12)
(66.886161241217792 -24.250019585665164 2.5288863352882197e-12)
(68.564772081171256 -25.174361834803673 2.6260372393673505e-12)
(70.329433636787329 -26.121932180484418 2.5108532115870606e-12)
(72.180649259259397 -27.093047099390873 2.4390985663036224e-12)
(74.12432749716767 -28.089505011674142 2.2338308236303647e-12)
(76.163640482006386 -29.112604582536662 2.1322154106782649e-12)
(78.303851224762184 -30.163890429000258 2.1119582746909839e-12)
(80.549384750155681 -31.244899760405104 7.7876931383408676e-12)
(82.905745573087756 -32.357053597904361 3.7882121509227936e-12)
(85.378160745453698 -33.501954974828593 -5.2323880551651942e-13)
(87.972665126361122 -34.68089672076686 -3.1354699640276266e-12)
(90.695119766189109 -35.895665850874124 -3.0858899115129625e-12)
(93.552349000660328 -37.147426219752113 8.5430379772438724e-13)
(96.550735722213375 -38.438271485751081 -3.4708393602459834e-13)
(99.698049970753942 -39.769245560613328 -4.1715209369591238e-12)
(103.00115096621937 -41.142676159226653 -6.0409384196153174e-12)
(106.46897574824327 -42.559581190373144 1.8449636621057668e-12)
(110.10858635686877 -44.022495408600996 6.5221766994077727e-12)
(113.93053464780475 -45.532448733986058 -5.2799805760857152e-12)
(117.9420697724283 -47.092360548317629 -1.4612065030675184e-11)
(122.15529645770033 -48.702992475491072 -2.7147735916715578e-11)
(126.57798501708271 -50.368090639672509 -2.7370882932247249e-11)
(131.22380168729111 -52.087855366407148 -2.5782180534431718e-11)
(136.10104778183467 -53.867302693024321 -2.9645049530941522e-11)
(141.22580364061369 -55.70590846413522 -3.0821123173736329e-11)
(146.60594798192031 -57.611014832327832 -2.6469821757251555e-11)
(152.26148036312196 -59.578914925681758 -2.6321931306998031e-11)
(158.2004665210134 -61.623789968499032 -2.6159352860285916e-11)
(164.44328680928055 -63.73426506632088 -2.6078878616795742e-11)
(171.00575766362732 -65.933526429830664 -2.5708554933667486e-11)
(177.905073547255 -68.2065772823358 -2.5608857368780522e-11)
(185.15869956267917 -70.57635171981282 -2.5040578312462865e-11)
(192.79581245650598 -73.033055645905307 -2.4761170644751797e-11)
(200.82748808975089 -75.598925309551703 -2.3617820099345503e-11)
(209.29349453851873 -78.261811990752463 -2.4274106699696902e-11)
(218.20060961120319 -81.05509020567321 -2.270397973321503e-11)
(227.60336396127943 -83.951804767591128 -2.1805446954465131e-11)
(237.51560360499747 -87.01045107087279 -2.4034484740173268e-11)
(247.97757872343104 -90.179670320956362 -2.0850691943054974e-11)
(259.03233622145058 -93.536875342927445 -2.1615719277939561e-11)
(270.72926062497868 -97.033673858764303 -2.2956412330652636e-11)
(283.08691368745275 -100.73822368283446 -2.374148103844114e-11)
(296.20327816020989 -104.6096202227983 -2.3991764658120004e-11)
(310.09228829444737 -108.72545098501183 -2.0849408035548279e-11)
(324.86523919961468 -113.0423542081508 -2.2665942794705309e-11)
(340.52594784000922 -117.63356573310968 -1.9442564438585917e-11)
(357.2414105306546 -122.46156823201032 -2.1433331039225907e-11)
(375.01103362804474 -127.62352772913069 -2.2513835150551846e-11)
(394.0284251016339 -133.051207457521 -2.5963318558373476e-11)
(414.29525982861236 -138.87423594890808 -2.4788342518165289e-11)
(436.049990284476 -144.99369714541342 -2.4796395480349922e-11)
(459.32054444640124 -151.58380847318082 -2.465503849778158e-11)
(484.35701101491014 -158.50574129524355 -2.4690653366684154e-11)
(511.26168420560822 -165.96250304394246 -2.4844656021312271e-11)
(540.31361509352598 -173.80918652283259 -2.4101677376835529e-11)
(571.55720478435364 -182.22371770979944 -1.9969786697534801e-11)
(605.66998634066886 -191.2409989478904 -2.1514676608146883e-11)
(643.36687027251094 -201.17793279521504 -2.2914804347053729e-11)
(685.16470949678876 -211.68642867923984 -2.10939769046352e-11)
(730.93320859421374 -222.89186160969606 -2.0854054330905302e-11)
(780.84025556388553 -234.276726662025 -2.0772067671861197e-11)
(834.50355089062691 -245.805525682238 -2.0658369287667569e-11)
(891.77096630840083 -256.67680293063262 -1.8962860888391666e-11)
(951.75137804044459 -266.64058344846967 -1.5954737690616517e-11)
(1012.9668132959321 -274.73487172253715 -1.7352615245411641e-11)
(1083.6122417980885 -288.94124962156855 -1.4840561436922068e-11)
(1171.2693420015544 -295.46266634651136 -1.4898369708280382e-11)
(1256.267752675232 -294.56729478467247 -1.6976333189392038e-11)
(1336.6001654247059 -289.02253145854735 -1.7953315903923862e-11)
(1416.2446145403919 -279.74629535803081 -2.0718552364798539e-11)
(1501.3925056749056 -268.37956398348069 -2.0681343274298358e-11)
(1587.7229306743559 -244.02741758878986 -2.240464676620876e-11)
(1660.1495121162272 -210.33815809798895 -2.4793633266305266e-11)
(1714.1337273258232 -163.29972666620012 -2.410996234255122e-11)
(46.569192341948209 -10.479644846111004 -2.5247488935163258e-11)
(46.942470773916376 -11.163898122747012 -1.7052925032894214e-11)
(47.384518054636409 -11.949948719433566 -1.7356060348589681e-11)
(48.033775506616472 -12.791235783986851 -2.0250294328897651e-11)
(48.741841879168518 -13.520939253419964 -2.8554033515623154e-11)
(49.318831633125747 -14.215766391261974 -2.4240184526547346e-11)
(50.057530929683764 -14.951273399961243 -2.2692847439195986e-11)
(50.820752109156572 -15.766576708336617 -2.2381885667468173e-11)
(51.931171680886784 -16.673597129954725 -1.8063560891705977e-11)
(52.959191178852954 -17.396072730463207 -2.3643809968560846e-11)
(53.71572753689675 -18.184088729813208 -2.3688839067251225e-11)
(54.839437575025485 -18.994419718221017 -2.4123466400405497e-11)
(55.895975109330301 -19.861632882280745 -3.0332861506336211e-11)
(57.1682273919034 -20.742888504899266 -2.9921340269632384e-11)
(58.453576136955576 -21.66263784432277 -3.0412705257165986e-11)
(59.873184381248372 -22.591872682951315 -3.1102633584260152e-11)
(61.325405903573625 -23.539894919439377 -3.9040886279421523e-11)
(62.854695667388768 -24.487351422917417 -3.7675187401870973e-11)
(64.401124644865178 -25.444635483461088 -3.1395467713237475e-11)
(66.021878486176789 -26.423053568192501 -2.5171022731532853e-11)
(67.725739832878872 -27.426283369306873 -1.9234944836041189e-11)
(69.514006098353718 -28.454784491815733 -1.9825725741617255e-11)
(71.392242970709916 -29.510648267953339 -2.4096038365153292e-11)
(73.363987575827593 -30.595442485510866 -2.5106704504758013e-11)
(75.434493338842884 -31.710956094660109 -2.7199730804009503e-11)
(77.608487037852086 -32.858935335686837 -3.216572963529457e-11)
(79.891559809600977 -34.041060188415656 -3.347627681294493e-11)
(82.289293726239649 -35.259080586009745 -4.0528708302605976e-11)
(84.807815810912984 -36.514524060288373 -3.7738917136768872e-11)
(87.453335596606038 -37.809266867023325 -4.0149868726684927e-11)
(90.232817176670721 -39.144826305269234 -4.1946911767678372e-11)
(93.152913716193837 -40.523157673822361 -4.3202151506100827e-11)
(96.22161003133921 -41.945858172678577 -5.016674216134289e-11)
(99.445833889354915 -43.414738582833806 -4.8501842058017625e-11)
(102.83482275565133 -44.931668266360845 -4.6682898442671682e-11)
(106.39563307472456 -46.498340542612105 -4.1893143197130668e-11)
(110.13885447642683 -48.116691102636786 -4.1565021505633258e-11)
(114.07173941716374 -49.788770287330813 -4.3142568064133796e-11)
(118.20611698300745 -51.516009007269709 -4.5307891082134738e-11)
(122.54947720293511 -53.301437169854417 -4.5403533978687851e-11)
(127.11524519147285 -55.145596938206118 -4.608653832718884e-11)
(131.91095765947583 -57.053140361735295 -4.6612403168490389e-11)
(136.95223858321279 -59.023106609998948 -4.6590105654099861e-11)
(142.24622866655696 -61.063201702484271 -4.2118347237855954e-11)
(147.812046756895 -63.169038715104001 -4.2818923081488146e-11)
(153.65622789104128 -65.355017049834728 -4.3455444853818017e-11)
(159.80184183121474 -67.609947337194868 -4.6050175837420543e-11)
(166.25570431676582 -69.956821994926912 -4.2534455844885025e-11)
(173.04553146094969 -72.379998442774692 -4.5751930934211179e-11)
(180.17735914781952 -74.905618411734949 -4.1325691024357401e-11)
(187.68688194478577 -77.518427492632668 -3.5084510636503703e-11)
(195.5772411453101 -80.24865587689753 -3.3322375457562506e-11)
(203.89572861365968 -83.076853717341265 -2.8175505936742856e-11)
(212.6405301144076 -86.044082745599255 -2.7438437169405339e-11)
(221.87391079695263 -89.118008848938061 -2.6737465625763494e-11)
(231.58895251299541 -92.361278875541004 -2.3185392000983232e-11)
(241.86398497461238 -95.723175330745505 -2.0283628825726585e-11)
(252.68876940773762 -99.281548127978297 -2.2539165763609834e-11)
(264.16088325375563 -102.98698711432809 -2.2173574869373649e-11)
(276.26349253836395 -106.91434018503915 -1.9764892272986528e-11)
(289.12103545744594 -111.01809580820607 -2.0380308084866639e-11)
(302.70856975803963 -115.38117536921453 -1.8565709796176961e-11)
(317.18278074299309 -119.95733477257234 -1.9103413916083477e-11)
(332.50853860587137 -124.83135392966037 -1.785953427802004e-11)
(348.88590264181892 -129.95845665531701 -1.809244967173543e-11)
(366.26526764346238 -135.43887842862114 -1.5721834779567347e-11)
(384.89996176995044 -141.21641687830117 -1.7630104529932406e-11)
(404.72491330484183 -147.40751613052137 -1.7322525697760117e-11)
(426.06148183426546 -153.94318005141892 -1.5573777882451157e-11)
(448.82881205857143 -160.96831126171628 -1.545448473178257e-11)
(473.41072677737088 -168.38198654993337 -1.3646757151016891e-11)
(499.76157553197817 -176.36738803899507 -1.2797773168998197e-11)
(528.3205557669861 -184.81076729206026 -1.2767978313424603e-11)
(558.9739540561136 -193.8683762354143 -1.3578732006206386e-11)
(592.61226865276137 -203.64788622471821 -1.3511371513309618e-11)
(629.76740751253556 -214.42168800226551 -1.2445841105368205e-11)
(671.24906619995761 -225.93401465897063 -1.0025189305995418e-11)
(716.68431619598539 -238.26405551934684 -1.0345215886441947e-11)
(766.50632925736454 -250.91508426763932 -1.0055372525088e-11)
(820.0702798038842 -263.83252215983731 -1.1624232977206885e-11)
(877.50831683569095 -276.14757707572517 -1.2511709954440198e-11)
(937.54418709738547 -287.52647725452812 -1.3397279467117377e-11)
(998.90840167983947 -297.10136757382043 -1.1729351960948458e-11)
(1070.4515430918179 -313.34865717951476 -1.1949602203622652e-11)
(1160.5976312172768 -322.02105640542521 -1.231898762341646e-11)
(1248.1837441989796 -321.88976298952554 -1.819750741130453e-11)
(1330.5288241826877 -316.57293295564205 -1.9300582393008111e-11)
(1412.2135465718964 -306.75796121897258 -2.1796061915043633e-11)
(1500.0706435641705 -294.6401177042527 -2.3543709066753769e-11)
(1589.183929359989 -267.02511593824158 -2.5776809408741051e-11)
(1663.0185785860299 -229.9184471242159 -2.8972524694983739e-11)
(1717.5942855578344 -175.85996167801275 -2.6347928251603567e-11)
(44.920380122639585 -10.519212173888461 -2.6929114036711248e-11)
(45.233410208896302 -11.25694390187822 -3.2035235136934156e-11)
(45.624923238684808 -12.116358027929431 -4.4088741446030789e-11)
(46.224806571923189 -13.033230747402589 -4.5576726026983255e-11)
(46.898385083935594 -13.82207594253412 -5.5419899069978505e-11)
(47.437841765486013 -14.564327494383996 -4.8493225740152746e-11)
(48.146230841484069 -15.351471672396423 -5.1851862538362297e-11)
(48.876299862292463 -16.224670359751244 -5.0382117949875381e-11)
(49.962364757446558 -17.198194826872388 -5.0281877942569953e-11)
(50.962618228363119 -17.959386576938332 -5.8993995574187869e-11)
(51.674761916297371 -18.789233687939024 -6.6695679055123503e-11)
(52.76702938979588 -19.641145447237257 -6.5279203196239545e-11)
(53.780101603875075 -20.554637744090513 -6.3558901480363586e-11)
(55.016267043764891 -21.480449365547717 -6.075283628028836e-11)
(56.256636681737668 -22.447674537237027 -6.5561083420092349e-11)
(57.634310186172755 -23.423123884719921 -6.8140036575165439e-11)
(59.037772025041683 -24.417597884124657 -6.5507537990477215e-11)
(60.5179253745113 -25.409852577323694 -7.2749333780864538e-11)
(62.009244249284336 -26.411252299954775 -7.3194838084589993e-11)
(63.573206239304646 -27.435003636761287 -7.312465350283099e-11)
(65.217397190541561 -28.485174636363077 -9.1687850044918358e-11)
(66.944161122220009 -29.562802570642614 -8.8250443569949061e-11)
(68.758942395468509 -30.670110215353152 -7.9004840778017806e-11)
(70.665806959891398 -31.80923434080815 -7.4000780757439168e-11)
(72.670386154882692 -32.98224729105543 -7.7734987637542054e-11)
(74.777870506352954 -34.191332270664105 -8.3397683593498876e-11)
(76.994402178518882 -35.43851948252415 -8.9688542158595572e-11)
(79.326062997752203 -36.725825460292761 -8.8321034123561242e-11)
(81.779602253807283 -38.055116132999636 -7.9009365395364721e-11)
(84.361570873317675 -39.42835472664882 -7.9861542412754099e-11)
(87.07965138614729 -40.847577549823377 -7.5010276208825751e-11)
(89.940672210451069 -42.314535341493489 -7.2393836641142057e-11)
(92.953335335751859 -43.831395294936819 -7.1596855940710096e-11)
(96.12453389512369 -45.399534033238574 -6.6416648513006797e-11)
(99.463664559656252 -47.021026571894623 -6.1712790280595814e-11)
(102.97762732175423 -48.697073503504647 -5.9041371322063954e-11)
(106.67662798896005 -50.429498134074095 -5.7540914862039929e-11)
(110.56741459624287 -52.219646741361636 -5.1452907834989054e-11)
(114.66145908883922 -54.069087576261126 -4.4771062472113835e-11)
(118.96500338926518 -55.979416928970224 -4.426239093109278e-11)
(123.49138338492533 -57.952088602124448 -3.786111611666155e-11)
(128.24579461828949 -59.9891890882569 -3.7829988710378089e-11)
(133.24466116337555 -62.092199202309587 -3.7102413930125944e-11)
(138.49134639809861 -64.264503118838618 -2.9973598742116729e-11)
(144.00759232063871 -66.507339048607363 -2.9690252161122589e-11)
(149.79365800680563 -68.826330708297263 -2.5279997264757916e-11)
(155.87852471855498 -71.222066015929713 -3.0429507606142784e-11)
(162.25865678629094 -73.702824396460599 -2.9815354535645782e-11)
(168.97242343663873 -76.269653715176872 -2.5629568012339889e-11)
(176.01066733828875 -78.931658763628477 -2.0549481650612814e-11)
(183.42533798286567 -81.692016872268582 -2.1249822175242121e-11)
(191.19836543377966 -84.561887897351227 -1.7986865747229901e-11)
(199.3998580319344 -87.544089451985315 -1.6131511456111626e-11)
(207.99998615924122 -90.655296550338846 -1.3732798785738035e-11)
(217.0911835901199 -93.89405021470462 -8.3590937299139684e-12)
(226.6309698256286 -97.287030170370016 -8.1725686473854006e-12)
(236.73604155640598 -100.8271015537199 -5.7073214155126814e-12)
(247.3519063464866 -104.54870750573015 -3.7566142829471956e-12)
(258.6231686648286 -108.44496419670695 -2.8687061860886776e-12)
(270.47985707616124 -112.55405660529904 3.1172332590011012e-14)
(283.10291568889249 -116.86913282321792 2.5122169656286688e-14)
(296.4047449780951 -121.43623660563908 4.4937786082074644e-12)
(310.60687041148572 -126.24827393598594 3.6139127684147734e-12)
(325.60381850959629 -131.35616559389646 4.3561861813730773e-12)
(341.66724474375081 -136.75422044209287 2.0190296668303195e-12)
(358.67165705465948 -142.5030109826462 6.5870513793863294e-12)
(376.94623315643406 -148.59553032545961 6.6821738905215121e-12)
(396.34678582216333 -155.09994156107362 8.8720327776033948e-12)
(417.27358735474758 -162.01001888368307 9.42693139664753e-12)
(439.5611304838028 -169.4045747804999 8.7118931993118897e-12)
(463.69728566021405 -177.27212838852921 1.1112369469147315e-11)
(489.49404367142074 -185.69904552029328 9.1816802382081606e-12)
(517.55097459822844 -194.68722209389048 8.7408992807775642e-12)
(547.62546364261289 -204.29819912186721 8.1899715552164071e-12)
(580.7245862899357 -214.77322249307068 8.3004780013609878e-12)
(617.28085980144101 -226.26011088650151 8.2280285992778354e-12)
(658.30923127287258 -238.68530488068075 1.1252462845087751e-11)
(703.19549419615748 -251.95076790641428 1.0651405044355292e-11)
(752.76561320893984 -265.80504172764751 9.0773953874357354e-12)
(805.91860698074947 -279.91237700192443 8.425707108551442e-12)
(863.4519666498129 -293.71959473731431 8.4566308273266912e-12)
(923.2338780597496 -306.46003736196747 7.3919748721956332e-12)
(984.83011819823514 -317.64743897213583 5.9286367437425772e-12)
(1057.0955511913417 -335.78700571157708 5.5620105001845448e-12)
(1149.3231536449744 -346.94983987796439 3.2635247247594638e-12)
(1239.6719966440819 -348.06845360778487 -2.1623661329999351e-12)
(1324.0502251539203 -343.21500943791273 -5.6592140877089564e-12)
(1408.1017736543574 -332.98380388730351 -9.0397059072608542e-12)
(1498.4816920078408 -320.18773082466106 -1.2386159450197147e-11)
(1590.9116927889652 -289.31304594535857 -1.5311233427552861e-11)
(1665.5667442483782 -248.73357697971346 -1.7099072139541888e-11)
(1719.5714558590696 -186.7021199471981 -1.4209773536267885e-11)
(43.320851749381994 -10.422728600810638 -3.2767360575606995e-11)
(43.575619357935629 -11.216073254624499 -3.8392362481742476e-11)
(43.919081242020546 -12.158880941731534 -3.6631740089658491e-11)
(44.475588077799678 -13.156266054489466 -3.8896378047651289e-11)
(45.120773371225262 -14.006838941952955 -4.8284591890558591e-11)
(45.630391032281594 -14.795698908439254 -5.688462527075722e-11)
(46.315298448463807 -15.633768589860477 -5.0590096983203536e-11)
(47.01876983007034 -16.560350828856262 -5.2529319440107926e-11)
(48.084859348828886 -17.598890373154322 -6.2941392876873986e-11)
(49.062919709446206 -18.391181927816589 -7.0930157105125648e-11)
(49.736244399803219 -19.25870425043934 -7.0510380299623155e-11)
(50.801888118104166 -20.143817058981238 -6.1296747569079647e-11)
(51.774620507373712 -21.097088047942307 -6.1449868646435593e-11)
(52.978104910251972 -22.059185296645339 -7.2364109132786098e-11)
(54.17536611177016 -23.065958572204888 -6.9862095202581966e-11)
(55.513394390407619 -24.079686215223411 -6.1146252787134988e-11)
(56.869934192334313 -25.11247204621958 -7.2974534971435226e-11)
(58.303412203936638 -26.142151555613989 -7.2688908177264572e-11)
(59.742815449352761 -27.180418608084938 -7.6223459100971866e-11)
(61.254093744999984 -28.243589881755398 -6.6646231457862072e-11)
(62.843961297446342 -29.335524956986948 -6.4826566247305192e-11)
(64.516164653955215 -30.458609922497246 -5.8720370451185444e-11)
(66.276593240485028 -31.615147906311204 -4.8334434559928719e-11)
(68.130300652053947 -32.808230662170757 -4.4553625567764303e-11)
(70.083869628015194 -34.040573539555311 -4.3165908471462635e-11)
(72.143677220770812 -35.314821667532264 -3.9991777637525179e-11)
(74.316948951712575 -36.634114083750475 -4.1211477972097194e-11)
(76.610984597510992 -38.000076981316028 -4.4886752067284304e-11)
(79.033343163567736 -39.415953848907485 -4.2037002480313182e-11)
(81.591326546756832 -40.882472762295869 -3.5247223922656023e-11)
(84.293107944212565 -42.403698571937596 -3.4495207220275369e-11)
(87.145737574078538 -43.979016956796485 -2.8510853278098156e-11)
(90.157741916943905 -45.612717405450155 -2.7727986641102015e-11)
(93.335559319928421 -47.302658451335148 -2.4200361347131775e-11)
(96.687731963413043 -49.053094723294606 -1.8741114272909656e-11)
(100.21971124447121 -50.860446457839181 -1.4517130719207127e-11)
(103.94068274107471 -52.729698104110206 -8.9102183139505236e-12)
(107.85531023753103 -54.656071956509983 -1.2492949814879057e-11)
(111.97396710851891 -56.645851025619194 -1.1144634419573995e-11)
(116.30058272806639 -58.692790099044061 -9.3779169955644366e-12)
(120.84739938457926 -60.80559083120761 -7.929363251439633e-12)
(125.61746507263621 -62.976323744832101 -7.7169989626898664e-12)
(130.62616523710724 -65.217072240954607 -3.7386066857171702e-12)
(135.8755694655305 -67.518465317674554 -6.3641440088399813e-12)
(141.38584851786359 -69.896578581652108 -4.8732847233661716e-12)
(147.15709735618432 -72.339734632208177 -4.2862851834877665e-12)
(153.21600704977047 -74.868971270601079 -2.5194951033462355e-12)
(159.55985694903146 -77.469717734250736 8.4241107597728053e-13)
(166.22415675760044 -80.169444585023015 9.4077565844055609e-13)
(173.2016338530193 -82.949080049536448 -1.281933190842232e-14)
(180.54119271587805 -85.844425714597307 3.5214048048532562e-13)
(188.22636987539082 -88.83129040960975 2.3234505864472306e-12)
(196.32485446030893 -91.953172182516809 6.6079899341045992e-12)
(204.80778123841199 -95.183061452103701 6.8615302586823202e-12)
(213.76643439304769 -98.569639109760644 1.0243733479516884e-11)
(223.15721771421772 -102.08638773883668 1.0034269899834398e-11)
(233.098659219149 -105.78506184135489 1.3303760720191697e-11)
(243.53046507966476 -109.63973134062401 1.0075357348044876e-11)
(254.60575771535247 -113.70888219238579 8.7188329794656695e-12)
(266.24091735601911 -117.9648001528259 8.4782651589653207e-12)
(278.63343872447939 -122.47195635666891 1.0434472614507725e-11)
(291.67342677310359 -127.20507464827122 8.4283925525383132e-12)
(305.60825135267442 -132.23310907081566 9.1227290138780066e-12)
(320.3004395842118 -137.53332999618297 1.1076771519810964e-11)
(336.05701769816966 -143.179191226976 1.2318767554810081e-11)
(352.71160514211255 -149.15455120904437 1.3007978320301243e-11)
(370.636902699865 -155.53537393134593 1.4727740018637841e-11)
(389.64110353395091 -162.31175592621693 1.4426676445829129e-11)
(410.17290246510316 -169.56373749067407 1.424244720872796e-11)
(432.01779747592042 -177.28839244989422 1.1833607266058824e-11)
(455.71058866480325 -185.56900283785637 1.1579513346092674e-11)
(481.0235427117052 -194.40620720465952 9.3905685818305994e-12)
(508.59126288404906 -203.8954311831032 1.0017561706632718e-11)
(538.14200334065868 -214.02280071394318 8.7513232405444905e-12)
(570.71882883104888 -225.14756155160234 8.1806824474932009e-12)
(606.76235443018004 -237.33142488271454 9.3499758798269593e-12)
(647.30945203590954 -250.60719231181238 1.1555960839438423e-11)
(691.75638742958029 -264.77201681073393 1.2396536090764114e-11)
(740.91775771912296 -279.72405553030643 1.338982891274015e-11)
(793.74746183239279 -294.95467414297701 1.3276125755631461e-11)
(851.05247257811197 -310.11858810093588 1.1130853738381687e-11)
(910.59896083161482 -324.20131732308818 1.1542129860916719e-11)
(972.2885935475839 -336.87194753551768 8.586961922538079e-12)
(1045.2512121999926 -357.02527793841102 7.6969757381153167e-12)
(1138.5808469464075 -370.13566991365121 4.0272887412490463e-12)
(1231.696251277916 -373.06397715147466 -4.2190062716795624e-14)
(1317.8803008556147 -368.82704166392779 -2.0618249569947186e-12)
(1404.7655841526048 -358.59768110250616 -3.244373600929343e-12)
(1497.1205347464161 -344.8360244690806 -5.0115030441304289e-12)
(1593.6342601092092 -311.22619557338675 -8.0673272493879859e-12)
(1668.7607429281313 -267.17243736666109 -1.0393742107365506e-11)
(1721.2934218524199 -195.5773064609063 -8.6335260172954839e-12)
(41.768851355602138 -10.215678125784581 -1.8171453148926046e-11)
(41.968873755104958 -11.068872848883498 -1.8683987582225241e-11)
(42.266961746865114 -12.111725951392629 -2.5595807991374239e-11)
(42.791041692074607 -13.198869780286897 -2.5633265436736391e-11)
(43.417091973139122 -14.116059911588644 -3.2987847593149877e-11)
(43.906977601883774 -14.951860128661039 -2.8955807412831109e-11)
(44.577560461203625 -15.840544985162721 -3.2762303992323012e-11)
(45.262429885269256 -16.814747149047996 -3.2136290092595343e-11)
(46.315321347495079 -17.91803529542257 -3.2065497902821779e-11)
(47.278542615055159 -18.732401238380433 -2.7187068195372841e-11)
(47.918639234948053 -19.634290161842817 -2.884551321517079e-11)
(48.964294072657985 -20.543858828372183 -2.4390244091384731e-11)
(49.900482713777237 -21.530883568714181 -1.1730680057967416e-11)
(51.076762091312823 -22.522125441540659 -9.0602277467064281e-12)
(52.234926358151633 -23.561678765429264 -1.1186171324058877e-11)
(53.538875679884057 -24.608281705306901 -1.0180266937654972e-11)
(54.854799077373087 -25.674201639281478 -2.6605464844323748e-12)
(56.249778030241167 -26.738367440990633 7.7370600889924748e-12)
(57.647920732643563 -27.811839407325774 1.4131783845330371e-11)
(59.120159168482047 -28.916254322759539 1.1484089611506689e-11)
(60.673788655494604 -30.054553838088271 3.8737473141072505e-12)
(62.314573199083966 -31.231508821381023 3.3591366513744198e-12)
(64.050493282027446 -32.449677338041738 1.5257322512111607e-13)
(65.888336057476423 -33.714121939741744 7.833926395038558e-12)
(67.836889576490549 -35.028477302344847 1.1686729682844472e-11)
(69.904049686710522 -36.396550769172443 1.1093399750020261e-11)
(72.098501032934962 -37.822100843665282 1.1129378749635806e-11)
(74.428224886668133 -39.306466658489285 1.1896938441347858e-11)
(76.900094907830592 -40.851946852076516 1.0460996695261986e-11)
(79.520753087981745 -42.457817415072448 1.0193026295761812e-11)
(82.296135722385614 -44.126262956356499 1.1080882136289468e-11)
(85.232585354963717 -45.854906847740672 1.0950593882607342e-11)
(88.334970832871903 -47.645781166777752 1.1021428305716466e-11)
(91.608943315546114 -49.494603823263475 1.313139856671871e-11)
(95.058680633906846 -51.403652879314059 1.0510603318499069e-11)
(98.68960973026276 -53.368090126401015 9.0130933253018929e-12)
(102.50584499717098 -55.391537350117872 5.9231982182017057e-12)
(106.51326626623316 -57.4684913525222 4.935519169603453e-12)
(110.71668976614974 -59.604469594228725 7.9886504158845393e-12)
(115.12271597925405 -61.792784176254884 8.4910528355596947e-12)
(119.73645498396537 -64.041332014745393 8.5530014405248767e-12)
(124.56547398398976 -66.342407257833003 9.1152442792193969e-12)
(129.61760420904594 -68.708534024805388 5.9675758589851552e-12)
(134.90185329171919 -71.130446700436494 4.9586596798691922e-12)
(140.42876200034362 -73.624885401099149 8.0448410995968142e-12)
(146.20817205574207 -76.179875020070114 1.1114932130010667e-11)
(152.25444598297588 -78.818167084720983 1.3093888310138293e-11)
(158.57771788875053 -81.524056509280044 1.492646583751495e-11)
(165.19846612723416 -84.328397753975594 1.6339476967593904e-11)
(172.12570776053471 -87.209474060350217 1.6020190920175701e-11)
(179.3889087239686 -90.207505191771816 1.7005517708111219e-11)
(186.99310229204494 -93.293990232759597 1.5937857082093701e-11)
(194.98138407334082 -96.51986077359436 1.5391791953432318e-11)
(203.35171609060481 -99.85033477158926 1.5380500642625943e-11)
(212.16592778611559 -103.34588088295793 1.1761960540909633e-11)
(221.41092022016772 -106.96680118286127 1.4519993125864462e-11)
(231.1729714142482 -110.78284575925245 1.4934830040554388e-11)
(241.42505045193056 -114.74968292585415 9.9206561884644644e-12)
(252.28486586780826 -118.94835304257127 1.0650260019755286e-11)
(263.70497491951448 -123.32838942705587 1.1448978576377799e-11)
(275.84501067970029 -127.98209445033508 1.0999443321488481e-11)
(288.63237354704836 -132.85656195905557 1.2283083603974651e-11)
(302.27651830541345 -138.05343446159927 1.235131451511499e-11)
(316.67634484420211 -143.5187586826861 1.4936528735506458e-11)
(332.10201497705685 -149.36286855398762 1.4914126663376318e-11)
(348.42117597909737 -155.53494987997499 1.481896674058377e-11)
(365.97334749899483 -162.15175668623235 1.6321230364859824e-11)
(384.59654649167521 -169.16729975113216 1.6035957622155822e-11)
(404.71073463405008 -176.70504673545665 1.4811133036604587e-11)
(426.12662593323125 -184.72565133596677 1.4532441471083531e-11)
(449.35673393829512 -193.35818043283297 1.4383315430077823e-11)
(474.19246551477823 -202.56923275280673 1.4338743693450436e-11)
(501.25779699044841 -212.49989641153587 1.1205863875489741e-11)
(530.29391084087626 -223.11098648126105 1.195901343764291e-11)
(562.33953561059832 -234.82423240599192 1.2315677892698154e-11)
(597.87300733578741 -247.68954291198756 1.1770511460041434e-11)
(637.94353102810999 -261.77086881335902 9.8015428283914751e-12)
(681.98071082811612 -276.85790464864471 1.0082397700260593e-11)
(730.77807980177124 -292.87934386555463 9.1406546477318563e-12)
(783.35426428885955 -309.29566597816734 9.8517635774161748e-12)
(840.48141239165352 -325.78791745564706 9.7832782999954664e-12)
(899.98505169287898 -341.29447236457827 1.2026621093527209e-11)
(961.85702866259146 -355.38674156082391 9.5676590619894433e-12)
(1035.5274047922342 -378.00842710963065 1.0687020901958256e-11)
(1130.5750328038789 -392.91781672905836 9.2025013067891551e-12)
(1226.2676224293857 -397.74230888108866 7.1133996718378151e-12)
(1314.1860559304343 -393.97714540191345 5.5630465137977933e-12)
(1404.0148572048126 -384.09150177021115 1.0574841785567194e-12)
(1498.4018286114333 -368.89529699255752 -8.0909145760195519e-13)
(1598.7967657920742 -332.88580726538635 -1.1206685127915913e-12)
(1674.1436878915356 -285.32980300473741 -1.5797794671311856e-12)
(1726.9423068895312 -203.4647024139289 -1.8526846102842533e-12)
(40.25840564050737 -9.9118016852213735 -5.6754242596279028e-13)
(40.40906639499363 -10.828950926595784 -3.0029165493791391e-12)
(40.663142448760446 -11.996419190764719 -5.5228398186099783e-12)
(41.172015315270521 -13.188495714009523 3.3024811457375716e-12)
(41.792091679891747 -14.178305920504487 -3.7698902194733995e-12)
(42.274846492790559 -15.062144499663585 -3.3473915421093533e-12)
(42.942947524026685 -15.999962746765673 5.3754397255528287e-13)
(43.61797440947015 -17.014243184918005 6.6822145752568027e-12)
(44.667104011061241 -18.183513579306211 -7.8868115697307964e-13)
(45.62509884096719 -19.008922543443553 -3.4239385236029966e-12)
(46.237038864575311 -19.94307019072351 -1.9331695697918468e-12)
(47.272258184249964 -20.869350270617016 -4.4367993508693469e-12)
(48.177561622766646 -21.886043763405127 -2.5899231690871847e-12)
(49.336781988330991 -22.903713709514722 5.5376328119899803e-12)
(50.466336962697518 -23.974417855675703 4.0367232586572247e-12)
(51.751058829990079 -25.057084379280649 5.7000567607680797e-12)
(53.046030302449886 -26.161290054555366 5.3191323039459737e-12)
(54.428469436515343 -27.270830254930441 1.1209551857381819e-11)
(55.819628518279998 -28.395309034170332 8.171595912541528e-12)
(57.29687316863911 -29.565634885400442 5.1824336028450467e-12)
(58.87118773677571 -30.783367182025337 1.0486434226116612e-12)
(60.550345153046514 -32.057217799168356 4.0536813565539577e-12)
(62.344486059184433 -33.3894059832989 3.81635016962589e-12)
(64.260842544409542 -34.786093784911046 4.1483764707106312e-12)
(66.308792309385979 -36.249639137017503 7.366533180103235e-12)
(68.494808996222133 -37.782308542841044 7.7444807041013478e-12)
(70.825494632762428 -39.384327569619877 5.1035779921035961e-12)
(73.305490444416066 -41.053234671337663 9.5566507451286325e-12)
(75.938464701845277 -42.786150409969508 8.3956529764104449e-12)
(78.728077308386219 -44.581358422541847 1.1512156023362826e-11)
(81.676950941251818 -46.43792488202476 8.5272365632183894e-12)
(84.787824495134629 -48.352346347336159 7.8204891258675548e-12)
(88.062336724502728 -50.322809315504472 8.6256893355331634e-12)
(91.50268028025171 -52.345246877466266 8.2048402494036421e-12)
(95.111025461602026 -54.419165334002471 6.7545499423256094e-12)
(98.890125203248829 -56.541022828755935 4.5293079478294375e-12)
(102.84261165472583 -58.711710403981584 2.1302086675598219e-12)
(106.9722295194278 -60.928201922747412 2.0788636809538804e-12)
(111.28281106033432 -63.193039150248659 1.5459379962398918e-12)
(115.77894198084698 -65.501586490248016 8.4912192534983203e-12)
(120.4661744707641 -67.859302970527509 7.9383150070523646e-12)
(125.35181664978977 -70.264096333513294 3.944171217585332e-12)
(130.44321233449585 -72.724649694277602 1.9030376119872221e-12)
(135.75006264871402 -75.237592936549163 3.2490445927508693e-12)
(141.28182096143627 -77.814842468612127 4.8637046046168434e-12)
(147.04929980124595 -80.450654388049003 9.4855462341255918e-12)
(153.06482059553647 -83.162064017318798 1.26977705008188e-11)
(159.34148380101877 -85.941230271129086 7.2366740910229546e-12)
(165.89622338746713 -88.812044378404323 8.157664551337068e-12)
(172.74283142049077 -91.761794310390641 1.0781866501271936e-11)
(179.90542167885778 -94.822773379573746 1.093263277485969e-11)
(187.39631283673694 -97.976425304638425 8.4932892842701364e-12)
(195.24975334202873 -101.26520520580769 4.8639127866856581e-12)
(203.47429855030705 -104.66432233659582 5.8132182118233872e-12)
(212.11964963442804 -108.22643517927769 8.5560438302761737e-12)
(221.18698786415021 -111.92086052478221 8.6641800269491178e-12)
(230.74690544749424 -115.81118495077453 7.455266589082092e-12)
(240.78903450211374 -119.86017613461232 7.0989897571970635e-12)
(251.41302264544038 -124.14427951471849 5.3228910446673653e-12)
(262.59069821591373 -128.6189504688281 5.2517680608889846e-12)
(274.46077106482676 -133.3740316400534 4.3053920144023785e-12)
(286.97179390103014 -138.36024286820896 6.4316221905334398e-12)
(300.31095025291899 -143.67931392272743 8.0965396013287291e-12)
(314.3987154791227 -149.27923510000778 6.5949884627162547e-12)
(329.48259509965078 -155.27296226241685 7.3115404420146997e-12)
(345.45094885166014 -161.60946245596355 9.2418484982553656e-12)
(362.62233128281173 -168.41130757461104 9.0973912798969967e-12)
(380.85286998764269 -175.63069166845071 9.3888009561348063e-12)
(400.54423417109922 -183.39992634545425 9.3795507378904991e-12)
(421.52196924379683 -191.67663531800738 9.2406978290739065e-12)
(444.28443555058482 -200.60265965973491 7.6802710149353366e-12)
(468.63352327301516 -210.14147696645017 6.01039458869926e-12)
(495.18505235483866 -220.44811753074595 4.5040948034808657e-12)
(523.6883618321034 -231.49055238615153 4.6984414860407754e-12)
(555.18439107268296 -243.72280632879921 4.6902320113363207e-12)
(590.16820013398456 -257.21075986660708 1.724890194923132e-12)
(629.71887626616228 -272.02885773038565 3.265199883105749e-12)
(673.27547490626478 -287.99599973976404 2.6109697006166457e-12)
(721.64637674308506 -305.0356423490901 6.9149334405682698e-13)
(773.88326531450252 -322.63279862618447 6.2655267169626075e-13)
(830.76650535380861 -340.4427267563114 6.6071397734247461e-13)
(890.16481987103225 -357.40438077708512 -4.0015060029265281e-13)
(952.16103944269969 -372.95755043937771 -7.9025887451077135e-14)
(1026.4152723230773 -398.30489030533573 3.8119821093974015e-12)
(1123.3995038163439 -415.37058877888825 5.1126678773749626e-12)
(1221.7240388404821 -422.12145795536975 5.5040805691379112e-12)
(1312.3910428880524 -419.12916190839974 4.8698111348047504e-12)
(1405.1279177806907 -409.55075859981292 1.6753096921140206e-12)
(1502.6888137299861 -392.92484056262703 3.8874246892998436e-13)
(1607.119206700673 -354.48681284415272 -1.2709390194981258e-12)
(1682.7079735059399 -303.2844513381911 -2.8896709049833511e-12)
(1737.3635456431962 -211.21342285880601 -3.5560450208751745e-12)
(38.781875254837125 -9.5307841566822624 -2.0859746262435918e-12)
(38.893935106879646 -10.51461025868147 -3.4234463955671826e-12)
(39.102821124303532 -11.842239465895886 -4.1904318549401983e-12)
(39.62455695660563 -13.165750070991761 -9.245763832084214e-12)
(40.258542110316093 -14.23628343028612 -4.8100838959401918e-12)
(40.751122965745921 -15.170420898379101 -1.241089821471998e-11)
(41.432783971900008 -16.154534355852753 -9.8734190947955686e-12)
(42.108122069066468 -17.198429556096244 -4.4362837352970947e-12)
(43.167356266831632 -18.439843658530783 -1.4796263403386344e-12)
(44.134423327516252 -19.261744203366163 4.6356579368893372e-12)
(44.7259863493856 -20.230451640441011 7.4033043297208105e-12)
(45.768898299170672 -21.171872504240937 1.3770305561491796e-11)
(46.659223834553586 -22.22194649194741 2.1050650822916181e-11)
(47.827797450130838 -23.277963997103296 2.1021956028091261e-11)
(48.962888367650137 -24.396033738321428 2.0745181875679866e-11)
(50.276192381754427 -25.544154806709944 2.0766333725276461e-11)
(51.614502776268282 -26.726218429065721 1.0913335104108191e-11)
(53.064257026045695 -27.934892666318675 6.5066878826808344e-12)
(54.54508949507396 -29.176876294351718 6.5064363618374948e-13)
(56.138812701964397 -30.494412427626983 9.0968715526702003e-12)
(57.859034084252549 -31.88250625892233 1.2561015254967589e-11)
(59.710130519126956 -33.346846811421734 6.7042488975238659e-12)
(61.702256331698742 -34.885555711501866 1.0698464555173346e-11)
(63.837905423232257 -36.502120403680131 3.5847661137626238e-12)
(66.122101714760902 -38.193555872857829 7.5883753415179872e-12)
(68.555042836624523 -39.956610541387775 5.0707158534228003e-12)
(71.137547923512429 -41.786146528777167 1.1876656558628121e-11)
(73.8681843521736 -43.67637951446526 8.1283572728468646e-12)
(76.747864663833781 -45.623634957254055 1.0157337940518824e-11)
(79.777431375140935 -47.624226926642145 1.0315373066509595e-11)
(82.9554434785816 -49.674001334598685 9.2775399538722401e-12)
(86.281565556065729 -51.76808455089833 8.2438600940001513e-12)
(89.75500446054636 -53.903642485667739 5.336376371482882e-12)
(93.37627905006228 -56.077069102915743 6.2145896717149244e-12)
(97.145822506638638 -58.287482948539875 4.3437904872773817e-12)
(101.06555278284426 -60.531984864843629 3.6853895001460612e-12)
(105.13721033094035 -62.811507508297261 5.0001900913852479e-12)
(109.36457840107244 -65.12404258750901 7.0273014431292151e-12)
(113.75003206303003 -67.472053049011166 7.0028241870224452e-12)
(118.30000439324655 -69.854336057354629 6.1585527390335789e-12)
(123.02168592300634 -72.277367615414036 4.9591556689536898e-12)
(127.92260498792385 -74.740862243506399 2.2237622144316677e-12)
(133.01064306155544 -77.252543064277361 3.9189646878362117e-12)
(138.29584433866935 -79.81216611417689 3.0939311573840165e-12)
(143.78660261335003 -82.427908906554734 5.4259896556103268e-13)
(149.49550173059265 -85.098748483016891 4.4465861570943995e-12)
(155.43490965493098 -87.839694082726112 1.5933766617040912e-12)
(161.61970421658754 -90.6485337540404 2.7614158645500551e-12)
(168.06592167707316 -93.544929495586985 4.413880288353011e-12)
(174.79040068392499 -96.523280147790288 9.4457790439948578e-12)
(181.81396126043833 -99.609587830807456 8.5932971836783013e-12)
(189.15246924105304 -102.79288093388411 7.0374591216215957e-12)
(196.83582635313834 -106.10832153081894 5.7096733877795989e-12)
(204.8787253220429 -109.54081528547736 3.7596653997860729e-12)
(213.3243978295813 -113.13454384022899 2.9517997818868189e-12)
(222.18211269200188 -116.86881862371442 4.8860122642755224e-12)
(231.51348756722055 -120.798996061826 6.3586992704154378e-12)
(241.31835258112903 -124.89821545177477 3.9127061392718164e-12)
(251.68486712427415 -129.23420522305094 1.8972756669739736e-12)
(262.59714231171915 -133.77270721645962 3.8581495922396918e-12)
(274.18043691375203 -138.59572438658367 3.6883920672756531e-12)
(286.39668929703851 -143.66325781479071 3.3109495792876631e-12)
(299.41879133246016 -149.07060729208106 6.5805702436149899e-13)
(313.18053435076558 -154.77427209678078 -8.8397271561276351e-13)
(327.91532574715478 -160.88236968090752 -1.0098704039662638e-12)
(343.52327718991995 -167.35102573762128 -1.0540581469781911e-12)
(360.3109567988177 -174.30045522464215 -7.6283178829564336e-13)
(378.14298144353677 -181.68867058848829 9.8268459430448428e-13)
(397.4124632476591 -189.64842867790594 8.7514002505243273e-13)
(417.94886432011259 -198.14188438464771 3.0505451328750084e-12)
(440.2469658186775 -207.31507906997686 3.6537068596643469e-12)
(464.10657381065374 -217.13548321810097 1.334588953501908e-12)
(490.1467601644465 -227.76499949543722 2.1250442944911383e-12)
(518.10888613306338 -239.18016132119243 2.1286320233684791e-12)
(549.04719430913497 -251.86584902137568 3.626402206757066e-12)
(583.44966331612 -265.90782057299236 2.1480387275083689e-12)
(622.45031012474237 -281.38985302984537 2.99003410942426e-12)
(665.46615588066038 -298.1699095141081 3.7702804381556968e-12)
(713.34910517410901 -316.15567174396864 3.5794289251269537e-12)
(765.1530093944192 -334.88342053955779 3.3651859492767956e-12)
(821.70479091708933 -353.96741266764099 3.5796793133526156e-12)
(880.89092526939567 -372.3744440236236 4.2907029046174724e-12)
(942.87225237081827 -389.39535343861525 3.1287516190684273e-12)
(1017.6530308396209 -417.56290744182996 4.7170566052238279e-12)
(1116.4690041805381 -437.15605785695703 3.2971829635542413e-12)
(1217.4577088773931 -446.04868276772049 2.2274230335192038e-12)
(1311.0532391556262 -444.10296338333507 2.2527061106398293e-12)
(1406.9601607200152 -434.74539216319562 -3.3184336532116153e-13)
(1507.9196815940059 -416.65267693062805 -1.2532061778576292e-12)
(1616.4785251654694 -375.81433769253749 -4.3681421603062573e-12)
(1692.0628093551049 -320.73738076740477 -7.7141014628166378e-12)
(1747.6929595841621 -217.84878201836011 -6.8088361229411205e-12)
(37.319785423906261 -9.0984145316487801 1.3134240759396563e-11)
(37.410582793737525 -10.139703743585002 1.1503094892541287e-11)
(37.566445051970923 -11.673968304977466 9.8913476196518905e-12)
(38.144305049303142 -13.17317633356107 4.3020367201139478e-12)
(38.826199342771787 -14.333053269665893 -4.5226926164593556e-12)
(39.35394603635946 -15.322029501928517 -4.4201377446498512e-12)
(40.075676452689414 -16.346355179583838 -3.9184025273127313e-12)
(40.76700790738839 -17.410242709599792 2.8599818729685163e-12)
(41.866640543475377 -18.74138462398415 8.1266546539025183e-12)
(42.875762309602358 -19.552700834042536 2.3107805009836473e-12)
(43.468977796778397 -20.573085571099451 4.1937232818801817e-12)
(44.56932136025825 -21.553433593472015 1.1592801193585376e-11)
(45.501626085709155 -22.672411352848734 1.453732727136864e-11)
(46.762008819434072 -23.825792404043074 1.96885530218973e-11)
(48.010050200144782 -25.068238511853867 1.2298778859709147e-11)
(49.481509761232083 -26.382960816614869 3.2850501461703506e-12)
(51.016052179545014 -27.756835400023615 -1.633328607909494e-12)
(52.700711721075017 -29.187656903930975 -8.9393651163470039e-12)
(54.448346196532846 -30.672304876698039 -7.5492658630192043e-12)
(56.337238057478444 -32.256484314886364 -2.9961499548932001e-12)
(58.376462188506935 -33.921558035019451 -1.6897871601155016e-12)
(60.560162614607286 -35.670393442442837 6.3218779507526471e-13)
(62.896060430409037 -37.49577126783128 -2.951190429331009e-12)
(65.376826471295175 -39.391852719042944 -3.0198978799403569e-12)
(68.001095440372609 -41.349944561276295 -3.2768517132985511e-12)
(70.762461678473116 -43.362214655403911 -3.6946214855822899e-12)
(73.657006995380115 -45.421358636619665 1.4834812754517709e-13)
(76.680043631428646 -47.521816355030921 -2.0774040080933341e-12)
(79.82853749766025 -49.65978655431185 1.0677792066846667e-12)
(83.099158115380135 -51.829137342859099 4.269020523966434e-12)
(86.489826915884251 -54.025396028793196 5.0128271087612532e-12)
(89.999295400185531 -56.24503811037011 1.4545916305095549e-12)
(93.627286722479766 -58.486274981722111 1.1181288828908387e-12)
(97.37469619652191 -60.747394916172659 -2.3061997078663011e-13)
(101.24310486392832 -63.02858047845541 -1.2257374892393314e-12)
(105.23550113587494 -65.329500787285568 4.1926174713844251e-13)
(109.35540552786524 -67.65193632802756 4.6822979186908644e-12)
(113.60793360138949 -69.996580150852253 6.5847928739685824e-12)
(117.99822108817325 -72.366899389884651 6.8389331873867567e-13)
(122.53415386969347 -74.766364089170196 -4.6874433197398248e-12)
(127.22235275870746 -77.199339438016096 -4.8158875436092537e-12)
(132.07182559250947 -79.668132950011511 -4.9623104869690409e-12)
(137.09132503764837 -82.178795120231626 -3.7336566933740141e-12)
(142.29018464951784 -84.733799729177505 -3.2889159163437497e-12)
(147.67965602684717 -87.340835176643679 3.2109973456662951e-14)
(153.27469531416284 -90.004616166384281 8.8881402263739741e-13)
(159.08837833047048 -92.736728854545902 1.1893690078200321e-12)
(165.13582681478081 -95.539872377897311 9.4751425736464718e-13)
(171.43294498733758 -98.428753413983202 2.5410478062306102e-12)
(177.99636103183389 -101.40378231757185 3.05370989494842e-12)
(184.84434593764371 -104.4818860471613 2.9732688902032788e-12)
(191.99625651316464 -107.66271428204973 2.8550667111089621e-12)
(199.48025779560152 -110.97446719946191 8.4881652493200956e-13)
(207.31467673808964 -114.41221446640016 -4.6766330095737102e-13)
(215.5388572689636 -118.01123792561934 2.5887687385418095e-12)
(224.16507416913024 -121.76049777452799 5.0126497101757355e-12)
(233.25036533678502 -125.70509774331768 4.7649238376047676e-12)
(242.80001119496114 -129.83040816070613 1.8768747895002279e-12)
(252.89656846446539 -134.19323259246903 1.5386427938678403e-12)
(263.53018054830841 -138.77207904905603 -3.5784437169576486e-13)
(274.81882271338577 -143.63803366262803 3.1254214252397853e-12)
(286.73150162953539 -148.76370246097923 5.0729292895686162e-12)
(299.4329169250737 -154.23365659770548 1.5370710524245888e-12)
(312.86401827659324 -160.01712539745071 1.1946755214572345e-12)
(327.25020884647427 -166.21245538679972 4.3285198311090016e-12)
(342.49730193067808 -172.78764985830011 3.7301001133709223e-12)
(358.90562067465737 -179.85533092141389 3.8505913029594119e-12)
(376.3426950489598 -187.38398222709804 4.1064614271916403e-12)
(395.19817962459456 -195.50156472703006 2.6221218601125645e-12)
(415.30039058630069 -204.17908996959909 8.6812876262943897e-13)
(437.14479261906587 -213.5618661570546 1.0636465639644577e-12)
(460.52471669415496 -223.62478280966718 2.3642615423191356e-12)
(486.0653399008404 -234.53246682783185 1.1247210013078841e-12)
(513.49498531856 -246.271199795131 8.7950474299570564e-13)
(543.88208779259833 -259.35062327932962 4.6246430869493156e-12)
(577.70045196734588 -273.88260571631758 3.950061886464166e-12)
(616.12734069722603 -289.95822451240184 3.888657850586684e-12)
(658.55960564306758 -307.47506343122006 5.0982208954464404e-12)
(705.90134894813593 -326.32793889764037 5.225183905558621e-12)
(757.18725500558389 -346.11735212759413 5.0788433958935424e-12)
(813.31633263205129 -366.40883764578388 6.2372668269856817e-12)
(872.17569669353213 -386.22736782155886 7.5675549404064546e-12)
(934.03600764137627 -404.70694205511126 5.0971264486088778e-12)
(1009.1806776720015 -435.6985045642715 9.1023966400484907e-12)
(1109.6525322381644 -458.16639565191412 7.4396686245073808e-12)
(1213.3333455854315 -469.49263845103343 6.391986916767354e-12)
(1310.0030829950776 -468.77548283266981 5.2177432231539568e-12)
(1409.3603806107305 -459.65618246042305 2.6386974821383092e-12)
(1513.8261719466886 -439.89729967749497 1.298110419437016e-12)
(1626.7557765903964 -396.90255171619231 -2.009687184955666e-12)
(1702.1910036109807 -337.8356079411447 -6.1340978019741209e-12)
(1756.2578049814158 -222.37197088563158 -5.8983423273531518e-12)
(35.911905778686091 -8.6511517318161353 1.1068261096117155e-12)
(36.021846220488115 -9.7284995323670636 3.8194828846011878e-12)
(36.111161082878276 -11.538606415003349 3.9429200294672054e-12)
(36.823283814698897 -13.304401695921143 3.9054776966656223e-12)
(37.61231204182576 -14.578596289773889 -5.2050044296090745e-12)
(38.217335468578142 -15.636113727611516 -7.0374551797706756e-12)
(39.022109162738886 -16.700234614299628 -7.1993343260675374e-12)
(39.760123854257685 -17.784793557578226 -5.4685602793691486e-12)
(40.962533417128419 -19.258176594639835 -5.7373267695534162e-12)
(42.101249285374337 -20.075084007202836 -6.6151861014955736e-12)
(42.784953165902678 -21.222898098829145 -5.62714664335325e-12)
(44.083011457936948 -22.344937662138914 -6.6138838500365041e-12)
(45.229632567414164 -23.659652742584388 -6.6837649227987522e-12)
(46.786802520596886 -25.072448126092969 -1.3916316435387196e-11)
(48.381757575399774 -26.609822868772788 -6.3044767144915253e-12)
(50.248219834652254 -28.264543435705825 -4.4774956829775445e-12)
(52.213752720487378 -29.994877031697857 3.9555940122478691e-12)
(54.348057270265286 -31.794347619891933 4.3555757219520162e-15)
(56.552519556326594 -33.638581311141785 3.0259055629351611e-12)
(58.896118433128898 -35.573383646461437 3.1707468516439587e-12)
(61.38518454096647 -37.570097718590915 1.5646997489995544e-12)
(64.001374850201486 -39.630242416301478 -3.4593595323372944e-13)
(66.742482461932696 -41.738414909569173 -3.859511327837139e-12)
(69.595760258867401 -43.884551586172883 -6.2044150888364629e-12)
(72.55616707100539 -46.059562667203387 -6.797695467236213e-12)
(75.615900488247405 -48.256361979919198 -7.9444445280813558e-12)
(78.770780158845341 -50.469640637889803 -7.247245584017182e-12)
(82.016723525734818 -52.695317649958895 -4.7303409215139539e-12)
(85.350983704737729 -54.930903185742302 -4.7993698581803529e-12)
(88.771846180684122 -57.173853788290771 -1.486153655851244e-12)
(92.279343504170384 -59.423092491307585 -1.8835020343577618e-13)
(95.874698128102324 -61.677908844610734 -1.2264013018783707e-12)
(99.560010373012332 -63.938948001691493 -2.6314457749472305e-12)
(103.33849126409191 -66.206966727114249 4.9738582173699814e-13)
(107.21399191309226 -68.484033467713459 1.2042377033634957e-12)
(111.19143858300711 -70.771973547250568 1.2101541196825682e-12)
(115.2762502977352 -73.073871822894901 1.170285691444581e-12)
(119.47502026638064 -75.392473640969911 -1.5492828376123783e-12)
(123.7948439121098 -77.731891168256837 -1.0456913774501719e-12)
(128.24368775595201 -80.096164286747396 -1.9163444717917402e-13)
(132.82979448830054 -82.490047314215204 -7.325014086993487e-13)
(137.56282038758107 -84.917735566272469 -6.3742383189527539e-14)
(142.45312270986454 -87.385146852341578 2.3840740227417693e-12)
(147.51184647920661 -89.897297568658473 -2.8531468294203066e-12)
(152.75234253368365 -92.463243698032386 6.439752930789824e-13)
(158.18758253374949 -95.088776036823958 5.5432269891529767e-13)
(163.83168202403064 -97.782198466493767 -6.8151314456011929e-13)
(169.69953639625624 -100.5494358796978 -1.1262648429228061e-12)
(175.80741586616509 -103.4008911588349 -1.6850134955897029e-12)
(182.17043439903003 -106.34240376324827 -9.0224790824475475e-13)
(188.81158005892237 -109.38741909952766 2.5602768425932365e-13)
(195.75175676050259 -112.54593856473369 1.3509442978560441e-12)
(203.01737911291818 -115.83584214683506 2.2765896811906701e-12)
(210.62725724713718 -119.2631023440633 3.4359999822089028e-12)
(218.61403836010058 -122.84675184625183 5.0614995171468122e-12)
(226.99412586188032 -126.59014329334094 5.063681732363762e-12)
(235.82395738488682 -130.52955133394994 3.2571729370334839e-12)
(245.11031889479119 -134.66336877957627 3.26473617097263e-12)
(254.93187138974284 -139.03545630338976 6.0443470476119882e-12)
(265.2814320233706 -143.63724441881143 5.4341491671421042e-12)
(276.27378475132167 -148.52782190150936 7.6939688742924883e-12)
(287.88098474202377 -153.69336591160302 6.981000197778291e-12)
(300.26435147169127 -159.20691862117891 5.8108761759238402e-12)
(313.36670512830585 -165.05142962262278 7.0874227142418482e-12)
(327.41081598252197 -171.31358118649197 6.7171165314749396e-12)
(342.30286791549634 -177.97506773545362 6.2892692988459432e-12)
(358.34231815408197 -185.13853346622068 6.1643370471653901e-12)
(375.39437314859458 -192.78510301054902 5.6982501676920386e-12)
(393.85033869733792 -201.0350037124955 5.5696029575326937e-12)
(413.53241738006403 -209.87052105357441 6.1013442056422506e-12)
(434.94128694958772 -219.43297912916009 6.2061582759305605e-12)
(457.85943012415163 -229.70697085282492 7.6327743139998518e-12)
(482.92151175131659 -240.85631169705411 6.8293768635422265e-12)
(509.83895042994749 -252.87917804546325 6.7615557323244388e-12)
(539.69541194211138 -266.30171352241143 6.7035268306015544e-12)
(572.94470921322113 -281.26703858635182 5.0111295905951714e-12)
(610.79607271463647 -297.86861942058357 3.3395596833466843e-12)
(652.62209104493979 -316.0475371205444 1.9538688628845091e-12)
(699.38622997942844 -335.68635258401139 1.0715865129904368e-12)
(750.09019919252171 -356.46151494243384 2.1309588014486156e-12)
(805.72113046462368 -377.88071599285854 1.895972044401102e-12)
(864.15118764618546 -399.06228411151585 6.9500549724608139e-13)
(925.80743760922257 -418.97969467717093 -3.5129577453947104e-13)
(1001.1077913168881 -452.72181272496147 3.6538103615274694e-12)
(1103.0067072837649 -478.38827726903872 5.2681078883987829e-12)
(1209.354135511916 -492.4892660051699 5.0680510474776244e-12)
(1309.2014296228795 -493.17642160033904 5.3731347373768774e-12)
(1412.2619191997337 -484.33403378334719 4.0109749008079057e-12)
(1520.27012638735 -462.64212646920538 2.6836709366371336e-12)
(1637.7549232911306 -417.75794960181145 -2.2488826102698652e-12)
(1713.3915308023945 -355.04285615042107 -7.8437724129799344e-12)
(1763.5567822846172 -224.62307828764924 -7.0860824133807759e-12)
(34.731827915574328 -8.3036282175085052 -2.4874900210004147e-11)
(34.945564296325145 -9.3768927488277676 -2.0574471942503102e-11)
(34.969743020957594 -11.566400296346572 -1.3273144024576373e-11)
(35.956970356151032 -13.768629928773814 -1.0388193052975359e-12)
(36.966104863266651 -15.208063630305046 -7.4285717655626777e-12)
(37.73198884713058 -16.377729103294421 -1.2771158943275293e-11)
(38.717383648384718 -17.507640419281305 -1.2352568593821558e-11)
(39.610370209273768 -18.676117530171066 -1.5443054832480397e-11)
(41.126416195048385 -20.460223230659231 -1.1155511879022885e-11)
(42.651524239418166 -21.459587369363678 -1.1745897472764106e-11)
(43.674154922173877 -22.93677678344687 -1.6752599775388083e-11)
(45.45963444295036 -24.443832815485575 -1.9101143526910442e-11)
(47.120750593989314 -26.176792206373754 -1.0022908259761174e-11)
(49.250054794796647 -28.062355328732615 -1.1139698274617144e-11)
(51.441173584308714 -30.057670009001694 -1.0296291330890516e-11)
(53.899867205060019 -32.167851562162724 -5.8725827993978687e-12)
(56.445417874086843 -34.319442034814941 -5.5929443641481799e-12)
(59.1138386187707 -36.499135175462712 2.0010769743462871e-12)
(61.809187443729712 -38.675063595154221 6.6486899799056738e-12)
(64.594171474707551 -40.896522837619166 4.7932650127747017e-12)
(67.48024722522149 -43.135598074727596 -2.4907900354155689e-13)
(70.442257591618585 -45.390981161207051 -3.77457153419425e-12)
(73.479460369338554 -47.652247620050829 -5.4880505801429875e-12)
(76.580406413720468 -49.91422899409438 -5.5084007173521739e-12)
(79.743510769541246 -52.172826418510489 -5.2234443933367971e-12)
(82.964624430726772 -54.425360737178252 -4.2148528566246197e-12)
(86.243301888470583 -56.670686915208485 -4.3180637639876173e-12)
(89.579154860844596 -58.908375359155649 -3.1350134197415413e-12)
(92.973235144958082 -61.139215601925507 -1.9754323635413904e-12)
(96.427270011322435 -63.363836772433523 -2.6717346102474137e-12)
(99.944001781274167 -65.58353331121009 3.4813210574334704e-12)
(103.52694859548188 -67.799786825245761 3.4471274394162009e-12)
(107.18028240432659 -70.014793080867548 2.3406106702489549e-12)
(110.90890751098242 -72.230890344818235 -7.4824836136237547e-13)
(114.71817115546942 -74.451098880556671 4.607198967904312e-13)
(118.61416954796414 -76.67849058135188 2.2376053193468449e-12)
(122.6034122948932 -78.916703029490833 1.7762119102711021e-12)
(126.69324541513413 -81.169595280023898 3.0990194979072011e-12)
(130.89147193693842 -83.441451322845154 1.5039763661064349e-12)
(135.20667752445635 -85.737339496945467 4.4445380898598966e-13)
(139.64782597045212 -88.062082557604285 3.4451041231165977e-12)
(144.22506987955404 -90.42134340106972 2.2598097246058925e-12)
(148.94916137058905 -92.820553054828238 2.5623136977662072e-12)
(153.83199885938572 -95.266588610642515 5.3121975875733288e-12)
(158.88620589640703 -97.766074261920053 4.1864112287020897e-12)
(164.12503067983948 -100.3269564540085 3.969216719528313e-12)
(169.56351439566288 -102.95595619241938 1.6367509571894211e-12)
(175.21699428816876 -105.6623615190863 5.8470750783730165e-13)
(181.10397453423198 -108.45415500239562 1.7241250472844161e-12)
(187.24118396553379 -111.34305472809177 1.4688481111690271e-12)
(193.65389974088828 -114.34066752454979 1.4806599043994568e-12)
(200.35755934911029 -117.45932178461437 2.8698411367984269e-12)
(207.38202200111087 -120.7088334112086 2.5722803323590315e-12)
(214.73892198801798 -124.10200142497159 1.52092913257252e-12)
(222.470096757584 -127.65229976355199 1.7214857580157143e-12)
(230.59321122354893 -131.37723655756977 4.6900006933117375e-12)
(239.16400793498363 -135.30308790743331 4.3713177959137818e-12)
(248.18147566335296 -139.4317911789901 4.145095903784152e-12)
(257.72476646790682 -143.79663721736276 4.2227120180978647e-12)
(267.789933453635 -148.40646289308179 2.9957639771967349e-12)
(278.48973911132839 -153.30851960403581 2.4006155176673821e-12)
(289.79424818415566 -158.50062167339007 4.567550017190597e-12)
(301.86624529561254 -164.04375419395987 6.7147708701298124e-12)
(314.64613373217622 -169.93439193557199 5.4220423699341976e-12)
(328.35935765443111 -176.24838122431842 4.1058764453970107e-12)
(342.90677072130171 -182.98040630460946 3.5977836702675508e-12)
(358.59288060854999 -190.2232160352244 3.8568028118420561e-12)
(375.27467240804657 -197.9701122817622 4.0591404834030038e-12)
(393.35134979017948 -206.33360538529487 4.3865648052902285e-12)
(412.63271015163696 -215.30663016330448 3.8296777554709704e-12)
(433.63106456502749 -225.02664500861917 1.4700743080006289e-12)
(456.11164690947999 -235.48683938543815 -8.0301783171911107e-13)
(480.72478545063717 -246.8501456829282 -1.2232926444345912e-12)
(507.1578813020032 -259.12507098226604 -2.314021369761087e-12)
(536.51555806725446 -272.84939844700813 -3.4460369987410303e-12)
(569.21926698294931 -288.19909830394141 -5.1802298608825436e-12)
(606.51352120972945 -305.26648933943227 -2.4716742874895033e-12)
(647.73212538274311 -324.0412949223101 -2.6215830833628045e-12)
(693.90842452425466 -344.38570711113084 -3.9027555507986203e-12)
(743.99170439814179 -366.07313429957077 -3.8897990334442491e-12)
(799.07296417840939 -388.53356456951354 -3.88984163575364e-12)
(856.98893960803571 -411.02034475759763 -2.9485244328219045e-12)
(918.35886987868878 -432.33140029253201 -3.8382927140508879e-12)
(993.55676113202412 -468.67059338546915 -9.7949913414246089e-13)
(1096.6676285723609 -497.87473406058103 -5.5518482227526249e-14)
(1205.6998410199949 -515.166321942217 -6.1594280562948863e-13)
(1308.8196926113885 -517.40275928958408 8.6354762380351337e-14)
(1415.8307896893257 -508.88788297323515 -1.8972422554597505e-12)
(1527.3509634256488 -484.87721041988806 -1.7912751401545115e-12)
(1649.4686146702645 -438.27493671239472 -4.8301151878873524e-12)
(1725.9489055596184 -372.6835761666718 -9.1921517583381364e-12)
(1772.7036813251527 -225.2975077161324 -7.0765400666771721e-12)
(34.478120408158716 -8.3012148289267511 -2.4087754402247373e-12)
(35.008714091807498 -9.388183797490532 3.7261115461952211e-12)
(35.116378485274879 -12.165057678919368 7.3748739614365138e-12)
(36.710348302783942 -15.162661097629806 6.1650476362552444e-12)
(38.201983105369791 -16.972987020722819 -1.9003529157862853e-12)
(39.322613748113461 -18.431686842937321 6.3311883400279694e-12)
(40.689778037043624 -19.810045703465466 9.3720222475405028e-12)
(41.976212792561199 -21.311235423699923 4.815999994514276e-12)
(44.144063208613545 -23.713435305638775 4.3333685099552936e-12)
(46.314817605766478 -25.15885332281276 4.8119498981661804e-12)
(47.918997417648697 -27.110270210416886 -2.8173406081682164e-12)
(50.364595588534335 -29.127778876922047 -3.2593637398232382e-12)
(52.681371105636622 -31.317010600177465 -3.4427113852492116e-12)
(55.427477443015107 -33.646849092060869 -4.4263253089433753e-12)
(58.207121421113818 -36.020903435776205 -5.2998350537571672e-12)
(61.181208192132864 -38.460095650305981 -2.4860504584716011e-12)
(64.186489001200741 -40.87580387743715 -3.0861776751095517e-12)
(67.238311080206913 -43.262705264939704 -2.2847458219496018e-12)
(70.258209883195292 -45.59576111031204 -1.000953084190303e-12)
(73.308741224686131 -47.927833866004029 -2.2293324801652974e-12)
(76.4098765930638 -50.239583427581955 -5.8793740457969868e-12)
(79.539451821900357 -52.53347241252861 -7.4425328032153583e-12)
(82.703176280359031 -54.806457056780232 -3.0216827409923534e-12)
(85.894575577947151 -57.057767876949065 -2.8929997197087628e-12)
(89.116230910570536 -59.287998079220984 -2.6773471605579335e-12)
(92.368041987175047 -61.497765512569813 -7.3634745007336445e-13)
(95.652702344150782 -63.688750832861459 2.319863871871161e-12)
(98.972713439147299 -65.862711691317472 8.3743439373895325e-12)
(102.33148982392426 -68.022143047244398 6.0362982072756196e-12)
(105.73271255632096 -70.169343342193216 3.620020586607616e-12)
(109.18070987455222 -72.306894920767164 8.1487465520212021e-12)
(112.68033078191975 -74.437428096707592 8.2391262338504683e-12)
(116.23686855745839 -76.563943907167825 5.590618310647015e-12)
(119.85617914409987 -78.689623797305416 4.614965334031768e-12)
(123.54445714316273 -80.817936953761162 2.122348473449717e-12)
(127.30854129011954 -82.952742333614282 1.0970175741139295e-12)
(131.15560869533218 -85.097881896788067 1.6464813236104125e-12)
(135.09357882909538 -87.258073673636744 2.724922859723242e-12)
(139.13077285733598 -89.437454632122183 -9.7761051584462242e-13)
(143.27623355750623 -91.641974580474738 2.6053607138908856e-13)
(147.53939259449425 -93.875987475447275 5.0654638534249428e-13)
(151.93059356685438 -96.14656387780154 1.8535498532578285e-12)
(156.46096102607541 -98.458140874041746 2.3067589243887026e-12)
(161.14222980671568 -100.81935171650642 4.1781990189676969e-12)
(165.98756051943391 -103.23520024260212 4.0669537586231449e-12)
(171.00989296830019 -105.71612506527936 1.2592167291178621e-12)
(176.22502002554558 -108.26690602719843 1.1466529409067048e-12)
(181.64768318675516 -110.89994831222474 1.0247103289679488e-12)
(187.29730540316751 -113.62040327068067 1.029465056831596e-12)
(193.1899265164715 -116.44368336612163 8.5910027234811035e-13)
(199.34974559251762 -119.37548391082233 1.2067646141045622e-13)
(205.7926403572032 -122.43382749880766 -6.0362617559559482e-13)
(212.55105186512893 -125.62384565518461 2.8527939965455887e-13)
(219.63841437431199 -128.96648906097653 1.0894215906703681e-12)
(227.10250803610523 -132.47458912665323 8.1676472315316868e-13)
(234.95424395638969 -136.1697735079851 1.635874230342242e-12)
(243.24344318893358 -140.06174873547263 6.0826998914324526e-13)
(251.97814319319968 -144.17049646357273 9.9035808203835435e-13)
(261.24067023229878 -148.51832218236044 -1.017485344546868e-12)
(271.02686178207091 -153.13382554451675 -4.2120304834728636e-12)
(281.43553943276254 -158.03399434512903 -3.8856052401621884e-12)
(292.44386537530778 -163.23984280726359 -1.4068107074438613e-12)
(304.21592196106417 -168.80341918330404 7.6427657683634065e-13)
(316.68371278133031 -174.73018522471307 2.3664181979281037e-12)
(330.08094733789198 -181.08602534191405 1.9827465640733305e-12)
(344.29827960559942 -187.87667897460932 1.8345832786271126e-12)
(359.65126241239699 -195.18822810972452 -7.0259959476436781e-13)
(375.98246117440505 -203.02256825996326 1.1844250974480711e-12)
(393.70564005352134 -211.48775920546598 4.9657075231473166e-13)
(412.61151182440165 -220.58335713712984 -8.476285512102067e-13)
(433.23115332874841 -230.44687366055669 1.0977762532753685e-12)
(455.30573734286622 -241.07524863472085 5.5078811941325541e-13)
(479.5084155729686 -252.63445580909843 1.7418286862497021e-12)
(505.49527197450499 -265.13793630456689 2.6846757876704273e-12)
(534.39759180102624 -279.13269843430083 2.4137495844941069e-12)
(566.59084795504805 -294.82637266874798 2.006623453473128e-12)
(603.3592331907339 -312.30892187554605 2.4725000512861332e-12)
(643.99334032576542 -331.6247402663974 1.6418980587987856e-12)
(689.59845074557381 -352.60217261596949 2.8806902698134738e-12)
(739.04953372577904 -375.1332851504194 1.9753634917785087e-12)
(793.56213601934894 -398.55148997260324 1.2584473116243536e-12)
(850.90654321561908 -422.28352718131526 2.825627295011384e-12)
(911.94156380830327 -444.93617617818171 1.0876799016662368e-12)
(986.83963174688051 -483.69223066472159 4.0641163681426733e-12)
(1090.8683548553649 -516.73536378972665 2.450116573278035e-12)
(1202.2989238928913 -537.51591835062231 1.1202277016205969e-12)
(1308.9143877613915 -541.54077677549935 -1.3267978629415242e-13)
(1420.3063945109423 -533.50863053139949 -3.0193485987504464e-12)
(1535.2495862434487 -506.65727672368484 -2.8599796057804862e-12)
(1661.8019232810132 -458.2637549296694 -2.678667411543274e-12)
(1738.8843880156649 -390.43423892948852 -3.3414423038004313e-12)
(1787.1155787515997 -226.1585296428421 -2.8763632371561121e-12)
(36.574385441966101 -9.2671712808411151 9.4418736261423511e-12)
(37.811094660684596 -10.616873688144809 9.2358575713731676e-12)
(38.405942829910138 -14.357606824866672 3.8621078979605664e-12)
(41.059455610454279 -18.673325254109432 -4.4316303696078986e-13)
(43.313379310977204 -21.185869656499388 -4.6103923174542745e-12)
(44.97219986584961 -23.17155275430115 -1.3923049784736726e-12)
(46.830292464253361 -24.969189594168782 -1.0491549370817369e-12)
(48.672780634819915 -26.995042491628169 1.0474914666382968e-12)
(51.542821251389505 -29.976389260662383 1.6371241339834171e-12)
(54.318757858611576 -31.867980052631822 -6.5137378527638064e-12)
(56.45521666158767 -34.166318243757743 -5.8096440626301749e-12)
(59.410429092507414 -36.5348795028791 -9.1123959537021194e-12)
(62.217726909543686 -38.98983158341774 -5.8253297970967621e-12)
(65.368115478722444 -41.549639186058535 -2.4095947061110617e-12)
(68.515709261249228 -44.09436391254966 -2.0656198041261382e-12)
(71.777589625637162 -46.654791101381619 -3.1595521521507114e-12)
(75.022805924998408 -49.147706667707851 -6.340434214703769e-12)
(78.253580685171002 -51.573491894059906 -3.2570547484967087e-12)
(81.408956144181829 -53.914820289374859 -2.2903168232658066e-12)
(84.549247578099113 -56.218728328744582 -2.7208718919045662e-13)
(87.705087893603775 -58.480041505561076 -1.9989403478153245e-12)
(90.857963932093284 -60.704398415002515 -1.1331727701450026e-12)
(94.018002079650628 -62.894438172294421 3.4749387038478287e-12)
(97.182681259960489 -65.052272218042503 3.6759680619919946e-12)
(100.35719089986553 -67.181207562689892 3.291592959036675e-12)
(103.54396847951034 -69.28372508036783 3.1999042812583093e-12)
(106.74755520969302 -71.362977669120198 4.2096204887063188e-12)
(109.97213279475089 -73.421909523123034 3.1366128845221013e-12)
(113.22249484238017 -75.46383190655655 4.8568658094288372e-12)
(116.50353359974322 -77.491882418326981 7.9480590507007349e-12)
(119.8205498962208 -79.5092877111326 7.2651979537576018e-12)
(123.17920275625788 -81.519344425746539 5.0590378010807625e-12)
(126.58547789967649 -83.52543870930522 7.2014489269892663e-12)
(130.04582937608038 -85.531298520575191 3.8680900089205834e-12)
(133.56697735777419 -87.540556199502504 3.5978367376440979e-12)
(137.15621964576471 -89.557648804335187 2.2826089013542432e-12)
(140.82115241539319 -91.58635221162335 1.6053083278746675e-12)
(144.57001984098122 -93.632105042742694 2.1820670392759189e-12)
(148.41147066421854 -95.698675055686749 2.1793726122168202e-13)
(152.35482650501726 -97.792949294675381 1.4705413439388959e-12)
(156.40993426205881 -99.918587514654263 1.4054030515793515e-12)
(160.58721485297232 -102.0840343330826 1.4343101253070597e-12)
(164.89833774420222 -104.29267098351772 1.652375060694789e-12)
(169.354780888666 -106.55479104179295 -1.9708684369897659e-13)
(173.97053157721527 -108.87379678231332 -7.9660310146445444e-13)
(178.75799383891299 -111.26226913085198 -2.6533322660163303e-12)
(183.73388760869662 -113.72291353480526 -1.3249836708625665e-12)
(188.91191461679654 -116.27114038089985 -1.9157067003130114e-12)
(194.31260679761579 -118.90871623606309 -1.4377323105078911e-12)
(199.95053625797567 -121.65562636691834 -8.7012906665898679e-13)
(205.85134588125513 -124.5120471499837 1.1253375444643152e-12)
(212.02908841039573 -127.50347157092926 1.3881994035466291e-12)
(218.51790155019572 -130.62730189834363 8.8727891302036174e-13)
(225.33070244542657 -133.91487905563369 -3.0776019831816582e-13)
(232.51193859257958 -137.3641939353702 -2.0388595824444367e-12)
(240.07312491475443 -141.01242985124026 -2.8564991517347287e-12)
(248.07046035184564 -144.85284809510742 -4.2770482118986458e-13)
(256.51665359422412 -148.93653816859117 1.8392119334675693e-12)
(265.4914722855878 -153.25736750506331 -9.5678770756828921e-14)
(274.97994057657252 -157.86439300525285 -1.3426064737338135e-12)
(285.09590459535451 -162.74881590234031 -1.5504781791875379e-12)
(295.82543361322138 -167.97646365329703 1.9305847757791136e-12)
(307.30678643591278 -173.5514974122126 3.3592380720972894e-12)
(319.47767440051018 -179.50423247117695 4.6244518987637273e-12)
(332.58067425969404 -185.89871904732203 4.4915865424370338e-12)
(346.48845881042092 -192.74159880769827 2.6079295667727586e-12)
(361.53472921500315 -200.11818781941341 9.1544938230155371e-13)
(377.54134242394144 -208.0323503919895 1.5417245424472004e-12)
(394.94401192792714 -216.59528290009882 2.1299770637407399e-12)
(413.50685797017132 -225.80467671132664 3.1212520530259751e-12)
(433.78805425770332 -235.8070347678015 2.7920415924337729e-12)
(455.49696517275549 -246.59327915979057 2.7228322204741759e-12)
(479.33862509113447 -258.34195633647596 -7.1343978257562586e-14)
(504.92978211498826 -271.06098934939428 -2.6232016187758558e-12)
(533.43701124881193 -285.31092874615308 -2.8286035444288004e-12)
(565.1758220499114 -301.32098780188335 -4.0634695945084493e-12)
(601.4846968199181 -319.18903078399694 -2.1627259076236884e-12)
(641.57686031014305 -339.00285642101062 -4.2415417627442387e-12)
(686.65570228958791 -360.55634431487346 -2.7437896073209359e-12)
(735.49073564238404 -383.86869141785746 -1.406160445420778e-12)
(789.44873548053681 -408.16741260720079 -1.0588736231163898e-12)
(846.19562418525243 -433.08785731537296 8.1664270023272107e-14)
(906.88720232586502 -457.03699766315742 -1.0582509435194278e-12)
(981.31441286361826 -497.98949752000561 1.6387260124295809e-12)
(1085.9758722395732 -535.16727186290393 2.4933560568126392e-13)
(1199.6170453058376 -559.75570913703757 7.2549196563384806e-13)
(1309.9021005389618 -565.83234992749988 5.5635680545663801e-13)
(1425.9442255209838 -558.39788533876242 2.4596234297590832e-13)
(1544.2088989190288 -528.07066841231676 -2.1016328620455024e-14)
(1675.3705575389656 -477.98216421987223 -2.1425713032241244e-12)
(1750.452110938473 -407.05968096929507 -5.1951325843365897e-12)
(1799.019271805478 -225.79162892465337 -4.8426749404440719e-12)
(43.632922844080475 -12.072497298713783 2.7722468364949788e-11)
(45.695633699483174 -14.28794878883086 2.7460667342546822e-11)
(46.977857052212329 -19.222158625093456 2.426465489200182e-11)
(50.596548847884875 -25.076126913275523 1.4166421166816414e-11)
(53.504062501886054 -28.466894875312949 1.0491685134426903e-11)
(55.560383961801875 -31.016362956963224 1.1583442553473495e-11)
(57.771549088239148 -33.281630951191367 1.4275291328982603e-11)
(60.014578387354184 -35.729114955491319 1.152959363994328e-11)
(63.323338142184262 -38.981160340183109 7.9055595676945782e-12)
(66.491264650275951 -41.168608337096387 5.4453551505604522e-12)
(68.974718721822128 -43.618273263490096 6.5050465363708743e-12)
(72.222190109889027 -46.145983111533781 1.0940249789772124e-11)
(75.31340485048301 -48.685172613562372 1.0346113171118663e-11)
(78.664213564192337 -51.294370530430157 1.2252659127452116e-11)
(81.979856884882963 -53.844760531990715 9.2291781783854627e-12)
(85.342594236002341 -56.371805888311229 7.3801849312525716e-12)
(88.645471793828463 -58.800576434876746 4.5043253802585049e-12)
(91.884522562824756 -61.132840375056162 7.1169156223214973e-12)
(95.012381620670098 -63.356876912185854 6.6564858681488371e-12)
(98.095685061809249 -65.525387985403256 6.7547913434912737e-12)
(101.17208580123558 -67.644841486090911 8.2055275478564356e-12)
(104.22737339430934 -69.720692294486284 7.7274284439233202e-12)
(107.27386950876831 -71.7587982106228 6.4362705032165232e-12)
(110.31176272422265 -73.762394466204029 5.7042650704939694e-12)
(113.3474935297175 -75.735940422791714 7.1160440930629972e-12)
(116.38503537245099 -77.682720959326716 4.8480938419435383e-12)
(119.42989641284024 -79.606489680246113 4.6269654665824136e-12)
(122.48720263410337 -81.510681650438244 2.872099119876754e-12)
(125.56250072606001 -83.398913197221447 3.7928803696408795e-12)
(128.66136932366882 -85.274712686034391 4.3924064922610156e-12)
(131.7896632965969 -87.14156507461577 4.2834977129687517e-12)
(134.95351709417187 -89.003115994412383 4.2613672097863343e-12)
(138.15930122410848 -90.862871164426082 2.9785990520119021e-12)
(141.41383357271843 -92.72492359251757 1.3663525900096242e-12)
(144.72412411583528 -94.592839358324554 1.8392181038683449e-12)
(148.09775659821605 -96.471545668085881 1.8254374494017801e-12)
(151.54257634616016 -98.364530347469312 2.2818676798699678e-12)
(155.06701951043021 -100.27794878415793 1.5524098893723142e-12)
(158.67998581328814 -102.21496105505464 1.0477182487058688e-12)
(162.39089822693393 -104.18350118042729 1.2549880444047227e-12)
(166.20997832613685 -106.18624754076771 3.3319221899314226e-13)
(170.14744167435902 -108.23302993588051 1.4904579805405217e-12)
(174.21565766280244 -110.32607929195933 8.311921268439187e-13)
(178.42541078792829 -112.47721507333377 8.8068495679394221e-13)
(182.79183591730839 -114.6884337154747 -1.9403578807395946e-12)
(187.32625721100624 -116.97418124904476 -6.7873436630926161e-13)
(192.04702317829114 -119.33541166779013 8.8343675464208172e-13)
(196.9661002165339 -121.79009087079335 5.3300039450371277e-13)
(202.10631596164356 -124.33719500057693 -2.3643994481518507e-12)
(207.47966006787672 -127.00062153685651 -1.6121830331003352e-12)
(213.11526682156642 -129.77577730162699 -5.242454990830049e-13)
(219.02292480287471 -132.6941867388438 3.2387565953197179e-12)
(225.24206616530944 -135.74660911823736 3.7148132028178932e-12)
(231.77796573562685 -138.97226300995695 2.3819880817207416e-12)
(238.68473399644162 -142.36106881437306 1.6515245810907155e-12)
(245.9602789944378 -145.95928524015068 2.0870060469999725e-13)
(253.67910552299466 -149.7528383363516 -1.366354790274545e-12)
(261.82738960548369 -153.79833670208399 -1.5892166456118461e-13)
(270.50963582552197 -158.08049836392084 1.1135068824250222e-12)
(279.69202238840057 -162.6630077819045 1.6671975192826484e-12)
(289.52892992690505 -167.53635387241798 1.5000922595558477e-12)
(299.95688196468564 -172.77325678539168 3.0474057909439905e-12)
(311.15167534121179 -178.3474792478043 2.0739424559147111e-12)
(323.05714114519213 -184.34376760714139 2.1149281141242352e-12)
(335.89075867041907 -190.77625164070042 1.96796723664463e-12)
(349.51784207062155 -197.66789772028056 3.8684233116666446e-13)
(364.2938580574405 -205.11487528104772 6.807379046435079e-13)
(380.01143659450901 -213.10786983994853 7.7659981463558146e-13)
(397.13659274789489 -221.77430941398478 2.8310194853423024e-13)
(415.39878086022884 -231.0956879985842 -4.7199349517354329e-13)
(435.392785010708 -241.24328771971517 -7.2659967474210066e-13)
(456.78745900450429 -252.1854368515734 3.8147513421084441e-13)
(480.33051608517411 -264.13060651344443 6.5089746962902191e-13)
(505.58974065016014 -277.06298289566428 1.0165065915903228e-12)
(533.77959599202461 -291.57024909855255 -8.8292566849661553e-13)
(565.13813146958444 -307.88231079307315 3.6535127694563162e-13)
(601.07583921071637 -326.12447805513517 -4.563867823925725e-13)
(640.69840132760555 -346.40790801533518 -6.953259305013238e-13)
(685.33508557424875 -368.50495807314439 -3.60724212672502e-13)
(733.60855943946376 -392.55476049507195 -1.3936344435678685e-12)
(787.07616374774943 -417.67383980866504 -2.3279293133090353e-12)
(843.23819073866139 -443.74045862699649 -1.5577886809525728e-12)
(903.59756826959301 -468.93697781326523 -2.8923182330041572e-12)
(977.6796071903608 -512.00216994944265 1.6914190727519284e-12)
(1082.6998770735431 -553.58858644463317 2.023149286819429e-12)
(1198.1769576537981 -582.17315609848788 8.5199540373904819e-13)
(1312.3832493009872 -590.62335472203154 7.7213439293631739e-13)
(1433.1792354425361 -583.80508557520466 3.7336420799873857e-13)
(1554.6195991646316 -549.31000041701702 2.3408399305807444e-15)
(1689.6410309510586 -497.27049651490489 -4.1858050134904594e-12)
(1765.1628971847799 -424.33507022602083 -9.2107709936508707e-12)
(1806.5320281567795 -221.54867511034107 -7.4287956925819492e-12)
(57.485048481851123 -16.608383573136525 2.0166622275325679e-11)
(59.894609886826871 -20.324121063587871 2.1371239957133906e-11)
(61.520427986411768 -26.417189702794623 1.6558326324643991e-11)
(65.517196983482052 -33.82829411980034 1.5504328861338915e-11)
(68.723022668503219 -38.250288855360047 1.1646950355933803e-11)
(70.945196251527676 -41.447531454014147 1.4853767140352732e-11)
(73.314087646496603 -44.231819660594908 1.4204674115807858e-11)
(75.807289445412309 -47.027465030638496 1.4686998836975464e-11)
(79.351513068693677 -50.365987398612297 1.1718822593006735e-11)
(82.71320716256669 -52.730055936100747 1.0595975191704192e-11)
(85.382721228963916 -55.194406191006429 1.0960920544425379e-11)
(88.720271264393503 -57.721854102535325 1.312484405143334e-11)
(91.892553168778221 -60.192428745049192 1.1244253450623133e-11)
(95.237101650882835 -62.689805638905042 1.2067952571978783e-11)
(98.510261222173213 -65.093120960524772 8.9145146826236609e-12)
(101.76688049950626 -67.436198658786196 1.1203313833811498e-11)
(104.92493126237561 -69.655907150297779 1.2498108284315459e-11)
(107.98474300249488 -71.769019450126905 1.0427093057604499e-11)
(110.92833101797306 -73.778190946333851 1.0117844466893472e-11)
(113.8216928713903 -75.73601593682767 7.9246102036637112e-12)
(116.6974999939868 -77.647914040600341 7.7682704635729347e-12)
(119.54592486738223 -79.518310512187554 7.4848888615379427e-12)
(122.37901544909863 -81.353243053938613 4.7301566219884803e-12)
(125.19841415621872 -83.156251785609612 4.7284663814137463e-12)
(128.01075778891655 -84.932010908268339 4.6975351291801049e-12)
(130.82066398586309 -86.684079299950767 5.5070359630792163e-12)
(133.6339117521884 -88.416315600296087 5.6345210092341983e-12)
(136.45596623729239 -90.132284665380766 5.368581368109046e-12)
(139.2926478937768 -91.835622108536725 5.609785294493832e-12)
(142.14981784791391 -93.529989066437693 2.2636953497352726e-12)
(145.03356159216207 -95.218899109067351 2.2105630094109101e-12)
(147.95025234733438 -96.906226758561218 1.6016921891365137e-12)
(150.90643858941567 -98.595422662790085 1.6100905060979114e-12)
(153.90916050215171 -100.29093803499488 1.6039368456364221e-12)
(156.96558860753899 -101.99611187734598 1.1425040551352689e-12)
(160.08349832581328 -103.71643901107237 1.0442714287213817e-12)
(163.27091068080568 -105.45492005360987 2.0952863359410949e-12)
(166.53638489625553 -107.21859853987289 2.3507180212946965e-12)
(169.88905844800635 -109.00978549106941 1.852695165599777e-12)
(173.33828602023098 -110.83761691268603 1.5147748657639214e-12)
(176.89483418315351 -112.70369234529488 1.1820968349730416e-12)
(180.56833824955808 -114.61905995262663 1.9441728811112255e-12)
(184.37228276756801 -116.58510493340935 -5.1243464864491864e-13)
(188.31618644791507 -118.61457434818361 -1.1278343397397944e-12)
(192.41691798709215 -120.70878643774829 3.7633154492316804e-13)
(196.68390624553763 -122.88303716032529 2.2075537692248726e-13)
(201.13792138232216 -125.13760299370436 -1.7325394145954836e-12)
(205.78816655521732 -127.49164522695408 -1.3743515440372088e-12)
(210.66077864577849 -129.94276572805103 -2.6831775005380091e-12)
(215.76384601549836 -132.51714279250658 -4.2231073705946758e-12)
(221.13144697522759 -135.20746221127632 -3.5480076383376724e-12)
(226.76738764444619 -138.04869667079802 -4.0559757011268544e-12)
(232.71883911513876 -141.02865584326941 -5.5467325276959985e-12)
(238.98144682370406 -144.18922591197108 -3.2951843394606993e-12)
(245.62127273088265 -147.51948241735249 -2.3691014060431231e-12)
(252.62249487710631 -151.0653991543393 -3.108565999342379e-12)
(260.07577494030744 -154.81569517168995 -2.9891435057319936e-12)
(267.94775001360262 -158.82296036278274 -2.531935752776566e-12)
(276.365411409871 -163.07887507833391 1.1821704946880528e-12)
(285.26584384548897 -167.63764523197588 1.405061517989438e-13)
(294.83067847059482 -172.50077804446491 2.7573348051488955e-12)
(304.95265198533531 -177.72014289321444 2.8333103758325484e-12)
(315.8960319698823 -183.31639510789518 1.3016888759432396e-12)
(327.51781512673671 -189.34579885689837 -3.0601431136867018e-12)
(340.10601161705421 -195.82190661673428 -4.2591303249498623e-12)
(353.49958643985855 -202.77982862905299 -4.7582440983735667e-12)
(368.05382327530936 -210.31235988001259 -1.9594897842977799e-12)
(383.52982522718185 -218.38987922199721 -1.1111944318317111e-12)
(400.43270317240626 -227.17664324916132 -1.0026898788340718e-13)
(418.45001027178188 -236.61682163963755 -9.8512439009004271e-13)
(438.22241191719991 -246.92962878992464 -1.8586042207533527e-12)
(459.37118976381134 -258.03725657516247 -2.1486909249119331e-12)
(482.69629821431323 -270.20309304632138 4.8579280206506568e-13)
(507.7097083884986 -283.36268984116316 7.3468780364295028e-13)
(535.68464745213544 -298.1518141378429 8.0087986457500775e-13)
(566.76684893696336 -314.77100136012996 1.5117934624098924e-12)
(602.45538595743619 -333.40410675348005 2.322066111140619e-13)
(641.72049228293747 -354.15255594146788 1.2308977255101994e-12)
(686.04972961735893 -376.7959904080318 3.8081259837512324e-12)
(733.86061345842597 -401.56302990353493 2.5119930285215351e-12)
(786.96676917093021 -427.47855252971755 2.5490802086603714e-12)
(842.60162887543731 -454.66667256104807 3.3940053387782943e-12)
(902.67045246640305 -481.05351256297331 1.3843715364438634e-12)
(976.44003946369162 -526.11219573570486 7.0079353680266436e-12)
(1081.2925141277985 -572.15752276484955 6.7613248257684153e-12)
(1198.8762210415243 -605.31054043679728 3.9965027134473724e-12)
(1317.5607110011686 -616.64251612819692 3.0947701433333914e-12)
(1442.5907966247682 -609.9831821193427 1.5859927910874974e-12)
(1567.1272183870688 -570.76875018525686 9.1410196314741629e-13)
(1706.3297535503402 -516.41019691950908 -3.5593413410471347e-12)
(1780.095862927652 -441.86588946064967 -7.5903798027853814e-12)
(1822.7500604159384 -216.66018234450857 -5.8872543657817345e-12)
(78.591876268860219 -21.653505447596892 1.4249868406130367e-11)
(80.510101175917555 -27.943545120330739 1.2438212439399613e-11)
(81.931180873397196 -35.347215361654001 1.0087569394800268e-11)
(85.567069008188696 -44.463229068217089 9.8998327180368475e-12)
(88.686953732980157 -50.229752231844969 1.2187826441582813e-11)
(90.841465328557987 -54.273383957889756 1.0143790355875537e-11)
(93.153504923050363 -57.691461369735336 9.0681661386519774e-12)
(95.720458007688606 -60.752861187903548 7.4927423951726382e-12)
(99.263254312546664 -63.878169742243784 3.0086891031889376e-12)
(102.60466438380834 -66.227630850871876 4.8349453032655332e-12)
(105.27918452376854 -68.536308153868603 5.5804745045147576e-12)
(108.50658570378845 -70.879637159656284 9.7498726631071108e-12)
(111.55349175030965 -73.11978929718525 1.171299079795831e-11)
(114.69052249788253 -75.345421017214562 1.1909620052725141e-11)
(117.72107981456315 -77.450259035550843 1.0528583358224197e-11)
(120.69038897064709 -79.479439428401164 1.1174744856976568e-11)
(123.55222852581441 -81.395620521555927 1.1658733366696661e-11)
(126.31680781066733 -83.226657028658835 9.5235804917993803e-12)
(128.98234991834607 -84.982119386982319 9.2429227431499727e-12)
(131.59386325407002 -86.690027717313001 7.7258041365810997e-12)
(134.18563560037973 -88.357054172239387 7.0988296035115204e-12)
(136.74741511347068 -89.98700893099236 7.0169259593225531e-12)
(139.29137867069085 -91.586101673845732 4.6665635264991779e-12)
(141.81998239358873 -93.157840652459981 4.4494410621797792e-12)
(144.33996289352072 -94.706855493711629 5.3407839741114615e-12)
(146.85631333441231 -96.236732479158107 7.1767796322143569e-12)
(149.37494277008582 -97.751265403317845 7.2240234786814987e-12)
(151.90150009759867 -99.254017624671917 5.0509208901327391e-12)
(154.44195649205221 -100.74856099426462 6.8266998406301208e-12)
(157.00237238929364 -102.23865197948332 4.5487220398014216e-12)
(159.58900539995346 -103.72776093747912 4.4456652675451334e-12)
(162.20846648644027 -105.22003915613395 2.2048432526706806e-12)
(164.86748636060196 -106.71881907494276 1.9808408600637289e-12)
(167.57335593461539 -108.22903029350454 9.2140711377172694e-13)
(170.33347738283587 -109.75371436350869 -1.2506958109052996e-13)
(173.15582784197605 -111.29911280335575 1.9907083738018563e-12)
(176.04873223171748 -112.86762593532232 2.1741936917756038e-12)
(179.02083858121722 -114.46741237694066 2.7447640469045222e-12)
(182.08176232027824 -116.09984313106773 1.5341476893533821e-12)
(185.24054123427447 -117.77530372304899 -7.0902626968977454e-13)
(188.50896271747521 -119.49457567645472 -1.5028479286253691e-12)
(191.89553797944203 -121.26939283854544 -7.6969554171242776e-13)
(195.41554237688609 -123.10116959906787 1.4615025521733826e-12)
(199.07649190320677 -125.00240130822564 -1.816210096940862e-12)
(202.89777335197894 -126.97519859086509 -3.5592702091609604e-12)
(206.8860157155747 -129.03393081690376 -3.4424808760300065e-12)
(211.06534277640952 -131.18015930987863 -2.9308671505157802e-12)
(215.44122208234504 -133.43203499760128 -1.4324316993067018e-12)
(220.04411751750155 -135.78803955918238 -2.3478585858330445e-12)
(224.87714521729123 -138.27427344679629 -4.0342732019864494e-12)
(229.98039138261609 -140.88310248683703 -2.4595468877420583e-12)
(235.35058653209802 -143.65020786336186 -4.603990905401704e-12)
(241.04362724507058 -146.56345741102501 -4.1085688391340669e-12)
(247.04488837364639 -149.66390567166556 -3.8896507414123734e-12)
(253.43239634720231 -152.94433452460467 -5.5247172755057644e-12)
(260.17753402352417 -156.4454487427295 -6.0648619427844316e-12)
(267.38596353853109 -160.16417437053209 -2.2968353273656237e-12)
(275.0079381032557 -164.14341575565891 -8.6117231597162887e-14)
(283.18966480416026 -168.3880930605718 -3.8081059734043909e-12)
(291.84808580185091 -172.93677209593591 -2.9679536324537311e-12)
(301.18554831772809 -177.8119009407765 -4.3970767964939448e-13)
(311.07368851550439 -183.0392287226079 -2.9719216759055207e-12)
(321.78639554122304 -188.67064114947394 -4.463390457476526e-12)
(333.14163275665419 -194.7125133344077 -7.4468979730994776e-12)
(345.51773276445687 -201.26014169161945 -9.8139929260081538e-12)
(358.70668513605642 -208.30538395651394 -9.3274970263845682e-12)
(373.08464423583246 -215.94332774824923 -7.7011619871280941e-12)
(388.36762955141984 -224.113051551534 -6.3924234176521658e-12)
(405.10980501986779 -233.04555017167664 -9.0848280526710335e-12)
(422.95195896359706 -242.62079082523158 -8.4944448324596269e-12)
(442.58626328483189 -253.13456752636327 -8.5386227102468163e-12)
(463.58266339225042 -264.43432490775461 -8.3506346165207777e-12)
(486.79819484339924 -276.86766337070873 -6.6218693785822078e-12)
(511.68758718626032 -290.29272538345106 -4.4398030635108756e-12)
(539.59082695745849 -305.41754032116125 -3.5073488142841164e-12)
(570.55263217482627 -322.38277349995406 -3.2784981973573518e-12)
(606.1706834110488 -341.46243595249609 -2.5665581160489635e-12)
(645.26036779915955 -362.71391367176977 -2.0455488372977124e-12)
(689.50099800502676 -385.96130189943318 -3.0891813171890089e-12)
(737.02058736930974 -411.46098793798939 -3.7449236765724504e-12)
(790.0168862649565 -438.22739808178545 -2.5238280397969423e-12)
(845.27816337335025 -466.55028834309201 -1.7708479534393307e-12)
(905.3178261097089 -494.18389024907003 -4.4086919083789641e-12)
(978.94712453862201 -541.17698714394203 3.5242729981422434e-13)
(1083.5557614248087 -591.88994949330186 -1.6431989455504269e-13)
(1202.8829986131234 -629.88449389800951 2.0159548148006893e-13)
(1326.6334155428058 -644.71039989634426 3.7528736010758258e-13)
(1455.8615708004272 -637.70540969714443 -9.7958797519822983e-13)
(1582.6124958555265 -592.8634064632538 -1.5787034160734191e-12)
(1726.9406518308397 -535.93537876988069 -2.7072626571272328e-12)
(1794.0451687646496 -458.17982821415274 -4.6270594450101428e-12)
(1843.5146103062611 -211.56365718438445 -3.8901299415601798e-12)
(105.44831129474485 -26.020154281413983 7.1843392433217263e-12)
(106.19676944605567 -35.938263940360457 6.934215321155704e-12)
(107.34814157182336 -45.023848546148088 6.6812163741372046e-12)
(110.108285455776 -56.094509138821735 6.5567342737950011e-12)
(112.88577905544328 -63.655069014146342 7.9236440100389065e-12)
(114.90729281326914 -68.861199627839781 8.1280820870114257e-12)
(117.12291727155912 -73.129021915063277 7.9688007723030691e-12)
(119.74959077422633 -76.489302425669223 5.2832155876262982e-12)
(123.12185057590426 -79.264976746040858 7.0613757088665283e-12)
(126.21701176876481 -81.452730831516192 6.4362713131695203e-12)
(128.66642110487876 -83.481546052928579 8.3346475774424564e-12)
(131.53498779868437 -85.480818580180113 7.8209502082697602e-12)
(134.20415727721718 -87.34095963175217 7.5412713528529696e-12)
(136.9025828375857 -89.159943183068819 7.2629550606690506e-12)
(139.49781441878585 -90.868335593168297 6.0099594526863333e-12)
(142.03428878294457 -92.518470185315238 4.8773246841322843e-12)
(144.48766423758414 -94.093121166907395 3.7385379037849918e-12)
(146.85896053477927 -95.613372560656543 6.0098200058161492e-12)
(149.1486253014975 -97.078133631487731 5.9311072318592807e-12)
(151.39170082251965 -98.499592469442263 6.1288675067956091e-12)
(153.6166038208234 -99.887433954244415 8.056373189623416e-12)
(155.81489406541073 -101.24510701456407 6.6594469881220234e-12)
(157.99761784196025 -102.57864274592485 5.4630421583857734e-12)
(160.16773119162198 -103.8913272854649 5.782828485463398e-12)
(162.33162422789306 -105.18747033231249 3.5342790969298792e-12)
(164.49426943509712 -106.47042668881821 3.4253800010477495e-12)
(166.66138571589815 -107.74373149685545 4.0974179954612323e-12)
(168.8385039516987 -109.01076882500162 4.2032838530791173e-12)
(171.03147645625762 -110.27488224642632 3.5668122058438879e-12)
(173.24635044987062 -111.53984240851578 3.5828288159008551e-12)
(175.48939909265323 -112.80893150822679 3.5181952664374821e-12)
(177.76736626463409 -114.08661554676756 2.3548515827421491e-12)
(180.08717535025369 -115.37601736547313 3.4562558927094956e-12)
(182.45633166354546 -116.68268510058633 2.5040311632810544e-12)
(184.88262672380245 -118.00932482886414 2.4320549317242045e-12)
(187.37421421955938 -119.36310466927259 1.4425722575306671e-12)
(189.94007259229872 -120.74585740991556 3.535463376082144e-13)
(192.58880951498861 -122.16699896962805 1.2045110975970366e-12)
(195.33111722576277 -123.62722036047901 1.5097314858179485e-12)
(198.17537633916828 -125.13788503144228 -1.4671758042584718e-12)
(201.13518088881509 -126.69988660430893 -4.2495392622339072e-12)
(204.21742689848969 -128.32449729396168 -4.1244920680564669e-12)
(207.43991218923242 -130.01491839135088 -3.4412243526346618e-12)
(210.80765793568685 -131.78136594008339 -3.8633994312182926e-12)
(214.34320938227609 -133.62922730749048 -6.1910939265779366e-12)
(218.04990916548724 -135.56930517393474 -7.6031729267780492e-12)
(221.95575931240921 -137.60736113109596 -7.8399183687089969e-12)
(226.0620397298147 -139.75756837948256 -6.3875527519320865e-12)
(230.40408209662621 -142.0223483207275 -3.9923217609178607e-12)
(234.97928671142063 -144.424527877662 -3.283189557966423e-12)
(239.83473179256373 -146.95959201926959 -1.3499638718259398e-12)
(244.95917650625205 -149.66027615315468 -8.9717976880671275e-13)
(250.41811258551283 -152.51864909844303 1.4921731612369313e-12)
(256.18578821624209 -155.56964706551042 1.4910647910795712e-12)
(262.35330440829313 -158.815614521621 -2.1848445803910269e-12)
(268.87869967406135 -162.28606480471487 -1.1831479413356707e-12)
(275.88316570825066 -165.99280665457533 -4.0914901354756831e-12)
(283.30008096800339 -169.96217288755852 -5.1394242614265114e-12)
(291.29579176830453 -174.21981782386644 -4.7755485035927178e-12)
(299.76597778668975 -178.78178262007108 -4.6064223360960239e-12)
(308.9373781203123 -183.69783981712163 -5.4428427887847588e-12)
(318.65844667154892 -188.96547318398686 -5.2242181347422637e-12)
(329.22667323791433 -194.66744518242865 -4.1823670678908827e-12)
(340.4399414377192 -200.77894235043576 -4.2723257763805542e-12)
(352.66847838820121 -207.42403264484969 -4.3895131346809169e-12)
(365.66803023385859 -214.55073102257177 -6.3569925006730942e-12)
(379.90304291568481 -222.31240196437025 -8.4584868457712391e-12)
(395.0526199403954 -230.59165677874512 -9.0227983310398763e-12)
(411.70996184709196 -239.7117239441767 -9.7646985863203005e-12)
(429.48141900540702 -249.46370289134694 -8.7595920397083184e-12)
(449.09135506955153 -260.24007559468953 -9.3055371945251568e-12)
(470.07964824353326 -271.79247658887363 -7.002568639847298e-12)
(493.34023214394165 -284.57456829085697 -7.6737450523388948e-12)
(518.2946761171761 -298.34974890275919 -7.5479172552370376e-12)
(546.33838213506965 -313.91071827417477 -7.2913838215795514e-12)
(577.42367525186376 -331.32127953153878 -4.9682165862276735e-12)
(613.25609705202532 -350.98189861215889 -3.6333965550013895e-12)
(652.46039013741142 -372.84180438200093 -6.059797864996829e-12)
(696.98276764795094 -396.86191463067576 -6.7013189975263824e-12)
(744.52349106454767 -423.18380817946581 -5.8813695639018112e-12)
(797.86111883919773 -451.00180215663659 -4.6049680911645947e-12)
(853.07014395081103 -480.5554777131498 -2.6794132011219195e-12)
(913.62546310224889 -509.68988438391534 -3.9712408059914792e-12)
(987.64651904782761 -558.75854505781331 -4.3453886627156977e-13)
(1092.0264950522169 -614.36094416356241 -6.4295319841908188e-13)
(1213.1410229983921 -657.56166427059679 -2.5288131484756789e-13)
(1342.625140846978 -676.62658778893581 -3.190961053860719e-13)
(1476.3211706254924 -668.65507831781451 -1.325489815109596e-12)
(1606.1156332475075 -617.64859163779022 -1.3594559872363611e-12)
(1754.6917859312346 -557.20965452804603 -2.4727518313704848e-12)
(1808.1284889215826 -473.53235777260625 -3.9824622551661073e-12)
(1867.3058431750562 -205.40077302185949 -4.3673634394598732e-12)
(138.44326195312689 -29.043032606197023 5.0949741177096938e-12)
(137.40063211537182 -45.00464986225095 5.022787030262522e-12)
(138.08100540941993 -56.025617848362771 6.8178326606348307e-12)
(139.3189596214882 -69.13784014535814 6.0382398115798672e-12)
(141.29873825320223 -79.047359887188065 6.4795021528874194e-12)
(142.99262882843919 -85.831580019364111 6.6519512334899448e-12)
(144.95433637104506 -91.116504789849827 4.7843884195181193e-12)
(147.50228209203325 -94.554103037634789 4.6771507218389674e-12)
(150.52346848755369 -96.454119481232709 4.6952948389722335e-12)
(153.16755352691544 -98.137371142568327 5.4296235389816918e-12)
(155.20207417625372 -99.689634242114366 5.6286801571236721e-12)
(157.54352002034693 -101.18934546140781 4.3360666932045487e-12)
(159.68469177514987 -102.57011458615773 2.681913020537802e-12)
(161.83766683639553 -103.92260092864544 4.5686601498714628e-12)
(163.91486517648602 -105.20891905166002 3.7127255659276227e-12)
(165.94346321483536 -106.46354411714736 3.0740570448948241e-12)
(167.90602932154727 -107.66945223756956 2.8825840040873206e-12)
(169.80430494730973 -108.8453006639256 3.1067076515390261e-12)
(171.64424727109326 -109.98844060245939 3.1712277272020157e-12)
(173.44956941085348 -111.0979930746475 3.1797377001533429e-12)
(175.24425479319186 -112.1838374226088 3.3620154739046057e-12)
(177.0199841695356 -113.24948382791277 3.1020464571871091e-12)
(178.78677004507895 -114.30026866731532 1.0911731556301839e-12)
(180.54736141800484 -115.33883078543884 1.1501594885610297e-12)
(182.30745731303236 -116.36880810112753 1.1968617506336064e-12)
(184.07158139679598 -117.39301288633399 1.719649348962215e-12)
(185.84489020872795 -118.41443343408952 9.9564231042730946e-13)
(187.6324570650313 -119.43605671525063 6.5235303385992909e-13)
(189.43966907923652 -120.46073760729355 -3.2184753159192279e-13)
(191.27224991252746 -121.49211449131951 -6.0274335501550284e-13)
(193.13626111754726 -122.53308478799407 -1.1529115551482987e-12)
(195.0383493653533 -123.58834251785343 -8.361944233436179e-13)
(196.9856476235181 -124.66078776402232 -1.9086984634188943e-12)
(198.98573006599651 -125.75650467358965 -2.298502160445932e-12)
(201.04710856948006 -126.87808267018382 -3.6841944708265572e-12)
(203.17803048621835 -128.03357071096372 -3.7881349167872088e-12)
(205.38880214677954 -129.22474948624287 -3.4821218272499587e-12)
(207.68771228118376 -130.46192986514208 -3.4971965657336277e-12)
(210.0876601787505 -131.74624366920784 -2.0540304852653221e-12)
(212.59589202862077 -133.08909397086248 -3.3003376989693402e-12)
(215.2288711163892 -134.4930530836416 -4.2432359601832413e-12)
(217.99186439916124 -135.9676972961 -3.338560943305429e-12)
(220.90546107920912 -137.51970986418058 -4.1665234425374793e-12)
(223.97302687955536 -139.15573362361263 -2.8001302752211027e-12)
(227.21963940357307 -140.88615644431431 -1.3616759589958052e-12)
(230.64662505412088 -142.71662487215315 -3.5828676944034712e-12)
(234.2845557758871 -144.65886231789642 -4.6989310121470938e-12)
(238.13187458472322 -146.7211150518344 -4.9828581275376526e-12)
(242.2279215560132 -148.91213317028644 -3.8537539300141504e-12)
(246.56455914712507 -151.24861682021248 -2.5499837446091288e-12)
(251.19700782344293 -153.73290639009804 -3.3665975463383752e-12)
(256.10368438443339 -156.39049080629897 -4.1239277191903102e-13)
(261.36397390775642 -159.22261600123031 -8.1537907236046755e-13)
(266.93878748846419 -162.25460696853105 7.8080791431855848e-13)
(272.93044395495792 -165.50229680108043 1.0545098074626328e-12)
(279.28280806235506 -168.97528452674382 -5.2652788072605819e-13)
(286.13327092075849 -172.70958527304347 -1.4103924475659702e-12)
(293.39611670670018 -176.70252665627996 -3.2589637465888481e-13)
(301.26241408577783 -181.01680106962479 -2.0651065217922581e-12)
(309.59853056566817 -185.62383998713415 -4.4974700024175426e-12)
(318.66975789522485 -190.63099948409169 -6.939609013022249e-12)
(328.27829935367311 -195.96631095860022 -6.8713785702839813e-12)
(338.78539101260105 -201.80277886521012 -7.0619903703160111e-12)
(349.91090066838859 -208.00892716935275 -8.64052936659531e-12)
(362.08930056785732 -214.80890578550571 -8.1014223473724529e-12)
(374.9732795759121 -222.01857765619013 -8.9937903523377206e-12)
(389.13591048989406 -229.94468019677177 -9.3320268022108296e-12)
(404.27831740748172 -238.41152113882052 -9.6609284112273871e-12)
(420.96006468955949 -247.78932141079628 -9.417126574106945e-12)
(438.83039273122961 -257.81647481241515 -7.5521784255769897e-12)
(458.56048942579815 -268.93691016051537 -7.7761147058294544e-12)
(479.76555939310765 -280.8729997052078 -8.1549056026417195e-12)
(503.25487575875241 -294.10780197606823 -8.480069812709694e-12)
(528.56339443421541 -308.39615659892343 -7.5475552395130057e-12)
(556.99441177328708 -324.50927989329898 -8.2945413774017689e-12)
(588.59029346853936 -342.5668254717491 -9.1340602911303908e-12)
(624.98540926785984 -362.97376767802314 -7.962729102524545e-12)
(664.82082970063777 -385.69568825274257 -8.6688835994148305e-12)
(710.10689866489327 -410.72226981372404 -9.5113896803165706e-12)
(758.30397878780923 -438.15313602271192 -9.3415676335522216e-12)
(812.64748658208498 -467.36319505547152 -9.6430220710241764e-12)
(868.44126695681462 -498.41499538712878 -8.7736614528867517e-12)
(930.49143199142691 -529.62196442285415 -9.8518487340513353e-12)
(1006.1356784282349 -581.30431508132017 -8.874344931128632e-12)
(1111.1958642722325 -642.47816172078149 -7.3245052547808098e-12)
(1235.4686537967061 -691.98184225852037 -7.5495768969276853e-12)
(1371.1290202920841 -715.6825108669251 -6.279589452312698e-12)
(1512.1629511420917 -707.10063531553135 -7.2711958306886503e-12)
(1649.7974720585426 -650.49676923967581 -6.1920789336061678e-12)
(1800.1233472130853 -584.43125712666381 -7.1154131667646509e-12)
(1830.9342395576427 -491.54017233306519 -8.2684207281995472e-12)
(1905.7014764069543 -199.98314191766838 -7.4956440664058714e-12)
(175.73012570089304 -30.281241414982912 3.9269406334270182e-12)
(172.54651389243912 -53.27958981250049 3.9978500054105395e-12)
(174.24245251623876 -67.053919219824763 3.8723817725592472e-12)
(173.59836754439854 -82.569646892099428 1.260162253036991e-12)
(174.39506064514094 -95.338428329918571 9.2727019974760759e-13)
(175.88918044911611 -104.31736326339838 2.2143113754591948e-12)
(177.95630236059927 -111.17572745093373 2.3675191328997214e-12)
(180.70498150161211 -115.06088967417934 1.8956949207492246e-12)
(183.16249040988134 -116.12595997106065 1.2548071918437829e-12)
(184.97378269610445 -117.07736480560378 7.2174305204332701e-13)
(186.19329776390867 -118.02625130490381 -4.8025277159904316e-13)
(187.70564083774681 -118.91257914424129 6.975152202464283e-13)
(189.0633063955959 -119.73847945385573 9.0282683857485345e-13)
(190.45990661212173 -120.56845097332916 6.1330315289473998e-13)
(191.82162596625682 -121.36755069606372 2.0317906339200376e-13)
(193.17225222030069 -122.1616630185666 9.680946441132038e-13)
(194.49850117668933 -122.94022740956171 1.4627111628478048e-12)
(195.79900406862896 -123.72234263498193 7.3137307552053814e-13)
(197.08274780448653 -124.50290196824317 8.0356610311506308e-13)
(198.3569257141987 -125.26506360361093 5.104786012907727e-13)
(199.63938765550401 -126.01778936854136 1.6103222808849396e-12)
(200.92067627193413 -126.76419411257856 5.1668377841219267e-14)
(202.20838215708315 -127.50835032767587 3.4329205930670421e-13)
(203.50385132103614 -128.25182620143116 4.7033610359128153e-13)
(204.81078081659939 -128.99696213047827 4.2381863484071382e-13)
(206.13216656465247 -129.74549040639528 2.7278238174577248e-13)
(207.4715949234045 -130.49935854457109 -1.2079870315458171e-13)
(208.83286278089545 -131.26077822662981 -7.8284209684818219e-13)
(210.2201455787721 -132.03170977366622 -6.6320441125999928e-13)
(211.63811339628651 -132.81531850501591 -2.7611112535237943e-12)
(213.09212734356896 -133.61382914675306 -3.2961860750169759e-12)
(214.58808823253705 -134.43185019844313 -1.300746842338892e-12)
(216.13320028730351 -135.27198855617215 1.0713010128035481e-13)
(217.73468893647618 -136.14065605831715 -2.300017140591029e-12)
(219.40217904489387 -137.04067943899582 -2.146301391261638e-12)
(221.14349459955315 -137.98050669324337 -2.573307021216944e-12)
(222.97130494033689 -138.96287874232797 -2.9134115528770318e-12)
(224.89297865736123 -139.99806326451693 -3.9285446872551756e-12)
(226.92483052295822 -141.08927575472276 -1.760915608393641e-12)
(229.07293156521067 -142.24674676562233 -3.0847699484156825e-12)
(231.35704408476161 -143.47655044334951 -2.6053309459540443e-12)
(233.78245111494118 -144.78588877760316 -2.9584375101044254e-12)
(236.37067487932885 -146.18560096636634 -3.0864421810776942e-12)
(239.12720438265529 -147.67930551726607 -2.548682659465008e-12)
(242.07526423729854 -149.28150212307065 -3.7940067851786328e-12)
(245.21992165482288 -150.99444315884736 -3.1339224815243526e-12)
(248.58817594317995 -152.83383835685672 -1.9238893021660982e-12)
(252.18174794282868 -154.80374284888262 -1.7031042978888809e-13)
(256.03900952816656 -156.91893848183776 -6.4299005947549437e-13)
(260.14795175349587 -159.18708328850008 -1.7256956534275302e-12)
(264.57399708800625 -161.6247327712756 -4.0355477400720426e-12)
(269.27737294953846 -164.23637301400291 -3.612674537800395e-12)
(274.36768922442639 -167.05574398864948 -2.6484626546652115e-12)
(279.76838487472639 -170.0671387894663 -1.5644240677670986e-12)
(285.59287608866163 -173.3091030092406 2.0522972258315863e-13)
(291.78244252215455 -176.77372524615362 -2.1049186676302698e-12)
(298.47849258960105 -180.52155135300603 -1.2800697475351565e-12)
(305.59651048042969 -184.52422602049023 -1.1890434449147151e-12)
(313.3262966340651 -188.8770458816181 -2.7060437486588456e-12)
(321.54524521534273 -193.51738356925455 -2.7361353386648079e-12)
(330.50159882611666 -198.59350634998884 -4.0469594215667796e-12)
(340.0344538344354 -203.99426220782311 -2.2285142019833002e-12)
(350.45203823811977 -209.93693835024752 -3.5775976905041563e-12)
(361.55472904105443 -216.24703013303224 -2.5080181959012088e-12)
(373.68657915984306 -223.17778311524302 -2.6571506677506645e-12)
(386.66034972146161 -230.56695629978466 -2.2905731853731198e-12)
(400.92297002946185 -238.74338734176305 -3.2082357708037132e-12)
(416.26212338835802 -247.51306020085553 -3.8125963207091391e-12)
(433.1239858708754 -257.21493926606234 -4.0460829768558465e-12)
(451.31419815913682 -267.64800055078535 -2.3045766803619103e-12)
(471.33186663152838 -279.18392589865107 -1.6345354732107868e-12)
(492.99990418295272 -291.64371744417588 -2.8181100144059081e-12)
(516.94091789115419 -305.41014620998249 -1.7885010349890461e-12)
(542.92558129536496 -320.40257269187742 -2.5092545048182303e-12)
(572.06367932879857 -337.21496162618968 -4.3434675296421098e-12)
(604.58896493411839 -356.17710428621751 -3.6550954474024786e-12)
(642.02997752136946 -377.57308065400269 4.9565166565108792e-14)
(683.05920572726325 -401.49252553736568 7.5673824633658778e-13)
(729.80078262590007 -427.89214364199785 2.627022067178701e-12)
(779.34718936508034 -456.8169479688799 1.4883740627914378e-12)
(835.61079182657886 -487.93022828411921 -1.5744557583359087e-12)
(892.78737215615445 -520.8964628343407 -3.0113974321294801e-13)
(957.56142820487582 -555.01093332855169 -2.5042851521693567e-12)
(1036.3216570306793 -610.15210019780932 -3.1080538323987871e-13)
(1144.0935049777991 -678.39775029593693 -1.4442011657220005e-12)
(1275.3998783781783 -737.07158186385595 -5.6341953826106191e-12)
(1420.7839908804299 -767.21305416509631 -5.7881857592885732e-12)
(1573.0443041489204 -758.51719533431731 -6.0602728880327746e-12)
(1722.0153931880384 -695.49426859969151 -5.4541720639634598e-12)
(1878.8114856932805 -623.6569794987995 -7.90637774212651e-12)
(1879.9896754951487 -518.70085640154559 -1.0159410347704339e-11)
(1973.9818400721251 -195.64261190137216 -9.7336629669284641e-12)
(225.07366731486908 -29.23020547581595 2.052428144851333e-13)
(218.53056703474491 -67.841528164640224 6.5261308585973785e-13)
(219.21187545393818 -82.31336136621222 1.9160271794230689e-13)
(215.57123333186604 -99.134832693479694 1.8317391088798795e-12)
(214.19281455322118 -115.94462094148408 1.1402117130149147e-12)
(214.60440981457162 -127.92181824662728 1.2809190646778832e-13)
(215.81735664704502 -136.03268724797039 2.5045713369240104e-13)
(218.0197455333583 -138.92577320924974 -1.1595738992671831e-12)
(219.87023328268629 -137.6836987356308 2.7624038359009836e-13)
(221.17765090896967 -137.45501775211324 -6.3249223176296847e-14)
(221.85489657356288 -137.93350097016511 2.5194384670598776e-15)
(222.80747324713633 -138.42907610409421 -1.5403492064845206e-12)
(223.55405046795633 -138.85146003303211 8.8879264135822021e-14)
(224.30465034749218 -139.2656230606805 5.9920052303807209e-13)
(225.01330564774722 -139.64881008531589 6.9690298016776068e-13)
(225.70896129779655 -140.02863746820918 2.5626207428495901e-12)
(226.39380046794111 -140.40528412990304 2.4064587121170023e-12)
(227.0705653181241 -140.7966270853363 9.7606800620829863e-13)
(227.75803427696468 -141.20721919421973 1.5162493346763852e-13)
(228.44947479220971 -141.60898662728857 -8.8449136476204603e-13)
(229.16073437456356 -142.01212267855178 -1.2960207059287734e-12)
(229.88251036851858 -142.41935968593765 -4.1439377699806856e-12)
(230.62196697822623 -142.83466034327 -1.9372592029509423e-12)
(231.37983398676178 -143.25890260458004 -1.0018815300842651e-12)
(232.1585292576703 -143.69345060395977 -1.1197895780657234e-12)
(232.95993484302466 -144.13945554450135 -2.4439786948544195e-12)
(233.78609987180016 -144.59777412024295 -3.9641493919878699e-12)
(234.63946021386519 -145.07003197011289 -3.5912429260309962e-12)
(235.52278465037881 -145.55718888682094 -3.9645088809140702e-12)
(236.43925645364095 -146.06176467613821 -5.4417517743712209e-12)
(237.3933006584663 -146.58532459979099 -7.4056016611247513e-12)
(238.38941917808333 -147.13181475680051 -7.4563679835095064e-12)
(239.4348615722227 -147.70396046079469 -4.9776804731810683e-12)
(240.53578514086368 -148.30746080998003 -5.8390040300984824e-12)
(241.70337387743592 -148.94662247605589 -4.1190578652181571e-12)
(242.94458216006862 -149.62863381939832 -3.952053778398901e-12)
(244.2754548104682 -150.35960575570235 -5.8055918570025608e-12)
(245.70221594527737 -151.14752847111674 -7.523833553043409e-12)
(247.24572137802633 -152.00037446034952 -5.0761013803862505e-12)
(248.91148302579171 -152.92614569745626 -6.4828459915977955e-12)
(250.72201897560845 -153.93428241991117 -5.155457802942434e-12)
(252.68549623164452 -155.03292853101362 -3.5640033170293737e-12)
(254.820911265863 -156.23128156731997 -3.627556917833998e-12)
(257.14108666582825 -157.53872245479113 -4.2207282979857415e-12)
(259.66105672881565 -158.96249684796013 -3.8415849764193526e-12)
(262.39671352722729 -160.51462185660418 -8.1308778317795664e-12)
(265.36322123409263 -162.20049193328151 -6.0522428888889927e-12)
(268.57356610094206 -164.03302541710241 -7.2025835339064364e-12)
(272.05573348150619 -166.02215663957207 -7.6779217247268085e-12)
(275.80263766043612 -168.17160705902526 -8.5075060929774512e-12)
(279.87927019307125 -170.51348545500616 -9.2895340166246357e-12)
(284.24103318211252 -173.02358207042082 -9.8177517817703603e-12)
(289.01126778872492 -175.78435007191496 -1.2227343595511237e-11)
(294.10394178852385 -178.72061393924633 -1.2275514092637702e-11)
(299.63462761870341 -181.90977155956509 -1.0670512275465589e-11)
(305.55459175336091 -185.33603568801649 -1.2742694758443573e-11)
(311.9933490015689 -189.06509455592933 -1.2136170396222044e-11)
(318.89089984398959 -193.07112968962102 -9.7510041045102006e-12)
(326.40821099490068 -197.44423009518513 -1.1134007024616028e-11)
(334.47237054534946 -202.14199871807406 -9.6264582022614511e-12)
(343.2672821633293 -207.27999724901647 -9.4703592601511052e-12)
(352.7275383245946 -212.80670899791403 -4.9162595141983977e-12)
(363.03466746603073 -218.85192380289374 -5.6182984705179597e-12)
(374.15957380751144 -225.36752777289601 -4.1807429388876883e-12)
(386.35713130956532 -232.52494123695794 -2.691553040122339e-12)
(399.54216787136039 -240.26488336141477 -5.4623386478444868e-12)
(413.98458586857885 -248.7655265409754 -4.8017311756079259e-12)
(429.64071464146446 -257.98358529710242 -4.7941591322779152e-12)
(446.78347628152341 -268.08493955807398 -5.0392365069164671e-13)
(465.42059118032381 -279.07715613681756 6.9412709680861818e-13)
(485.87331178146474 -291.11682366593845 -2.037628878294806e-12)
(508.16717463327387 -304.28528552673112 -6.6408111692378265e-12)
(532.74938415358315 -318.71563542572017 -7.3900777866317559e-12)
(559.52136916123129 -334.57989453430338 -7.1074928973616982e-12)
(589.60246429671793 -352.26785996058743 -9.5668214198989131e-12)
(623.15277497644172 -372.2603681477778 -9.8469583527173939e-12)
(662.06952236469169 -394.92552807051635 -1.0556490845128325e-11)
(704.44730289219353 -420.1739865276935 -8.6681194516183523e-12)
(753.37711662855361 -448.44524692975142 -7.9718898117992643e-12)
(804.36906393181619 -478.89938927089565 -5.4144907617405225e-12)
(863.63654251956802 -512.71540026765422 -4.6819758648407037e-12)
(922.08032381402393 -547.43126409738295 -1.7060094370423811e-12)
(990.46486216795824 -585.36871794631008 -2.1521600120759762e-12)
(1073.3986646265423 -644.28078135485839 3.1910121981378131e-12)
(1184.4940688407848 -720.56113229683069 1.7947560266024531e-13)
(1326.8095164193378 -792.16797682387755 -4.9600970456365158e-12)
(1486.177611007882 -830.80467162324669 -5.4825340504900948e-12)
(1653.8603745435057 -821.95822828182168 -4.5673035007856246e-12)
(1815.1611897886305 -750.07677587464252 -5.2082345122930826e-12)
(1992.5553015459639 -676.72577821551602 -1.1741949363852938e-11)
(1975.7257370459333 -561.96700788464477 -1.7238128121608958e-11)
(2076.8172172608256 -188.49201751889061 -1.4538318173371874e-11)
(282.45023248261401 -27.133859147984648 -4.9084037589224743e-12)
(272.16478515188845 -73.872769175879611 -4.6368004695409416e-12)
(281.59613296834129 -97.343479431596123 -4.9797617569447782e-12)
(273.55670299114536 -118.40483821648951 -5.2075565577260346e-12)
(268.67439301011103 -138.9640611825655 -4.311599926695895e-12)
(270.24573719867129 -155.78014018553299 -4.2319361298204055e-12)
(274.21133845527254 -168.74120235684444 -3.4798798023489488e-12)
(279.56422918338251 -175.38496866181472 -4.1686777210500763e-12)
(282.26026638944927 -174.71657621576034 -5.4780575174964354e-12)
(282.3484531202962 -173.55946766280755 -5.2966010390877967e-12)
(281.1326008323316 -172.78464993146741 -5.7878986409079187e-12)
(280.4727683612515 -172.18888080414558 -4.2054322582056897e-12)
(279.68418497073242 -171.62200792763039 -4.7372656781455138e-12)
(278.93243774096129 -171.09355770244812 -4.4833986738958376e-12)
(278.19567201724578 -170.58250445672303 -4.3112578708195697e-12)
(277.50474185866739 -170.10652091666944 -4.7690428807707497e-12)
(276.86991415237031 -169.67318243164883 -5.9378038316916623e-12)
(276.28520335663086 -169.29208402371768 -6.1271025542773326e-12)
(275.73992685411139 -168.95424742404438 -5.7964941208215674e-12)
(275.21187623049678 -168.61680513931515 -5.5271343900077933e-12)
(274.7261683552436 -168.29682965833871 -6.1296428746952031e-12)
(274.27236017377345 -167.9958489274122 -7.6111976911026886e-12)
(273.8563168351298 -167.71681407258285 -8.0173731227513079e-12)
(273.47750582598979 -167.45977424253022 -7.380809352804963e-12)
(273.13632487745127 -167.22478395559716 -8.7993329629907349e-12)
(272.83168947870331 -167.01134641352274 -1.0008401596684083e-11)
(272.56347548128315 -166.81887262759338 -1.1245589990161524e-11)
(272.33073366580703 -166.64707182005989 -1.0911265296337024e-11)
(272.1346983540721 -166.4959162042789 -1.1284341924533839e-11)
(271.97538810249819 -166.36605243888673 -1.1673880739398759e-11)
(271.85684007844679 -166.25889943552809 -1.3528192730993399e-11)
(271.7809916575477 -166.17671624080583 -1.2832711332342465e-11)
(271.75616028566594 -166.1232435509994 -1.4753769785388131e-11)
(271.78709312385257 -166.1028284126931 -1.350347062118217e-11)
(271.88742873745827 -166.12215722516035 -1.1518274195807739e-11)
(272.06421588823247 -166.18732014836408 -1.2345037309424745e-11)
(272.33678332232301 -166.30805503113217 -1.0888378371325135e-11)
(272.71230482910028 -166.49106330551737 -1.1403627325493749e-11)
(273.21563883346192 -166.74871114280566 -9.6103356518387316e-12)
(273.85215724779755 -167.08737376230528 -1.1236750191442608e-11)
(274.64998150869292 -167.52050828413752 -1.166072767714268e-11)
(275.61296458385704 -168.05447124706259 -1.3452746853678086e-11)
(276.76909553099625 -168.70140562612906 -1.389226542396515e-11)
(278.11997273492159 -169.46802549832165 -1.5301644194358655e-11)
(279.6961298559014 -170.3652407200963 -1.4234822581379298e-11)
(281.49216462528614 -171.39905907299229 -1.4686318305464559e-11)
(283.54629775673919 -172.5815676357708 -1.2407695206330184e-11)
(285.84521086856745 -173.91602492494113 -1.2167734216342285e-11)
(288.43660812173641 -175.42095046982152 -1.3460092470315008e-11)
(291.30150281472777 -177.09135047008647 -1.4515373613038798e-11)
(294.49371303615555 -178.9617548392369 -1.708540460816727e-11)
(298.00392086718875 -181.01336231306215 -1.7597635321049825e-11)
(301.85692524406431 -183.29984470581886 -1.5322614961945183e-11)
(306.09404808407368 -185.77830159474954 -1.2861112511720751e-11)
(310.8124475520691 -188.54105965436901 -1.5445953290353309e-11)
(315.95135877854938 -191.56164015971154 -1.6272289401811806e-11)
(321.66239620766771 -194.91880456189801 -1.5258960484161975e-11)
(327.8601778303892 -198.57492666895433 -1.4128449370041215e-11)
(334.74227708207985 -202.63416678063587 -1.9346891695877411e-11)
(342.19528660362272 -207.04382263516479 -1.9832424093492597e-11)
(350.46886826574575 -211.93485209877315 -1.8070710304295518e-11)
(359.40824538131568 -217.23821313266441 -1.803173022654331e-11)
(369.33148952793101 -223.1114223705454 -2.1080125529544279e-11)
(380.03143871253002 -229.47461097781539 -2.4186247855694337e-11)
(391.91267803566217 -236.52695547691306 -2.7203738111373682e-11)
(404.7082136880378 -244.14760913560204 -2.7613815826866068e-11)
(418.94096180089269 -252.59257913969267 -2.3399581729752047e-11)
(434.2321873127708 -261.71504689852003 -2.2933145914634846e-11)
(451.28114659838337 -271.826955318366 -2.4073656069691389e-11)
(469.55423149479071 -282.72546274177972 -2.0839441020418394e-11)
(490.04200344577401 -294.82965753476856 -1.7622188500207916e-11)
(511.90721767919143 -307.88915082607718 -1.4601597523426816e-11)
(536.66964744529969 -322.49223585151566 -1.7093139509451184e-11)
(562.90280431763358 -338.20171209514581 -1.876156956572579e-11)
(593.24691745889879 -356.1017973998118 -1.3369212604977912e-11)
(626.05098256065753 -375.75762656552348 -1.5640101543164967e-11)
(665.87252792796494 -398.94768973441148 -1.5429599064370491e-11)
(707.79167910864396 -423.99897250766031 -1.2883861169303825e-11)
(759.02935150335247 -453.69588386477005 -1.1038072853676132e-11)
(810.15655090252824 -484.31195007321753 -9.471199101712115e-12)
(872.86387403998276 -520.36289941751045 -8.5493549535866743e-12)
(931.83519329869932 -555.5123417033916 -5.1190488332575019e-12)
(1003.4847851776648 -595.9132422390677 -4.7239032330777914e-12)
(1086.6672485457191 -655.06406490504628 3.4378646667345859e-12)
(1219.609226901747 -744.75204696293019 2.2254459027682775e-12)
(1395.877650316444 -837.479565106412 -2.6722470290132404e-12)
(1596.9273787836614 -898.00851779828986 -3.7511264356759476e-12)
(1813.4067325224962 -907.45313504712465 -8.0978319687081763e-12)
(2006.0267877011242 -835.92372165350764 -8.3850324058015843e-12)
(2215.3374688309486 -759.74454870780255 -1.4169761022562076e-11)
(2265.7589079117961 -649.58562739217587 -1.8961240786676945e-11)
(2296.3450337658478 -218.96208733735054 -1.4960084929868703e-11)
(1737.5654363115384 -13.457091349671201 -1.6383496782258066e-11)
(1762.7265286060533 -7.3602680646615717 -2.3999045148024257e-11)
(1764.4540123575523 -0.44106044042450482 -1.9246294905078593e-11)
(1755.0755972831416 4.7697667218804369 -1.7157071760067269e-11)
(1725.7207970934801 9.7546791270125333 -2.0693364592656092e-11)
(1677.7888529080356 15.246928732192533 -1.4153556620888836e-11)
(1617.0626029785328 18.679891078446079 -1.215552415097484e-11)
(1544.9178013776841 21.225464933122737 8.7283396756649084e-12)
(1463.5459263908406 23.852999280488415 7.7545970817649472e-12)
(1380.3448118435165 24.579732473652431 1.0578432611826745e-11)
(1295.2397250750255 24.160511386390525 9.4408374399968828e-12)
(1207.0834980989814 24.395461262191226 6.8266400194534556e-12)
(1124.8306995925282 23.740228214348832 -3.2626184145721165e-12)
(1053.3362473492175 20.703961854662534 -4.5187226711268208e-12)
(984.58516206727268 17.83899307140949 -4.1869997866806704e-12)
(916.41431882330858 16.743623765139919 1.5338344003600987e-12)
(858.04905186159863 15.290782470071481 1.2762732556270401e-12)
(812.42217941718479 12.332039783004005 2.0321686169885427e-12)
(772.27941530904218 9.383490237710344 1.9320210819404342e-12)
(732.96597246102567 7.7357535076547155 1.840658611317372e-12)
(697.79029524982332 7.0445993567862031 1.7442704818599868e-12)
(671.51180741879386 5.9121017612046733 2.3615505500296295e-12)
(650.83667672548097 4.4332496366590428 2.4612118600376292e-12)
(630.07087354795044 3.5425858135620079 1.098738261603605e-12)
(608.74021695040221 3.4778430683652597 1.6432050167840021e-12)
(588.98692772693153 3.7916237127782089 1.5987826779598961e-12)
(571.87444358585844 3.7436466896004954 1.1430025348013238e-12)
(554.38083235576346 3.6820782781833872 1.1200570299604417e-12)
(535.1234745434931 3.903163055041234 1.2633120186517622e-12)
(515.31892256993194 4.3930739337587967 2.5128237833729095e-12)
(496.16658616008851 4.6169558359556042 2.5888678722146664e-12)
(476.48569167352071 4.6335413706831892 2.3163506659832009e-12)
(455.45907160709424 4.8118070983596608 2.429289565022689e-12)
(434.64661878296067 4.9798856423822055 2.9118037186784478e-12)
(414.73080318165125 4.9303585289553986 2.8350724865059104e-12)
(394.20331808567602 4.9202153009368743 1.1728073316219429e-12)
(373.80221408093934 4.8549553670445453 1.0339887582865142e-12)
(354.18522471708923 4.719279930001532 9.5883783048424153e-13)
(335.39975550828251 4.513180201101874 7.675130846860921e-13)
(322.74425035786697 4.8801360011923132 6.3998902698759175e-13)
(1732.6490679752485 -29.135301897504643 2.6746178074500586e-11)
(1755.6515423397686 -16.626050332635504 2.210932419758258e-11)
(1757.3184778743748 -2.1422578086443607 1.8338370419484479e-11)
(1749.8727083519 9.4333176757214368 1.6755275093605398e-11)
(1725.7713992607669 19.423502948666062 1.177092480017261e-11)
(1683.815866211273 30.200282108829821 9.1373979076962829e-12)
(1629.2697235960163 38.41995883351791 7.9266987460365312e-12)
(1568.8176587806831 43.692987842097658 2.3399403367918694e-11)
(1500.9780337890122 47.856727806355309 2.142713529205983e-11)
(1424.6085743821784 50.279624957983543 1.9625113372292985e-11)
(1345.630826285093 51.528727027993611 1.2949467108851462e-11)
(1272.2623894761639 51.552749535668632 1.225393861623753e-11)
(1201.9288945954777 49.401335617493835 7.3063145011747099e-12)
(1129.3123053615118 45.602148797384864 6.5515112363128437e-12)
(1060.5343208651304 42.130917649872842 5.9652843256720268e-12)
(1001.6141725028044 39.411836896176538 7.3871699367588331e-12)
(948.42335502443666 35.927665657783628 6.709175822901376e-12)
(896.35250050676393 31.417065767014112 6.2701243432496509e-12)
(848.53854510195208 27.0991934531792 5.4078404150053677e-12)
(808.98626805160154 23.739018886456801 5.3882396981378544e-12)
(775.09815378217695 21.246812782732075 5.1192222014514977e-12)
(742.52793249373485 18.663112987030146 4.8789987202193821e-12)
(711.76790176782526 16.113960772937567 4.2852267752194933e-12)
(685.13631505686055 14.23957165458223 3.5765401859591775e-12)
(663.08803615745194 13.019845992631339 3.2461039932580563e-12)
(642.04856841523963 12.37950892543501 2.9069635609146938e-12)
(620.00326433473333 11.811825417304251 2.6684666618839883e-12)
(598.11644453698955 11.436507264089427 2.2376718153692827e-12)
(578.0446058406884 11.365529011848643 1.935764611589874e-12)
(559.60619527560675 11.414839632744085 2.787580541528933e-12)
(539.97398679242485 11.531784874096504 2.6868258067954464e-12)
(519.30108993889735 11.597963761412657 2.4090014033538659e-12)
(499.19491811183985 11.66504343940815 2.3003514135519177e-12)
(479.62496782242971 11.736548916764038 2.3416910559588137e-12)
(460.07796755125042 11.65018643034581 2.1697929642574449e-12)
(440.03747626767608 11.616802554899461 1.4711723646028052e-12)
(420.46527438545581 11.467478825155951 1.322678599996909e-12)
(401.45767309798225 11.230397560577499 1.2448164891148388e-12)
(383.09449274838005 10.824648984052219 1.152388817469377e-12)
(364.73414539181783 10.540882457180416 9.9831717636991784e-13)
(1735.9376775961778 -45.877862918215392 -5.1252124965334679e-11)
(1757.5818575539261 -25.985855087482268 -4.848895854594412e-11)
(1758.8358196699899 -3.1735986228498496 -4.4916010922713894e-11)
(1748.871730186283 15.795844514231158 -4.0191013781226809e-11)
(1721.4492304473572 31.670150138908291 -3.7544302383574522e-11)
(1680.5023327365057 47.448621089002337 -3.4780194446874236e-11)
(1627.9061580860186 60.157802885368334 -3.2751605693701274e-11)
(1563.8539648309027 68.875533668450416 -2.1167159563865663e-11)
(1491.4227928089558 74.873609419675248 -1.9196142018364435e-11)
(1417.6642123605113 78.395809643812001 -1.3817506128426245e-11)
(1345.3988140339075 80.370935176121819 -1.257624088855847e-11)
(1272.3733532058081 79.913534262804077 -1.0844136715422039e-11)
(1196.8720131622119 76.593297831654624 -9.8442122977198074e-12)
(1124.5584980621195 71.870321578205917 -8.9133036847938327e-12)
(1062.1263286494961 67.013333404285063 -8.1598049837589336e-12)
(1007.1724725538791 62.138840619866606 -6.1194490710541797e-12)
(953.23513229637649 56.563072216867518 -5.4169166711977767e-12)
(899.79321080537989 50.502182267175812 -4.5937169607896758e-12)
(851.72576851005851 44.747706745751458 -4.0813427234393937e-12)
(813.08628971886071 39.610185597227797 -3.825565008401853e-12)
(781.07884253885732 35.099334386788925 -3.5872994437618703e-12)
(749.30746998181507 31.084122503275562 -3.432101614587232e-12)
(717.56810324975061 27.456658630522291 -3.2897475125343445e-12)
(688.55147066496613 24.626929130043116 -3.5734914577987598e-12)
(664.55195937720396 22.532831652155675 -3.1512193515633269e-12)
(644.11428123165001 20.896073590648982 -3.052602040898815e-12)
(622.78747856881296 19.735732106932293 -3.0952590325151408e-12)
(600.32699628659839 19.054321611861543 -2.9571767749281975e-12)
(578.61754087276984 18.739634828606587 -2.789521121026847e-12)
(559.11298256312091 18.453275715483436 -2.3178286051899905e-12)
(540.10991570055126 18.338077826770451 -2.2236726114281656e-12)
(519.68500611791342 18.41766200429819 -2.1990973100843425e-12)
(499.17148420628502 18.419563255836849 -2.1300245303953058e-12)
(479.76268624024817 18.303981511511473 -1.8512942456326906e-12)
(460.29812822487014 18.154906975145789 -1.8034765350407524e-12)
(440.45856757888527 18.088702586622876 -1.8275674991994207e-12)
(421.37603562075697 17.82191622347764 -1.7147707141598427e-12)
(402.59245451289024 17.448895583403928 -1.6032837772663771e-12)
(384.63774127496339 16.901584235437028 -1.5034401880730752e-12)
(368.40892145642391 16.307760298025258 -1.3810090014378703e-12)
(1737.8799956778787 -60.23218501376882 -5.2114979668108036e-11)
(1756.3572008931853 -33.030800950110049 -4.7689635259194966e-11)
(1755.994681163075 -2.651265598960447 -4.2860392405704278e-11)
(1748.0761778253102 21.85811195557611 -3.9334733940053071e-11)
(1717.5004993067728 43.236114601926303 -3.5874499089889117e-11)
(1669.2753711171028 64.268080103574405 -3.2255206947140173e-11)
(1619.0724002106597 79.705804579835188 -2.9187954326895063e-11)
(1561.9746960603936 90.676834503608603 -2.3930992670649143e-11)
(1487.4819596929624 99.237912214857033 -2.1270832470785548e-11)
(1408.6203196544714 103.72789032730556 -1.5920921142795556e-11)
(1338.0976036473485 105.03478064116618 -1.6609549667660737e-11)
(1271.5224536604962 103.91736714528827 -1.4842051415850085e-11)
(1200.8489192196514 100.35906089263864 -1.3428115010708163e-11)
(1129.0612653221815 94.692460336245261 -1.2102251553821933e-11)
(1065.36169329119 88.133006940716001 -1.1123671746225839e-11)
(1012.6521758660726 81.42715423391769 -8.2507477535139998e-12)
(963.89965955993955 74.26953252133336 -7.7375406927167419e-12)
(914.71512772011249 66.767415310554966 -7.3659449088085943e-12)
(867.57488346516618 59.710461510068718 -6.8562834802509429e-12)
(827.11754646212171 53.476279519659307 -6.3033567271493804e-12)
(795.02870388192457 47.559779772262011 -6.013956535149128e-12)
(765.20763396935752 42.178065648825267 -5.7006221399212663e-12)
(734.56197463130468 37.64817603444849 -5.3943453933647526e-12)
(705.65248960123211 34.242897642445911 -5.6540021175139132e-12)
(679.96396326371371 31.667162528540999 -4.7209676146433809e-12)
(656.55292256469909 29.346164346328781 -4.6019129583009511e-12)
(634.17698991012037 27.564655386956311 -4.2791608175491809e-12)
(611.93050443905054 26.473140312296586 -4.0620002764738723e-12)
(589.68776420134884 26.021464295409146 -3.8366625378766961e-12)
(568.35727335536023 25.58005187270539 -3.6166656499970714e-12)
(548.19780739084229 25.136469222651883 -3.4591759984486788e-12)
(528.06050898821945 24.986402341037351 -3.3203259214153598e-12)
(507.12669652779419 24.883224448451667 -3.1164902323245017e-12)
(486.33201723991533 24.707874790239604 -2.8023915720215381e-12)
(466.97193924870703 24.469022277527706 -2.7036591937377514e-12)
(447.86360392145042 24.230925928431819 -2.5967774142108695e-12)
(428.67144095404342 23.830802875354877 -2.471656345461936e-12)
(409.38580157166882 23.361245229385869 -2.334581932114037e-12)
(391.38124805692769 22.645490758628796 -2.1903121528912202e-12)
(375.11331535028648 21.796384054912938 -2.0553064643079164e-12)
(1740.0127349544002 -73.368831718161289 -3.4623725303206741e-11)
(1757.9842378663518 -39.302066792334145 -3.07071438713535e-11)
(1753.2782399664602 -0.54801350263655779 -2.7812348313030134e-11)
(1739.6227527092674 29.605787451699193 -2.5201212063219733e-11)
(1713.1009168454098 54.709108130833435 -1.8275142762066849e-11)
(1665.336199994546 80.679521540791612 -1.6275009972437097e-11)
(1603.209228795067 99.855472736464392 -1.5188542254504036e-11)
(1543.4768072606366 111.76362107600247 -1.1377060099147375e-11)
(1478.3830702086984 121.39326734613432 -1.0513393842958016e-11)
(1401.8404362271979 127.22822187990434 -9.370420899146199e-12)
(1324.8193258075935 128.40172261210526 -1.2403760925271613e-11)
(1256.7100144490298 125.8545897262734 -1.0141887077798512e-11)
(1191.779517822963 120.88239361845997 -9.3733776084098843e-12)
(1125.5779323460899 114.37004392482892 -7.975471888162877e-12)
(1065.0869359083072 107.03424434274346 -7.5105025577827738e-12)
(1013.0723765589466 98.766001353812626 -6.1041394970783581e-12)
(963.51040703406443 89.7474593903043 -5.8541175430691343e-12)
(915.51198589346245 80.811060964733741 -5.3832103517503863e-12)
(873.78501462880865 72.729771837638793 -5.0993055444516556e-12)
(837.93929749370011 65.707048862334631 -4.74862133411392e-12)
(803.2451069454188 58.880639493181327 -4.5089516670456227e-12)
(769.28646046592064 52.535031607304163 -4.2301145361166848e-12)
(739.06055388855179 47.345413481352757 -3.9590094271233421e-12)
(713.33909334999782 43.288645462281558 -3.8678313610411402e-12)
(688.45953169619474 40.22024097242597 -3.0233971464416384e-12)
(662.45401380705948 37.573585021422439 -2.8970211922171513e-12)
(636.73193200244395 35.390314201212597 -2.6836044083836182e-12)
(613.47778008520322 33.941231804138759 -2.5023232831136087e-12)
(592.73342846432411 33.122420381416404 -2.3281566079017354e-12)
(571.07308897932728 32.40332828872296 -2.1784909841080838e-12)
(548.49201102757172 31.777935313118775 -2.0172003909209938e-12)
(527.0347294375515 31.3328069241322 -1.8946165729249697e-12)
(506.49261578160622 30.986758421510451 -1.9210106220066431e-12)
(486.42803496373654 30.712057815195347 -1.8232955335232512e-12)
(466.22323012946941 30.307870617632169 -1.7698379163576875e-12)
(445.98181120251144 29.796884981767633 -1.6755787203113384e-12)
(427.04673139728231 29.214000545306799 -1.5497744465089047e-12)
(408.30168531164156 28.638334546394727 -1.4545924905617711e-12)
(390.55544394289961 27.781408819888405 -1.4751442767589331e-12)
(374.5735110134263 26.719744217765484 -1.4497402447946818e-12)
(1740.4997905933474 -84.31790749735886 -1.1742521624901406e-11)
(1755.3388277255842 -43.672070945565928 -1.1059120113525419e-11)
(1754.3902359598994 2.0716778268451073 -9.8383833200983715e-12)
(1734.8200511167647 38.603457094448665 -9.3952063063874707e-12)
(1697.3876934812583 67.608554087734888 -2.4421887835596785e-12)
(1652.7802313614554 96.138142859335574 -2.4536340755784257e-12)
(1596.6470617401935 118.92020908208241 -2.6607552743038077e-12)
(1528.140492269278 133.02987435000929 -3.7945567595913153e-13)
(1456.0587412961893 141.95710259907122 -5.8345774757540239e-13)
(1386.3632143036618 147.39020506638391 2.4612971828956878e-12)
(1316.5032901279517 149.20894043928493 1.8266215490395696e-12)
(1246.6645742527317 145.99887363527455 2.2572881928444306e-12)
(1178.5951811267112 139.12063200624047 1.4643170522354363e-12)
(1116.9404091770639 131.1722474955821 1.5056280785876687e-12)
(1064.1173380998027 122.79168262571683 8.8811249604034888e-13)
(1014.7322120833023 113.36721419916869 9.2496346309299248e-13)
(964.81320006706085 103.27109130763623 5.0565416389050288e-13)
(917.71366417858462 93.414135072095448 3.9999545772568897e-13)
(878.31637995092365 84.23262221079176 2.6142467672515997e-13)
(845.42990115065197 76.016864805405348 1.0627472345831151e-14)
(812.70278093050979 68.826556567538702 -2.3970173275213179e-13)
(778.85935912424634 62.338654001460618 -2.4106404476671417e-13)
(746.64350565089967 56.650219229711389 -2.5513488443674616e-13)
(718.79574191987001 51.883218300754962 -3.0988413447490332e-13)
(694.47297261251799 48.261324134169143 -4.2724357614399407e-13)
(669.29056105964617 45.437988397318676 -4.2281094685935136e-13)
(642.68226783415389 43.109356957579614 -3.614442003092075e-13)
(617.32923996362115 41.443680691622085 -3.481287840585643e-13)
(594.96578623666505 40.037029257937078 -3.6416995713016902e-13)
(572.63183898156581 38.93960210073692 -1.8882259408130901e-13)
(550.03920997037051 38.257241025500129 -2.2222455821405291e-13)
(528.05388298895218 37.595382887596699 -2.245378714777577e-13)
(506.6465458320568 36.928611206042078 -4.3225739597930055e-13)
(486.21768938023729 36.342907916336252 -3.3281731520443208e-13)
(466.09262730921233 35.753678546363986 -3.2520003881278868e-13)
(445.6358239968103 35.098978548876133 -3.053958974872016e-13)
(426.49191813159518 34.29988782957885 -3.0107775192474289e-13)
(407.85947612235884 33.522205957565248 -2.9394101651404078e-13)
(390.40134665991525 32.512085619490598 -3.8636534784856229e-13)
(374.54564054953471 31.249929440372451 -4.4514758676095027e-13)
(1743.3336064908965 -94.117301470216916 -1.3203024602924348e-11)
(1751.6095302404422 -45.733753981693042 -1.3073354589053093e-11)
(1747.6573013289592 6.5052582641701555 -1.2416893418022371e-11)
(1732.3104801969148 47.50206421849758 -1.2084788717010231e-11)
(1691.1574925507448 81.32063574804495 -8.5193246172966919e-12)
(1632.2834566109548 112.73333546552384 -8.2450308181291686e-12)
(1576.9848757848606 136.31015243291415 -7.9249496649682915e-12)
(1517.2338688009224 152.53708539670382 -5.3909284205507351e-12)
(1441.0403172091171 162.38497242594366 -4.9266466200521762e-12)
(1365.1501660365873 166.18936786526785 -1.4834789996121851e-12)
(1299.1317980516294 166.61116408215292 -1.222759170185864e-12)
(1235.2682736680335 163.07026077315174 -1.0540790514284506e-12)
(1169.567025487296 155.6589034037695 -7.5557982074537218e-13)
(1108.8367686028666 146.08472672123608 -6.3382175740257059e-13)
(1058.3157189180624 135.73785847605066 -6.7717904559666981e-13)
(1013.0370047407062 125.37715166411526 3.5169511371007922e-13)
(967.34222617036414 114.91310783513627 2.8305532424196529e-13)
(922.24124792066698 104.44265302515346 2.615207398867249e-13)
(882.10420912463076 94.394586705248173 2.832921648986257e-13)
(849.09939607495971 85.293164855412542 -2.6145974539393325e-13)
(818.70610334107425 77.792962459678947 -7.6414056310005232e-13)
(786.60532686956128 71.171019864270036 -7.7770755396565605e-13)
(753.7706045696624 65.248547687427816 -7.5547515727710302e-13)
(723.28364476528316 60.246036141411956 -8.2409790921661187e-13)
(697.29438538397892 56.262510308771724 -8.4055715635540422e-13)
(672.32279469011348 52.975063959874305 -7.6188292887008905e-13)
(645.60146670968334 50.478973083782847 -7.1669647307490025e-13)
(619.59065036918037 48.678199291884212 -7.1568515735813594e-13)
(595.15518084373389 46.827105674492088 -6.8198916103035736e-13)
(571.81712130315611 45.343686625586152 -4.5220970022196918e-13)
(549.24669602481845 44.406467973720417 -4.5434231054159738e-13)
(526.80574762658455 43.488223778394264 -4.5561877926523832e-13)
(504.9232117321738 42.526091852891518 -4.1241940618395483e-13)
(484.19701177164671 41.639234229392457 -3.6202827266716366e-13)
(463.85178987583959 40.803487050274541 -3.3852443836583504e-13)
(443.32223462943796 39.937345982710497 -4.3630258036922435e-13)
(424.24155383808346 38.947952170143601 -4.4758711252314451e-13)
(405.62921253471308 37.964722715801187 -4.5641038273317774e-13)
(388.35591331684793 36.78028176192629 -5.1235816532941905e-13)
(372.7903147305131 35.332454454465513 -4.9254487056444008e-13)
(1744.6906257355133 -102.43851310549104 -1.4305417290829979e-11)
(1752.1479113733787 -47.012704009228848 -1.5167866010715695e-11)
(1741.4680676603869 13.145432529626294 -1.4850154656607114e-11)
(1718.3280566798271 57.854179399456108 -1.412678514604205e-11)
(1681.2075113278736 94.179724583340743 -1.3469833257659611e-11)
(1620.6648646032943 129.72401771493077 -1.2404896662451727e-11)
(1556.0945101035759 154.4196253940265 -1.1201499483134875e-11)
(1496.2301121761307 169.69992637657103 -8.5301417632466655e-12)
(1423.5707268646074 180.05391813745211 -7.656698380900897e-12)
(1347.2758125500488 183.74803353483424 -6.8110242810715891e-12)
(1281.4174881017841 182.48391686432058 -6.1795472570980444e-12)
(1222.0227573106235 177.55617331446217 -5.4769277774016314e-12)
(1161.4113513332168 169.31052764331594 -4.9248838476379309e-12)
(1102.4824365618529 158.59799439170709 -3.8069874698013099e-12)
(1052.3901647982957 146.92731682770327 -3.4999273243255284e-12)
(1010.6042896948862 135.69446554837512 -2.8076030918199896e-12)
(969.82153378341673 124.70357375287784 -2.5544650791834652e-12)
(927.67187410866336 113.78684743125426 -2.3322787147088185e-12)
(887.21304872958262 103.34463431930227 -2.1475450257581753e-12)
(852.45845273036821 93.968998840857225 -2.3049008352220776e-12)
(822.84822643828488 86.164502624351556 -2.4204029098803442e-12)
(792.07196628513861 79.282549062284431 -2.2688563198252667e-12)
(759.30057337930691 73.237122312190849 -2.1653670350786392e-12)
(727.93745892528261 68.252239241307137 -2.1268803431021083e-12)
(700.5843146495032 64.104506176378138 -1.811315272080076e-12)
(673.62077947449757 60.312260192240558 -1.8382413893350001e-12)
(646.76428623274137 57.565778522923644 -1.7517012509829931e-12)
(620.8126866783457 55.521537028881241 -1.7594610857350541e-12)
(594.9175679157247 53.406632646276869 -1.7821112930761547e-12)
(570.62176535095273 51.551287803964058 -1.6071053531231219e-12)
(548.12732381822013 50.239862749465608 -1.5343350213662798e-12)
(525.49014853079916 49.053489315128431 -1.4589222883830241e-12)
(502.91072735744171 47.80694834609762 -1.3517145780427289e-12)
(481.92280479964177 46.611948373706205 -1.2629077476171999e-12)
(461.61003303270581 45.533222294607391 -1.1872729876063163e-12)
(440.92562091298913 44.44636077850889 -1.3665627544783447e-12)
(421.87881306148847 43.237511769186256 -1.2981432823606314e-12)
(403.38963491522139 42.04637342121017 -1.269090327246709e-12)
(386.29024400395377 40.703660845222657 -1.2627357038659082e-12)
(370.92949357695761 39.060551930480493 -1.1444068297330901e-12)
(1743.4554003747344 -108.3898028224334 -2.2224699519151187e-11)
(1748.0739256560325 -46.541928477658146 -2.3780926321308065e-11)
(1740.6413133278718 19.901867090907256 -2.1608011548353469e-11)
(1707.9641164015491 69.8590954922647 -1.9502431034839114e-11)
(1660.0335892040614 108.23543672047188 -1.5527587520606194e-11)
(1603.2709611219468 145.4547869362103 -1.382000717705127e-11)
(1541.2297768236408 171.79000331615961 -1.2037152809130882e-11)
(1474.5914192779746 186.55617705956516 -1.1114468873937213e-11)
(1400.707241526696 195.9258853691677 -1.0031645719456075e-11)
(1329.628225776725 198.98791965779873 -9.062989745814354e-12)
(1267.3302370068841 196.52700236506999 -8.1861708299020905e-12)
(1209.2702240486856 189.96505173831184 -7.43180532058471e-12)
(1150.7448681634946 180.26785126423479 -6.7301779646518857e-12)
(1095.5821302631139 168.70706929044448 -5.6286486885003989e-12)
(1049.6479141821546 156.62201098588426 -5.0966787902432102e-12)
(1010.6904564044848 144.7343945145663 -4.9424920332250424e-12)
(971.40100725137768 132.96186980690948 -4.5468947573749466e-12)
(930.32332427206984 121.57473502048786 -4.7240379902476518e-12)
(890.8935492920815 111.15215315342097 -4.3570960351149517e-12)
(857.12656700093692 102.18931539204806 -4.104811673182132e-12)
(827.44518784457955 94.143832948229317 -3.9700034927379955e-12)
(795.55982416622896 86.841287682878047 -3.8351066560503729e-12)
(762.04184581548668 80.70852408955345 -3.6542965673261569e-12)
(730.88762559463089 75.908533533058588 -3.6420897422665618e-12)
(702.87136747985301 71.511065670744969 -3.2033509349258347e-12)
(674.27596690152598 67.456220531382115 -3.0923519225345568e-12)
(646.73647112118886 64.357772221858298 -2.9143629477267403e-12)
(620.59307021149175 61.965342585478716 -2.7856195618852822e-12)
(594.19747638997433 59.683109785613134 -2.6653816596382732e-12)
(569.05787779654543 57.498533442372398 -2.2022817348752884e-12)
(546.11556457079644 55.721546127775852 -2.068093804493687e-12)
(523.264923414127 54.242397695045966 -2.0347038753548141e-12)
(500.50971155242763 52.774053933572674 -1.9546543306720567e-12)
(479.26040302620584 51.26644443577819 -1.7506539098166302e-12)
(458.86201890457937 49.916245326537897 -1.696766376470799e-12)
(438.20514185699659 48.602956614817444 -1.7396122179811396e-12)
(419.08072165853537 47.176088275461929 -1.6524762798062486e-12)
(400.5883482540379 45.761682391887568 -1.5657588995307945e-12)
(383.73353855170035 44.270254920134136 -1.5013434679600632e-12)
(368.64118144579368 42.436190417827078 -1.4133193120637374e-12)
(1744.5302646462503 -112.89663509626322 -2.3040454243002612e-11)
(1741.4757957035483 -43.3169588290192 -2.2711426105762897e-11)
(1730.450187113121 28.062251411004581 -1.9171358251643634e-11)
(1702.9159474655169 81.479673942685125 -1.6876619075248951e-11)
(1649.2198213146287 123.51144989638316 -1.2934795518860195e-11)
(1578.348505195401 161.53594039034024 -1.1417423521180761e-11)
(1516.848138912452 187.01407390000173 -1.0573927836238264e-11)
(1457.831119683653 202.11436615689547 -9.7890135467060538e-12)
(1384.6488924300427 211.32027934692607 -8.9169293911746353e-12)
(1310.9415608083189 212.32336492738116 -8.175145636117378e-12)
(1250.3384643291606 207.85697445539103 -7.4887933712785552e-12)
(1197.1429462013509 200.12962206349448 -7.155577596507973e-12)
(1143.2241032887644 189.66417739724017 -6.7109348792335867e-12)
(1091.353250596108 177.37407346279139 -5.9264037985909245e-12)
(1047.6555670521782 164.70067724909586 -5.5316802169724858e-12)
(1010.5714024827658 152.2358617465211 -5.6203184706315634e-12)
(972.52769075497486 140.02799552579009 -5.3646224149377768e-12)
(932.50159436963622 128.52179633959761 -5.548644137566391e-12)
(894.33907546595265 118.39883591440135 -5.2423810942071483e-12)
(861.59075099400593 109.82801544793072 -4.9978963895160167e-12)
(830.52672789079418 101.45853871661667 -4.8660074309991394e-12)
(796.88691542907861 93.908450876031168 -4.621759362356699e-12)
(763.29506356152717 87.879994452551855 -4.3597450160214923e-12)
(733.10140323512542 83.225173615379518 -4.2235069669710686e-12)
(703.93180045581721 78.4793280546087 -3.9637638477924923e-12)
(673.91182498351509 74.200709437032145 -3.6915031304699386e-12)
(645.74085463968891 70.805147097171584 -3.4990506939161473e-12)
(619.65249845251105 68.090521989818143 -3.2680703271665504e-12)
(593.14712266679976 65.570197228609473 -3.045760909714997e-12)
(567.19967854676781 63.084344365947238 -2.6903524409240091e-12)
(543.66075372873388 60.912410252540788 -2.5290501891572395e-12)
(520.91411771769856 59.118450574213675 -2.343112133344712e-12)
(497.98932106563473 57.428852761853939 -2.1853028777475471e-12)
(476.4389736291144 55.602977734509395 -1.9576056190632638e-12)
(456.04652458816457 53.981081411129594 -1.8214554545070975e-12)
(435.34950562118087 52.419850404237536 -1.7077570586494962e-12)
(416.19760009140913 50.801888630281809 -1.6445601109868448e-12)
(397.78424006928992 49.169371941432701 -1.5644629342313599e-12)
(381.13716647010415 47.531879220809529 -1.4817686068321205e-12)
(366.27506092534253 45.498646201980549 -1.4204745186663955e-12)
(1745.9772889057253 -116.41612531381153 -1.2140136340701754e-11)
(1740.7027300837624 -38.821495925791503 -1.0815638825995864e-11)
(1717.1984763989326 38.891087454830569 -9.7262670069021019e-12)
(1685.0685115129131 93.589992635659797 -8.5934462689330076e-12)
(1641.4541893610501 137.46543788982027 -8.0208849919385551e-12)
(1567.130283667655 178.20284707376345 -7.1570573619734833e-12)
(1490.6268216858448 202.3780079724846 -6.2074115270535855e-12)
(1432.3176405169795 215.24896256496132 -5.8691280595352952e-12)
(1369.5533646425267 224.20901595591076 -5.7885797190803225e-12)
(1298.4249418104503 224.53175897833648 -4.2572269287245757e-12)
(1236.832110820666 218.10595304040186 -4.0791113406354038e-12)
(1186.2080300432717 208.58675949793405 -4.0270992222804455e-12)
(1136.7473397168603 197.14797606161397 -3.9704586154661417e-12)
(1088.6142367872276 184.44678216399612 -3.4164700752076974e-12)
(1047.4880739671817 171.64478914776205 -3.4262907212437219e-12)
(1011.3296928831153 158.76823708338358 -3.1329399924317604e-12)
(973.34927533909718 146.27250724343767 -2.996938401169262e-12)
(934.00351028883483 134.87393884379026 -2.9243000277803964e-12)
(897.7199162051744 125.29227410178495 -2.7254538992585946e-12)
(865.642981034076 116.83922179449785 -2.7598313809237331e-12)
(832.20541863910489 108.25317271869191 -2.9243287212343536e-12)
(797.12766965866342 100.70204673267261 -2.7436079656256913e-12)
(764.34757941659177 94.876535638035918 -2.562458690567294e-12)
(734.6553809235852 90.043013408995947 -2.395792558817558e-12)
(704.07948388302134 85.025352108886082 -2.2341488829178474e-12)
(673.07459075523479 80.574068929593921 -2.0814034751105744e-12)
(644.67427880553157 76.962465908039334 -1.938278622079418e-12)
(618.57046365571978 73.898322535654017 -1.8226402501076091e-12)
(591.77080125295925 71.068641614826475 -1.7259479463280026e-12)
(565.26207016975195 68.315215809321174 -1.5464047089156433e-12)
(541.24102727910247 65.833768483901977 -1.4376678419891779e-12)
(518.38222141118774 63.680175107400608 -1.374769507510651e-12)
(495.64322524267482 61.768637905794982 -1.3287004074086807e-12)
(473.7111268976862 59.667833953387763 -1.1850644964914365e-12)
(453.2134704985379 57.760655008395972 -1.115048088102272e-12)
(432.64218116619378 55.940257250983102 -1.0361934148476369e-12)
(413.54246594551677 54.16659466892245 -9.6220639204191862e-13)
(395.02933158314897 52.306349765624233 -8.9496320738653282e-13)
(378.60994347310998 50.526343424133479 -9.0534565623359532e-13)
(364.00163609386397 48.291221999740507 -9.6467385608299633e-13)
(1743.9763323975008 -117.81387748337724 -7.2541634995622505e-12)
(1743.2764459266207 -34.057372654846844 -8.9204229485258754e-12)
(1712.993423081246 50.586808089755685 -7.7388933390046935e-12)
(1665.0013940684782 108.19140378383599 -6.9512817565090697e-12)
(1620.3180170884925 150.68446662225611 -6.2257454597487642e-12)
(1558.1489089629574 192.75906057763723 -5.4932711520748678e-12)
(1479.4925126308071 218.44989948892032 -4.99685716603598e-12)
(1410.2588844939958 228.82010175204655 -4.5090065673160051e-12)
(1350.0448170839384 234.63211426843182 -4.2333926608222252e-12)
(1286.5166054399499 234.53857478563413 -2.0441230134980803e-12)
(1228.6018500338675 227.28435864467357 -2.0676327299402927e-12)
(1179.3132368388449 215.9507535013291 -1.9355628818623884e-12)
(1131.9117980396863 203.33093551192309 -1.9775030281892269e-12)
(1087.7572723391156 190.52556411518623 -1.8880548178058145e-12)
(1049.7805669638899 177.79641970616564 -1.7967858461373855e-12)
(1013.5761146382716 164.650552285983 -1.4791591904888882e-12)
(974.85119148251886 152.08204607672678 -1.4842882786893731e-12)
(936.09419919910033 141.01474909249995 -1.413822316510204e-12)
(901.45836083906272 131.93534779864123 -1.3218595217789687e-12)
(868.78203986783205 123.298664213623 -1.6482976750851736e-12)
(833.40783294033895 114.76944808341041 -1.7808376345325499e-12)
(797.82987980140547 107.40923656164006 -1.6911558232118488e-12)
(765.93995556294738 101.60331986358931 -1.5577799233710877e-12)
(735.72259460450925 96.406716224693099 -1.4861137130683336e-12)
(703.83592104108425 91.262090505325077 -1.4526451348045396e-12)
(672.2495401365552 86.679781109822883 -1.3705595661052719e-12)
(643.96978588646277 82.828166424089673 -1.2675395876798734e-12)
(617.75640400841678 79.377871030447025 -1.1955638569735316e-12)
(590.60060527498922 76.272904525299765 -1.1320806336408481e-12)
(563.67296763962247 73.26978256240983 -9.5543282314129135e-13)
(539.35397087525007 70.520315318586796 -8.6936245220613921e-13)
(516.34860105729115 68.025152644766678 -8.2209608350790576e-13)
(493.74591224019741 65.842799895571005 -7.9531458855605861e-13)
(471.67081340750133 63.52774832309214 -6.566199759413825e-13)
(451.04677190425264 61.345412887781748 -6.1046387923177647e-13)
(430.31471835781349 59.259419510949705 -5.4905008399720547e-13)
(411.57661974286856 57.320600200179015 -5.1553013157066779e-13)
(392.95411039046388 55.282957207187714 -5.0499865233602711e-13)
(376.62218765216937 53.337790386699922 -5.6442698507461671e-13)
(362.13647129952989 50.880628711685127 -6.0968902422790106e-13)
(1741.7745837184348 -116.62142000442806 -2.1451854791662344e-12)
(1742.3113989837709 -27.957950912111301 -4.8567773791565033e-12)
(1716.0679479005803 61.65648834480448 -4.5781592965957317e-12)
(1659.0075156214373 123.92123730708792 -4.0098369335581541e-12)
(1597.368443937989 165.85204466347241 -3.6782170353932509e-12)
(1538.6656850036936 205.64752130816098 -3.3622671743967627e-12)
(1472.6772405666327 232.44898152113134 -3.1649373622870177e-12)
(1400.4253643939514 242.82266065866224 -2.2608536415306291e-12)
(1333.2379362253419 244.97106021933863 -1.9392540804521435e-12)
(1277.1544535514763 242.95289274532948 -1.2010954278598635e-12)
(1225.5253262807278 234.97189802186648 -1.4773160586053986e-12)
(1176.0319306284355 222.38619837973818 -1.4017980673591413e-12)
(1130.1926242321213 209.08909510253801 -1.4042560894440821e-12)
(1090.8920128952591 196.20837805730579 -1.0960701129039942e-12)
(1055.2302337376491 183.3566819231377 -1.0920245772904145e-12)
(1017.295384916845 170.17943979803056 -1.0273890080405931e-12)
(977.20111774929183 157.83938771374034 -9.6430131171161387e-13)
(939.76979298994877 147.25549152134457 -9.2679838129001398e-13)
(906.72340227188181 138.29112274115576 -8.8587031964500621e-13)
(872.600014431825 129.58592251793777 -9.8843167069926022e-13)
(835.62463331697791 121.28460497316482 -1.1164063589632794e-12)
(799.45690103074526 114.04494095884935 -1.0531403699431169e-12)
(767.52510265183219 107.97404090032656 -9.9230878947560553e-13)
(737.36524449856461 102.53537662490845 -9.3627884237130486e-13)
(705.31852308890143 97.389683760517769 -8.9710796705851717e-13)
(672.92901662396355 92.629576643016321 -8.883648030330726e-13)
(643.75056566454657 88.458194501181254 -8.4103939247194665e-13)
(617.1550804180788 84.595469746677395 -7.6790427004720139e-13)
(590.39805658483965 81.281248183949486 -7.7352242604955286e-13)
(563.54556470628711 78.099481893110067 -5.9718735542895417e-13)
(538.5889437262515 75.033398897630292 -5.5813500902629958e-13)
(515.06992166189218 72.214762052156715 -5.3636393194530457e-13)
(492.77476056907449 69.746465219144127 -4.6689483676260191e-13)
(470.69244020392432 67.23877328479449 -3.2156747749156087e-13)
(449.9015018509848 64.805000598186055 -3.0955359721586363e-13)
(429.17046582966958 62.513192176077496 -2.9430747603984988e-13)
(410.52871685167196 60.338068020528034 -2.7560254452280122e-13)
(391.8349705687578 58.147102951207302 -2.5514066037373672e-13)
(375.59781824890717 56.040118305195783 -2.4335699493470749e-13)
(361.15106511691079 53.369078191131578 -3.0236744720052798e-13)
(1746.1431931200932 -114.29588396989296 -3.6872873018820768e-12)
(1738.136903187956 -19.470836000721572 -4.1217569441851092e-12)
(1712.590577600173 72.902714202566003 -3.9853350642107933e-12)
(1661.7849974655251 138.46008054391393 -4.1524711712297809e-12)
(1589.4428560315584 182.4629756674901 -2.8850277684901958e-12)
(1515.3619195243216 219.17313601743177 -2.7688142540881481e-12)
(1457.3280855425019 243.5081561488189 -2.751407727501789e-12)
(1395.376475429531 254.84039678138794 -1.0601904890975043e-12)
(1326.0575166505487 255.84215145355989 -1.0725902378757477e-12)
(1268.9230667250731 250.30268349141778 -9.6377202333112333e-13)
(1223.4637217440572 240.64003603966717 -1.3876249657747171e-12)
(1178.3371078143489 228.22948352322322 -1.311317754508716e-12)
(1133.8557198185786 214.84553492507342 -1.2916414021749912e-12)
(1094.5572061903185 201.24875865563996 -7.0453372310526582e-13)
(1059.8684588507056 188.1127196839337 -7.346052066154346e-13)
(1023.1703543734666 175.67102673457504 -8.1856437179497532e-13)
(983.37550070832435 164.01905200547179 -8.7492154376778e-13)
(944.62670030987601 153.54296260874008 -7.6587441675572073e-13)
(910.19145265657494 144.19334032536193 -6.4236543428787059e-13)
(876.61554642528699 135.74402793817131 -7.3984834693169093e-13)
(840.28449902043963 127.83360903334298 -8.6519213203926752e-13)
(803.01098436989014 120.57789067304523 -8.1876799935854598e-13)
(769.02468881578136 114.16756098162628 -7.9330398943454285e-13)
(738.97941139704437 108.45850526313104 -8.7895807392254659e-13)
(707.52732315400669 103.2390324744908 -6.6639017341838659e-13)
(674.9277546348751 98.380551563120164 -6.7093409180769863e-13)
(645.22057626287869 93.961678499128993 -6.4276566033173658e-13)
(617.47365790165941 89.734838111788164 -5.9819169682806423e-13)
(590.53950663699027 86.06846612473889 -5.5005977647621876e-13)
(563.97272346883403 82.680521952787885 -4.1662616593563567e-13)
(538.97060029436727 79.404658191393963 -3.9729694107009863e-13)
(515.21876980986394 76.343632820358096 -3.6222972411885495e-13)
(492.66829079429669 73.50532633661139 -3.3176026259351295e-13)
(470.54883766796604 70.803659460298448 -3.0482417244668302e-13)
(449.71188465497136 68.171869715302648 -2.9663321653571768e-13)
(428.90923855200737 65.652157898860438 -2.8103929377688113e-13)
(410.21680477988468 63.251095182111364 -2.6632348256279648e-13)
(391.51134008304791 60.907019395055322 -2.4382001722217103e-13)
(375.4102014308595 58.631496283609742 -2.3113987599131845e-13)
(361.07425674666734 55.753991773515558 -2.3660363241633451e-13)
(1755.3934552979688 -111.75416563800077 -6.2431354213079752e-12)
(1737.548745853687 -9.139409975058193 -5.7271146251830534e-12)
(1700.2365147008522 86.017792274897474 -5.3589449287406382e-12)
(1656.4105845806948 151.492919269118 -6.7085947226603763e-12)
(1589.7038000083787 197.83229841227882 -4.9778293480519235e-12)
(1502.342311559619 233.88180725400235 -4.3729644496111416e-12)
(1436.7040740619277 253.7702771680805 -4.2233138749591276e-12)
(1385.3867196083986 263.5844996859837 -2.4018646379639529e-12)
(1324.5898407072236 265.04403662841105 -2.1780910418650582e-12)
(1266.0706489643455 257.43446029387752 -1.8925230303814164e-12)
(1220.7157335352335 245.25529073674372 -1.7833534818351465e-12)
(1181.3586468938827 232.73405113566884 -1.6749635264733484e-12)
(1140.4233105062381 219.891097774694 -1.5996890490528431e-12)
(1100.4277112371949 206.19128396270813 -9.3826516144398584e-13)
(1064.5742028247805 192.8871149348227 -9.4421399437770019e-13)
(1029.1448172945493 180.96078183485082 -7.1211863961603001e-13)
(990.28883536620594 169.89660450303955 -7.08813939269405e-13)
(950.3886622889155 159.65885813050815 -6.7381009126815593e-13)
(914.19685926840441 150.27744081411944 -6.2741215962743416e-13)
(880.60674644313463 141.80599236467714 -7.5689704469961409e-13)
(844.38915276857665 133.92570995216678 -8.7485549944178687e-13)
(806.70060889155582 126.74085912700201 -8.4228126554421493e-13)
(772.110726487389 120.435747187145 -8.6053436325803072e-13)
(741.1106132955249 114.19276791491608 -9.324455818055461e-13)
(709.15940963601565 108.66791376457955 -5.5987276875763193e-13)
(676.62575548348184 103.82785141502163 -5.3109359623207838e-13)
(646.81425684658745 99.16942368728705 -5.0916221411105045e-13)
(618.7554924869595 94.652235003507883 -5.05150764901484e-13)
(591.18976907244723 90.683760171365122 -5.1898857470347027e-13)
(564.43543369559245 87.039550833207784 -3.868959252698268e-13)
(539.68718479124027 83.521559206440685 -3.5825030032619909e-13)
(515.72371330469889 80.21828991046921 -3.6832780117475505e-13)
(492.74810038810267 77.097945227656794 -3.6059677591124063e-13)
(470.69516475263612 74.196316279300305 -3.5951082807186331e-13)
(449.93608715271762 71.361782547467328 -3.5943216238161649e-13)
(428.98197721070039 68.62685238044682 -3.376466086056156e-13)
(410.1935451527541 66.023734807088005 -3.2803560014900522e-13)
(391.46262057908086 63.522457037262569 -3.1423695965769114e-13)
(375.43276360030376 61.061282848061985 -2.9870381218095623e-13)
(361.44875844914702 57.951837084011586 -2.7745975656287099e-13)
(1764.7970941693586 -108.56354043048752 -5.818543517808503e-12)
(1743.3382515207741 1.7151385609005119 -5.6969581232011687e-12)
(1689.0284063128024 100.90778911172161 -5.2253068774830107e-12)
(1640.8386881817842 164.46919492940469 -6.8295814332448578e-12)
(1584.6024510139355 210.87314890103929 -5.1313851256843821e-12)
(1498.7387970434841 247.94353908125726 -4.4708489591466779e-12)
(1422.8337310541444 264.89178983518019 -4.1384789368806737e-12)
(1372.0434466753675 270.83903880312516 -2.7081933843980864e-12)
(1322.09993978074 271.58652551141989 -2.4885497793814394e-12)
(1268.6297616783315 263.5363770265314 -2.2930938968806964e-12)
(1221.6057404458743 249.87797668238991 -2.4925940950092114e-12)
(1184.2287573893364 236.45835933253767 -2.311677622434076e-12)
(1147.113356432119 224.09464217823856 -2.1303709040497737e-12)
(1107.5708110173016 210.83031828411228 -1.7191489827000343e-12)
(1070.1773554001118 197.80799851813993 -1.5780424601789038e-12)
(1034.7754122339522 186.08970761991114 -1.010735379049981e-12)
(996.19587798606528 175.33550102587802 -9.2830679558057561e-13)
(955.71711389919051 165.48107921663174 -8.8652652802294041e-13)
(919.0456911717522 156.37075536811267 -8.6075472949085952e-13)
(884.79430483218198 147.67467566650646 -8.2468550686969926e-13)
(847.29627421456212 139.64671927035619 -1.0968833040317219e-12)
(809.70100617039475 132.63134010032502 -1.0605509388005019e-12)
(776.42878034264413 126.37086255017289 -9.8589933845403136e-13)
(742.84541632309538 119.65337386426242 -1.0303482878658353e-12)
(710.06585395802063 113.88139357959123 -9.1079083377169875e-13)
(679.01024795350475 109.00178672737027 -8.6715288271643314e-13)
(648.77023280768879 104.08888904116769 -8.8238362153852732e-13)
(619.47191007997253 99.263611620899397 -8.5577498321220726e-13)
(592.30004492512523 95.074006133322058 -8.2012476756861571e-13)
(565.62800250499492 91.207026332366269 -6.3940072268530045e-13)
(540.2279289884583 87.381320620085262 -6.6370874941423606e-13)
(516.19086779893439 83.868795629968133 -6.1286262872701702e-13)
(493.43275747081412 80.553727994707685 -5.911360750446416e-13)
(471.20760870100651 77.428242135815225 -5.5271278426135159e-13)
(450.18253920676506 74.3566881847145 -5.4027729370461205e-13)
(429.18173803171754 71.432605773562514 -5.0127954181891546e-13)
(410.43624933569657 68.655972073357532 -4.8837369460777668e-13)
(391.66300523372519 66.004583998013473 -4.7686323243884716e-13)
(375.62408637287137 63.353123145343879 -4.4824659463795146e-13)
(362.15621911371238 59.931073793225586 -4.0567430797869019e-13)
(1770.3318430155562 -103.74759148525564 -6.4160370630890828e-12)
(1751.4479316851157 12.534807015132037 -8.0307718206134281e-12)
(1684.8051592888669 116.3834946187921 -6.7925461128580027e-12)
(1623.4097812226389 178.39565703618564 -6.0526311379560545e-12)
(1571.0813273332112 222.33963609196567 -4.1996357730751802e-12)
(1494.5627068335605 259.90372525364199 -3.9127250544018857e-12)
(1417.3125674159135 275.67465117379987 -3.718253917075817e-12)
(1361.8913020624557 278.23878561183886 -2.8319251922529948e-12)
(1318.1380940006802 276.50964505345695 -2.5483949629481762e-12)
(1272.4134121104235 268.06400146968406 -2.7916763622685352e-12)
(1226.7249253953648 254.14096952378 -3.3051306761512614e-12)
(1188.4774331016151 240.12066904159917 -3.0693702852128129e-12)
(1153.3267268283334 227.81061015463231 -2.778923516378154e-12)
(1114.5552648726159 215.16981490549588 -2.6459112606999951e-12)
(1076.7733815976226 202.84048115540244 -2.4999097905429433e-12)
(1040.4136943261183 191.09692238156902 -2.0755617833564365e-12)
(1000.9921736313484 180.41858642545196 -1.8976166162553715e-12)
(960.63127525138691 171.20936691141259 -1.7914746695098384e-12)
(924.12985306891255 162.30159904219968 -1.6726061047818627e-12)
(888.48942442942882 153.09278817747989 -1.6149684339490575e-12)
(850.16896018208843 145.17208108734721 -1.8363498912205811e-12)
(812.68025964831509 138.42494024163619 -1.7307234980584451e-12)
(779.24854482367334 131.65403030746862 -1.6835250441055412e-12)
(745.61829661286504 124.94617533232257 -1.8272717982186968e-12)
(712.28756906193018 119.08142328316711 -1.7226013718916905e-12)
(680.32561664010905 113.78175259707666 -1.650584780923589e-12)
(650.45935821335809 108.64109000983041 -1.5539301270698275e-12)
(621.4230838227154 103.78654099484045 -1.4904515099767379e-12)
(593.52180389823172 99.228071319921966 -1.4093908190604682e-12)
(566.53068774442886 95.087682108543987 -1.2848002206219043e-12)
(541.38595702715133 91.116944174518665 -1.1945881006988014e-12)
(517.24131543707665 87.391922092038897 -1.1154975928870409e-12)
(494.14342360529918 83.788912997244935 -1.0525511393470128e-12)
(471.83440765426292 80.482197394819934 -9.328845874595475e-13)
(450.83800178113552 77.236312310229565 -8.7360469264701525e-13)
(429.73965143778713 74.121838434481646 -8.3152135127337513e-13)
(410.9325626637667 71.157696155589235 -7.6953758301315647e-13)
(392.08076955367858 68.365543311262385 -7.0989011212717255e-13)
(376.09442048592359 65.530912043055082 -6.5797034714781175e-13)
(363.42014768042247 61.69861388025128 -5.7207794667743121e-13)
(1770.1086793844986 -95.999620166944069 -5.3250274033217947e-12)
(1753.6500892712247 23.550588060500942 -6.5976475318548619e-12)
(1687.2402298650013 131.34837121771125 -5.3265565788728818e-12)
(1612.8000090606924 193.30439862511031 -4.4172217573907528e-12)
(1553.834365229935 233.36005144706297 -3.8959228566992383e-12)
(1485.4146576223759 269.67466489601969 -3.6160271429105539e-12)
(1413.9576249120528 285.03344211179501 -3.586945035175865e-12)
(1358.816846199356 285.71856984924892 -3.0344735751094412e-12)
(1316.9989276642016 280.95949235296007 -2.7958955984883364e-12)
(1275.9977484628598 271.41106670114652 -3.0570718563967503e-12)
(1233.0005473393896 257.66843968103234 -3.5363115574739117e-12)
(1194.9370344805955 243.91569769611084 -3.4125879907625818e-12)
(1160.0601518099961 231.47983141132002 -3.2522459952057518e-12)
(1121.9018727302644 219.54035095884083 -2.9622758410807621e-12)
(1084.3445558218989 207.7724435982515 -2.8362515078876343e-12)
(1044.8660526830929 195.84597920423894 -2.5463445144425396e-12)
(1004.850433657168 185.46962385997426 -2.4775537879206131e-12)
(967.83791545745009 177.03518324066624 -2.3568947361209291e-12)
(930.07766459012998 167.90997080086976 -2.2142339943298855e-12)
(889.85864811416252 158.18657176302671 -2.1812013724088713e-12)
(852.98506141417306 150.51801538482547 -2.2655112109404067e-12)
(818.09675345003086 144.13660817457739 -2.1186968872432235e-12)
(782.48523885808186 136.83913755392115 -1.9854094824104193e-12)
(747.18221723691329 129.83449294639539 -1.9617299080892673e-12)
(714.79655594888618 123.93100144812522 -1.6798648081564041e-12)
(683.25510835572186 118.56420111569074 -1.5503289282688949e-12)
(652.44029428647173 113.05290182584254 -1.4239860875126014e-12)
(622.91317374904941 107.95386510687298 -1.2889822167604217e-12)
(595.27051084430741 103.21391955469004 -1.2205841576488955e-12)
(568.26554842805263 98.904806816589812 -9.9174897027688544e-13)
(542.75295557861989 94.661309727849471 -9.2896467882642542e-13)
(518.36918728016383 90.714691178895208 -8.6218675829319622e-13)
(495.24895936618822 86.902621981540747 -7.9912210890531483e-13)
(472.91159362684897 83.439063808204665 -6.8341819736857631e-13)
(451.84937667744248 79.992683051399055 -6.178554065585699e-13)
(430.62290241316896 76.702763309256326 -6.3510900114356249e-13)
(411.78551387533162 73.562360651088085 -6.0578796598195724e-13)
(392.8290021336137 70.645790053489435 -5.7570674798762055e-13)
(376.92098445318038 67.61611119099274 -5.6085291054299038e-13)
(365.62055378402795 63.276388032126306 -5.4683088093309169e-13)
(1773.2523963242659 -85.629708948654454 -2.6521198938074046e-12)
(1743.5706733324243 36.868644042333528 -3.1592861216718103e-12)
(1687.0260708845012 144.6710872843862 -3.1860089112131023e-12)
(1613.9415009533334 208.14971236986068 -3.1137597899015159e-12)
(1541.0558350272684 245.58279623550834 -1.8876240534448311e-12)
(1473.0399591439564 277.97881314966514 -1.6807356962391308e-12)
(1411.1624692739117 292.60382977959171 -1.9044197831464834e-12)
(1359.6131267594835 292.36641999534464 -1.1313561516669664e-12)
(1319.1692623992369 285.18111467747832 -1.23260909139354e-12)
(1281.5772650596552 274.27043668714748 -1.0076864663695857e-12)
(1240.5193382039242 260.81768426948969 -1.4271262401031453e-12)
(1202.3000753833107 247.53707038457009 -1.5600100033090617e-12)
(1166.6522499338475 235.26325537929736 -1.5551378277674936e-12)
(1129.6129719116625 223.90605688599808 -1.3468742664020088e-12)
(1091.4157956387594 212.27658623071756 -1.376182112121774e-12)
(1050.573461915232 200.88821709830478 -8.7414561061179875e-13)
(1010.3784445252511 190.93718779017541 -7.8769361255255395e-13)
(973.29878864290652 182.21093314636957 -7.5070568915964477e-13)
(935.16917690005982 172.89330446786599 -7.3762387730345148e-13)
(894.12016912167906 163.7700311411858 -8.1834312815834997e-13)
(856.30392777943143 155.92926039769327 -9.8504396016160269e-13)
(822.07471245607519 149.11983031274443 -9.122976388471429e-13)
(786.47833059709535 141.76420129052352 -8.7138730060372304e-13)
(750.20008246935083 134.86696424088575 -8.1872647323427319e-13)
(717.18677686518947 128.5899156037014 -5.726571141394589e-13)
(685.92278363170692 122.95240125523402 -5.4461996311483666e-13)
(655.22605200138082 117.316615070385 -5.1197805456108277e-13)
(625.31609716051969 112.10562247195716 -4.8868301845479398e-13)
(597.08133731431008 107.00890094509388 -4.2828654942567923e-13)
(570.12205943538925 102.51173635775432 -2.7857674109855388e-13)
(544.74618706487638 98.094083880866648 -2.8195016088900438e-13)
(520.1530891282664 93.975753906421815 -2.729766944726887e-13)
(496.69629062283536 89.901551084249121 -2.6524021598954584e-13)
(474.39122057546854 86.301284772110179 -2.2942370419133973e-13)
(453.3099372530408 82.657510213667237 -2.4268791714254816e-13)
(431.96594222839377 79.220967203724854 -2.6972565400912498e-13)
(413.02666679893309 75.888172101357583 -2.6522295039702962e-13)
(393.9672284311028 72.87698427931204 -2.5963622592564669e-13)
(378.17450058947583 69.628398266535385 -2.7115682338726909e-13)
(368.87313201431908 64.637888282697631 -3.4841023897037878e-13)
(1789.2542659309456 -76.29598215528847 -4.6908744205465051e-12)
(1739.2552094259074 53.360089101805436 -4.4328260890937609e-12)
(1673.2821893772173 157.95563483476531 -3.834859107087899e-12)
(1616.6359221740956 220.18466706659973 -3.5346586947088458e-12)
(1544.1925204747827 258.87474514258429 -2.3150316578396344e-12)
(1462.3048886752422 286.8629741621333 -2.0313175658221533e-12)
(1406.3544582305274 298.52869245008947 -1.9190805681114069e-12)
(1366.5864760285469 298.09570681903415 -1.0440823302327535e-12)
(1327.2971019007402 289.31876287195882 -9.2242275484375903e-13)
(1286.470925365513 276.53084623121231 -1.3762359664225034e-13)
(1246.669416874332 263.43567704026543 -4.8936503816901617e-13)
(1212.3642744748938 251.50194562842387 -5.8135147991614338e-13)
(1177.803995461562 239.80483959735727 -5.3499044579765408e-13)
(1137.2184928416959 228.20394041369062 -3.8437829354646293e-13)
(1096.8330202300556 216.74176928437385 -3.9891912867702828e-13)
(1058.140099754004 206.10253465087678 -4.154569380086265e-14)
(1018.3514832635979 196.45752250795368 -6.5545183955455263e-14)
(978.68458842761731 187.32419433767893 -6.1948712036378525e-14)
(938.98507015913788 177.73259637800948 -3.5892182328321603e-14)
(899.975510048047 169.23406061442819 -1.2923752138074835e-13)
(862.58222031035473 161.48015742376322 -2.7074500765734626e-13)
(825.69364988059363 153.94670164880185 -2.5449003052723698e-13)
(789.30142259638433 146.36402930785022 -2.3379870097245646e-13)
(754.73340658906318 139.79094329949507 -4.5537640832574166e-13)
(721.46649865762254 133.30149877967037 -4.4084640321730423e-13)
(688.84762647088314 127.23616022210592 -4.3633443112888327e-13)
(657.79763826657268 121.362666458253 -4.1804301577110989e-13)
(628.54659185251717 116.11055969432826 -3.9539590965403015e-13)
(599.98669541350614 110.80018001581051 -3.7479251113804111e-13)
(572.6040494055253 106.06462257254042 -3.1417447808117894e-13)
(546.95748779146982 101.38847097152183 -2.9347699836946143e-13)
(522.48836767411922 97.131030516569979 -2.5152475500451368e-13)
(498.82138375869062 92.875334537872703 -2.2563179821078193e-13)
(476.53182984916037 89.117958411434685 -1.617256255221119e-13)
(455.17975881084783 85.258931561126929 -1.1982662912317272e-13)
(433.83339318206436 81.685635169285646 -1.7552221488689712e-13)
(414.75848840645068 78.18649559999335 -1.5634893784705932e-13)
(395.67596918652072 75.090675831276059 -1.3772480568747681e-13)
(379.95163060261393 71.586283950610024 -1.3022359044579913e-13)
(373.20441631943993 65.691918863584945 -1.9788028165599076e-13)
(1797.922958164949 -66.898536835135502 -6.117580576085058e-12)
(1751.845759699225 69.184401177476857 -5.3082620619886871e-12)
(1667.2751314909988 173.10117228114132 -4.4353595824125096e-12)
(1602.477902028658 229.86096556639382 -3.9900814929911177e-12)
(1543.6557609457436 268.94207962980801 -3.6297944754224976e-12)
(1467.9704260154288 297.62220891414125 -3.1334745658901167e-12)
(1407.6446695409993 305.08729392904104 -2.8870668638673618e-12)
(1369.2334955043316 301.27192730952339 -1.8932314440281094e-12)
(1335.6521682534014 291.97684173074475 -1.7051236252956048e-12)
(1297.5570076105562 279.72499743106067 -8.6190847545289829e-13)
(1258.1098350813863 267.21207068335849 -9.8813773479372835e-13)
(1223.3754659046883 255.63170762933777 -8.4351538770528982e-13)
(1185.7950865947257 243.59584701493102 -7.8362524938336295e-13)
(1145.1999287023934 232.66589905820433 -7.6985808927946868e-13)
(1106.5584146572755 222.03733957554581 -7.2549711619333512e-13)
(1065.5412057928299 211.20326375485385 -2.9028072852137281e-13)
(1025.2170137193696 201.53914356203222 -2.152396570698585e-13)
(986.12113011605641 192.61662119273225 -1.9832283321796711e-13)
(945.38744219383932 183.05706840250122 -2.170589571740196e-13)
(905.64292290976459 174.48284253926164 -3.663202190434428e-13)
(868.36396152465647 166.52620608836389 -3.9869953576306217e-13)
(831.23462635057001 158.95539083819739 -3.7411986807429184e-13)
(794.20528584975443 151.27312153439527 -3.5622561087843391e-13)
(759.28649317531631 144.45919929120802 -4.2158141191693714e-13)
(725.90831217043126 137.74794164904804 -3.8327116405490665e-13)
(693.20226819187428 131.59850555841169 -3.5523923335936178e-13)
(661.86065561631722 125.5337219218044 -3.3097915097168638e-13)
(632.31565060241007 120.01495852284553 -3.1673656519718284e-13)
(603.56702773822212 114.51178871972697 -2.6688603993271579e-13)
(576.17042928099545 109.6462208907019 -1.9616973057004419e-13)
(550.33269680339663 104.74881240484319 -1.6888125554094622e-13)
(525.61316510896711 100.28136679415992 -1.7040413859189926e-13)
(501.76762231723956 95.858192763960687 -1.9921884669251865e-13)
(479.42923189368634 91.934663413527304 -1.7821219546243139e-13)
(457.93167562436997 87.904187012899442 -1.5641328869690068e-13)
(436.41060141301648 84.163931449729148 -2.2241868271210625e-13)
(417.26702123248805 80.519199189980668 -2.3834092353869639e-13)
(397.76710021163217 77.271940990554086 -2.1228095354237906e-13)
(382.72601697036976 73.540779136624693 -1.8642684646814088e-13)
(379.01638013582414 66.376762995262453 -1.8991795582581378e-13)
(1798.7650958590268 -53.961696157089889 -4.5627298299138832e-12)
(1752.765221060738 84.411102485058095 -3.9620143739179941e-12)
(1678.0281909097898 187.52039790297101 -3.4344087218791342e-12)
(1602.6044971849844 242.21361288663377 -3.5107500681281702e-12)
(1535.7215098591582 278.34638019939678 -2.6606577819894407e-12)
(1469.6470205145674 305.75721595583542 -2.5267802094273625e-12)
(1417.9163034631094 311.29833477756262 -2.5998409043725778e-12)
(1381.7895490690069 305.5932673134032 -1.5718053583009686e-12)
(1346.7176033841058 294.90017082676718 -1.5438328641571525e-12)
(1308.3786419082498 282.69064315237961 -1.2263050438145151e-12)
(1272.0777361357559 271.36901855903659 -1.3643100897660862e-12)
(1236.4354135903122 260.01929193399013 -7.9050554330125612e-13)
(1195.9610953339416 248.0562820316554 -7.5045112113272196e-13)
(1155.3554769013656 237.64306936735869 -7.0607605102350363e-13)
(1117.5036323518357 227.20634778528893 -5.5149968776157521e-13)
(1075.8555020740289 216.76933936086527 -2.9446012782660541e-13)
(1033.7778365726856 206.94016222970279 -2.926530973935191e-13)
(994.40936662319655 197.87178510426659 -2.8921619525013948e-13)
(953.58701372179576 188.43897213125112 -2.4368543580955356e-13)
(913.3364105925765 179.9214906926542 -2.0528619038332073e-13)
(875.15426500060994 171.64552745445181 -4.4721742563415558e-13)
(838.07594426300398 163.95392178059006 -4.3742478716600412e-13)
(800.55432627451 156.16858625820763 -4.1994366514402544e-13)
(765.33012040457515 149.21167417980112 -3.964931366705297e-13)
(731.41679899713881 142.22022185689789 -3.2235875931492873e-13)
(698.61004005496204 135.92008166391452 -2.9073140100352903e-13)
(666.82690976654635 129.63828605134961 -2.4357254644623796e-13)
(637.11910604801733 123.92288047640805 -2.3399970468636403e-13)
(607.90576638628681 118.19570924473365 -2.5236677673193901e-13)
(580.53297780086655 113.17431971887478 -1.9658961708113838e-13)
(554.23310463919825 108.0227451030741 -1.7027983650851358e-13)
(529.43880873665069 103.39826858226587 -1.7178484454224535e-13)
(505.34065736891472 98.801084390938968 -1.8362210802568077e-13)
(483.06954369413143 94.730321696954462 -1.7800258356771903e-13)
(461.11481224739447 90.488038122244731 -1.9078690882473003e-13)
(439.62258029703969 86.624133168801308 -1.6159640073014358e-13)
(420.27875952051312 82.80922984751524 -1.3943614748614345e-13)
(400.31491235475607 79.410900794227231 -1.4730545047866078e-13)
(388.04613823898535 75.740268337624769 -1.4692872967221085e-13)
(386.83483287727933 66.737293370354934 -1.7048440520534322e-13)
(1813.7307610095427 -40.131220468927822 -3.5388464721956986e-12)
(1754.5631452364958 102.01385578299296 -3.2682260170103249e-12)
(1678.9948319418802 199.58605262818133 -2.8040405167966093e-12)
(1612.1229033195018 253.22981513380026 -2.9290750295893465e-12)
(1542.2074720709559 289.10130867066897 -1.1947755733547125e-12)
(1472.5801569187918 312.47047878893022 -1.0658791249823445e-12)
(1428.2461645522656 315.71500492093173 -1.3070676416939083e-12)
(1396.8712618341569 309.42448251909178 -7.9901737411571824e-13)
(1363.841211721576 298.87173973342959 -1.1624192473686046e-12)
(1325.4437066760738 287.08195433505836 -3.1886759008921997e-13)
(1287.7502312830859 275.88658117656411 -6.7817952086065975e-13)
(1250.7313313358015 264.62149282732076 -1.0406542306370554e-13)
(1209.4072569212863 253.17865457390903 -1.0453918421912661e-13)
(1169.9431874415479 243.37454863571114 -7.1207965821980695e-14)
(1130.2197741050134 232.70587228878514 9.4053127361432063e-15)
(1087.539678608714 222.414677731967 2.2775617152265382e-14)
(1045.4377813023682 212.75656033763994 -7.2981034568883569e-14)
(1005.3441200788451 203.53988622561567 -1.1264816731571898e-13)
(963.5205017672622 194.0161613768642 -1.5687843377744432e-13)
(924.05170376494129 185.67336193953417 -1.3499089725806667e-13)
(884.95954305369014 177.15820095676008 -3.7178469155935981e-13)
(846.78768963720108 169.15074672023403 -3.9537554553423578e-13)
(809.02215247430445 161.29507818644439 -3.6104010459929935e-13)
(774.36589448081804 154.29043196561938 -3.8149572089369101e-13)
(739.32571638815648 146.98258601138912 -2.7905436591722225e-13)
(706.35220803587038 140.50183811329254 -2.8827940625159546e-13)
(674.32667536907286 134.06043288141262 -2.7370752188154397e-13)
(644.67510565211819 128.16839751186473 -2.8804441110839209e-13)
(614.72203721323808 122.21029534087403 -2.7005671943977431e-13)
(587.60306519608889 117.03786241107169 -1.5917660284616414e-13)
(560.75649432666057 111.6781626629884 -1.5054430493137108e-13)
(536.21101485787517 106.93105226243932 -1.736537079186997e-13)
(511.6365557522177 102.14790179587622 -1.5080744652454945e-13)
(489.62861647287525 97.942836746538177 -1.3208270904527573e-13)
(467.10236049556056 93.522776646683567 -1.2977991478278128e-13)
(446.20983577273051 89.610053329522799 -1.2069949994214958e-13)
(426.06860931594741 85.562532025945359 -1.1207424571592305e-13)
(406.22237260203173 82.090351909333279 -1.1447143840147118e-13)
(397.88720615367606 78.543908705234699 -1.1536250292519462e-13)
(398.18637824463451 67.109253854518101 -1.3846756185258109e-13)
(1827.1542900023874 -26.577295689990208 -4.4185580828680473e-12)
(1765.7500041610606 117.94949383151474 -4.125582425908933e-12)
(1686.5022348443965 209.92027227676846 -3.8812648242103021e-12)
(1619.2336993464576 261.23160642164976 -3.8886371135429191e-12)
(1551.7542974950204 297.93544620533493 -2.0898969693823411e-12)
(1489.4820879362373 320.61703408912604 -1.9565217567928557e-12)
(1449.1863894307457 321.91128425623367 -1.7570527712903095e-12)
(1418.2536313205535 314.35030038891171 -1.3085115719728687e-12)
(1385.4713696603953 303.62784360189295 -1.772261755164326e-12)
(1347.0475003929851 292.33321069691999 -8.0208487285749199e-13)
(1309.2523427989295 281.5914816426058 -8.1644666550269734e-13)
(1270.6892762969812 270.4538514629815 -6.315626997860965e-13)
(1228.7124409131379 259.45039165647654 -6.4399856105111557e-13)
(1189.6406460453516 249.96786689134461 -4.3622818995606152e-13)
(1148.7373306262853 239.31976960880738 -5.6748429918972336e-13)
(1105.456383817937 229.22793210444715 -3.9329281079240911e-13)
(1062.7714819518226 219.53740815818986 -3.6329491510926038e-13)
(1022.2155019350687 210.27853995787618 -3.6682508671084794e-13)
(979.76133575151675 200.76470832846141 -2.1715249373198594e-13)
(940.44060668970792 192.37478860904511 -3.1532968986615762e-13)
(900.36631324305404 183.63483574754 -5.2381872865544467e-13)
(862.11965467843049 175.56501980494272 -5.1864205386838594e-13)
(823.93709633377568 167.57672787921882 -5.1573983823314131e-13)
(789.22499175928795 160.37031204948531 -8.0422913593257362e-13)
(753.41662798499669 152.87514224930024 -5.9123010569999644e-13)
(720.76811580295077 146.29603992471075 -5.8616217606695085e-13)
(688.20719701679968 139.63964262132433 -5.4743321626252437e-13)
(658.41746344771218 133.54038755033201 -5.0841405221357174e-13)
(627.8668917151914 127.40610602119553 -4.9776708267828024e-13)
(600.98013190779534 122.06500523696526 -3.2052942038727974e-13)
(573.49948780061129 116.50871115607947 -2.8110035764707831e-13)
(548.87646679546219 111.56593224334964 -2.48678396301119e-13)
(523.64876196116438 106.5884843727999 -2.6941347664609391e-13)
(501.54632636114098 102.17408798802202 -2.2687434037506729e-13)
(478.2971485971857 97.570403784612608 -2.1228288542106526e-13)
(457.21684392070023 93.432495176545231 -2.2437697733567749e-13)
(436.1937272064784 89.181572192310881 -1.9479278743666264e-13)
(416.02727170526504 85.509471947155532 -1.9584018930456055e-13)
(411.82288702974404 81.850121208054645 -1.9616289051024027e-13)
(415.41137245611696 67.800732048686385 -1.7555833062024434e-13)
(1850.0880577121659 -12.772920294601095 -6.5132533478738658e-12)
(1791.9516674624745 132.7572995867356 -5.9182865424659932e-12)
(1716.1594432553609 220.83017726600184 -5.32936427661096e-12)
(1648.5108007839467 272.56113862400628 -5.4524724375277621e-12)
(1579.3192559910435 310.9078159677353 -3.541695351797927e-12)
(1522.3854776782484 332.50281757649634 -3.2855493418726059e-12)
(1486.6734995432453 331.3701262073111 -3.0962925330831271e-12)
(1456.6002100728736 322.64746263351617 -2.638861587023523e-12)
(1423.7301229496773 311.81918640067244 -2.6741135217370603e-12)
(1384.9668010030543 301.02075775742139 -1.7681672437405366e-12)
(1347.3384481024116 290.72614416436301 -1.9161455230746801e-12)
(1307.1114545009666 279.76716135675036 -1.3110197313816151e-12)
(1264.6334832292744 269.14174147479588 -1.1908298314645805e-12)
(1226.5095022203827 260.08080134472033 -5.0538447277780622e-13)
(1183.4290867105401 249.29139206393214 -4.9488808520036775e-13)
(1139.3850224036275 239.30113522833679 -9.0330691657762055e-14)
(1095.6916760330662 229.50708220411397 -1.274662724866175e-13)
(1054.985211250131 220.24817221757218 -1.506960592078793e-13)
(1011.1107816164495 210.56862780864583 -1.5612928900411299e-13)
(971.33109886662578 201.97573787407092 -5.0579105189038902e-13)
(929.5069153659864 192.89293325126101 -6.6541884017322231e-13)
(890.94675901168171 184.66684713298591 -7.0716633972890805e-13)
(851.48288569277986 176.37870600955031 -7.1640799064265344e-13)
(815.97076613087552 168.81932489184356 -8.0191537939556178e-13)
(778.44892984368028 160.96350913116933 -5.7398136783674295e-13)
(745.13762934562328 154.05438547489425 -5.6009956213384935e-13)
(710.79984769719999 146.96116866363076 -5.8123316337278242e-13)
(679.78029223279248 140.43004733934569 -6.2667902159101336e-13)
(647.59969710561347 133.92530825783163 -6.2715807733025899e-13)
(619.53351754767823 128.12119622348661 -3.950576757092159e-13)
(590.17072124314097 122.13720159829609 -4.2182020327246588e-13)
(564.08142280130778 116.71328840503001 -4.014456294229498e-13)
(537.16363038410259 111.34784125192603 -3.8458983559949841e-13)
(513.52571805326431 106.43052297942083 -3.2566114216955724e-13)
(488.6205450716871 101.46218263061874 -3.4388896432924749e-13)
(465.94069718062235 96.806715879275998 -4.061959165743512e-13)
(443.27544398890683 92.21651136797243 -3.9333869823357006e-13)
(421.30456239651949 88.015773263324647 -3.8104829215982737e-13)
(418.68128380088132 83.457871880947593 -3.678660525479692e-13)
(433.4378524668046 67.547878892838071 -3.2332133160487188e-13)
(1906.3262299732983 2.5021545086421488 -8.6063846105633389e-12)
(1849.4617262020606 152.36515126171051 -7.9702059281957972e-12)
(1774.6190327296524 236.56493893385777 -7.3449469494174596e-12)
(1705.0089383340469 289.12608962457364 -7.8593297769838611e-12)
(1634.8049867957748 330.5307796281748 -6.3935602961313484e-12)
(1582.9353431324444 350.50052447335077 -6.0658617615816082e-12)
(1551.9778820726317 346.33342908586036 -5.5577481536776559e-12)
(1524.9584244232174 337.01065885523559 -4.8828773016330908e-12)
(1490.7862873290319 326.1263706704612 -4.5605552682785814e-12)
(1453.2729027853666 316.20410031787316 -3.4662622649967897e-12)
(1413.5748605466829 305.90418778660165 -3.6483059712780979e-12)
(1372.6367460504623 295.35171210598253 -2.6233580760956625e-12)
(1328.4365616690384 284.90257451124489 -2.4099048343733046e-12)
(1288.3535451653179 275.52481805353648 -1.9053130124370767e-12)
(1239.4185436395951 263.93382558782127 -1.8079568857579184e-12)
(1193.7916536662419 253.74527534268242 -1.4072272671990593e-12)
(1146.6257099361576 243.36203870958479 -1.2663806421447014e-12)
(1102.74535328702 233.38908528133035 -1.5420571315621453e-12)
(1054.2410377282711 222.90844048019994 -1.5437562239374549e-12)
(1011.3434088911466 213.49012037321216 -1.669900692797514e-12)
(964.98135614834041 203.53669509650695 -1.8067222624504123e-12)
(923.17530849034745 194.47811558358543 -1.7675539464492849e-12)
(879.38217995248851 185.29237255932492 -1.6292832268045585e-12)
(840.05114923284304 176.72660601289655 -1.7211470329227362e-12)
(798.45066311283688 168.05198632357906 -1.4826270280325316e-12)
(761.69229193489105 160.20206495773519 -1.3916254763127435e-12)
(723.55374981206887 152.28686805277491 -1.3088473255362716e-12)
(689.13651809486191 144.86147973007124 -1.208141942307804e-12)
(653.9858236238465 137.71846243633593 -1.0768655217285765e-12)
(622.79436888240275 131.0445050379308 -8.5530692501213877e-13)
(590.85765253279646 124.4995105407464 -8.0326494239340964e-13)
(562.09131488439823 118.34483571499901 -7.6618320905645934e-13)
(533.30996694860448 112.55007848436881 -7.1385461559828291e-13)
(507.29968768702219 106.97317302899576 -6.5900675873001741e-13)
(481.10559718656447 101.70208696157042 -6.1820931049221703e-13)
(456.34439058941109 96.43584736584819 -5.8533241368558637e-13)
(432.87820097915829 91.67756743668825 -5.5839329949385694e-13)
(408.65567015480696 86.872471607252621 -5.330087981956016e-13)
(405.33226336870831 80.834526542655667 -5.1005081370485429e-13)
(438.88204963254918 64.009106406328229 -4.8753532299512057e-13)
(2002.5851491343717 21.336385131630962 -1.2338225883740138e-11)
(1932.2137172866599 177.47673975487459 -1.0782495879470431e-11)
(1880.936095377155 257.72838520286035 -9.9961209344965005e-12)
(1772.5994537168349 308.97182082652671 -1.0063644070220379e-11)
(1715.9907453785156 355.33158838548292 -8.3558583108574961e-12)
(1666.1099600723774 373.04916164346378 -7.713880118548479e-12)
(1639.7180733133621 365.53676982041696 -7.3079459133251933e-12)
(1612.1293634960496 355.17938162607072 -6.7304741359370431e-12)
(1572.5134307599963 343.75197404081536 -6.3802656285538996e-12)
(1529.8031015892129 333.3222743771239 -5.6485541820305111e-12)
(1478.8703280521929 321.22245080920715 -5.4577656696316762e-12)
(1428.4395645806355 309.11240625186684 -4.7660132599732198e-12)
(1375.8939710887066 297.42629735582295 -4.335541349797505e-12)
(1326.224110157948 285.95770979635392 -4.0326659671717102e-12)
(1268.7880810325787 273.0615078010407 -3.8101491463192787e-12)
(1215.8574084811082 261.31285474974908 -3.4354586564807998e-12)
(1161.122368530326 249.48195990357499 -3.2315654635181769e-12)
(1109.420027347008 237.74815729068109 -3.4685433861728158e-12)
(1054.523888191899 226.09399735443199 -3.0781317531752399e-12)
(1004.8045435507738 215.03800242465647 -2.8147489781621933e-12)
(953.33490833536644 204.10005949933441 -2.8821345825307664e-12)
(906.27986923608501 193.73996709230016 -2.6754670964573761e-12)
(858.35090882426312 183.7036859955308 -2.4395802975826759e-12)
(814.59640121465543 174.00661852358942 -2.4975734692179678e-12)
(770.66157237371374 164.85571190677257 -1.946213380928254e-12)
(730.41995068960284 156.06644608159138 -1.7854954642572578e-12)
(690.5254205234545 147.75343588384371 -1.6395003731895341e-12)
(653.87735633391776 139.69427489596745 -1.5445309321159935e-12)
(618.20333248170425 132.38941352447469 -1.3954906034733806e-12)
(585.10165119320254 125.15392654056367 -1.2679547492935249e-12)
(553.10593817654296 118.54912804742767 -1.1587770042153469e-12)
(523.4671007253761 112.0824557637841 -1.0758069147258532e-12)
(495.16035232928465 106.32060568441841 -9.4460311252748155e-13)
(468.66526836560109 100.5520602439065 -8.2810866490374771e-13)
(443.31549967144696 95.406207392744619 -7.6256788061577778e-13)
(418.46462791516683 90.014495623330887 -7.2034298304685787e-13)
(396.66175571878227 85.649779415049466 -6.8112642860021183e-13)
(371.41502600752221 80.538318061738067 -6.1751817014672398e-13)
(370.08452623617086 73.773058043293034 -6.0263211645759761e-13)
(419.44885191087684 56.60454405714021 -6.313834922233804e-13)
(2177.9081935886884 16.749861194298472 -1.2457162610109028e-11)
(2098.1850677256125 188.3423311881651 -1.1126646626563712e-11)
(2003.2743642474966 271.94446802228873 -1.0098623269108671e-11)
(1875.4662590565306 325.41966741562885 -9.1010514112252229e-12)
(1780.094560314335 365.98513782407366 -6.3796065464585964e-12)
(1704.2057217002566 380.90129324489379 -6.2330340856347389e-12)
(1645.3256918119625 366.68758564295877 -5.9357423208843964e-12)
(1586.7233625651272 349.15191912064944 -5.4202182920388332e-12)
(1517.6950841275816 331.34115488926466 -5.1140899345245571e-12)
(1446.3302777789156 314.84049185642084 -4.9029000583208223e-12)
(1375.2713518560179 298.68468228171201 -5.1794494023311256e-12)
(1306.6598079886421 282.82767934601509 -4.7379979457630491e-12)
(1242.0956085889018 268.824722592152 -4.4263549338098981e-12)
(1177.6433961569749 254.09656668645289 -3.8165702449946973e-12)
(1115.116993700896 240.40538801220464 -3.5186346154615398e-12)
(1055.0246604410979 227.12472325437022 -2.6946089547069386e-12)
(997.66562312009989 214.85536327014205 -2.5562624596291179e-12)
(941.21996517802188 202.08309073322226 -2.3737949115761093e-12)
(888.2946073085775 191.00151557672558 -2.1854089814355305e-12)
(837.06708709551322 179.58085786079153 -2.2827628258629641e-12)
(788.97167613959971 169.46942116530431 -2.4441615392911627e-12)
(742.54590837027899 159.19556870156325 -2.2752786913333856e-12)
(699.33431000898668 150.23053147044871 -2.1192938361866235e-12)
(657.41768031672643 140.88845260858653 -2.2321540680486886e-12)
(618.76138200444154 132.9096632224466 -1.8184179037946618e-12)
(581.55892522642569 124.7289950792028 -1.60825182274048e-12)
(547.09935851404316 117.59686390636274 -1.4494560589578031e-12)
(513.91286153321892 110.25444001187647 -1.3143120892218048e-12)
(483.64929975499405 104.09644086928125 -1.2480848580649728e-12)
(454.42911608139894 97.676513313001863 -1.1580638363742613e-12)
(427.60773936299103 92.170748105418383 -1.0298700614296099e-12)
(401.85783637641811 86.52503128281684 -9.42036797208007e-13)
(378.46440047628761 81.791921731118549 -8.7003343407895279e-13)
(355.88826391874096 76.874894163843024 -7.9139303847971492e-13)
(335.06089581310169 72.682858820766839 -7.1076709339360415e-13)
(314.47139558423186 68.198565653810874 -6.5992423454978724e-13)
(295.77111475888654 64.568864575953597 -5.8711638718235604e-13)
(277.34915663423806 60.629285699564903 -5.1256901077046363e-13)
(283.57030805842783 56.69306301207282 -4.9851088398384966e-13)
(339.57717315959019 46.427700275697191 -6.0284497526286292e-13)
)
;

boundaryField
{
    inlet
    {
        type            calculated;
        value           uniform (0 0 0);
    }
    outlet
    {
        type            calculated;
        value           uniform (0 0 0);
    }
    fluid_to_graphite
    {
        type            calculated;
        value           uniform (0 0 0);
    }
    wedgeBack
    {
        type            wedge;
    }
    wedgeFront
    {
        type            wedge;
    }
    defaultFaces
    {
        type            empty;
    }
}


                                                                               
