x_m,cpu_pressure_pa,cpu_mach,tadmor_pressure_pa,tadmor_mach,kurganov_pressure_pa,kurganov_mach,hlle_pressure_pa,hlle_mach,hllc_pressure_pa,hllc_mach,roe_pressure_pa,roe_mach,hllem_pressure_pa,hllem_mach,hllc_adc_pressure_pa,hllc_adc_mach,slau2_pressure_pa,slau2_mach,slau2_2_pressure_pa,slau2_2_mach
1e-06,4479014.25565,0.178075659451614,4467597.9847364,0.0774835238627593,4467737.4657526,0.0769558247925731,4467740.052091,0.0769558201949115,4467953.1565647,0.073430874564592,4468005.7006252,0.0732808719472608,4467935.7368911,0.0735332918176557,4467953.2889767,0.0734356142145836,4466488.1994012,0.0805976846467396,4466478.2037152,0.0806326531240279
0.000822278557114,4479016.94325,0.178072183244852,4464702.3693345,0.0775020552769357,4464875.3569272,0.0769733251305147,4464878.0712079,0.0769733219695146,4465030.4630322,0.0733400618277704,4465096.7064999,0.0731918030326779,4465008.498778,0.0734442869513592,4465030.3583193,0.0733447545020067,4463227.0842032,0.0805985395720394,4463214.3188383,0.0806335441797261
0.00164355711423,4479021.92205,0.178066676056291,4463287.0923391,0.0775314826584141,4463473.1231712,0.0770014195055317,4463475.9077825,0.0770014177826003,4463504.9836252,0.0731937243622555,4463578.409092,0.0730482407761215,4463480.8252143,0.0733007841518996,4463504.8054877,0.0731983450077958,4461535.6843409,0.0806042748848422,4461521.4659084,0.0806393136438228
0.00246483567134,4479029.39043,0.178058963201291,4463478.5568753,0.0775727481189458,4463655.41621,0.0770410248021474,4463658.2086106,0.0770410245169098,4463496.0785383,0.0729871029578172,4463569.6113912,0.072845514352256,4463472.276395,0.0730981121915073,4463496.0047155,0.0729916243930309,4461547.9932918,0.080615328235826,4461533.7509157,0.0806503989462013
0.00328611422846,4479038.37149,0.178050882229408,4463675.8174609,0.0776405777576543,4463840.8253014,0.0771071037999755,4463843.6181276,0.0771071035758446,4463546.994286,0.0727568682998609,4463619.9303111,0.0726197566179716,4463522.9007087,0.0728724217065947,4463547.0662233,0.0727613113653467,4461540.0862829,0.080650128352747,4461525.8494538,0.0806852294627881
0.00410739278557,4479047.00757,0.178043114563351,4463874.5553605,0.0777233112941822,4464027.8953609,0.0771878284781274,4464030.6882873,0.0771878282534251,4463611.4321459,0.07252125343996,4463683.6176486,0.0723888504289539,4463586.9121521,0.0726415942836145,4463611.6731894,0.0725256337297601,4461530.7270675,0.0806943783937854,4461516.4735292,0.080729510009256
0.00492867134269,4479055.10909,0.178035773959238,4464074.8748258,0.0778238477450444,4464216.9396595,0.077286026441801,4464219.7326876,0.0772860262157611,4463689.9509249,0.0722800244525195,4463761.227257,0.0721525971749657,4463664.8668463,0.0724054340061653,4463690.389031,0.0722843610028416,4461520.6352641,0.0807495270327966,4461506.3344828,0.0807846893190462
0.0057499498998,4479062.74465,0.178028551130904,4464276.0747242,0.0779561134700195,4464407.687997,0.0774155494649435,4464410.4811283,0.0774155492363025,4463777.2963298,0.0720350482831369,4463847.5105534,0.0719130076200561,4463751.5033465,0.0721659689933208,4463777.8963032,0.0720393869932388,4461496.9919971,0.0808251943683356,4461482.702599,0.0808603923398929
0.00657122845691,4479070.43828,0.1780211679143,4464476.5616497,0.0781062181154775,4464598.1585934,0.0775627792950607,4464600.9518282,0.0775627790631493,4463866.366699,0.0717889278271683,4463935.4708475,0.0716724913573284,4463839.8162017,0.0719255960287685,4463867.1141788,0.071793291717183,4461472.0386781,0.0809131621051975,4461457.719451,0.0809483853000993
0.00739250701403,4479078.29124,0.178013517444076,4464675.8073859,0.0782793951806702,4464787.943582,0.0777329357828292,4464790.7369205,0.0777329355467884,4463956.8144097,0.0715415789482832,4464024.7565531,0.0714310245623699,4463929.4522516,0.0716842970608748,4463957.6924571,0.0715459969868619,4461447.069017,0.0810172495941956,4461432.6468406,0.0810524808775257
0.00821378557114,4479086.64273,0.178005313422841,4464868.3468424,0.0784879879579409,4464971.6903849,0.0779385143523717,4464974.4838251,0.0779385141111972,4464046.5017534,0.0712926640812209,4464113.1980291,0.0711884070960579,4464018.2385177,0.0714418863049433,4464047.4964253,0.0712971690905934,4461393.0113317,0.0811353767033985,4461378.6617179,0.0811706363353616
0.00903506412826,4479095.69498,0.177997670702588,4465133.953046,0.0787298176439039,4465227.6862047,0.0781772302031052,4465230.47979,0.0781772299559454,4464148.7536936,0.0710469776928515,4464215.1504523,0.0709493903767249,4464120.5495101,0.0712030998337083,4464149.8673817,0.0710515920371025,4461350.7341769,0.0812697255228061,4461336.3936663,0.0813050238439497
0.00985634268537,4479105.92522,0.177991242734607,4465539.1148673,0.0790241682282608,4465621.5072394,0.0784682772917974,4465624.3010523,0.0784682770373302,4464274.8898202,0.0708078169826684,4464342.7938183,0.0707174823431221,4464248.5789633,0.0709714553200975,4464276.1312311,0.0708125733672563,4461339.0168579,0.0814306656175277,4461324.5149344,0.0814660161032524
0.0106776212425,4479110.0188,0.177991555908064,4465841.3500614,0.0793061794933597,4465905.8619815,0.0787493261096516,4465908.6559579,0.0787493258483035,4464500.3500926,0.0706696041489733,4464569.1279005,0.070585353660391,4464475.0666267,0.0708395328391708,4464501.655707,0.0706744830194993,4461308.9012608,0.081614547276541,4461294.3666683,0.0816498337517545
0.0114988997996,4479112.80751,0.177993300326441,4466121.5866855,0.0795855765046942,4466166.8267961,0.0790282585669271,4466169.6209222,0.0790282582987861,4464746.9395379,0.0705528135391391,4464816.4543099,0.0704743994555872,4464722.497193,0.0707287726639012,4464748.2957912,0.0705578107572945,4461274.7947373,0.0818033071046346,4461260.2553846,0.0818385049135789
0.0123201783567,4479112.44508,0.17799800615985,4466336.8247582,0.0798893562890755,4466362.9690309,0.0793316644563056,4466365.7632682,0.0793316641809613,4465038.231106,0.0704764815639672,4465107.7069415,0.0704041915180786,4465013.850205,0.0706587695771009,4465039.6321789,0.0704816071716952,4461215.9305058,0.0820153271950071,4461201.4099827,0.0820504562011349
0.0131414569138,4479107.0878,0.178007406542457,4466449.1342291,0.0802317871582915,4466456.4884527,0.0796738599849935,4466459.2827401,0.0796738597017978,4465400.207553,0.070464354752112,4465468.417195,0.0703986446150694,4465374.6553363,0.0706534447437309,4465401.644461,0.0704696246749237,4461117.9485088,0.0822641816197456,4461103.4828072,0.0822992736196014
0.0139627354709,4479101.73052,0.178016806856662,4466561.4437,0.0805742204274129,4466550.0078744,0.0800160581702873,4466552.802212,0.0800160578792358,4465762.184,0.0704522284214937,4465829.1274485,0.0703930979978272,4465735.4604676,0.0706481201896457,4465763.656743,0.0704576426548108,4461019.9665119,0.0825130335250319,4461005.5556316,0.082548088520809
0.0147840140281,4479090.83325,0.178030682106607,4466634.5019017,0.080958906076448,4466614.8402647,0.0803987178825774,4466617.6346366,0.0803987175833207,4466061.9123755,0.0705659522390273,4466127.9392883,0.0705140041321023,4466034.4458727,0.0707693584344687,4466063.4793084,0.0705715502350999,4460919.3421101,0.0827971767067418,4460904.828099,0.0828322200940665
0.0156052925852,4479079.63414,0.178044800424737,4466705.426657,0.0813458970096055,4466678.1100437,0.0807835863376143,4466680.904449,0.0807835860301276,4466358.2336346,0.0706865310836875,4466423.3630398,0.0706417980236236,4466330.0473307,0.0708974904628063,4466359.8978806,0.0706923149977647,4460818.5474414,0.0830832513464589,4460803.9221449,0.0831182843776541
0.0164265711423,4479066.8112,0.178060020152265,4466760.5269422,0.0817539267347102,4466726.2972078,0.0811894492480287,4466729.0916378,0.081189448932242,4466604.1688768,0.070869715508486,4466668.4564091,0.0708326399393916,4466575.2673443,0.0710887611185775,4466605.9213328,0.0708757167549105,4460702.8509631,0.0833932872340343,4460688.1787045,0.0834282899952513
0.0172478496994,4479052.43026,0.178076297039915,4466800.4193543,0.0821821759519961,4466759.9884661,0.0816154892243016,4466762.7829126,0.081615488900145,4466801.6733682,0.0711130551315743,4466865.1722757,0.0710840623661525,4466772.0608644,0.0713406993666201,4466803.505309,0.071119303919272,4460572.8544334,0.0837263411989434,4460558.196491,0.0837612947334034
0.0180691282565,4479037.98109,0.17809267590005,4466838.0708222,0.0826132483432074,4466791.4717406,0.0820443568695767,4466794.2662021,0.0820443565370461,4466991.85483,0.0713638003802868,4467054.5759323,0.0713429670205717,4466961.5385728,0.0716001361618332,4466993.7621073,0.0713703011990009,4460441.5864176,0.0840623100140724,4460426.9362016,0.0840972168562943
0.0188904068136,4479022.64474,0.178110383194599,4466846.6416461,0.0830808806154034,4466794.3015828,0.0825098407277714,4466797.096043,0.0825098403868698,4467087.0435836,0.0717106298198878,4467149.1291742,0.0716989529113828,4467056.1189176,0.0719568663097761,4467088.9718973,0.0717174407588106,4460293.7545695,0.0844361553361238,4460279.0287949,0.0844710476042918
0.0197116853707,4479007.3084,0.178128090370136,4466855.21247,0.0835485201065018,4466797.131425,0.0829753319950613,4466799.9258839,0.0829753316457836,4467182.2323372,0.0720574518598296,4467243.6824161,0.0720549312209958,4467150.6992624,0.0723135888854158,4467184.1816873,0.0720645729524856,4460145.9227214,0.0848099978551942,4460131.1213882,0.0848448755524401
0.0205329639279,4478990.81947,0.178147329546739,4466843.5658533,0.0840397453909341,4466779.9842308,0.083464429044981,4466782.7786768,0.0834644286874409,4467220.5018759,0.0724568188124243,4467281.8216711,0.0724639299707502,4467188.7064633,0.0727234980861429,4467222.4320164,0.0724642832885149,4459983.742076,0.0852098272574538,4459968.8874137,0.0852446882210423
0.021354242485,4478973.66223,0.178167456634317,4466820.2059725,0.0845446387018311,4466751.2630362,0.0839672057893791,4466754.0574625,0.0839672054236386,4467225.8024519,0.072886615981894,4467287.2850089,0.0729036340000595,4467193.9453903,0.0731642088691518,4467227.6901154,0.0728944431328025,4459813.2516516,0.0856247090153807,4459798.3563948,0.0856595520443817
0.0221755210421,4478955.94953,0.178188228405856,4466790.5600791,0.0850563425806022,4466716.3235582,0.084476792212964,4466719.1179614,0.0844767918390809,4467216.9300795,0.073329135237551,4467278.763819,0.0733560765961573,4467185.112201,0.0736176986351539,4467218.765912,0.0733373335090059,4459638.7995472,0.0860470232634526,4459623.8559147,0.0860818530968218
0.0229967995992,4478935.93955,0.178211666748862,4466734.9291297,0.0855961691887904,4466655.6789616,0.0850144969706439,4466658.4733263,0.0850144965888818,4467149.4946048,0.0738242466106585,4467212.4577806,0.0738611793231425,4467118.1320181,0.0741240153072432,4467151.2398226,0.0738328507048299,4459447.9668053,0.0865000690070044,4459432.9428909,0.0865349051372463
0.0238180781563,4478915.92957,0.178235104942038,4466679.2981803,0.0861360067001359,4466595.0343649,0.0855522128763675,4466597.8286913,0.0855522124867186,4467082.0591301,0.0743193506431103,4467146.1517423,0.0743662745662519,4467051.1518352,0.0746303244798959,4467083.7137332,0.074328360656402,4459257.1340634,0.0869531121932091,4459242.0298672,0.086987954624247
0.0246393567134,4478893.23961,0.178261569321349,4466599.3047299,0.0867004703864234,4466510.2665773,0.086114524266532,4466513.0608511,0.086114523869326,4466971.6407462,0.0748534116377642,4467037.1252308,0.0749101771718283,4466941.3176991,0.0751755639655075,4466973.1737375,0.0748628529809511,4459050.4706222,0.0874337049183152,4459035.2854876,0.0874685624268717
0.0254606352705,4478869.68638,0.178289008323111,4466511.4657148,0.0872728728830024,4466417.7302795,0.0866847647574822,4466420.5244961,0.0866847643528207,4466847.3855621,0.0754000093813186,4466914.346143,0.0754665683073771,4466817.6882202,0.0757333315345773,4466848.7869947,0.0754098903291584,4458838.7096919,0.0879231671844708,4458823.4433691,0.0879580426131792
0.0262819138277,4478844.79899,0.178317959659555,4466413.5275554,0.087854909150822,4466315.1854031,0.0872646162158896,4466317.9795565,0.0872646158039344,4466709.0384743,0.075959724828601,4466777.4924965,0.0760359931845756,4466679.9507169,0.0763041924579277,4466710.2952299,0.0759700531148386,4458620.527039,0.0884234989900936,4458605.172349,0.0884583985500952
0.0271031923848,4478817.05002,0.178350155082897,4466293.9333799,0.0884575886849792,4466191.1786944,0.0878650617204065,4466193.9727718,0.0878650613015103,4466540.4819804,0.0765475705490156,4466610.4668188,0.0766333682558507,4466511.96902,0.0769031316178434,4466541.5658428,0.0765583626155924,4458388.573511,0.0889471406007732,4458373.1151121,0.0889820775891093
0.0279244709419,4478789.30105,0.178382350313857,4466174.3392044,0.0890602830422452,4466067.1719856,0.0884655223361419,4466069.965987,0.0884655219102953,4466371.9254866,0.0771354101466398,4466443.4411411,0.0772307371022065,4466343.9873231,0.0775020646662495,4466372.8364557,0.0771466661491692,4458156.619983,0.0894707802202846,4458141.0578752,0.0895057546418462
0.028745749499,4478757.1486,0.178419548499918,4466027.484466,0.0896877518648425,4465916.1324917,0.0890906699758349,4465918.9264008,0.0890906695435427,4466172.3762528,0.0777532344611656,4466245.5862724,0.0778578287648344,4466144.8226678,0.0781308517772254,4466173.0785971,0.0777649688048362,4457907.0571341,0.0900228237080726,4457891.3808655,0.090057849066552
0.0295670280561,4478724.39335,0.178457431298105,4465876.9001461,0.0903186244172423,4465761.3945741,0.0897192096377494,4465764.1883887,0.089719209199072,4465968.5889684,0.0783751548142085,4466043.5157491,0.0784889804413864,4465941.393909,0.0787637170061472,4465969.0778303,0.0783873696299867,4457655.0850934,0.0905787515302367,4457639.2932215,0.0906138296815377
0.0303883066132,4478688.98671,0.178498319440391,4465713.0722951,0.0909611207422106,4465593.517853,0.0903593197928461,4465596.3115651,0.0903593193480494,4465752.0531684,0.0790099705225341,4465828.7498727,0.079132901625376,4465725.178645,0.0794093794999149,4465752.321132,0.0790226716407783,4457394.4405478,0.0911481427596845,4457378.5253698,0.0911832809167022
0.0312095851703,4478650.22211,0.178543013936872,4465532.4758688,0.0916183311948733,4465409.0051517,0.0910140765286121,4465411.7987512,0.0910140760780312,4465519.3781503,0.0796611140517014,4465597.9119718,0.0797929914366805,4465492.7762809,0.0800712454911356,4465519.4157938,0.0796743088169278,4457122.814816,0.0917345813429642,4457106.7665961,0.0917697886318213
0.0320308637275,4478611.43714,0.178587731214904,4465351.7957881,0.0922756321660069,4465224.4094236,0.0916689237108248,4465227.2029105,0.0916689232544405,4465286.6312705,0.080312328542584,4465367.0023013,0.080453151273734,4465260.3023293,0.0807331816787075,4465286.4385215,0.0803260171947941,4456851.1328389,0.0923211027646026,4456834.9515461,0.0923563792342727
0.0328521422846,4478565.47789,0.17864054112466,4465142.2786332,0.0929576442668275,4465011.1914687,0.092348346027113,4465013.9848256,0.0923483455655434,4465029.3754547,0.0809895162672772,4465111.6169443,0.0811389872804723,4465003.4169026,0.0814208825148087,4465028.9312972,0.0810037118915737,4456559.9937329,0.0929365558800808,4456543.666894,0.0929719172198349
0.0336734208417,4478519.51864,0.178693350760888,4464932.7614782,0.0936396770812351,4464797.9735139,0.0930277893866162,4464800.7667406,0.0930277889198526,4464772.1196389,0.0816666997835756,4464856.2315874,0.0818248192272432,4464746.5314759,0.0821085791152101,4464771.4240729,0.0816814026062858,4456268.8546268,0.093552008350286,4456252.382242,0.0935874545667914
0.0344946993988,4478468.72912,0.178751578289788,4464707.5467163,0.0943350236362907,4464569.1646893,0.0937204648158408,4464571.9577763,0.0937204643442166,4464502.5542054,0.0823574712949711,4464588.6327565,0.0825240561933538,4464477.3254974,0.0828097593313421,4464501.590781,0.0823726878578097,4455966.7726634,0.0941831415384114,4455950.1420496,0.0942186789740226
0.0353159779559,4478414.21241,0.178813986413757,4464470.2221336,0.0950406471645072,4464328.3283744,0.0944233542907217,4464331.1213144,0.0944233538145014,4464223.4931551,0.0830587244488036,4464311.6126148,0.0832336336027505,4464198.6153331,0.0835213408409666,4464222.2491522,0.0830744598579066,4455656.2486017,0.0948263718872217,4455639.4499731,0.0948620054296572
0.036137256513,4478358.42269,0.178877813281906,4464229.522998,0.0957491508664456,4464084.1372942,0.0951291056253859,4464086.9300851,0.0951291051446282,4463941.8880656,0.0837628688098642,4464032.0689654,0.083946063216608,4463917.3512432,0.0842357863186975,4463940.3607451,0.0837791244612389,4455343.2712877,0.0954729853117596,4455326.3052338,0.0955087169298955
0.0369585350701,4478293.80842,0.17895147617167,4463965.4436883,0.0964774766460899,4463816.703068,0.0958545501326979,4463819.4956954,0.0958545496479275,4463642.658221,0.0844870663173909,4463735.0421881,0.0846782753020623,4463618.3942212,0.0849700947623574,4463640.8287667,0.0845038504601985,4455013.2944821,0.0961430385169076,4454996.165219,0.096178881856016
0.0377798136273,4478229.19416,0.179025138742294,4463701.3643786,0.0972058269547554,4463549.2688418,0.0965800195170187,4463552.0613058,0.0965800190282136,4463343.4283764,0.0852112608471648,4463438.0154108,0.0854104842179625,4463319.4371991,0.0857044003640979,4463341.2967883,0.0852285737490432,4454683.3176766,0.096813092202885,4454666.0252042,0.0968490472680484
0.0386010921844,4478156.45404,0.179107799994535,4463419.5213861,0.0979493848860272,4463264.1531903,0.0973205965764691,4463266.9454799,0.0973205960840247,4463030.9325911,0.0859508764970291,4463127.7773343,0.0861579211165316,4463007.2406465,0.0864539701476957,4463028.4865239,0.0859687249271981,4454339.8100174,0.0975011255164898,4454322.3202437,0.097537198981159
0.0394223707415,4478080.02366,0.179194547755146,4463129.6132488,0.0986998625503956,4462971.0097256,0.0980680481875949,4462973.8018358,0.0980680476916631,4462712.4136633,0.0866974928353373,4462811.5409712,0.0869122709729657,4462689.0329824,0.0872104692871492,4462709.6474845,0.0867158800250036,4453990.1586897,0.0981973230818325,4453972.4560646,0.0982335179663543
0.0402436492986,4478000.17481,0.179285054772641,4462833.4514166,0.0994557992404986,4462671.632193,0.098820924216359,4462674.42412,0.0988209237170654,4462389.1504023,0.0874496764734166,4462490.5839589,0.0876721195321601,4462366.0763924,0.0879724854912167,4462386.0582318,0.0874686051397598,4453635.5349531,0.0988999225381712,4453617.6286591,0.0989362406785057
0.0410649278557,4477910.03285,0.179386881418285,4462518.4645869,0.100228117367958,4462353.4886961,0.0995900767971664,4462356.2804281,0.0995900762949045,4462051.6051628,0.0882186247917589,4462155.4161754,0.0884485266481784,4462028.8237531,0.0887511153395042,4462048.169362,0.0882381025634884,4453265.9420634,0.0996217911979112,4453247.8601457,0.0996582381412285
0.0418862064128,4477819.89089,0.179488707732827,4462203.4777572,0.101000463777098,4462035.3451992,0.100359258026397,4462038.1367363,0.100359257521152,4461714.0599234,0.0889875714307646,4461820.2483919,0.0892249321885728,4461691.5711138,0.0895297435225832,4461710.2804923,0.0890075986143469,4452896.3491738,0.100343661686128,4452878.0916323,0.10038023744197
0.0427074849699,4477716.95234,0.179604505321313,4461868.5916269,0.101790485424076,4461697.3309807,0.101146007815334,4461700.1223105,0.101146007307499,4461360.9784085,0.0897748089955387,4461469.63039,0.0900193972567673,4461338.7591372,0.0903265005948383,4461356.8367896,0.0897953937854112,4452510.1480373,0.101086201410069,4452491.656079,0.101122918269146
0.0435287635271,4477611.03028,0.179723560066066,4461529.0674117,0.102584650342548,4461354.685322,0.101936876305677,4461357.4764416,0.101936875795344,4461004.27548,0.0905663094177823,4461115.4110694,0.0908180713267646,4460982.3204401,0.0911274828691796,4460999.7673293,0.0905874539745277,4452120.0755068,0.101833561213486,4452101.3352226,0.1018704220423
0.0443500420842,4477498.39787,0.179849884224892,4461180.5172576,0.103387030222436,4461003.0100958,0.102735914701588,4461005.8009997,0.102735914188894,4460640.210709,0.0913663750986889,4460753.8719812,0.0916252046345265,4460618.5079568,0.0919369542599466,4460635.3277642,0.0913880832514333,4451722.1811057,0.102590400597515,4451703.2105701,0.102627405740848
0.0451713206413,4477374.46402,0.179988451391455,4460816.7684763,0.104203224209395,4460636.1300953,0.103548691094434,4460638.9207739,0.103548690579678,4460263.7486282,0.0921808654786214,4460380.0063649,0.0924465839964279,4460242.2778958,0.0927607220896549,4460258.4770187,0.0922031434715568,4451311.1151553,0.103363201014407,4451291.9454495,0.103400351036568
0.0459925991984,4477250.53017,0.180127018302898,4460453.0196951,0.105019450261023,4460269.2500948,0.10436149994405,4460272.040548,0.104361499427219,4459887.2865474,0.0929953557738009,4460006.1407486,0.0932679633071152,4459866.0478349,0.0935844900308661,4459881.6262731,0.0930182039520638,4450900.0492049,0.104136004960366,4450880.6803288,0.104173299872143
0.0468138777555,4477107.54453,0.180286047900522,4460066.710308,0.105856617448594,4459879.757468,0.105195147004555,4459882.5476819,0.105195146486017,4459491.9075744,0.0938318749192719,4459613.4546308,0.0941111115358496,4459470.8910313,0.0944300930134866,4459485.8399121,0.0938553023677959,4450468.5803312,0.104932782469593,4450448.9421417,0.104970238074763
0.0476351563126,4476963.21641,0.180446519241461,4459678.8121289,0.106695291211817,4459488.6723708,0.106030293776999,4459491.4623443,0.106030293256765,4459095.1963825,0.09466994609438,4459219.4431032,0.0949557934989833,4459074.4013915,0.0952772345434282,4459088.7199982,0.0946939537677236,4450035.6741945,0.105731252916541,4450015.7614127,0.105768870353633
0.0484564348697,4476807.53835,0.180619092830964,4459278.8587385,0.107545390382811,4459085.4814011,0.106876817576344,4459088.2711266,0.106876817054597,4458687.8434881,0.0955200914645999,4458814.8384434,0.0958124120212809,4458667.2719961,0.0961363519877458,4458680.9427689,0.0955446848543603,4449591.5600149,0.106542596374286,4449571.3941007,0.106580374756008
0.0492777134269,4476640.31779,0.180803973949976,4458866.6471332,0.10840710852526,4458669.9806739,0.107734911168291,4458672.7701437,0.107734910645214,4458269.6684154,0.096382515568034,4458399.4609471,0.0966811693311628,4458249.3222759,0.0970076482459137,4458262.3275007,0.0964077002779231,4449136.049091,0.1073670299325,4449115.6526543,0.107404968306266
0.050098991984,4476471.6315,0.180990400751636,4458453.0159843,0.109270225326846,4458253.0518461,0.10859439892589,4458255.8410593,0.108594398401482,4457850.2181107,0.0972463867348632,4457982.8153322,0.0975513577765948,4457830.0955746,0.0978803807096435,4457842.4358204,0.0972721636966707,4448679.1755691,0.108192990909625,4448658.5452416,0.108231089903362
0.0509202705411,4476278.88161,0.181202201528807,4458016.0912197,0.110155741122653,4457812.6887495,0.109476205421575,4457815.4776916,0.109476204896152,4457409.8492242,0.0981339792935321,4457545.3685326,0.0984450059852343,4457389.9223229,0.0987766534987057,4457401.6061832,0.0981603580951792,4448199.9344773,0.109043934075374,4448179.0069786,0.10908220435589
0.0517415490982,4476086.13172,0.181414002506979,4457579.1664551,0.11104129498543,4457372.325653,0.110358050437918,4457375.1143238,0.110358049911474,4456969.4803376,0.0990215741764919,4457107.9217331,0.099338656549212,4456949.7490712,0.0996729287859933,4456960.7765459,0.0990485552030174,4447720.6933855,0.109894884225333,4447699.4687156,0.109933325761747
0.0525628276553,4475875.8803,0.181644097923327,4457126.5534151,0.11194212298529,4456916.1524315,0.111255125196065,4456918.9408211,0.111255124668778,4456514.3575161,0.0999253575442384,4456655.7969142,0.10024832626245,4456494.8153564,0.100585275677882,4456505.1756419,0.0999529473577699,4447226.1356933,0.11076260167086,4447204.635498,0.11080121461178
0.0533841062124,4475654.85814,0.181885452294976,4456664.2864163,0.112852366597549,4456450.2502484,0.112161588453372,4456453.0383508,0.112161587925344,4456050.1539681,0.100839104917911,4456194.6380168,0.101167855829198,4456030.7968495,0.101507514728251,4456040.4833402,0.100867307721639,4446722.1531299,0.111640640125064,4446700.3915785,0.111679424517333
0.0542053847695,4475428.22079,0.182132605922739,4456197.2870367,0.113767278915637,4455979.5713535,0.113072710240517,4455982.3591657,0.113072709711788,4455581.4733427,0.101757756801564,4455729.0247389,0.102092240249751,4455562.2977532,0.102434625580088,4455571.3092467,0.101786574911157,4446213.4457451,0.112523724014906,4446191.4152899,0.112562683133588
0.0550266633267,4475176.11615,0.182406058954803,4455708.8268974,0.114703222559117,4455487.230594,0.114004815546938,4455490.0181024,0.114004815017728,4455092.4951694,0.102698636937635,4455243.2170702,0.103038627499708,4455073.4853201,0.103383815765434,4455081.8162578,0.102728079439647,4445683.3085967,0.11342966233847,4445660.9718116,0.113468811253084
0.0558479418838,4474924.01152,0.182679512854576,4455220.3667582,0.115639208700262,4454994.8898345,0.114936963868464,4454997.6770391,0.114936963338756,4454603.5169961,0.10363952161915,4454757.4094016,0.1039850193742,4454584.672887,0.104333010676168,4454592.3232688,0.103669588930188,4445153.1714483,0.114335610302388,4445130.5283333,0.114374948961049
0.0566692204409,4474646.72329,0.182978734843984,4454711.6729188,0.116595080834607,4454482.0961159,0.115888965146279,4454484.8830038,0.115888964616265,4454094.6751757,0.104601396568983,4454251.8491318,0.10495219829761,4454075.9623483,0.105303062489161,4454082.94602,0.104632096808683,4444602.698603,0.115262867787014,4444579.7118373,0.115302395975417
0.057490498998,4474360.69112,0.183286904837978,4454195.9542521,0.11755788690816,4453962.2014303,0.116847889273248,4453964.9879971,0.116847888742986,4453578.9348508,0.105570563577387,4453739.4288708,0.105926598795978,4453560.341286,0.106280360219837,4453566.6631023,0.105601899850472,4444045.1661712,0.116197530361216,4444021.8235755,0.116237248169102
0.0583117775551,4474063.46872,0.183606374201349,4453671.56451,0.118529230104151,4453433.5301399,0.117815341616466,4453436.31638,0.117815341086004,4453054.7170917,0.10654867001359,4453218.5722793,0.10690985540897,4453036.2379098,0.107266542629405,4453041.8934854,0.106580646197055,4443478.7761545,0.117141238613468,4443455.1104396,0.11718113624306
0.0591330561122,4473740.61384,0.183951723481338,4453127.3136903,0.119520071158073,4452884.7560186,0.118802270745165,4452887.5419195,0.118802270214656,4452511.0873185,0.107547244050982,4452678.3978759,0.107913388670642,4452492.711547,0.108273066960175,4452497.6906495,0.107579868475189,4442892.0952825,0.118105654058537,4442868.1797963,0.118145708368822
0.0599543346693,4473417.75895,0.184297074883556,4452583.0628705,0.120510959657238,4452335.9818973,0.119789247924486,4452338.7674589,0.119789247393912,4451967.4575452,0.108545825323757,4452138.2234725,0.108916929244865,4451949.1851842,0.109279598768278,4451953.4878137,0.108579098435608,4442305.4144106,0.119070082340628,4442281.2491531,0.119110292860213
0.0607756132265,4473060.45633,0.184676792574078,4452012.838124,0.121527208552792,4451760.8861672,0.120801571716291,4451763.671373,0.120801571185839,4451397.6513643,0.109570984478234,4451572.0098718,0.109946807849437,4451379.450271,0.110312556338383,4451383.0834672,0.109604915979781,4441692.2683245,0.120061126673498,4441667.7085373,0.120101555289205
0.0615968917836,4472697.80115,0.185061852809641,4451438.5777617,0.122547440263503,4451181.7007882,0.121817876749956,4451184.4856356,0.121817876219642,4450823.7754924,0.110600281194818,4451001.7478913,0.110980786804151,4450805.6405856,0.111349628093849,4450808.6055256,0.110634872980706,4441075.0112578,0.12105631787414,4441050.0347998,0.121096974489035
0.0624181703407,4472316.87363,0.185464896045225,4450850.7820274,0.123580806649398,4450588.7838209,0.122847316434066,4450591.5683012,0.122847315903965,4450236.4149363,0.111643240073931,4450418.0704079,0.112028309435405,4450218.3318584,0.112400286512812,4450220.6290566,0.111678497820388,4440443.7771367,0.122065190812562,4440418.429951,0.12210606003716
0.0632394488978,4471911.4396,0.185892056611633,4450244.8332415,0.124631773403549,4449977.4506192,0.123894356284869,4449980.2347208,0.123894355755095,4449630.9751827,0.112704518859307,4449816.4065162,0.113093993045417,4449612.9248637,0.113469163479578,4449614.5548289,0.112740450032495,4439793.7949771,0.123092410623283,4439768.1383946,0.123133471362733
0.0640607274549,4471506.00557,0.186319221306333,4449638.8844557,0.125682793231839,4449366.1174176,0.124941449933789,4449368.9011404,0.124941449404323,4449025.535429,0.113765808157521,4449214.7426244,0.114159687217219,4449007.517869,0.114538051258144,4449008.4806012,0.113802413233302,4439143.8128175,0.124119647138591,4439117.8468382,0.124160899431458
0.064882006012,4471055.25802,0.186790335581689,4448999.7441001,0.126765610111141,4448721.0774036,0.126020355387568,4448723.8607264,0.126020354858607,4448386.1514719,0.114860165949174,4448579.3001136,0.115258172982986,4448368.1530986,0.115639837342907,4448368.431171,0.114897456924246,4438459.8405411,0.125179706487662,4438433.4321597,0.125221171542826
0.0657032845691,4470603.99505,0.18726195509141,4448360.226315,0.127848843999174,4448075.6540898,0.127099678811448,4448078.4370125,0.127099678282959,4447746.3783976,0.115954912731646,4447943.470363,0.116357044657198,4447728.3989905,0.116742010818603,4447727.992271,0.115992890218321,4437775.4830811,0.126240156497141,4437748.6307467,0.126281834957929
0.0665245631263,4470125.81124,0.187759291888314,4447701.0854276,0.128950659398909,4447410.2842263,0.128197601544559,4447413.0667361,0.128197601016657,4447086.8658714,0.117068852822477,4447288.0064568,0.117474953342887,4447068.8804496,0.117863284745643,4447067.7945069,0.117107524832948,4437070.8013782,0.127319699725709,4437043.5899441,0.127361571564956
0.0673458416834,4469625.63452,0.188277639799851,4447025.9135219,0.130067667478739,4446728.6190848,0.129310731717669,4446731.4011715,0.129310731190424,4446411.2336294,0.118198475362931,4446616.5088822,0.118608416810158,4446393.2218679,0.11900016531234,4446391.4611665,0.118237848545538,4436349.5129765,0.12841484743827,4436322.0121851,0.128456895469688
0.0681671202405,4469119.62554,0.188801475356228,4446346.4916073,0.131188688496973,4446042.6300153,0.130427881172621,4446045.4116761,0.130427880646021,4445731.2254931,0.1193322003377,4445940.6571373,0.119745950755086,4445713.1854995,0.120141129982696,4445710.7479089,0.119372276648717,4435623.8710059,0.129514050868965,4435596.0548576,0.129556282501195
0.0689883987976,4468567.37112,0.189368775246964,4445633.3703456,0.132341116597909,4445322.3553719,0.131576482000078,4445325.1365852,0.131576481474302,4445016.4829896,0.120498357107714,4445230.2430938,0.120915662748063,4444998.3995324,0.121314378988604,4444995.268406,0.120539148579908,4434863.7254075,0.130645257438172,4434835.3833111,0.130687737258726
0.0698096773547,4468015.1167,0.189936084017856,4444920.2490839,0.133493607895149,4444602.0807285,0.132725147002142,4444604.8614943,0.132725146477158,4444301.740486,0.121664531409497,4444519.8290503,0.122085392363371,4444283.6135653,0.122487645870313,4444279.7889031,0.121706038545966,4434103.5798092,0.131776487440878,4434074.7117646,0.131819215917342
0.0706309559118,4467425.59969,0.190537821782523,4444179.8715269,0.134671105709548,4443854.0516609,0.133898865511534,4443856.8319617,0.133898864987453,4443559.4595069,0.122856380367175,4443782.0204132,0.123280599460111,4443541.2614091,0.12368647837863,4443536.7444595,0.122898613939146,4433315.2345288,0.132933148960706,4433285.9798266,0.132976067260936
0.0714522344689,4466818.02765,0.191156247280287,4443426.2871991,0.135860755714279,4443092.5744411,0.1350847595849,4443095.3542684,0.135084759061779,4442803.8419848,0.124060679259328,4443030.9449876,0.12448816099045,4442785.5592967,0.124897708162959,4442780.3506452,0.124103644767405,4432513.222127,0.134102148990847,4432483.6494525,0.134145227457383
0.0722735130261,4466196.65305,0.191787205232276,4442662.5395562,0.13705961179351,4442320.7393725,0.136279881899948,4442323.5187197,0.136279881377794,4442037.7151629,0.125274395546953,4442269.4161521,0.125705070468124,4442019.3388524,0.126118317839694,4442013.4379462,0.125318096919932,4431700.827062,0.135280411888437,4431670.8856503,0.135323669168149
0.0730947915832,4465530.40389,0.192458884354238,4441865.7488071,0.138288249173153,4441515.2286721,0.137504855234425,4441518.0075179,0.137504854713379,4441237.3973872,0.126518689418568,4441473.8779912,0.126952331601978,4441218.8980619,0.127369382465909,4441212.3031471,0.126563138228904,4430854.6866993,0.136488725633739,4430824.206814,0.136532226225317
0.0739160701403,4464864.15474,0.193130577104965,4441068.958058,0.139516957966602,4440709.7179717,0.138729901199948,4440712.4963161,0.138729900679981,4440437.0796116,0.127763006441325,4440678.3398304,0.128199615960127,4440418.4572713,0.12862047061545,4440411.1683479,0.127808203215493,4430008.5463366,0.137697069030576,4429977.5279777,0.137740813284181
0.0747373486974,4464148.36802,0.193846379260627,4440235.3582614,0.140778228395846,4439866.6617763,0.139987600243496,4439869.4395955,0.139987599724736,4439599.5085555,0.12904059956582,4439845.7371418,0.129479936354626,4439580.7367072,0.129904708013209,4439572.7442854,0.129086558382136,4429124.4782068,0.138938277394797,4429093.0295875,0.138982233363034
0.0755586272545,4463419.95205,0.194573438913503,4439392.3740114,0.142047857421052,4439014.0333525,0.141253682241715,4439016.8106406,0.141253681724183,4438752.4474804,0.130326694612832,4439003.6925665,0.13076869749282,4438733.5193847,0.131197415265029,4438724.821024,0.130373419481729,4428230.736805,0.140187891339212,4428198.8872193,0.140232050247449
0.0763799058116,4462667.9347,0.195321110707098,4438531.6668147,0.143332905031228,4438143.3119016,0.142535234151425,4438146.0886472,0.142535233635158,4437887.0186523,0.131628529732711,4438143.3816616,0.132073089043392,4437867.9171729,0.132505806726037,4437858.513467,0.131676026941508,4427318.8998905,0.141452951012877,4427286.5959978,0.141497317992101
0.0772011843687,4461873.67879,0.196105659925164,4437639.2410023,0.144645489632485,4437240.2094617,0.143844413964715,4437242.9856443,0.143844413449819,4436988.6977096,0.132958518769711,4437250.3601937,0.133405438230938,4436969.3921212,0.133842251895554,4436959.2842071,0.133006799115561,4426374.6865203,0.142745625616024,4426341.8284822,0.142790211432503
0.0780224629259,4461079.42288,0.196890229165014,4436746.8151899,0.145958155372456,4436337.1070218,0.145153676448849,4436339.8826414,0.145153675935281,4436090.3767668,0.134288537921897,4436357.3387258,0.134737817540256,4436070.8670696,0.135178727588012,4436060.0549471,0.134337601952215,4425430.47315,0.144038337953539,4425397.0609667,0.144083142660926
0.078843741483,4460221.02822,0.19772964511419,4435805.6518052,0.147312254574175,4435384.2057679,0.146504529189206,4435386.9807931,0.146504528677124,4435142.7030154,0.135660760447284,4435415.2155958,0.136112114810178,4435122.9529485,0.136557261806682,4435111.4250052,0.135710626245934,4424436.4342786,0.14537258604322,4424402.5456351,0.145417595045982
0.0796650200401,4459357.06275,0.198573846155004,4434860.2549952,0.14867003177389,4434426.9788888,0.147859075138502,4434429.7533169,0.147859074627883,4434190.7509827,0.137036677883376,4434468.8359633,0.137490082171538,4434170.7574275,0.137939478722546,4434158.5126146,0.137087347557134,4423438.0639294,0.146710481761274,4423403.7074711,0.146755693029225
0.0804862985972,4458457.52835,0.199447829780754,4433887.4951252,0.150050636496492,4433441.7679407,0.149236547477128,4433444.5417542,0.149236546968025,4433210.395026,0.138435860716937,4433494.2063984,0.13889116235354,4433190.1395104,0.139344887387564,4433177.1707583,0.138487343421241,4422411.784594,0.148071179767449,4422376.916626,0.148116604566582
0.0813075771543,4457519.72275,0.200353859525494,4432885.2929043,0.151455800477347,4432426.4464025,0.150638685500992,4432429.2195824,0.150638684993465,4432199.4581798,0.139860079735845,4432489.1617461,0.140317114559295,4432178.9207742,0.140775253036304,4432165.2205509,0.139912385252198,4421355.4825153,0.149456409837522,4421320.0521157,0.149502061973492
0.0821288557114,4456578.52729,0.201262692338435,4431880.4496237,0.152863206427955,4431408.4213568,0.152043077780561,4431411.1939014,0.152043077274589,4431185.8365976,0.141286525610858,4431481.4465212,0.141745279583037,4431165.0149389,0.14220783932932,4431150.5830199,0.141339655427425,4420296.4967535,0.1508438333678,4420260.5016673,0.150889712011295
0.0829501342685,4455562.47217,0.202232812159632,4430817.275382,0.154318167594379,4430330.6856089,0.15349525586618,4430333.4574808,0.153495255361885,4430113.1521377,0.142761302807492,4430414.9797336,0.143221466974801,4430091.9944289,0.143688609805184,4430076.8251787,0.14281527810171,4419178.1628113,0.152278725959079,4419141.5983461,0.152324790048056
0.0837714128257,4454546.41706,0.203202965550881,4429754.1011403,0.155773228124072,4429252.949861,0.154947535518833,4429255.7210602,0.154947535016179,4429040.4676778,0.14423612257919,4429348.512946,0.14469769686055,4429018.9739189,0.145169423323704,4429003.0673374,0.144290943951052,4418059.8288691,0.153713671516959,4418022.6950248,0.153759920878549
0.0845926913828,4453480.1456,0.204213316645807,4428651.3025475,0.157259940097339,4428134.6128962,0.156431638853913,4428137.3833973,0.156431638352958,4427926.5862659,0.145743174541311,4428241.065885,0.146205959160402,4427904.7391255,0.146682378445074,4427888.0747854,0.14579885465882,4416901.2178686,0.155180157716403,4416863.5350349,0.155226599247164
0.0854139699399,4452381.0797,0.205249935092901,4427522.6263341,0.158767362370976,4426989.7603042,0.157936565989389,4426992.5300906,0.157936565490158,4426785.7813859,0.147271298277271,4427106.8369812,0.147735162756931,4426763.5695523,0.148216346427868,4426746.1341291,0.147327845585143,4415716.3085054,0.156667262773162,4415678.0868032,0.156713902531604
0.086235248497,4451267.33235,0.206298064292755,4426382.2197883,0.160284029109065,4425832.8759003,0.159450794866315,4425835.6449644,0.159450794368799,4425633.0795624,0.148808759819802,4425960.7755713,0.149273647265899,4425610.4924918,0.149759627768624,4425592.2849756,0.148866178920128,4414519.5005678,0.158163531283837,4414480.7214628,0.158210370921991
0.0870565270541,4450080.11964,0.207403633746219,4425183.1129063,0.161846531107479,4424615.7823396,0.16101113586972,4424618.550644,0.161011135373995,4424420.9204345,0.150392741519564,4424755.5788858,0.150858367526162,4424397.9051977,0.151349304732614,4424378.9206072,0.150451053231006,4413263.1308053,0.159705426795282,4413223.7126121,0.159752469051228
0.0878778056112,4448892.90692,0.208509249294851,4423984.0060243,0.16340914782442,4423398.688779,0.162571594433676,4423401.4563235,0.16257159393971,4423208.7613065,0.151976777664661,4423550.3822003,0.15244314211582,4423185.3179036,0.152939036674777,4423165.5562387,0.152035982604561,4412006.7610429,0.161247388611945,4411966.7037615,0.161294633570053
0.0886990841683,4447637.43466,0.209666979935859,4422729.7052233,0.165013927158903,4422124.9217155,0.164174497813853,4422127.6884649,0.164174497321687,4421939.1090783,0.153603749235161,4422287.9939739,0.154070597875796,4421915.2148296,0.154571597187863,4421894.6450974,0.153663864283773,4410694.5222035,0.162831276867838,4410653.8479892,0.162878696778702
0.0895203627255,4446356.48108,0.210844199957617,4421454.8001382,0.166634524926187,4420829.9979837,0.165793327110737,4420832.7639247,0.165793326620374,4420647.9744587,0.155246792222739,4421004.2360261,0.155714030080725,4420623.6209732,0.156220189651923,4420602.2315508,0.155307824019268,4409361.4317186,0.164430862271204,4409320.14644,0.16447844784677
0.0903416412826,4445046.59976,0.212043008588414,4420156.2339823,0.168272869240198,4419510.7513535,0.167430035415827,4419513.5164711,0.167430034927245,4419332.8354065,0.156907803666692,4419696.6041346,0.157375325136629,4419308.0040536,0.157886708555042,4419285.7902585,0.156969760694029,4408004.3991975,0.166048056276797,4407962.4982336,0.166095815734557
0.0911629198397,4443665.82376,0.213294649933365,4418799.679012,0.169954531985001,4418131.8937642,0.169110382425907,4418134.6580213,0.169110381939136,4417958.9217973,0.158612756065908,4418330.5172577,0.159080302446428,4417933.5666469,0.159597064508578,4417910.5172123,0.158675658357704,4406588.6775064,0.167708306570773,4406546.1554845,0.167756257576782
0.0919841983968,4442285.04776,0.214546353571581,4417443.1240416,0.171636328158569,4416753.0361749,0.170790866563807,4416755.7995715,0.170790866078827,4416585.008188,0.160317777906829,4416964.4303807,0.160785349018818,4416559.1292402,0.161307490498224,4416535.2441661,0.160381626094856,4405172.9558154,0.169368639792378,4405129.8127354,0.169416782620748
0.0928054769539,4440813.6076,0.21586395855327,4416011.6140606,0.17337282587313,4415297.0345472,0.172526496597803,4415299.7970352,0.172526496114628,4415132.8342524,0.162078542110458,4415520.5017503,0.16254581965127,4415106.3955657,0.163073535813853,4415081.6367343,0.162143358182987,4403681.5715038,0.171083316259216,4403637.7145954,0.171131628051132
0.093626755511,4439326.34425,0.217193124822514,4414567.0222061,0.175118990104141,4413827.5689444,0.174271874264935,4413830.3305157,0.174271873783552,4413666.9801654,0.163849104488548,4414062.966107,0.164316032738087,4413639.9755832,0.164849358405447,4413614.3362462,0.163914892740196,4402176.9860405,0.172807552522308,4402132.3969916,0.172856030354023
0.0944480340681,4437792.08893,0.218555642076071,4413083.1862171,0.176893216456128,4412317.6618555,0.176045565890949,4412320.4224848,0.176045565411334,4412161.2752404,0.165648120006238,4412565.7946869,0.166114537431096,4412133.6782574,0.166653574535852,4412107.1461411,0.165714893740122,4400632.7896546,0.174559633580566,4400587.5125556,0.174608264093011
0.0952693126253,4436191.05095,0.21996553100039,4411543.5773707,0.178707270140104,4410750.2801385,0.177859441445964,4410753.0397902,0.177859440968116,4410598.9846005,0.167487536599367,4411012.3429977,0.167953213633842,4410570.7572727,0.16849810670057,4410543.3151672,0.167555314572993,4399032.2904059,0.176351257654521,4398986.3927265,0.176400019650482
0.0960905911824,4434590.01298,0.221375503162928,4410003.9685244,0.180521480254925,4409182.8984215,0.179673478292319,4409185.6570956,0.179673477816208,4409036.6939606,0.169327041709401,4409458.8913086,0.16979197803723,4409007.8362879,0.17034272802008,4408979.4841932,0.169395824565547,4397431.7911572,0.17814298579728,4397385.2728973,0.178191879284344
0.0969118697395,4432870.26676,0.222867516994496,4408364.3075018,0.182405386156935,4407512.2729572,0.181557892331426,4407515.0305896,0.181557891857055,4407369.6406453,0.171237661136993,4407801.2475289,0.171701463718652,4407340.101341,0.172258324094266,4407310.7910562,0.171307477015303,4395730.5300243,0.180003917895566,4395683.2464934,0.180052952203028
0.0977331482966,4431147.4321,0.224361758229408,4406722.043124,0.184291270428557,4405838.9610328,0.18344430794136,4405841.7176219,0.183444307468704,4405699.8378055,0.173150233355671,4406140.8691721,0.1736128915892,4405669.6156656,0.174175870030489,4405639.3458236,0.173221083530287,4394026.6509772,0.181866762154502,4393978.5961523,0.181915938654823
0.0985544268537,4429354.55834,0.22590322951404,4405020.2399958,0.186217743068943,4404104.1231774,0.185371748078187,4404106.8786849,0.185371747607236,4403969.4893218,0.17510401943077,4404420.2710217,0.175565306924203,4403938.5467929,0.17613455234032,4403907.2958587,0.175175923199932,4392262.7973951,0.18376988841384,4392214.004112,0.183819172371519
0.0993757054108,4427501.11744,0.227485565347851,4403266.9491912,0.188179348550102,4402316.079052,0.187334699681158,4402318.8334449,0.18733469921188,4402186.8304067,0.177093460700794,4402647.6440064,0.177553181494678,4402155.1347563,0.178128822863849,4402122.8843325,0.177166434944804,4390447.0721037,0.18570787767975,4390397.5732058,0.185757236931174
0.100196983968,4425633.94071,0.229077019973933,4401501.8924935,0.190148939530914,4400515.8578496,0.189305734103529,4400518.6111203,0.18930573363589,4400391.8360747,0.17909099251993,4400862.7492244,0.179549103330674,4400359.3816935,0.180131170575553,4400326.1257769,0.179165041054351,4388619.5155085,0.187653749140318,4388569.3096094,0.187703182653572
0.101018262525,4423640.16226,0.230751615775805,4399628.3882195,0.192190614810507,4398603.3983239,0.191349697623282,4398606.1504027,0.191349697157299,4398482.8478927,0.181162205532811,4398964.485628,0.181618312080524,4398449.5846587,0.182207071311039,4398415.2665192,0.18123735772349,4386682.9500083,0.189671180456085,4386631.9989854,0.189720691487562
0.101839541082,4421646.38382,0.232426338416312,4397754.8839456,0.194232491803796,4396690.9387981,0.193393870311448,4396693.6896851,0.193393869847074,4396573.8597108,0.183233549836189,4397066.2220315,0.183687651455297,4396539.787624,0.184283104056815,4396504.4072616,0.183309806263887,4384746.3845081,0.191688758639378,4384694.6883613,0.191738347384751
0.102660819639,4419552.98003,0.23416485480291,4395795.4400083,0.196330199645651,4394689.3909405,0.195494590181314,4394692.1405802,0.195494589718543,4394577.3121314,0.185361682631948,4395080.8728796,0.185813476583798,4394542.3753219,0.186415830170938,4394505.9027149,0.185439070302493,4382723.3933254,0.193761769553125,4382670.9212748,0.193811403413742
0.103482098196,4417408.13874,0.235936383393332,4393791.6239186,0.198456845717628,4392641.8450748,0.197624622764999,4392644.5934386,0.19762462230382,4392535.6053984,0.187519203309464,4393050.608965,0.187968532804194,4392499.7747549,0.188577895330599,4392462.1946378,0.187597736574917,4380655.7727839,0.195863488680726,4380602.5127124,0.195913149042719
0.104303376754,4415227.26827,0.237730489977957,4391756.5363053,0.200603472672261,4390561.8255735,0.199774919957041,4390564.5726412,0.199774919497413,4390460.9416333,0.189697127612153,4390987.5677417,0.190143886672469,4390424.2046258,0.190760333391678,4390385.4990816,0.189776815260078,4378556.7525108,0.197985011855228,4378502.719265,0.198034685628503
0.105124655311,4412919.48122,0.239603771295583,4389611.2904547,0.202819936737219,4388367.4127278,0.20199603288838,4388370.1584283,0.201996032430341,4388270.0158345,0.191946592674379,4388808.8984928,0.192390410135425,4388232.3292488,0.193014202486249,4388192.4343384,0.192027463720969,4376347.1420341,0.200175881227502,4376292.3769823,0.200225527469871
0.105945933868,4410611.69417,0.241477219881791,4387466.0446041,0.20503664268956,4386172.9998822,0.204217397765758,4386175.7442153,0.204217397309253,4386079.0900357,0.194196226050962,4386630.2292438,0.194637100943992,4386040.4538717,0.195268240678515,4385999.3695953,0.194278281054799,4374137.5315574,0.20236693660717,4374082.0346995,0.202416555228891
0.106767212425,4408166.07888,0.243434444987793,4385200.5007297,0.207327786754805,4383853.4311511,0.206514339609636,4383856.1740389,0.206514339154691,4383765.3056894,0.196521730298193,4384329.3717578,0.196959267814695,4383725.6360481,0.197598037115444,4383683.3246324,0.19660500621156,4371807.0987744,0.204631944413599,4371750.8099241,0.204681517215284
0.107588490982,4405682.20533,0.245415065588136,4382901.5640315,0.209639788319196,4381499.1209628,0.208832463879755,4381501.8623836,0.208832463426365,4381417.470372,0.198868424113673,4381994.6490814,0.199302513754051,4381376.7436535,0.199948992351983,4381333.1948892,0.198952931746618,4369443.1219919,0.206917636582378,4369386.0274028,0.206967157360814
0.108409769539,4403132.66885,0.247434679852976,4380545.0403827,0.211986715646315,4379084.778336,0.211186101556237,4379087.5182523,0.211186101104389,4379008.6400441,0.201250942586111,4379599.2600985,0.201681402962537,4378966.8360612,0.2023357240657,4378922.0152654,0.201336697201366,4367021.3670363,0.209238005246861,4366963.4880506,0.209287433406966
0.109231048096,4400458.10635,0.249528382499898,4378078.8673064,0.214399918187653,4376556.129455,0.213607124192256,4376558.8677955,0.21360712374198,4376483.5354587,0.203701540458892,4377088.223444,0.204128027275223,4376440.6166241,0.204790443000064,4376394.4570111,0.203788570254401,4364489.611899,0.211624220131014,4364430.9827214,0.211673480737728
0.110052326653,4397783.54385,0.251622305665051,4375612.6942302,0.216813413795323,4374027.4805741,0.216028453636662,4374030.2173387,0.21602845318792,4373958.4308734,0.206152355193789,4374577.1867894,0.206574867110582,4373914.3971871,0.207245379687543,4373866.8987567,0.206240660691123,4361957.8567618,0.214010671891671,4361898.4773923,0.214059764447091
0.11087360521,4394921.54326,0.25382435876751,4372981.4291493,0.219324159737652,4371326.3572133,0.218548808012676,4371329.0922943,0.21854880756556,4371264.2257214,0.208702537502642,4371897.9780811,0.209120565108955,4371218.9561795,0.20979955231496,4371170.0693453,0.208792168540121,4359260.4183996,0.216493822604614,4359200.3689135,0.216542716828587
0.111694883768,4392040.08733,0.256037862173968,4370333.0276568,0.221845290648578,4368607.3309409,0.221079746202002,4368610.0643271,0.221079745756467,4368552.5258692,0.211263241429585,4369201.3707651,0.211676730361525,4368506.0075221,0.212364233617982,4368455.7274736,0.211354203826056,4356545.7771049,0.218987253036576,4356485.0682969,0.219035944440451
0.112516162325,4389053.44492,0.258310605104147,4367591.6464677,0.224420015715394,4365790.9410802,0.223665351931318,4365793.6727107,0.22366535148742,4365741.7924746,0.213879155293409,4366406.2608992,0.214287831024578,4365693.9976375,0.214984058343335,4365642.2668134,0.213971472788435,4353737.87965,0.221533971848544,4353676.4290908,0.221582443033855
0.113337440882,4385947.02958,0.260650792086826,4364744.3915783,0.227055744664375,4362863.6852131,0.226313183750885,4362866.4150184,0.226313183308669,4362818.1645865,0.21655794576551,4363498.8617578,0.216961495895396,4362769.0626522,0.217666684086406,4362715.8147374,0.216651644996008,4350823.8039711,0.224141350510268,4350761.5124637,0.224189584861904
0.114158719439,4382833.45818,0.262995181262519,4361890.7915684,0.229695379726937,4359929.7685744,0.228965017599679,4359932.4965503,0.228965017159102,4359887.9492917,0.219240663563499,4360584.9112988,0.219639067848587,4359837.5358587,0.220353233897374,4359782.7688255,0.219335746827382,4347903.3657365,0.226752563695592,4347840.2362981,0.226800558359279
0.114979997996,4379481.95792,0.265469850240495,4358826.2102047,0.232453289449836,4356774.3657042,0.231737705829535,4356777.091712,0.231737705390773,4356740.9878482,0.222044568720409,4357455.4047446,0.222437210760635,4356689.0987587,0.223160826915202,4356632.7599408,0.222141101109715,4344771.1973449,0.229481530277911,4344707.4278067,0.22952911851907
0.115801276553,4376130.45765,0.267944854146184,4355761.628841,0.235211597967979,4353618.962834,0.234510815351696,4353621.6868737,0.234510814914686,4353594.0264048,0.224848785581869,4354325.8981904,0.225235663196687,4353540.6616588,0.225968732646175,4353482.7510561,0.224946767676053,4341639.0289532,0.23221084131477,4341574.6193152,0.232258023817531
0.11662255511,4372620.85143,0.270504334005995,4352556.4948827,0.238046917356924,4350315.6064789,0.237362778814976,4350318.3284578,0.237362778379817,4350296.3994397,0.227732713023664,4351046.5321113,0.228113434087929,4350241.5228655,0.228856261704203,4350181.9427285,0.227832180970027,4338365.8489213,0.235016846761113,4338300.8495082,0.235063515645539
0.117443833667,4369001.744,0.273122460949398,4349254.0167277,0.240935729054845,4346909.7796558,0.240269521451265,4346912.4995095,0.240269521018008,4346894.2948961,0.230672000561465,4347663.2471991,0.231046292717148,4346837.8825073,0.231799091037772,4346776.5642481,0.230772979215145,4334995.0152668,0.237876106500479,4334929.4558882,0.237922187899388
0.118265112224,4365338.00329,0.275764114927113,4345911.7765325,0.24384612152866,4343461.972971,0.243198421765875,4343464.6906734,0.243198421334506,4343451.0651252,0.233633416679731,4344239.0621578,0.234001167173821,4343393.0856923,0.234764026450431,4343330.0198621,0.233735918426905,4331584.2647914,0.24075683851783,4331518.1753953,0.240802314751226
0.119086390782,4361426.08786,0.278534843351309,4342348.4444824,0.24687449981641,4339780.739933,0.246248397205924,4339783.4553376,0.246248396776631,4339779.7277658,0.236716137420903,4340588.0189826,0.237076729936749,4339720.0026661,0.237850135271553,4339655.1409002,0.236820230335943,4327951.5275547,0.243755209761261,4327885.0950456,0.243799979808324
0.119907669339,4357514.17244,0.281306017385315,4338785.1124322,0.249903375724681,4336099.506895,0.249298902178135,4336102.2200018,0.249298901750856,4336108.3904064,0.239799267163417,4336936.9758074,0.240152698678392,4336046.91964,0.240936654251807,4335980.2619383,0.239904951778029,4324318.790318,0.246754028069333,4324252.0146959,0.246798090109705
0.120728947896,4353372.95141,0.284193461401879,4335017.1804418,0.253038803881092,4332201.5595881,0.252459021752065,4332204.2702613,0.252459021326942,4332216.0890342,0.242993300505432,4333066.1493694,0.243339028337736,4332152.8306867,0.244133964535976,4332084.220357,0.243100626590918,4320480.5505394,0.249859171844016,4320413.2855762,0.249902523412834
0.121550226453,4349139.90087,0.28712779164841,4331167.312798,0.256217250170519,4328216.824559,0.255663410522311,4328219.5327441,0.255663410099379,4328235.1605299,0.246232072560444,4329107.1691609,0.246569877329665,4328170.0990981,0.247375969598126,4328099.4722999,0.246341059865825,4316560.0208712,0.253007212510794,4316492.2030792,0.253049856798823
0.12237150501,4344809.54232,0.290110524491502,4327230.5179211,0.259440186499266,4324139.6887106,0.258913706726301,4324142.3943498,0.258913706305566,4324163.9230787,0.249516747649797,4325058.3726734,0.249846394878811,4324096.9866618,0.250663833260851,4324024.3298507,0.24962742342974,4312552.1078382,0.25619966593049,4312483.813241,0.256241514839201
0.123192783567,4340223.49825,0.293219641465296,4323065.3126527,0.262779151521378,4319819.7579118,0.262283699052362,4319822.460853,0.262283698633956,4319855.7931516,0.252921221977985,4320773.9768074,0.253242100367159,4319786.7888288,0.254071376719329,4319712.0698954,0.25303365832485,4308314.5661333,0.25950803328227,4308246.009017,0.259548845352815
0.124014062124,4335637.45418,0.296329355827657,4318900.1073843,0.266118746056678,4315499.827113,0.265654367010851,4315502.5273562,0.265654366594699,4315547.6632245,0.256326238538054,4316489.5809415,0.2566383438461,4315476.5909957,0.257479463716631,4315399.8099402,0.256440435884128,4304077.0244285,0.262816987213746,4304008.204793,0.262856764008103
0.124835340681,4330725.7154,0.299595851744769,4314443.7581534,0.269602437728983,4310869.210703,0.269174139325883,4310871.908054,0.26917413891211,4310922.3205381,0.259882250247998,4311889.6603684,0.260184845833714,4310849.1418017,0.261038401324209,4310770.0388029,0.259998274570451,4299546.4761812,0.266270065293215,4299477.844921,0.266308505136969
0.125656619238,4325750.68006,0.302893383757934,4309930.8272512,0.273114712929805,4306178.2139769,0.272723514525318,4306180.9083979,0.272723514113874,4306235.176506,0.263468157170825,4307228.2670378,0.26376109601332,4306159.8853508,0.264627207512455,4306078.4084787,0.263586020788503,4294958.9904182,0.269751699939132,4294890.6305875,0.269788744635284
0.126477897796,4320604.23131,0.306271708124181,4305264.6200307,0.276701329585926,4301322.9493463,0.27635009603306,4301325.6407348,0.276350095623934,4301387.7972644,0.267131243095128,4302407.5086085,0.267414128295589,4301310.2592566,0.268293121568764,4301226.4015655,0.267250996246027,4290217.0659739,0.273307771050676,4290148.9700894,0.273343342785832
0.127299176353,4315199.47851,0.30977149725347,4300367.4390321,0.280399670348744,4296220.1453219,0.280092699264086,4296222.8335234,0.280092698857287,4296299.3219103,0.270910300837373,4297346.9640209,0.271182535635962,4296219.3304389,0.272074899060851,4296133.0852569,0.271032020280957,4285242.4021376,0.276975739937547,4285174.5671846,0.277009718431852
0.12812045491,4309794.72572,0.313272095263275,4295470.2580335,0.284098819586796,4291117.3412975,0.28383617906788,4291120.026312,0.283836178663335,4291210.8465563,0.274690086370411,4292286.4194333,0.274951664762415,4291128.4016211,0.275857405800328,4291039.7689484,0.274813772296714,4280267.7383012,0.280644487073972,4280200.1642798,0.280676871093894
0.128941733467,4303932.75114,0.316981750950696,4290164.3159914,0.287990226028992,4285574.3729979,0.287780069405115,4285577.054551,0.287780069002787,4285672.2876309,0.27867302075856,4286778.1595224,0.278922956064235,4285587.3756308,0.27984287185245,4285495.907432,0.278798766528746,4274880.4096747,0.284506139832067,4274813.6043047,0.284536541632098
0.129763012024,4298051.97998,0.320700906270344,4284841.5699742,0.291890418138008,4280013.3085679,0.291733161092822,4280015.9866484,0.291733160692649,4280115.0503029,0.282665169130125,4281251.3191285,0.282903414285546,4280027.672718,0.283837546000814,4279933.3485486,0.282792977533471,4269476.1216605,0.288376583536286,4269410.1028878,0.288404987149606
0.130584290581,4291895.12497,0.324543570257236,4279272.1428282,0.295904152440817,4274185.2023062,0.295805156634247,4274187.876748,0.295805156236112,4274297.8511187,0.286776070775099,4275465.9174139,0.287002010428923,4274207.7767483,0.287950867055099,4274110.6080027,0.286906020513462,4263822.3620553,0.292361130495855,4263757.4406685,0.292387313838639
0.131405569138,4285485.58946,0.328499467243568,4273476.9452938,0.300021975365758,4268112.6881463,0.299986170212846,4268115.3587971,0.299986169816677,4268243.0931104,0.290995760605635,4269444.2375472,0.291208829303231,4268150.105792,0.292172878706231,4268050.1076391,0.291127924803547,4257940.2672289,0.296450292969141,4257876.7331163,0.296474048908583
0.132226847695,4279026.71444,0.332477826301443,4267637.7100192,0.304160453421417,4261992.2198678,0.304188964687561,4261994.8866977,0.30418896429326,4262139.4263123,0.295237350319574,4263373.9004781,0.29543743903747,4262043.5277134,0.296416771670305,4261940.648114,0.295371738188997,4252013.511001,0.300560244580655,4251951.4076256,0.300581535694985
0.133048126253,4272028.01507,0.336690984886949,4261316.6647891,0.308514465656188,4255347.0713145,0.308618604727486,4255349.7339969,0.308618604334966,4255497.9795683,0.299709157654884,4256768.5435192,0.299895162749209,4255399.2228774,0.300890664552307,4255292.8548444,0.299845865299089,4245598.173408,0.304887245378284,4245537.940024,0.304905710320773
0.13386940481,4265029.31569,0.340905446616774,4254995.6195589,0.312869690309004,4248701.9227611,0.313049584979103,4248704.581296,0.313049584588251,4248856.5328244,0.304182165059476,4250163.1865603,0.304354076455787,4248754.9180413,0.305365759678159,4248645.0615749,0.304321190879355,4239182.835815,0.30921546709331,4239124.4724224,0.30923110599461
0.134690683367,4257605.62992,0.345300594238529,4248295.8199042,0.317390467464046,4241641.5659442,0.317655854064818,4241644.2200726,0.317655853675593,4241811.7846712,0.30882997962649,4243156.6707896,0.308986891108003,4241706.936928,0.310015505453364,4241593.6608661,0.30897144108316,4232382.4733831,0.313710800943089,4232326.5540611,0.313723191227495
0.135511961924,4249948.40631,0.349795803938142,4241387.8880449,0.322002911570391,4234353.0412505,0.322359225023866,4234355.6908301,0.322359224636195,4234545.8103857,0.313574467580467,4235930.1052416,0.31371587415966,4234437.5181461,0.314761839131165,4234320.8665107,0.313718430024771,4225370.5240359,0.318298683831566,4225317.3695243,0.318307590818649
0.136333240481,4242138.30692,0.354355486406899,4234343.9831163,0.326674266771708,4226914.3298478,0.327125449985139,4226916.9747847,0.327125449598973,4227126.0079719,0.318382582426954,4228550.4580747,0.318508184626673,4227014.2997229,0.319571737700774,4226894.0819309,0.31852907032369,4218219.7837455,0.322946236420013,4218169.6813454,0.322951469750369
0.137154519038,4233742.46825,0.359157971679969,4226779.1065259,0.331567471471466,4218900.1733796,0.332128205376818,4218902.8133141,0.332128204992236,4219115.3660433,0.323430974090284,4220582.8343495,0.323539661154622,4219000.3722071,0.324621671241256,4218875.8334964,0.323580078774183,4210537.290573,0.327818469406912,4210491.3263007,0.327819303775852
0.137975797595,4225346.62957,0.363962287989138,4219214.2299354,0.33646230569673,4210886.0169114,0.337132792820102,4210888.6518436,0.337132792436988,4211104.7241146,0.328481048429729,4212615.2106244,0.328572805841811,4210986.4446913,0.329673290073313,4210857.5850619,0.328632766806716,4202854.7974004,0.332692389696175,4202812.9712559,0.332688821328121
0.138797076152,4216311.75874,0.369025160376391,4211082.3594954,0.341592572355976,4202240.1723075,0.342390449079796,4202242.8018415,0.342390448698394,4202482.1149759,0.333782953844282,4204038.7510667,0.333856497715954,4202359.94999,0.334976496454589,4202226.949303,0.333937455467718,4194591.5109767,0.337805481761778,4194554.8298896,0.337796825933362
0.139618354709,4207084.48845,0.374167460270441,4202779.7797579,0.346795094051792,4193404.135137,0.347725861943168,4193406.7591536,0.347725861563458,4193675.7037294,0.33916200596348,4195279.4314689,0.339216935803975,4193549.4655147,0.340356777457092,4193412.3862791,0.339319341854642,4186153.3529,0.34299203210031,4186122.1237369,0.342978077170083
0.140439633267,4197546.94883,0.379433578854037,4194202.7222235,0.35210982473973,4184259.2578461,0.353183131797772,4184261.8761515,0.353183131419825,4184552.2196999,0.344664718027509,4186204.4235036,0.344700503483742,4184422.0356807,0.345860573576842,4184280.4153474,0.34482492728289,4177432.5747776,0.348293066445498,4177407.4668064,0.348273406448004
0.141260911824,4187380.05684,0.384948863277893,4185068.9176185,0.357650393357185,4174487.9170661,0.358885595426297,4174490.5292671,0.358885595050422,4174784.3407171,0.350416745839774,4176487.8291776,0.350432330751984,4174650.4898113,0.351613390310782,4174503.3653361,0.350579904176388,4168138.5382528,0.353824478964943,4168120.9020022,0.353798298570108
0.142082190381,4177213.16485,0.390466776255991,4175935.1130134,0.363193202622072,4164716.5762861,0.364590633534642,4164719.1823826,0.364590633160704,4165016.4617343,0.356171191005928,4166771.2348516,0.35616655426117,4164878.9439419,0.3573686276161,4164726.3153247,0.356337292738667,4158844.5017279,0.359358274470565,4158834.3371981,0.359325567143197
0.142903468938,4166095.35695,0.396351391090804,4165962.9498845,0.369066651073513,4153990.9582033,0.370658898025079,4153993.5575954,0.370658897653694,4154327.0534036,0.362285958831755,4156137.4518739,0.362259392624567,4154184.9609072,0.363483776128131,4154027.2039961,0.36245524106609,4148682.552189,0.365231010168311,4148682.2221107,0.365190453895512
0.143724747495,4154862.20333,0.402283298998555,4155889.095893,0.37498254894379,4143149.5803602,0.376773955336278,4143152.1729752,0.376773954967417,4143526.3943777,0.368446843985506,4145392.9446888,0.368398116662591,4143379.6077155,0.369644994029212,4143216.7797193,0.368619333655316,4138415.3191746,0.37114739112074,4138425.1131816,0.371098814933758
0.144546026052,4143077.96498,0.408424392147773,4145331.2850392,0.381085725323596,4131749.7836982,0.383097872504168,4131752.3691839,0.383097872138369,4132151.3754825,0.374819971119493,4134076.0500951,0.374748378717352,4132000.3158409,0.376018135440768,4131831.384439,0.37499571534115,4127643.3865227,0.377257055416853,4127664.8210642,0.377199623780147
0.145367304609,4130629.45854,0.41481744443437,4134190.127296,0.387414432749479,4119676.8635098,0.389673349524346,4119679.4414419,0.389673349162256,4120082.773129,0.381449067330796,4122067.946913,0.381353767869272,4119927.9716017,0.382646862338091,4119751.6629839,0.381628115676286,4116263.1007298,0.383599503686266,4116297.9984326,0.383532212897611
0.146188583166,4118160.00702,0.42122202484467,4123030.6523673,0.393753110569483,4107582.4744686,0.396260291025255,4107585.0448334,0.396260290666779,4107992.8645874,0.388089483146013,4110038.6137297,0.387970420404798,4107834.3147375,0.389286901438776,4107650.6222282,0.388271828366013,4104863.5715427,0.38995247892085,4104911.9999495,0.38987528339252
0.147009861723,4104319.90301,0.428131227305258,4110672.6735411,0.400540143258532,4094082.4054378,0.40335652658431,4094084.9673445,0.403356526232246,4094552.5442716,0.395232537539635,4096663.9488203,0.395087876696182,4094388.9456398,0.396428855051851,4094198.5611925,0.395418491088467,4092204.3351907,0.396771748916688,4092270.937266,0.396682366644381
0.147831140281,4090479.799,0.435045166713003,4098314.6947149,0.407330960706553,4080582.3364071,0.410457320052614,4080584.8898557,0.410457319706815,4081112.2239558,0.402379827210389,4083289.2839109,0.402209530388427,4080943.576542,0.403575046227268,4080746.5001569,0.402569381944085,4079545.0988387,0.40359521200037,4079629.8745825,0.403493625921983
0.148652418838,4075716.50982,0.442293264594369,4085153.2728986,0.414415656330409,4066121.0585592,0.417900024250029,4066123.6029366,0.417900023913629,4066682.162454,0.409874704482107,4068926.2980219,0.40967840904511,4066509.631196,0.411068108198723,4066303.554335,0.410067881678432,4066032.2689217,0.410727806327297,4066138.5939678,0.410612369414784
0.149473697395,4060275.50069,0.4497887713812,4071402.0428009,0.421717681726474,4050954.1198248,0.425595754182899,4050956.6546809,0.425595753858143,4051524.1067405,0.417627057681949,4053836.3515188,0.41740449001271,4051348.5765902,0.418818121045038,4051131.7658237,0.417823859199214,4051892.8011182,0.418089163210003,4052023.1485063,0.41795866374397
0.150294975952,4044578.67227,0.457379307115489,4057429.276632,0.429101902803072,4035515.5408051,0.433390213801803,4035518.0659664,0.433390213489711,4036105.5142999,0.425476337545893,4038486.2627415,0.425227386490771,4035926.8108004,0.426664874903262,4035699.4095099,0.425676759509286,4037515.0249126,0.425538434772445,4037670.5977305,0.425392314132089
0.151116254509,4027287.64439,0.465531893774781,4042075.9865597,0.436974711394134,4018383.9794756,0.441771023915459,4018386.4938609,0.441771023623036,4019070.1205227,0.433900183495166,4021521.8689085,0.433624354215983,4018887.0014941,0.435085017590416,4018650.1126957,0.434104311338826,4021652.0946889,0.43350909851722,4021840.4272091,0.433343949642985
0.151937533066,4009996.61652,0.473691819908369,4026722.6964874,0.444853119242266,4001252.4181461,0.450158915449754,4001254.9217554,0.45015891517684,4002034.7267455,0.442330687274805,4004557.4750754,0.442027927585174,4001847.1921878,0.443511819089068,4001600.8158816,0.442538504871593,4005789.1644652,0.441486168464568,4006010.2566876,0.441301959462786
0.152758811623,3991203.14106,0.48237045232442,4010075.0912101,0.453175977643054,3982482.9660882,0.459102317476681,3982485.4578933,0.459102317227187,3983313.1733527,0.451325463062385,3985902.129319,0.450998154871113,3983124.6166536,0.452501134723305,3982873.9252862,0.451535677475001,3988509.9556475,0.449947356700602,3988771.8453072,0.449740631716309
0.15358009018,3971765.43146,0.491277258803118,3992872.5060467,0.461693654149275,3963011.1444319,0.468289557635426,3963013.623992,0.468289557410909,3963866.8888702,0.46056812837812,3966519.9737041,0.46021727514797,3963678.8063335,0.46173758522922,3963425.9854971,0.46077995693624,3970623.4387065,0.458621120044693,3970929.5670937,0.458390370619583
0.154401368737,3951674.3605,0.500410083948118,3975110.0270557,0.470401131593886,3942801.534155,0.477727131760902,3942804.00103,0.477727131557959,3943719.9163531,0.470054143998852,3946434.3391008,0.469681192941879,3943532.1708759,0.471216631739795,3943258.6918466,0.470270660234089,3952110.7170104,0.467507698701936,3952465.3222975,0.467251164593551
0.155222647295,3929738.21942,0.510165601413959,3955766.4516334,0.479632852315113,3920508.1674344,0.487856683279916,3920510.6203812,0.48785668308911,3921599.4423207,0.480211370659447,3924367.3743668,0.479820483642616,3921411.5079342,0.481364756804437,3921064.7881017,0.480442153778439,3931829.5031675,0.476981770702272,3932244.5803602,0.476694538047941
0.156043925852,3907802.07835,0.519932970216628,3936422.8762112,0.488873169895571,3898214.8007138,0.497997963895024,3898217.2397325,0.497997963716137,3899478.9682882,0.490379707709399,3902300.4096328,0.489970834516569,3899290.8449925,0.491523986614699,3898870.8843568,0.490625004396354,3911548.2893247,0.486466092946752,3912023.8384228,0.486148090752322
0.156865204409,3883469.7609,0.530485992571802,3915036.8328913,0.498761856965706,3873078.8326312,0.509058954837027,3873081.2561571,0.509058954619818,3874450.5802937,0.501479812256477,3877276.8330536,0.501069738163402,3874267.1338073,0.502611303776917,3873867.1565469,0.501719936859928,3888911.8375168,0.496706086572626,3889467.0415397,0.496349989962457
0.157686482966,3858622.54584,0.541220141239434,3893211.9087568,0.508798520021218,3847331.889639,0.520330185764259,3847334.2973358,0.520330185497537,3848795.0713885,0.512792879011644,3851615.5884744,0.512385462974238,3848617.401179,0.513910919983398,3848257.7976903,0.513023176288388,3865769.2206596,0.507119120936368,3866408.1993854,0.50672326595793
0.158507761523,3832473.23022,0.552376885705824,3870283.1159581,0.519174948731158,3819937.6133518,0.532130890796718,3819940.004424,0.532130890425924,3821560.9162208,0.52462018483938,3824375.6242771,0.524222584629232,3821404.3161791,0.525718931028175,3821019.9727982,0.524849732395665,3841298.8480621,0.517950313181104,3842034.2910387,0.517510125173968
0.15932904008,3804241.68442,0.564203039876127,3845589.1168768,0.53008993273411,3789908.5322874,0.544772547657022,3789910.9054632,0.544772547094347,3791807.205612,0.537262989811294,3794616.3773997,0.536886133093032,3791696.1170012,0.538332729136626,3791181.2069543,0.537507256952096,3814704.9750006,0.529444845217075,3815557.197717,0.528953026453512
0.160150318637,3776010.13861,0.57604917114664,3820895.1177956,0.54101863211255,3759879.4512231,0.557435422526062,3759881.8065023,0.557435421769995,3762053.4950032,0.549926255877811,3764857.1305223,0.549569957603156,3761987.9178233,0.550966762448854,3761342.4411104,0.550185464063063,3788111.1019392,0.540956769933507,3789080.1043954,0.540413145063185
0.160971597194,3744083.03362,0.589029528998396,3793085.3329933,0.552838202593036,3724698.28216,0.571679972718789,3724700.6165965,0.571679971642583,3727183.3175475,0.56416969812319,3729647.8175715,0.563934500950076,3727150.9510357,0.565175564669527,3726499.3762732,0.564415436389713,3757538.8497681,0.553650668679195,3758670.8198067,0.553040147048355
0.161792875752,3711946.49033,0.602098799090643,3765098.9804706,0.564724695381223,3689224.6894752,0.586042391783759,3689227.002901,0.586042390379067,3692020.2905996,0.578529922276208,3694126.1373654,0.578422538545765,3692020.3688263,0.579500660880107,3691370.8691958,0.578760569062085,3726740.9470336,0.566433415861076,3728038.5064865,0.565754880491726
0.162614154309,3677559.28784,0.61584766658948,3735225.2173393,0.577126370792896,3650240.6717408,0.601471262834442,3650242.957889,0.601471261394382,3653344.3035997,0.593959866711974,3654999.855893,0.594038936141507,3653403.4827215,0.594882687299972,3652744.397014,0.594168029572796,3693322.2304159,0.579968610864982,3694821.2863893,0.579211108299368
0.163435432866,3640992.29736,0.630261116464349,3703523.5015006,0.590030786796566,3607855.7840318,0.617943211539836,3607858.0368134,0.617943210372915,3611269.4875296,0.610435990814472,3612387.68427,0.6107580511566,3611413.8798733,0.611298494253803,3610731.377897,0.610614254867588,3657364.6113843,0.594239038411246,3659099.9702074,0.593391824968887
0.164256711423,3604080.63169,0.644789587742734,3671535.9139073,0.603027208626714,3564835.5773724,0.634638540485818,3564837.7959843,0.634638539867824,3568575.8559432,0.627133474894183,3569060.7934406,0.627730640818768,3568814.7264712,0.627931894537461,3568096.1487381,0.627280887958792,3620965.920239,0.608656323427317,3622945.2699206,0.607717010403908
0.16507798998,3562562.87164,0.660425059372766,3635728.7271768,0.616976486969792,3513306.2670219,0.653797141701684,3513308.4409232,0.653797144909112,3517564.383498,0.646277280777657,3516099.6448397,0.647576635022168,3518020.7187287,0.646962568096224,3517113.0429562,0.646387764196134,3578666.8355205,0.624650308033125,3580993.2814011,0.623592434329581
0.165899268537,3521045.1116,0.676104813574846,3599921.5404463,0.630954336141542,3461776.9566714,0.673021297362043,3461779.0858621,0.673021304280144,3466552.9110528,0.665483744517455,3463138.4962389,0.667489460487436,3467226.7109862,0.666055179456602,3466129.9371744,0.665557205570659,3536367.750802,0.640687558059379,3539041.2928816,0.63951039734874
0.166720547094,3476954.81825,0.694600682994357,3561537.2511027,0.645593567261585,3403034.7943449,0.694319325076224,3403037.1157933,0.694319267284769,3407776.9820678,0.686884626520705,3400745.2639549,0.690162184104554,3408789.6864479,0.687295052775299,3407557.3871743,0.686870348695199,3489273.5696182,0.657931282350675,3492382.6861667,0.656615242623993
0.167541825651,3431364.65522,0.714791852663383,3521648.379494,0.660635562346342,3340078.461684,0.716883497373981,3340081.1146095,0.716883330788939,3344465.6136688,0.709623311505957,3332844.0363377,0.714514499680235,3345888.3530078,0.709844260352144,3344550.5808406,0.709490332127218,3439377.694226,0.67591058554191,3442974.0678775,0.674443475087839
0.168363104208,3382657.5718,0.734877559279716,3479024.5380014,0.676149402197218,3271574.3928224,0.74088274770221,3271578.7880721,0.740882074667738,3275399.8136029,0.733831215691557,3257033.9308784,0.741015021883351,3277386.4714261,0.733827688813641,3275866.1435488,0.73355935774632,3385740.5057722,0.694784772768289,3389870.6949411,0.693154596184318
0.169184382766,3320814.24922,0.754214344080105,3424883.711651,0.69354910046265,3179741.0766892,0.770644680763279,3179753.164576,0.770641764551672,3182135.7359641,0.76394576891132,3147945.5894948,0.776271029241082,3185333.8116231,0.763572800967725,3183309.0190551,0.763455414208384,3316369.9535594,0.717250611988904,3321229.434009,0.715410102414714
0.170005661323,3258970.92664,0.773638597173094,3370742.8853005,0.711012795064066,3087907.7605559,0.800636290283702,3087927.5410799,0.8006309890253,3088871.6583252,0.794294019663417,3038857.2481112,0.811864148765531,3093281.1518202,0.793544653507348,3090751.8945614,0.793581040797139,3246999.4013466,0.739827686372689,3252588.1730768,0.737773229398523
0.17082693988,3144913.35189,0.803681950885925,3258534.3191754,0.744783442847645,2927801.0705337,0.852321444623627,2927824.2820809,0.852322421213627,2926959.8677038,0.846277296840767,2866797.3397229,0.867606239603625,2932206.8393298,0.845304703962617,2930306.9525033,0.845147112660555,3117531.0759771,0.780936658296146,3124450.9328816,0.778526499661639
0.171648218437,3034073.03456,0.840186680529415,3134107.321268,0.783565884053079,2802785.79965,0.895514359309415,2802711.4647408,0.895540331540923,2798996.5986641,0.890258045390486,2743903.9933156,0.910409461623563,2803702.0711947,0.889355463082775,2804304.6475676,0.888357840532836,2997233.3357693,0.820804465823854,3005417.0652071,0.817940691562307
0.172469496994,2938024.56677,0.872086966496129,3026690.7011063,0.81832548327784,2697024.1782305,0.933260547590817,2697101.5295773,0.933205903927708,2682625.5466327,0.931460523690322,2608841.2696283,0.958546446864398,2688361.8967508,0.930038972253258,2691013.4277793,0.928259207946545,2896384.4614416,0.855338494906,2906856.8085381,0.851499871466103
0.173290775551,2853454.36057,0.90074315816547,2929513.08228,0.850565140264982,2592995.9548162,0.970803013117232,2593112.0370232,0.970768849930221,2564041.6918276,0.973549410997672,2474805.2692505,1.00699668160517,2572044.1235051,0.971345115030333,2575001.0310498,0.969701314324648,2802427.9263628,0.887756340500971,2814594.0103596,0.883577764782001
0.174112054108,2775868.45874,0.92738132432556,2839206.9040385,0.881039172473754,2496971.315184,1.00503255310549,2496777.3791118,1.00517231312547,2452377.0137839,1.01293607221941,2370731.1624731,1.04429845911396,2461850.1544064,1.01029216838765,2463625.5584824,1.00936703434548,2716435.9263806,0.916851509666753,2727560.4851388,0.913480769646461
0.174933332665,2702731.71069,0.952580768459904,2753305.8544832,0.910366569417958,2424792.5789782,1.03080481145221,2424712.4629106,1.03082646275115,2369864.8477747,1.04321576627336,2290914.9984887,1.07387011919084,2378987.965799,1.04056618571342,2379750.6903259,1.03960985965082,2637600.0081781,0.944116746811719,2648309.7971155,0.940332222515383
0.175754611222,2633528.4466,0.976422892355489,2670207.9600768,0.939012846303726,2376346.2453307,1.04898607951411,2376462.9502077,1.04884144327037,2317269.7192265,1.06418482772176,2226661.2872004,1.0996713943297,2326590.0492904,1.06128878401418,2325436.0435189,1.0606461940909,2563908.8697834,0.970872173102212,2574382.7399054,0.966517431594669
0.17657588978,2568989.50582,0.998637648501051,2589202.500459,0.96722123534415,2346615.8221308,1.06014691332593,2346687.0657014,1.06011447304874,2288238.7783959,1.07565961374669,2182911.2018034,1.11721798222092,2298272.9586338,1.0724802682063,2294529.5392497,1.0731815186766,2498884.4323359,0.994492876195976,2506044.2278435,0.991890257408051
0.177397168337,2510680.60393,1.01870560487679,2509777.3737419,0.995232204373141,2333324.5509967,1.06414821947051,2333310.3460752,1.06420684629599,2278864.1965276,1.07856211987101,2162627.9027835,1.12422859841599,2289253.2014765,1.0753171630545,2284874.4254822,1.07652293771752,2446768.1049874,1.01257658901908,2448938.9328903,1.01257364234591
0.178218446894,2458010.40124,1.03694023810272,2430940.2233389,1.02348016360372,2328155.4126081,1.06485940032986,2328161.4098815,1.06492690510057,2284411.7136538,1.07553511611937,2159763.8197644,1.12426980088289,2294705.2999679,1.07239999343724,2289731.7038507,1.07390423921573,2403148.0146635,1.02782886917384,2401365.8273409,1.02909221793687
0.179039725451,2410503.57525,1.05362592854643,2351809.1336635,1.05241082382519,2329805.4456366,1.06329748217885,2329789.30726,1.06332155336894,2297961.2232615,1.07015695199154,2176813.6488189,1.11703549325803,2307531.564118,1.06730343554716,2303212.0850775,1.06831128739945,2364712.1987481,1.04271719480676,2359460.7792563,1.04393111258468
0.179861004008,2366940.69451,1.06943131386203,2270770.4977797,1.08288002889878,2333485.5423901,1.06171586942828,2333484.1057217,1.06167550218895,2311780.5211455,1.06546994851181,2202132.1051986,1.10798024119736,2320234.1800223,1.06301585422341,2316472.443155,1.06362564539071,2325873.8011097,1.0585482742727,2319186.4684241,1.05996770508654
0.180682282565,2323750.72435,1.08589280020362,2185741.8822836,1.11596248785813,2337146.3008669,1.06043475951436,2337150.2733128,1.06039085343434,2321924.3597128,1.06216163793222,2228960.0205596,1.09869885138839,2329320.7899997,1.06009096160151,2326131.4605407,1.06053360262261,2282631.4691685,1.07470342412281,2273573.1507175,1.07828931559112
0.181503561122,2276289.67484,1.10520393225692,2093807.7727946,1.15312917610938,2339156.9784007,1.05961880588222,2339153.1086865,1.05961104017867,2326220.9100551,1.06050260552076,2250143.4315151,1.09087085469429,2332849.1167012,1.05873871168191,2330363.5948821,1.05915233050861,2228254.8295412,1.0943766517983,2217367.3925525,1.09937601437413
0.182324839679,2215015.56901,1.12994518033865,1991523.4477942,1.1962998968131,2337105.7319259,1.06004213422262,2337114.9526011,1.06006258189073,2323394.2508081,1.06118031551105,2259295.7519484,1.08653745636586,2329399.1974909,1.05963721992092,2326803.2780032,1.06015760356625,2149870.0118138,1.12345215086362,2139126.8624612,1.12811438031405
0.183146118236,2136264.47152,1.1656498214978,1905433.6238093,1.23184866548206,2254286.3852994,1.09120753660319,2254279.4516676,1.0912328212237,2247466.2125005,1.08973679556153,2199009.1018214,1.10912814027397,2251781.7226896,1.08877851729432,2248524.5368655,1.08942866835497,2062808.525069,1.15706909804478,2052881.3627913,1.16096238316586
0.183967396794,2084337.58274,1.18937860602754,1860639.8159612,1.24966791497271,2172020.9679238,1.12274018266293,2172010.9085014,1.12275977123762,2170456.0805037,1.11911708016747,2132086.0499495,1.13489347276674,2173314.5274189,1.1187159865191,2170544.3465766,1.11915088307559,2008981.2532506,1.17818719420934,1999168.5506669,1.18203632619716
0.184788675351,2032410.69397,1.2133501640201,1815846.0081132,1.26765373863536,2089755.5505482,1.15470622934986,2089742.3653353,1.15471933646437,2093445.9485068,1.14887470738054,2065162.9980777,1.16095432856488,2094847.3321482,1.14905301421938,2092564.1562877,1.14925432557853,1955153.9814321,1.1995356785081,1945455.7385424,1.20333070796498
0.185609953908,1982620.09422,1.23501714168677,1773918.3785457,1.28466016645695,2012573.8481682,1.18513849401835,2012554.7737386,1.18514888817396,2018505.6900614,1.17829049593168,1996611.1150194,1.18805801407313,2019026.2929933,1.17878447717065,2017171.7524899,1.17884340417297,1900728.9137961,1.22127829579573,1891410.5612262,1.22496579685737
0.186431232465,1934723.73109,1.25461522323388,1734536.4652599,1.30078880944186,1939922.3683317,1.21418651677084,1939895.0351078,1.21419837070677,1945408.7506649,1.20742748486853,1926607.7418852,1.21617079111729,1945565.3071243,1.20799647554858,1944084.1506947,1.20799966050894,1845756.6242892,1.2434055304521,1837055.5495172,1.24694505643974
0.187252511022,1886827.36796,1.27441315894764,1695154.5519741,1.31706568029282,1867270.8884952,1.24365436698557,1867235.2964769,1.24366814892132,1872311.8112685,1.23698486490916,1856604.3687511,1.24469449868353,1872104.3212553,1.23764714719729,1870996.5488996,1.2375806876041,1790784.3347823,1.2657966341429,1782700.5378081,1.26918934991864
0.188073789579,1837451.09678,1.29509416449021,1655858.4355808,1.33346000072877,1798884.8978183,1.27203641984986,1798866.6602041,1.27203791230698,1802186.2660271,1.2661180294075,1788358.9450888,1.27313557127494,1802620.1215908,1.26630636063039,1801061.3560416,1.2666225147826,1733694.2537864,1.28956188410673,1726430.3365393,1.29269915121289
0.188895068136,1787618.70313,1.31621608779348,1616589.2677303,1.35000235641782,1731811.0985622,1.30035553596232,1731818.0937393,1.30033926541489,1732978.4297729,1.29544365520493,1720661.3915091,1.30186992258954,1734361.8952911,1.29492753070468,1732099.0126378,1.29581453868378,1675959.038215,1.31398207327777,1669576.6916807,1.31682550928016
0.189716346693,1737781.23006,1.33759522140208,1577321.1201582,1.36671548431937,1664751.2308043,1.32911780390504,1664783.5176581,1.32908246097776,1663784.6881964,1.32528131624447,1652977.5255075,1.33110888520829,1666119.0548983,1.32399301518839,1663150.7545292,1.32551050738203,1618224.4836088,1.33876024773399,1612723.6840651,1.34130317602906
0.190537625251,1686340.67926,1.35969356193374,1538816.5359519,1.38328227228465,1604648.3679653,1.35582872141288,1604701.8438893,1.35578554447299,1602561.0682774,1.35244690129064,1593062.0048376,1.35755890771373,1605170.0397408,1.35110308516883,1602112.5447777,1.35257325945755,1562291.2031686,1.36355178343766,1557615.903073,1.36579008315392
0.191358903808,1634900.12846,1.3820867485477,1500311.9517455,1.40002912947796,1544545.5051263,1.38299482025845,1544620.1701204,1.38294191992055,1541337.4483585,1.3800955015331,1533146.4841676,1.38443660707491,1544221.0245832,1.37864014355716,1541074.3350263,1.38010751034409,1506357.9227284,1.38872799515575,1502508.1220808,1.39065292176888
0.192180182365,1583650.53159,1.40467990713878,1462165.9033661,1.41681968756003,1486465.471883,1.40975212709114,1486546.8569277,1.40969962330117,1482489.0574278,1.40717902124186,1475350.1475364,1.41090447678871,1485161.4819139,1.40598511370981,1482370.9824565,1.40711340749695,1451622.7872014,1.41390211870653,1448558.6415833,1.41551584567229
0.193001460922,1533016.91455,1.42720779345891,1425162.8202546,1.43332453599823,1434827.4622249,1.43405287219651,1434869.4530416,1.43404010602682,1431198.5653757,1.4311760164381,1424291.6067753,1.43494174091368,1432117.0290477,1.43167418344632,1431096.8774161,1.43118979039679,1400707.0983358,1.43811341532399,1398301.5268564,1.43944574828841
0.193822739479,1482383.29751,1.45007855995806,1388159.7371431,1.4500265544761,1383189.4525669,1.45880648952686,1383192.0491556,1.45883567880006,1379908.0733236,1.45554017970161,1373233.0660142,1.45931706666354,1379072.5761815,1.45785985353062,1379822.7723757,1.455640203793,1349791.4094702,1.46273236986394,1348044.4121295,1.46377312248173
0.194644018036,1433281.97502,1.47260558208844,1352196.1859906,1.46650022232492,1336080.4340395,1.48165186375493,1336040.8343489,1.48172008716649,1332653.8828021,1.4786378464714,1325603.8362771,1.48297916524283,1330516.8550768,1.4823018291158,1332600.7957136,1.47881775153645,1302079.1244855,1.48647775542331,1300868.9003804,1.48727779093486
0.195465296593,1385869.33695,1.49469180894577,1317376.9126126,1.4826909145275,1293952.2751179,1.50219734553636,1293867.6147748,1.50230201249214,1289833.2886501,1.50020207582844,1281742.7849745,1.50580208100305,1286900.5841115,1.50465707090071,1289830.577695,1.50045823621963,1257891.4788032,1.50915471608123,1257083.9509495,1.50977576217986
0.19628657515,1338456.69888,1.51714533983547,1282557.6392347,1.49909014451678,1251824.1161962,1.52305415442348,1251694.3952008,1.5231995217378,1247012.694498,1.52204528824039,1237881.7336719,1.52899493471929,1243284.3131461,1.52743781409435,1247060.3596763,1.52239318913579,1213703.833121,1.53222406349517,1213299.0015186,1.53265992979972
0.197107853707,1294628.39377,1.53830710351604,1249671.5126193,1.5148714050007,1215090.2830522,1.5417748194807,1214973.8230585,1.54189494426267,1208643.9968815,1.54294306658597,1198956.1816799,1.55065040778535,1206183.6907921,1.54677774562325,1208780.5329324,1.54323995311842,1174625.596511,1.55334904997865,1174454.1908168,1.55368272955981
0.197929132265,1252242.19213,1.55912960864334,1217562.8023229,1.53051690227935,1180520.5370242,1.55971312649369,1180440.8176391,1.55977926590581,1172063.6045504,1.56366054750545,1162015.9666893,1.5719262969737,1171699.3998397,1.56479413645585,1172304.0232759,1.56384363731111,1137600.8284445,1.57385629157758,1137594.9346241,1.57412300698608
0.198750410822,1209855.99048,1.58031259249574,1185454.0920264,1.5463747872033,1145950.7909961,1.57785150521863,1145907.8122198,1.57786234380354,1135483.2122192,1.58472841565119,1125075.7516987,1.59363810069281,1137215.1088873,1.5830320588279,1135827.5136194,1.58479581497775,1100576.060378,1.59471075728957,1100735.6784314,1.59491060488703
0.199571689379,1173232.75248,1.59903188996307,1156216.9085435,1.56116136361257,1115853.1609622,1.59522662814198,1115874.407793,1.59515936048452,1105040.7619593,1.60317724215717,1095560.3998641,1.61085909211905,1108506.3970601,1.59898587283884,1105390.3272558,1.60308186950112,1069985.7996781,1.61261614034768,1070217.6505569,1.61274940480334
0.200392967936,1136910.90577,1.61789933081417,1127129.8040011,1.57607477392255,1085987.5956299,1.61278401643677,1086074.3921037,1.61263219294004,1074919.8679639,1.62181216375763,1066432.8518186,1.62811307297919,1080096.3258026,1.61494396265205,1075269.6478484,1.62153980259462,1039730.9652714,1.6306140751766,1040030.3052571,1.63067922813382
0.201214246493,1101783.07471,1.63647575755486,1098626.164308,1.59092558118775,1056930.7188367,1.63025715961577,1057069.9436959,1.63003584505386,1046046.4429282,1.63986801491381,1038511.7161179,1.64476845134664,1052402.0278102,1.63095806379545,1046400.6123948,1.63941328290633,1010581.9424177,1.64828637731706,1010938.2971619,1.64828376728596
0.20203552505,1071830.82789,1.65266678577663,1072651.6355462,1.60479438154943,1031383.5197956,1.64653303809475,1031518.0908026,1.64633064678601,1022576.4683356,1.65407932376902,1015808.6255957,1.65769124828957,1027807.6425205,1.64678638187334,1022953.5983657,1.65346390192403,986222.22283042,1.66355044892068,986589.87521343,1.66348610255016
0.202856803607,1041878.58107,1.66909942274973,1046677.1067844,1.61884699575207,1005836.3207546,1.66309584239493,1005966.2379093,1.66291091596861,999106.49374288,1.6685003576897,993105.53507349,1.67073271083552,1003213.2572308,1.66282514458317,999506.58433667,1.66771264033768,961862.50324314,1.67902071207856,962241.45326496,1.67888996549445
0.203678082164,1014497.63371,1.6844057609019,1021983.3282241,1.63247445587803,982376.68142086,1.67826652534271,982480.00838052,1.6781324924227,977660.34831318,1.68150909362713,972043.73265073,1.683052814333,980271.18444413,1.67831930397781,978096.57409474,1.68061151809663,939515.48865555,1.69351458038838,939852.80690039,1.69338157029645
0.204499360721,990601.316497,1.69803150569333,999025.42163418,1.64543175993223,961747.06429593,1.69136413116996,961794.21719949,1.69133033474435,958953.08971136,1.692424110128,953203.25067065,1.6943010849173,959570.44130242,1.69300138154035,959443.12957112,1.69151230167109,919894.78231141,1.70655792814918,920118.62605515,1.70651561474512
0.205320639279,966704.999281,1.71183890071059,976067.51504424,1.65855866863632,941117.44717099,1.70467075748834,941108.42601846,1.70474111032792,940245.83110953,1.70341603442593,934362.76869057,1.70560091740615,938869.6981607,1.70793352494206,940789.6850475,1.70248646373524,900274.07596726,1.71975787252121,900384.44520992,1.71980708461484
0.206141917836,946296.011494,1.72388876676646,954952.0604422,1.67093033031072,923171.91114343,1.71571090742893,923122.26441427,1.71585512254184,923307.33410931,1.7136808139283,917016.1541558,1.71706555950869,920828.8283628,1.72064406980149,923869.08606386,1.71290753646047,883001.12921738,1.73160812070993,882955.92037067,1.7318207107841
0.206963196393,927669.754162,1.73507528791461,934778.71806978,1.68297507342769,906597.35418202,1.72559248383009,906515.09681055,1.72579642036623,907272.04920459,1.72357742871264,900432.53473168,1.728671898064,904147.80926304,1.73226164098062,907833.26245523,1.72305669029305,866927.86420274,1.74280578624965,866705.73027788,1.74322346737851
0.20778447495,909043.49683,1.74638936107211,914605.37569735,1.69517287657295,890022.79722061,1.73556656299494,889907.92920682,1.73583386339269,891236.76429987,1.73351054694574,883848.91530757,1.74037230336391,887466.79016328,1.74404780331065,891797.4388466,1.73324986944634,850854.5991881,1.75412127022769,850455.54018508,1.75475109507193
0.208605753507,894188.818016,1.75570649898891,896651.46674268,1.70635653084333,875553.3245811,1.74433542268783,875439.41961897,1.74458431143974,876579.92849197,1.74392404283716,868541.58705482,1.75251311910991,873315.44098583,1.75317118210331,876882.32237916,1.74419805185711,836997.61387675,1.76409925798896,836492.46756184,1.76484198435919
0.209427032064,879758.528931,1.76486997529996,878947.55848779,1.71753836267921,861319.9957728,1.75299633754402,861210.81553873,1.7532181090725,862077.88010763,1.75446006166416,853377.70490023,1.76485672027986,859447.97559737,1.76205092299024,862092.62060413,1.75532117113935,823389.74784444,1.7740059504443,822786.5826312,1.77485420524819
0.210248310621,865732.235839,1.77390099197701,861531.3498178,1.72870025145317,847259.97605538,1.76174012761611,847157.72005143,1.76192771347741,847666.90085361,1.76519238974939,838458.19981373,1.77713097332989,845767.42178354,1.77085029722115,847410.69836002,1.76659077129135,809993.00142184,1.78388081445938,809308.33630904,1.78481088648345
0.211069589178,854271.810925,1.78160910259353,845945.16854722,1.73899242255045,834300.79923647,1.77082967192289,834219.41774901,1.77093248807528,833831.33833793,1.77680120458009,825101.65270774,1.78798868865073,833271.4526084,1.77873260569337,833416.80510029,1.7782716449538,797936.50161772,1.79303830152806,797275.41198069,1.79386880502068
0.211890867735,842811.38601,1.78937743022417,830358.98727664,1.74939892407671,821341.62241756,1.7799588525936,821281.1154466,1.77997492474928,819995.77582226,1.78856617085608,811745.10560175,1.79900871708183,820775.48343325,1.78664008447836,819422.91184056,1.79011685556887,785880.00181359,1.80228123412114,785242.48765233,1.8030094272591
0.212712146293,832007.467801,1.79688092607296,815431.28775264,1.75955556908566,808470.32251466,1.78969509010554,808445.98135773,1.78961396724856,806592.27388665,1.7999945244887,799083.46473349,1.80911291912625,808553.73145401,1.79465193746696,805971.70902067,1.80139910579262,774194.17266831,1.81133558670314,773592.28922069,1.81194751026251
0.21353342485,822305.977083,1.80388779722871,801610.75672532,1.76919557546744,795744.07053146,1.80047175515529,795781.72968852,1.80027520987064,793919.03314756,1.81073430579754,787588.56036075,1.8175062851429,796793.00771648,1.80282200956829,793435.23200853,1.81159174264697,763131.36872934,1.8200039492458,762585.11173811,1.8204766405714
0.214354703407,812604.486366,1.8109439075626,787790.22569799,1.77893758596202,783017.81854825,1.81135934042546,783117.47801932,1.81104203284975,781245.79240848,1.82163675116223,776093.655988,1.8259871699939,785032.28397895,1.81101800496192,780898.75499639,1.8219292868972,752068.56479036,1.82875222429866,751577.93425553,1.82907962577539
0.215175981964,803371.175426,1.81788149701072,774847.16573133,1.78827661564248,770412.94884137,1.82252271635333,770542.6165089,1.82217071168106,769507.84052814,1.83102454290264,765088.68326911,1.83373964950786,773445.4390596,1.82000732625155,769237.14329208,1.83091133694805,741427.08393332,1.83713792683437,740941.95183607,1.83744727125496
0.215997260521,794436.425777,1.82475813138956,762465.05690558,1.79738201993693,757887.35018029,1.83394084430156,758026.29181213,1.83361095142806,758366.90165937,1.83944110182637,754396.21787436,1.84101744290719,761969.02168243,1.82955118833765,758134.04212516,1.83902230787788,731054.79523711,1.84530756708612,730543.02179893,1.84568325845165
0.216818539078,785501.676128,1.83168178846845,750082.94807982,1.80657945009843,745361.75151922,1.84553206588604,745509.96711536,1.84522292147281,747225.96279059,1.84794884478973,743703.75247962,1.8483333914709,750492.60430526,1.83916934236961,747030.94095824,1.84721183337437,720682.5065409,1.85354453800298,720144.09176178,1.85398671218709
0.217639817635,776644.204744,1.83875021686326,738676.12367799,1.81528818884206,733868.28511987,1.85527994837927,733969.75106722,1.85509196187605,736628.16422962,1.85547775157091,733263.30626504,1.85562245071054,738825.58092729,1.85009557033603,736469.41306921,1.85461793567303,710571.9468456,1.86173083989545,710010.03419455,1.862289015556
0.218461096192,767800.312989,1.84588554920415,727445.33322758,1.82397358776321,722561.73299467,1.86479368774451,722606.49859486,1.86474870755114,726128.03895909,1.8628591529489,722868.25610517,1.86292221758023,727123.90124968,1.8613932952733,726005.3188855,1.86190773634711,700508.31879494,1.86996026067583,699923.66256375,1.87064737190341
0.219282374749,758934.803754,1.85309642594147,716291.28137908,1.83269653802615,711348.11829152,1.87425777613893,711339.25274161,1.87435283938514,715650.85127375,1.87027335709376,712493.66141718,1.87029377734096,715471.6817766,1.87275445758449,715566.14934106,1.86924117483618,690445.28837448,1.8782923876605,689847.00467817,1.87910066365138
0.220103653307,749832.153778,1.86063048418876,705972.1365312,1.84098920574453,701141.75710617,1.88183470876843,701112.55326032,1.88199327132538,705422.82026796,1.87761690713196,702342.69943824,1.87824473965033,704373.47956091,1.8831613494936,705397.74999747,1.87668578213966,680387.79548681,1.88709844999277,679874.99176449,1.88789342147368
0.220924931864,740729.503803,1.86822124392649,695652.99168332,1.84935756783641,690935.39592083,1.88947815640374,690885.85377903,1.88970306585197,695194.78926217,1.88498331671414,692191.7374593,1.88622695513776,693275.27734522,1.89372807049056,695229.35065389,1.88415399913569,670330.30259913,1.89598682143,669902.97885082,1.89677038991272
0.221746210421,731515.434941,1.87597125169517,685565.32664031,1.85765849992126,680906.69816927,1.89695329377665,680842.37200964,1.89722535591223,685047.69970851,1.89254756052753,682015.02399249,1.89476518506401,682534.63940845,1.90362400692418,685137.17037464,1.89189989764975,660305.28429985,1.90498865150939,659950.67310451,1.90578344388877
0.222567488978,722065.832258,1.88399645074923,675966.75686723,1.86572383313589,671253.00447663,1.90397284484995,671185.60523844,1.90424710487685,675071.90289001,1.90050878934702,671782.41236756,1.90448250066375,672548.15819294,1.91186726901392,675206.15860625,1.90021621849713,650349.56366064,1.91413917477476,650040.15351821,1.91499250994669
0.223388767535,712616.229575,1.89208777615843,666368.18709415,1.87386148596861,661599.310784,1.91102430500466,661528.83846723,1.91130205259935,665096.10607151,1.90850119108692,661549.80074263,1.914290818024,662561.67697743,1.92019969285893,665275.14683786,1.90857280352388,640393.84302143,1.92338740147989,640129.63393191,1.92430269636593
0.224210046092,703014.306416,1.90037546334181,657090.69292006,1.88186320329811,652147.04383175,1.91824279846674,652076.14360503,1.91849935084555,655133.93991436,1.91736350578829,651195.53068815,1.92492522805741,652846.16623849,1.92798498545148,655200.31005377,1.91802594422101,630631.01982262,1.9324365776949,630388.71907369,1.93334112807782
0.225031324649,693291.955486,1.90883668066792,648067.2157111,1.88976768145164,642854.15431666,1.92559404467726,642784.91053494,1.92580892830988,645181.96354096,1.92696164274954,640745.48682859,1.93628874619175,643344.80168398,1.9353188086125,645010.5048402,1.92841193298721,621021.07437188,1.94133965271635,620782.53723302,1.94217295719602
0.225852603206,683569.604556,1.91737381126862,639043.73850214,1.89774247617391,633561.26480157,1.93296997912194,633493.67746485,1.93314293041327,635229.98716756,1.93664528032047,630295.44296904,1.9478280722251,633843.43712946,1.94269646251504,634820.69962662,1.93891387798811,611411.12892113,1.95033547271725,611176.35539236,1.95109746741849
0.226673881764,673757.224887,1.92607047486643,630393.42742587,1.90553344813079,624493.7059058,1.941138364124,624438.78399137,1.94122718570778,625106.53862592,1.94763606172322,620388.01883569,1.95826938206469,624592.88177979,1.94996726455245,624574.62909911,1.95010303187611,602060.34745144,1.95913477873041,601979.64196653,1.95933608442863
0.227495160321,663921.812978,1.93486917229755,621839.13183928,1.91332590895016,615484.09227321,1.94954748252471,615444.69118732,1.94953911991165,614938.98744457,1.95910134499655,610621.34136839,1.96853813477002,615406.88415165,1.9572255030441,614315.1486338,1.96160880399011,592776.13625972,1.96794468715083,592888.35294904,1.96744007313131
0.228316438878,654087.762183,1.94375194315909,613297.64190091,1.9211785757853,606464.84210511,1.95806664738683,606442.06759952,1.95795784507219,604790.3367706,1.97070411236363,600886.95276284,1.97888633810286,606231.55587259,1.96452276530916,604085.11934052,1.97323132294828,583499.0511323,1.97684130480845,583805.77939696,1.9756160600585
0.229137717435,644296.817471,1.95269662573825,605138.53536146,1.9288258540323,597136.08498984,1.96859939735518,597163.32042852,1.96836717798933,595237.90982378,1.9811951812017,592105.68858071,1.98686887012213,597376.88671826,1.97228307521872,594748.18721985,1.9828597260408,574435.33238975,1.98579555396114,574974.77273698,1.98409109109537
0.229958995992,634505.87276,1.96172963868305,596979.42882202,1.93653961999861,587807.32787457,1.979258623754,587884.57325753,1.97889729279183,585685.48287696,1.99185704301964,583324.42439859,1.99493680848886,588522.21756393,1.98007411839514,585411.25509918,1.99263157005829,565371.61364721,1.9948398204677,566143.766077,1.99263441504165
0.230780274549,624763.251833,1.97081486213563,588913.46628471,1.94425218546518,578478.86900437,1.99011038582963,578593.11907947,1.98966206844196,576422.02935307,2.00193963017107,574677.47760719,2.00277569497279,579707.93093502,1.9882760075902,576325.37469125,2.00191821091548,556403.84207376,2.00388417321784,557307.75839223,2.00156103564744
0.231601553106,615152.021138,1.97988314201783,581100.04013393,1.95184101966854,569155.16621611,2.00127708512018,569270.74491772,2.00087026500568,567940.7572113,2.01009604367664,566394.29909684,2.00981257787253,571002.22087529,1.99756994633438,567919.10202518,2.0095891323303,547696.91212631,2.01276219129643,548458.07001001,2.01143151873463
0.232422831663,605540.790442,1.98904511097473,573286.61398315,1.95949661916531,559831.46342786,2.01262889790362,559948.37075598,2.01226292664626,559459.48506953,2.01834811154299,558111.12058649,2.01689015395325,562296.51081556,2.00694514500918,559512.8293591,2.01733675850525,538989.98217886,2.02172992866226,539608.38162779,2.02141883676382
0.23324411022,596083.483032,1.99817358247876,565632.2347037,1.96709455979657,551009.32651836,2.02278768933181,551103.31169734,2.02252171882985,551269.13524225,2.02597298195992,550010.14573124,2.0238855908811,553512.78912477,2.01726100575117,551377.04731686,2.02462668671989,530515.87389249,2.03060251792769,530870.22531272,2.03152248406995
0.234065388778,586776.294212,2.00726893053128,558132.81945832,1.97463523808397,542676.19286979,2.03173941234348,542723.83939166,2.03163467052787,543361.95185384,2.03294887415043,542086.68225743,2.03078742284363,544652.83634651,2.02855879065245,543504.60998483,2.03144033192122,522268.56744572,2.03937894847386,522241.38293669,2.04175318164052
0.234886667335,577469.105391,2.01646137277921,550633.40421294,1.98224322799343,534343.05922122,2.04082329259133,534344.36708598,2.04088480991097,535454.76846543,2.0399699643105,534163.21878363,2.03771159062239,535792.88356825,2.04003276542101,535632.1726528,2.03829011187597,514021.26099895,2.04824320689916,513612.54056067,2.05212848870676
0.235707945892,568449.669993,2.02550032451607,543353.04740062,1.98973629750411,526640.83455672,2.04834797402306,526619.2933296,2.0485047426775,527837.14051026,2.04673355014979,526509.51269946,2.0449590682779,527348.15969156,2.05079563885356,528054.0629565,2.04507866512758,505991.45064899,2.05741017441223,505475.80125139,2.06131659510034
0.236529224449,559529.542804,2.03454710455415,536148.2413472,1.9972319142814,519155.85817417,2.05536358122034,519119.54903323,2.05559256468529,520319.3301273,2.0534172247556,518948.89389536,2.05233809169364,519047.93332239,2.06142324771833,520577.43029608,2.05185686824786,498036.45675835,2.06675381872254,497509.0808269,2.07015331615194
0.237350503006,550609.415615,2.04369266629184,528943.43529378,2.00479549866991,511670.88179162,2.06244714036132,511619.80473687,2.06275138239656,512801.51974434,2.06012278728137,511388.27509126,2.0597464766854,510747.70695323,2.0722341242751,513100.79763566,2.05865681050014,490081.4628677,2.07620678409287,489542.3604024,2.07909945566256
0.238171781563,542117.121766,2.05254667522982,522016.13109817,2.01218300605781,504690.60401639,2.06867602884852,504636.43463262,2.06899052379846,505642.37700688,2.06712321277775,504020.1078901,2.0685435055338,503488.41472557,2.08017525728158,505987.39389439,2.06601930141124,482377.63085558,2.0858279612695,482308.52739394,2.08640042359923
0.23899306012,533633.312583,2.06148761920815,515094.31206599,2.01963172803932,497720.20160047,2.07491786818229,497663.16368366,2.07524267743427,498490.34903826,2.07415235507452,496655.52332192,2.07744301081867,496249.35194082,2.08815524951041,498881.18297115,2.07342392442649,474678.88147725,2.09557631597678,475089.08857222,2.09372297112296
0.239814338677,525249.633137,2.07043264336008,508232.56257214,2.02709379145371,490835.78311754,2.0811873181276,490776.57171441,2.08151359121929,491405.41640856,2.08142625005185,489259.15065918,2.08681817771317,489138.23758648,2.095869866442,491787.00584898,2.08122702586964,467101.66768532,2.10516029093586,467976.44247787,2.10107570344336
0.240635617234,517225.862493,2.0791314248455,501586.69433877,2.03442406805679,484260.26043872,2.08746878578678,484201.3599729,2.08776017407915,484561.24183035,2.08953792056997,481747.73684029,2.09775029391602,482486.11955768,2.10233595904728,484734.38517045,2.09041572736509,459962.34827505,2.11378696709327,461246.73584376,2.10838525592398
0.241456895792,509202.091849,2.08792403245027,494940.82610541,2.04182089578516,477684.73775991,2.09376925796516,477626.14823138,2.09402573582891,477717.06725214,2.09770442397733,474236.3230214,2.1088515720274,475834.00152888,2.10884612385153,477681.76449192,2.09969411956143,452823.02886478,2.12251838718424,454517.02920966,2.11573958015817
0.242278174349,501390.220259,2.09660465416737,488418.31502286,2.04916809751485,471272.71576871,2.10037631153525,471215.57589129,2.10057929552669,470789.64979655,2.1069163792777,466941.86167229,2.11961128747418,469348.41323224,2.11515181543535,470566.12477083,2.10972801937681,446007.92186441,2.13053980415526,447823.88082868,2.1238250226504
0.243099452906,493832.423266,2.10512537419929,482043.70966926,2.05643929742236,465056.71580831,2.10735407218259,465002.3957666,2.10748026615414,463761.38321439,2.11743656248576,459909.46993433,2.12991679529341,463062.36191435,2.12118412380112,463375.25371745,2.12070203265681,439581.42331449,2.13765032482101,441173.96873922,2.13281193084698
0.243920731463,486274.626273,2.11373825930294,475669.10431565,2.06377742466226,458840.7158479,2.11436114854104,458789.21564191,2.11440908276291,456733.11663223,2.12810728060347,452877.07819636,2.14039992471956,456776.31059646,2.12723472751793,456184.38266408,2.13185165703495,433154.92476457,2.1448178810826,434524.05664977,2.14189341731919
0.24474201002,479035.204232,2.12211716998385,469479.39086815,2.0709992336882,452629.59068485,2.12262296059794,452609.3067503,2.1225267842348,449882.12379859,2.13873510351812,446523.72238096,2.14878286122065,450711.56605984,2.13340986872326,449399.22331691,2.14194981813328,427049.12486145,2.15180182583383,427923.81170085,2.15160577209129
0.245563288577,471937.601267,2.13043718295863,463372.03864484,2.07820402689189,446420.08201014,2.1315065889521,446443.7233251,2.13123239404449,443111.49417076,2.14944667592109,440472.40355087,2.15625578287669,444745.42440333,2.13964852649361,442795.75300863,2.15165508808465,421085.87329141,2.15872364459697,421346.0719864,2.16168727952919
0.246384567134,464839.998302,2.1388470303094,457264.68642152,2.08547593786078,440210.57333543,2.14047638947097,440278.13989989,2.14001811470468,436340.86454293,2.16034659331795,434421.08472078,2.16382386065949,438779.28274682,2.14590329018031,436192.28270036,2.16152198557319,415122.62172137,2.16568858873362,414768.33227195,2.17191500770491
0.247205845691,458157.647532,2.14690008920013,451401.60194011,2.092561683372,433806.76907158,2.1508617076274,433896.15263812,2.15035816463518,430466.56935596,2.16830376899113,428863.01577603,2.16981086512348,433124.88215806,2.15280361051691,430434.90323782,2.16862812625074,409294.21871289,2.17379856585568,408670.56852831,2.1807319029958
0.248027124248,451507.077835,2.15500254920612,445557.21526278,2.09969274301863,427388.24604183,2.16150699592015,427497.63293494,2.16096631334241,424660.70289512,2.17613015959814,423342.51047524,2.17571138580926,427494.35392564,2.1597844102125,424741.97347709,2.17559385740948,403475.99416062,2.18207037636891,402609.79756088,2.18954790872548
0.248848402806,444927.764479,2.16311232918893,439755.63355855,2.10684487603294,421050.89803908,2.17201037130675,421170.76646411,2.17146614256107,418953.74417405,2.18370364196465,417872.56369551,2.18155898854807,421854.25693826,2.16714298588527,419130.69850043,2.18238260026063,397677.2480058,2.19057015922119,396661.39600889,2.1980987363115
0.249669681363,438706.492246,2.17090455166488,434169.1542411,2.11383089932203,415125.24923619,2.18109236797127,415208.20477534,2.18072979372424,413742.48952419,2.18953313150615,412656.31762504,2.18696582348359,416163.43476246,2.17631138563149,413928.83584315,2.18792613352095,391977.0248992,2.19990548127858,391277.38901848,2.20478658959713
0.25049095992,432485.220013,2.17877711237894,428582.67492365,2.12088136327984,409199.60043331,2.19032167023918,409245.64308658,2.19014530683076,408531.23487434,2.19540839185351,407440.07155456,2.19238708260164,410472.61258666,2.18558490502879,408726.97318587,2.1935030103928,386276.80179261,2.20936412813079,385893.38202808,2.21153741190543
0.251312238477,426428.680853,2.18654111926269,423097.70618515,2.12788520466388,403604.56413203,2.19845052585723,403620.70114644,2.19843421820373,403443.85947136,2.20101891683293,402327.01525076,2.19787490668128,404761.2273564,2.19538343130275,403644.54054075,2.19894201813106,380715.84365943,2.21860398203647,380712.7963702,2.21795104362124
0.252133517034,420616.115379,2.19409823923435,417763.08627925,2.13478492673909,398498.56880829,2.20482206622867,398495.1903861,2.20492381906444,398539.76434283,2.20619389352845,397366.83287521,2.20345202459585,399020.49372783,2.20594439465567,398738.87591395,2.2041462764234,375361.5155761,2.22744989809926,375833.19100065,2.22381292569404
0.252954795591,414803.549905,2.20173236022047,412428.46637336,2.14174871312974,393392.57348456,2.21126754984656,393369.67962576,2.21149094413152,393635.6692143,2.21138494627591,392406.65049966,2.20904053033634,393279.76009927,2.21668135956398,393833.21128714,2.20936374589839,370007.18749276,2.23641920611711,370953.5856311,2.22970731112104
0.253776074148,409238.318244,2.2091457082622,407250.5440119,2.14859691847035,388571.26912972,2.21684401385206,388538.53981429,2.21713468153248,388877.43333199,2.21660788854631,387632.38846684,2.21498326165905,387966.22129799,2.22587546933412,389091.08878232,2.21473363627475,364976.30535934,2.24420940290685,366222.59223237,2.23619705253612
0.254597352705,403812.130788,2.21646280926858,402160.71853344,2.15540538164742,383909.82207314,2.22192903615247,383872.68909714,2.22225649646369,384201.2061645,2.22185004850964,382962.69910538,2.22113933102451,382893.37250792,2.23423331992691,384440.93259224,2.22019401904998,360127.32607041,2.25135308902958,361574.90716331,2.24304995228838
0.255418631263,398385.943331,2.22385337763961,397070.89305499,2.16227736280055,379248.37501657,2.22704557308742,379206.83838,2.22741166715139,379524.97899701,2.22710127314463,378293.00974392,2.2273185017122,377820.52371786,2.24272070275835,379790.77640215,2.22566654221613,355278.34678147,2.25857927560241,356927.22209426,2.24995297980434
0.25623990982,393278.170536,2.23091727979244,392188.78575762,2.16896464286639,374830.18306374,2.23187582346557,374788.1905648,2.23223479054085,375076.01644944,2.23271500665421,373662.0329968,2.23507323833532,373349.27905513,2.24870563614642,375372.58531557,2.23173822595442,350839.38176031,2.26437416252335,352234.52322038,2.25818470645635
0.257061188377,388214.969143,2.23799275197909,387335.75897131,2.17567790908481,370446.00417629,2.23667594291738,370404.10365789,2.23702174241638,370658.91440817,2.23839337752273,369036.15226618,2.24311705952015,368961.93089726,2.25438099243345,370986.87487755,2.2379163195294,346457.74960434,2.26999870415227,347535.36168509,2.26669042110677
0.257882466934,383190.49609,2.24508777369754,382508.7876967,2.18242180346559,366089.28297879,2.24151923956965,366047.33615644,2.24184899558879,366263.70281809,2.24421509984442,364387.8302695,2.25144678058486,364607.68101731,2.25998367229616,366593.02108651,2.24434812856051,342114.36410484,2.27560263693926,342862.84977012,2.27518923373156
0.258703745491,378466.173128,2.25185947143245,377883.78378351,2.18897713690272,361945.47559255,2.2466088988641,361902.39594112,2.24689623147863,362037.29350525,2.25106102853944,359565.81712547,2.26151145011553,360509.03926941,2.2646386846012,362132.94241408,2.2526153795062,338066.89285183,2.28077369836678,338400.80750923,2.28292153361423
0.259525024048,373741.850165,2.25869497864203,373258.77987033,2.19559230357457,357801.66820632,2.25170991052955,357757.4557258,2.25195449187863,357810.88419241,2.25795078884433,354743.80398144,2.27173148089914,356410.39752151,2.26931144457583,357672.86374165,2.26096577092005,334019.42159883,2.28596559926184,333938.76524835,2.29074936057092
0.260346302605,369128.015544,2.26544806236299,368710.59564728,2.20217101211846,353741.24163044,2.25707018314666,353696.71655296,2.25725817427427,353489.69382813,2.26576733088019,350063.41999958,2.28145846093841,352369.28465882,2.27396360158009,353148.77675261,2.26989961967253,330057.26771172,2.2913963315932,329675.0845733,2.29785605497562
0.261167581162,364718.153189,2.27198845038033,364304.23893182,2.20862722293664,349834.75118956,2.2629068287088,349791.44316065,2.26301221175362,348992.44050446,2.27531518574743,345646.21076381,2.29011320024557,348434.35253755,2.27855504780582,348507.19056745,2.27987683237574,326252.57575094,2.2972570272984,325777.37425974,2.30351262672591
0.261988859719,360308.290835,2.27858924274986,359897.88221637,2.21514239292802,345928.26074869,2.2687659986426,345886.16976835,2.26878735493658,344495.1871808,2.28499498611746,341229.00152804,2.29890546282775,344499.42041629,2.28315297756553,343865.60438228,2.29000933113516,322447.88379017,2.3031486254876,321879.66394619,2.3092135036401
0.262810138277,356068.798603,2.2850154780867,355614.42053836,2.22155532967329,341974.20073372,2.27579439767051,341955.02761047,2.27566540083129,340070.31121013,2.29457088448544,337218.45572409,2.30579045953736,340669.68901235,2.28792350943376,339496.4736355,2.29893017536731,318631.73475431,2.31012907674207,318153.60601459,2.31481457307323
0.263631416834,351948.467222,2.29133303045719,351416.92181987,2.22791154416568,337986.32320895,2.28368872897163,338005.29967698,2.2833590803233,335697.38083009,2.30412192631499,333491.89548748,2.31131871655841,336913.60220803,2.29281828961987,335318.64934363,2.30701598503845,314807.15751185,2.31791874502597,314547.32649417,2.32035199637388
0.264452695391,347828.135841,2.29770770974812,347219.42310139,2.23432576406112,333998.44568418,2.29165785092148,334055.5717435,2.29112167101812,331324.45045005,2.3138307192356,329765.33525088,2.31690535312401,333157.51540371,2.29772168060898,331140.82505176,2.31522483786351,310982.58026939,2.32578889617053,310941.04697375,2.32592375849023
0.265273973948,343926.546805,2.30382687409907,343186.05820185,2.24057402791712,329813.52317176,2.30092844508439,329889.97979592,2.3003349703009,327541.34197218,2.32061432852961,326263.50615157,2.3214014769208,329579.64409905,2.30312434621822,327473.00320488,2.3209427572187,307140.72132469,2.33431857148552,307311.42319624,2.33272178064555
0.266095252505,340071.194803,2.30993259230027,339187.39206137,2.24683021358396,325587.12882218,2.31059188608874,325678.82762789,2.309971449893,323882.73484259,2.32682934708317,322809.03592111,2.32567759442704,326039.46411082,2.30864971977957,323912.70138856,2.32616557660797,303295.50109275,2.34308132073094,303676.68672798,2.33983873209789
0.266916531062,336230.938497,2.31607022395866,335200.53300378,2.25312676197786,321382.31938198,2.32027089538555,321486.17704301,2.31963640690235,320246.66131219,2.33299588207952,319362.02787269,2.32996071663762,322496.20252111,2.31431861524976,320368.11117163,2.33136519506046,299469.5128107,2.35185106730449,300044.90104825,2.34704473085191
0.267737809619,332616.796379,2.321928204992,331390.59736613,2.25922952947386,317507.99739339,2.32808925457275,317578.82293303,2.32767136244655,316945.48750302,2.33733401496417,316026.53397702,2.33407986766814,318902.32621,2.32190030820744,317057.34269401,2.33548923569069,295933.24578056,2.35901829551012,296460.9417487,2.35456321232854
0.268559088176,329002.654262,2.32783576608152,327580.66172849,2.26538640296776,313633.67540479,2.3360252320992,313671.46882304,2.33582881763187,313644.31369386,2.34169885868872,312691.04008134,2.33820451018045,315308.44989889,2.32955362828364,313746.57421638,2.3396303834949,292396.97875042,2.36627571292276,292876.98244914,2.36217229516304
0.269380366733,325453.77354,2.33369609550615,323824.26735839,2.27152113634991,309929.68765105,2.34315180193236,309939.9230378,2.34314934339786,310381.23074521,2.34595267444488,309392.0692147,2.34240710027552,311649.73905624,2.33781530597118,310472.93304521,2.34374869018531,288962.37925273,2.37300671653919,289389.80145757,2.36935201602998
0.270201645291,322057.417812,2.33937460918689,320193.02102759,2.27752697663279,306623.16844697,2.34818190412389,306618.64738623,2.34830093424166,307207.03877778,2.34989868376921,306178.5625175,2.34678456942081,307839.84793774,2.34743982912674,307286.02771465,2.34778354731434,285765.25590013,2.37835469272187,286129.01184867,2.37537989777867
0.271022923848,318661.062084,2.34510023596108,316561.77469679,2.28358590681907,303316.6492429,2.3532636278661,303297.37173465,2.35350728852878,304032.84681035,2.35385206542428,302965.05582029,2.35116776264672,304029.95681924,2.35720994084591,304099.12238409,2.35182449281467,282568.13254753,2.38375144959307,282868.22223978,2.38146869490685
0.271844202405,315369.567955,2.35071201810908,313021.13678386,2.28956295016828,300144.44427254,2.35774210415339,300117.37326719,2.3580596882322,300909.62591356,2.35789896738289,299842.49675117,2.35579581791118,300409.01533131,2.36595577653796,300979.68462483,2.3560237888093,279497.30644339,2.38859018061411,279769.30669848,2.38681755888205
0.272665480962,312168.582632,2.35622870679416,309558.71368578,2.29547379528342,297088.01944859,2.36168228316418,297059.15385979,2.36202907118891,297830.43705912,2.36202530795205,296798.49418552,2.36064137303134,296952.01870657,2.37380659808474,297918.52804851,2.36036118215475,276535.43328808,2.3929330908804,276810.01593439,2.3915106591762
0.273486759519,308967.597309,2.36179032423801,306096.29058771,2.30143670584604,294031.59462464,2.36564195869298,294000.93445239,2.36601933081731,294751.24820467,2.36615597807014,293754.49161987,2.36549974998003,293495.02208184,2.38177555808798,294857.37147218,2.36470545723003,273573.56013276,2.39729816321061,273850.72517031,2.39623238040073
0.274308038076,305901.362942,2.36718421671096,302757.07148178,2.30726104209602,291078.91810889,2.36948572040943,291048.4933256,2.36985814900834,291778.57302968,2.37056635719097,290777.19408057,2.37135731549074,290457.15429314,2.38723269231983,291918.1107872,2.36947250980951,270743.57582451,2.4015563926271,271031.24393025,2.40081394889026
0.275129316633,302874.517951,2.37255802737113,299453.87229173,2.31307927158314,288156.55461709,2.37329909932337,288126.95437992,2.37365626515869,288837.07734278,2.37506529905933,287819.26975567,2.3775404934197,287541.5102949,2.39197457064109,289014.50869047,2.37437482902474,267952.13206027,2.40579177668299,268252.57839234,2.40536690349345
0.27595059519,299849.350736,2.37797217975596,296152.30025106,2.31894595027357,285235.54707762,2.37712319454657,285206.75243787,2.37746520665426,285897.19744633,2.3795806597371,284858.46444424,2.38379202613009,284627.81988924,2.39674869252969,286111.22357801,2.37930741432657,265162.2948138,2.41004740787658,265474.59827005,2.40995034002674
0.276771873747,296976.695369,2.38318253829236,292999.06306715,2.32462580035805,282439.49412398,2.38123850088507,282409.69477245,2.38154456595669,283103.47795137,2.38484610817091,281610.46883398,2.39272451697549,281883.69418784,2.40043638682293,283223.28278019,2.38576073389264,262519.10891429,2.41493845042647,262753.02964449,2.41562383251267
0.277593152305,294104.040002,2.38843321721329,289845.82588323,2.33035415326672,279643.44117035,2.38536091203022,279612.63710702,2.38563080906543,280309.75845642,2.39013343418593,278362.47322373,2.40177614432722,279139.56848644,2.404137036523,280335.34198237,2.39226050945105,259875.92301478,2.41985110234608,260031.46101893,2.42133621484555
0.278414430862,291265.038249,2.39366995658986,286727.56799848,2.33607486748994,276883.44431142,2.3896312122065,276851.38881585,2.38985875863694,277474.12016537,2.39603963539061,275133.77460398,2.41080364336415,276410.72060359,2.40783842396502,277375.11122903,2.39939322334433,257222.38667077,2.42523005965192,257289.9787377,2.4274624054707
0.279235709419,288528.107684,2.39877841234415,283715.42049697,2.34166878974006,274232.87061973,2.39433966176114,274198.82176376,2.39450620435644,274510.15292844,2.40381950656201,271966.07582899,2.41949855791518,273728.19753203,2.41151002478653,274194.97105413,2.40839391773229,254536.72732661,2.43200517904713,254487.82452953,2.43478616247075
0.280056987976,285791.177119,2.40392597427333,280703.27299546,2.34731028243844,271582.29692804,2.39906173246102,271546.25471167,2.39916650762915,271546.18569151,2.4116825348497,268798.377054,2.42832805441251,271045.67446047,2.41518537870079,271014.83087923,2.41751720250663,251851.06798244,2.43884157196008,251685.67032137,2.44219062209778
0.280878266533,283111.897346,2.40901680890302,277755.45655247,2.35289122768889,268944.08371965,2.40447553920661,268917.39522246,2.40446157366921,268511.10013179,2.42020510073379,265895.41092559,2.43545495894721,268401.27268593,2.41899464304873,267897.57357195,2.42624125820256,249115.42055294,2.44626463576156,248907.19928221,2.4495628609513
0.28169954509,280493.827382,2.4140429607745,274875.95195613,2.3584024132203,266318.75007007,2.41064362951976,266313.5097618,2.41044801683123,265401.11862734,2.4294556896576,263273.241222,2.44070780437254,265797.40311979,2.42294645757506,264848.21271585,2.43452398037682,246326.9359436,2.45433126027395,246154.26040235,2.45689763656258
0.282520823647,277875.757419,2.41910729229757,271996.4473598,2.36396026443145,263693.41642049,2.41685251718273,263709.62430114,2.41647129399715,262291.13712288,2.43884654517386,260651.07151841,2.44602037935883,263193.53355364,2.42690289030228,261798.85185976,2.44293216668243,243538.45133427,2.4625004356132,243401.32152249,2.46432425119729
0.283342102204,275332.462421,2.42408246955889,269206.94405684,2.3694078415293,260852.06784641,2.42479997679814,260890.37286451,2.4242894863902,259460.37566776,2.44627829959944,258190.48117485,2.4501134759445,260677.34281531,2.43116594650314,259120.32790687,2.44885810707379,240870.03579063,2.4696543041641,240816.66410584,2.47050167228586
0.284163380762,272817.944249,2.42904530529852,266452.08357817,2.37483961077789,257927.30843897,2.43350183970291,257987.90200852,2.43288154026911,256737.36773763,2.45299647282613,255791.91451114,2.45373949398699,258194.92918894,2.43555474878882,256584.31050793,2.45384363826827,238248.02195481,2.47646126698332,238296.77156083,2.47622600678801
0.284984659319,270303.426076,2.43404567359502,263697.22309951,2.38031717355711,255002.54903152,2.44231733407392,255085.43115253,2.44158290415676,254014.3598075,2.4598072756514,253393.34784743,2.45738456782051,255712.51556257,2.43995396595515,254048.29310899,2.45888308526882,235626.00811898,2.48335311967441,235776.87901581,2.48201110389134
0.285805937876,267875.30522,2.43893290646762,261054.68175909,2.38563785186242,252128.56443227,2.45046920273261,252196.79412712,2.44989041631038,251652.67857826,2.46392144924941,251048.68532412,2.46077193350619,253310.52845567,2.44537975824816,251705.65351818,2.46249298625461,233237.35985761,2.48832361862264,233437.02615328,2.48643437360784
0.286627216433,265450.861913,2.44384993657066,258416.92556049,2.39099359617392,249257.27165338,2.45870539836521,249309.28010945,2.45829660894162,249306.19529348,2.46795070892016,248706.29521155,2.46415286743721,250911.91663947,2.4508785804064,249371.15044206,2.46605901119649,230858.60035711,2.4932543311942,231104.81943775,2.49082859969973
0.28744849499,263041.84552,2.44877669481705,255800.75735115,2.39635427308488,246476.58004637,2.46638804769092,246511.64829992,2.46615306890925,246978.52062262,2.47186083650771,246373.00120079,2.46758026077591,248463.43416843,2.45694366747894,247049.56171334,2.46959462291487,228509.2898305,2.49801701752686,228798.40588702,2.4951283913455
0.288269773547,260696.014087,2.45362747877059,253273.02644652,2.4015945006817,244066.43369484,2.47138000191962,244081.74834981,2.47132472847656,244727.61561971,2.47517205889113,244077.05742644,2.47118255351021,245809.30300665,2.46528177511672,244780.78352496,2.47294322267486,226280.50367705,2.50193725088445,226597.55866884,2.49893580397661
0.289091052104,258350.182654,2.45851430280185,250745.29554189,2.40687763060172,241656.28734331,2.47642823646368,241651.84839971,2.4765565227448,242476.7106168,2.47849175099708,241781.1136521,2.474788121109,243155.17184487,2.47372227647378,242512.00533658,2.47629723031394,224051.71752361,2.50587882810368,224396.71145066,2.50275807234416
0.289912330661,256034.28336,2.46338357730565,248262.36644798,2.41211921116773,239338.47624926,2.48083010874441,239321.46194925,2.48108640841106,240241.34956688,2.4818537681845,239521.9652168,2.47854556811229,240488.37035194,2.4823220450801,240267.68502771,2.47975371314553,221871.6487377,2.50973005723871,222239.321653,2.50667352823614
0.290733609218,253757.530037,2.46821747844157,245838.03687083,2.41729093180349,237141.2399222,2.48434429920541,237121.02225961,2.48465312477618,238026.33110081,2.48526470069518,237310.993361,2.48250323527544,237806.06009396,2.49110787010216,238055.38624124,2.48334177224154,219755.29217162,2.51344999431386,220138.76744095,2.51070585782638
0.291554887776,251480.776715,2.4730874705216,243413.70729367,2.4225048339555,234944.00359513,2.48787994485039,234920.58256998,2.48824290180945,235811.31263475,2.48867856349463,235100.0215052,2.48646787282065,235123.74983597,2.50002740052154,235843.08745476,2.48693410816211,217638.93560553,2.51718214133386,218038.21322889,2.51475220163042
0.292376166333,249245.163842,2.47791744051424,241054.55040043,2.42763352685012,232804.29991221,2.49120332835295,232780.38486399,2.4915811373634,233637.63295693,2.49229177243566,232958.69445924,2.49086858511382,232734.130849,2.50664733177008,233688.37253006,2.49079690028932,215592.63501954,2.5212154815183,215977.21573152,2.51951435612511
0.29319744489,247029.779885,2.48274533073518,238727.442379,2.43274002531262,230692.85809672,2.49442210643232,230669.77644628,2.49479536566769,231484.31273535,2.49600591056461,230851.61663195,2.4954955792102,230488.39373472,2.51214647941106,231561.99954352,2.49479816146114,213580.78864378,2.52540617655029,213935.62543737,2.5246499901746
0.294018723447,244814.395927,2.48760952879282,236400.33435757,2.43788802278835,228581.41628122,2.49764876674286,228559.16802857,2.49801798368929,229330.99251377,2.49972474748756,228744.53880466,2.50013952365721,228242.65662044,2.5177125532476,229435.62655697,2.49880775343043,211568.94226802,2.52961267877634,211894.03514323,2.52981688533317
0.294840002004,242649.263151,2.49241395140704,234156.22744977,2.44290979927237,226531.84763372,2.50104286174661,226509.58613443,2.50138795320264,227264.70660332,2.50384679625123,226546.06386728,2.50674879202094,226211.01432594,2.52137796325623,227388.74390434,2.50350912058008,209566.3989674,2.5351583291893,209748.51322411,2.53674785998264
0.295661280561,240489.256208,2.49724431749714,231920.58841565,2.44795427323169,224488.60088394,2.50445857719871,224466.23862378,2.50477744533191,225207.31525601,2.50801965131935,224338.06425709,2.51361854937309,224201.07527233,2.52486686914729,225349.95939025,2.50829925508322,207564.71337322,2.54087956051804,207592.25044578,2.54392970166824
0.296482559118,238336.606313,2.50209682393942,229697.39413295,2.45301377788684,222457.85277135,2.50793778114291,222435.14273685,2.50822819111338,223157.18347213,2.51236589746611,222102.27107681,2.52081571723646,222198.58280627,2.52831550975695,223289.3713383,2.51343918899115,205543.69869424,2.54688999755749,205432.8213924,2.55120397201468
0.297303837675,236227.512827,2.50689962507517,227547.88103285,2.4579601450782,220501.1848923,2.51176930907933,220476.66656596,2.51201798048378,221149.68549824,2.51770156283237,219702.57272033,2.52965925878581,220239.98350652,2.53141334325629,221098.29936035,2.52058925904902,203407.91915353,2.55442784067811,203256.05422329,2.55863751332544
0.298125116232,234118.41934,2.51173859281858,225398.36793275,2.46294567456789,218544.51701326,2.51560875477583,218518.19039507,2.51581532529989,219142.18752435,2.52306772855105,217302.87436385,2.53862832579434,218281.38420676,2.53451636910835,218907.2273824,2.52780992032646,201272.13961282,2.56205325482593,201079.28705419,2.56616592921308
0.29894639479,232027.565729,2.51657737535015,223279.82835052,2.46790520142705,216620.46826136,2.51973592396399,216593.42178873,2.51988416532466,217042.91350847,2.52951988204807,214988.38075176,2.5468781626447,216333.76252067,2.53769083410356,216654.67518634,2.53562145304356,199149.34889855,2.56950063327853,198977.69446784,2.57299120641033
0.299767673347,229966.275358,2.52139216338762,221211.48997297,2.47279609483075,214749.26670249,2.52433106765665,214723.27421436,2.52439428994147,214794.34808257,2.53776264482283,212812.68658599,2.55385350205112,214403.96115596,2.54097610725466,214302.96329213,2.54437513164041,197048.10933688,2.57659836840825,196997.9177703,2.5785906700249
0.300588951904,227904.984988,2.52624362475367,219143.15159542,2.47772560625324,212878.06514362,2.52894349529407,212853.12663999,2.52892049070076,212545.78265667,2.54610750316385,210636.99242022,2.56092620946992,212474.15979126,2.54426395325622,211951.25139792,2.55325410468078,194946.8697752,2.58378697153679,195018.14107276,2.58425149253507
0.301410230461,225872.018177,2.53107255951978,217122.19550995,2.48259035299495,210929.41243665,2.53486541484743,210920.53673145,2.53467775663532,210289.78391438,2.55452085404384,208674.64685745,2.56606630448626,210580.63070978,2.54774617593674,209760.69733467,2.56066871932661,192974.97352645,2.58963518450171,193128.51547152,2.58899517792917
0.302231509018,223856.512326,2.53590111583509,215130.44853083,2.48742850897367,208932.73294035,2.54163718604874,208949.19717488,2.54123289064574,208029.84577582,2.56302677361581,206843.58030322,2.5700022550585,208709.48969614,2.55135122197881,207669.78059524,2.5671931029625,191082.75697155,2.5946583511151,191294.42218274,2.59317275237879
0.303052787575,221841.006476,2.54076689020365,213138.70155171,2.49230477132333,206936.05344405,2.54847032373405,206977.85761832,2.54784422094212,205769.90763726,2.57165993662843,205012.513749,2.57397314897833,206838.34868249,2.5549614120847,205578.86385581,2.57380535326878,189190.54041666,2.59973255550827,189460.32889397,2.59738248655815
0.303874066132,219863.775882,2.54558643471626,211208.86814865,2.49707956898746,204777.68814305,2.55664766561099,204830.76105127,2.55597467347218,203836.88587089,2.57726335841987,203260.69950135,2.57710183261551,205040.0336547,2.55899130075612,203749.26674187,2.57799920432591,187411.00173822,2.60369365761707,187708.01331647,2.60098914285288
0.304695344689,217893.000362,2.55042871549349,209289.47476049,2.50186755744215,202592.19018396,2.5651500730985,202654.1008084,2.5644587757158,201958.92790698,2.58239846724178,201522.18417799,2.58009448211573,203254.00907761,2.56310216453319,201963.58460225,2.58180710235032,185650.43515627,2.60748466790904,185969.4744007,2.60450530983328
0.305516623246,215926.337936,2.55529943248761,207376.43108729,2.50667847476414,200423.93989531,2.57356947645298,200491.76892675,2.57288233303475,200098.53645209,2.58740552895131,199785.69199448,2.58309653290184,201469.06556076,2.56735227464461,200186.33340489,2.58556379533475,183898.34776056,2.61125808963296,184238.12964559,2.60803417867136
0.306337901804,213999.904169,2.56011628256146,205525.47642385,2.51138247613528,198426.56333339,2.58011069909548,198472.15683906,2.57966542265185,198408.86249944,2.59061808227215,198068.96379254,2.58610497284112,199693.94707551,2.57288198293942,198491.04100195,2.58853039495794,182229.11807831,2.6146411605001,182577.12944588,2.61155168172345
0.307159180361,212073.470402,2.56497045459394,203674.52176041,2.5161226944134,196429.18677146,2.58674043892935,196452.54475137,2.58654170184805,196719.18854679,2.59384927242893,196352.2355906,2.58911594021574,197918.82859025,2.57844810213652,196795.748599,2.59150648931904,180559.88839605,2.61803608999826,180916.12924618,2.61507984294413
0.307980458918,210161.77656,2.56982880978518,201844.94960649,2.52084911869196,194529.16462129,2.59249846384709,194534.62215874,2.59250803040107,195042.64839558,2.59697223672164,194647.2558226,2.59221676596897,196066.80073991,2.58494803993227,195111.11722995,2.59449221201253,178916.99685924,2.62152398947956,179279.76537933,2.6188174982786
0.308801737475,208280.033729,2.57465549466672,200058.81975868,2.52550797347091,192826.61516151,2.5963577575568,192822.98072352,2.59649143840781,193392.72598224,2.59984704535426,192966.18948937,2.59549799114362,194058.09240501,2.59335405556164,193448.14173557,2.59748373624562,177327.61355053,2.62518867997749,177693.45821687,2.62297457944493
0.309623016032,206398.290898,2.57951998807215,198272.68991087,2.53020263870464,191124.06570173,2.60025275628869,191111.33928829,2.60051314935996,191742.8035689,2.60272628034611,191285.12315615,2.59878249462633,192049.38407011,2.60186856099304,191785.16624118,2.60047856671739,175738.23024181,2.6288652103676,176107.15105441,2.62714931286506
0.310444294589,204541.473089,2.5843635963588,196521.41895634,2.53484850363123,189482.1476625,2.60360719893838,189465.07993737,2.60393788825569,190105.77046019,2.60571135470844,189640.88304317,2.6022770617423,190064.02034886,2.61011361804328,190146.30562829,2.60363409018055,174170.86686839,2.63312261826422,174499.27364424,2.63233188128231
0.311265573146,202703.695694,2.58919944588587,194796.77711354,2.53946423176717,187886.47285853,2.60653968977058,187868.68618332,2.60689696354101,188478.59945009,2.60877663627553,188024.79587546,2.60593600036532,188097.13222265,2.61817662462942,188525.88678374,2.60691378989035,172620.270676,2.63783836538761,172874.75271051,2.63831470845717
0.312086851703,200865.918298,2.59407358419151,193072.13527075,2.54411538697414,186290.79805457,2.60948519321868,186272.29242927,2.6098700698419,186851.42843999,2.6118441135954,186408.70870776,2.60960227270276,186130.24409644,2.62635797666858,186905.4679392,2.6101976361841,171069.67448361,2.64258093594753,171250.23177678,2.64434844744378
0.312908130261,199063.121276,2.59889878886922,191394.45204372,2.54868426343121,184733.2423945,2.61236380090997,184715.08779687,2.61274389453775,185263.03674876,2.61515627626752,184846.75542882,2.6138677163702,184449.44125366,2.63159089303894,185337.25589534,2.61382191568709,169450.65370876,2.64874861478403,169549.48228472,2.65150373253693
0.313729408818,197268.854102,2.60374046597472,189728.21695053,2.55325871006147,183184.97506103,2.61522920161295,183167.43012711,2.61559670940702,183684.11595619,2.61853178442517,183297.99067253,2.61829454185917,182838.26301922,2.63613194087777,183781.78299338,2.61753618368484,167814.86176627,2.65531803742112,167830.20426657,2.65900368933958
0.314550687375,195476.422027,2.6086161683589,188064.26327975,2.55786235108104,181638.76903088,2.6181094069036,181621.78376355,2.61846395898385,182108.0828947,2.62193033296803,181744.14419276,2.62283697805393,181232.78231837,2.64065192896574,182228.47099304,2.62129347486247,166177.93526174,2.66196705912492,166114.03098224,2.66654485685762
0.315371965932,193726.87392,2.61342019531956,186453.58564665,2.56236334039287,180140.90068316,2.62121529142516,180123.30023019,2.62154252164752,180599.65609047,2.6257711965198,180067.91039429,2.62972474589444,179758.61294584,2.64357849941877,180725.20050845,2.6258781108291,164517.41391435,2.6689749155696,164472.69549593,2.67297718501239
0.316193244489,191977.325812,2.61826230290769,184842.90801355,2.56689819295164,178643.03233545,2.62432581206245,178624.81669683,2.6246256264419,179091.22928624,2.62962203921088,178391.67659582,2.63668050594953,178284.44357331,2.64651954317882,179221.93002386,2.63048330587072,162856.89256696,2.67606687567668,162831.36000961,2.67948771205496
0.317014523046,190240.430037,2.62311000614256,183246.94972553,2.57142879997073,177163.35910488,2.6275554890917,177144.23874933,2.6278234442854,177588.63800549,2.63382329299936,176678.27675856,2.64411264594228,176817.92102945,2.64940356999837,177673.91106161,2.6358063453597,161229.5000631,2.68281040505392,161232.85825836,2.68550086796354
0.317835801603,188536.375906,2.62790911878243,181689.19361451,2.57589203219677,175730.93105409,2.6310889820924,175710.15599736,2.63131351094771,176101.02907393,2.63893225416594,174868.93035011,2.65269420771399,175371.19436371,2.65210966421384,176009.18737623,2.64299640175221,159688.08636121,2.68849591378045,159745.41871414,2.69007247825056
0.31865708016,186832.321776,2.63274657294887,180131.43750349,2.58038881462025,174298.5030033,2.63463019899254,174276.0732454,2.6348109271981,174613.42014238,2.64407172728685,173059.58394166,2.66139655755863,173924.46769797,2.65481888384979,174344.46369085,2.65026149551248,158146.67265932,2.69424432086251,158257.97916993,2.69468755874872
0.319478358717,185152.009004,2.63755856199998,178599.68727606,2.58484917772917,172894.17948652,2.63858421223265,172872.08322331,2.63869432857512,173019.24440916,2.6506949956705,171360.70117987,2.66883522831183,172488.2988923,2.65763675256264,172626.31209684,2.65810842580115,156658.18187522,2.69930801992085,156817.98238031,2.69874345933905
0.320299637275,183494.038168,2.64234776653108,177092.40776949,2.58927602842935,171516.27700367,2.64293459437176,171496.39200419,2.6429480820836,171324.51959777,2.65876780401285,169766.02825069,2.67505639501215,171062.08290179,2.66055611059027,170858.27194041,2.66653262727649,155219.47406108,2.70371212985809,155422.59840095,2.7022588052753
0.321120915832,181836.067331,2.6471754887906,175585.12826292,2.59373613025139,170138.37452082,2.64730247701397,170120.70078507,2.64721798204809,169629.79478638,2.66693997896331,168171.3553215,2.68135939523703,169635.86691128,2.66347732455832,169090.23178398,2.67507564742803,153780.76624693,2.70815587798449,154027.21442159,2.70579577242495
0.321942194389,180213.094885,2.65194424516646,174114.11511752,2.59812875706767,168659.61868456,2.65338753534086,168658.47303431,2.65311576430922,167935.19648399,2.67502930180451,166761.17445428,2.6854581775368,168243.3158093,2.66662362335052,167501.69178826,2.68150786827777,152405.05900695,2.7118947572652,152681.85170033,2.70903017480352
0.322763472946,178601.648581,2.65671854279877,172655.04434539,2.60252045187072,167147.4679291,2.66009000977554,167167.57665566,2.65959742840085,166241.04053587,2.68316680880612,165411.60684551,2.68883894455089,166861.86516532,2.66984729063368,165972.36123101,2.68728142140071,151050.09292353,2.71541198972303,151352.95768583,2.71217017334687
0.323584751503,176990.202277,2.66153144708095,171195.97357326,2.60694511056768,165635.31717365,2.66685595133358,165676.68027702,2.66613743196365,164546.88458774,2.69142211971983,164062.03923673,2.69224708354159,165480.41452135,2.67307516480803,164443.03067376,2.69312783685125,149695.12684012,2.7189508472207,150024.06367133,2.71532119742274
0.32440603006,175425.05744,2.66624975838758,169782.50812618,2.61127226153759,163989.44323672,2.67489407487199,164036.32314778,2.67417966806405,163155.33554028,2.69604979727939,162772.05601228,2.69482983951984,164161.51974843,2.67676012458501,163125.4301211,2.69640067520312,148414.49711752,2.72209955057804,148757.9945536,2.71863878491663
0.325227308617,173860.411947,2.67100426235976,168369.53363559,2.61562992297482,162342.26417946,2.6830510446753,162394.45473813,2.6823422587794,161766.98843382,2.70068889201616,161482.67817927,2.69741062001469,162843.30384171,2.68045951591582,161810.02078283,2.69967084428423,147134.6671796,2.7252554277484,147492.60405098,2.72196816031137
0.326048587174,172306.382602,2.67576604138384,166966.55137041,2.61999099759427,160734.59514007,2.69075814972844,160786.62927106,2.69011016228549,160410.04134277,2.70494257441122,160196.36936981,2.70000901267939,161528.52788798,2.68445094327919,160508.13803019,2.70279505511681,145870.5246527,2.72847048723809,146239.6130576,2.72548524161316
0.326869865731,170788.627442,2.68045851519647,165597.7081746,2.62428395084309,159262.3997131,2.69663331036119,159295.7281845,2.69624018237465,159160.07341944,2.70773492771092,158920.54809956,2.70264891578111,160225.32077954,2.68943094940003,159252.34256,2.70535061629515,144659.97180523,2.73186039045752,145028.95443012,2.72962607601469
0.327691144289,169270.872282,2.6851885344103,164228.86497879,2.62860855710818,157790.20428613,2.70258348085267,157804.82709793,2.70244987098273,157910.10549611,2.71054250236426,157644.72682931,2.7052903486233,158922.1136711,2.6944405300295,157996.54708981,2.70791284760896,143449.41895776,2.73526130133019,143818.29580265,2.73378659580221
0.328512422846,167774.799728,2.68989124037028,162879.623318,2.63290657647008,156416.27236376,2.7073594966422,156417.81373397,2.70742006329294,156672.68111601,2.71320459658298,156381.38015681,2.70805156345214,157528.99977374,2.70080409240862,156750.46163279,2.71050428687742,142255.69879549,2.73913074117255,142576.18265377,2.73888559789981
0.329333701403,166303.826992,2.69455499760974,161553.07109497,2.63716763702567,155155.92251565,2.71073102405317,155150.88956101,2.71090752669087,155449.74288768,2.71568743954588,155132.49606599,2.71095173565882,156031.54967459,2.70877905888823,155515.6161094,2.71312534342945,141081.4152351,2.74355070410527,141297.46961654,2.74509602856321
0.33015497996,164832.854256,2.69925614213952,160226.51887194,2.64146010156325,153895.57266755,2.71413160411761,153883.96538804,2.7144263110418,154226.80465935,2.71817335990353,153883.61197518,2.71385422739664,154534.09957544,2.71685087598749,154280.770586,2.71574855026511,139907.13167471,2.74799492620131,140018.75657931,2.75136443079905
0.330976258517,163394.439892,2.70389397858414,158928.39221524,2.64569680107983,152686.44995052,2.716941486668,152672.63545492,2.71728718273901,153014.31290994,2.72078783525239,152668.96357165,2.71699283356098,153035.73960688,2.72482924559497,153067.62494402,2.71856572353529,138674.25775273,2.75382437389767,138695.83710026,2.75829814735839
0.331797537074,161969.942539,2.70852504794643,157642.4153057,2.64992672625133,151499.18377888,2.71949993775206,151485.02466925,2.71986799621713,151806.29598938,2.72345753493396,151468.95898637,2.72023640272604,151537.37373579,2.73283011012462,151863.76633572,2.72146785417042,137416.24003252,2.7602930413908,137354.15097049,2.76557156653296
0.332618815631,160545.445186,2.71319327202692,156356.43839616,2.65418781152568,150311.91760723,2.72206872067435,150297.41388359,2.72245998260665,150598.27906881,2.7261285083813,150268.95440109,2.72348552489736,150039.0078647,2.7409447600952,150659.90772742,2.72437312640669,136158.22231231,2.76682604281112,136012.46484071,2.77293410049652
0.333440094188,159164.058093,2.71776124837283,155106.98900989,2.65836477780447,149155.25584422,2.72458900584533,149141.17281362,2.72496940481888,149423.13007197,2.72905684259542,149119.34123079,2.72733705231121,148801.84604203,2.74558220873343,149501.53950421,2.72763955761152,134868.61086992,2.77379488608066,134763.81120305,2.77871624733105
0.334261372745,157785.538906,2.72235605839702,153859.96917079,2.662564313237,148000.62771814,2.72710999769714,147987.01498337,2.7274774380174,148250.17712698,2.73200510236589,147973.07740359,2.73124166300332,147582.00364043,2.75003130756999,148346.20358366,2.73093629757954,133577.01210722,2.78087008663412,133521.38221835,2.78445211828333
0.335082651303,156414.934339,2.72696189184061,152619.49162936,2.66677363282514,146852.41054019,2.72967295228377,146839.08845591,2.73002542829099,147086.35225824,2.73502449758415,146813.50354154,2.73553415783289,146383.83680611,2.7541936006856,147198.67635857,2.73436556860832,132303.97906549,2.78771858946976,132298.34821867,2.78992713414519
0.33590392986,155081.719798,2.73148167770954,151409.91930877,2.67091336298475,145734.51212206,2.73241783490517,145720.6310375,2.73274500760012,145965.67628422,2.73837152937836,145590.50131571,2.74163580147996,145287.7179055,2.75680278672627,146087.9925145,2.73840228789478,131118.64821108,2.79315915435571,131166.80532084,2.79390691569319
0.336725208417,153748.505257,2.73603705843051,150200.34698819,2.67508307807168,144616.61370393,2.73516650008554,144602.1736191,2.73546829356228,144845.0003102,2.74172555213702,144367.49908987,2.74778998875964,144191.59900488,2.7594257979535,144977.30867043,2.74245455635605,129933.31735667,2.79865933378324,130035.26242301,2.7979212191377
0.337546486974,152433.60413,2.74056753696064,149005.60256697,2.67923431506812,143518.75981583,2.73806968339879,143503.41248309,2.73834042581223,143738.38904566,2.745467962575,143085.30904449,2.75482735125905,143104.69869752,2.76192628517327,143822.84425685,2.74747484843539,128783.47888602,2.80358568190755,128930.57437458,2.80156767656604
0.338367765531,151144.86432,2.74504554674431,147832.03963698,2.68334508615238,142449.54972623,2.74119363277104,142432.7983799,2.74142509737053,142651.82692093,2.74977175398451,141718.67441132,2.7631388612563,142030.93392517,2.76423829627004,142605.58098261,2.75390342268956,127684.31135752,2.80764854407365,127864.22586263,2.80466111990463
0.339189044088,149856.124509,2.74955875184459,146658.47670699,2.68748562047364,141380.33963662,2.7443237124194,141362.18427672,2.74451560581597,141565.26479619,2.75409552081609,140352.03977816,2.77156038957906,140957.16915283,2.76655281193156,141388.31770837,2.76039121128992,126585.14382902,2.81174727043731,126797.87735069,2.80777158775849
0.340010322645,148595.617059,2.75401083766239,145507.41049516,2.69158000822239,140340.59865863,2.74789086067473,140322.28729226,2.74801680134157,140382.55627002,2.76024767872369,139066.63912914,2.7787152154073,139891.04147301,2.76898540582471,140092.44907336,2.76794641900358,125525.6078508,2.815262463781,125764.33847836,2.81068511745605
0.340831601202,147350.38903,2.75844476841457,144368.51932924,2.69566221459206,139316.79781925,2.75170314912754,139299.0086061,2.75174816588345,139147.62960982,2.76744579208593,137825.4428429,2.78520923230757,138829.0565551,2.77148172809808,138754.18237495,2.7761425942456,124487.51333066,2.81846458601183,124748.55582089,2.81349323059055
0.34165287976,146105.161,2.7629134489828,143229.62816332,2.69977396241321,138292.99697987,2.75552858114933,138275.72991994,2.75549171321972,137912.70294962,2.77472103685457,136584.24655667,2.79178859859416,137767.0716372,2.7739788917038,137415.91567653,2.78444777627455,123449.41881051,2.82168628181285,123732.77316341,2.81631027377025
0.342474158317,144897.527831,2.76728488111463,142120.30897305,2.70381268195281,137198.45925345,2.76113310934751,137196.17507636,2.76088469329043,136618.40612828,2.78274902881372,135539.02312591,2.7954246662446,136731.85318124,2.77670478812401,136211.06970939,2.79065493114686,122458.92979318,2.8245433525714,122762.53073602,2.81929801899433
0.343295436874,143694.735885,2.77167282681963,141014.79767448,2.7078669037858,136094.71400968,2.76701091708743,136109.2850655,2.76653002056095,135316.66382992,2.79096970913959,134518.94344152,2.79870318338144,135700.09036377,2.77946218574523,135023.52672154,2.79665231154193,121474.57146883,2.82736173953285,121798.15476603,2.82231524967746
0.344116715431,142497.019865,2.77607681083887,139913.24539837,2.71193638790059,134973.79400942,2.77314937331692,135004.02687868,2.77245618017778,134040.80888763,2.79888914712141,133506.21683615,2.80187643145905,134673.95131578,2.78226629060923,133860.08729759,2.80235206544235,120496.77882665,2.83019935396198,120839.14058623,2.82543539644812
0.344937993988,141335.499014,2.78038427739454,138839.92370126,2.71593437432991,133730.74181842,2.78087074947251,133767.89748646,2.78014144161436,132949.77722906,2.80393172512098,132545.64858161,2.80411588377387,133687.94928783,2.78539197959568,132867.94229848,2.80544419251728,119565.80859029,2.83311118400967,119918.30608221,2.8292432908391
0.345759272545,140173.978163,2.78472469940657,137766.60200415,2.71996082007101,132487.68962742,2.78868846301828,132531.76809425,2.78792096542911,131858.7455705,2.80903340616212,131585.08032708,2.80636196585967,132701.94725988,2.78852335026498,131875.79729937,2.80856144777705,118634.83835394,2.83603105057994,118997.47157819,2.83306831520798
0.346580551102,139026.870601,2.78904576958155,136704.44739513,2.72397574028286,131278.40391592,2.79592230976012,131321.7176171,2.79521924258705,130822.23406264,2.81327826393372,130627.70785121,2.80860683114424,131729.25892369,2.79194947789559,130903.59460583,2.81136493772943,117720.58772493,2.83918998133316,118055.6513697,2.83762214927019
0.347401829659,137905.37966,2.79330505839532,135662.13961778,2.72794676290768,130129.48596217,2.80202196568256,130158.42604608,2.8015709189889,129882.43446462,2.81592684779819,129676.00875268,2.81084077500384,130780.20562984,2.79590239413229,129966.75866285,2.81357912522888,116836.04031367,2.84277205262722,117076.34555264,2.84348233118838
0.348223108216,136783.888718,2.79759678065383,134619.83184043,2.7319460378578,128980.56800842,2.80819892787241,128995.13447506,2.80800417791668,128942.6348666,2.81859289506113,128724.30965414,2.81307563380252,129831.152336,2.79987122663526,129029.92271987,2.81579965732565,115951.49290241,2.84636845103667,116097.03973558,2.84939454477263
0.349044386774,135685.530837,2.8018343015238,133595.41029061,2.73590734627219,127943.39239341,2.81266538861429,127948.14286294,2.81265820305207,128020.36453948,2.82093255615458,127782.0294839,2.81544457161333,128811.65337574,2.80543139538378,128101.06511193,2.81802395797277,115042.18520471,2.85106430799731,115083.29333239,2.85590433913402
0.349865665331,134602.779972,2.80604457882514,132583.05604663,2.73985139875498,126981.50921917,2.81596543045307,126979.52057045,2.81609921852944,127109.88915387,2.82304689720994,126846.11663713,2.81790427676927,127744.45506915,2.81211051005799,127177.58699986,2.82024909755873,114116.07408369,2.8565306834758,114046.42304809,2.86285329718793
0.350686943888,133520.029107,2.81028674779678,131570.70180266,2.74382349019473,126019.62604493,2.81929542382408,126010.89827795,2.81957260177749,126199.41376826,2.82516454710066,125910.20379037,2.82036492262841,126677.25676255,2.81885501357003,126254.10888779,2.82247562381866,113189.96296267,2.86204125469984,113009.5527638,2.86988350189121
0.351508222445,132468.483907,2.81444065321353,130582.42875794,2.74773219201565,125113.64258197,2.82174684598458,125103.2039897,2.82207516063098,125294.69657796,2.82738442782933,125002.02626289,2.82305367205622,125532.92325514,2.82673556850392,125346.41344193,2.82490420073798,112205.06271124,2.86867431795414,112035.97007905,2.87553876843513
0.352329501002,131423.140564,2.81860138457109,129598.94150007,2.75165000294893,124218.73809194,2.82402990942185,124207.58538273,2.82439159770436,124391.12753767,2.82962473724687,124099.36751827,2.82579027815219,124373.40188863,2.83492968363194,124441.86220733,2.82737434222398,111208.52264078,2.87559443687,111075.0000493,2.88096450912927
0.353150779559,130380.367861,2.82278333941377,128617.44470071,2.7555878950903,123325.5523,2.82631353992235,123313.77411311,2.82670632044217,123489.03343652,2.83188208499205,123199.76191229,2.82856163739843,123225.58824744,2.84301952774443,123539.69255741,2.82986842475803,110215.537195,2.88250174851596,110120.38440813,2.88631742621721
0.353972058116,129371.088535,2.82686418008844,127661.88464474,2.75945212798479,122454.70684395,2.82848067926481,122443.44227969,2.8288637332455,122606.25593083,2.8343564547899,122339.96827863,2.83175480780676,122231.23209132,2.84839761129081,122668.61924972,2.83265538936562,109269.55171942,2.88827838999524,109248.31413225,2.88998823901917
0.354793336673,128361.80921,2.83097510437775,126706.32458878,2.76334338560521,121583.86138791,2.83065154389326,121573.11044628,2.83102509212712,121723.47842514,2.83683197864469,121480.17464497,2.83495531856741,121236.8759352,2.85384002055916,121797.54594202,2.83544627458303,108323.56624385,2.89412020088036,108376.24385638,2.8936898422304
0.35561461523,127363.228708,2.83507366027377,125759.0601083,2.76722929015421,120720.29631227,2.83288124215151,120709.83128723,2.83324161156144,120851.7186526,2.83940008133262,120621.49405013,2.83855111028965,120291.58589813,2.85845622981136,120938.57820896,2.83839744872073,107405.82594562,2.89942396514217,107519.66432473,2.89712949493999
0.356435893788,126388.646001,2.83910522504695,124830.40232803,2.77106818308538,119873.074681,2.83523767754891,119862.38399124,2.83557619626887,120004.68575771,2.84217600411391,119765.21475427,2.84303698965685,119456.14147349,2.86111037888959,120106.76480543,2.84170666933795,106551.38210247,2.90341903391881,106697.80574724,2.8999325045471
0.357257172345,125414.063294,2.84316632364532,123901.74454776,2.77493390490924,119025.85304973,2.83759695118122,119014.93669525,2.83791358686589,119157.65286281,2.8449554059462,118908.93545842,2.84754782645586,118620.69704884,2.86378366324382,119274.95140189,2.8450248054466,105696.93825932,2.9074505413872,105875.94716974,2.90275062999686
0.358078450902,124457.672425,2.84718250817181,122987.31259769,2.77876877024547,118197.11339077,2.84012054298939,118185.52088444,2.84040996782315,118331.9796301,2.84804119931076,117969.23773675,2.85367990837807,117803.01546107,2.86608083299813,118432.09975971,2.84916095024567,104870.60334155,2.91092009160433,105074.53538075,2.90540052055387
0.358899729459,123516.443281,2.8511650125264,122084.73755299,2.78258155954476,117383.78434126,2.84278259198791,117371.14054938,2.84304024031435,117524.10679632,2.85138760606366,116959.86572052,2.86121392102711,117000.1003145,2.86805636208474,117579.97204787,2.85399765634828,104067.68071575,2.91391387439382,104290.16485799,2.90790705412355
0.359721008016,122575.214137,2.85517649920149,121182.1625083,2.78642096273545,116570.45529174,2.84544883123606,116556.76021433,2.84567451833862,116716.23396254,2.85474341790257,115950.49370428,2.86883352705659,116197.18516793,2.87003555448433,116727.84433603,2.85886494072746,103264.75808994,2.91692697467304,103505.79433523,2.91042135591024
0.360542286573,121659.019166,2.85911168792361,120299.21957038,2.79020582600945,115787.11875156,2.84849570599959,115772.46520915,2.84867184305648,115874.98211434,2.85957197949958,114934.77685104,2.8763509562591,115397.74437898,2.8720817360507,115759.20155633,2.86583868868326,102491.20582939,2.91956381057587,102752.10985242,2.91302965761722
0.36136356513,120749.782625,2.86304552213604,119421.73317185,2.79399405140493,115012.11919835,2.85165485038796,114996.53359564,2.85177614575356,115024.38059463,2.86484294932764,113917.5270497,2.88390873647111,114599.27131446,2.87414623460002,114758.10837672,2.87347059120099,101725.81671659,2.92210161912848,102006.95760169,2.91566874619646
0.362184843687,119841.146677,2.86700521195536,118544.72373153,2.79780666527097,114237.04641655,2.85484533671548,114220.69667908,2.85490907072064,114171.10663681,2.8702010342116,112904.25476594,2.89149154998836,113801.0958178,2.87621521949181,113757.29113623,2.88117804492111,100961.16649584,2.92464770169219,101262.55384297,2.91832582827384
0.363006122244,118962.603446,2.87086364228229,117691.63806094,2.80154315383256,113456.78460382,2.85923914415655,113448.37421665,2.85912880975522,113183.34914865,2.87804346704703,112088.56054303,2.89540919875248,113018.15394316,2.87849786003632,112778.79250651,2.88816494728183,100233.6266344,2.92712490408944,100555.55954689,2.92157041451554
0.363827400802,118084.060216,2.8747493718395,116838.55239036,2.80530529633485,112676.5227911,2.86365655327101,112676.05175422,2.86336956266586,112195.59166049,2.88598065910446,111272.86632012,2.89936689122642,112235.21206851,2.8807810674813,111800.29387678,2.89524129475385,99506.086772958,2.92960819739702,99848.565250809,2.92482691584738
0.364648679359,117213.056093,2.87862983743247,115991.47240153,2.80906773697393,111860.00268925,2.86874421750846,111868.48107432,2.868284756454,111223.2011567,2.89362844167387,110479.64125442,2.90288059038556,111459.86625256,2.88313242066344,110871.4294443,2.90146969266182,98788.658431503,2.93218506671638,99134.506392855,2.92853108249796
0.365469957916,116363.888573,2.88244133460939,115161.78569945,2.81278080418205,110938.20550423,2.87576082188897,110958.52435301,2.87514587607201,110295.88798679,2.90023568553953,109751.33925656,2.90501479760218,110706.53761062,2.88568128313777,110086.14980698,2.9050352653271,98100.51949777,2.9350228101875,98399.817232978,2.93352648605756
0.366291236473,115514.721053,2.88627961209981,114332.09899737,2.81651934770244,110016.40831922,2.88285242120341,110048.5676317,2.88207804503558,109368.57481687,2.90692643958619,109023.0372587,2.90715955156259,109953.20896867,2.88823246845715,109300.87016965,2.90863501775167,97412.380564037,2.93786847537763,97665.128073102,2.93855898884717
0.36711251503,114679.457249,2.89008268176199,113513.70253157,2.82023314771284,109086.8723615,2.88986748816531,109122.62941992,2.88908427874465,108532.8521113,2.91188679064225,108300.69240721,2.90916652475819,109217.64576061,2.89101132699008,108551.58031642,2.91149219309196,96732.441622029,2.94123164784807,96899.387014046,2.94431083432191
0.367933793587,113858.451444,2.89384788034082,112706.88555426,2.82392006919423,108149.70183115,2.89680425657033,108180.59327521,2.89617121346253,107790.93704696,2.91502951551699,107584.43809602,2.91102554114055,108500.30317295,2.89402690943542,107839.13262319,2.91356920539753,96060.881003484,2.9451346012272,96101.839414014,2.95082012610044
0.368755072144,113037.445638,2.8976393464219,111900.06857695,2.82763223695638,107212.5313008,2.90382866571407,107238.5571305,2.9033476821459,107049.02198263,2.91820036633675,106868.18378482,2.91288596814119,107782.96058529,2.89704912375728,107126.68492995,2.91565557091086,95389.320384939,2.94905751996303,95304.291813982,2.9573984447142
0.369576350701,112236.14962,2.90136656611504,111109.18904249,2.83129859509136,106396.47362273,2.90851230658497,106413.47181606,2.90823725364152,106346.24871269,2.92045299986051,106155.61439162,2.91486905349025,107062.90656396,2.90104447770456,106424.20127683,2.91757783131765,94664.134716338,2.95451363596244,94528.358121188,2.96322049440721
0.370397629259,111442.114375,2.90508575970517,110324.17946615,2.83496340436914,105624.99948533,2.91234648888996,105631.4537441,2.91229947619287,105657.85593099,2.92236704777156,105444.40873482,2.91689706644829,106341.81584096,2.90541810852847,105725.37872147,2.91943908252406,93919.130544347,2.9605788337364,93760.447000001,2.96879777785657
0.371218907816,110648.07913,2.90883071298531,109539.16988982,2.83865329585193,104853.52534792,2.91621965227165,104849.43567214,2.91640420479419,104969.4631493,2.92428757648911,104733.20307803,2.91892512147724,105620.72511795,2.90981605256487,105026.55616611,2.92130190117063,93174.126372355,2.96670117214179,92992.535878814,2.97443578935807
0.372040186373,109879.215213,2.91248584947613,108774.9545714,2.84227013341782,104160.63310686,2.91848276023088,104154.32987158,2.91873900812009,104285.7033145,2.92613076097901,104039.99290441,2.9211624619659,104762.98481177,2.91710753074379,104335.79516406,2.92334051272448,92402.552699359,2.97310573796668,92296.980321211,2.97821223645931
0.37286146493,109111.187475,2.9161619298567,108011.43120882,2.84590803847732,103470.32102452,2.92070512056632,103462.0780151,2.92102894696833,103602.09394116,2.92797198791626,103347.38537449,2.92340752515784,103900.63769244,2.92457566579191,103645.30577367,2.92538559665105,91630.174845659,2.97958796422012,91603.815058918,2.98195797290302
0.373682743487,108348.049876,2.91983957123306,107252.0666705,2.84955157615505,102784.88177398,2.92286303529184,102775.18111933,2.92324156788607,102920.02340927,2.92985301582798,102660.75731735,2.92571440198079,103037.53086781,2.93205271048499,102958.85010624,2.92748240003784,90874.300118684,2.98570680215656,90919.634780345,2.98551363431314
0.374504022044,107603.8802,2.9234498377367,106508.82987267,2.85314508514176,102118.30863072,2.92472856544666,102109.01489157,2.9251078195164,102243.94900091,2.93188658131499,101997.34212188,2.92826035786705,102172.23814278,2.93931479683586,102288.06472451,2.92977872548279,90182.437712299,2.99018576387441,90270.281693199,2.98822788501172
0.375325300601,106859.710525,2.9270844431634,105765.59307485,2.85676279184597,101451.73548746,2.92659820860241,101442.8486638,2.92697854080899,101567.87459254,2.93392019872497,101333.9269264,2.93080927537456,101306.94541774,2.94666928519486,101617.27934278,2.9320768018999,89490.575305914,2.99470891144608,89620.928606054,2.99095859875609
0.376146579158,106125.944888,2.93069411632781,105031.30729874,2.86036058318181,100791.08453258,2.92852043578123,100782.51231748,2.9288935242899,100901.00484625,2.93605047674927,100683.74036677,2.93361893778803,100520.75997183,2.95241029368189,100959.04136138,2.93452855510452,88823.261307023,2.99860937361973,88985.202857279,2.99350470931333
0.376967857715,105405.316881,2.93426493451951,104308.32634241,2.86392593275628,100137.91391917,2.93050665906413,100129.53880244,2.9308616794343,100245.76422631,2.93830348036164,100050.25064999,2.9367613495754,99834.366998955,2.95604841505391,100316.64873809,2.93717573625995,88186.912469064,3.0016965261048,88366.678752927,2.99580756811405
0.377789136273,104684.688875,2.9378596589638,103585.34538609,2.86751520452306,99484.743305747,2.93249510602483,99476.565287399,2.93283208294069,99590.52360636,2.94055748108709,99416.760933205,2.93991250149655,99147.974026081,2.95972227926153,99674.256114791,2.93982721255676,87550.563631105,3.00480675309397,87748.154648576,2.99811879434315
0.37861041483,103978.74288,2.94140291896809,102875.13642309,2.87106832730004,98845.709251868,2.93464385211519,98837.180117858,2.9349587474996,98955.079151454,2.94303643976309,98749.926872967,2.94444242322448,98510.103555125,2.9622149719513,99047.592017979,2.94294375482687,86935.389079426,3.00744845115194,87150.593335962,3.00042156010394
0.379431693387,103279.732586,2.94493366766532,102170.9598237,2.87461648629924,98213.361394454,2.93686992579079,98204.222099474,2.93716074889865,98328.99364054,2.94562440259656,98067.260033231,2.94965402165746,97895.11543038,2.96414658190986,98428.353928453,2.94628822361605,86330.21648258,3.0098713509442,86562.94162234,3.00272251970881
0.380252971944,102580.722292,2.94848791889907,101466.7832243,2.87818847268106,97581.01353704,2.93909871990501,97571.264081089,2.93936538103605,97702.908129626,2.94821589905316,97384.593193496,2.95490397121684,97280.127305636,2.96608713962128,97809.115838927,2.94964388100061,85725.043885733,3.01230598443382,85975.289908718,3.00502913381457
0.381074250501,101902.005385,2.95196791525053,100780.18985226,2.88169122798196,96974.378780204,2.94163662568167,96963.620137952,2.94186799396712,97098.239164122,2.95146798376872,96597.711211285,2.96233105657065,96672.164061321,2.96780422007867,97121.247188868,2.95510652063887,85144.086959171,3.01452229140505,85417.182742386,3.00770932633951
0.381895529058,101225.149199,2.95546163905138,100095.20944136,2.88520848821478,96370.099529159,2.94420710926945,96358.295393622,2.944401946987,96495.524701007,2.95479100957932,95801.297054085,2.97004017402382,96064.836226481,2.96950163543793,96427.031670845,2.96080648696061,84565.347688868,3.01672402821343,84861.779793341,3.01043128582062
0.382716807615,100551.216546,2.9589620716147,99412.88676396,2.88873656553124,95769.523193469,2.94687542448154,95756.893877781,2.9470273832208,95880.5364593,2.95850434603816,95014.070339525,2.97757100234498,95457.971215264,2.97122581825252,95718.76079987,2.96681454646911,83991.04475046,3.01894780197598,84306.591870578,3.0133508927207
0.383538086172,99893.4127458,2.96239456399075,98745.226852529,2.89221807579282,95189.388339069,2.95006728514632,95177.158172971,2.95014193061023,95197.30613145,2.96435281648558,94278.30973163,2.98368033611837,94853.690930004,2.97309278261707,94933.113874223,2.97432851821191,83441.268866139,3.02126507511785,83752.465046627,3.01733663849615
0.384359364729,99235.6089452,2.96584934290589,98077.566941098,2.89572260209307,94609.253484668,2.953269011928,94597.422468161,2.95326557323902,94514.075803601,2.97025085504743,93542.549123735,2.98986249921144,94249.410644744,2.97495965725775,94147.466948576,2.98193149480006,82891.492981817,3.0235873883728,83198.338222677,3.02134497048421
0.385180643287,98586.1275542,2.96928789340621,97417.061190677,2.89920988903954,94006.667182457,2.9572319825311,93999.584498334,2.95708914994703,93797.352384751,2.97684412186697,92864.807485659,2.99474043779693,93651.02946516,2.97690359736339,93396.238000188,2.98871389146113,82352.685623933,3.0261146289149,82618.801618203,3.0261157115144
0.386001921844,97949.6639528,2.97268760933992,96767.744790793,2.90265610379484,93368.880703786,2.96239930173682,93373.354449961,2.96201943105253,93028.451460463,2.98451935619035,92277.585038251,2.99750575591865,93061.873889349,2.97896836073147,92698.953183299,2.99413901583634,81831.010602014,3.02896202904875,81999.508127569,3.03208721502773
0.386823200401,97313.2003513,2.97610920385692,96118.42839091,2.906124935297,92731.094225114,2.96760437716517,92747.124401588,2.96698352520526,92259.550536174,2.99228708642796,91690.362590843,3.0002940495451,92472.718313537,2.98103356196205,92001.668366411,2.99962581049735,81309.335580095,3.03181829447092,81380.214636935,3.03811503367908
0.387644478958,96686.6458681,2.97948792153694,95479.022873207,2.90957025060809,92031.812649119,2.97396425278349,92055.177873241,2.97322736216867,91552.93951457,2.99848602302373,91127.364455769,3.00238790205857,91898.651531679,2.98326766238857,91383.742359794,3.00326196198581,80776.598217506,3.03563565456598,80754.157325323,3.0440145326092
0.388465757515,96065.9621709,2.98284938349555,94845.494278946,2.91301054022708,91296.038277602,2.98105705535451,91324.204497169,2.98027897758236,90883.425092568,3.00376046317937,90578.72128261,3.0040644974654,91333.550938704,2.98560370240641,90812.887961262,3.00579005478458,80237.245547631,3.04004377091573,80124.174251392,3.04986240013841
0.389287036072,95445.2784738,2.98623243663267,94211.965684685,2.91647352186397,90560.263906085,2.98822995752198,90593.231121097,2.9874088447197,90213.910670566,3.0090945372361,90030.078109451,3.0057459099437,90768.450345729,2.987941900232,90242.033562731,3.00833732015332,79697.892877756,3.04448031674667,79494.191177462,3.05577318993883
0.390108314629,94843.4063583,2.98955845988879,93593.798497288,2.91986353828951,89872.548618147,2.99392576456785,89897.647986011,2.9933220647854,89649.418344426,3.01183406286658,89482.70048477,3.00740209368825,90226.05038886,2.99071811953364,89698.866301713,3.01011425322507,79103.813001207,3.05039685639198,78924.933499758,3.05977399220046
0.390929593186,94244.5003294,2.99289299980154,92978.049627008,2.92326020972433,89192.457403321,2.99943873201017,89207.715272293,2.99909673336271,89101.345450936,3.01417796819602,88935.519327225,3.00905428355962,89687.210258088,2.99356904301273,89160.022472574,3.01177295655638,78501.14788423,3.05659886076973,78365.192935,3.06350007549281
0.391750871743,93646.7289194,2.99623829714075,92363.751877773,2.92667255209404,88524.491450335,3.00471803981637,88530.428008211,3.00462902248062,88555.706404899,3.01645846141528,88388.868366565,3.01072571548819,89145.79918354,2.99659383350297,88621.583609449,3.01343591153239,77899.479651582,3.06278497146175,77810.357764186,3.06711766964409
0.392572150301,93058.8035062,2.99951204661942,91762.203127728,2.93005097191504,87963.532568567,3.0074178844862,87964.761350945,3.00747278497204,88031.461345158,3.0180409778078,87846.952141536,3.01256531075086,88581.311918345,3.00112345752778,88086.720004646,3.01510314212337,77307.104603872,3.06833274289327,77298.878668312,3.06950725135259
0.393393428858,92470.8780931,3.00280640141977,91160.654377683,2.9334513600676,87402.573686798,3.01013994826393,87399.09469368,3.01034081779992,87507.216285416,3.01962648605773,87305.035916508,3.01440486716568,88016.824653151,3.00568101928364,87551.856399843,3.01677081068664,76714.729556163,3.07393928575235,76787.399572437,3.07191008669897
0.394214707415,91891.2960844,3.00609505738695,90565.11991829,2.93683182991145,86855.001915923,3.01253906275718,86848.264622589,3.01284809574495,86982.941216902,3.02123595409715,86768.601057711,3.0163128032728,87413.331998874,3.01118732660483,87019.643757758,3.01850756811765,76145.006743575,3.07888971748154,76285.850113861,3.07418961404214
0.395035985972,91328.0992091,3.00935199113623,89981.371358411,2.94015054961913,86333.539101561,3.01427632023466,86326.371259556,3.01461682540681,86458.609335049,3.02288756190272,86242.882896047,3.01835491537517,86733.564978632,3.0185545815951,86492.620315,3.02037891311401,75619.50315442,3.08248273212197,75803.686562586,3.0762108074946
0.395857264529,90764.9023339,3.01262903709065,89397.622798532,2.94349048492837,85812.076287199,3.01602033417628,85804.477896523,3.01639302275369,85934.277453196,3.02453917966023,85717.164734383,3.02039775335269,86053.79795839,3.02600301796775,85965.596872243,3.02225074382649,75093.999565266,3.08610700423854,75321.523011311,3.07823750382388
0.396678543086,90203.4143115,3.01586458949257,88821.382660449,2.94682045462387,85296.462853016,3.01772112309335,85288.944321054,3.01810151536488,85414.033441108,3.02629933776723,85204.648149239,3.02261724001908,85388.091822076,3.03290733637281,85448.298636904,3.02426275123606,74588.132870225,3.0891150400774,74848.68867604,3.08047383915763
0.397499821643,89643.1127131,3.01907435975778,88250.651562378,2.95014894559445,84785.156513554,3.01938853753881,84778.092841781,3.01975835039976,84896.809748234,3.0281395050415,84701.866556605,3.02496884163544,84732.943782944,3.03942289724687,84938.173787757,3.02637915562078,74096.728470598,3.0916650405804,74382.725668002,3.08286770473291
0.3983211002,89082.8111146,3.02230426427859,87679.920464308,2.95349904437677,84273.850174091,3.02105830143212,84267.241362507,3.02141767913369,84379.586055361,3.02997968710857,84199.084963971,3.02732326436452,84077.795743811,3.04601593132352,84428.04893861,3.02849721164798,73605.324070971,3.09423108798922,73916.762659964,3.08526876724179
0.399142378758,88549.0245725,3.02550707487342,87125.550077303,2.95672895615678,83770.951099534,3.02287128698462,83764.3728991,3.02321305362829,83876.095130539,3.03198850381639,83712.667520061,3.03019850596722,83537.494534523,3.04962955515087,83935.677397758,3.03091101659914,73130.800188774,3.09641608702429,73433.050736348,3.0886644676051
0.399963657315,88021.4230875,3.02871829360206,86574.974127992,2.95994584863068,83269.993330899,3.02471865766361,83263.347808282,3.02504111925051,83375.771712507,3.03403701224461,83230.017349884,3.03320142153674,83023.61301039,3.05256975704539,83447.39827929,3.03339657509917,72660.166568443,3.09851854187051,72945.224075538,3.09230943961615
0.400784935872,87493.2955711,3.03194328525236,86025.245012367,2.96317711049616,82769.911071443,3.02657968768788,82763.168333962,3.02688255320993,82876.543356177,3.03610300023511,82744.536919225,3.03632406661249,82511.866462839,3.05546632888582,82959.733952099,3.0359245826307,72190.553794465,3.10062295275742,72455.905146471,3.09601820898232
0.401606214429,86953.3589929,3.03507721472327,85491.246091701,2.96632300110018,82286.569050481,3.02866806728199,82279.160172485,3.02894621890824,82398.237833886,3.03848865486188,82204.136819418,3.04160577758158,82040.436728674,3.05706713457395,82483.670132237,3.0391944722647,71740.424464139,3.10261553888665,71938.401414846,3.1005216016567
0.402427492986,86413.4224147,3.03823069620354,84957.247171035,2.96948887933244,81803.227029518,3.03075910114841,81795.152011007,3.03101243503882,81919.932311595,3.04087757556966,81663.73671961,3.04692751352658,81569.006994509,3.05867354955613,82007.606312375,3.04247611863247,71290.295133813,3.10461273879647,71420.89768322,3.10506430578079
0.403248771543,85887.318593,3.04141599078387,84434.1048834,2.97254865633328,81325.71599124,3.03296182121824,81316.904461261,3.03318648393106,81445.184156059,3.04349991763104,81095.605292293,3.05291785555306,81097.988206049,3.06025577925935,81504.195679013,3.04657879062115,70846.522244982,3.10667407696495,70921.144963624,3.1092180768095
0.4040700501,85396.0405001,3.04465079956364,83938.074467451,2.97530979071539,80862.702595432,3.03543978352616,80852.980056612,3.0356262623974,80979.256412648,3.04670328310302,80458.602156452,3.06053657047114,80627.980111529,3.06176662937219,80932.592167368,3.05273568229022,70418.55653337,3.10888821733328,70465.665812328,3.11233051877763
0.404891328657,84904.7624073,3.04790449476852,83442.044051502,2.97808732298561,80399.689199625,3.03792267568237,80389.055651963,3.03807073975138,80513.328669236,3.04991764753152,79821.599020611,3.0682436874081,80157.972017009,3.06327789664731,80360.988655723,3.05894752840308,69990.590821757,3.11110714243881,70010.186661031,3.11546453133073
0.405712607214,84382.2252086,3.0509344911559,82976.36391081,2.98055774117632,79923.048604061,3.04121294178643,79913.935691556,3.04126923809022,79994.458976488,3.05476870257215,79237.883974148,3.07447493339192,79700.790777982,3.06462936631464,79770.583420222,3.06555480882578,69568.164337614,3.1138914768355,69652.79982041,3.11752999797392
0.406533885772,83830.920078,3.05376141716055,82538.219436554,2.98274911496568,79433.9712328,3.04525126918911,79428.593932419,3.04516603296714,79427.36405637,3.06114610037454,78702.779988349,3.0793392160292,79255.297674217,3.06583052277338,79163.274327219,3.0725388646975,69150.755601555,3.11719870692144,69384.614322428,3.1186109951465
0.407355164329,83279.6149474,3.05660703820817,82100.074962297,2.98495411878396,78944.893861539,3.0493116439436,78943.252173283,3.0490830818347,78860.269136252,3.06758273525204,78167.67600255,3.08425512557214,78809.804570452,3.06702601109171,78555.965234217,3.0796024067738,68733.346865496,3.12052132258912,69116.428824447,3.11969234672079
0.408176442886,82870.4074028,3.05813149908007,81837.474209823,2.98626880067655,78626.406311109,3.05236631509214,78629.36287325,3.05200204672039,78469.797091623,3.07258295554593,77897.491997678,3.08580594534392,78551.03420632,3.06745990167178,78212.676655317,3.08316075624242,68479.199701526,3.12281321331588,69007.309688223,3.11988544104526
0.408997721443,82506.2732707,3.05924123134063,81630.172585173,2.9873033935801,78361.730616721,3.05510665106161,78369.549880729,3.05460867571111,78135.141155973,3.0771395234423,77710.575736296,3.08629258587801,78351.059812822,3.0676522130549,77952.486607782,3.08561271107024,68276.499932338,3.12478040012678,68948.119941722,3.11979875520347
0.409819,82142.1391386,3.06035584636084,81422.870960523,2.98834177314049,78097.054922332,3.0578573139188,78109.736888207,3.05722459226669,77800.485220324,3.08172451720288,77523.659474913,3.08678039419546,78151.085419323,3.06784068224863,77692.296560247,3.08807744915119,68073.80016315,3.12675280867597,68888.93019522,3.1197111327621
