                                                                               
                             
                                                                   
                                                            
                                          
                             
                                                                               
FoamFile
{
    format      ascii;
    class       volVectorField;
    location    "1.0049999999999706/fluid";
    object      rhoU;
}
                                                                               

dimensions      [1 -2 -1 0 0 0 0];

internalField   nonuniform List<vector> 
4592
(
(56.07095470828942 0.0040876866102223918 0)
(56.145284671581045 0.014961120284258649 1.6255125808023149e-10)
(56.169149081486722 -0.0038111865003111266 4.8646996498968477e-10)
(56.293522630163729 -0.014930975386865537 4.8578743964865235e-10)
(56.387108886664684 -0.03452572145166833 4.8467949509223607e-10)
(56.556065928157658 -0.050117739215393059 6.1914053734557206e-10)
(56.716688507327866 -0.069553795506569024 4.8189004669608863e-10)
(56.931892724986533 -0.087729035703813851 3.5474517517511016e-10)
(57.15521083349828 -0.10843258379482675 3.9805459538589726e-10)
(57.420987332163563 -0.1295048500087109 3.9619422344584592e-10)
(57.705428322436035 -0.15272436887984367 3.9427086397131369e-10)
(58.026240568766504 -0.17719355308590037 5.9261690294012789e-10)
(58.371836988282098 -0.20373195033613228 5.6024220923178479e-10)
(58.750884419273909 -0.23196396614428058 7.5903489272557271e-10)
(59.157845914327183 -0.26226902549215569 7.2807057092274666e-10)
(59.596766411673222 -0.29448909090930731 6.9385168582060421e-10)
(60.064907634936944 -0.32880326769886892 6.8153232370439242e-10)
(60.563873674554991 -0.36512067856417879 6.2606345750938245e-10)
(61.092172687654106 -0.40354421417242387 5.3802945567465658e-10)
(61.650057825801362 -0.44402016823399731 4.2159101981292073e-10)
(62.236376355188689 -0.48659152866670075 4.3869234405889637e-10)
(62.850665559964099 -0.53123922901581278 3.6211451281970509e-10)
(63.491945385595535 -0.57799596132767861 2.1601953025181386e-10)
(64.159065142189291 -0.62684911525297349 2.9126168126563801e-10)
(64.851269814977343 -0.67786481047574565 2.9022439402152034e-10)
(65.566891643058582 -0.73101472182420923 4.5694583799617522e-10)
(66.305590651646369 -0.78647280798712549 4.808698133195673e-10)
(67.064821914391857 -0.84409147437575882 5.5751389183499662e-10)
(67.845435262828858 -0.90439375365500518 5.3572166533783944e-10)
(68.643099719262864 -0.96666413832084441 6.5827073854328824e-10)
(69.461231910659663 -1.0326145239560707 6.0327699145780165e-10)
(70.291944874532206 -1.099460414122565 6.7882265097869669e-10)
(56.357105552433033 -0.074427908435135276 -2.086441111961043e-22)
(56.483462398891497 -0.1186378761242968 3.0144941070941723e-14)
(56.556671638162157 -0.1859805866769548 7.9729082928486605e-13)
(56.73888865391153 -0.2365583381226764 5.8164855419634942e-11)
(56.89091994368362 -0.30171729804842534 5.7933416022689094e-11)
(57.121401069393563 -0.35909325187635632 5.7513057572530842e-11)
(57.345480254233216 -0.42614275615117075 1.4407334591252793e-10)
(57.626860405588509 -0.49156685129388022 2.0088538231852921e-10)
(57.918947700215838 -0.56426859713582334 2.7650247715886162e-11)
(58.256338688009919 -0.63892416388627993 2.7293026598736142e-11)
(58.615220975091646 -0.71979108552637805 2.7021823516220728e-11)
(59.013311880765244 -0.8044354298503259 2.6741147136706278e-11)
(59.438962278251935 -0.89478895406242831 2.6457770652951541e-11)
(59.900708526398809 -0.98970479846047721 2.6139897916750904e-11)
(60.392841976566963 -1.0899935458458549 2.5906438934221606e-11)
(60.919174612860836 -1.195045633293552 8.0031466097683555e-11)
(61.47673804841952 -1.3051285244491413 1.3327734471033186e-10)
(62.066822141150531 -1.4198441757196794 1.3214150091890769e-10)
(62.687609963916252 -1.5391965331630624 1.30960639552439e-10)
(63.339042785097412 -1.6628523103863255 1.2957087041436418e-10)
(64.019579951300216 -1.7906914417825643 1.1608808869554823e-10)
(64.728370420379647 -1.9223961168447439 1.2668965076307853e-10)
(65.464034020918987 -2.0577936318480625 1.2526657228843029e-10)
(66.22498674620465 -2.1965549243786149 1.4260184168769297e-10)
(67.010008405128232 -2.3385391932432715 1.2236495816015301e-10)
(67.816953269863689 -2.4833314305014409 1.6981604280230421e-10)
(68.64501169933483 -2.6309769087011419 1.7984552122140967e-10)
(69.490990949381015 -2.7807794091501408 2.0114952332245712e-10)
(70.355473059347091 -2.9333593806030218 1.7515882469761201e-10)
(71.232970576362192 -3.08707206949228 1.7304765936957467e-10)
(72.1275091255402 -3.2443146440803288 1.8088428589396701e-10)
(73.028184527134542 -3.4004541698512378 1.5659360625171649e-10)
(56.124549318943998 -0.120923453702404 6.965612420619507e-22)
(56.239795580148638 -0.19376831968701699 -3.9392417202182696e-11)
(56.300214007873528 -0.30582855731392872 -3.9564210920875487e-11)
(56.469398192535088 -0.38752465555894938 -1.1805215484023441e-10)
(56.603736029640025 -0.49486180476211322 -1.079513427480592e-10)
(56.817244283810176 -0.58837356767352378 -1.4886875411380523e-10)
(57.020274440954068 -0.69891243878871734 -1.4485536346532528e-10)
(57.280873887682787 -0.80669959975725691 -1.4020835149356547e-10)
(57.549380421262448 -0.92718196960995503 -1.3723206027823538e-10)
(57.863098106944157 -1.051107848192057 -1.3469191193224726e-10)
(58.19659357677893 -1.1857494900443999 -1.3395286286745523e-10)
(58.569112748025169 -1.3268822024337961 -1.3312538088544469e-10)
(58.968247249135899 -1.477761301285818 -1.329057759979785e-10)
(59.403377632145556 -1.6363792010036753 -1.3188916267133755e-10)
(59.86849357481281 -1.8040727086963306 -1.3087202565951362e-10)
(60.367897893054696 -1.979743990129857 -1.3680214783382808e-10)
(60.898520423793734 -2.1638117600063191 -1.3409015101331194e-10)
(61.461940746553793 -2.3555305539875611 -1.077312794274559e-10)
(62.056368458034648 -2.5548582706846013 -9.1899759029165894e-11)
(62.68188069799794 -2.7611602378372164 -8.8829932808213249e-11)
(63.336983131478966 -2.9741705930796245 -5.2604679030706338e-11)
(64.020919107575125 -3.1932713207175154 -8.5775190602200607e-11)
(64.732342587154747 -3.4180881654625299 -8.4969434093351146e-11)
(65.469673670527641 -3.6479859186624708 -8.3897979193111472e-11)
(66.231799840468838 -3.8825900096815982 -8.0458997837500552e-11)
(67.016444519050282 -4.1211686661227152 -7.4025557708027936e-11)
(67.823049277560315 -4.3635345927327673 -7.3300745830817123e-11)
(68.647943899157511 -4.6086319443662074 -8.8514714736821968e-11)
(69.492553224708089 -4.8569009725200338 -8.7362301824600028e-11)
(70.349825183126839 -5.1062510487793169 -8.5950336211126191e-11)
(71.226450928850127 -5.3590266864974359 -8.4877425098193229e-11)
(72.106774530064641 -5.6099743878290882 -8.3876628701053719e-11)
(56.122442354777441 -0.17151405090614391 -1.8210106442512015e-21)
(56.246659579134707 -0.26697244311188134 -2.9231954994553775e-13)
(56.304532377701676 -0.41770157082125614 -3.8712284551347849e-11)
(56.475289775435385 -0.52227921752573925 -6.7034489462316931e-11)
(56.601777984142885 -0.66363032526428001 -4.6304751791616835e-11)
(56.808985796232079 -0.78428830340499678 -5.0218894019122636e-11)
(56.998895457230212 -0.92912396577528311 -1.5306250531991989e-11)
(57.246250951771543 -1.0696098529608566 -4.5720956451623374e-11)
(57.49678102863858 -1.2278482417054157 -4.5474654504374423e-11)
(57.791498857255064 -1.3906251365380311 -4.5240787052548825e-11)
(58.102675851541669 -1.5682203916191813 -7.7732142154979508e-11)
(58.45151079020583 -1.7546476060371987 -7.4276223797464975e-11)
(58.824551852464708 -1.9544845044477546 -1.1494320918518636e-10)
(59.232216552994345 -2.1648978252674649 -1.0674441702141469e-10)
(59.66808820079963 -2.3877837247999527 -1.0346149506595562e-10)
(60.137049916546822 -2.6215767282774012 -1.0209076242660198e-10)
(60.635928536569274 -2.8669208792203769 -9.3878959229779326e-11)
(61.166675370799474 -3.1227218612289311 -4.3357561009389651e-11)
(61.727531240256468 -3.3889767393605861 -4.2811994770678845e-11)
(62.318822478614806 -3.6647649573690906 -4.24297433504514e-11)
(62.939148477311591 -3.9497422815957393 -1.4118355771809392e-11)
(63.587935199761127 -4.2430206031952507 1.3537660889751437e-11)
(64.263946696844798 -4.5440779271952083 6.2594550206999202e-12)
(64.965727058750431 -4.8520294304553122 1.1354877016296002e-11)
(65.692311354889625 -5.1662773185886008 6.4296486510733119e-12)
(66.441436940436901 -5.4859052248106188 -1.9909012711946193e-12)
(67.212817021229398 -5.8103998397218621 -7.4404697004199496e-12)
(68.002518909076983 -6.1386509365865285 -1.004352668505378e-11)
(68.812699976536379 -6.4705639981729144 -7.2849848518612031e-12)
(69.635179982239336 -6.8043584696641242 6.2145344864214764e-12)
(70.478832651865687 -7.1412479440913534 6.7927217198017134e-12)
(71.324345547185473 -7.477337188724686 4.6482342568709401e-12)
(55.880714340829321 -0.22002710694310687 -1.4612732431934489e-11)
(55.99979719612616 -0.3289654580754468 -7.2941936233474399e-12)
(56.042652985991509 -0.5150326203797978 2.6277247603934536e-11)
(56.20071850245391 -0.6352061541543863 2.6554581517346266e-12)
(56.303355018801689 -0.80591416350651346 1.301089234994302e-11)
(56.488632814359129 -0.94733754605762321 2.9337826481935721e-11)
(56.648006449846172 -1.1210100860195029 5.4645970461131073e-12)
(56.865065275504151 -1.2880528494710413 3.858228382864344e-11)
(57.079337615093635 -1.4781244144070831 1.3686878781195225e-11)
(57.33688050883994 -1.6735091798038133 1.3628122470581164e-11)
(57.606792439127815 -1.8877816606302011 1.1850538538009723e-11)
(57.91294172326802 -2.1130152578435513 3.1985674783376373e-11)
(58.240407533269639 -2.3552241382869554 -1.277808554559632e-11)
(58.601013038472367 -2.6106767092759888 -3.9521259574670075e-11)
(58.987783433600391 -2.8819115378000921 -3.9280345037216107e-11)
(59.406368945700862 -3.1668546473778507 -1.3704609722617123e-11)
(59.853454191125287 -3.4664503592695555 -2.1195952555243255e-11)
(60.33151410704248 -3.7792259568124313 -1.9117627465629009e-11)
(60.838791918231436 -4.1052946823402401 -1.3277362641296542e-11)
(61.375964436677187 -4.4434149311380553 -1.4625057993721233e-11)
(61.941748617481245 -4.7932319638501992 -6.2220167398650276e-12)
(62.535826264976677 -5.1535668118578544 -6.1547981661310859e-12)
(63.157075736810043 -5.5237882605830135 -1.8415440218431953e-11)
(63.804246523719222 -5.9027633923342107 -6.4361207693873597e-12)
(64.476510649704082 -6.289677787346351 -6.8149181257431942e-12)
(65.171695714662775 -6.6834649951024891 -6.755728214582437e-12)
(65.889727905298543 -7.0832359183609004 -2.9507421760873273e-11)
(66.626570893116309 -7.4879402315983485 -4.0934017985345662e-11)
(67.384866021085742 -7.896787653247225 -2.9291341769178768e-11)
(68.155754745948983 -8.3085892281190983 -2.8994586327112004e-11)
(68.949468447054898 -8.7230093599885716 -4.6826752171776062e-11)
(69.74448475961394 -9.1382114425629268 -4.4519685248248002e-11)
(55.785807221021003 -0.26281130975889971 -1.3882627778380891e-11)
(55.908294787745383 -0.37060522502853599 -3.8022803880963777e-11)
(55.936825398637218 -0.5861866592194418 -6.4357501849928024e-11)
(56.086535209510537 -0.71148256979911173 -6.0731313798475644e-11)
(56.165004835152246 -0.90385590514842462 -3.5731257141873622e-11)
(56.329404491697019 -1.0567119248333363 -5.3318075415405299e-11)
(56.456684204142029 -1.2505506163956741 -6.2889541876675445e-11)
(56.642078886512884 -1.4349182409853329 -7.5805232395884824e-11)
(56.817162973014085 -1.6475609755340068 -6.0022925049703827e-11)
(57.034236849501454 -1.8660061565481334 -5.9796070959153656e-11)
(57.258506770492602 -2.1072010051104111 -5.9647110607892868e-11)
(57.517005619487371 -2.3612614109738796 -5.9154232957649029e-11)
(57.793084851907217 -2.6356655224176078 -5.8167708791150893e-11)
(58.10019442247755 -2.9257958211124095 -3.4284440870586115e-11)
(58.430723500837132 -3.2348907893865215 -3.398978472834015e-11)
(58.791218101092255 -3.5603857251887279 -3.2955011906447441e-11)
(59.178230738174022 -3.90359398796629 -3.2614372108593558e-11)
(59.594851645763264 -4.2626661709241436 -3.2384200122624437e-11)
(60.039368021415434 -4.6379371977298707 -2.6039527265586643e-11)
(60.512925110949851 -5.0278099727472378 -1.6209012242155092e-11)
(61.014389467933263 -5.43202553598704 -1.9246480642321412e-12)
(61.543816415178036 -5.8490803564719078 -3.3892634519859363e-12)
(62.100247350713865 -6.2783130414662729 -1.4307761280342418e-11)
(62.682748552896989 -6.7183209851302026 -1.4119118645012783e-11)
(63.290640815914259 -7.1681079682494504 -2.4969574602057601e-11)
(63.921986960317135 -7.6264716175597229 -2.4639527857424575e-11)
(64.57686737112634 -8.0921054895054247 -2.4415926326277191e-11)
(65.251370577903756 -8.5641125394761541 -3.4845384816612132e-11)
(65.948361691605569 -9.0408355807739866 -3.3979040473071129e-11)
(66.658857794609602 -9.5219513891917771 -3.3628565634407453e-11)
(67.393583424814338 -10.005147447945477 -3.3217010458506099e-11)
(68.130309077433964 -10.491194065705049 -2.2699876676669345e-11)
(55.60958854113791 -0.31018129265859823 3.9241134472818674e-11)
(55.734923674410624 -0.40745004902088011 7.5571239013680199e-11)
(55.746273243403643 -0.64920649116810536 3.3523678794829567e-11)
(55.886770088533176 -0.77130322193102996 3.5840311753662668e-11)
(55.937427223927031 -0.97972835266539204 6.4920816757500843e-11)
(56.078891710135032 -1.1368386429222697 4.001865191917925e-11)
(56.17033812411119 -1.3443902977281157 3.4389594114676709e-11)
(56.321119898592357 -1.5391374934375079 1.6463613965414654e-11)
(56.453179879425569 -1.767396679675399 1.3196986861269317e-11)
(56.626196793752783 -2.001679440408239 1.0471839740618582e-11)
(56.800704293894988 -2.2623613227446002 6.0713497636227343e-12)
(57.007368245278826 -2.5375698700196638 1.3621541003931778e-11)
(57.227472313208672 -2.8362772804992593 3.5998994571902464e-11)
(57.476288468105011 -3.1529785487489432 3.5540451794991063e-11)
(57.745417514896559 -3.4916900077790975 3.5389508514030312e-11)
(58.042401443904637 -3.8493451921444191 5.7179809563493375e-11)
(58.363629228737942 -4.227742407302217 5.7791792220600703e-11)
(58.712833352588596 -4.6246244741489093 5.3992420069809217e-11)
(59.08837000935339 -5.0406919773274135 6.1794331666714023e-11)
(59.491912840225268 -5.4739335330205421 5.0692191088540353e-11)
(59.922492383284691 -5.924340713193037 5.0405796800705166e-11)
(60.380622745669228 -6.3900105552972155 4.9895724224007234e-11)
(60.86551430802772 -6.8703873663306201 4.9221609356603195e-11)
(61.376664645362119 -7.3637299139209524 4.884303273296482e-11)
(61.913515818202391 -7.8689478258519054 4.2877383806868973e-11)
(62.47452512142155 -8.3846729162295048 4.3376479179332517e-11)
(63.059828563034273 -8.9091652496293126 4.2056168510307158e-11)
(63.665927617460149 -9.4417713615804324 3.6227072657933879e-11)
(64.29550398561662 -9.9797881541531019 4.5625317921637536e-11)
(64.940174224732218 -10.523977401555085 4.4592116316495107e-11)
(65.610209587596586 -11.06971611172936 4.4505173092437358e-11)
(66.28416174816779 -11.620792212581053 4.7449515830626265e-11)
(55.530925502510506 -0.3562648686930493 3.3235654459268452e-11)
(55.665010211074836 -0.42899484538674226 3.3273343618969238e-11)
(55.657802618934959 -0.69314230589052295 7.7463581950713228e-11)
(55.792039276730783 -0.80271083693189382 1.0201637749819236e-10)
(55.813344458738754 -1.0210192923214882 1.0033767751154466e-10)
(55.932517720747789 -1.1748177486305926 9.8815461272694963e-11)
(55.986654494280565 -1.3891048348448976 7.7441258780835617e-11)
(56.102146157661501 -1.5869505313220076 7.729199835355646e-11)
(56.189525088843794 -1.8233606856875035 7.7130761278572034e-11)
(56.316926015527578 -2.0658255223983764 7.6986283185632025e-11)
(56.439539464099568 -2.337999530104216 7.6824420623595158e-11)
(56.592012187951731 -2.6261201635878688 7.6648727311321596e-11)
(56.753324757672665 -2.9405999018876674 7.2485749850906888e-11)
(56.940676956784337 -3.275094246319914 5.8537146551315794e-11)
(57.144797639725056 -3.6344729157273394 5.4962183993858492e-11)
(57.374266828488082 -4.0151410483504755 4.9006714827188132e-11)
(57.625307442396164 -4.4195537052137812 3.6697945285122135e-11)
(57.902313325959 -4.8449794927962451 3.648704795209272e-11)
(58.203753740056229 -5.2926884114057593 4.6822638093905353e-11)
(58.53188327173136 -5.7601635798421587 4.6476709506421721e-11)
(58.885934716627233 -6.2478697383693964 4.6179920139586549e-11)
(59.266971695872392 -6.7533876584748445 4.2004096818562854e-11)
(59.67440324916398 -7.2764785208466138 3.5182852692370872e-11)
(60.108291825048774 -7.8149416224103465 3.4875368333726621e-11)
(60.568173487373883 -8.3677555400420989 2.4420171977098303e-11)
(61.053133900161946 -8.933291082003338 1.4578494056463099e-11)
(61.563194212697908 -9.5094537677029702 1.3949264488472382e-11)
(62.0956143706821 -10.095810355313638 1.4012614651052336e-11)
(62.652640519126486 -10.688553519839926 1.3630279174116705e-11)
(63.226986386466443 -11.289619984889313 3.7769915632998959e-12)
(63.827668163508079 -11.891874699892563 9.8050180891974956e-12)
(64.435455878913615 -12.502348461703161 7.7093310143743602e-12)
(55.45617623790568 -0.41020876591878053 -1.180524635476852e-11)
(55.60359683728754 -0.4474207453079867 -5.8083770299059951e-12)
(55.576475771539371 -0.73142139540671602 -1.0712495598065017e-11)
(55.707395461261569 -0.82047295303547674 2.6687332674675261e-12)
(55.698375000998006 -1.0435016566577955 -9.4993563795718906e-12)
(55.796722875823534 -1.187882259768321 1.0597680230532184e-11)
(55.813391930466352 -1.4031870651709206 1.0560824234356558e-11)
(55.89448998187801 -1.5983194897743473 1.0535733501652194e-11)
(55.937486220148244 -1.8367636412349109 9.9122494549922313e-12)
(56.019866298552785 -2.0811439076296496 9.8204698750518446e-12)
(56.090867701493835 -2.3581311574817225 9.7863944083866941e-12)
(56.189346079200732 -2.6522122610921448 1.017199692594847e-11)
(56.291759132823074 -2.9751675233203372 4.7568859923210122e-12)
(56.417247875965352 -3.3198517544484059 4.693794740456992e-12)
(56.555598349759222 -3.6920899273522099 5.0868281637966397e-12)
(56.716403839058621 -4.0876973193819977 -1.6174614641938302e-11)
(56.895693420857668 -4.5100126887909973 -1.6171494823512674e-11)
(57.098523064509422 -4.9557112926482754 -1.6132115302119065e-11)
(57.323490563234373 -5.4269190281428195 -1.6116721520375012e-11)
(57.5734564831806 -5.9204580272897882 -1.6676996832060641e-11)
(57.847888908977986 -6.4375871107502922 -1.5998998175508671e-11)
(58.148478754421454 -6.9751806275554333 -1.5938441054478073e-11)
(58.474853472529361 -7.5336409231620607 -1.5809844478026773e-11)
(58.827787506197168 -8.1100943372725514 -1.5726843771481014e-11)
(59.206893430547517 -8.7038943612340951 -1.5691123713270548e-11)
(59.612102267940827 -9.3129051611883007 -8.5207205240501931e-12)
(60.043230473282669 -9.9349747905422969 -1.5891399143942839e-11)
(60.498649644048392 -10.569627799452268 -1.2656085074686042e-11)
(60.979806625630353 -11.212128273946691 -1.6076004476844408e-11)
(61.481220185612955 -11.865508564665909 -1.6088769364760031e-11)
(62.009796907045676 -12.520000985509741 -1.9296071834350712e-11)
(62.549942469719767 -13.186077110076052 -2.1116600666795616e-11)
(55.460930206795339 -0.46889210975260409 -1.2511065092613933e-11)
(55.628310829734666 -0.45715186123226659 -1.0821430424366992e-11)
(55.579067184716386 -0.75851995082347901 -1.1048292186820927e-11)
(55.710079391138429 -0.81935751793132372 -1.118539830141245e-11)
(55.669427229902233 -1.042202419822521 -3.2353378473859521e-11)
(55.748524166030485 -1.1718580337840621 -1.0956723874595909e-11)
(55.727679059639058 -1.3829396640552252 -1.0718310115642484e-11)
(55.775468355971867 -1.5702889734405485 -1.0614545716705686e-11)
(55.774709147793295 -1.8051554608564249 -3.2005353616141468e-11)
(55.81298056837462 -2.0457563593132742 -3.1972125868336221e-11)
(55.833083486776722 -2.3212966393306647 -2.9571183942193432e-11)
(55.878178792902055 -2.6147772225895394 -1.5876351247759542e-11)
(55.922064753211373 -2.9391960530277288 -1.5858743905792073e-11)
(55.985746829749331 -3.286683710599871 -1.5836997154206941e-11)
(56.058038956849749 -3.6641022139472108 -5.1648178795548141e-12)
(56.149461091143458 -4.066624982033467 -5.1507080620852352e-12)
(56.255833233656908 -4.4987184339486372 -5.6931496049298672e-12)
(56.382833857838044 -4.9563200058872985 -5.6937346437828452e-12)
(56.52920102046285 -5.4427668769792605 -6.35213659167447e-12)
(56.698402922874045 -5.9540111460887637 -1.6910001743662726e-11)
(56.890169447375051 -6.4925285268582336 -6.3684740751977246e-12)
(57.106883668667422 -7.0542270431408447 -6.3968011914250833e-12)
(57.348432794490151 -7.6406030938078011 -5.6474437105078164e-12)
(57.616420274264122 -8.2478143263410448 -5.6676079831592639e-12)
(57.910587316830096 -8.8760184512596325 -6.4898973480922781e-12)
(58.231889651517754 -9.5222840390737051 -9.2331168062597049e-12)
(58.579871406239619 -10.184747839820888 -1.1951772967035816e-11)
(58.954471042936504 -10.862619250921657 -6.7046860653333783e-12)
(59.355900899133687 -11.550486888262308 -1.6746036394816427e-11)
(59.781326686128999 -12.252281605539839 -1.8232223934192263e-11)
(60.2346140996979 -12.955618608877529 -1.7799232082255446e-11)
(60.705298707198374 -13.67450337350979 -1.9604709567834937e-11)
(55.514096042339709 -0.53885243285552431 -2.1410151448666419e-11)
(55.708516138198512 -0.4656833331057334 -6.6467650012068988e-12)
(55.634699779306217 -0.78241548032653663 -1.9556506755184367e-11)
(55.769435494320284 -0.80836914363423173 -2.6984926214617988e-11)
(55.696238106305245 -1.0268049083778039 -1.0358314734502023e-11)
(55.758199330699995 -1.1377164376111313 -1.0968131016032187e-11)
(55.700782689690584 -1.3403472532261418 7.6473278282041456e-14)
(55.717363889307443 -1.516044865943071 4.5245927740709617e-12)
(55.674825292040268 -1.7427972995887839 4.9052911820620624e-12)
(55.671272660201772 -1.9750089206339649 4.8628365136355052e-12)
(55.642760570565407 -2.2438741053242555 4.8104130341868012e-12)
(55.636679652938298 -2.5311761398654573 4.3652130708076987e-12)
(55.624111515033199 -2.8509952468201054 4.2684847998659147e-12)
(55.627756216558566 -3.1947651546943185 3.7080176471423322e-12)
(55.63545342464937 -3.5705098146381564 3.5713723018535127e-12)
(55.658491979682708 -3.9726398171967623 3.4276597832304421e-12)
(55.692482655926788 -4.4070619559938802 -7.3172259212441258e-12)
(55.743623935192325 -4.8687413028134987 -7.0643656270634828e-12)
(55.810801397738231 -5.3626869674672077 -1.7720687868197663e-11)
(55.898045840574369 -5.8836693721058939 -1.7778168222615762e-11)
(56.005374209763417 -6.4359420781779164 -1.7061157685716216e-11)
(56.135892995224566 -7.0140755132336041 -1.7016019141105447e-11)
(56.28977503059815 -7.6212778248228279 -6.1948308279502821e-12)
(56.469608468791435 -8.2523323062013336 -6.5308702581457974e-12)
(56.675229201284203 -8.9088006535499478 -1.7312839944334791e-11)
(56.908913989328013 -9.586564469984177 -1.6964934369224775e-11)
(57.16988095730013 -10.284543947690619 -2.1898615254839472e-11)
(57.460009438925631 -11.001288249070907 -1.9513138795552817e-11)
(57.778024432669483 -11.731079881995703 -1.9798709809435643e-11)
(58.124553561598312 -12.478452449358072 -2.1096339709584003e-11)
(58.499530615997266 -13.228563048137785 -2.2855607987778038e-11)
(58.899231552022897 -13.998914712278616 -2.0005942645903963e-11)
(55.641707968726109 -0.61845395570216144 1.0829463962379718e-11)
(55.871228731022178 -0.46965701983396402 1.0890609912531607e-11)
(55.769116388514462 -0.79938488375290628 3.2645268995008838e-11)
(55.911032081981404 -0.78477572918637173 1.0644271707549965e-11)
(55.80391326206513 -0.99493188037191516 1.0700100963574003e-11)
(55.850727871043681 -1.0843760632648698 -1.0921340654158678e-11)
(55.757777441640201 -1.2750676925426554 -1.638007028321757e-11)
(55.7453881149682 -1.4363090579542497 -1.6387475127287969e-11)
(55.663380008232679 -1.6511834320114287 -1.6103502996487055e-11)
(55.620636452486536 -1.8712379925804412 -1.6104881605557999e-11)
(55.546283011206839 -2.1288929779243002 -1.6158536368421864e-11)
(55.491758108398791 -2.4051069835613714 -2.6648030103570018e-11)
(55.425442355102767 -2.7148248927336187 -2.6795395935635883e-11)
(55.371495669314577 -3.0488487866129872 -3.7271363343423744e-11)
(55.31680343947896 -3.416461196842457 -3.7356181017863482e-11)
(55.273210227481677 -3.8111848765857208 -3.7300669473848393e-11)
(55.236120430796888 -4.2406798019369791 -3.4943485261901079e-11)
(55.212095500763077 -4.6986835672545419 -2.8417919048722397e-11)
(55.200151619858289 -5.1923744933000417 -2.6091812692701398e-11)
(55.204793076161813 -5.714975214001166 -2.5913196635783317e-11)
(55.226319980565705 -6.2731822076844574 -1.4884509338790855e-11)
(55.268558023577185 -6.8597641712423609 -1.4292545845458844e-11)
(55.331968842127992 -7.4804356654983311 -1.120736566216628e-11)
(55.420253783412647 -8.128047748868779 -1.5158764108672543e-11)
(55.533340421470953 -8.8064650892550862 -1.3965658402957519e-11)
(55.675096581297353 -9.5097004481821088 -1.3889633882345231e-11)
(55.84436724237726 -10.238402344430181 -1.1230702396451191e-11)
(56.045433421278879 -10.989731281931288 -1.1154997261853354e-11)
(56.275317267145255 -11.758501896907234 -1.110598825066406e-11)
(56.538950917809871 -12.549144179021111 -1.6971536054560357e-11)
(56.831538617246103 -13.345010937273786 -1.6771280141427276e-11)
(57.157794410412521 -14.166600332262588 -1.1498295794319202e-11)
(55.844394473345545 -0.7131285659834693 2.5942715529590867e-13)
(56.117571407401726 -0.47412258105307009 3.806200189869678e-12)
(55.982229133198068 -0.81464420336564425 1.0993816590436209e-11)
(56.134185588799475 -0.75486270927621713 -1.0647522907186915e-11)
(55.991597152765742 -0.95360494728275591 -5.2228598960489982e-12)
(56.024956435096286 -1.0200558169970468 -4.8755034014825249e-12)
(55.897841843052461 -1.1962868822080419 -4.8017105607382609e-12)
(55.858845719045249 -1.3412491382430485 -4.1532954625679592e-12)
(55.740170623749279 -1.5414414878448564 6.4638301522171563e-12)
(55.661252059483303 -1.7464639576792309 6.4590747734485414e-12)
(55.544405810856794 -1.989328038816053 4.9821381652810723e-12)
(55.444724118736538 -2.2504249760543078 1.7757103397141558e-11)
(55.328030089536206 -2.5454781015229955 1.1576112141904826e-11)
(55.219609902955597 -2.8645606330902034 2.0915370153477866e-11)
(55.105472368281042 -3.2184311841045039 1.8251017610960157e-11)
(54.997751987782614 -3.5994277023893382 1.8446200398385171e-11)
(54.891662813483222 -4.017404271780487 1.8870860320107805e-11)
(54.793906874060873 -4.4644300545546196 1.9309688668069504e-11)
(54.703637548064407 -4.9505102512704138 1.9636864622274571e-11)
(54.625646767509025 -5.4667617146454237 2.0684023432290352e-11)
(54.560526368480836 -6.0231829349681698 2.0711214306841723e-11)
(54.512719076696953 -6.6100845887201114 2.6882282694264437e-11)
(54.483005107650534 -7.2367273690762577 3.1431005679765053e-11)
(54.476209656183357 -7.8932723973020265 3.192195913341961e-11)
(54.49241271487962 -8.5870884320688887 2.5906794854555417e-11)
(54.537280033011939 -9.309420575500134 2.5145962693261038e-11)
(54.609274080996002 -10.063979469476305 2.3307038571389006e-11)
(54.715556622506156 -10.845473633792931 2.2719165409152362e-11)
(54.85133370064721 -11.650640914105157 2.211260331396778e-11)
(55.026710197640703 -12.482622909117442 1.5799402367020048e-11)
(55.231473152533077 -13.324258229134578 1.6397930890922824e-11)
(55.4806569151256 -14.197963392236449 1.6378260017007909e-11)
(56.119320695860345 -0.82057160291491771 3.7082802706448925e-15)
(56.445178798563958 -0.47507676330208237 7.7228571026144038e-14)
(56.269996200720414 -0.82291297413686393 2.3754783056415896e-12)
(56.434627641538029 -0.71510292965342426 1.7848181104338151e-11)
(56.25479301433726 -0.89946004967240745 2.8308261573359936e-11)
(56.27652819829855 -0.94293145564526082 2.8349584085944977e-11)
(56.116956775867116 -1.1028511456164494 2.8463115608286266e-11)
(56.054102645074572 -1.2307844074820258 5.1005843734198757e-11)
(55.902072997225325 -1.4142080493596416 3.2298548499176826e-11)
(55.790566995941909 -1.6021536480443461 2.9162059483239268e-11)
(55.635262544340101 -1.8272993434507718 2.9496107466649041e-11)
(55.494508152091967 -2.0699475378446355 4.0844450789373419e-11)
(55.331743042643801 -2.3463401119002767 3.2823546979196455e-11)
(55.173048107644327 -2.6458652779353686 2.991101323613839e-11)
(55.003623023522813 -2.9808363065795946 3.0127050849195178e-11)
(54.835602474212344 -3.342202648933458 3.0894449781954563e-11)
(54.66401169927196 -3.7423451888752441 3.5359623230333259e-11)
(54.495427705161724 -4.1712724385289119 3.9337671429674894e-11)
(54.32908336096213 -4.64240765226055 4.1138312726891776e-11)
(54.169836990874771 -5.1441991544440899 5.2802509111073013e-11)
(54.018510505320421 -5.6908211119172654 5.2812907765301132e-11)
(53.880001790199344 -6.2694126658982254 4.9492273982987185e-11)
(53.755369436784697 -6.893930707189968 3.7420063414245552e-11)
(53.650515947870453 -7.5509920913195128 4.0885587170774086e-11)
(53.565688547136986 -8.2528987390699697 4.0363455098504391e-11)
(53.508500313071956 -8.9870561479277349 3.1446016448186185e-11)
(53.477056150449251 -9.7620184697019905 2.8668789992269159e-11)
(53.481874961809609 -10.56856534884502 2.831144450127688e-11)
(53.516284644585518 -11.407553530449823 2.2478678123427618e-11)
(53.596533434373356 -12.278872023132504 1.5923498273633086e-11)
(53.706463455500732 -13.167356761828877 2.0977430438068323e-11)
(53.87347534915763 -14.095022938348444 2.0899879441522245e-11)
(56.489746766288832 -0.94671659456448687 -1.7238533484522559e-11)
(56.877560543335626 -0.47698191406322893 -5.7582665464111193e-12)
(56.654139990248133 -0.82936606515744093 1.6958458094653166e-11)
(56.8327007674405 -0.67187395864527844 1.7005160634789507e-11)
(56.613786246011664 -0.84004746003346042 1.700726277675188e-11)
(56.624839474997351 -0.86145862862992928 1.7043450080270597e-11)
(56.434607401765447 -1.0041964380534179 1.7060824553379598e-11)
(56.350114833682831 -1.1149756410061222 1.7398100534743697e-11)
(56.167916324814996 -1.280422574189245 3.0065609471089671e-11)
(56.026976983132386 -1.4499332346772476 2.9720127710501835e-11)
(55.83694678154243 -1.6554147441201901 1.8235290715999152e-11)
(55.658766912071478 -1.877147129162525 2.975106499141196e-11)
(55.453858144288652 -2.1319934390245736 2.9903984088170998e-11)
(55.2486701879373 -2.4083106111133921 3.0164804545906036e-11)
(55.027777485675088 -2.7203548570469192 3.0273332786794657e-11)
(54.802983258622938 -3.0570940080533697 4.0578252998018059e-11)
(54.56918562819164 -3.4340695610624885 3.0010507036038751e-11)
(54.332515483833362 -3.8384417783740168 2.1457202703576445e-11)
(54.092297636764116 -4.2879580566488382 7.8661774270072043e-12)
(53.853112453560691 -4.7674315825031828 6.3163676023094381e-12)
(53.615982608332729 -5.29642337041762 4.3306158664196624e-12)
(53.38594990853548 -5.8577998668396702 6.0821849709727915e-12)
(53.164323221166669 -6.4717303704829217 1.5620590675400006e-11)
(52.957829558422482 -7.1200885870498016 2.22709561756519e-11)
(52.766964324146549 -7.8219233267065409 2.1884028561905466e-11)
(52.601160779107325 -8.5594974253733476 2.1630144745575513e-11)
(52.458411580740197 -9.348351613829923 1.9904964827860132e-11)
(52.352755019291422 -10.173775473123042 1.6069877991328407e-11)
(52.275936914567687 -11.043322559412646 1.611837080731104e-11)
(52.251109887156417 -11.951546686060254 9.9672320884847045e-12)
(52.256172366580344 -12.888475579745888 3.8321144395879962e-12)
(52.33293041579477 -13.872870969367629 3.8684592769750079e-12)
(56.927871846102107 -1.0864530492332904 -4.750855780546226e-12)
(57.38647796005904 -0.47337200110197125 -5.2418419612322836e-12)
(57.103653558455775 -0.82458797557914398 -5.7218493268752567e-12)
(57.297334678120471 -0.61879660476223575 -5.9354402421487843e-12)
(57.0370933355725 -0.76857972085347603 -5.9575791379787882e-12)
(57.038803293749304 -0.7705172747925072 -5.8426116834615726e-12)
(56.819853851918005 -0.89550794958655855 -6.2282052401717803e-12)
(56.716385069489618 -0.989921617937084 5.5165700150309152e-12)
(56.507588015746386 -1.1365675526591792 5.0818023230990931e-12)
(56.341034346084349 -1.2869173372967737 1.9962911732730098e-11)
(56.120804351568097 -1.4710906758015343 2.46619282574496e-11)
(55.909957837721088 -1.6699415375049851 1.6994291423640786e-11)
(55.668182543284757 -1.9005977980222262 1.6986276497678873e-11)
(55.421947810468495 -2.1505164382353339 1.8917152907997168e-11)
(55.155317112100391 -2.4358327116433656 1.6917231819841503e-11)
(54.879449766828138 -2.7433896387046812 4.6501393207265889e-12)
(54.589116118861796 -3.0920588972893013 4.757665401522865e-12)
(54.289677685922015 -3.4657610599024617 4.1919720656061371e-12)
(53.980461412220635 -3.8870176258942455 2.662700925570039e-12)
(53.665437803699966 -4.3363757674208001 4.149825349342217e-12)
(53.345663100392869 -4.8395926425343356 1.4460885982655409e-12)
(53.025996904019721 -5.3743895713079599 1.9501642976546961e-12)
(52.70778959235011 -5.9684330182992786 7.7460968214541761e-12)
(52.398330810305424 -6.5977302727021927 8.8751554756037757e-12)
(52.09817485080427 -7.2899539413721817 3.8062544947508116e-12)
(51.818503893374789 -8.0207708574973893 6.6638493995211024e-13)
(51.557136791574074 -8.8154275245457221 6.4313105091678304e-12)
(51.331899412317078 -9.6515616958389039 4.9602165846218865e-12)
(51.133150624922528 -10.547414565337757 5.114994958209355e-12)
(50.991840704203618 -11.488788719744546 5.1460093907184631e-12)
(50.880250902138641 -12.476741958665132 5.3073618659273162e-12)
(50.85673423747977 -13.521365219437119 5.4674170651484527e-12)
(57.479814964952219 -1.2483798456117117 5.3182598922305376e-12)
(58.018373386746589 -0.46936233174882719 3.5129494747944985e-13)
(57.664180875161051 -0.81685192492758196 7.4807293621611583e-12)
(57.872397131134115 -0.56496672148152982 -5.0751040043787294e-12)
(57.570377791688344 -0.69630499762141984 -4.7855649173892655e-12)
(57.563469596785652 -0.68155592425514333 1.3637403329605643e-12)
(57.31881142018463 -0.78933607707195297 -1.5867181301383631e-11)
(57.198732635324319 -0.86833148342719846 -1.6388424300225138e-11)
(56.96699827824996 -0.99632593737075648 -3.2561869469826576e-11)
(56.778001420190002 -1.1273608450113743 -2.956671830671081e-11)
(56.531342135762515 -1.2898951073902991 -3.2199277966105905e-11)
(56.291350495461153 -1.4649341406691221 -2.8300196755907101e-11)
(56.01655785315738 -1.67041158622744 -2.8177732595978984e-11)
(55.733028215288257 -1.892044514315357 -3.004787467741404e-11)
(55.424629466838482 -2.1486310260224148 -2.848407031483852e-11)
(55.101575220581616 -2.4237690114341279 -2.9428382010821886e-11)
(54.758674614622691 -2.7407104898807306 -2.5379338643841122e-11)
(54.400186181276965 -3.0787407109236677 -2.7494192845992276e-11)
(54.025504848492261 -3.4665119386164585 -2.4037503054115233e-11)
(53.637537562387024 -3.8786443467382621 -2.2012936829615514e-11)
(53.237365835982793 -4.348811504060297 -2.043762034500771e-11)
(52.829073030280192 -4.8476892019998425 -1.485868646147875e-11)
(52.413998026943595 -5.4125989950130737 -2.0274669182705604e-11)
(51.999258880417386 -6.0116412873801206 -7.5065359810203996e-12)
(51.585530489865711 -6.683701793339508 5.8519495465711171e-12)
(51.184877062639117 -7.3958797349294612 3.8076439666991291e-12)
(50.7954457450559 -8.1861951026329596 6.19955257728325e-12)
(50.437996140071277 -9.0227394650370289 1.3606814866775112e-11)
(50.102677479517546 -9.938187930762572 1.3907050042691278e-11)
(49.827918110954727 -10.907650526351482 1.3311479894621901e-11)
(49.582500842865521 -11.948172519540211 1.3691750836347435e-11)
(49.442558537501583 -13.058482567554579 1.4046009350996067e-11)
(58.092297938440112 -1.4214315707683425 5.5777198828910386e-12)
(58.717820394290364 -0.45543324552205894 4.0444301000608966e-11)
(58.274030512595658 -0.78995694844285369 5.7931822833380821e-11)
(58.496186136694057 -0.49974287263040262 5.4259978973707498e-11)
(58.149020641042853 -0.61096116902858877 6.1443649714509349e-11)
(58.133601947783397 -0.58419100535930268 6.9514261052390594e-11)
(57.86413719686022 -0.67489558822800233 8.3974140450235733e-11)
(57.728798846660958 -0.7400734229772794 8.3254384153372243e-11)
(57.476553374895303 -0.84917025869095142 7.9843468317812709e-11)
(57.267975875712111 -0.96087475717771598 7.6551098030598455e-11)
(56.998788955417261 -1.1007217048298916 7.2778890975749823e-11)
(56.734194441927052 -1.2508674112289402 7.9927743810139695e-11)
(56.431869143000974 -1.4293201002880682 8.035833065905729e-11)
(56.117171141385072 -1.6206627000436236 6.9247193427981822e-11)
(55.773892374421955 -1.8458060149480058 6.7544799667162631e-11)
(55.411010121603994 -2.0854578226788694 6.480409226176289e-11)
(55.023387505778324 -2.3668205254684676 6.2718043111618465e-11)
(54.613879318911231 -2.6646373017866094 5.9527425256740894e-11)
(54.181859390146649 -3.0134538730783622 6.2239222219536565e-11)
(53.728819950957757 -3.3817469109385825 5.0483684711118517e-11)
(53.255647985562554 -3.811219001093852 3.7230338474756789e-11)
(52.765207383844341 -4.2648922018780286 3.6509224299542608e-11)
(52.258405502072129 -4.790471266275544 3.4548379784413961e-11)
(51.741736274878129 -5.3470864303290524 2.7172588335513852e-11)
(51.215276992687564 -5.9864672070960108 2.476134535427444e-11)
(50.691686276885427 -6.665578951595208 2.5612593486103386e-11)
(50.168578092854347 -7.4384962358166229 2.3636168826799227e-11)
(49.669833839348726 -8.2609725564300227 2.1435219931566543e-11)
(49.184759779798668 -9.1866244763814571 2.5871537512194289e-11)
(48.760604361787522 -10.174724615348882 1.9685940371155008e-11)
(48.363489702724522 -11.270163630771432 2.0660257740538125e-11)
(48.090226859640815 -12.45186117227483 2.1347646856011011e-11)
(58.832395864966287 -1.6208837929154067 6.354296111837639e-12)
(59.553008063575646 -0.43727769320525528 1.8517375983008975e-11)
(59.006445491524239 -0.75924249665041266 3.2439960765275433e-11)
(59.240524333382488 -0.43694461893511138 3.4995768743082712e-11)
(58.852804303859344 -0.53012020551035322 6.974206398992328e-12)
(58.831330942754526 -0.49479704069514341 6.9166079168220259e-12)
(58.543548093788864 -0.5700220178114449 6.9916569656707905e-12)
(58.397261171448186 -0.62271813847911195 4.2433749866227063e-12)
(58.130127507427467 -0.71437655905272357 6.0670671565069558e-13)
(57.906376310027561 -0.80764958371478968 8.0499396797283509e-13)
(57.619323575561559 -0.92639919714028673 4.1208719804423649e-12)
(57.334093619747783 -1.0524069998159742 6.2358859993172926e-12)
(57.008266894535922 -1.2052667466322755 1.1202612336857294e-11)
(56.66615740908032 -1.366500806987657 1.1329888958502948e-11)
(56.291934726938031 -1.5609350089732414 1.1474262077730383e-11)
(55.893195225324909 -1.7640931432518636 4.9852117078098206e-12)
(55.465169043049741 -2.0093271290135171 4.9966428286040296e-12)
(55.009106170985014 -2.2641366030338217 5.2263343330351239e-12)
(54.524583198469855 -2.5715542409229233 -1.005142697067337e-12)
(54.011245282621324 -2.8907566129445357 -7.4498133147521358e-12)
(53.469976707481251 -3.2744858959157921 -2.7994476008666769e-12)
(52.901588126777654 -3.6744777064768535 -6.6935598676566922e-14)
(52.306699151577725 -4.1523374174250476 7.1759215999593899e-12)
(51.689831449755914 -4.6542749808147095 6.1620830591447225e-12)
(51.050621430312766 -5.2487576815539212 -1.3838859151634431e-13)
(50.40004948434418 -5.8790149380989254 5.3014430752151581e-13)
(49.736188800861456 -6.6192828324846502 -9.9783352467675943e-14)
(49.082397608462976 -7.4107571736283608 -4.891870724333056e-13)
(48.430037654299852 -8.3321363008414533 7.7224148798097039e-12)
(47.831063458522593 -9.328203465615756 7.6199728046025483e-12)
(47.255824711501035 -10.475829835314862 1.2329376796316634e-11)
(46.820311054394331 -11.743077767393492 1.4960834095095885e-11)
(59.630326083282306 -1.8237674590402408 2.2408217751399354e-13)
(60.450112347038363 -0.40448569008897051 2.2627004754091821e-13)
(59.770872866836442 -0.69851156783581325 1.9424917907111215e-11)
(60.014898875608004 -0.36122767877986667 3.2690372327351726e-11)
(59.579793718323508 -0.43497924500308499 3.3899274822421695e-11)
(59.549178994224135 -0.39728697685626241 3.2861299172708608e-11)
(59.239882320414686 -0.45721290238307982 3.272629489634676e-11)
(59.079923218518658 -0.49913887769312948 2.6778104670045743e-11)
(58.796320657953395 -0.57271314151696762 3.1549174394172046e-11)
(58.556851430095136 -0.64747531099854727 3.7501478760047939e-11)
(58.253008568985479 -0.74342276000504659 4.2365752702202884e-11)
(57.949655407828459 -0.84424606709686489 4.866079493568114e-11)
(57.604498050259977 -0.96919148031170776 4.4746316189204589e-11)
(57.24057522982195 -1.0988215292188499 4.2837073388539201e-11)
(56.842588119531037 -1.2598940889250811 4.1118791769276046e-11)
(56.416490788727948 -1.4247675095890515 4.246774360910897e-11)
(55.957991073288099 -1.6307688270104073 3.8021880147777918e-11)
(55.466513320460791 -1.8400809487542822 3.9325871043071465e-11)
(54.941857825766853 -2.1019327697912469 4.8812907685642722e-11)
(54.381599815874395 -2.3678900711299344 5.5132731926880751e-11)
(53.786434101152508 -2.6996158737679559 5.5104854176571899e-11)
(53.154757494439089 -3.0386602281829069 5.2311857696952519e-11)
(52.486273974936175 -3.4590049340786053 4.8114682063329824e-11)
(51.783124372097248 -3.8942521903641141 4.2917114579531022e-11)
(51.042884654965789 -4.4289473455737767 4.9788431808187314e-11)
(50.274726405490675 -4.9920567835194349 4.3593052498121786e-11)
(49.473977449827494 -5.6797262009371829 3.4171232031319201e-11)
(48.664625512806751 -6.415701324804906 2.812969575602872e-11)
(47.834934985986486 -7.3129171097364631 2.8826133135342073e-11)
(47.046456645117232 -8.2937114152971638 2.5097532915101856e-11)
(46.269924725459411 -9.4922952270655969 2.0714285669316744e-11)
(45.652448138284534 -10.855821873542055 2.2933122232964105e-11)
(60.559148180975477 -2.0613201451517784 6.227229269816037e-15)
(61.484102095258251 -0.35964307218152453 -6.7928427453634995e-12)
(60.666912598142979 -0.6354106705228495 -6.9237481418221758e-12)
(60.918479184133773 -0.29174124605474044 -1.4391590918355025e-11)
(60.452712384908445 -0.35010972730855977 -2.0965123395824847e-11)
(60.421987183122404 -0.31230856249188677 -6.9125001076905251e-12)
(60.106639398231472 -0.35918015611181536 5.7703272260079565e-12)
(59.944588284100682 -0.391422505417996 9.1510575080753299e-12)
(59.657246561801323 -0.45011481375364082 1.5050706438649933e-11)
(59.412782319812514 -0.50851243826696624 2.4514397283504254e-11)
(59.102590033092426 -0.58625637936408026 2.0471855962777726e-11)
(58.790308691808832 -0.66488876088017146 2.068790024679579e-11)
(58.434674787195419 -0.76711491549817468 2.3096829152368202e-11)
(58.057215042665533 -0.86803874634175415 2.5050838132212067e-11)
(57.64360245992583 -1.0007485198328498 3.1023477914850187e-11)
(57.198186293573123 -1.1292689586884967 3.3503369118744323e-11)
(56.71742854165668 -1.3001937489283943 2.8504107121642348e-11)
(56.198937164351563 -1.4644088724492736 8.4407533100465389e-12)
(55.643120125516823 -1.6834222886859633 1.2606367300461372e-11)
(55.045181097116568 -1.8943295721844162 1.1488314236180802e-11)
(54.406309209004192 -2.1743897359500322 1.1654579461468239e-11)
(53.721643459714819 -2.447205753086426 1.1428883895532414e-11)
(52.99076596250854 -2.80637145415383 3.7269073795208745e-12)
(52.211786240474147 -3.1642976252651813 4.294882060258313e-12)
(51.381069977640813 -3.6291383836017337 4.4284591778179533e-12)
(50.501866521517933 -4.1070351971171748 7.4511147352914997e-13)
(49.569323815647095 -4.7231311850436644 4.4887937829975639e-12)
(48.59808662908717 -5.3784043637271139 -3.9097720376413733e-12)
(47.581384561326352 -6.2248236467144906 -1.6821397215755684e-12)
(46.573303550338103 -7.1709042040702595 -1.5980600413702415e-12)
(45.565264427737631 -8.4065658645346399 6.0525581262884941e-12)
(44.724900430526333 -9.9123799574188372 1.9180961275664018e-11)
(61.597466609791489 -2.285018235341493 1.528768297380141e-16)
(62.631956597949923 -0.30075337009526448 -2.0245741172079854e-12)
(61.625657612166464 -0.52995729357874766 -6.5139399244689403e-12)
(61.884185471825624 -0.21001628078184961 4.9570975642310994e-13)
(61.373597881767623 -0.25236638743635664 7.4885757950304637e-12)
(61.333643480204081 -0.22222092641215344 7.3248948882663415e-12)
(61.001101112151197 -0.25595709125084409 9.6699243216587087e-12)
(60.82665326871841 -0.2802039561261514 8.1896394870932617e-12)
(60.526479062382286 -0.32182305816572843 3.834045435303543e-12)
(60.26972825809289 -0.36315651453017667 1.1069501228952961e-11)
(59.948178731274261 -0.41851510455594298 3.9602531755497181e-12)
(59.624180935391202 -0.47311632876287191 4.0216321459907038e-12)
(59.257525439488539 -0.54775355947345572 7.688375458768296e-12)
(58.868028457922158 -0.61811353411274861 4.3039070551357826e-12)
(58.442885582239612 -0.71764744290647786 4.6894476775546462e-12)
(57.984723679347809 -0.80864763767635839 -3.186018586294674e-12)
(57.491574844987781 -0.93998378646639413 -3.1462187920748339e-12)
(56.959218404098905 -1.058507803521139 4.4204858828842069e-12)
(56.389258931401322 -1.2301199578336739 4.4120878362292555e-12)
(55.774602152598284 -1.3851167203904595 4.5318435503773105e-12)
(55.116977281351417 -1.6080496206677082 4.6674210382492396e-12)
(54.408168039252665 -1.811806381925277 -3.2146618907686174e-12)
(53.646885458468432 -2.1015085203192601 -3.7604016793687812e-12)
(52.826685013980075 -2.3744760973297958 5.1605114503566136e-12)
(51.94030278710526 -2.754349005336163 5.6576708240220158e-12)
(50.985154012969147 -3.1296348152851383 5.7575538445141314e-12)
(49.94880045117111 -3.6476133721407664 3.3104119668123702e-12)
(48.841442705393305 -4.1872999291763362 3.8317438884753609e-12)
(47.644048848372869 -4.9469838313235215 4.5933662166368899e-12)
(46.42443354491455 -5.8091394178699627 4.9166902911126987e-12)
(45.167703382365787 -7.0770415036330876 1.5309778305633218e-11)
(44.123387558541836 -8.7455492781789861 1.6526598962165804e-11)
(62.856304656898345 -2.5658373764435503 4.1138074579282366e-18)
(64.002247043185136 -0.21395449344377221 7.2398991015164674e-12)
(62.84070469470479 -0.42885538851880456 2.1876227834908734e-11)
(63.104914696351294 -0.13937603838455193 2.1890798501122937e-11)
(62.591285519589221 -0.17020476842171708 2.1386687928140204e-11)
(62.567008526012785 -0.14613941542949432 2.547288817635711e-11)
(62.251971026372701 -0.1693641788623346 2.4823880941542092e-11)
(62.094081348489766 -0.18568816440444733 2.445919566719064e-11)
(61.811327408583352 -0.21627671584473762 2.1132885030542436e-11)
(61.570423285937579 -0.24408982144950372 2.2232743605373806e-11)
(61.265990126106352 -0.28670256817007783 2.5391069288532109e-11)
(60.95857764480931 -0.32291997142883944 2.6343918879891162e-11)
(60.610590899015577 -0.38119377449106168 2.6522546294372512e-11)
(60.239954366813635 -0.42714221203682723 2.6718192971864589e-11)
(59.835258076899429 -0.50567351314709674 2.6900989204257778e-11)
(59.397024921877282 -0.56503773914511624 2.7151991908733729e-11)
(58.923956060820863 -0.66971314165377538 2.7261171928511597e-11)
(58.409559213238204 -0.74796881655712522 2.3508043918370466e-11)
(57.856398644986733 -0.8854457944955535 1.9297164279158285e-11)
(57.254402728906989 -0.9889547853041909 2.0191817494035765e-11)
(56.606901297461569 -1.1670331131284295 2.0540718193033936e-11)
(55.901072910084558 -1.3033473570036462 2.0871773666796693e-11)
(55.136882250549895 -1.532151302897415 2.1155888204223829e-11)
(54.301920052342687 -1.7151455571305967 2.1393386768811995e-11)
(53.387933388163397 -2.0102867669178264 2.6553206815905466e-11)
(52.382696123771389 -2.2653908262434248 2.4140108842328769e-11)
(51.274529465031044 -2.6695425940000521 1.6085924439964158e-11)
(50.051632279495109 -3.0601739759414603 2.0114250053985009e-11)
(48.709165060791925 -3.6979250077950301 2.4648939305151133e-11)
(47.281639327353126 -4.4529487553413096 2.3213393922703152e-11)
(45.818976686194581 -5.7407995861715939 2.3542265901168502e-11)
(44.599445413248546 -7.7185931494734934 2.4432074555122517e-11)
(64.87465236922948 -2.7947499183673608 2.8273387467034654e-19)
(66.151462275684892 -0.13532398986746355 4.4510237966865111e-12)
(64.744484956945939 -0.27690060391299082 1.1120544441654145e-11)
(65.015651414143406 -0.062394048692527612 1.8849170939646393e-11)
(64.474643094835855 -0.084370446424854778 1.8448014170975698e-11)
(64.448874100856088 -0.076968627683876856 1.1823309595351127e-11)
(64.134754319607637 -0.089447641946504064 1.3193224605526284e-11)
(63.978423985371499 -0.10048800053963319 2.0289261184133259e-11)
(63.700240127496237 -0.11512690785416803 1.8769921087181841e-11)
(63.462698837006293 -0.12897327949302878 2.2683202575449538e-11)
(63.163598545614882 -0.15058737233930319 1.6813048381800107e-11)
(62.860053382670195 -0.16727942905012599 9.5551901321650436e-12)
(62.516972740727859 -0.20059176179347801 1.0289570286263477e-11)
(62.149645457028399 -0.22157779383827067 1.158754311504069e-11)
(61.750669808391955 -0.26988706884434022 9.84830362001553e-12)
(61.318646900178535 -0.2976237184082075 1.2204539084674497e-11)
(60.857287703839667 -0.36509024031410348 3.832908927638561e-12)
(60.357928525263532 -0.40341221119590948 2.1345583862427824e-12)
(59.827478281067684 -0.4951627926824444 8.1526689451065126e-12)
(59.252607986652023 -0.5478847705522113 7.5911256317551213e-12)
(58.640244653045215 -0.6692729323532669 1.0715477424542826e-11)
(57.972622648115284 -0.73859718558438447 1.2214879707161625e-11)
(57.2519817381637 -0.8944476110166435 1.0215603536682957e-11)
(56.457469619155205 -0.98675073586469608 6.0942439288150151e-12)
(55.580183743546556 -1.1810174570896512 2.0019036193015102e-12)
(54.595229375306438 -1.3113307454280241 1.1104009678305882e-11)
(53.482442657806324 -1.5760761284013576 6.6384982091049828e-12)
(52.219605425782134 -1.7964842119504245 6.8431127498027355e-12)
(50.788420262154126 -2.276875308531789 1.404151393080886e-11)
(49.272839622492029 -2.8779499267288808 1.3918833486169336e-11)
(47.732064303256514 -4.2309995024205227 7.4915638566681059e-12)
(46.700587526172733 -6.563792547231337 -1.4283002039501505e-12)
(68.988709511516078 -3.1416247156633035 -7.7740263905938923e-12)
(70.373146778244774 0.0050371924360829833 -2.5401179367426656e-12)
(68.913042303642385 -0.14334711226402622 -1.1138008047035206e-11)
(69.186928444546112 -0.0015123810201257651 3.1023085316665558e-12)
(68.706259101618315 -0.018461753682089639 3.1888783258896763e-12)
(68.727054095582815 -0.019879758437674196 -3.7644675776680515e-12)
(68.479431971640778 -0.027107167611958905 -3.7668152159018521e-12)
(68.378837512353599 -0.030871355877441688 3.6607998576970051e-12)
(68.163362363971743 -0.040450343734053554 3.6432806714531345e-12)
(67.985430951538419 -0.042869126787804503 -1.1255722929969694e-11)
(67.752680534336335 -0.059436525958778831 -7.5240845168543666e-12)
(67.518289253450234 -0.060792454474256408 -9.4548845447634774e-12)
(67.25417022449119 -0.086635322419218841 -7.586755521401367e-12)
(66.971906289548627 -0.087740626753270878 -5.4538046259935161e-12)
(66.668051174881015 -0.1274466285444249 -7.5329423986745361e-12)
(66.337154050460398 -0.1313371638432434 -1.093038947312518e-11)
(65.986204378540691 -0.19010877671246279 -1.2790198476759437e-11)
(65.600625205369852 -0.19984769924301207 -1.4778846414511474e-11)
(65.191131888717607 -0.2803784024350735 -1.4280704263883449e-11)
(64.735031756257641 -0.29598536720033813 -1.6368691959954424e-11)
(64.244447455164661 -0.39843124977840072 -1.7744901839189301e-11)
(63.686860525332115 -0.41464539495578739 -1.7921031710630459e-11)
(63.07107584328773 -0.53347190549066392 -1.9487137516747303e-11)
(62.360989713107863 -0.54190049926836747 -1.636287139532078e-11)
(61.554000760001657 -0.66325399721413514 -7.9595310817263281e-12)
(60.619494405018898 -0.65459090157945787 -1.3411108713086655e-12)
(59.572083158642073 -0.7872426230626115 -6.2716711799633873e-12)
(58.404213980291907 -0.80515862910776992 -5.4406454660134061e-12)
(57.215606289134669 -1.1470374310367673 -1.0947533581755809e-11)
(56.091368118113287 -1.6728840480030169 -1.0967173407352387e-11)
(55.29924851563689 -3.2818552482050225 -8.6627311542714448e-12)
(55.210140369857882 -6.3336148315475072 -5.1125471551662656e-12)
(80.961674218494764 -3.3491927662457188 1.3906581375044828e-12)
(82.530302564150361 0.047722089409898368 8.6988489383562059e-12)
(80.897013868003157 0.020799406947250902 3.3229320613439725e-12)
(81.126794227544821 0.05420901255863516 3.3071026734667321e-12)
(80.66068610185863 0.028817589189322469 -9.9099425366616209e-12)
(80.678700859635299 0.0048850267850445292 -1.6586010285148911e-11)
(80.491318221112223 0.003254861039163373 -1.6613372438294223e-11)
(80.449294861942533 0.0017080249636367551 -9.9516587343418892e-12)
(80.318942496183112 0.0065374614116293682 -9.9617755143044047e-12)
(80.219961510236729 0.012083872291961409 -9.9878939969026933e-12)
(80.06978442135167 0.014331834716068144 -1.0016839454321887e-11)
(79.909902808634527 0.021848025595368165 -3.3118914669441696e-12)
(79.715728934474683 0.015489932112986875 1.9991804952657249e-12)
(79.495083515340554 0.025303874791902759 3.3955263712154788e-12)
(79.245121131364442 0.0092095575961541106 3.4077485978630935e-12)
(78.959512166401879 0.020724825204290854 1.0215865547621138e-11)
(78.64234592836938 -0.0064602730077338551 1.0810417406163321e-11)
(78.283298514473671 0.0073723852202624241 1.031094063826462e-11)
(77.888757327458165 -0.029934807539862981 8.6436067446995493e-12)
(77.44706235640794 -0.008101566012906871 1.2153062537365527e-11)
(76.966907915974716 -0.050010181069670111 1.2255435783047399e-11)
(76.438624231290405 -0.0039034096033591921 1.2335338555789116e-11)
(75.872564083370534 -0.038024399715793758 1.7614663730769321e-11)
(75.26736093145675 0.047967154519109913 1.6104231614278499e-11)
(74.644867125392665 0.040806057296261369 1.9869387333110185e-11)
(74.027228737324137 0.14838320818901771 1.9167767210878786e-11)
(73.46769288263728 0.097120962687605589 1.7995939807281414e-11)
(73.02401996318504 0.067221410726070602 1.2937072270096052e-11)
(72.833597913554442 -0.40406456442143485 1.2994381911333507e-11)
(72.956563017678093 -1.2224108918763918 1.3025611757891682e-11)
(73.507585339153465 -3.4044940149476939 1.3089774559033669e-11)
(74.705978460167671 -6.929565989353347 1.3166354071966017e-11)
(116.71899924202658 -3.8388651578494004 3.7128864068524331e-14)
(118.54813989643429 0.23335918060344804 2.3937301735171518e-12)
(117.68078047463587 0.14919547198052602 7.2010022868358586e-12)
(117.97680614394501 0.10801305558968703 2.3999167201218133e-12)
(117.69826669807536 0.066943492634180882 7.3732820727581142e-12)
(117.7159405876682 0.030960151292135633 7.2374439131743337e-12)
(117.62057584783932 0.0065332699542492963 7.2386238291036231e-12)
(117.6200033793539 0.0049416366072569133 1.2083083724214793e-11)
(117.61202791389606 -0.0037618672242579186 1.3706408704301893e-11)
(117.60302692188603 0.013622960802535437 1.2096980546898295e-11)
(117.6166889906856 0.007801985316596708 1.0205229897899643e-11)
(117.60091725547073 0.035306768302081543 1.2888031828096265e-11)
(117.60678753876337 0.025426526840064446 9.5066123732113413e-12)
(117.57224049026991 0.062308384619468714 7.2528905686736416e-12)
(117.55919055056737 0.043484413121023816 7.2697208283564387e-12)
(117.49538183203542 0.090006683703470203 7.2688904099357102e-12)
(117.45777160156288 0.058267433037899066 6.652329725990821e-12)
(117.36632969214166 0.1129257736334074 6.0569459518094609e-12)
(117.30959194910118 0.066485395603630634 3.6433672635155812e-12)
(117.205198351513 0.1301221423719002 3.6457187234444275e-12)
(117.15491240068285 0.066007443029297549 6.0957242082088845e-12)
(117.0773408440602 0.13987593443475513 6.0954658656932456e-12)
(117.10668077762756 0.054844209935023411 8.5431653891547368e-12)
(117.12715199583278 0.12886187738780799 8.541378894170459e-12)
(117.36835771732454 -0.0034285296541042951 1.0941919856987807e-11)
(117.6565485512622 0.019466596507311008 1.0911460042242151e-11)
(118.26612517067718 -0.25442331858404849 8.3917341792910542e-12)
(119.00945658303992 -0.46649707849477612 8.3198408193986813e-12)
(120.12201702033219 -1.2351337895306036 5.8156033604030385e-12)
(121.43328455582356 -2.2415014748082456 5.672582337466394e-12)
(123.03959386220939 -4.593718614878445 5.6241241550787032e-12)
(125.04263818810111 -7.6986950171805821 5.1426100214493568e-12)
(240.82768923495249 -3.6056519845017809 1.0537450722195869e-15)
(243.02451678764021 -0.11530595381668418 -1.2599303944069043e-12)
(242.70880030280276 0.076504136953215493 -1.2622809933477547e-12)
(243.40916665699694 0.094281671228613834 -1.2673233914610192e-12)
(243.58051472786391 0.059102004768464902 -1.2739647548755656e-12)
(243.83867078571268 0.031482638463079513 -1.2861662253635925e-12)
(243.82485100586183 -0.0051676099610237641 -3.8729858265747144e-12)
(243.83285564801369 -0.0073526750358510959 -3.9008279813641746e-12)
(243.69180890426898 -0.028260840872610847 -3.9210960263367469e-12)
(243.59479450855039 -0.010394570925905499 -3.9415486887685856e-12)
(243.40808684807178 -0.028397437949378938 -3.9578444460168149e-12)
(243.29370295270215 0.0012553825628087024 -3.9670065586947338e-12)
(243.129754306466 -0.017549901343936837 -4.0003840384035961e-12)
(243.07511263090208 0.023057514329520013 -6.6911032692300375e-12)
(242.9801255718649 -0.0034909685556260791 -6.0518660922597842e-12)
(243.0262062522423 0.047113971577007183 -4.7190961119054564e-12)
(243.0077793092405 0.0062510891251472949 -6.0945334922295218e-12)
(243.14141858342802 0.062116630646107396 -6.1155251054447943e-12)
(243.16857926316456 0.0030438792325330178 -6.1369177625705923e-12)
(243.34440629322182 0.060393701197747916 -6.1550017326623264e-12)
(243.36145223806423 -0.02395397886019018 -7.5479333070954083e-12)
(243.52717325646307 0.025335846463855189 -7.5713118820833203e-12)
(243.46140274131918 -0.095149654398073616 -7.5965230218072042e-12)
(243.54358978803305 -0.075947387053320048 -7.6218552109611885e-12)
(243.27247003185326 -0.27768923014518077 -7.6523014368936282e-12)
(243.08357560986789 -0.34212357057800336 -9.0868712249040862e-12)
(242.35351807722546 -0.70293844150061957 -9.1425606074445642e-12)
(241.46305601126309 -1.0039905884326479 -9.2214916371811851e-12)
(239.53132458036166 -1.8080319621290382 -7.9129052140905323e-12)
(236.66430916516239 -2.8438186984889993 -8.0734204556711676e-12)
(231.36827536164083 -5.022404154793314 -8.3559063335306123e-12)
(223.16605266267791 -7.9330988589518654 -8.8665577953125913e-12)
(71.143666476788923 -1.1684493626761654 6.0823885611132918e-10)
(72.00590626320836 -1.2095683111995457 5.4098607357100372e-10)
(72.900699342550865 -1.2645411882826436 4.7692918251759326e-10)
(73.86696067042152 -1.3248293789004024 4.5512488403708497e-10)
(74.866856882280942 -1.3705248492138686 5.2046112456353973e-10)
(75.886222772115545 -1.4219075454714403 5.2472241325613662e-10)
(76.962494140732829 -1.4768472582125109 5.0028453896722852e-10)
(78.077279148948293 -1.5307484890223493 5.0360313218390373e-10)
(79.283413454868381 -1.609990830434527 5.2855004716727875e-10)
(80.539960726533351 -1.646211700951115 4.678520350165322e-10)
(81.817876408865672 -1.7221638567655271 5.3497827193785762e-10)
(83.185570177690394 -1.7792843395978182 5.7974727813017102e-10)
(84.59754641948949 -1.8506897715291877 5.3665131783619508e-10)
(86.093860513894199 -1.9179340243960494 4.7320843515328362e-10)
(87.651528540265346 -1.99096852472363 4.9720953967517321e-10)
(89.290586603331036 -2.0637522412133715 4.9943674355356071e-10)
(91.000515798019777 -2.1390210328394663 5.0144420191946669e-10)
(92.789924955495536 -2.2142765471864556 5.0327241441049864e-10)
(94.652840701990073 -2.2904944619755505 5.0895717868104213e-10)
(96.596798947282252 -2.3698197405183565 5.3909585336577398e-10)
(98.625298515128662 -2.4506254518967108 4.8254354789399451e-10)
(100.7413483787175 -2.5338643620480239 5.5117249072591757e-10)
(102.94912430159134 -2.6193818626431877 4.5681801309454141e-10)
(105.25215992519502 -2.7074468152386997 3.7258188223294198e-10)
(107.65474996279778 -2.798496407690072 3.7278045365207134e-10)
(110.16175080478352 -2.892885781041465 3.0536865836709789e-10)
(112.77737121233488 -2.9906352445905626 3.7324927876971941e-10)
(115.50738068476478 -3.0912959931284716 2.2566432689742438e-10)
(118.35577952239269 -3.1953017368265186 2.3779338286208827e-10)
(121.32935082689231 -3.3021922263638817 2.5748573270437552e-10)
(124.43209692234747 -3.4129179328118 2.3763291581921553e-10)
(127.67199131608895 -3.5263393969710233 1.9193423384193024e-10)
(131.05389396900907 -3.6449040369574397 1.9190857681758707e-10)
(134.58530825692881 -3.7655462287315702 1.6976828879398786e-10)
(138.2743655639907 -3.8927679816483134 1.0186944044086485e-10)
(142.12715141771716 -4.0221725087779667 1.0158300217767162e-10)
(146.15405220257685 -4.158586925723089 1.4447283826609526e-10)
(150.36283553167317 -4.2984151705780267 7.9245514340494313e-11)
(154.76307938031675 -4.4453100845923528 1.3514633110135349e-10)
(159.36606724795553 -4.5964735097959251 1.1189926202098581e-10)
(164.18205071094573 -4.7557558869922536 5.9948864862096204e-11)
(169.22350898064911 -4.9200118747449473 3.4069765286053944e-11)
(174.50207458041655 -5.0929085039670587 -3.2892103529144899e-11)
(180.03348545958917 -5.2722776367809914 -9.9853918639930803e-11)
(185.82972268170738 -5.4607145694009329 -9.0516644814139725e-11)
(191.9115705967404 -5.6578307012693765 -6.6287762934390379e-11)
(198.28931902917128 -5.8641636190266269 -9.6177189828376377e-11)
(204.98916639720406 -6.0804338674014966 -8.2975335433884946e-11)
(212.02295350224088 -6.3083608341348905 -7.148785391632774e-11)
(219.42220387030687 -6.5468041237944119 -4.515013167945838e-11)
(227.20075137779253 -6.7988714560730932 -4.9467415227798192e-11)
(235.39325332082694 -7.063642828290698 -4.9467027721938049e-11)
(244.01903418191452 -7.343991737728861 -4.1075780576206036e-12)
(253.11491090431869 -7.6373735443843813 -1.6350959723339249e-11)
(262.70883603288996 -7.9507679939077409 -1.6065360886219462e-11)
(272.84241329930109 -8.2789708407532547 -5.1523238045497747e-12)
(283.54512872565829 -8.629250031318433 -1.5968223208492272e-11)
(294.87751028768957 -8.997395023697905 -2.7511839536363124e-11)
(306.86298710215578 -9.3942855786909085 -3.3607575227013144e-11)
(319.56028278780821 -9.8022825323497997 -4.8793600802820677e-11)
(333.0462631730008 -10.253204019763022 -1.2839372048308124e-10)
(347.35089381305119 -10.717838666881613 -1.4638710222739497e-10)
(362.55863170335812 -11.220963157291399 -1.4614750469806603e-10)
(378.73867396387482 -11.751485272550896 -1.5694992111359579e-10)
(395.97080854554224 -12.321193787078935 -1.8913429637769723e-10)
(414.33998116356082 -12.919460141582784 -2.4224919614094619e-10)
(433.96088899407738 -13.569184884089603 -2.4211153092321881e-10)
(454.92516639990583 -14.252078037491358 -2.7385126309008804e-10)
(477.33095358572325 -14.979049126380383 -2.5234380392425102e-10)
(501.34285952207011 -15.753737612273435 -2.5790623311724544e-10)
(527.07182012425244 -16.579960002103515 -2.7236838241591651e-10)
(554.66981229033331 -17.444381808822232 -2.4064856145692085e-10)
(584.34445827821082 -18.37976551284579 -2.723503789404829e-10)
(616.20003168906976 -19.332035062248234 -2.4016738946651541e-10)
(650.5170877615725 -20.415081388909911 -2.397104003592018e-10)
(687.64782370037699 -21.607382021625639 -2.3281707165492265e-10)
(727.9649631865874 -22.888020696457062 -2.0181285285133994e-10)
(771.75390334549627 -24.218120593621407 -1.8319439420913166e-10)
(819.21795097899178 -25.556236310719104 -1.6668249837419394e-10)
(870.56789561479945 -26.845099308991756 -1.4570393584463278e-10)
(925.73147108527269 -27.975498211708977 -1.3767052720617368e-10)
(984.52497618407233 -28.794020160367552 -1.3124048074589936e-10)
(1046.1255306381604 -29.089560430791323 -9.8657893475467245e-11)
(1111.8140840025887 -31.394030289533248 -7.2719810898912141e-11)
(1185.1731349675806 -32.06609307683685 -5.8562989345577554e-11)
(1261.4562145795965 -31.384706887977117 -3.9331448972747944e-11)
(1338.0352147887479 -29.895208864527287 -9.7007999891477515e-12)
(1413.9178286193276 -28.313779206506954 -3.9250573119720805e-11)
(1490.0891542963711 -27.647817680794979 -5.0163917706368839e-11)
(1566.2135295607984 -25.710866272953204 -4.0752733884717353e-11)
(1636.2293441990435 -21.93583066158638 -2.7891932985327116e-11)
(1695.9135078000256 -17.928159660327594 -9.9278889950524674e-12)
(73.94761489433057 -3.5658294446948067 1.5123489734194898e-10)
(74.882450671467282 -3.7061147751564594 1.4500924500921944e-10)
(75.856918424297319 -3.8741514925123166 1.4526853170121645e-10)
(76.935716700171511 -4.0495135233473079 1.6725636846071548e-10)
(78.039702563688905 -4.1883759214444156 1.702907139726137e-10)
(79.136758333001623 -4.3271337812214812 1.6817920370129845e-10)
(80.304678730459642 -4.4801680093087644 1.6819728152922969e-10)
(81.518663524873048 -4.6459925323622979 1.9117799163471571e-10)
(82.867617289690685 -4.854138455532123 2.1449392251853029e-10)
(84.245746508069857 -4.9718287225384827 2.0039577028230493e-10)
(85.60015153602464 -5.1440417716422289 2.2412614284066781e-10)
(87.088352015973371 -5.3046596206191685 2.1734780770042613e-10)
(88.614164737410945 -5.4887081953316814 1.9974508990440243e-10)
(90.241709514182531 -5.6711086067709591 2.3414146179581999e-10)
(91.932073165614682 -5.8633019555823367 2.4262120297411296e-10)
(93.710391274413695 -6.055393560401269 2.1553949523999646e-10)
(95.559911468319868 -6.250210240215849 2.0307329838933637e-10)
(97.48856286858836 -6.4428718910197214 1.9856615704337726e-10)
(99.486894345495074 -6.6359920300319137 1.7425482687658315e-10)
(101.56721567875061 -6.8354972125181792 1.8324012439598656e-10)
(103.73623543766877 -7.0396191239756059 1.9918845467694601e-10)
(105.99553106646376 -7.2492256982469199 1.7620277406976147e-10)
(108.34996365001722 -7.464030731891536 1.764460301928306e-10)
(110.80293639832522 -7.6845548039620972 1.5298726951956272e-10)
(113.35889971144421 -7.9114902541828123 1.6836544763865004e-10)
(116.02243953801472 -8.1448307629834549 1.9201532459666708e-10)
(118.79764737597142 -8.3846640307941804 1.8495116952623955e-10)
(121.69038349521145 -8.631164826905394 1.9575973855715662e-10)
(124.70461920875492 -8.8846674848684994 2.2217131949234637e-10)
(127.8474558334272 -9.1454190668639352 2.236980478505858e-10)
(131.12321639559295 -9.414028327059512 2.0017680807648835e-10)
(134.53993593919466 -9.6905023609291163 2.0811630678865651e-10)
(138.10248333029492 -9.9761005690002911 2.0792142359742716e-10)
(141.82007470110204 -10.27013497761641 1.9293282917406348e-10)
(145.69820549999972 -10.574696418662374 1.7695550779554044e-10)
(149.74739189599322 -10.888662365400773 1.7599680106722848e-10)
(153.97388455889788 -11.214281780369456 1.7905638310752718e-10)
(158.38978281953757 -11.550819179890221 1.9670276051224446e-10)
(163.00209247376853 -11.90013643050775 1.8377393293949279e-10)
(167.82490687075031 -12.261887050249632 1.8778866723390762e-10)
(172.86594578060345 -12.638031094719857 1.9542047538940869e-10)
(178.14176045305967 -13.02832668594707 2.0630598783820533e-10)
(183.66111730952085 -13.434420115847383 1.9817269543711515e-10)
(189.44318688569263 -13.857309451228023 2.1526489673726807e-10)
(195.49738451316597 -14.296951322956264 2.1153274794574864e-10)
(201.84722002048548 -14.756830405167053 1.9794086279014788e-10)
(208.50336340973669 -15.235045291855073 1.796841577243553e-10)
(215.49217143652604 -15.735728868033338 1.7071812850023472e-10)
(222.82557170163335 -16.258628213933648 1.5616144980498556e-10)
(230.53775060128331 -16.805804693165872 1.4807899953152188e-10)
(238.64000102166494 -17.378820481295918 1.3625692934029743e-10)
(247.1695690026601 -17.97906883433372 1.553558691145464e-10)
(256.14701214456329 -18.609925893258382 1.5516989234445875e-10)
(265.61080114947055 -19.270021603153307 1.693337475957219e-10)
(275.58509506600399 -19.965868704333115 1.6817473645552921e-10)
(286.11843822290348 -20.696867567408198 1.737210345481138e-10)
(297.23435639683942 -21.464677470077429 1.5639765893503747e-10)
(308.999472491191 -22.274922985919087 1.4288680498031072e-10)
(321.43384567161428 -23.131109914171898 1.2349220782783542e-10)
(334.61233610922739 -24.027327868526722 1.1361367311428249e-10)
(348.57462606088745 -24.982471303236302 1.1508396744146915e-10)
(363.39644115821886 -25.981152802613821 1.0911648330481202e-10)
(379.13252177192555 -27.044856749480601 1.2276679345243632e-10)
(395.86639077088699 -28.163070555910419 1.1911180729154059e-10)
(413.67121679591799 -29.350195972034502 1.3022659257181434e-10)
(432.64160948457533 -30.599580913547008 1.3016713012685881e-10)
(452.86295922454366 -31.925655821307142 1.1882762376992443e-10)
(474.46395166316955 -33.323269612485326 1.1887706317030633e-10)
(497.52506923783483 -34.802143844406501 1.2237730554872715e-10)
(522.20238029747486 -36.359928670639576 1.2484391098140464e-10)
(548.6189280955133 -38.011661062149173 1.1831286521452794e-10)
(576.92287448068487 -39.73742557734365 1.2892606931037333e-10)
(607.27583685947752 -41.560657249595593 1.2293303258821922e-10)
(639.85430163535761 -43.445974073841505 1.3329955793206129e-10)
(674.87602523600515 -45.527752653800682 1.2140305995663149e-10)
(712.75915501338648 -47.782963390647843 1.1296341369973031e-10)
(753.81650258463719 -50.170448231141783 1.1197561232654967e-10)
(798.25180396551832 -52.610988555502821 1.1182457339216098e-10)
(846.16793460914118 -55.017994995264054 1.0650220862063819e-10)
(897.68167862498365 -57.302203124372681 9.2651996175106717e-11)
(952.65802727897517 -59.295257968128112 9.2827688599401336e-11)
(1010.893155902426 -60.813656199531316 9.814835876081179e-11)
(1071.5672392907964 -61.491654017262931 9.5041516317112029e-11)
(1136.1493433854139 -65.009698889700033 1.0701592728467584e-10)
(1208.2329504119166 -65.912116384921859 1.0626089784978473e-10)
(1281.9889688451797 -64.696326749164399 1.0166548350586629e-10)
(1355.4037482713709 -62.225830017020485 9.8417984830854142e-11)
(1428.0673389732383 -59.469762120777297 9.2188116788094615e-11)
(1501.1619701515317 -57.703895125417866 8.3721356762963238e-11)
(1573.7568328531772 -53.65490188332631 7.1162395156698946e-11)
(1639.4755574554183 -46.506500208468864 5.6992475719840127e-11)
(1694.8207729360315 -38.402549943209777 5.404354793054759e-11)
(73.011599653784799 -5.8688802991456734 -6.8003514542793421e-11)
(73.935040392945822 -6.094801905562643 -6.7706783958610567e-11)
(74.897238520555462 -6.3527452042068733 -4.741858557121597e-11)
(75.997060194643126 -6.6191297343548978 -4.6590964110172132e-11)
(77.109232575160419 -6.8501574319960694 -5.2709707641565345e-11)
(78.186553496492138 -7.0808781114729262 -5.2850364136107039e-11)
(79.349104517616382 -7.3258308186294139 -7.6514747741199424e-11)
(80.557660511824878 -7.581449880167936 -7.8272080319715934e-11)
(81.944668418742978 -7.8885926671792248 -7.6710581369170532e-11)
(83.3318295309479 -8.1122648074704848 -7.0046802255028864e-11)
(84.653975390386876 -8.3922044802294025 -5.3830817505066501e-11)
(86.151993213761614 -8.6562032863292089 -5.1157437228436745e-11)
(87.675757911851548 -8.9481982671444591 -4.3824217777630718e-11)
(89.318313983832269 -9.2389034435117967 -3.859144893862342e-11)
(91.019834139512852 -9.5439196327091924 -3.8697716873647263e-11)
(92.814402112222311 -9.851167280079677 -3.3843577378822793e-11)
(94.676233176431424 -10.165085482531342 -4.9259389427713584e-11)
(96.614769867132878 -10.479836867104801 -4.841294517614104e-11)
(98.615833693986673 -10.797833741513513 -5.9186219818940989e-11)
(100.6976781666764 -11.124085030165396 -5.4870361221751446e-11)
(102.86918676523293 -11.457149342841218 -3.9137952029538484e-11)
(105.13064986550101 -11.798533966659967 -3.9496322929873039e-11)
(107.4875843023882 -12.148074475320396 -2.3505564014550278e-11)
(109.94303828703721 -12.507185476596359 -2.3685407688515004e-11)
(112.50150361479983 -12.875598876564776 -2.4897158211169171e-11)
(115.16737163035633 -13.253831762640603 -3.4789845054687816e-11)
(117.94468591371681 -13.64209618814353 -3.9104629116628527e-11)
(120.83930719514811 -14.041194016661418 -3.5138957746009043e-11)
(123.85519675016654 -14.451405109089279 -3.9373343529199925e-11)
(126.99934859123546 -14.873671455565834 -4.4850283779853901e-11)
(130.27613747479666 -15.308391936200751 -2.379941085509863e-11)
(133.69355291023635 -15.756564030220222 -7.9273064243109816e-12)
(137.25647460527958 -16.218747050700369 -7.9073034026132081e-12)
(140.97410678006398 -16.695950192640385 -6.8736695490252798e-12)
(144.85194551114088 -17.188914766115268 -3.5165725503018083e-12)
(148.90052149158419 -17.698728918144894 -9.9498907976996028e-12)
(153.12605470715212 -18.226189460148248 -1.4042083236977784e-11)
(157.54070408736689 -18.772631924216991 -1.0563171216955583e-11)
(162.15139714515527 -19.338854890158114 -1.980011128498805e-11)
(166.97238237938578 -19.926432082692664 -2.4253026742795461e-11)
(172.01117021018624 -20.536274089303848 -2.4563695143183236e-11)
(177.28480538616785 -21.170129021577498 -2.7242341822040055e-11)
(182.80126330158916 -21.829204206093273 -3.6615930495755922e-11)
(188.58047758604937 -22.515125915068118 -3.5240788234112097e-11)
(194.63247234590486 -23.229922919287862 -3.5215426053757962e-11)
(200.97791368544435 -23.974497924727313 -4.5732391713436535e-11)
(207.63262022084754 -24.752297014188652 -3.6550822056400814e-11)
(214.61698043535031 -25.563820530540536 -3.4936022841804793e-11)
(221.94746890322051 -26.412199008332156 -2.9296682241263843e-11)
(229.65666595312189 -27.299301999431716 -2.6845062740407498e-11)
(237.75713503429512 -28.22950082635619 -3.4823668652695166e-11)
(246.28333709804602 -29.201377510878594 -3.8465571603646535e-11)
(255.25816406297309 -30.223420957365054 -3.794787972151835e-11)
(264.72162477046328 -31.293612016491718 -3.4931719402917007e-11)
(274.69291548179893 -32.419131129878387 -3.4693667525362662e-11)
(285.22633846687552 -33.60182268064834 -3.4714902097482642e-11)
(296.34744221304726 -34.844878658464424 -4.2150969079453556e-11)
(308.11080070761562 -36.154716594983249 -4.2118210795309292e-11)
(320.54640019736678 -37.534432572601318 -4.1287046379001059e-11)
(333.7299270837708 -38.986266899550991 -4.3536665573099582e-11)
(347.69902162247871 -40.520346740844033 -5.0041892101770095e-11)
(362.53849039519991 -42.137969089930827 -4.4174922467312519e-11)
(378.28198023185791 -43.848057548014921 -4.0274846940920163e-11)
(395.03337510869909 -45.650878547249683 -3.8929981735656358e-11)
(412.85267383932717 -47.555275558862462 -4.1468496336483015e-11)
(431.85303466095138 -49.57015684390359 -4.1564948118068397e-11)
(452.10767292311567 -51.695923266437426 -4.149037977257505e-11)
(473.74993193416975 -53.941928450954236 -3.8773937416063431e-11)
(496.86097369514812 -56.316327288849855 -3.9143050093944786e-11)
(521.60860470758666 -58.810374559461458 -3.9048754796631425e-11)
(548.1015160577266 -61.456010906630262 -3.9113112565518687e-11)
(576.50237431008986 -64.22185618113906 -4.1471931937801411e-11)
(606.96721738768554 -67.131861178244748 -4.1429216901974024e-11)
(639.68742352281288 -70.165171053052404 -4.6641391526060783e-11)
(674.90188113258489 -73.444440592572249 -4.630574222979629e-11)
(713.12112046802929 -76.969180571750414 -4.2793359960128643e-11)
(754.57825699576267 -80.675068635417446 -4.8118920677436256e-11)
(799.46322735668673 -84.461936687866114 -4.9172319103465959e-11)
(847.84882619140899 -88.220120740116002 -4.3085423231737994e-11)
(899.73718751831132 -91.80123676950852 -4.3037438341249014e-11)
(954.975023421066 -94.995757023874631 -4.3420000016032438e-11)
(1013.317394927498 -97.584076941735077 -3.7321496233241375e-11)
(1073.8757152814767 -99.072372645121447 -3.3909199196826953e-11)
(1138.95134481527 -103.66192326208795 -2.248048607223721e-11)
(1212.3581015137745 -104.87253743734571 -1.8389555631194441e-11)
(1286.4838467063266 -103.27993427198486 -2.5254237077481895e-11)
(1359.6312763382837 -99.853145561386839 -2.5491154297152897e-11)
(1432.1556934597525 -95.707875849873815 -2.8618282931520025e-11)
(1505.739404097244 -92.227759058643215 -2.4162013845461646e-11)
(1578.9854892722112 -85.392284485042182 -3.0477202467610863e-11)
(1644.6198547543875 -74.222794719308681 -4.0188305711240725e-11)
(1699.3672012280986 -60.981400393495186 -4.035852740186124e-11)
(72.199085422113555 -7.8231922499134203 -1.3552484566518735e-12)
(73.099383539753688 -8.1380101596129322 2.8359212962842169e-12)
(74.040304019981178 -8.4922313784172339 -3.5984098053398605e-12)
(75.152235555260489 -8.8596425122218392 2.9487787187743111e-12)
(76.268064261562088 -9.1778776453495734 9.9206109136546361e-13)
(77.319929353159282 -9.4921071715573238 -1.8074180242661389e-11)
(78.471674523785637 -9.8244950903452644 -1.8074731581854329e-11)
(79.669414520040519 -10.173859158405781 -3.5087928414334049e-11)
(81.092345541063182 -10.583083932552681 -4.9155889651869828e-11)
(82.489185857259073 -10.889443171670095 -4.3166990810654273e-11)
(83.773239334875683 -11.259788942528587 -4.4525209512367472e-11)
(85.276862999435352 -11.617704971830882 -4.3116154836146945e-11)
(86.792711020115277 -12.008337704009703 -3.0899903025702673e-11)
(88.445786642418241 -12.399281976964726 -4.3147781141177558e-11)
(90.153989435065213 -12.807284329665318 -4.3253103272382918e-11)
(91.961308527845134 -13.218453745418577 -4.7816795296186475e-11)
(93.832055448217176 -13.637642459997666 -4.7565218586780287e-11)
(95.777147145628632 -14.058014531964497 -4.311868912978272e-11)
(97.776646463868545 -14.482777719594649 -3.6735328046565439e-11)
(99.854581494618799 -14.918254096391369 -2.6812857546386183e-11)
(102.02223290709452 -15.362963510738496 -3.3789061382818471e-11)
(104.27848428757069 -15.818637942659441 -4.7753087660407063e-11)
(106.62968410939462 -16.28532616789407 -4.424000925103325e-11)
(109.07819020472222 -16.764063585232293 -4.012635936952898e-11)
(111.6285870972102 -17.254624266473055 -4.4064797558728623e-11)
(114.28509077162013 -17.758043826876158 -3.171063729717268e-11)
(117.05179854549861 -18.274534154315109 -2.6925491302309084e-11)
(119.93439464216488 -18.805375166464678 -2.1381243330123341e-11)
(122.93688631106443 -19.350812353755678 -3.155362721495793e-11)
(126.06607506677464 -19.912336533889821 -2.7792877586996988e-11)
(129.32641014516335 -20.490271925286784 -3.9997300707169252e-11)
(132.72567082158162 -21.086253529128935 -3.8810566482315751e-11)
(136.26882868038436 -21.700672715513186 -2.3708756433252009e-11)
(139.96485317101406 -22.335348206572711 -3.8610381926154476e-11)
(143.819298140965 -22.990712015148702 -3.2353527919421303e-11)
(147.84251047468484 -23.668869913573108 -2.6538107559911457e-11)
(152.04073140029948 -24.370198884297345 -2.2089036400415407e-11)
(156.42592358305416 -25.097169175506849 -2.0299992647585415e-11)
(161.00509303858595 -25.850214962152386 -3.8157739998761874e-11)
(165.79218651132865 -26.632065010998215 -3.9254413947711104e-11)
(170.79494235905199 -27.443282231777665 -5.1347506054681715e-11)
(176.02977812272485 -28.286901054954328 -5.3910831872117328e-11)
(181.50524809670074 -29.163872802578545 -4.6569320792326797e-11)
(187.24072985486498 -30.076871483910988 -4.0561110765027102e-11)
(193.24560616343231 -31.028336400840342 -4.6578262551848771e-11)
(199.5430001926741 -32.019698463706661 -4.6957543085403117e-11)
(206.14307896195135 -33.055081729680502 -5.2764571183336158e-11)
(213.07351485399573 -34.135957657325953 -5.0471006532804197e-11)
(220.34531079075157 -35.265629696577982 -6.0558247949391325e-11)
(227.99189557968276 -36.447680920461423 -6.5840388390024893e-11)
(236.02476173329043 -37.685706186280775 -6.4659223215770486e-11)
(244.48463129553767 -38.982212277102953 -6.8710685710834857e-11)
(253.38361398486984 -40.342256136260836 -7.2717018490367213e-11)
(262.77155967578528 -41.770119229161978 -7.0884211083988933e-11)
(272.66006965175694 -43.269653398748986 -6.7241211547484093e-11)
(283.10829901478604 -44.845233635399936 -6.4168435482238572e-11)
(294.1388460509981 -46.504805387455235 -6.4205074204596924e-11)
(305.80737709738008 -48.251476778667474 -7.0216825836733075e-11)
(318.14405277851989 -50.08950151999904 -6.8714307389409916e-11)
(331.2283668982131 -52.03083375716583 -6.3856662591832889e-11)
(345.08805364235843 -54.074523567029956 -6.3723428341405901e-11)
(359.81141037893508 -56.239444303638756 -6.579511752487549e-11)
(375.43508069340885 -58.517748212966879 -6.1991024707325961e-11)
(392.07164037339572 -60.931394974883958 -6.3495637722166075e-11)
(409.77269231165627 -63.475946670979575 -6.5282659094917654e-11)
(428.64471655108036 -66.173257029192868 -6.5022866363865932e-11)
(448.77607160863982 -69.019728332113317 -6.3206303036726211e-11)
(470.28794237362575 -72.028791322375397 -6.299202038961225e-11)
(493.27124503227031 -75.210977098357688 -6.3032756417607744e-11)
(517.90665741330383 -78.560328180221916 -5.9223157614960896e-11)
(544.27309084363537 -82.111930904346906 -6.1966504045631165e-11)
(572.58471959740814 -85.836278954324072 -6.1207357851810297e-11)
(602.96415278957147 -89.755256265979483 -5.3002333055070118e-11)
(635.61267695846811 -93.856091571426674 -5.2454943709707835e-11)
(670.82122614643993 -98.264032972829725 -5.1898264809875454e-11)
(709.15633459156732 -102.98631547015236 -5.0981673300791658e-11)
(750.85916399879352 -107.94666190806331 -5.4943990325920201e-11)
(796.07753182962915 -113.01232576972619 -5.1665374007846796e-11)
(844.84987258471665 -118.07604507217673 -5.1876876864654511e-11)
(897.12494862239441 -122.92044246872072 -5.4738955474876293e-11)
(952.67063913133268 -127.29888385642465 -5.529444276691093e-11)
(1011.1884307080988 -130.96206170118907 -5.3352082658184571e-11)
(1071.6806422760249 -133.32864410377562 -5.1974760851952142e-11)
(1137.4129898963536 -139.04872897305964 -4.5483369178864864e-11)
(1212.5703884933707 -140.50766029538019 -4.2259039246620254e-11)
(1287.5913811716255 -138.58396520541305 -4.909263975598004e-11)
(1360.9664153958577 -134.31336658922649 -4.9953858816534136e-11)
(1433.6980050463912 -128.91478952901286 -5.2215766827122303e-11)
(1508.0970019856738 -123.671562443696 -5.1458306196465335e-11)
(1582.3764942113396 -113.97254445742684 -5.3612790852448374e-11)
(1648.1261640110181 -98.898510766076413 -5.6125457983712813e-11)
(1702.1073359470465 -80.653039307885876 -5.2179157022983141e-11)
(70.572068432332543 -9.5623772041838695 -5.8726238104963985e-11)
(71.434275069383901 -9.951642876526213 -5.4499502263238413e-11)
(72.340766408013522 -10.387050917149558 -4.7913817386440557e-11)
(73.445427220163438 -10.840780809840261 -4.2334785385597733e-11)
(74.548873786656884 -11.237190229192562 -3.7101991861662249e-11)
(75.562305274251571 -11.626103451583207 -3.7116308204234226e-11)
(76.690288653792692 -12.03465883658993 -3.7026928494689708e-11)
(77.862579278949624 -12.46545042728666 -2.4748151584435296e-11)
(79.303100732096112 -12.963552752896195 -2.9074711391963118e-11)
(80.690572643889311 -13.354162541274505 -3.2853137586100157e-11)
(81.923718920419404 -13.808181313059137 -3.7890371458280573e-11)
(83.415737009532151 -14.252337634450303 -4.6325345738768806e-11)
(84.906774309751597 -14.732081039959629 -4.554628420002028e-11)
(86.551856576446241 -15.214136184249954 -4.1534587665706048e-11)
(88.247444442437896 -15.716015744244405 -3.8045183403728696e-11)
(90.047596576831836 -16.222577436249974 -3.8441488740651392e-11)
(91.906819215985166 -16.738903595714344 -4.9263411315913321e-11)
(93.838080442745238 -17.257193671887148 -6.0352600733489269e-11)
(95.815768634426661 -17.780911513942009 -6.0841492554012386e-11)
(97.869626570632803 -18.316603650486353 -5.6941031889610163e-11)
(100.01269041514995 -18.863406721937153 -6.1004459428746767e-11)
(102.24277464875495 -19.423221290698287 -5.6218022748997371e-11)
(104.56668260250476 -19.996253946078294 -5.7033800101392179e-11)
(106.98619901577148 -20.583194522931809 -4.9714904704715175e-11)
(109.50609247640254 -21.184168081263909 -3.8646362967739443e-11)
(112.13031916111767 -21.800664640794359 -4.9612504049424819e-11)
(114.86301119333964 -22.432890439958243 -5.4424963827096977e-11)
(117.70963801292422 -23.082650806229463 -5.3847224629474779e-11)
(120.67428447454832 -23.750067991544594 -4.8230653369526925e-11)
(123.76344276304094 -24.437241812243844 -4.6989679795580936e-11)
(126.9816688349155 -25.144329450276075 -4.6077595506805508e-11)
(130.33646709725883 -25.873620517726007 -3.7843049372607447e-11)
(133.8328999324406 -26.625316541739803 -4.5425585470075972e-11)
(137.47963745944091 -27.401988675201107 -4.0887813655585069e-11)
(141.28231267238752 -28.203779391125479 -3.0192393640826068e-11)
(145.25095802443502 -29.033749163438518 -3.0247885907048099e-11)
(149.39194771986851 -29.89183195795923 -3.0117866144510196e-11)
(153.71678336910384 -30.781598826698175 -4.1298226139001245e-11)
(158.23271250829916 -31.703088229980171 -4.1072276709498217e-11)
(162.95320878023665 -32.660169469296072 -3.6730918383830137e-11)
(167.88615967213195 -33.652900646852004 -3.5326862020305921e-11)
(173.04749805065694 -34.685874855739975 -4.0823459010849845e-11)
(178.4460336726747 -35.759051821487823 -4.0886269143886464e-11)
(184.10048285801017 -36.877409950426987 -3.6587411775311391e-11)
(190.02050991887194 -38.041601894607979 -3.6603231838629347e-11)
(196.22860129434937 -39.256515323372632 -3.5163401864840559e-11)
(202.7351619465164 -40.523461336037577 -3.649335113339829e-11)
(209.56716323974246 -41.847959080821326 -3.642888901210031e-11)
(216.73584074055643 -43.231092673269956 -3.6538586908218678e-11)
(224.27400208030474 -44.679992762951635 -3.8242122933755066e-11)
(232.193191309317 -46.195101403026797 -4.556387735737458e-11)
(240.53348714691569 -47.785658323557087 -4.1383021122187497e-11)
(249.30754730310701 -49.450387771851958 -3.879522172145191e-11)
(258.56311184166992 -51.202147923155799 -3.2775140701882914e-11)
(268.31411937194775 -53.038568027214453 -3.8180745403289931e-11)
(278.61972986418988 -54.972798698202837 -3.7982748287302914e-11)
(289.49322870205685 -57.005631481215516 -3.7840285649317412e-11)
(301.00549788146418 -59.149463073993921 -3.8890371878825268e-11)
(313.17887352615821 -61.404257526982462 -4.505839839522279e-11)
(326.08587795303532 -63.790717287883162 -5.0393262402734571e-11)
(339.76450810363173 -66.296121039646152 -5.0209452272062296e-11)
(354.29580212320792 -68.959694890475404 -5.0106472563702786e-11)
(369.72843511188972 -71.758208987168302 -5.0238078801083951e-11)
(386.15709710444241 -74.728927284342319 -5.0214778516372324e-11)
(403.65020723309777 -77.862415376776113 -5.0036530619607279e-11)
(422.30119713310654 -81.185194226917972 -4.9927690011152663e-11)
(442.21186156258278 -84.696023410324202 -5.5085767791302377e-11)
(463.50205826586853 -88.414247015690592 -5.724176562126837e-11)
(486.25804762892545 -92.344171187780802 -5.912579263432306e-11)
(510.67800452724799 -96.497033133612106 -5.9415565674445686e-11)
(536.81515334534947 -100.89045667128093 -5.9360357769393525e-11)
(564.92618055738865 -105.52346505334309 -5.8846171104588344e-11)
(595.1100430918184 -110.40060650670466 -5.8713522879221712e-11)
(627.57443382916176 -115.51326816707082 -5.8374469251044187e-11)
(662.6763500433608 -121.01515879590445 -5.8853157551340037e-11)
(701.04343956010655 -126.90458442142666 -6.0714998101414908e-11)
(742.8901330820571 -133.09969669309601 -6.2435456889853833e-11)
(788.39168385095229 -139.44649048319891 -6.337663966949451e-11)
(837.50589005050301 -145.83023173635323 -6.4131908063032564e-11)
(890.19975860237412 -151.9947071249203 -6.6267310978736831e-11)
(946.14583395774548 -157.62454365993133 -6.5473255309110784e-11)
(1004.9686758413798 -162.45260331866797 -6.5719163289507135e-11)
(1065.5362262774881 -165.79291248225138 -6.3991754760523899e-11)
(1132.1625646332384 -172.83604509353515 -6.6672295522263551e-11)
(1209.5203842188487 -174.67423462894962 -6.6510513536775352e-11)
(1285.9089156862335 -172.57178272506806 -6.6697819685773377e-11)
(1360.0655269086703 -167.65447200661001 -6.6067994998073403e-11)
(1433.4829104990499 -161.16483346794979 -6.6719893009383808e-11)
(1509.3068796445921 -154.2289603974987 -6.5471481017510822e-11)
(1585.2351630414155 -141.62631838137139 -6.3019714699447507e-11)
(1651.7791204808796 -122.689071943296 -5.7762667223004569e-11)
(1705.6329212819703 -99.352361354313956 -4.8187803955827608e-11)
(68.901745950005292 -10.987298197911674 -2.3190836097731762e-11)
(69.718378924674894 -11.448661630226493 -1.4156656960422415e-11)
(70.584194720920578 -11.964924912953244 -8.9570474107517217e-12)
(71.671111488774415 -12.506113699389532 -8.098483869699599e-12)
(72.755555821590562 -12.975430488891186 -9.7530065833595696e-12)
(73.727279914697135 -13.432413012563723 -1.0335634635350662e-11)
(74.827405322037706 -13.91225002356291 -1.474989227956353e-11)
(75.969993974962904 -14.423153941860933 -1.4694809833417051e-11)
(77.419856560384588 -15.007979950205767 -1.521471194826494e-11)
(78.793931396067421 -15.4690606043784 -2.5248579869759981e-11)
(79.974952803568428 -15.995684492578206 -2.4993335842965288e-11)
(81.450352870159477 -16.51771653111804 -1.9367712180237215e-11)
(82.911916667988592 -17.078511275481947 -1.7144619276698118e-11)
(84.543078428342568 -17.643752660406019 -1.1327407590628589e-11)
(86.220001179837595 -18.23082043323436 -7.0175185445798164e-13)
(88.006612525456291 -18.82325408427609 5.0515974172010287e-12)
(89.847920392317903 -19.426017350796524 1.6768612596710555e-12)
(91.759083127760732 -20.030236906831824 1.8823905602971521e-12)
(93.708917686490892 -20.640085401476437 5.1273845841334102e-12)
(95.732307157662049 -21.263252285668976 1.5564538099792269e-11)
(97.843859163766709 -21.899299529610133 1.5363039359498102e-11)
(100.04030508368471 -22.550294318004052 2.3458070972139452e-11)
(102.32889521555161 -23.215624776543507 2.8000479255559255e-11)
(104.71083623035472 -23.896710124841942 2.8207841874636979e-11)
(107.19113817427578 -24.593778911851722 2.3106264236474274e-11)
(109.77349093291082 -25.308646423917882 2.3103247022086298e-11)
(112.46204288114717 -26.041480225017949 1.1214282889339104e-11)
(115.26202703427636 -26.794564408619497 8.8156916679497152e-12)
(118.17762769584623 -27.567895717808167 7.7926098850455251e-12)
(121.21495968425623 -28.364154946110268 7.7908087350989129e-12)
(124.37876961854684 -29.183285722911368 1.053403664219064e-11)
(127.67613567790943 -30.028255933535277 7.7744941331204933e-12)
(131.11231763794592 -30.898972650913212 2.6700172922949653e-12)
(134.69553535191116 -31.798910236185723 7.7074048835980615e-12)
(138.43161809633182 -32.72749062006374 4.8770308666175491e-12)
(142.330103199858 -33.689464701456465 8.6244129703608727e-12)
(146.39762284833057 -34.683219471516587 7.6750683473313257e-12)
(150.6450910005419 -35.714499272035447 9.6830771215264335e-12)
(155.07997369468632 -36.782045741006968 1.2388257807770726e-11)
(159.71520427694705 -37.891499402988828 1.1734748677279051e-11)
(164.55889344195253 -39.041557852261718 7.1021351906282391e-12)
(169.6262959322348 -40.239423894744121 7.6214166017872906e-12)
(174.92652614167369 -41.483075076632986 7.6114545943158681e-12)
(180.47741953235897 -42.779915389791555 1.2662397030679585e-11)
(186.28920693257155 -44.129531138838821 1.2810219518105862e-11)
(192.38334105490222 -45.538754747231415 1.5536848247987961e-11)
(198.77050182094439 -47.00778173565368 1.5566922707569144e-11)
(205.47694003528835 -48.544620937858731 1.7361793727468662e-11)
(212.51405907970553 -50.14875721529139 1.8429597816764849e-11)
(219.91371161556194 -51.830777358194354 1.5088824264617804e-11)
(227.68793508696425 -53.587689594060031 1.4357672502608435e-11)
(235.8754548977102 -55.436345705090389 1.1368035845728514e-11)
(244.48961716269568 -57.366477242989916 7.5403248834673615e-12)
(253.57641808400504 -59.403566779301954 1.4150259213344729e-11)
(263.15166795980201 -61.533573852434998 1.9350722226633603e-11)
(273.27032738237887 -63.786147034246241 2.2193205755898716e-11)
(283.95029794618694 -66.143383774705981 2.7210252743020687e-11)
(295.26044287697113 -68.640364243803901 3.1962817321317136e-11)
(307.21640769862563 -71.265060181525413 3.1502477448862195e-11)
(319.8936285667595 -74.036577861517046 2.7813286149197471e-11)
(333.35033991138783 -76.961105325725526 2.7087071994970923e-11)
(347.62467816415574 -80.061508115262683 2.8271157423255526e-11)
(362.8076925579129 -83.328156703057559 2.7990095773227025e-11)
(378.96250063039042 -86.793916027403085 2.7132522524456293e-11)
(396.18009550137754 -90.454419110232195 2.6883525425399345e-11)
(414.54310100884362 -94.341748366117628 2.5612023116214524e-11)
(434.15732050237227 -98.45206027902428 2.5763274636777775e-11)
(455.1435426698506 -102.81489241606546 2.5730116092563401e-11)
(477.59141806267735 -107.42951868068904 2.5476511253650894e-11)
(501.69848241105586 -112.31593422530362 2.5612967947598551e-11)
(527.52858191701148 -117.49270912549967 3.3115439916600693e-11)
(555.32122501225342 -122.96198577577709 3.2996662558855586e-11)
(585.21976988310109 -128.7376912274938 3.2462114530083524e-11)
(617.41680790742498 -134.81058219493801 3.2952691761708752e-11)
(652.29441158970735 -141.35228762418942 3.2421393108293005e-11)
(690.57941991305393 -148.38170416229397 2.8475504375843697e-11)
(732.46542512012024 -155.76924545150203 2.7224759548045162e-11)
(778.18730143691232 -163.41265661175902 2.6256332840706599e-11)
(827.57694889668733 -171.11981824805147 2.4324473660471026e-11)
(880.6234735161753 -178.63473754796345 2.2325484032107671e-11)
(936.98921579973626 -185.58497098330463 2.1021989714328206e-11)
(996.14692908900076 -191.64550060952629 2.0063609488088786e-11)
(1056.8774806894069 -196.04881053756236 2.0272486278457405e-11)
(1124.509615945376 -204.65852931366479 1.4944827072459642e-11)
(1204.3337567523802 -207.03268342261882 5.2311767868395864e-12)
(1282.4328146738787 -204.88147235962774 -4.9657368955940423e-12)
(1357.6795241163859 -199.45410247997677 -8.7023668237841237e-12)
(1432.1332001797741 -192.0086879578991 -1.4401125841083601e-11)
(1509.7806795342258 -183.48950485122435 -1.8353522407590979e-11)
(1587.6876291626857 -167.95249716276498 -2.0535294731985261e-11)
(1654.9464037772211 -145.01885933996445 -2.1408319155391577e-11)
(1708.4909011586819 -116.3986363369537 -1.7758582170502918e-11)
(66.993717146274335 -12.182332993413729 3.6641684604637923e-11)
(67.760545129780823 -12.707542354915363 3.789101951595607e-11)
(68.58320796318408 -13.296841353975509 4.0708258678962277e-11)
(69.644460677941225 -13.918556165821316 3.2871760522385198e-11)
(70.705549620757338 -14.454509145498852 4.2396896822133488e-11)
(71.634491329377028 -14.972998725501297 4.7205053262738268e-11)
(72.705469638226731 -15.516996587502977 4.5348381263625847e-11)
(73.816276194475662 -16.101474440976279 4.244950131308451e-11)
(75.26921821066901 -16.766865884736543 4.2473746787743246e-11)
(76.625313757287572 -17.294162688824589 4.1121316456693996e-11)
(77.755089768581527 -17.88687424948921 4.3565019832070075e-11)
(79.210653741562993 -18.479674147682466 4.6273159288949284e-11)
(80.640386770466009 -19.113776486750869 4.3544818847668663e-11)
(82.253674455708008 -19.754427077561548 4.339893130130237e-11)
(83.907795345403343 -20.418701236531305 4.0402583539073549e-11)
(85.676234346677319 -21.088886713629442 4.4003179342154455e-11)
(87.494932400062254 -21.769621035157712 4.4816432024579241e-11)
(89.381569939335236 -22.450939716585765 4.4842000698511125e-11)
(91.299646655368051 -23.137500225125649 4.8292651482236042e-11)
(93.28888767950599 -23.83820661538466 4.6293094322360225e-11)
(95.364869146425079 -24.553177201688175 4.2504012029259677e-11)
(97.523580407317738 -25.283875992774171 3.694468428505084e-11)
(99.772351065076606 -26.02995027321273 3.6894134713259693e-11)
(102.11223756682766 -26.793478686919155 3.1995920072581677e-11)
(104.54816521069446 -27.574289485166929 3.0879656587188785e-11)
(107.08368435988031 -28.375131182305683 3.0793342600441903e-11)
(109.72299079053739 -29.195495374040753 3.2176706975128674e-11)
(112.47093236518826 -30.038830568841369 3.2010516177403747e-11)
(115.33189383756613 -30.904171288165703 3.1954786992905602e-11)
(118.31162086943375 -31.795612722458699 3.0960390574440127e-11)
(121.4149588031525 -32.712136802701153 2.546016992243433e-11)
(124.64867091523782 -33.657862995587138 2.6264957727527495e-11)
(128.01803391353539 -34.632050439286573 2.3269179374822757e-11)
(131.53113100920305 -35.639307746503896 1.7212112372599619e-11)
(135.19364670821062 -36.67827828391902 2.2637646609410605e-11)
(139.01425997767385 -37.754832230379293 1.9573777697562046e-11)
(143.00149737166896 -38.866985222805546 1.2396272697374728e-11)
(147.16304413548809 -40.021229131700643 1.2969207049200205e-11)
(151.50883179919009 -41.215632212876649 1.368465525416512e-11)
(156.05032050192202 -42.457983066598395 7.6120398933127067e-12)
(160.79634092127893 -43.74497090605383 1.1243258091022334e-11)
(165.7592284245535 -45.086246639347962 1.0704603182541835e-11)
(170.95210242145285 -46.477780134806366 7.7397148327506822e-12)
(176.38951371192351 -47.930723854237634 8.6348236122625982e-12)
(182.08229123352757 -49.441450131453443 8.6461420809746631e-12)
(188.0506511997086 -51.019893935518425 7.4609381740825909e-12)
(194.3064994375739 -52.66457513589291 7.4628546437708058e-12)
(200.87514395527398 -54.386468158771542 1.2393855401366074e-11)
(207.76795615532345 -56.183264912290845 1.2581433638698179e-11)
(215.01531568111398 -58.068238206851611 1.0906237359827578e-11)
(222.63009356690731 -60.036808527501734 1.1943639866131762e-11)
(230.64607331200514 -62.108056588805759 1.4291043739059932e-11)
(239.08911482786809 -64.272149702462443 1.3324041741192082e-11)
(247.98653045841061 -66.557309239998446 1.0893736058426693e-11)
(257.36859429998498 -68.945062109778505 6.0229502983753648e-12)
(267.27712308880149 -71.471696133541627 2.3490114707182792e-12)
(277.75090631612653 -74.119327809904632 7.2486919802733388e-12)
(288.82111372327495 -76.920512661021661 7.2258396491829908e-12)
(300.54051353803214 -79.868767623746365 6.6916939586373638e-12)
(312.97763364916534 -82.980761081519873 8.4421559682752948e-12)
(326.16734494963799 -86.278745809934364 1.6737469808398803e-11)
(340.15646930302415 -89.756276295440728 1.6766062100411786e-11)
(355.04981442361185 -93.440338699675266 1.4047329736863276e-11)
(370.900069168377 -97.338446377210957 1.4638503365861115e-11)
(387.81361486824397 -101.47583031930752 1.3439433169824876e-11)
(405.83940896030276 -105.86859690068212 1.6137515163858882e-11)
(425.10227276240641 -110.50400931068846 1.5203220953926581e-11)
(445.73327268552441 -115.4526285997495 1.282424763552401e-11)
(467.81375952628042 -120.68028949742717 1.2778257819494354e-11)
(491.56108142677209 -126.23777496926978 1.2953733714869492e-11)
(517.01049843021678 -132.13831523990245 1.142715340080556e-11)
(544.42798348892495 -138.36515951370873 7.5936980181145497e-12)
(573.96765277801001 -144.9862598264848 3.8759570802650655e-12)
(605.79813792650953 -151.9476729331746 3.6257734116226871e-12)
(640.37326875954489 -159.48241309503862 3.4189954482928718e-12)
(678.44912328563464 -167.5932942557541 1.9331496198323215e-12)
(720.32615527372616 -176.16210607413552 -1.584146359810149e-12)
(766.11744028933174 -185.08399258387243 -3.078835400432565e-12)
(815.71963641564423 -194.13840558865132 -1.6226280838985399e-12)
(869.03659220057659 -203.01945688610044 1.128284633394741e-12)
(925.77456212887103 -211.36373343743409 9.1853742716500527e-13)
(985.28756679632238 -218.72548329873428 3.2384666973326561e-12)
(1046.2414225014147 -224.29732202697781 4.0747987198714176e-12)
(1114.9469042430003 -234.72110129401941 6.9913651379093227e-12)
(1197.467145589924 -237.86706573180606 4.259040625084914e-12)
(1277.5172521271027 -235.83856907706053 -2.1540988743606032e-12)
(1354.1633219840712 -230.04439563271615 -3.6190109751266791e-12)
(1429.9714870641533 -221.80558532612653 -7.8849327753123023e-12)
(1509.751622920875 -211.83831075217307 -1.0720738620884269e-11)
(1589.8313175268129 -193.3480386134928 -1.3690809795559647e-11)
(1658.3625001664029 -166.40657475605767 -1.4151826507414802e-11)
(1711.4564180161522 -132.08968849146447 -1.2025135486933076e-11)
(65.078824176838211 -13.12474288067909 3.7384959948398955e-12)
(65.792383923902094 -13.711246433751448 1.1053710773945941e-11)
(66.569400482610149 -14.372040484299195 1.3719589646515537e-11)
(67.598343449819026 -15.073654730498069 2.1456698016822078e-11)
(68.63268575269035 -15.672607315159668 2.5905365833597005e-11)
(69.518899847956419 -16.248410003664848 2.6079095217654089e-11)
(70.560077398189819 -16.852902013990491 2.9227562994569347e-11)
(71.638330184517827 -17.508708164631198 1.9400302792623858e-11)
(73.08932409735452 -18.251767732009537 1.4156574256199786e-11)
(74.425896596547418 -18.836788600784082 1.1962913571308135e-11)
(75.506812396100784 -19.488623341010349 2.3935304200853917e-12)
(76.940991361839806 -20.145758570587052 2.3878042797678994e-12)
(78.338092340918564 -20.846605465631239 7.1669817629608511e-12)
(79.931304350388558 -21.555718130429781 7.1784939606854298e-12)
(81.560310970631079 -22.289730711169202 7.1727760468932746e-12)
(83.30781853397508 -23.029567146466309 1.1796154256146477e-11)
(85.101156770184701 -23.779555802071499 1.223531444279852e-11)
(86.960708807153694 -24.52850118018301 1.3285638232273942e-11)
(88.844818582570483 -25.281916414849988 6.4174645194659902e-12)
(90.797853243598908 -26.050009529849135 -2.3687871904015251e-12)
(92.835634521204526 -26.83324019895824 -2.430998583232503e-12)
(94.953833412018056 -27.632733066627896 -1.0210447407628711e-11)
(97.159829668699075 -28.44858635742585 -1.2110983527961013e-11)
(99.45438435237341 -29.283049854257825 2.4206219365058466e-12)
(101.84273730875572 -30.136233955589223 2.7022195860968088e-12)
(104.32778025969817 -31.010816936252013 2.2813143363477808e-12)
(106.91419738204928 -31.906753527533276 1.197203552734299e-11)
(109.60599856417787 -32.82731163261613 1.716123352341609e-11)
(112.40870807493626 -33.772129380547824 1.0642488968677598e-11)
(115.32606385049463 -34.745041496889897 1.131311569130386e-11)
(118.36488795209596 -35.745257694822357 1.5565870435019313e-11)
(121.53025833310701 -36.77769450296654 1.7062528222255772e-11)
(124.82817263428245 -37.840670590797068 1.666967480187514e-11)
(128.26592332526502 -38.940077579572595 1.6857910106203637e-11)
(131.84979635860012 -40.074174796194221 2.2279201093280014e-11)
(135.58718172470151 -41.248646833419585 2.4054457158281257e-11)
(139.48808720283171 -42.463016902518255 3.2362712565076687e-11)
(143.55883942201535 -43.722759708874705 2.8257179594054492e-11)
(147.80942588547728 -45.026812178966395 2.5624183155806091e-11)
(152.25007408567043 -46.382359410818701 2.7374767478773784e-11)
(156.89206590633194 -47.788346878617816 3.4605858574984053e-11)
(161.74471748133107 -49.252031289087626 2.9757271545636085e-11)
(166.82413551884079 -50.772210132039767 3.5564028977162529e-11)
(172.13858758772108 -52.358530769483856 3.548867377006367e-11)
(177.7050737696255 -54.008232993018261 3.5461995904680865e-11)
(183.5409424258049 -55.732385743243405 3.0884470352736105e-11)
(189.65874886515036 -57.529066549055578 3.0631390914692628e-11)
(196.08033472509231 -59.410534794776034 2.589405101673355e-11)
(202.81874020139711 -61.373326143208999 2.6338351810811291e-11)
(209.90448619864861 -63.432235211794961 2.5847603593313136e-11)
(217.35087256147128 -65.586265383043752 2.5804497978118833e-11)
(225.188604612544 -67.846576320345051 3.0702416885781137e-11)
(233.44573104013924 -70.217351704744601 2.883871337060955e-11)
(242.14064266344982 -72.711573604194569 2.5360757101229353e-11)
(251.32021445052578 -75.326805597926068 2.547602270609817e-11)
(261.00702636131814 -78.087551825053069 2.6332665727490393e-11)
(271.25168937919557 -80.989665043496004 2.3948385140716754e-11)
(282.0792512122465 -84.052461002655733 2.2232899010618049e-11)
(293.5492257538931 -87.283817590944707 2.0504437670455428e-11)
(305.7174637999716 -90.694361299708973 2.1623289300453916e-11)
(318.61258631242185 -94.313642576254267 2.2415602598633401e-11)
(332.30644019074612 -98.117463845492026 2.1740877124796674e-11)
(346.89228682672604 -102.17048754921379 1.8223497789976299e-11)
(362.42555745966871 -106.45567632170571 1.7910261618717219e-11)
(378.97163043690381 -111.00094721100145 1.5164385752604032e-11)
(396.6321824802385 -115.83628432300094 1.707694094085371e-11)
(415.54275916150669 -120.9497943807884 1.6972869348178553e-11)
(435.76472166861339 -126.41264365440912 1.4831840949997897e-11)
(457.45479036177755 -132.19177454777849 1.4642713411535373e-11)
(480.77255324316712 -138.35851773634207 1.4807737228293811e-11)
(505.76242851634515 -144.89120328026118 1.4594233400951674e-11)
(532.77451682727315 -151.82470490723833 1.0386670827436301e-11)
(561.86649613755378 -159.21306334498618 1.0344515844442953e-11)
(593.29921900939382 -167.00548988231486 9.9473512343336446e-12)
(627.48291496141678 -175.48539108926045 1.2266179417593834e-11)
(665.27087932569202 -184.60292547113414 9.8614719352745472e-12)
(707.01183853511827 -194.34326054162241 1.3900870154554009e-11)
(752.74995417356308 -204.49022841370848 1.4824317398523132e-11)
(802.44434123458018 -214.9054526596677 1.2268227529822087e-11)
(855.97282361553664 -225.17254858978924 1.1894211291288896e-11)
(913.00229381497627 -234.96417746011664 1.1913168084366841e-11)
(972.87766789067871 -243.70433590909809 1.2942119616443519e-11)
(1034.0551199242757 -250.55023440586444 1.1098694000832098e-11)
(1103.8750996349027 -263.02273111174742 1.2569087262932628e-11)
(1189.1828472925581 -267.21729944605369 1.2256978095101797e-11)
(1271.3493130786771 -265.46535818589103 8.0551009221992545e-12)
(1349.7027771748717 -259.48946538882205 5.5705664779152249e-12)
(1427.0654357603478 -250.58284457449017 1.5411021869017996e-12)
(1509.2429049680286 -239.3317943445773 -2.1454835001684167e-12)
(1591.5621794636452 -217.72929324921265 -1.2820523274342695e-12)
(1661.521404146376 -186.77463290011394 -1.9199377464346754e-12)
(1715.2071892897623 -146.82125470436577 -2.6849418947421229e-12)
(63.124803764436585 -13.865643845662836 -1.6272360601045112e-11)
(63.783868231606327 -14.510015524888003 -1.7204951208624971e-11)
(64.515426616584833 -15.239347365461278 -1.4620312980664757e-11)
(65.508261702512442 -16.018985476350156 -1.4288465492298728e-11)
(66.515316793157751 -16.677870973621179 -1.7947394366495597e-11)
(67.360985506883608 -17.307753918456942 -1.4829661273601016e-11)
(68.374352976921784 -17.969199625641192 -1.1775529428595091e-11)
(69.421651472172698 -18.693211312291719 -1.1682060780177002e-11)
(70.868835491811254 -19.510905892887749 -1.5067518218149494e-11)
(72.186153883728892 -20.149184553987897 -9.80496507878973e-12)
(73.222677287982975 -20.855149600937562 -1.1012360027820289e-11)
(74.636503463413973 -21.571044608839113 -1.2012125021683169e-11)
(76.002754014987843 -22.332748414458145 -5.6556827616277404e-12)
(77.576332874207267 -23.10398056562876 3.2565081561105912e-12)
(79.180560146602375 -23.901018319084347 2.4180009409053238e-12)
(80.907037956302432 -24.703369117571579 2.6004140992146293e-12)
(82.674894532527162 -25.515034135903772 2.419583145924561e-12)
(84.507336043998691 -26.32367319006989 6.9495875044732823e-12)
(86.358121602856528 -27.135503714925502 2.6427437421674085e-12)
(88.275323301746326 -27.962375797983615 2.6123227342749911e-12)
(90.275404536066645 -28.804285263809049 2.4254313579607734e-12)
(92.353273767710959 -29.662973193582484 2.4184100619144066e-12)
(94.516726628560136 -30.53889579363053 2.4115532698350843e-12)
(96.766108969104792 -31.43424681538567 2.4093598552786891e-12)
(99.106695906366852 -32.349497753952441 2.4160412564675897e-12)
(101.54136810759022 -33.287279691419336 7.2967635235557961e-12)
(104.07448083338657 -34.248004174031408 4.5232284866237474e-12)
(106.71017963997032 -35.234507018897453 1.657265523762567e-12)
(109.45359017838906 -36.247501395427193 1.3426600216336246e-12)
(112.30891242634361 -37.289900585823432 3.7301994993647545e-12)
(115.28227428053275 -38.362112410120965 3.5644391468645457e-12)
(118.37838975504656 -39.468161384978409 1.3956520333192103e-12)
(121.60456936497144 -40.607718195396274 1.1864055245859909e-12)
(124.96579812875967 -41.78542836172533 2.3369215541105482e-12)
(128.47060135120773 -43.001349552406218 1.320495113491958e-11)
(132.12434768430444 -44.25964329639136 1.6930949280428831e-11)
(135.93756704197364 -45.561471390575001 1.1742049008331347e-11)
(139.91608287364036 -46.911413763488433 3.6273737127186332e-12)
(144.07107829560337 -48.309682566664875 -6.1189944879440947e-12)
(148.41077762905027 -49.762492264286507 -7.2649658798136273e-12)
(152.94658362618776 -51.269986005943508 -6.0073973948646856e-12)
(157.6888699842539 -52.838856515433541 -9.5391199983205142e-12)
(162.65193122808282 -54.46962245954753 -1.0774610589635863e-11)
(167.84398365199141 -56.170070357644427 -7.3448862503730961e-12)
(173.28365319086816 -57.93887494875581 -7.3555954645201941e-12)
(178.98556567133505 -59.789064107840211 -7.3372284097424704e-12)
(184.96197665112493 -61.714759252668294 -7.3421372842121304e-12)
(191.2345353778106 -63.734213302352565 -7.3248670102697158e-12)
(197.81916501797861 -65.838174353450626 -2.6952558066951502e-12)
(204.74214067491573 -68.048562110318528 -2.4735949370731415e-12)
(212.0154774752265 -70.359857132582931 -2.6491981791210411e-12)
(219.67458047855314 -72.783657608754069 -1.9103625382202378e-12)
(227.73880005078902 -75.331557567759461 -2.7868664827223048e-12)
(236.23456885540256 -78.004874859137814 -1.4781917677929219e-12)
(245.20449079963524 -80.816149552403999 -4.0146611501267232e-13)
(254.66758487924074 -83.778768677453797 -2.7019360923745187e-12)
(264.6801430915541 -86.898739679537186 2.7536142283807044e-13)
(275.25943712450197 -90.188659223618757 -1.2394702761819314e-12)
(286.46647977576146 -93.660764639979902 -2.7465400485163217e-12)
(298.35752341985136 -97.331953304570604 -5.1486074531052162e-12)
(310.95564354120063 -101.21914302999147 -6.0182660198795643e-12)
(324.36601898317753 -105.32404881230859 -1.3811296181996862e-12)
(338.60796155902119 -109.68024427136753 -3.0023879009215791e-12)
(353.80645843228911 -114.30860598493145 -4.343568316931616e-14)
(369.99910911151352 -119.21138034113817 -2.063046697220665e-12)
(387.27374617523481 -124.4269272691855 -3.2682975835472237e-12)
(405.78958278282295 -129.96390572140257 -6.7387069047436715e-12)
(425.58860022808443 -135.87372210892923 -5.6707532042423695e-12)
(446.84372589357992 -142.13785799970566 -5.7980478634479044e-12)
(469.70283188989674 -148.84969498100222 -5.7706937093612349e-12)
(494.2335979776156 -155.94558197681513 -5.9050680666758869e-12)
(520.78511438048008 -163.52650523608585 -6.2277301264589324e-12)
(549.39148869947019 -171.60888706553038 -6.6131433266393295e-12)
(580.31973655643151 -180.15025401239834 -3.7751119841485097e-12)
(614.01117413372651 -189.4926862899755 -5.4227532506022702e-12)
(651.47571352660032 -199.57768590858075 -7.0064410237982309e-12)
(692.93290938800669 -210.42166148395836 -5.4431914555881357e-12)
(738.57642138898018 -221.78140343335662 -3.3840278899854888e-12)
(788.22169033435716 -233.53036723479963 -3.2436531607741495e-12)
(841.86509765603569 -245.20054900164564 -3.202904033139502e-12)
(899.06158856360662 -256.46262902533687 -1.6122074541573472e-12)
(959.22621319902828 -266.65002680417376 1.3367324471735714e-12)
(1020.5353510347613 -274.83607241999295 -1.0617225796739374e-14)
(1091.4833938478916 -289.59167377829425 2.5653266923800967e-12)
(1179.5862875363155 -295.12441608766369 2.4763146559138513e-12)
(1264.1313103515909 -293.8605256641419 1.3350047211075632e-16)
(1344.3941288945759 -287.90923852545455 -1.327638641543982e-12)
(1423.5597445588924 -278.45305363475251 -4.2097397030561408e-12)
(1508.2943461212826 -266.05288327112453 -4.5946971766712314e-12)
(1593.3912950438914 -241.34702144061316 -7.2456114726556901e-12)
(1664.455788753211 -206.15436157890255 -1.0587734896848345e-11)
(1717.2808351576571 -159.95331319760191 -1.165726967555657e-11)
(61.20923892911469 -14.409229171108505 -2.8237138645556443e-11)
(61.812305015985324 -15.111165363234521 -2.251590133854004e-11)
(62.498088472291407 -15.909167265336942 -2.2472303125970436e-11)
(63.451373793566688 -16.768273652967423 -2.4334222473480259e-11)
(64.431012738513928 -17.485998210955348 -2.892765475646036e-11)
(65.238332830282459 -18.168559425141638 -2.659577725546106e-11)
(66.225980050645006 -18.88535393595313 -2.2071792059674414e-11)
(67.244218351434725 -19.676302334736079 -2.0193724922245832e-11)
(68.68655350765016 -20.566832000983585 -1.3406722224856501e-11)
(69.985861870653224 -21.25316174460437 -1.6503662115239558e-11)
(70.982441692842841 -22.008793909019317 -1.7199104963733804e-11)
(72.377416033430748 -22.778470064985985 -1.7380457961066446e-11)
(73.714852765562 -23.595838500705579 -2.2240628592438357e-11)
(75.269710594441449 -24.423394450336151 -1.75882984541247e-11)
(76.849883858640482 -25.277154945442611 -1.7213305111675386e-11)
(78.555665153144176 -26.135253679309741 -1.7452388536952078e-11)
(80.298225881844161 -27.001264068870892 -2.2247800068943223e-11)
(82.103946566286865 -27.862011719142938 -2.2310816880734519e-11)
(83.921937392417291 -28.724402988532681 -1.7620428429830063e-11)
(85.804165108507505 -29.601347908577186 -1.2730271722313347e-11)
(87.766773175386277 -30.493515114438868 -7.4524797392434217e-12)
(89.804879427737347 -31.402820295279781 -7.935720523072239e-12)
(91.926038543402896 -32.329868679811021 -6.6263296580426721e-12)
(94.130476895393883 -33.277082324580292 -4.8114105043353084e-12)
(96.423579308269339 -34.2450140291282 -4.135454336344628e-12)
(98.807716651475872 -35.23650638093784 -3.0204768711917775e-12)
(101.28779009352897 -36.252135056702627 -3.5356367145526129e-12)
(103.86725295737779 -37.294795054860032 -4.5282938780123528e-12)
(106.55144145138472 -38.365451186634395 -2.9904728988207776e-12)
(109.34439798239141 -39.466941801681088 -2.459728052334154e-12)
(112.25227045802757 -40.600376157410793 -1.9476246638742754e-12)
(115.27954690969305 -41.768885337703821 -3.1856577611092908e-12)
(118.43334792708107 -42.973635873839349 -8.2576117268586354e-12)
(121.71869063693059 -44.21795585297663 -8.2132332105054413e-12)
(125.14391386992183 -45.503444270998834 -7.1861215469557825e-12)
(128.71441508342747 -46.833285080288448 -2.1809509440135142e-12)
(132.44019986573096 -48.209783311813418 -3.5758419824483015e-12)
(136.32700392934584 -49.636363569050637 -5.7025088900625715e-12)
(140.38639539119805 -51.115276951717092 -7.8461929473566799e-12)
(144.62518348311019 -52.650934062629673 -8.3546528574364262e-12)
(149.05650371223086 -54.245375404893927 -1.4007874159001214e-11)
(153.68775151653207 -55.903964737718603 -1.7788092432814505e-11)
(158.53549805364608 -57.629130124176903 -1.7738390823558773e-11)
(163.60622451705092 -59.427134229223689 -1.6396544962755907e-11)
(168.91957466311362 -61.297901593134377 -1.9743723567952156e-11)
(174.48699091147631 -63.255507816314726 -1.8779672334916619e-11)
(180.32475858602848 -65.292570032705086 -2.1207104649132243e-11)
(186.44815983640376 -67.427876501240902 -2.1146057992469362e-11)
(192.88289981020716 -69.655063828821099 -2.6441116282135415e-11)
(199.63866007092111 -71.993889685186673 -2.767363256585307e-11)
(206.74355787437111 -74.437586442419118 -2.6369973502859582e-11)
(214.22470188264441 -77.005438386628754 -2.5817115514323249e-11)
(222.09583904767712 -79.700453033654057 -2.3343340074500351e-11)
(230.39663862200095 -82.529745000522979 -2.3227795016696625e-11)
(239.15680023942713 -85.508780285000242 -2.3649765203161359e-11)
(248.39639092516322 -88.643243015370359 -2.1963967105557678e-11)
(258.17429236670284 -91.94956820967019 -1.9472840454492355e-11)
(268.50700299924847 -95.43327744829746 -2.4151546997632279e-11)
(279.45759353439399 -99.114475920017455 -2.3964181591671391e-11)
(291.06924486303592 -103.00886921964573 -2.4076399138536168e-11)
(303.37700490167958 -107.12304123675138 -2.7199582288605026e-11)
(316.47795364642315 -111.49121396526013 -2.5650229401250112e-11)
(330.3993715284542 -116.10409446462312 -2.6081336563316816e-11)
(345.24860192344573 -121.03111637008394 -2.7182850509552257e-11)
(361.07227835944411 -126.23935510321805 -2.7408709103783004e-11)
(377.96194225704272 -131.7855185651197 -2.5159602308500599e-11)
(396.08001608465094 -137.69021810997501 -2.8928082951610366e-11)
(415.44570948661988 -143.99236942446731 -2.9073028727765671e-11)
(436.25812324267446 -150.68047064491887 -2.73224278386114e-11)
(458.62117880502137 -157.86022146786499 -2.74466917417272e-11)
(482.68818642872634 -165.46218917556953 -2.7628939641357222e-11)
(508.73243725803724 -173.62783584252398 -2.6658144781144673e-11)
(536.78774304141734 -182.31622924903374 -2.6553128097927526e-11)
(567.19597847473437 -191.54541788965062 -2.7288567202083949e-11)
(600.33158321741041 -201.65106089079549 -2.6913586780761834e-11)
(637.40416250089675 -212.66886231408148 -2.5724775942668138e-11)
(678.49620312594516 -224.540285370953 -2.34182971198057e-11)
(723.89727348691486 -237.0639744471404 -2.3292510907726106e-11)
(773.37054168752661 -250.10742220375681 -2.3020798957448851e-11)
(826.99000901255715 -263.17341148737279 -2.3471956954086189e-11)
(884.21283627082221 -275.89920152023717 -2.4107477817202881e-11)
(944.57666186570361 -287.59704963944773 -2.4107565428495766e-11)
(1005.9707407059176 -297.18255766755709 -2.2076785452293908e-11)
(1078.0132041825875 -314.42823327771538 -1.8636013030840375e-11)
(1168.9091614696677 -321.60150484376561 -1.5913189597498634e-11)
(1256.055021790874 -321.12250714576072 -1.9100463786292955e-11)
(1338.3138422917941 -315.35169875492909 -1.8496798019612534e-11)
(1419.5161709635222 -305.46597069041064 -1.8962644138293825e-11)
(1507.0064375201414 -291.98539666836479 -1.9432449836705228e-11)
(1595.2209060905468 -264.34856067072838 -2.106791127681914e-11)
(1667.7696900722019 -224.96498734538801 -2.3869395411328675e-11)
(1719.0386563467537 -171.44240629695145 -2.376459163999884e-11)
(59.330182296931945 -14.788172815570341 -1.8256184900405507e-11)
(59.876634404675052 -15.548480874558669 -2.3012762553720132e-11)
(60.517385349305108 -16.416259999848759 -3.2885638376893832e-11)
(61.429826483125609 -17.357452059927077 -3.2886735902399717e-11)
(62.383661782908263 -18.134167756049095 -4.1853225005960486e-11)
(63.156119428810435 -18.869255882334148 -3.668647672812921e-11)
(64.121696586149014 -19.640483042474308 -3.7865834811644396e-11)
(65.114246219255449 -20.497439926070044 -3.6761734302576125e-11)
(66.553025565457574 -21.459568834691218 -3.6756530959472853e-11)
(67.837079314414439 -22.190376437323486 -4.3200872044790489e-11)
(68.799172142530551 -22.992290177535995 -4.9603714837305077e-11)
(70.178414014412297 -23.811304286403043 -4.6760897622233293e-11)
(71.490484234110582 -24.67962536482894 -4.472653451939545e-11)
(73.029099357487709 -25.558116925299483 -4.2483412948503675e-11)
(74.587412217255334 -26.462746917376094 -4.4786925781749136e-11)
(76.274308432347254 -27.370364452340016 -4.7957477673160932e-11)
(77.993220678298115 -28.284063398382397 -4.3851236789985898e-11)
(79.774008776997505 -29.190044838281203 -4.8805195467304684e-11)
(81.56110579454166 -30.09561026345639 -4.892381816574758e-11)
(83.410231808476297 -31.015314872987584 -4.8792293406545221e-11)
(85.337306844008381 -31.950019823265837 -6.4152228937107112e-11)
(87.337301209911644 -32.902209008575703 -6.6092924936772825e-11)
(89.417832818702919 -33.872376998605482 -5.9957611336445287e-11)
(91.578961949602231 -34.863313570386723 -5.6181748476135514e-11)
(93.826032276583263 -35.875625641226229 -6.4126258887313632e-11)
(96.161308871672873 -36.912335963532314 -6.9210272616149714e-11)
(98.589678710641365 -37.974175075693715 -7.9059041409726421e-11)
(101.1144963409218 -39.064205336661757 -7.8415348046803264e-11)
(103.7410360626705 -40.183405668317363 -7.3469345767792918e-11)
(106.47328220696656 -41.334909738246289 -7.9357759899088887e-11)
(109.31725761362532 -42.519810746814962 -7.9275100185607114e-11)
(112.27737307379945 -43.741422317772383 -7.7862456520116137e-11)
(115.36068913540248 -45.001073723414713 -7.4035209907645851e-11)
(118.57200777994601 -46.302044414827435 -6.9732830115071505e-11)
(121.91968340768334 -47.646455867554785 -6.9875886396910518e-11)
(125.40886977459633 -49.036770550678469 -6.8856315685959667e-11)
(129.04940919519703 -50.477185859102967 -7.2163661414056099e-11)
(132.8470169717875 -51.968210229177437 -7.3431972715276711e-11)
(136.81281035114102 -53.516464598667135 -6.9115954175335529e-11)
(140.95373676650891 -55.121802056746432 -6.8078765226150873e-11)
(145.28227404629448 -56.79093668449255 -6.2607776743412368e-11)
(149.80627416537692 -58.525162498604722 -5.9187374012944731e-11)
(154.54077365859294 -60.331556528586795 -5.7631683103267006e-11)
(159.49394621737667 -62.21141870400178 -5.6229409232894386e-11)
(164.68393648509681 -64.17088977916768 -5.6305353873720711e-11)
(170.11975377103022 -66.21742005132748 -5.7349311835539748e-11)
(175.82287323126548 -68.351821343863094 -6.4691003667094167e-11)
(181.80322858053302 -70.584296493709999 -6.5441535346467e-11)
(188.08693070845425 -72.917546932448047 -6.2887798458176063e-11)
(194.68390150108172 -75.363903270957039 -5.8721295244258728e-11)
(201.62595792413475 -77.923074484051909 -6.1766909979402683e-11)
(208.92847657588672 -80.612254397197063 -5.9516564789086644e-11)
(216.61620857600312 -83.431004651767708 -5.7431072726943364e-11)
(224.72575345447419 -86.396593717509717 -5.7633135825788745e-11)
(233.27816334380046 -89.515958489371471 -5.4237100241554095e-11)
(242.30161981583024 -92.797329405496058 -5.3197180157263851e-11)
(251.85092747715495 -96.262980243886872 -5.0177886486345988e-11)
(261.94542432155544 -99.911823162267211 -5.0032962188470445e-11)
(272.63717442357699 -103.7712132184646 -4.9591973900965157e-11)
(283.97908420879946 -107.85472799457055 -4.6987784064810368e-11)
(296.00056395388077 -112.16597131650151 -4.8141468806436825e-11)
(308.79780005056188 -116.75152576837462 -4.4511489227917601e-11)
(322.40823406416325 -121.59792809756044 -4.5162750422798681e-11)
(336.89182457830088 -126.76313006391845 -4.372070655111643e-11)
(352.37174152542451 -132.24395017062346 -4.6597735498886519e-11)
(368.87869401993072 -138.07349223208462 -4.2109031199617584e-11)
(386.58669026408569 -144.29480028050034 -4.1895493776134775e-11)
(405.51160309586442 -150.92048120172285 -3.9626003230632013e-11)
(425.89577175338616 -158.0061192089529 -3.8817712467996753e-11)
(447.74890119746635 -165.56246282502249 -3.9511087883389999e-11)
(471.33429822133115 -173.62143158593094 -3.6785396068469275e-11)
(496.81099952009515 -182.28795917133067 -3.8346644742144711e-11)
(524.32794024846135 -191.51346364957715 -3.86671570200814e-11)
(554.18547075534229 -201.3688692854594 -3.8929842138424592e-11)
(586.76025909634734 -212.16020350720177 -3.8275968598694717e-11)
(623.31430217934803 -224.03265430924472 -3.780510949382661e-11)
(663.93358138719236 -236.8344935584683 -3.3282064250283337e-11)
(709.01925526461741 -250.49008227287888 -3.2231997972409479e-11)
(758.14077000905638 -264.73116378190491 -3.2269809056744217e-11)
(811.6430062791286 -279.19226946943428 -3.150324771973331e-11)
(868.78714821561039 -293.36999951486479 -3.018903888632448e-11)
(929.21646267848416 -306.6016738466671 -2.9996214331411559e-11)
(990.6530808189292 -317.66149066691526 -3.0328099177263637e-11)
(1063.6996823793104 -337.54252990510633 -2.6274207308473411e-11)
(1157.2984177404358 -346.67469327504824 -2.4293142408746226e-11)
(1247.0914508627147 -347.29417551538387 -2.6218782498930626e-11)
(1331.4594578324068 -341.82157020344283 -2.6832169687872603e-11)
(1415.0670425459425 -331.70678035772858 -2.7024861658361766e-11)
(1505.4292164456406 -317.19074985132403 -2.768063918727336e-11)
(1596.5124526496336 -286.59965228156341 -2.8172658984679418e-11)
(1670.594656519575 -243.07338638137705 -2.8616151595115394e-11)
(1722.4645770863315 -182.26864507829475 -2.5945990340965125e-11)
(57.512896136366123 -15.011618485301268 -7.3384263095046156e-12)
(58.001704743628302 -15.833390980494467 -1.2734809027921888e-11)
(58.597859252890593 -16.774627409560896 -1.1016527824151703e-11)
(59.468906008395372 -17.803463301225758 -1.3073188095806639e-11)
(60.399644298585926 -18.640770964285355 -1.8446567364175943e-11)
(61.140942081144246 -19.429828127319933 -2.6472885879571727e-11)
(62.088780187424852 -20.255884571972853 -2.4036945439145026e-11)
(63.059538009611167 -21.179061237399701 -2.7671714550468051e-11)
(64.497422093312409 -22.212352947464051 -3.3924101395884705e-11)
(65.769801661273902 -22.984180427293939 -3.9427485833487395e-11)
(66.702810981759342 -23.82948643252686 -3.8580538738823982e-11)
(68.069940972507283 -24.693806734617386 -3.4217308411829661e-11)
(69.360283123655634 -25.608721500870626 -3.3630389495183023e-11)
(70.885489954576968 -26.533137286332337 -4.3099884771478609e-11)
(72.424345343948744 -27.483012590771846 -4.453261177396457e-11)
(74.094372570172894 -28.43430020190905 -3.8968152174508796e-11)
(75.791415315447253 -29.389414161431116 -5.0071464378893879e-11)
(77.549006546443309 -30.334207492852343 -5.0463893677613651e-11)
(79.307396122142052 -31.275895112521642 -5.6574811557822071e-11)
(81.125245690660606 -32.231751934536312 -5.5196552061796293e-11)
(83.018592676255821 -33.20203816286903 -5.5388932163565938e-11)
(84.982162796796317 -34.190269984066653 -5.3012219166346895e-11)
(87.023711162777644 -35.196303347744092 -4.7949436238176373e-11)
(89.143085465480269 -36.223935316798375 -5.0075746942211182e-11)
(91.345745290497234 -37.273120805010663 -4.9965434624533554e-11)
(93.633702434119357 -38.347780147646574 -4.9690697010650513e-11)
(96.012060525802738 -39.448077250714149 -5.106109026378586e-11)
(98.483885930808853 -40.577896045954873 -5.2703087962574448e-11)
(101.05459873043091 -41.737668051014651 -5.4933602929041568e-11)
(103.72787337814655 -42.931235630195303 -4.9615446397495537e-11)
(106.50992456435463 -44.159316476290741 -4.9321757951508667e-11)
(109.4048047866013 -45.425676535094773 -4.4631642172977001e-11)
(112.41982638246445 -46.731547614001641 -4.4204668779235253e-11)
(115.55921958516824 -48.080395536525948 -4.5066318952453336e-11)
(118.83188937788975 -49.474462773669536 -4.2131586363178474e-11)
(122.24208572897849 -50.91635321408728 -3.8754430644270377e-11)
(125.79972200044381 -52.409987683604449 -3.3705763956389335e-11)
(129.51171843397046 -53.957017660480275 -3.686100792559163e-11)
(133.38564622283008 -55.562540056900936 -3.5870697752341954e-11)
(137.4327912558112 -57.228277638021943 -3.4569192588005134e-11)
(141.66183078346523 -58.959990859336479 -3.3221973459158715e-11)
(146.08202771434742 -60.759563513700279 -3.3159033600152191e-11)
(150.70658758606206 -62.63330279757858 -2.9282440788485958e-11)
(155.54807475376589 -64.584818688788715 -3.1639917454710867e-11)
(160.6172217694575 -66.618634615012866 -3.0543061771341238e-11)
(165.92792407566333 -68.741395466508848 -3.023398337615882e-11)
(171.49926408777412 -70.957344481947544 -2.8783882844410725e-11)
(177.34317569983222 -73.274435996079617 -2.5817240077743627e-11)
(183.48187198631382 -75.696827972984522 -2.5456670306103593e-11)
(189.92618382382989 -78.235392157669509 -2.6429441761432963e-11)
(196.7077448479329 -80.89150651203903 -2.6100739025983493e-11)
(203.8422265964426 -83.685497859739485 -2.4339915469414131e-11)
(211.35370579597162 -86.608360285672731 -2.058788231092119e-11)
(219.27458803663322 -89.690805880818615 -1.9602544668651093e-11)
(227.63070777046963 -92.92849520518044 -1.5936597234737623e-11)
(236.44480261914279 -96.336011951796621 -1.5417043128940089e-11)
(245.77157857370182 -99.933290525296584 -1.2904724918035823e-11)
(255.63879919742016 -103.72869931396565 -1.4673166746152796e-11)
(266.07859786483419 -107.7345849802351 -1.594775499600854e-11)
(277.15908347681608 -111.97993960528738 -1.8297332445798236e-11)
(288.9062622281578 -116.4597581498475 -1.7910339344257337e-11)
(301.40697791060728 -121.2285559760616 -1.9678993970727953e-11)
(314.70378730135974 -126.27558931736517 -1.8822629394758756e-11)
(328.85517438927462 -131.64168925547048 -1.6996635404180525e-11)
(343.98047524289905 -137.35492773846599 -1.5644147906228503e-11)
(360.11694016078394 -143.42513587051727 -1.4841130149429079e-11)
(377.42378822968737 -149.92358571358719 -1.3126915867211653e-11)
(395.92467537751673 -156.81914750893475 -1.3337042870915111e-11)
(415.83533002493607 -164.23827132904401 -1.3344434766125413e-11)
(437.24432818041834 -172.13525021108805 -1.4330292154821603e-11)
(460.317571926298 -180.58981374525879 -1.3356022578963394e-11)
(485.22722438564472 -189.67159518559095 -1.5485125076668934e-11)
(512.18939829737076 -199.37799483811915 -1.4667438498643576e-11)
(541.48044549290626 -209.78819708232331 -1.5822405343423627e-11)
(573.45501866533084 -221.19692845490087 -1.6125915190472716e-11)
(609.39159912387652 -233.80876807413316 -1.4642584939887628e-11)
(649.49776911546269 -247.46253792341005 -1.3329785030339283e-11)
(694.13731857250139 -262.19520842245981 -1.3284812451376683e-11)
(742.86103135751682 -277.54957927545121 -1.3185179835885232e-11)
(796.09136514435522 -293.37972262089602 -1.4223679616361852e-11)
(853.00375524223489 -308.95544335556241 -1.6182207656577639e-11)
(913.36889670749486 -323.72691503829344 -1.5713145082988678e-11)
(974.70363685634493 -336.28961041512673 -1.8507095929883001e-11)
(1048.6540063018488 -358.91739024606449 -1.9816118474455232e-11)
(1144.7946181698339 -370.33290450433839 -2.2939279163250531e-11)
(1237.2647227455052 -372.37485428305166 -2.6168963780019354e-11)
(1324.0184275804147 -367.37601099349723 -2.7230851403100928e-11)
(1410.18212934592 -357.22631779467719 -2.7076820111023524e-11)
(1503.5144739565894 -341.68573587321998 -2.6977609421909084e-11)
(1597.5807957924624 -308.17242294494258 -2.7654016094305906e-11)
(1672.9500535741824 -260.27479057668461 -2.8175035501841398e-11)
(1724.3183382529332 -191.79591163929928 -2.4055253170265231e-11)
(55.756017524424202 -15.10192740777781 9.9052257805104016e-12)
(56.185986141108401 -15.990344182820804 1.4022366772726238e-11)
(56.738162452201962 -17.010914987355886 8.4403139402638118e-12)
(57.568462725540797 -18.135809954757054 8.3110602429576974e-12)
(58.480327575475478 -19.036519444558678 2.7354492926980959e-12)
(59.194927410686248 -19.882079390423204 3.4634113726687264e-12)
(60.130583397205413 -20.763947747338666 -2.7071417986954541e-12)
(61.084446205250693 -21.753808884755699 -3.0647234191671455e-12)
(62.525819369368534 -22.858113688589142 -3.0781679537856462e-12)
(63.791116326859317 -23.667884941036125 -3.1367028979387582e-12)
(64.700755727096492 -24.554062571195466 -5.5206776239031295e-12)
(66.060231846217647 -25.459649495313919 -1.9178217698277186e-12)
(67.332956776705061 -26.416800440294868 7.5867288473592518e-12)
(68.848209949971164 -27.382087345962848 8.5585460630979266e-12)
(70.370578217242638 -28.371562111762206 7.7850954632309306e-12)
(72.026143197809233 -29.360822038046308 8.3097640708156021e-12)
(73.703685600643894 -30.351106652712399 1.3872335586711404e-11)
(75.4397673087269 -31.32907859963046 1.8616563317876116e-11)
(77.171896423282462 -32.300402438869881 2.1267149878790757e-11)
(78.960648417981162 -33.286143536663552 1.9665375762960214e-11)
(80.822449250655367 -34.285525839998485 1.3849607758797653e-11)
(82.751652032854565 -35.303560002182699 1.3398888516923563e-11)
(84.756322178414777 -36.33889564602773 1.0745157616854024e-11)
(86.835911683188286 -37.396825602690285 1.6699326923881974e-11)
(88.996272151012604 -38.476198069796844 1.9612130773499527e-11)
(91.238981994811965 -39.582259899792604 1.9155760640481754e-11)
(93.569518687498615 -40.714177332764947 1.9303087929476345e-11)
(95.990507064870187 -41.877027081830832 2.0028692155042319e-11)
(98.507705469207096 -43.070352248900718 1.8222268488949837e-11)
(101.12434473143776 -44.2989775599384 1.7185148452266756e-11)
(103.846983943677 -45.562946674556471 1.662021985145784e-11)
(106.6792218751263 -46.866783367577817 1.3921368244738558e-11)
(109.62864760525001 -48.211244323080074 1.3781811222822786e-11)
(112.69906914544238 -49.600353953998827 1.5672990133965561e-11)
(115.89957799646321 -51.036006961353806 1.407392433352415e-11)
(119.23407861598226 -52.521585878473509 1.5341498864522351e-11)
(122.71268164459265 -54.059755023808286 1.57518830037019e-11)
(126.3416075122564 -55.654550930690434 1.480510896448044e-11)
(130.12913993200925 -57.308113081508971 1.7568305158065372e-11)
(134.08555885108001 -59.025448331263689 1.7476346605152565e-11)
(138.21960869459897 -60.809756650567337 1.766303679547757e-11)
(142.54071399728969 -62.665331108673932 1.8793000694556729e-11)
(147.06173770524941 -64.595814447607395 1.6037770677679364e-11)
(151.7938675219485 -66.60867304930261 1.4804415010613037e-11)
(156.7495257214851 -68.70491666135753 1.7491573247813068e-11)
(161.9407884557647 -70.89358411717258 2.0055791919081009e-11)
(167.387030525982 -73.177952037804971 2.1753318264422395e-11)
(173.09933862308455 -75.567408976261703 2.4051512919656472e-11)
(179.09970872138433 -78.064901535836796 2.5515932709726966e-11)
(185.39937922217152 -80.682484280376698 2.5520291248089334e-11)
(192.02891393432128 -83.421425526586233 2.8122837787261246e-11)
(198.99974387869844 -86.301481475075107 2.8007520040746243e-11)
(206.34744232550455 -89.317695437358239 2.7822933082260137e-11)
(214.08382428142039 -92.49459134891211 2.7858588087693362e-11)
(222.25390777628803 -95.83372418135643 2.3987209661818714e-11)
(230.870519333548 -99.350825186034811 2.6888260982041781e-11)
(239.98549313083717 -103.05724615706499 2.7497698748699762e-11)
(249.62770790658109 -106.97651746951162 2.2455781077570171e-11)
(259.83260929352792 -111.1065819917164 2.3498570932203675e-11)
(270.66396368052938 -115.49079152987645 2.4871224432735533e-11)
(282.14807371053098 -120.11295692314138 2.3586185906590059e-11)
(294.36063002748932 -125.03739383769189 2.4894683436176876e-11)
(307.35704107746494 -130.24956982578934 2.5016967311585174e-11)
(321.18947433554251 -135.79196108994722 2.7580712803960212e-11)
(335.97747839128471 -141.69950548497977 2.7514549086005655e-11)
(351.75344616236367 -147.97823366959395 2.7300150836515489e-11)
(368.66338394390408 -154.70076367986763 2.8254180706881887e-11)
(386.77241598493089 -161.85078539184696 2.6067102532338896e-11)
(406.20563272483133 -169.51987238040567 2.7301508180971815e-11)
(427.16973272873309 -177.72727924340677 2.7034066892542664e-11)
(449.74572258702108 -186.52155465699403 2.6938092162143624e-11)
(474.10674280093775 -195.95275455482621 2.9238627637167458e-11)
(500.50371218983582 -206.07132118974747 2.6308790301637446e-11)
(529.20686316329204 -216.97594267344772 2.7000714619175216e-11)
(560.54283017942385 -228.90850848787898 2.756736850721004e-11)
(595.87978030466445 -242.1961168629183 2.6595245478727382e-11)
(635.38480319690314 -256.59974148040379 2.3439700397295666e-11)
(679.45832256763072 -272.31557972551258 2.2288038887546618e-11)
(727.71157260322195 -288.71165315670436 1.9825515406158211e-11)
(780.50087118601061 -305.83361320236804 1.8877347886366229e-11)
(837.09796174550058 -322.75951668462386 1.7920148503939231e-11)
(897.25115548708595 -339.06148698848568 1.8958204192986431e-11)
(958.37831898633908 -353.13844645325497 1.5513793527297828e-11)
(1033.0140329908954 -378.529212338874 1.2245010080867907e-11)
(1131.5673482887389 -392.60298748127047 6.2168878275367995e-12)
(1226.6788668648371 -396.36697425064688 8.5601056584623358e-13)
(1316.0516923358541 -392.09050465058436 -2.7099807835660847e-12)
(1404.7648270427333 -381.98645070379405 -8.8891108036287476e-12)
(1501.3061574596215 -365.43932637795109 -1.1992046308179319e-11)
(1598.4713553634087 -329.10232084450428 -1.2736016267470985e-11)
(1675.7962526898791 -277.1259121385545 -1.2819471257057094e-11)
(1724.6968863039913 -199.47330566213969 -1.0809275836973286e-11)
(54.063975573952497 -15.063920897285442 8.5537219619318351e-12)
(54.433815135038003 -16.026420698215489 8.9733738553015815e-12)
(54.942726465194141 -17.135296826226742 7.106477643290743e-12)
(55.734831901535756 -18.36826217111993 1.4546992016979203e-11)
(56.634232574399071 -19.337183982659251 8.6709260133748713e-12)
(57.327597184291648 -20.243392990192149 8.8157620930547553e-12)
(58.258199376758029 -21.183324172191146 1.1513177425433299e-11)
(59.20121276981331 -22.241068634361355 1.6514529789979231e-11)
(60.652429989408738 -23.416889375431797 1.2821012720289634e-11)
(61.916314270875773 -24.261692250694619 1.2250232455803152e-11)
(62.808402211361987 -25.186379205832214 1.1357106999586934e-11)
(64.165303859073958 -26.129474545226991 9.0236594730536328e-12)
(65.424759156554344 -27.124456386087402 8.7109331097312489e-12)
(66.933968533091118 -28.126036878749318 1.5039433858041302e-11)
(68.442970122655453 -29.149486068832076 9.0908649332164887e-12)
(70.086738784621744 -30.171607657135798 9.3546365324418393e-12)
(71.747300587800169 -31.190831886930919 9.2240467660151971e-12)
(73.464040311081888 -32.196341526575175 1.0076954585827606e-11)
(75.171980982109105 -33.191725001739911 6.2741814520109559e-12)
(76.933798022794633 -34.202086901998683 3.5253521339022269e-12)
(78.766147937850377 -35.224805170167485 6.278739517899977e-14)
(80.662930429750375 -36.267257994738159 2.7876615445335942e-12)
(82.632787554814257 -37.326114442865247 2.4526346017657609e-12)
(84.674519651987538 -38.408870296849223 3.0349995626601423e-12)
(86.794655322151101 -39.512591520722367 5.3991967690003092e-12)
(88.994111211125116 -40.644494230248327 5.9428645599402054e-12)
(91.278989101303495 -41.802134891146778 3.090689668194398e-12)
(93.651235334311622 -42.992278543340575 6.2323142252153422e-12)
(96.117231419376353 -44.213110606949016 6.0453547841177282e-12)
(98.679571077232595 -45.470897853280775 8.8838073419070894e-12)
(101.34536785347314 -46.764519364236705 6.4662029017363249e-12)
(104.11755648871826 -48.09971416756558 6.0320178636157895e-12)
(107.00429649390546 -49.476279357882575 7.3868374418715754e-12)
(110.00865481614517 -50.899284243067846 7.5771819649571814e-12)
(113.14022783663175 -52.369648373166974 6.4770090806858274e-12)
(116.40254382184176 -53.892258084345691 4.1338197427073803e-12)
(119.8054346902032 -55.467811581701092 1.6528820667758597e-12)
(123.35552624987963 -57.103048288370545 1.2882758039807928e-12)
(127.06041804260907 -58.797319960463511 5.4950344845204316e-13)
(130.93047517806076 -60.558354952781769 7.5502687858819261e-12)
(134.97421375923983 -62.387163461212324 7.4962064438932656e-12)
(139.20126006003102 -64.290420482083817 5.650610443349008e-12)
(143.62329476242945 -66.269425008932743 1.7516807272924912e-12)
(148.25177540050865 -68.333396899165407 3.1374907072885442e-12)
(153.09982887754177 -70.483785205583104 4.7078909281237423e-12)
(158.17790681470836 -72.728026256035079 1.1467034210355694e-11)
(163.50482336995 -75.070807013368281 1.5658816529424827e-11)
(169.09227307639989 -77.521194545523244 1.2637480551748218e-11)
(174.96227783231427 -80.083050587447644 1.3550939864565528e-11)
(181.12456333719359 -82.767339821154195 1.6020223933656913e-11)
(187.6095497221431 -85.577864492443055 1.5934629668932541e-11)
(194.42773195309653 -88.529686339111464 1.3658129746969949e-11)
(201.61437133173035 -91.624788897549209 1.0067935743003181e-11)
(209.1823892113093 -94.882633822410426 1.11561033478031e-11)
(217.17445111507263 -98.307734889704477 1.4008671312767157e-11)
(225.60151258636495 -101.91696313024777 1.4082251685939286e-11)
(234.51887829106474 -105.71781366291485 1.2551970264583525e-11)
(243.94751519569678 -109.7401406213513 1.2511071559859945e-11)
(253.9281630261344 -113.97521941509757 1.0766286948802132e-11)
(264.52074184010729 -118.47566635240112 1.2428088687145143e-11)
(275.75767998663491 -123.22191096343191 1.1097817495803328e-11)
(287.6935250757528 -128.27277224208021 1.3846298063005782e-11)
(300.41094532033264 -133.62952291618686 1.3851421355722795e-11)
(313.93812656451456 -139.31969040314803 1.2238438261807381e-11)
(328.39861464722139 -145.38971282424052 1.5123700625286468e-11)
(343.8235238067939 -151.84431415626625 1.7562437083700532e-11)
(360.36212919642804 -158.75109156526335 1.7374647809249322e-11)
(378.08205454729324 -166.12720861791064 1.7521926091906375e-11)
(397.09092728404318 -174.00881523808553 1.9876913693620081e-11)
(417.59134071504093 -182.46946094130277 1.9933275457991329e-11)
(439.67496488081787 -191.54868790969311 1.8317612717886514e-11)
(463.53372473728786 -201.29584329130029 1.6693214034417286e-11)
(489.35207330730105 -211.74877988261886 1.5095176634803478e-11)
(517.44520227948419 -223.07703593315685 1.5257364005196395e-11)
(548.17012022733525 -235.46235166330783 1.5116917466576665e-11)
(582.86255798722436 -249.35180355971971 1.2332433013136891e-11)
(621.75376739672015 -264.4224926715483 1.453249388053168e-11)
(665.13053392415566 -280.99439434486743 1.4373053665400658e-11)
(712.84097263906119 -298.35421247973903 1.310765462432085e-11)
(765.0740414376254 -316.6815276129239 1.1883182597067182e-11)
(821.25377420029167 -334.90209552985056 1.1687107839828622e-11)
(881.01217216794851 -352.6723229301233 1.0566220680785332e-11)
(941.84196711712082 -368.28539437052331 1.0814514129641214e-11)
(1016.9060674564216 -396.34020568643956 1.3272387373729159e-11)
(1117.687655518728 -413.49564260303401 1.1940758031540798e-11)
(1215.4384346161626 -419.29135578997938 1.0349309202265191e-11)
(1307.5982567899157 -416.02915991017755 7.7862095274075414e-12)
(1398.9532794790618 -405.99301635848542 2.7305828709672428e-12)
(1498.8729943980316 -388.43907015189524 -7.1620692598489855e-13)
(1599.1127412487065 -349.29097113316698 -3.2704270904058954e-12)
(1678.5687016898025 -293.80173595027361 -5.7847586173268688e-12)
(1726.2222744744854 -206.10336454263125 -5.7442591663414117e-12)
(52.431065179849583 -14.916021105987539 -1.9838473244683817e-12)
(52.738655243876892 -15.963103968146219 -2.8130516115291995e-12)
(53.204236224162507 -17.172608790412578 -2.8315818895964459e-12)
(53.961673146191124 -18.530065372406586 -3.0058754205660287e-12)
(54.856544530794082 -19.572836775109533 2.230362645358226e-12)
(55.534753990539343 -20.544454208727323 -3.2686935574071293e-12)
(56.468481661545717 -21.544528534066124 -1.6447914801036175e-12)
(57.407386025715049 -22.670555387900144 -5.5252811094308523e-13)
(58.875705845945298 -23.917643925857405 -1.5623955340122036e-12)
(60.144355872386001 -24.793886412045634 3.1927166389202491e-12)
(61.024468293107311 -25.754227370508481 4.974353740860804e-12)
(62.384019974418877 -26.73043876369206 9.4920212370572016e-12)
(63.634382272406917 -27.758087446531327 1.5149745991005002e-11)
(65.141064102344217 -28.791043685084269 1.5024573854220191e-11)
(66.63959295800862 -29.842135323680125 1.5144270832863125e-11)
(68.273947126747402 -30.891893272835457 1.6789274537110659e-11)
(69.919291207835968 -31.933939335862334 8.8965753790316729e-12)
(71.618840524800603 -32.961663482250913 8.3264993822161926e-12)
(73.30468359269905 -33.975294526109195 2.9155537185914798e-12)
(75.041534940479664 -35.005369146567666 7.1193311466061123e-12)
(76.846525860896449 -36.045913280239354 1.2248588142293115e-11)
(78.71277873439783 -37.10784263064545 9.3021446674895596e-12)
(80.649927473203263 -38.184837140985351 1.5348812485530084e-11)
(82.655802810171423 -39.28748080653245 9.2559900955485834e-12)
(84.737974260987315 -40.410241068311478 9.8999715623025062e-12)
(86.896356006709155 -41.563036950656993 5.607596769868389e-12)
(89.138017744902726 -42.741103293509283 1.0636238660241874e-11)
(91.464008765247229 -43.953559402105547 1.0487598492012785e-11)
(93.881579258176131 -45.196569795422256 1.194817033842536e-11)
(96.392453224910156 -46.478462071574114 1.2735420744846817e-11)
(99.004503836945744 -47.796349371166464 1.3123654387586449e-11)
(101.71984736902861 -49.157670068689271 1.6240081506897541e-11)
(104.54731175585734 -50.560805206061509 1.6087313726324693e-11)
(107.48928527667812 -52.012292595256838 1.779029815627432e-11)
(110.55579700749374 -53.51159234645295 1.7607231023593397e-11)
(113.74971275088957 -55.065608885817802 1.8166611690033888e-11)
(117.08177934963103 -56.672402629486136 1.6441864272953098e-11)
(120.55688908280412 -58.342394046213315 1.7642893358535746e-11)
(124.18442074277779 -60.070505409423063 1.8955357056951666e-11)
(127.97325297375137 -61.869511808524152 1.9413996361042256e-11)
(131.93184483096829 -63.735528300597416 1.7980062236709267e-11)
(136.07005064741335 -65.67955481193323 1.4906166923971294e-11)
(140.40008613263225 -67.700272469096859 1.9217996942304957e-11)
(144.93097990474439 -69.80799238319247 1.8657604522658797e-11)
(149.67707687236279 -72.003403514837288 1.4792087971546126e-11)
(154.64944997954512 -74.296948295660229 1.8853875794746291e-11)
(159.86418122603658 -76.687482923218454 1.3162816204098796e-11)
(165.33585361571323 -79.192142257565749 1.4401318162220115e-11)
(171.08209656247914 -81.807304663558611 1.5536098183932306e-11)
(177.11506914660532 -84.549123569427039 2.0930777333930098e-11)
(183.46358616646799 -87.418827515294026 1.9929582239134232e-11)
(190.14019794619222 -90.434459600503615 1.84551804663237e-11)
(197.1769615653858 -93.595167997686076 1.5061137574055721e-11)
(204.58494511032393 -96.922555702049721 1.2588086000910734e-11)
(212.4086398995729 -100.42015438413043 1.1160187246806089e-11)
(220.657735357517 -104.10603818766647 1.0774469201867911e-11)
(229.38812074924962 -107.987916772836 1.0570078618769438e-11)
(238.61723335808952 -112.09782798804481 9.5143901770162591e-12)
(248.38829341676424 -116.42176408032076 7.2058350406450654e-12)
(258.75558184467667 -121.02015023476363 9.5058829005221977e-12)
(269.75649195764731 -125.87207903204134 8.7474113734392133e-12)
(281.43569127144752 -131.0291405827451 8.4152898068797889e-12)
(293.87988869140997 -136.50435191554118 3.6243006766101699e-12)
(307.12345475214482 -142.31987797572367 1.7182614645467779e-12)
(321.27611512181971 -148.53309728988339 1.3174929751624471e-12)
(336.3698747716208 -155.13102114539953 1.5415624362486718e-12)
(352.55350929007329 -162.19269605529487 1.6983090737081244e-12)
(369.89262452791775 -169.75560935744144 3.4451585051171571e-12)
(388.50506767222254 -177.82296982564804 3.4203536145247048e-12)
(408.5729035382052 -186.50354042226061 5.5753363745198486e-12)
(430.1727090779649 -195.80660737859151 6.2911908075558143e-12)
(453.5341559147264 -205.83280709429346 3.92137258005833e-12)
(478.81087130820322 -216.5656488053551 3.4442362082358958e-12)
(506.3039839040523 -228.24834435072904 3.4406915371926116e-12)
(536.41969132437578 -241.02358571373094 4.8453982706077818e-12)
(570.44196857625718 -255.42609918601215 2.8019803214162274e-12)
(608.70087418325909 -271.09889202239668 2.6303395142087984e-12)
(651.30790072718946 -288.38683604560379 3.268934825694422e-12)
(698.43648130271708 -306.65335231244785 3.2853291108814785e-12)
(749.95128926531845 -326.04288131816213 3.2694685633023977e-12)
(805.64366145862186 -345.52041336675381 3.439863215572844e-12)
(864.84787565205488 -364.65030862960941 4.0591845087197893e-12)
(925.30776002341975 -381.85594472439658 3.134393727659996e-12)
(1000.5110703809434 -412.34628277855074 6.2353201014980982e-12)
(1103.2264039036297 -433.01016337553824 6.2239763757487449e-12)
(1203.5775148730356 -441.14861223408553 5.1457482557736643e-12)
(1298.645027479484 -439.20482822185795 5.2112634904708476e-12)
(1392.8507494129244 -429.25525750138115 2.0238495598035082e-12)
(1496.3812922381724 -410.75120256915568 1.7585255029963985e-13)
(1599.4061577478437 -368.714140729169 -3.0956175754427293e-12)
(1680.3840283221136 -309.92957498517922 -7.1811007325190308e-12)
(1727.8549787651407 -211.7824030460323 -6.7453157907174266e-12)
(50.854141658133621 -14.653712653980561 6.0725377127086343e-12)
(51.098537983957449 -15.797962008543676 3.0277322913631077e-12)
(51.521659100498667 -17.125215125611735 8.0849667344183138e-12)
(52.252328014621298 -18.629081673488596 9.6131486357576265e-12)
(53.155508730621833 -19.755209635364711 3.2592190909205419e-12)
(53.827202049628454 -20.798952138108078 3.2313385407893292e-12)
(54.775507648997966 -21.863446319233852 3.2149884408987697e-12)
(55.719509510733531 -23.05853396368407 8.5052116240956226e-12)
(57.215131797949709 -24.377647750006847 1.0024753857098149e-11)
(58.496445326983398 -25.282013457349684 3.6020011217144181e-12)
(59.370537904107046 -26.274947575698175 3.4176180685663272e-12)
(60.739072046107985 -27.28039247053983 9.8093909046785919e-12)
(61.984837636911514 -28.335389787954885 1.4661221346838684e-11)
(63.493105757217222 -29.395327522108008 2.2653504458612791e-11)
(64.984512098614999 -30.468081845962828 1.6916489963664639e-11)
(66.611929828381022 -31.540611288205717 9.6685494666152491e-12)
(68.244725126836443 -32.599862996643914 5.4967856319545852e-12)
(69.928877634574064 -33.645796206538925 -5.4414777453872997e-13)
(71.595228126955092 -34.672777726098076 2.6194166541928447e-14)
(73.309107190971247 -35.718664485043433 3.8806502187811933e-12)
(75.089058650157369 -36.77243672499808 5.0115510176061413e-12)
(76.926729367347292 -37.849972380253654 7.5891689613553915e-12)
(78.833405254437508 -38.940669382792144 4.7062709552202836e-12)
(80.805477276467457 -40.059383368314847 4.8129662506495279e-12)
(82.851976854442938 -41.196850041513692 3.9604576295280894e-12)
(84.971465301441825 -42.366728263770511 4.12698415270807e-12)
(87.172431181707182 -43.560941889315309 7.8792540077947591e-12)
(89.454641015750994 -44.791872339295395 5.2512894594458703e-12)
(91.826548546910132 -46.052779514554061 5.1156060192682482e-12)
(94.28869282510675 -47.354820060626515 7.2519962308668048e-12)
(96.850050868017291 -48.69261253645297 8.3929774350842527e-12)
(99.511703875766159 -50.076027702393411 4.8220479403480055e-12)
(102.28326578597778 -51.50115375413214 4.7542176331648233e-12)
(105.16658724232965 -52.976979163747188 2.5229136868527602e-12)
(108.17161208178671 -54.500441429710136 1.3953691785721517e-12)
(111.30169822162387 -56.081344932010829 2.7586210960152529e-12)
(114.56696911848501 -57.714881148332893 7.4900671481576375e-12)
(117.97173496457627 -59.414158884693983 1.0576869306269936e-11)
(121.52755286094816 -61.171809023509297 4.4486832594475842e-12)
(125.23953486836938 -63.003197320258494 -4.8660573095250046e-12)
(129.11929032140367 -64.901035924703635 -4.9586923453511653e-12)
(133.17454665166639 -66.880537591268208 -7.9551393085174186e-12)
(137.41794273275931 -68.936333221227756 -7.4951800777549255e-12)
(141.85897643146168 -71.083189321908577 -9.0656813914423099e-12)
(146.50930257097647 -73.315809864036893 -6.084125798604078e-12)
(151.38232468934763 -75.652060141932623 -6.8222470577563678e-12)
(156.49505095228847 -78.084459208129303 -4.7952436036920356e-12)
(161.85565791149625 -80.63511693233221 -4.9824090605911655e-12)
(167.48770739432203 -83.295395719564482 -3.3053108352269439e-12)
(173.40046711198187 -86.087534149195406 -2.7758468228611924e-12)
(179.62200274971238 -89.006739930101006 -3.0357897737022265e-12)
(186.16569094521913 -92.077917189798043 -3.3205104387069678e-12)
(193.06191409447393 -95.293669033621086 -5.6196671440920531e-12)
(200.32092450260663 -98.681240854223987 -7.8174624040932942e-12)
(207.98610398388678 -102.23798937824819 -7.3091538451652549e-12)
(216.07196513182697 -105.99277339505849 -4.5220047660981543e-12)
(224.62407462750718 -109.93934403840662 -4.3889778238382855e-12)
(233.66833074979377 -114.12670756727965 -7.5940442528343471e-12)
(243.24193671994919 -118.52369084132377 -8.2746279888152437e-12)
(253.39683968719186 -123.20524342476986 -1.0232823710085682e-11)
(264.17402508686467 -128.14404665794805 -6.93056608588555e-12)
(275.61404639789805 -133.39357916542028 -4.3433126914432164e-12)
(287.8060079933706 -138.96594751042502 -7.7187708993000791e-12)
(300.78077075760427 -144.89424128025522 -8.4164030691837204e-12)
(314.62504090906447 -151.20899650901444 -5.6745804743006326e-12)
(329.42930075061355 -157.94678048349567 -6.6628588936625932e-12)
(345.27502325405254 -165.13418171447196 -6.7873769551717056e-12)
(362.23977497551556 -172.84492038014952 -6.6062570539579757e-12)
(380.476928016204 -181.0688038614943 -8.1173518801673107e-12)
(400.13487101391189 -189.94195239996819 -1.0233130419078928e-11)
(421.2871085880513 -199.43141393642469 -1.1162345195867058e-11)
(444.14707091136785 -209.68240140085277 -9.795605529187807e-12)
(468.91393511214875 -220.65061966597102 -1.1010232276456778e-11)
(495.82389577541875 -232.63288852198536 -1.121835218199385e-11)
(525.36761965377514 -245.75488110221454 -8.0340160531674929e-12)
(558.67743054906407 -260.55437265030781 -7.9426272888796731e-12)
(596.31404676109116 -276.78942224775312 -7.7180232492914258e-12)
(638.12377818075515 -294.65214432608104 -6.247846551633489e-12)
(684.6055326550179 -313.77642271349043 -5.9577042323275003e-12)
(735.29523958821756 -334.05670491980862 -4.6925309323930965e-12)
(790.36689960540116 -354.72609785458428 -3.4337686488357633e-12)
(848.9179820829039 -375.10254792473575 -2.0433774256195969e-12)
(908.8217343808434 -393.90213401507702 -4.300351026866822e-12)
(984.04873250671608 -426.60765039992145 8.6462468158788731e-13)
(1088.2240761844594 -451.10648052456622 1.7663723904722324e-12)
(1191.2056895808323 -461.96939959085762 2.4227567435137208e-12)
(1289.2638161388843 -461.6355469211436 2.2996391925324724e-12)
(1386.6337835554998 -451.83765001596635 8.7123705511886075e-13)
(1493.6299965346525 -432.29514325707885 2.4340578915271596e-13)
(1599.5947059176729 -387.49151259367159 -2.7225252240392125e-12)
(1681.596301895785 -325.52986493097239 -6.6419238829038794e-12)
(1727.9791381320499 -215.9677055194114 -6.2907658691199368e-12)
(49.327106245009915 -14.30092670980711 1.9681576501895206e-11)
(49.505684580692019 -15.559874798267799 2.5383798650496923e-11)
(49.884036177890152 -17.025510215829549 2.5402491610978491e-11)
(50.595234687814219 -18.705017344066277 2.4963672927406556e-11)
(51.520382034279699 -19.923595656322789 1.7418466181032422e-11)
(52.194438634563681 -21.045366870502825 1.6554779726288453e-11)
(53.16897900823394 -22.176179547206406 1.5254725757388369e-11)
(54.127129986414566 -23.437611650791933 1.596601689918974e-11)
(55.658876970805515 -24.825721798598895 9.753143258302695e-12)
(56.960219135570505 -25.752812745380396 9.3935394336897032e-12)
(57.833263749537714 -26.773210572603261 9.1796933088781973e-12)
(59.215951608779754 -27.802610832163513 6.7506848202645627e-12)
(60.460551052104151 -28.877566867237789 4.7573193727671134e-12)
(61.973035490217512 -29.959215660906718 -3.3410734525351822e-12)
(63.460000536061585 -31.046299950426572 2.5877845940777422e-12)
(65.081886398500927 -32.137134693315751 3.3017071325427737e-12)
(66.70492531726822 -33.20774799879382 1.0918576657316073e-11)
(68.375304017696521 -34.267694494054503 6.3323510823426488e-12)
(70.024769200422369 -35.303316690742328 8.7659167462653159e-12)
(71.717867400519367 -36.361222826786822 9.3163370883304722e-12)
(73.475464062201937 -37.423885948104513 8.6834492115951869e-12)
(75.287077103489381 -38.513542269879238 7.5526985228335787e-12)
(77.166374570055041 -39.614026599116634 1.9805075320655835e-12)
(79.107642253734284 -40.745624501706871 -9.5858430126912589e-13)
(81.122011131681901 -41.89418159200541 -2.1338824051158463e-12)
(83.206206327558419 -43.078216217215996 -4.5660885327515022e-12)
(85.370591085994278 -44.285252422990006 -4.9788188180988403e-12)
(87.613181325800781 -45.531887008620892 -4.3181613951380814e-12)
(89.944059287259662 -46.807518044355895 -4.9667340576674635e-12)
(92.362233285388342 -48.127100765993774 -1.3427991051952181e-12)
(94.878072054725706 -49.481611024993704 -1.7379578418062784e-12)
(97.491444374881397 -50.884760664307471 -5.1654247873825048e-12)
(100.21291461905001 -52.328517977557162 -8.9183353498730943e-12)
(103.04362031587702 -53.826583854297951 -6.355806654325215e-12)
(105.99373990973298 -55.370673043854168 -4.3065584819722138e-12)
(109.06647747730706 -56.976239000835655 -4.7981073213568261e-12)
(112.27208477364573 -58.633240196119324 -5.3600467497510575e-12)
(115.61414814121366 -60.359110574224282 -8.9952700121936305e-12)
(119.10508678444631 -62.142882445102707 -8.1118333028374816e-12)
(122.74854701571103 -64.003798507102331 -5.2141859333303599e-12)
(126.55758593444814 -65.92952353971414 -4.8675908702762166e-12)
(130.53785927180823 -67.941630454438553 -3.8541701513951815e-12)
(134.70357786605291 -70.02758405531749 1.854512288086976e-12)
(139.06261188048302 -72.210427043937642 -4.5424777167221186e-12)
(143.62761971526487 -74.475498518511628 -1.7345563944831966e-13)
(148.4107678224353 -76.850192012255775 -1.890382715803283e-12)
(153.42905594203793 -79.318666403434349 -3.9979491954000077e-12)
(158.69003469994058 -81.911064972227791 -4.0060959957463329e-12)
(164.21785846701505 -84.608975291658552 -5.0504207488535424e-12)
(170.02149349491592 -87.448267715198696 -4.1710202299133974e-12)
(176.12566141043465 -90.407259742366236 -3.0788737058699567e-12)
(182.54692711270661 -93.52858564633803 -8.9713944229536203e-13)
(189.31416057010765 -96.790218484198164 -1.0297735192756553e-12)
(196.43583591589618 -100.23240791580037 4.4763052051634679e-13)
(203.95442217729038 -103.83517770293317 2.2997680057877707e-12)
(211.88868677921141 -107.65416117361391 1.8896847122848272e-12)
(220.27649647744821 -111.65108544469901 -1.0249383818423433e-13)
(229.14492021208682 -115.90641853670661 -2.0801691830857613e-13)
(238.53617179548476 -120.36249008605326 3.3076048711135292e-12)
(248.49385718663598 -125.11866452442922 4.9953703195885603e-12)
(259.0573732215031 -130.12371160821584 7.9557642750686633e-12)
(270.2785235447414 -135.45613970086362 8.402152851063155e-12)
(282.22949177532416 -141.10655787563996 7.2637221645721178e-12)
(294.94641766562688 -147.13160861438161 8.9783118110812255e-12)
(308.51899897397317 -153.52828584160721 8.4461306845982263e-12)
(323.02704964575184 -160.3820384804759 8.0058014621372838e-12)
(338.56180088793968 -167.67886736217048 7.6668740262798749e-12)
(355.17565527171229 -175.50474911749856 6.8311165076308361e-12)
(373.05721391089196 -183.86239422449742 7.0894967192068004e-12)
(392.31964486688992 -192.89519512853153 7.5687565275070921e-12)
(413.0465730508887 -202.54378426745015 7.9186070213700793e-12)
(435.43531181247732 -212.97104093534716 1.104653747025573e-11)
(459.73573473079205 -224.15730160844475 1.0215843898445653e-11)
(486.05743181884105 -236.35952092241718 1.0154533608736653e-11)
(515.02809505767334 -249.78720165332535 1.00948117165891e-11)
(547.65738746838201 -264.88310837313338 8.5024888511020746e-12)
(584.64188008762233 -281.63304972575799 6.5144676561322753e-12)
(625.69591621028303 -299.97329914363308 5.7759293629148008e-12)
(671.37701029850405 -319.82573387106754 5.5279219751934981e-12)
(721.26146234894111 -340.89733704765717 5.2040192529816119e-12)
(775.56332021859077 -362.64166296148164 4.8291165767515226e-12)
(833.40128575988138 -384.1860651916279 3.6352523685728717e-12)
(892.56606749415494 -404.50375947435839 1.9031180683491207e-12)
(967.70099873906702 -439.21602696203121 3.6319964749861656e-12)
(1072.8366937552105 -467.78405802114673 5.1470102100399637e-12)
(1178.3901973109434 -481.7846706858648 4.5745641356068108e-12)
(1279.4797608687661 -483.33426397317271 4.755766959433586e-12)
(1380.2509404858311 -473.76756647725637 3.3920463615065494e-12)
(1490.6504603218664 -452.98416569917538 2.4419019110964722e-12)
(1599.5865438055234 -405.63149403720536 -2.1775899979870271e-12)
(1682.5517615853778 -340.92051338416536 -8.3842919596492011e-12)
(1725.7377672933703 -218.130285597229 -7.367262770972432e-12)
(47.85260999243706 -13.837656905552926 1.3784796175326085e-11)
(47.968164075678509 -15.228478175375658 1.6836603806977496e-11)
(48.302879179156342 -16.861270669524668 1.9005118087686861e-11)
(49.011453071735431 -18.754907551169971 2.2323654001514793e-11)
(49.983826236469028 -20.086130425202448 1.7126182326013625e-11)
(50.675607483113865 -21.295303733868099 1.5005718113385464e-11)
(51.694908082279362 -22.500455754826305 1.5632234923519129e-11)
(52.682126479473894 -23.826129715991424 1.0875506263393968e-11)
(54.264014597790066 -25.283674949247068 1.2556084768628296e-11)
(55.596038798838052 -26.229188120622478 9.3572772801600334e-12)
(56.474259969409637 -27.272286496705512 3.9872727652712847e-12)
(57.878231485957961 -28.322017216429426 -7.1252140347570285e-13)
(59.12700054809013 -29.41042850926544 3.1786962270719021e-12)
(60.648151312842259 -30.510891229858046 1.0269649157014324e-12)
(62.135073831227508 -31.607374496113714 -9.5375915720438981e-13)
(63.754914595142644 -32.713873935966269 4.1691802860711597e-13)
(65.371463929534301 -33.791956977816191 -1.5473804886288399e-12)
(67.030883209948129 -34.863624753039858 4.6642867192679286e-12)
(68.666822652835776 -35.904620129222529 9.8945728864358446e-12)
(70.341991743785158 -36.972773884424335 8.7156450503291677e-12)
(72.080654964099551 -38.041635050118053 4.8865948818642728e-12)
(73.869385591078043 -39.142061251897296 3.2139673087688849e-14)
(75.724963478245726 -40.250106661535149 -1.598136386657126e-12)
(77.639033916267593 -41.393473597686999 -1.7690464804551475e-12)
(79.625385961231075 -42.551165463977931 -1.762198087794946e-12)
(81.678448778099792 -43.74845502553422 -1.3995408491085665e-12)
(83.810852294168669 -44.966618187878417 -2.9836771800107294e-12)
(86.018606246081518 -46.228171448453843 -3.3804913589682238e-12)
(88.313628761532584 -47.516859020516769 -3.5216017084720057e-12)
(90.69333323714433 -48.853366510645586 -4.9158502645689637e-12)
(93.169576498967871 -50.222941657198902 -1.6890118305701851e-12)
(95.740908708814459 -51.645411798839191 -1.4332859988646734e-12)
(98.419079870040889 -53.106088796513667 -1.859109508336169e-12)
(101.20410702069364 -54.625970040578373 -5.6025468972595301e-12)
(104.1071023915659 -56.189102859937293 -3.4588468606511117e-12)
(107.13005427981119 -57.818608270166521 2.2228955508764766e-12)
(110.28436855963106 -59.497397009021377 1.5391677619376459e-12)
(113.5724398298281 -61.249286086058497 3.2719728434908934e-12)
(117.00714046181301 -63.057106388783836 5.4399401232364699e-12)
(120.59145362400145 -64.946185637965144 3.6616215924413754e-12)
(124.33959956038746 -66.898405447609107 7.5926366875505812e-12)
(128.25457541878666 -68.940934857382743 5.6948626024739301e-12)
(132.35265114611894 -71.05473079233235 5.7766743002062938e-12)
(136.64021384937433 -73.271368651366302 9.1275600641203305e-12)
(141.13084623098612 -75.566042318813189 7.8205033715939925e-12)
(145.83473550171644 -77.977090609491441 8.525592638078806e-12)
(150.769110156355 -80.476529410448961 9.0465419529171747e-12)
(155.94154690941903 -83.107822540569927 9.443804385895526e-12)
(161.37752971789112 -85.839234413817437 9.2649812821418107e-12)
(167.08065782611791 -88.720581048251958 1.1137193948017106e-11)
(173.08111232757525 -91.713756771755229 8.8622630336604735e-12)
(179.39045888412164 -94.88088272298539 1.0648182722772526e-11)
(186.03751185805547 -98.177469173397995 1.0180020830975453e-11)
(193.03572804158816 -101.67194474122256 8.6219570946725518e-12)
(200.42101570341765 -105.31133955187458 8.4285798782792157e-12)
(208.20998721645853 -109.18476247478235 8.8440415693974537e-12)
(216.4471357468428 -113.22260420200668 8.526654997436803e-12)
(225.15161876377366 -117.53672008634307 8.2115555391092412e-12)
(234.37244695279975 -122.03872386397505 8.4697463791659601e-12)
(244.14188593023977 -126.86012109295729 7.5979234976376045e-12)
(254.50839391801264 -131.91341753161859 8.168429012850101e-12)
(265.52176840729049 -137.32283043608174 1.0436054007608897e-11)
(277.23803488265315 -143.02404931324597 1.2482010657952997e-11)
(289.71896371393717 -149.1370459556442 1.0806532607003237e-11)
(303.02999787690669 -155.59744811965771 9.3177377249196425e-12)
(317.25637387837344 -162.54305948971884 8.770035723669268e-12)
(332.48405200338397 -169.92362062503994 9.2381427218403801e-12)
(348.78723085270343 -177.85520570282227 9.2012881857892229e-12)
(366.31885644865906 -186.31437535821814 9.5936659784644165e-12)
(385.19325237214844 -195.47346993000008 9.7143513773977624e-12)
(405.50199122965279 -205.24022332425889 8.168935784987582e-12)
(427.47775942340587 -215.83010871938035 5.838777557938847e-12)
(451.30498793988903 -227.19687342184591 5.3135979210670744e-12)
(477.0784836086446 -239.561690304443 2.5580363011362733e-12)
(505.45623652670565 -253.22700541035675 1.6893500418706466e-14)
(537.49553205953691 -268.60024592927289 -3.2799140751361191e-12)
(573.71462223878734 -285.71838590835324 -1.1787494316202628e-12)
(614.09705327681456 -304.52681012653386 -1.2765719477017421e-12)
(658.90281798264584 -324.94610230759827 -2.3388922651622966e-12)
(708.0041707258157 -346.76788553228658 -2.3377270101857553e-12)
(761.37325144981435 -369.39307076099914 -2.3130482066814176e-12)
(818.43331695692098 -392.05169149815163 -1.5329729351012226e-12)
(876.74532145274327 -413.78682518752379 -2.8137889583078092e-12)
(951.53495617285523 -450.20595023639152 5.9512290483890152e-13)
(1057.1110332460507 -482.99718170096611 1.6918768968298498e-12)
(1165.1919462852559 -500.6199489150697 4.5378944605881084e-13)
(1269.3016692516403 -504.28806332763611 1.079040592506052e-12)
(1373.7125703034915 -495.05767690714021 -9.2328255836552264e-13)
(1487.3994457321012 -472.73312434299805 -8.8459489558374751e-13)
(1599.4321534678575 -423.0863290109998 -3.7740723787782602e-12)
(1683.7485150107118 -356.57364885183591 -8.9578537824540428e-12)
(1721.6711727822765 -218.15617300385995 -6.9130553766038432e-12)
(46.446489508922461 -13.314448194728381 1.5422500727633687e-11)
(46.497523533256924 -14.86692157318638 2.1504016983839998e-11)
(46.778215737409603 -16.693997854390819 2.259673306317375e-11)
(47.492560487246813 -18.853509003626982 2.2339385537636625e-11)
(48.532738681054667 -20.313728634834888 1.8098300634773929e-11)
(49.255749442702864 -21.615263036450987 2.4219913903807635e-11)
(50.334542438177628 -22.893511728087578 3.0127831025633156e-11)
(51.362148965809773 -24.271851165062415 2.8943857484177553e-11)
(53.001425161199627 -25.786598140003495 3.0517728557348166e-11)
(54.372329576880524 -26.742357951834261 3.3609286247135164e-11)
(55.260029104343701 -27.798647769016601 2.6283380694378734e-11)
(56.690492212863703 -28.86367889873728 2.5944299794064365e-11)
(57.947445635026128 -29.956206942213218 2.7025128806138667e-11)
(59.480474537349224 -31.071711213053554 2.5582118581566069e-11)
(60.97200170027714 -32.170708491860125 2.2644271728808196e-11)
(62.592795317627754 -33.289765746939047 2.2687425982058448e-11)
(64.207854467057345 -34.370878759314877 2.0898862462498442e-11)
(65.860836371740334 -35.452513348848022 1.9743831523444082e-11)
(67.489340389039128 -36.49659782664272 1.9663034170992476e-11)
(69.152845884390132 -37.574343055871402 1.3152731409834077e-11)
(70.879985707156564 -38.648425102813192 4.4374170743672818e-12)
(72.653627582539613 -39.759904675060376 -2.8489737376193336e-12)
(74.494390926030675 -40.875624632570144 1.8326516217432922e-12)
(76.390778295019828 -42.032111030810647 1.3074417326381386e-12)
(78.359519823013557 -43.199768001873814 1.2883888622031028e-12)
(80.392452487353168 -44.412602401276686 1.285288131713579e-12)
(82.504694328658417 -45.643351010235463 3.9101723948319705e-12)
(84.690106948888385 -46.923006301131871 1.0969163919168919e-11)
(86.962438494350806 -48.22664640293906 8.796175141035663e-12)
(89.317532623665613 -49.583873204560454 4.5930078501163812e-12)
(91.768596735712833 -50.970964548805156 9.3731196164894854e-12)
(94.31285153016735 -52.416855235374364 9.1917287217483495e-12)
(96.96345306536341 -53.897543924604818 5.0773891982293855e-12)
(99.718406579546439 -55.443215299706743 4.8652077247494518e-12)
(102.59103203675069 -57.028697207921894 1.5426514892518338e-12)
(105.58047973074126 -58.686339361973758 3.6090870052892407e-13)
(108.70050128687467 -60.389460102739086 2.3339401849445282e-12)
(111.95133569828427 -62.171972740698926 6.8080366367256667e-12)
(115.3472776668474 -64.005651973931549 1.8138995663473977e-12)
(118.88945487356494 -65.927382316467131 3.5666314287392354e-12)
(122.59315127560936 -67.906492193510047 2.1053355006716822e-12)
(126.46049067679725 -69.983899192876763 2.0654268145700605e-12)
(130.50781031322566 -72.125350544720988 6.1164277610719481e-12)
(134.73954179858987 -74.378412535000223 9.2985559516410581e-12)
(139.17222004663188 -76.701131111051296 1.0618993241145757e-11)
(143.81247508505211 -79.151587769389735 9.7579021538554673e-12)
(148.67904621123682 -81.678137399299843 9.2833635396290411e-12)
(153.77783241160037 -84.350513620709805 9.2561655513843776e-12)
(159.13469039610177 -87.109207072649909 8.890844781801533e-12)
(164.75305045542066 -90.033907571464994 8.6875622042953012e-12)
(170.66314376522487 -93.054389760774086 7.4309110557131262e-12)
(176.87206582905657 -96.266602736317694 6.419398347847225e-12)
(183.41387613707772 -99.588376956139328 5.6589644989572376e-12)
(190.29636106654874 -103.1323405573536 5.5912530715494183e-12)
(197.56160975061451 -106.79821022662324 5.1751337100305291e-12)
(205.21685270220939 -110.72241616860761 6.13746568903984e-12)
(213.31404755947537 -114.78799755125986 4.4570032052433536e-12)
(221.86375177828069 -119.15506992455846 4.6802818481495943e-12)
(230.92357995364156 -123.68682152203472 2.8007247451782415e-12)
(240.51415889199117 -128.56631322510123 -1.0142090936979616e-12)
(250.69596922841964 -133.64984831089782 -2.4286324863032362e-12)
(261.5041569355638 -139.12686158744756 -9.1684162775239804e-14)
(273.00684813199325 -144.85885191226987 1.4995666972682004e-12)
(285.25066863425133 -151.0469820402401 2.951000149699939e-12)
(298.315090892049 -157.54671586415213 2.347631311328922e-12)
(312.27043965910303 -164.5747426888833 2.8587111028579061e-12)
(327.19972172846974 -171.99904924444715 1.0151884595414623e-12)
(343.20662508423266 -180.03407966636763 3.0055342763259229e-12)
(360.38919295738145 -188.54987130348385 2.2296216220158681e-12)
(378.89489565599047 -197.81587207232732 7.218734450753671e-13)
(398.81316359169085 -207.66535603466528 2.786090271140194e-12)
(420.36923549674486 -218.38814784578071 2.230911946743573e-12)
(443.71753530482579 -229.87075210917237 3.582764759187495e-12)
(469.00326311378166 -242.39404573204237 4.8635517494829532e-12)
(496.79049498950354 -256.20310890039366 4.3830337134810434e-12)
(528.23000018098344 -271.82027975321978 4.4955198521654637e-12)
(563.6850719617704 -289.16929950627662 4.2929304094857767e-12)
(603.36313739231502 -308.40767694443315 3.382666637145643e-12)
(647.28173937977328 -329.24143917158568 4.7016600691623635e-12)
(695.54185092182092 -351.74973123811941 4.6737973799126732e-12)
(747.94791988771897 -375.09502338217249 4.5240990521720522e-12)
(804.10721417870832 -398.81497162858136 5.9482182873280721e-12)
(861.47878935772474 -421.81430835855156 4.6493827131970831e-12)
(935.7567136261614 -459.64977440765858 7.1001380354605823e-12)
(1041.2987053886079 -496.79898879580338 5.6103821546842856e-12)
(1151.7647140036629 -518.53574098592355 3.4806910389449884e-12)
(1259.0353843319488 -524.61800592615862 2.1420617470518375e-12)
(1367.2318917228695 -515.79247344773296 -1.2303832340266923e-12)
(1484.0750157367722 -491.528215406931 -1.5535760875515391e-12)
(1599.0277522270355 -439.73447653417037 -1.6083805202096308e-12)
(1685.173686011108 -372.71199102657363 -2.5450893693111696e-12)
(1718.6250124157598 -216.83639388611124 -1.8864998789935222e-12)
(45.144901477944288 -12.682288027670314 1.8723300173589205e-11)
(45.14772241090035 -14.413683636081782 2.0595069137320052e-11)
(45.380029024137933 -16.479758252692825 1.4994747294428255e-11)
(46.129727543925789 -18.973393088974248 1.3600299027271424e-11)
(47.287037127996136 -20.614460147776128 1.1093496759704122e-11)
(48.072727660114353 -22.024874066384925 9.9786019284598677e-12)
(49.24183311599441 -23.39438389633457 6.430618890745488e-12)
(50.337577227036881 -24.819744012977822 1.0100534937116442e-11)
(52.053441597469259 -26.394419362401958 9.7194888460099347e-12)
(53.4786572086321 -27.356360189236511 3.243576492865856e-13)
(54.385881363725204 -28.422236849974354 5.2038358115806895e-13)
(55.852868785627273 -29.503162531101594 -8.4798288344726041e-12)
(57.128647493353093 -30.596358354915392 -7.8288403984773106e-12)
(58.680063359825361 -31.7282583981603 -9.5144685481249665e-12)
(60.18506353665741 -32.829172020263549 -1.0137693151688926e-11)
(61.813187512802727 -33.962331543317141 -1.3516256990464157e-11)
(63.435135038711458 -35.047707767216203 -2.2619110048314833e-11)
(65.089254152056668 -36.142411150794118 -2.319197373301098e-11)
(66.719731146954018 -37.19186811633891 -2.5942558920404911e-11)
(68.380660201997415 -38.283958462366073 -2.6729623308523747e-11)
(70.107097967739534 -39.36673468821742 -2.9945861359883039e-11)
(71.876458912861395 -40.495309906535468 -2.9097339464554345e-11)
(73.71481402060212 -41.622889733833304 -2.1314252344348543e-11)
(75.606149112186912 -42.799606980549918 -1.742181088719459e-11)
(77.571597244583458 -43.982079269524732 -1.7242281043914345e-11)
(79.598882005256939 -45.218254023258453 -1.6710150030500187e-11)
(81.707173554536652 -46.467185506193807 -1.4656067140778704e-11)
(83.886584570736488 -47.773223001857417 -1.5631072993005006e-11)
(86.154407638377307 -49.098087891648873 -1.2057753086073481e-11)
(88.502807765077804 -50.48445662106306 -5.5024481607519577e-12)
(90.94833632565377 -51.895792089138816 -2.0608153237824098e-12)
(93.484932596638984 -53.373466913878161 -5.7503853653694866e-12)
(96.128549737899291 -54.881041201499912 -1.6580661484796707e-12)
(98.874281803987145 -56.460659862717094 -6.541381251956342e-12)
(101.73754003206697 -58.074965234696322 -4.5384690873445595e-12)
(104.71491990580171 -59.768504256867949 -3.0605522322809164e-12)
(107.82200823748279 -61.501902435929196 -1.9119397674902509e-12)
(111.05679000990608 -63.321800786019885 -6.8287473855228785e-13)
(114.43498097615004 -65.186761549716067 -1.1677259725912093e-12)
(117.95589497690325 -67.146541915878188 1.8701051132994644e-12)
(121.63574562464672 -69.157241688826261 5.3734722346998884e-12)
(125.47496450799463 -71.27292393726357 2.9296713979149539e-12)
(129.49063454956797 -73.445988707200783 6.1662737572232512e-12)
(133.68596759108999 -75.737474137524956 2.2675838945848207e-12)
(138.07717813971476 -78.09003599716111 1.6400431352167783e-12)
(142.67043420128579 -80.579827217672829 -3.4867346436523245e-13)
(147.48485134007194 -83.133844970259133 2.4225751275875227e-12)
(152.52434317950875 -85.845801588664543 1.879235623873127e-12)
(157.815501524891 -88.629339897440005 3.9995874058622967e-13)
(163.36028729117865 -91.593404005760348 3.4345932996553e-12)
(169.19093113850951 -94.637297226053207 5.6420581064277637e-12)
(175.31074382086925 -97.889374831438573 5.2077704793399715e-12)
(181.75600601588744 -101.23119849205621 4.747478034272569e-12)
(188.53134791429545 -104.81594772807277 3.6283581227142756e-12)
(195.68234022647249 -108.50022724594956 1.5714164771071232e-12)
(203.21165936555954 -112.46683386836493 -8.3924287277154535e-13)
(211.17438571119777 -116.54951935150248 2.0002482762979121e-12)
(219.57638583206534 -120.96056193646021 4.5493871469949609e-12)
(228.4795352831342 -125.50890092297203 3.1912213720473536e-12)
(237.89832821469696 -130.43615967692415 2.2737393135574635e-12)
(247.89889645972639 -135.53519492262089 1.7471834319416708e-12)
(258.50838533407926 -141.06632872082017 5.7380190559290259e-12)
(269.80115978714247 -146.81430572190325 7.5247922270850638e-12)
(281.81595924251985 -153.06215293900905 8.9294322677021647e-12)
(294.63826819496501 -159.58207852824393 8.8420463223303309e-12)
(308.33035019664044 -166.67940694425457 6.8904179729056179e-12)
(322.98019555878574 -174.12644771489161 4.9606482826806088e-12)
(338.68343511109418 -182.243204629807 5.5498043828055918e-12)
(355.54107067403243 -190.79453817508977 6.1876271288646051e-12)
(373.69353486933858 -200.14923486381065 8.8771573589520424e-12)
(393.23390610358814 -210.04934014217952 8.5890242223299976e-12)
(414.3844107240198 -220.88240171835869 8.5544012304361315e-12)
(437.26726302088758 -232.43002427238355 5.7641343707700464e-12)
(462.08005475586867 -245.08954871254784 2.8858620774473689e-12)
(489.32363689154079 -258.98842256611545 2.8269458727974687e-12)
(520.14177934714428 -274.79236009457992 1.5573133585257028e-12)
(554.84438082087411 -292.25763637311593 3.0296296094985122e-12)
(593.74672112763892 -311.81966551925416 1.0607516438198142e-12)
(636.75477954972212 -332.91465983266579 9.2285308108468465e-13)
(684.05212997465787 -355.95088674006894 2.2138340641300058e-12)
(735.43875856583873 -379.8244729202745 2.5745537853214312e-12)
(790.51608299271834 -404.54046223634907 3.4539528126313669e-12)
(846.93157109308868 -428.58079007326097 2.1788419800343532e-12)
(920.39495760982106 -467.50200312310443 5.0718745660133746e-12)
(1025.3895829135154 -508.94175728138674 3.6588450253758517e-12)
(1138.069078036792 -535.46065234877483 3.4352462710637946e-12)
(1248.4665767544845 -544.25807269224265 3.1257729787094967e-12)
(1360.800875456554 -535.96894573023349 2.7019890876349667e-12)
(1480.7261684190851 -509.37275617193342 2.1703678057040478e-12)
(1598.3288337082015 -455.4581562471995 3.4202131634166617e-13)
(1685.8612898021058 -389.02921016067296 -3.2927116723173464e-12)
(1717.2158125520034 -214.55282211551062 -3.2251270656747187e-12)
(44.085721404464849 -12.069292840425302 1.9313155035800643e-11)
(44.042681845690858 -14.055435650866531 2.3605414511722938e-11)
(44.192717213244158 -16.377725856298312 2.5687555325026474e-11)
(44.972404435097481 -19.297706562829564 1.4156780562886922e-11)
(46.262891191000548 -21.156694429615538 1.0557907072878731e-11)
(47.129273922885837 -22.679337786284055 1.1399007306394023e-11)
(48.398499793541305 -24.127052013184453 1.6220768471129572e-11)
(49.568832735595137 -25.567102067697597 1.2584313371963557e-11)
(51.360885510731421 -27.163637884593534 9.814387027048779e-12)
(52.851654394305783 -28.125582914193526 6.446141227006958e-12)
(53.786370920084103 -29.185828853259476 7.1441835000964396e-12)
(55.299679232964898 -30.282584367366415 1.6167099030207763e-11)
(56.607530952863563 -31.367957716656413 1.5736132023110065e-11)
(58.190454673229375 -32.518287116153168 1.8415895404215182e-11)
(59.726968278266291 -33.621265359890089 1.5637388759682408e-11)
(61.381888538354431 -34.774900430536455 1.6309973567320712e-11)
(63.03420731118382 -35.871458912548839 1.0726318812245308e-11)
(64.715200672548463 -36.990221574838813 1.6204274205943246e-11)
(66.376024721794209 -38.056419500453096 1.5709868776334623e-11)
(68.065212554521352 -39.176545252711648 1.6286407399165381e-11)
(69.823784070405452 -40.282728894704178 1.940063025125658e-11)
(71.624186414610392 -41.444069991010949 2.018674886646499e-11)
(73.497144883258969 -42.601407732106381 1.954702164707058e-11)
(75.422068157979993 -43.815796688988613 2.0169189111290072e-11)
(77.424346119005037 -45.032668872701699 2.3024628884792037e-11)
(79.487340340695738 -46.311052527824167 1.8814094556192323e-11)
(81.633890789914076 -47.598768390178968 1.5777539591616173e-11)
(83.849979394675955 -48.950842445033885 1.2286415673166918e-11)
(86.156342867447165 -50.317492649187813 1.2869692533911119e-11)
(88.541343659361033 -51.752829780688913 1.0621671231183478e-11)
(91.024262733648797 -53.208159430122961 1.0328697441083516e-11)
(93.595692950233484 -54.737215454237536 1.0667353297777176e-11)
(96.273727504352266 -56.289431947071471 8.7583860618815895e-12)
(99.050561259396261 -57.921505615684119 5.7182842369610573e-12)
(101.94332859083329 -59.579578482621244 6.7472815373343522e-12)
(104.94582449101735 -61.325862897526065 7.1243400535208668e-12)
(108.07537749144386 -63.101237179376547 1.0317734050193586e-11)
(111.32708459467588 -64.973280847314896 9.9184661449919235e-12)
(114.71907535646643 -66.876879698052122 9.2968472889099915e-12)
(118.2471592039373 -68.88822281148245 9.5656218991451428e-12)
(121.93001629936101 -70.932656008072499 8.1730322842220743e-12)
(125.76548166032806 -73.098929349169453 6.6620604666509541e-12)
(129.77128202491795 -75.300327648954664 5.4091668334289125e-12)
(133.94964308593623 -77.641787376064286 6.0367277133657965e-12)
(138.31658793588895 -80.015263670457543 4.822335073828002e-12)
(142.87707760152085 -82.555057804801748 7.1287816248137155e-12)
(147.6517120344549 -85.121776630899049 9.7999848741679609e-12)
(152.64250823693655 -87.883314929008833 1.1407488350712555e-11)
(157.87645751463063 -90.673123865820756 8.0739378100597596e-12)
(163.35506374434638 -93.685464275071979 7.9629481374815002e-12)
(169.10971119683691 -96.729032867521767 8.8723021178282093e-12)
(175.14449884656807 -100.02962190971861 1.3890702074019594e-11)
(181.49440633063654 -103.36357001931299 1.5642474015828082e-11)
(188.1644679478016 -106.99896595350019 1.3542211551097919e-11)
(195.19926634284076 -110.669053412835 1.2481643986913902e-11)
(202.60277209420894 -114.68761128711557 1.1478139616217523e-11)
(210.42763429461257 -118.75166206973066 8.707402559168678e-12)
(218.68213418089377 -123.21784045559217 9.626205425531631e-12)
(227.42424640632734 -127.74361488951219 9.0189066153528959e-12)
(236.67146631847373 -132.73059854232272 9.7424342331428036e-12)
(246.48621173633126 -137.80355927990519 9.1177369836168711e-12)
(256.89867993286958 -143.40175858823108 1.102057857461745e-11)
(267.97855027939818 -149.12183577021497 1.0231754898550238e-11)
(279.76884104241276 -155.44425800612237 1.0856034442829097e-11)
(292.34799005913413 -161.93917502746211 1.0794036828487665e-11)
(305.7844042672109 -169.11988835578518 8.8940147971752803e-12)
(320.15709862530616 -176.54610939429998 8.8966730950968628e-12)
(335.57092165098021 -184.75870091212161 8.9559406224838045e-12)
(352.11188016504008 -193.30127831087799 8.3517965547017774e-12)
(369.93497874978448 -202.76468047162049 6.8479701399356204e-12)
(389.11473330819143 -212.66775273386349 5.6782009868909397e-12)
(409.89241291555123 -223.63906064130754 6.4635618858705885e-12)
(432.34102877799745 -235.19496767750502 6.4031361336822375e-12)
(456.74419458023368 -248.02752311046905 6.9894196808842447e-12)
(483.47321126435872 -261.95389793580944 5.0236691412588974e-12)
(513.73249414697443 -277.97045493492573 6.2106631673760737e-12)
(547.77564643230062 -295.49608114642558 5.0988572458533129e-12)
(585.92203301849975 -315.34791762968695 4.9090282769515303e-12)
(628.06090059589962 -336.57889240086524 5.2528967200827825e-12)
(674.40151100711239 -360.06870922846753 4.2736425710861136e-12)
(724.66798464411352 -384.20291780069817 3.2995434505743096e-12)
(778.53106478872724 -409.78018252751127 3.7370330969007801e-12)
(833.99254186832638 -434.50933835426412 2.0600336044988012e-12)
(906.29379865920021 -474.46816416817023 6.3682619193827688e-12)
(1009.8297662474387 -519.25164937501359 6.2811994498127252e-12)
(1124.3759916399645 -551.00166793207109 5.2060527816627104e-12)
(1237.6571137139915 -562.91685119128067 4.7756094271265834e-12)
(1354.6789731294186 -555.77613965948751 4.315548458964805e-12)
(1477.0380281459268 -526.06685807760061 3.8474150115147747e-12)
(1598.1456916285772 -470.62183918851588 -8.2971302736390098e-13)
(1684.9403450398852 -405.04327964941967 -6.5059502088321898e-12)
(1715.2182633770119 -210.74869675876812 -5.3724217574282803e-12)
(43.412714132510111 -11.369100556703057 1.5796699505204993e-11)
(43.383176846996193 -13.620904177331337 1.8652611051200153e-11)
(43.519070999138208 -16.285907788195136 1.2620115232817663e-11)
(44.392422942564153 -19.762453867090269 1.2864667493470654e-11)
(45.914884883778221 -21.984395019208847 6.1526445198779095e-12)
(46.927603549681542 -23.672310504998059 1.2465544052681299e-11)
(48.35185503102079 -25.246751775513594 1.0054504373040723e-11)
(49.656857526253134 -26.709659199380294 1.185527200880197e-11)
(51.552798873196544 -28.351375081609717 1.2208716231049172e-11)
(53.138982497824237 -29.315527976566852 1.1641607442329629e-11)
(54.133363848841512 -30.386452321482821 1.1721412003138721e-11)
(55.720113479599121 -31.516430196224512 1.4731443347045936e-11)
(57.096774731494214 -32.614567828329676 1.1026043731952509e-11)
(58.741731466775946 -33.804533030775303 1.313728005858517e-11)
(60.348268468951169 -34.934699922333238 6.9218480470453239e-12)
(62.066135542922666 -36.13361642572454 1.0861636469837306e-11)
(63.789524635362469 -37.267858331556681 1.6953263173076383e-11)
(65.538430589899065 -38.438738951941154 1.5318339257321231e-11)
(67.27450744422103 -39.548814787751787 1.52244108134485e-11)
(69.036949221770001 -40.728031772814731 1.1623102643152439e-11)
(70.875497769233647 -41.884729343114969 1.1397292875976307e-11)
(72.754169764300457 -43.111473807526366 1.134936678309637e-11)
(74.710061492844446 -44.323726546031793 6.7288634000844601e-12)
(76.71709190515918 -45.608498172584838 6.6749430463401167e-12)
(78.804245208243287 -46.882839356036747 6.0280035032344638e-12)
(80.950072222095272 -48.233808948404345 6.9343545731014909e-12)
(83.180690515751508 -49.580812355351753 7.2272303322192223e-12)
(85.478918190033994 -51.006540069634831 7.5683823580080997e-12)
(87.866341747195705 -52.432238531536278 7.7795594322085362e-12)
(90.329602545394067 -53.940033950642373 2.5215357667333631e-12)
(92.887299522183838 -55.452497006341844 2.521712545190803e-12)
(95.530680473490705 -57.052195012103219 2.0693426477514534e-12)
(98.274721584630001 -58.658068171889369 2.0702351301736176e-12)
(101.11451880723459 -60.35687217822521 2.2115767321304615e-12)
(104.06182923828787 -62.0633090429587 3.9501764881236082e-12)
(107.11582879916563 -63.871708815381126 4.4945362865230898e-12)
(110.28613846358044 -65.689597724251101 2.678397916865648e-12)
(113.57632017108823 -67.618159926728268 2.7165837125364657e-12)
(116.99407865075925 -69.559198716913585 2.3727168487660455e-12)
(120.54219319177454 -71.617129986709557 2.4222742662294544e-12)
(124.23736422434118 -73.695358911536587 2.1252415866224886e-12)
(128.07418071269876 -75.900038937419367 3.1480539317653862e-12)
(132.07631438502699 -78.129713854267365 -9.1311727040957179e-13)
(136.2340709332525 -80.50134916901419 -1.2521014669137074e-12)
(140.58120723599654 -82.896884846958557 1.0947477285385996e-12)
(145.09646317163276 -85.457736159050242 3.1054578126272472e-12)
(149.84071190822934 -88.045425516708391 3.5186072889692975e-13)
(154.76061386633322 -90.819459908011197 6.9418916739435752e-13)
(159.94717930750483 -93.624321280358387 -8.6081614295970168e-13)
(165.33194976196833 -96.644459960534959 -3.5527949061300415e-12)
(171.022998806896 -99.698698657117461 -4.1647552946398917e-12)
(176.93953372081759 -103.00308457331504 -5.0439439175990881e-12)
(183.21010874998308 -106.34404781081217 -8.6140755920755131e-12)
(189.7317214534593 -109.97622092566918 -5.7032284992489932e-12)
(196.67707615560843 -113.65482695988506 -5.2860986536643773e-12)
(203.90820307314505 -117.66936218804973 -7.2679203221324186e-12)
(211.62879067067274 -121.7415737866947 -7.6961157284513861e-12)
(219.68061598405023 -126.20067642368492 -7.7926030451924052e-12)
(228.30444100218855 -130.73642678313325 -2.4922601979561658e-12)
(237.3180651425732 -135.71491860707746 -3.9091178337831101e-12)
(247.0030275886414 -140.8030261453886 -1.0477925500592571e-12)
(257.15009810315507 -146.39344147126874 1.0071468811821441e-13)
(268.0910978654494 -152.13890091799186 -3.6409489945345663e-13)
(279.57912227895605 -158.45275259686679 -4.5320710301195843e-12)
(292.00349487038682 -164.98355118694948 -5.8645170461347551e-12)
(305.10216283284268 -172.15987906527249 -6.5152804075437506e-12)
(319.30486091672702 -179.63707014302065 -3.6209277855046125e-12)
(334.33811197358483 -187.84895032393246 -1.3890514184165655e-12)
(350.69017057151939 -196.46508470329161 6.004643462679771e-13)
(368.08904572177039 -205.93612642707586 -5.4668634074190032e-13)
(387.06250071149412 -215.94069735545554 -1.4043416615256406e-12)
(407.35778240935753 -226.93332799454288 -1.7788501980942425e-12)
(429.59063198186038 -238.63058542156415 7.8653357891694872e-13)
(453.44356997942424 -251.50085865578134 2.723551199170406e-12)
(479.91794710630933 -265.60110124104972 3.0663193182816482e-12)
(509.48772382751048 -281.6778878820403 3.9787932314004208e-12)
(543.18341868383834 -299.45038462204843 4.0145174710215798e-12)
(580.4486260533547 -319.4232696588129 4.1429728850254186e-12)
(622.11693442907529 -340.99557790794586 5.8645818258274454e-12)
(667.35045081239468 -364.746467513612 4.5483513185609955e-12)
(716.98484865359774 -389.35077597805969 4.5091113409607721e-12)
(769.49530477881922 -415.49823408201325 5.3260242812849595e-12)
(824.45281567311804 -440.92462890437793 3.5695679303710519e-12)
(895.09956127055659 -482.03861228603813 9.9956551554016092e-12)
(996.63412538435932 -529.30019250180464 9.9476596229130579e-12)
(1111.8548195834505 -565.25478120502589 7.6127782478552253e-12)
(1227.156343329453 -580.06103319719966 6.7861208849675989e-12)
(1348.9657894146176 -574.70382395550109 4.9921731562463206e-12)
(1473.7422337299693 -541.50417436674275 4.1302795170698907e-12)
(1599.2138327452808 -485.92261989251028 1.0136273342907903e-13)
(1683.0822512333118 -420.85127080673522 -4.2544367648187496e-12)
(1710.0218947570202 -204.16343569901645 -3.8133682423068464e-12)
(43.954432080214474 -10.926249732353504 1.8168597004566278e-11)
(43.950618339651676 -13.817282637534392 1.4336701990896176e-11)
(44.015579767737428 -16.801682021996637 7.7318125238907466e-12)
(44.981255923265714 -21.012160335184706 6.6927715225302177e-12)
(46.705003247145086 -23.704281477544889 1.3467297939169867e-11)
(47.851498154165284 -25.573840682536236 8.9249302758006496e-12)
(49.387111672221415 -27.239125176851388 6.9251657714765386e-12)
(50.792800952654815 -28.637432871911702 5.0489532897614521e-12)
(52.802224599237704 -30.23023723850671 -6.4451600980406705e-12)
(54.551790385103168 -31.237035397285265 -6.986010617500518e-12)
(55.679191137310902 -32.331906175470479 -6.8250424006906772e-12)
(57.417330340885464 -33.538260479566048 -2.4191731911720332e-12)
(58.954849434283204 -34.682749967545028 3.0104082691183368e-12)
(60.756908924205888 -35.962228475917087 4.4133714841779884e-12)
(62.534140361152275 -37.167727823778996 2.2423036664283845e-12)
(64.419904140958025 -38.467769305876153 6.6343376787118264e-12)
(66.318023794044024 -39.692925226819256 1.1121904752572524e-11)
(68.240172301397152 -40.973815450222538 7.488866913748779e-12)
(70.1508781382107 -42.180239061611822 6.991124240108148e-12)
(72.087899043888072 -43.471491731007035 7.3662191046802263e-12)
(74.098871941047165 -44.727317757349724 6.1267046713120039e-12)
(76.150742353437082 -46.064897133414014 5.7909300429646446e-12)
(78.27320915936869 -47.376863897841567 2.3054461311200943e-12)
(80.445775268478698 -48.769506920936415 1.6416498339794857e-12)
(82.689676409963823 -50.138809744698172 3.0544680535387725e-12)
(84.989691977269686 -51.591774578440052 7.1353417093592012e-12)
(87.363235854713423 -53.026823217434305 7.189985764344852e-12)
(89.801332440464577 -54.548487495154383 7.2354062697534309e-12)
(92.314787948781856 -56.051784844919553 1.1638004362650103e-11)
(94.900817310126442 -57.647977101416849 6.425607238586157e-12)
(97.564397131998049 -59.225793104997997 6.3332334719898894e-12)
(100.31101617925594 -60.906192660697066 2.655393827271847e-12)
(103.13976738964233 -62.563927154231564 2.2004269680480813e-12)
(106.06227478229506 -64.336191818400067 6.062686542025195e-13)
(109.07138632555808 -66.079035047013917 -6.7878918626377505e-13)
(112.18660664778497 -67.953706618974195 2.9895614638744976e-12)
(115.39515700181296 -69.793002424823669 3.413646422495008e-12)
(118.72433764274936 -71.781368802741952 3.765702900361732e-12)
(122.15427710492759 -73.729212632969549 2.2282724842000534e-12)
(125.72263973161719 -75.839436529572112 -3.6274359884562521e-13)
(129.4017091184754 -77.910584369952645 -1.0619098084503701e-12)
(133.23886472183031 -80.159913116091886 -3.0654280709081302e-13)
(137.19964325531052 -82.373013401267912 2.1876504800520586e-12)
(141.33903325269887 -84.781385536160712 -3.2766819367191585e-12)
(145.62331235296617 -87.154116877488278 -5.9669435065747373e-12)
(150.09796846772201 -89.740651653978489 -5.4933597672790043e-12)
(154.75399266453965 -92.299669533676521 -5.0201451919172053e-12)
(159.61646459848942 -95.093877090631523 -3.3849966365436143e-12)
(164.6958224520809 -97.865890679554155 -4.5717285375358966e-12)
(170.00247216484922 -100.90066035289446 -7.1222484418121303e-12)
(175.56558838411479 -103.9169452164647 -6.1588949614662539e-12)
(181.38450866379873 -107.23192034158463 -8.4425821103356781e-12)
(187.51270573309731 -110.53618957797578 -7.7812277871275824e-12)
(193.92070948405711 -114.17590291483234 -8.3963109470390564e-12)
(200.70651286956391 -117.81972408526599 -1.0815940460770234e-11)
(207.80345409043889 -121.83869259247332 -1.1670505625647045e-11)
(215.34981096491271 -125.8794013980345 -6.8345205306985395e-12)
(223.24764347590741 -130.34008975182613 -3.8632881017041042e-12)
(231.68519208498262 -134.85204033979556 -6.1823813300341555e-12)
(240.52570500386685 -139.83089631122704 -5.8846180952831109e-12)
(250.01387429535825 -144.90671521125842 -2.6861888053572954e-12)
(259.96756544867793 -150.49665246654763 -6.9133345988628797e-12)
(270.70248952319179 -156.2461692360703 -8.7307553446189106e-12)
(281.97770530572637 -162.56035949563034 -1.3337648629638407e-11)
(294.18697890604705 -169.11397019052049 -1.4871970026827331e-11)
(307.04826316869946 -176.29290196468838 -1.6247469641391063e-11)
(321.02521337267802 -183.8152321212655 -1.444219038571531e-11)
(335.79587087602465 -192.03464945969048 -1.2652208439852205e-11)
(351.9076458933452 -200.7236223615395 -1.5445874015749731e-11)
(369.01516466011833 -210.21083211447331 -1.4921200429012148e-11)
(387.7356118016956 -220.32315510625904 -1.4884446936664622e-11)
(407.71181223456972 -231.35096796847805 -1.4827562570701431e-11)
(429.67449329133757 -243.20035260940696 -1.3113275319765561e-11)
(453.18063212751542 -256.1310523869476 -1.1191066126852802e-11)
(479.36713113628116 -270.4241001419623 -9.8641728478312314e-12)
(508.49889839071221 -286.58754635043084 -1.0482634698540034e-11)
(541.79935198095882 -304.61533017616904 -9.7653749376136728e-12)
(578.50041247188028 -324.75625689567386 -9.4502144776793904e-12)
(619.67191143309174 -346.69160319852432 -1.0485590745052408e-11)
(664.14257114200541 -370.74620965986099 -1.1083976470201426e-11)
(713.22010004314734 -395.91413160549536 -9.8973018253096952e-12)
(764.71616626786511 -422.61804547679759 -9.063547670218228e-12)
(819.45466563460081 -448.90087623364593 -1.168746022436964e-11)
(888.61186736891136 -491.34385132056713 -6.3797853539011207e-12)
(988.26340194489285 -541.41431073446051 -5.5024871916048607e-12)
(1103.7171520027659 -580.98520326450489 -3.5496340064170422e-12)
(1219.7546001029589 -597.33140951753353 -2.3077141001495097e-12)
(1345.4486070802398 -592.99327983799662 -2.7175031391638151e-12)
(1471.2054165354216 -555.59426466223999 -2.9231600271145902e-12)
(1602.1959283013555 -501.09918460931686 -3.405266864579019e-12)
(1681.3788845170607 -436.17939751940958 -4.9551638263873029e-12)
(1706.5716139257897 -195.48401774217368 -4.6992816977132991e-12)
(46.405524163018292 -10.587489155821672 -4.279637472958937e-12)
(46.647582811448842 -14.222384437891506 -2.74443177177283e-12)
(47.234812996295851 -17.923787810508369 -2.2419997622496686e-12)
(48.594610999969269 -23.221817416511705 -2.5851610429607375e-12)
(50.75686413531475 -26.796919117171193 1.6145142281215003e-12)
(52.23945825379117 -29.109737687887932 -2.0715062380410167e-12)
(54.0197902016142 -31.077082218693157 -1.6382012685386882e-12)
(55.751293891470304 -32.619857577348654 -8.0946517475765852e-12)
(58.050423652844415 -34.372649341716631 -4.0864859201768653e-12)
(60.041647610115888 -35.470857004976452 -6.344445522278873e-12)
(61.421961106929686 -36.68248463461434 -1.662207337172047e-12)
(63.384955573894459 -38.019177651975063 -2.038350880407954e-12)
(65.178086892262741 -39.284439511280219 -2.1736415227206869e-12)
(67.20523885900586 -40.702097264510115 -2.6558127274186831e-12)
(69.21760110161182 -42.030995851427008 -1.9218460318204431e-12)
(71.322221842039013 -43.46910495568563 -6.2043666759679134e-12)
(73.434079088885639 -44.81025956788892 -6.176440168869035e-12)
(75.55816831768729 -46.224243782874737 -9.5440685385814039e-13)
(77.666605219855455 -47.535493250238531 -1.627699035340227e-12)
(79.788808044694463 -48.950292911383777 -1.6008517961420882e-12)
(81.978504438263244 -50.294569488791971 2.3347974001983212e-12)
(84.197998347767651 -51.74939236139641 2.6786009614339097e-12)
(86.471440728788551 -53.127583644807778 1.7725788559888563e-12)
(88.792054320267852 -54.629013311941037 2.4563843521551902e-12)
(91.162682217251685 -56.046572813540685 -1.7684498602504122e-12)
(93.587940762222317 -57.596212763497263 -2.4140709459656545e-12)
(96.060086880286136 -59.061618810023134 -1.1899481957056215e-12)
(98.599722944093529 -60.667641061042076 3.2452159139051059e-12)
(101.18730370945858 -62.185599506169865 1.5580729205766831e-12)
(103.84983777932128 -63.853088999145953 -1.2659998109395538e-12)
(106.56168891972369 -65.429456357116166 -2.305522877150664e-12)
(109.35877871968286 -67.16947246689341 -3.3468683658891574e-12)
(112.21073307653766 -68.811337555304661 7.6796905515107619e-13)
(115.15681181200954 -70.629751957861643 1.7199858911841153e-12)
(118.16845049295159 -72.344998444334621 5.6069902124965324e-12)
(121.28178808736625 -74.255532190539498 4.9545918874542689e-12)
(124.47064883207487 -76.055663739476685 3.0744337038380453e-12)
(127.76966432200774 -78.067685281217777 3.9352777174601615e-12)
(131.16111770323013 -79.966099434667399 4.4276829261308177e-12)
(134.67947593530695 -82.095969154514435 4.5981602836067143e-13)
(138.30207274195863 -84.107605323136838 -3.6877648752258207e-12)
(142.06709439491809 -86.370308647350754 -4.9341489920503978e-12)
(145.95026747247178 -88.513305238508963 -5.9337705245170973e-12)
(150.0004855306903 -90.93250980895219 -5.4021284778816013e-12)
(154.19147429030588 -93.231952620335221 -1.0307063061595683e-11)
(158.5601290594476 -95.823817407067224 -1.1627015447065487e-11)
(163.10390284103468 -98.303121856810947 -1.304850151973646e-11)
(167.84323316070902 -101.09942724401125 -1.2655073538511674e-11)
(172.79688964219878 -103.79109669490302 -9.5953424765671357e-12)
(177.9691589706415 -106.82884258595247 -1.0370417643916981e-11)
(183.39764451085401 -109.76667250854291 -7.1076571181356748e-12)
(189.06733672768294 -113.08292674680207 -5.8522587223447894e-12)
(195.04893812569478 -116.31132245627397 -2.7273523704943628e-12)
(201.29125017997941 -119.94928679307041 -7.6525236857157027e-13)
(207.92291064052563 -123.52448403216502 -5.0459258399053157e-12)
(214.84482353849958 -127.5440211939659 -3.2273679577071191e-12)
(222.23539393864382 -131.52867881624962 -7.6105777704584844e-12)
(229.94898661003825 -135.99169670816792 -9.0356086381781448e-12)
(238.22759655720159 -140.46171560482412 -7.4217288751607855e-12)
(246.87178863824218 -145.4431783766309 -6.9060333986306127e-12)
(256.19758287810157 -150.49420365809314 -7.6107103403041732e-12)
(265.94424973872975 -156.0880450470728 -7.4427893388798153e-12)
(276.51697547891041 -161.83680437713653 -6.1965723944360592e-12)
(287.57910821968659 -168.15935725519725 -6.1999442787609604e-12)
(299.62851497758834 -174.74138759999059 -6.3005145536250132e-12)
(312.27342078206681 -181.93664759071811 -7.877393588297938e-12)
(326.09362686684392 -189.52175940988928 -8.6680526934990159e-12)
(340.64316532471224 -197.76730876788005 -8.6754427123353087e-12)
(356.59718252418281 -206.55790234970334 -9.4268501395215079e-12)
(373.47890544863418 -216.08625415381522 -8.7448179425437612e-12)
(392.04132946299904 -226.34550696881573 -8.9871549140842994e-12)
(411.78839891113245 -237.43980981367861 -7.2256551646000445e-12)
(433.59698797588891 -249.49244267474185 -8.2648147284333461e-12)
(456.87989717996152 -262.5289844535331 -8.5505502341310277e-12)
(482.9188978571226 -277.07460906876037 -8.5993053705312733e-12)
(511.77986588944481 -293.37703641248237 -7.0650853512712428e-12)
(544.86192816622111 -311.72867617617101 -5.944093561933584e-12)
(581.20693092917804 -332.10565337381007 -8.8630496901910888e-12)
(622.10147122986439 -354.47833330133426 -9.6953291419216745e-12)
(666.10321349917967 -378.93491598355672 -8.9154528122782687e-12)
(714.83102921439081 -404.72869487285152 -8.4709920361731591e-12)
(765.74181977238015 -432.1468605820956 -7.2696331869582684e-12)
(820.49445015967603 -459.43927950584902 -7.9231973517786056e-12)
(888.67759485703766 -503.29070571106024 -4.877787605745377e-12)
(987.13084533843437 -557.20768829768883 -4.9621108281641357e-12)
(1102.4381761125485 -600.56746198275357 -4.5468226066346292e-12)
(1221.2389954389018 -619.04298676211249 -4.4708538003396718e-12)
(1350.0190067322681 -614.5778855653117 -4.9407255439001092e-12)
(1473.9260781403102 -570.71345982575235 -5.1116222996752194e-12)
(1612.0645659641359 -516.54246437155382 -5.8299133576216955e-12)
(1680.4725359654915 -449.17525618343518 -6.913191954746626e-12)
(1712.4867392462018 -186.39259351534864 -6.743104946304606e-12)
(55.964470765122854 -11.356898440210275 -9.1750693352345947e-12)
(56.264998164508334 -18.108131884703617 -6.8715873897811787e-12)
(57.107883913588545 -22.389705541372621 -1.407812933200945e-12)
(58.787265555094763 -29.004503904168327 -7.660234688794489e-13)
(61.062064224393346 -33.878862065557719 2.5100900702541969e-12)
(62.673304419797383 -36.823998341667981 2.6582367324173862e-12)
(64.518449850718739 -39.133203430376547 -2.053572478409617e-12)
(66.452371824312422 -40.669469900616704 -2.0939863273043624e-12)
(69.095146105153489 -42.205363886145051 2.1691451981010485e-12)
(71.434662597821344 -43.423096016305138 5.6470024744955453e-12)
(73.188075457665832 -44.746160213216882 6.410483850493335e-12)
(75.451416674191947 -46.236502115117439 5.6085652233570645e-12)
(77.583884103158567 -47.619912627216848 1.5989985330173212e-12)
(79.867382044725531 -49.170956576877622 6.1730252973173569e-12)
(82.169535758755075 -50.611220743180318 6.1036171906731171e-12)
(84.481261620591425 -52.160265318039571 6.0844723657460074e-12)
(86.830540538762392 -53.595571408601536 8.1685851246314224e-12)
(89.112644013744656 -55.100631580551479 9.8233653125669032e-12)
(91.417585123546857 -56.493533091134147 9.8151031061165695e-12)
(93.659922789503753 -57.971820069903686 9.7582110702561718e-12)
(96.01093747542663 -59.375433200048668 9.8376548035130847e-12)
(98.304416463816096 -60.870242720743228 9.7331334974935128e-12)
(100.7089639635176 -62.289611783234669 5.8794020013085914e-12)
(103.05971292262934 -63.810987563210439 5.9178449059981303e-12)
(105.53350810903453 -65.2522506140578 5.8806894281552979e-12)
(107.95297223767696 -66.806436400714105 6.1869551235242009e-12)
(110.49808536670226 -68.275523361322797 4.0478573037526039e-12)
(112.99832548905235 -69.87315401948392 1.9128624328853752e-12)
(115.63470022014555 -71.380886875635127 -1.0829609165517212e-13)
(118.23109881795123 -73.030398780688287 -1.395080307073915e-12)
(120.9673194778527 -74.581763413035446 -3.385826143662156e-12)
(123.66674474699013 -76.290443166695695 -3.347389905691486e-12)
(126.52189097538853 -77.897015903858843 -4.7947785379718668e-12)
(129.34708443829484 -79.675512950760904 -6.3751270743778282e-12)
(132.34255030751902 -81.345784857073568 -8.5665674939339842e-12)
(135.30880091524506 -83.206560899368895 -8.38451053487378e-12)
(138.46378173859719 -84.953901926609149 -7.5850050295756313e-12)
(141.59382467111445 -86.909565025662815 -9.3833223240599466e-12)
(144.93426144857639 -88.74627049650843 -8.4990935323362446e-12)
(148.26294539446747 -90.816193281714106 -1.0126880678727426e-11)
(151.82639090334996 -92.763320319740515 -1.1614999918827348e-11)
(155.38695808365836 -94.966295688881146 -9.6930990406150849e-12)
(159.19829807145638 -97.039051310902337 -9.7411398789444913e-12)
(163.01970074958717 -99.391214928045443 -7.6248808202894611e-12)
(167.13229595050777 -101.62180160658816 -5.6016524810322375e-12)
(171.26639711555922 -104.15147666757697 -6.2185135764739619e-12)
(175.7345149099902 -106.56854900921005 -7.401204652668844e-12)
(180.22705780142601 -109.30313723439782 -8.0656352640651352e-12)
(185.09977549217598 -111.93450511348536 -6.6425896304262495e-12)
(190.00986412880727 -114.90975099675455 -4.6269466492728584e-12)
(195.36184864099462 -117.7986382383874 -3.8955922316743386e-12)
(200.76331839533506 -121.05513224971601 -8.0596994037971824e-13)
(206.67841520655634 -124.25204327859771 -1.6024802451594402e-12)
(212.64548581834902 -127.83015152219944 -1.21393240037363e-12)
(219.21680965669299 -131.39054183856126 1.2813319273378136e-12)
(225.85198543948968 -135.34850532591864 1.3029742463432954e-13)
(233.19241557470804 -139.3405914137291 -1.0721858153986043e-12)
(240.61370688212813 -143.74235863784773 6.5032750381513125e-13)
(248.85858550893565 -148.24904095051178 -1.7500725314225226e-12)
(257.20894965656026 -153.1704611022783 -2.5224447707947247e-12)
(266.51752863111494 -158.2913892425363 -5.1805922048937543e-12)
(275.96771144672351 -163.82438911306923 -6.9432600672227619e-12)
(286.53734541730017 -169.67837009810225 -6.9353514345482193e-12)
(297.30501999057503 -175.94489639246953 -8.6991734270067805e-12)
(309.36759951189026 -182.66904427128134 -7.520823742506982e-12)
(321.72939491100863 -189.82260372051806 -9.7043612229731449e-12)
(335.58449698949215 -197.59345363126261 -1.1105929053475036e-11)
(349.87321459086553 -205.82253351375635 -1.0798160503043571e-11)
(365.88075914646248 -214.84240127719522 -1.0401217594075578e-11)
(382.53321027159922 -224.39167683397929 -7.8480142675508822e-12)
(401.17054624869473 -234.93037396320022 -7.5289968944903096e-12)
(420.73191997665197 -246.10446050235382 -7.8474048051739083e-12)
(442.63571943206341 -258.49732050061459 -8.8661651353844815e-12)
(465.7972554844871 -271.68239335995605 -9.2506624213150694e-12)
(491.96738248756037 -286.61872785133625 -1.1036269951388135e-11)
(520.73222723035929 -303.12737828948644 -1.2490508091333433e-11)
(553.9258580213509 -321.95337861481539 -1.283237725268045e-11)
(590.16063100633539 -342.65602475829689 -1.3837002654217289e-11)
(631.16115504368247 -365.63540082873965 -1.5489574351801103e-11)
(674.99257507460788 -390.59008861281472 -1.5826645847482462e-11)
(723.81203430947778 -417.19146123838851 -1.5954857965037147e-11)
(774.43786602090336 -445.42144116347725 -1.5159621760652231e-11)
(829.43936556867084 -473.84246794177818 -1.595551006807695e-11)
(897.68749035325277 -519.47702312353181 -1.4871349012326823e-11)
(994.76820675290583 -577.51607691753009 -1.4106586292452519e-11)
(1111.1057978595275 -625.67944997118934 -1.3880804979763942e-11)
(1235.4438726834994 -648.11842482832753 -1.227592081784357e-11)
(1367.1620141768328 -642.54530288706064 -1.2879080171692581e-11)
(1490.4762338685157 -590.85557192988381 -1.1583246823834182e-11)
(1633.7960801710267 -534.38478462021146 -1.2243627219980917e-11)
(1684.5282124750652 -460.85159089998859 -1.2560168684781486e-11)
(1729.7927509132253 -178.7025429506586 -1.0095874807220685e-11)
(75.491007290396041 -12.96230187489155 1.3153661977887598e-11)
(76.099228955513894 -23.429858211796201 1.2515969166443412e-11)
(78.992931221080013 -29.966637988038382 1.236070997547032e-11)
(80.759285119782177 -38.647713588785216 6.2399182604198566e-12)
(83.100051514068596 -45.69617603576031 5.3632555940531209e-12)
(85.175694372585284 -50.298340269214499 6.307695617629121e-12)
(87.555567876480779 -53.902273196856996 5.1129867190715749e-12)
(90.192227886463101 -56.129199834414358 4.2779957516440563e-12)
(93.085977482020354 -57.696889111274487 3.1805021542230552e-12)
(95.383449624182617 -58.746985290388508 3.244123816282982e-12)
(97.190664166322463 -60.063352928038569 9.2468405095011e-13)
(99.385140513747942 -61.407384019162521 4.9060283580315325e-12)
(101.52744255243337 -62.780217432437574 4.9444330240317636e-12)
(103.71936444879077 -64.175793080709724 4.4987569836828902e-12)
(105.97710999415094 -65.604536167157292 3.6214198035597835e-12)
(108.17049537651916 -66.984899159363721 3.6962862435319832e-12)
(110.44028299359992 -68.405271355226219 2.4100056550049315e-12)
(112.58106262663355 -69.734156668817221 1.3698681797405663e-12)
(114.79211754934347 -71.11503470125345 1.5554736228844922e-12)
(116.89632495776094 -72.417111139458285 8.549106124581686e-13)
(119.13672127654959 -73.803405018925801 2.4744003810907133e-12)
(121.26793520413869 -75.102616124981765 6.230138767241763e-13)
(123.53846025146893 -76.49564813749727 7.5695199735793783e-13)
(125.70881805792544 -77.808364500496666 1.7248432263966896e-12)
(128.04290101491367 -79.227970347597733 8.2318682129023312e-13)
(130.27046982145572 -80.567320448773188 7.5546439010026548e-13)
(132.66937803440956 -82.014370757528411 5.3769768242202778e-13)
(134.95795055082834 -83.383959289279517 -6.0234903939678068e-13)
(137.44375847884959 -84.872763914880579 -5.6554956462188599e-13)
(139.81656110659677 -86.288617009027789 -3.3652354652438204e-12)
(142.40404918501059 -87.828849040732749 -3.9832339209597603e-12)
(144.86568720351761 -89.293979610838903 -1.2566165935750337e-12)
(147.56950728174351 -90.894067651991691 2.3113259816294379e-12)
(150.14714816502777 -92.423677341776553 -1.0194054999908239e-12)
(152.99854673268433 -94.100994090051387 -6.9285011006670019e-13)
(155.70357346312113 -95.703435213621518 -2.0685530230870199e-12)
(158.71350357285439 -97.465868502420022 -3.3302926680836568e-12)
(161.56428657065635 -99.151201747174852 -4.5933902631454721e-12)
(164.7667764111236 -101.01629662421794 -1.8079212645947868e-12)
(167.80013627437674 -102.80580451655973 -3.4647540521816069e-12)
(171.23307820222189 -104.79671655251283 -3.0018863949065718e-12)
(174.48054897913713 -106.70949149988546 -3.4521755467613756e-12)
(178.17276610691661 -108.8410513276586 -3.1774274826145888e-12)
(181.67221155808133 -110.89674306606545 -2.8015054520166292e-12)
(185.67340851176036 -113.20162650384732 -4.1080315657880889e-12)
(189.47334074823999 -115.42785256827936 -1.3887162389409666e-12)
(193.84734898991402 -117.94356536435387 2.9303610337402443e-13)
(198.00325830164755 -120.37181156286023 2.7887847190545231e-12)
(202.80610357952236 -123.13076646834722 2.9482155211800088e-12)
(207.37191144679107 -125.7906720345991 2.9992816719769528e-12)
(212.67528772438919 -128.83619858815703 -1.2930870773539519e-12)
(217.73128664866616 -131.77466089905931 -1.326880278309351e-12)
(223.62307030901908 -135.16144714879448 1.9018965278008543e-14)
(229.25625292149755 -138.42482894375809 1.2595607622343068e-12)
(235.83761677965566 -142.21619967435871 3.1957793057818418e-12)
(242.14963907506004 -145.8607223092186 1.0202261964683251e-12)
(249.52923378756864 -150.12365059166285 1.7220236844594423e-12)
(256.64173173635771 -154.21613024970983 3.4014680652522312e-12)
(264.95437473890416 -159.03432544854954 2.7305608698235467e-12)
(273.02234314017625 -163.65973174795943 2.6988101811311592e-12)
(282.42874268770697 -169.13417524230812 2.5636323240372754e-12)
(291.63979009028128 -174.39696183979513 3.6178350509138442e-12)
(302.33867927059521 -180.64834883259778 2.8505356198766295e-12)
(312.91221125332862 -186.67245940880363 3.0086243324346269e-12)
(325.14671862326264 -193.84822965170622 2.8965884767062985e-12)
(337.35707562260905 -200.78774378652477 3.6317610939313403e-12)
(351.4319279209945 -209.07023358816073 3.1654412752807743e-12)
(365.61844900994623 -217.12230103022759 3.2148395216283123e-12)
(381.92241513956043 -226.73508597024417 2.7112791970695803e-12)
(398.51867616498726 -236.15106992570941 4.4609275295739597e-12)
(417.53933261022951 -247.37282030031415 4.0154671950941696e-12)
(437.10014299540427 -258.46334437897582 3.1698520247951179e-12)
(459.49321774352654 -271.63884256857608 4.92889810076797e-12)
(482.80576462886421 -284.87658030120173 4.9408871504642038e-12)
(509.6086985071517 -300.69137277143642 3.2862720268363497e-12)
(538.66501285024606 -317.40132598686029 4.1694236407078976e-12)
(572.58112758559457 -337.22403260092312 7.7642504897260812e-12)
(609.25442460693114 -358.37652202226326 9.4002280915509255e-12)
(651.05624104008302 -382.47684675574186 1.1398196339139101e-11)
(695.37595742130043 -408.13745450271028 1.1442828323283999e-11)
(745.14041937545471 -436.09730469136258 9.8364318820684791e-12)
(796.189073496074 -465.39663921231761 1.1997863925538754e-11)
(852.43482320690623 -495.5644619267859 1.0206897874051443e-11)
(921.89725150021866 -543.65578502491633 1.1002530816978227e-11)
(1018.1866412002269 -606.35571244003347 8.1472994769984861e-12)
(1136.3393485255631 -660.14340202203368 2.2162935048288789e-12)
(1266.965981008309 -687.25127885853021 3.4927079322476933e-13)
(1403.8592695334198 -680.09634176586678 -1.1590116011102016e-12)
(1534.7219795123326 -622.21438772745671 -1.6460937724851458e-12)
(1678.0427148359443 -560.26975413218418 -4.6726822806196283e-12)
(1692.0523276631582 -474.18641284536528 -8.0381819565437203e-12)
(1762.0707343659822 -172.78156493551077 -8.3214001938627227e-12)
(125.77197965840514 -16.253350571651154 5.1750801940171815e-12)
(122.7954623895492 -41.56434107705482 6.1894060209174417e-12)
(123.19383148858388 -47.746072560714502 3.5309231817901385e-12)
(122.84304172072993 -57.776933392887422 5.5926825692958645e-12)
(123.10374386757798 -68.346722597436354 4.5034691256502277e-12)
(123.71342280738388 -75.182435212250127 2.926725005074606e-12)
(124.90575060470088 -79.491161032898646 3.1434046813278973e-12)
(126.98207563171812 -80.795414603415324 1.0093703258523894e-12)
(129.61850976261809 -80.5783431545252 3.3443084443993247e-12)
(132.01902486224782 -81.145033285025406 2.9548038418268199e-12)
(133.78944042436541 -82.360215426575621 2.9354909432461424e-12)
(135.94989408019146 -83.635200674261682 4.1540421593353841e-13)
(137.94446527470276 -84.869874867017316 2.6934073827374616e-12)
(140.03499914510712 -86.135119745976368 3.7144144903161213e-12)
(142.06040355481267 -87.382918322002055 3.8076732664470893e-12)
(144.10940765203114 -88.616234153215657 6.5984673933414941e-12)
(146.09210393808283 -89.838582449754 6.4563005227531761e-12)
(148.05772827773902 -91.017699092617207 4.3919370649368606e-12)
(149.95274229346731 -92.194254749180374 3.2314079720014399e-12)
(151.85933623251151 -93.337350631021167 3.9283262287254584e-13)
(153.75646479557099 -94.505151014637434 -1.4860256202248275e-12)
(155.68580580954131 -95.648599926969666 -5.3839057999440088e-12)
(157.60263295540358 -96.822770577524281 -2.419669086483268e-12)
(159.56280870967811 -97.978384012323687 -1.1403580770723751e-12)
(161.52302658866472 -99.175524905234454 -1.1880322483658217e-12)
(163.54253849292436 -100.36228947274248 -2.9390696027123152e-12)
(165.57167661121292 -101.59738821147992 -4.7922156833216469e-12)
(167.6710449111111 -102.82678017772663 -4.2353093836103666e-12)
(169.78533223943339 -104.11093277798876 -5.8001042090108071e-12)
(171.97649741965179 -105.3920205012803 -8.0579062670779182e-12)
(174.18727338834657 -106.73275149927622 -1.0339254985896829e-11)
(176.48339552320675 -108.07245254442586 -1.2089314983906108e-11)
(178.81066526469675 -109.48095651978164 -9.7872959160128101e-12)
(181.2358156407565 -110.89378719829189 -1.0291401643809704e-11)
(183.70037506757575 -112.38407009029268 -8.2850539278459553e-12)
(186.26626755715253 -113.87672841960531 -8.1207772084341464e-12)
(188.88041974402987 -115.45584800494554 -1.0525641354504477e-11)
(191.61024916268809 -117.04099889984505 -1.2237049480967835e-11)
(194.40498188707193 -118.72736755800103 -9.569938687929707e-12)
(197.33286812216886 -120.42546215274034 -1.1107227558733698e-11)
(200.34337879152918 -122.24065118579563 -9.6009178857838182e-12)
(203.50942870447338 -124.07600520258532 -7.8329834305337038e-12)
(206.78066729992895 -126.04472228353043 -7.9265824002351424e-12)
(210.22502700371203 -128.04065088402794 -8.0602572107665576e-12)
(213.79929198124231 -130.18971651017077 -8.0384981081372078e-12)
(217.57203775478047 -132.37442736723074 -1.2709069752863732e-11)
(221.5090174234517 -134.74053640774198 -1.0624011544026191e-11)
(225.68001149019332 -137.15503032712098 -1.1654652097096895e-11)
(230.05250895646523 -139.78190974240005 -1.1917902332470904e-11)
(234.70427500195314 -142.4734711182858 -1.2915553678938992e-11)
(239.58881627742645 -145.4071710129503 -1.3795143872025228e-11)
(244.79511665212178 -148.420381299144 -1.4427195890820212e-11)
(250.27487408306044 -151.71129835336947 -1.6828672193564733e-11)
(256.13266518928367 -155.1017844783907 -1.6968938721778055e-11)
(262.30368507768986 -158.80983435508472 -1.5198357081839312e-11)
(268.9391485827789 -162.65074347227312 -1.6997711353182417e-11)
(275.92339363736323 -166.84976136858685 -1.667151995807756e-11)
(283.47986652899021 -171.22488782378639 -1.3778882000656207e-11)
(291.41646142655463 -175.99890142959572 -1.4994227390425887e-11)
(300.06178745426689 -181.00694473944094 -1.5785605917666492e-11)
(309.10663189689132 -186.4502011543027 -1.762468236273978e-11)
(319.03892982437264 -192.20834047469597 -1.3265826354110005e-11)
(329.39185894150938 -198.440224867496 -1.4590003721973656e-11)
(340.86579792754753 -205.09822269967589 -1.3493506349652825e-11)
(352.76033094820247 -212.26055276077707 -1.1690808109706672e-11)
(366.09827525930444 -220.00681562652844 -1.3483705913142902e-11)
(379.83583236528756 -228.27971529057817 -1.321529732848096e-11)
(395.41738595677288 -237.34046331534964 -1.200743544908114e-11)
(411.37809240351203 -246.94669456406422 -7.8257618371840269e-12)
(429.71679765392128 -257.61743858876486 -6.8969635003709826e-12)
(448.41525375384111 -268.85654824078915 -8.1963591428698501e-12)
(470.12959766470942 -281.49268634359549 -1.2279949679233586e-11)
(492.27592280626567 -294.75018549788643 -1.2913602240101363e-11)
(518.12766422475272 -309.84748148376144 -1.2651945347755295e-11)
(544.88028905047781 -325.8540069641752 -1.5011528078494947e-11)
(576.97825003935702 -344.77666910098827 -1.492312877159944e-11)
(611.17246336138646 -364.99288548196779 -1.5582747003189e-11)
(651.20936418093777 -388.68778981456069 -1.5119719960322813e-11)
(693.83376359379315 -413.59085897146588 -1.6564585470496794e-11)
(741.51122781600679 -441.95820513565496 -1.4513159376751669e-11)
(793.02493695232909 -471.51855658235587 -1.3790836343457625e-11)
(846.98528825673952 -503.54775036018827 -1.1095376533556124e-11)
(906.385761759822 -536.59945962761321 -1.1291074920482041e-11)
(981.11196942538095 -589.61509308083885 -4.7650263019265721e-12)
(1077.3725986577406 -657.77078741588377 -5.9263344213640214e-12)
(1202.1972622134926 -720.6777287238283 -9.0947620842438689e-12)
(1342.4518433149553 -753.01750527326874 -8.5139935938754915e-12)
(1490.3162512254187 -743.43820719848418 -7.0683443662391244e-12)
(1632.1938276374078 -676.29431798381597 -7.2888969410141767e-12)
(1783.8434402879209 -608.71796453341551 -1.276467731131479e-11)
(1757.6853804418131 -506.29953863007785 -1.7652074927577133e-11)
(1861.1646584100656 -167.11855113342119 -1.6204558273999682e-11)
(208.62004769740156 -18.517524087030132 -9.4467037700497908e-12)
(202.33974445434461 -55.257032990569158 -1.0023725331156452e-11)
(207.26622231479837 -71.84423601395379 -1.1438385967294439e-11)
(201.37902970102797 -87.250261592697711 -1.1951710186341923e-11)
(197.74316949222404 -102.57113008007541 -1.0989542162694996e-11)
(198.28761590111228 -114.80510613447359 -1.0977111101509319e-11)
(200.69861216891488 -123.9398662857845 -1.0086210136510048e-11)
(204.37672668277204 -128.37494146155876 -1.0980552349245006e-11)
(207.13898782627962 -128.0645869806489 -1.2674923232842402e-11)
(208.31738064142755 -127.59097482981639 -1.250920345481215e-11)
(208.725656622955 -127.71568210114017 -1.3189146287301745e-11)
(209.67216158068251 -128.15220170880721 -1.1406550766643364e-11)
(210.62202617061112 -128.66081846434602 -1.3167900822397446e-11)
(211.65252981790863 -129.26915971741309 -1.2685134863636003e-11)
(212.73317485323827 -129.88374583172907 -1.2885504069604366e-11)
(213.81602364052273 -130.53544490662017 -1.3550690795201432e-11)
(214.93110607356866 -131.17567729430758 -1.5035478751244341e-11)
(216.0002055343659 -131.82507043806086 -1.5379991353229904e-11)
(217.07764847766745 -132.45458242940725 -1.5323919438371127e-11)
(218.10981156656965 -133.0877550730053 -1.56802823352242e-11)
(219.19765835992135 -133.71643400933905 -1.5804469251449262e-11)
(220.26516790982654 -134.36427346783145 -1.7577676454297698e-11)
(221.39757225244088 -135.01678385193313 -1.815688395135881e-11)
(222.52670667907486 -135.69955363148875 -1.7572327565326825e-11)
(223.73959956931898 -136.39773833335948 -1.9254911796785589e-11)
(224.96439556472271 -137.13851292496426 -2.0920520830337115e-11)
(226.29169688200363 -137.90400786342767 -2.2902330384197087e-11)
(227.64620115386808 -138.72388611656069 -2.3457757591641692e-11)
(229.12276197764007 -139.5777021981373 -2.4030445495521869e-11)
(230.63877172303876 -140.49612805560648 -2.4619806471027679e-11)
(232.29402661863296 -141.45585298656752 -2.731130157648635e-11)
(233.99665798551388 -142.48757717712996 -2.7791269412776536e-11)
(235.85360767743094 -143.56674099650752 -2.9547537788784915e-11)
(237.76067479293039 -144.723280737143 -2.7431093039326596e-11)
(239.83402172573264 -145.93098940578002 -2.5614814150003678e-11)
(241.95487154845742 -147.21753255794098 -2.6601554406308111e-11)
(244.25292681836925 -148.557443293055 -2.5480444658838469e-11)
(246.59522533773986 -149.978447276927 -2.6357358128310176e-11)
(249.12715796209068 -151.45592961116043 -2.6709024969042223e-11)
(251.70278732402551 -153.01834283657203 -2.8840862552537699e-11)
(254.48452119164213 -154.6427997727456 -2.9588922572550829e-11)
(257.31570539017889 -156.3598806560789 -3.1439769809132875e-11)
(260.37857423672932 -158.15061459781046 -3.2207900755073967e-11)
(263.50454505072014 -160.04480350593499 -3.2595208935422607e-11)
(266.90178837489117 -162.03274631616807 -3.1657990229262141e-11)
(270.38194112252103 -164.13965691374094 -3.1882061247215649e-11)
(274.1851793560034 -166.36725788630213 -3.0268359021740134e-11)
(278.09897300322797 -168.73489651056485 -3.0114532010012794e-11)
(282.39416676827841 -171.25352871604937 -3.0812085737825451e-11)
(286.83621188880323 -173.93937732353217 -3.0648005494990666e-11)
(291.72517298332281 -176.81054456073721 -3.3342264213847527e-11)
(296.80308077469783 -179.87781599686002 -3.6432899968600654e-11)
(302.40388006352731 -183.17160000057507 -3.4956670337150344e-11)
(308.23482509022392 -186.69151315018635 -3.2905222361898175e-11)
(314.67260994897902 -190.48138090962871 -3.3542904339801554e-11)
(321.39315033212148 -194.53643553473935 -3.5115926833314549e-11)
(328.80567701272003 -198.90492425464566 -3.4032462111045686e-11)
(336.56478619840891 -203.58440307792364 -3.3709354649587043e-11)
(345.11240025021721 -208.62632766913387 -3.7151937458007904e-11)
(354.08498883456781 -214.03559466703405 -3.8982113215050935e-11)
(363.95705237883806 -219.86237131611907 -3.8328669018311031e-11)
(374.35459902351505 -226.12836865079313 -3.8996883872680966e-11)
(385.78963411222367 -232.87936166911106 -4.2818882060467001e-11)
(397.87240867165997 -240.16122223774087 -4.5051132670202861e-11)
(411.15966162830711 -248.00439192717059 -4.9472080221493503e-11)
(425.26129716817115 -256.50423017682499 -5.0375568733424167e-11)
(440.77540307999925 -265.6584646353275 -4.9183077765133521e-11)
(457.30699692853182 -275.62481181148769 -5.1174679643749967e-11)
(475.53699070239202 -286.37199479908378 -5.2644406596271906e-11)
(495.03486923595176 -298.10291424610176 -5.0586438394327217e-11)
(516.60813583453114 -310.8104005393447 -4.8217705782916578e-11)
(539.7277202140807 -324.69951937565685 -4.71004150030671e-11)
(565.52505999986067 -339.85782846944966 -4.8667020563738661e-11)
(593.10612946827359 -356.44679652539088 -5.1913129985044913e-11)
(624.54025212334193 -374.93882208824965 -4.8307243283318127e-11)
(658.84485029073983 -395.63351473208434 -5.0051171696746433e-11)
(699.49458729966148 -419.26264459670915 -5.0033954482651088e-11)
(742.71110615484088 -445.29856991978346 -4.8974865410353701e-11)
(794.10515039522249 -474.99871355294664 -4.7701438933468795e-11)
(845.96775117645666 -506.31105381563793 -4.5881156665821621e-11)
(908.24241978728185 -541.92267384711568 -4.5137534113351665e-11)
(967.26939133245742 -577.3946435596323 -4.2218710877054804e-11)
(1038.4337986761409 -617.18818907789671 -4.1755334998229525e-11)
(1123.0147873602912 -677.64627982969569 -3.3196685515258182e-11)
(1242.5226320365587 -761.11189253813654 -3.1918648225008112e-11)
(1401.1867592068331 -843.52316600386837 -3.3614005702528132e-11)
(1583.626699873495 -893.17940819288481 -3.2615022735555776e-11)
(1774.9496390239663 -891.52993710134581 -3.3992415655829071e-11)
(1951.0577135631436 -815.46457144037061 -3.219546800103966e-11)
(2131.2044166278697 -734.49388883913196 -3.550405550188431e-11)
(2130.2150580870994 -617.73696627407026 -3.6176819947317924e-11)
(2187.5173433690502 -208.14701893420286 -2.9121117607604986e-11)
(1740.2364118530581 -13.174152131870903 -1.9954857788966641e-12)
(1764.8155099217329 -7.1591476079173004 -8.7614813278424304e-12)
(1766.1141696366381 -0.3203391992846738 -7.3735639346480531e-12)
(1756.4407400619723 4.7797123875195373 -6.760904648373686e-12)
(1728.0750487926034 9.486848677541337 -1.0812194817554932e-11)
(1680.9696300665557 14.957694320707024 -5.8704029833444056e-12)
(1618.5132831450887 18.920999266234084 -5.1769234506572472e-12)
(1545.817150179045 21.473272152619764 1.5507636362808065e-11)
(1468.0717850279329 23.15941216713966 1.3910614464226432e-11)
(1385.7085796464405 24.007853834850138 1.6339610367546809e-11)
(1295.8276125601692 25.136156368916456 1.4656999632807942e-11)
(1206.9046811112444 25.221762622570193 1.1842690906681668e-11)
(1129.0063038618168 22.835851496134882 9.3380245372509027e-13)
(1056.9779882262408 20.057730601989206 -4.5569134081645608e-13)
(983.07292897779155 18.94357974041834 -2.8288924273279089e-13)
(913.91273590793787 17.881652052738449 5.1295077160587393e-12)
(858.33686543456747 15.150817655904783 4.74444516759561e-12)
(812.83312178497079 11.78222386187249 4.7649978774571388e-12)
(768.9147324768926 9.5554938468472823 4.2477370592488298e-12)
(726.94210397231745 8.6866879531121413 4.0121404404872264e-12)
(693.47866501324563 7.5347221199003718 3.8213834563953485e-12)
(668.70707714523462 5.6674846404925434 4.2812449753920482e-12)
(645.45887312133971 4.3426855193912735 4.144993414857554e-12)
(622.16618707925704 3.8580045349594005 2.9287886662794558e-12)
(601.59675133941573 3.8476746761668372 3.3788329964627727e-12)
(584.09801104110852 3.6760906606356407 3.2685325911794826e-12)
(566.15088456269063 3.5126976821911655 2.7046300258950966e-12)
(546.85406128922068 3.676120451079905 2.5868448723443862e-12)
(527.8724646876143 4.0324613283276323 2.6826611613180406e-12)
(509.8898533200674 4.2212686228448746 3.9316639118257929e-12)
(490.58837052949724 4.4158181343676883 3.9113522424076674e-12)
(470.13917858239273 4.6308287613877308 3.5232093975006442e-12)
(450.04601184491742 4.766543477528268 3.4614523319731234e-12)
(430.04737395264198 4.8099777606771932 3.9026682282772247e-12)
(409.60413413214462 4.8619184413897178 3.7421866001612787e-12)
(389.27854129332036 4.8751769317333578 2.1093052283293843e-12)
(369.69679865523642 4.7524652672206722 1.9051380759290492e-12)
(350.33721252265616 4.6307698709539222 1.810802876854988e-12)
(331.55288859436388 4.4570925269496149 1.4899150156526736e-12)
(319.12429161056315 4.8349351954084963 1.3840065893598764e-12)
(1735.4594567097599 -28.495916525077625 4.7614257504014188e-11)
(1758.0180099629822 -16.204233072751485 4.2618071981544498e-11)
(1759.6450686513374 -2.1052440539033359 3.7185802975727313e-11)
(1751.4974146684035 9.4260059647826555 3.3809624507532297e-11)
(1726.9421327511343 19.430525227416268 2.7903767795236059e-11)
(1686.6938275236325 29.866838881061923 2.4485754161722103e-11)
(1633.427332094883 38.136068687417598 2.2946912608943432e-11)
(1570.5632101822957 43.744840894415653 3.732117790219383e-11)
(1500.6519657059316 47.633749927700677 3.4230501780351759e-11)
(1427.7472127598007 50.055366420056124 3.1321766727293506e-11)
(1352.8266804868535 51.937185543050148 2.3304803712794775e-11)
(1275.4799707181423 51.88152986831232 2.1477912643694837e-11)
(1198.4637374185249 49.160490610325283 1.5678152065959997e-11)
(1128.0355672732758 45.722177749422791 1.4243572275769435e-11)
(1065.5591652891737 43.107890816257871 1.2989263416753879e-11)
(1005.8107310507432 40.219158566488943 1.3921258658342811e-11)
(946.51377941487658 35.962429740823929 1.2847053087344879e-11)
(891.56446379292345 31.321612833109988 1.2071706060042158e-11)
(845.76498031620338 27.649528421023785 1.0876185230730931e-11)
(808.53129609096607 24.84412693275225 1.0356708489147003e-11)
(773.67981191150898 21.85382160216739 9.6966561010312759e-12)
(739.22645978496598 18.595445496432927 9.1392062933275566e-12)
(707.05021147225239 16.072742435127086 8.3579804833507524e-12)
(679.60993454936681 14.648344317752581 7.5445455465791825e-12)
(657.73974980735034 13.686548303314988 7.0222412157183195e-12)
(637.06784680081273 12.524688616845166 6.4781132803661731e-12)
(614.94544405858448 11.665999604801939 5.9939634096309111e-12)
(592.70478652401914 11.356997030312973 5.524965024096117e-12)
(572.05742711575806 11.530386262731144 5.0913217176955202e-12)
(553.41023455188781 11.471863908892477 5.8146261656932161e-12)
(534.16775249298189 11.368575336060426 5.5352764665100321e-12)
(513.8461801959985 11.471997269856242 5.1452028454695265e-12)
(493.86405350225039 11.624301120478201 4.8202649108740601e-12)
(474.42355170213449 11.573806982063941 4.7524793756780801e-12)
(454.90051510726374 11.51623400110466 4.4794859818235842e-12)
(435.11569530639918 11.512320506443961 3.6660533814491403e-12)
(415.96455751984166 11.309679158095291 3.4695685103881555e-12)
(397.15219106781785 11.075867649811526 3.209758697631865e-12)
(378.88442516010753 10.700839052227675 3.0253136958631384e-12)
(360.69032463273464 10.425962236995399 2.7411215227469305e-12)
(1738.9421070747746 -44.985594341320443 -3.7762357855826954e-11)
(1759.6673271515792 -25.205022457835284 -3.6310015585698911e-11)
(1760.1383965393304 -2.7857877244163953 -3.4005057308159058e-11)
(1751.8492658396337 15.353518972074543 -3.0316260377376395e-11)
(1724.7816556578437 31.250156419168228 -2.8211161545761499e-11)
(1680.8601491019806 47.655991865835034 -2.618195827235965e-11)
(1629.1017743170535 59.9596388733314 -2.5325051071903225e-11)
(1568.6722447813609 68.103141816310298 -1.4069448035564181e-11)
(1494.9953509179034 74.586319983994031 -1.2593171745119646e-11)
(1418.9826105466807 78.849458384929335 -7.5782572694583852e-12)
(1347.7740852346744 80.707002143398256 -6.7763896143514985e-12)
(1274.9170717884435 79.741192380767146 -5.3556536375892791e-12)
(1197.9680780675772 76.59775460164073 -4.6244771348329371e-12)
(1125.9369094679266 72.623639492323633 -3.9785146591402303e-12)
(1064.6224553900815 68.165309108326682 -3.4731192510813222e-12)
(1008.0670430345275 62.781108265210918 -1.5981753481807327e-12)
(951.01527381993765 56.671531283217966 -1.1828201582556003e-12)
(896.69832292010813 50.768508509582112 -7.1174438481975767e-13)
(850.8922291660665 45.753272231577256 -5.0606579807179563e-13)
(813.7927614602188 40.797062051423772 -5.269757626149544e-13)
(778.51091744158668 35.814034182516657 -4.4367648011339974e-13)
(743.43155375916831 31.239638343324909 -4.146632629456134e-13)
(711.55086201002769 27.631018353023126 -3.7186374464006707e-13)
(685.22577233419872 25.269950334616301 -7.9893405400670206e-13)
(662.27462161607866 23.200531286420492 -5.6020868620174209e-13)
(638.68869493475052 21.212698022758573 -5.9098733225920777e-13)
(615.24832131730295 19.801629914223128 -7.1909598292553131e-13)
(593.88576697105623 19.068379062304199 -7.3971186206924019e-13)
(574.46234633525614 18.854243692280143 -6.7733670283233562e-13)
(554.32179014247561 18.554043909481663 -3.2288030120875266e-13)
(533.41812499114258 18.260593291720632 -3.3812727862822302e-13)
(513.4664682927189 18.227571659496647 -4.0582774263838786e-13)
(494.5008296874089 18.23616005489761 -4.358104945351423e-13)
(474.75971299215058 18.134580401473652 -2.6474990024043052e-13)
(455.03498460210494 17.983738200518843 -3.003279317120805e-13)
(435.65572144858368 17.865858153243629 -4.2091136036398929e-13)
(416.85415203408121 17.584092947749966 -3.6421439929949488e-13)
(398.19032865964499 17.235858621126951 -3.3866855519557634e-13)
(380.39445107221428 16.706317336263716 -2.8765937755801949e-13)
(364.34474733050087 16.117998063833515 -2.062562375681159e-13)
(1740.4677244484305 -58.95700118634683 -4.8672167912085903e-11)
(1759.7669563969289 -32.460452965698614 -4.4654458998737197e-11)
(1758.0846813495682 -2.2457586701315626 -4.1158805049267735e-11)
(1746.7099179847792 22.05332798961539 -3.7770666163392313e-11)
(1720.4792079450738 42.411661355182602 -3.5147409066503182e-11)
(1677.2189124358074 63.660513542432788 -3.1674770614877909e-11)
(1620.2431054563776 80.083645961461272 -2.862631947521902e-11)
(1558.129981689699 90.20073396579086 -2.3303002250767626e-11)
(1490.2393822448653 98.236432754426758 -2.0625859650721906e-11)
(1417.6421117364305 104.00293233860684 -1.5362178006482262e-11)
(1343.1651219292655 105.98971277152344 -1.5907045272684761e-11)
(1268.5427064727141 104.06141977493671 -1.412408545298124e-11)
(1196.8865199064919 100.12605094430052 -1.2718040002217836e-11)
(1132.4146538599389 95.440256830303227 -1.1256768994074153e-11)
(1073.0671095722275 89.598100451794295 -1.0277982151924816e-11)
(1013.9352848601119 82.328953264971219 -7.4040147011589163e-12)
(957.20651242336294 74.563343152459481 -6.7205544291136199e-12)
(908.51591717618567 67.356059308732384 -6.2112802047879228e-12)
(868.23664872791676 60.997696616150634 -5.7328507359468882e-12)
(830.52456270511709 54.566193889486918 -5.1837733530334156e-12)
(792.74492775993008 48.236996009602727 -4.9852709988634789e-12)
(757.17549156574773 42.655714294479736 -4.7607935286756416e-12)
(726.95705644328132 38.248830937954253 -4.5010913068409619e-12)
(702.32448009691586 35.009680423256867 -4.9087070333451682e-12)
(678.32284963328334 32.129166701857436 -4.0005584878691669e-12)
(652.80590780961518 29.643032517388036 -3.9257074999944747e-12)
(627.67975318691379 27.818583281900647 -3.6725226647741971e-12)
(605.04991673465383 26.728037983941466 -3.5031887796363678e-12)
(585.11676979333072 26.107983384666955 -3.332199534524061e-12)
(564.67575036824724 25.53562467092959 -3.1776803029598881e-12)
(542.93284249605017 25.101854426291261 -3.0880844870734338e-12)
(521.86925760309771 24.911148485486606 -3.0005594529854657e-12)
(502.03922358928719 24.705083684258398 -2.8400302635140008e-12)
(482.33915073305656 24.480199220587956 -2.5770893344645892e-12)
(462.44247790943797 24.230544130118812 -2.498225668228972e-12)
(442.59019036045038 23.978681276230034 -2.4169873166543666e-12)
(423.7444764314896 23.556668685430353 -2.3079854875319534e-12)
(405.04674133494217 23.081170535909902 -2.185509470711891e-12)
(387.22358969994804 22.385091814234794 -2.0373917605979554e-12)
(371.01497493874365 21.551452221959913 -1.8772347011564251e-12)
(1742.2215801135878 -71.598483445058974 -4.2877506067191609e-11)
(1758.5323590544581 -38.096358673136848 -3.7988718952036921e-11)
(1757.50639968478 -0.74483675486819978 -3.4368010228812085e-11)
(1744.2664949809453 29.305472567931158 -3.1169186948419133e-11)
(1710.5200144089013 54.642266502123519 -2.3618256827414197e-11)
(1665.7090248955681 79.88835164120735 -2.082223449248878e-11)
(1613.2171764828774 99.369897295315212 -1.9454999303700252e-11)
(1547.1498334465223 111.97855076984791 -1.5541197005619947e-11)
(1472.8351842678233 120.96876487272955 -1.4188876220677679e-11)
(1403.1216493827346 126.82476376274631 -1.2572309130030837e-11)
(1334.1026741038615 128.9158262758591 -1.536943228276353e-11)
(1260.1199260711448 126.63100787279846 -1.2753479205585379e-11)
(1187.6659730580263 121.50475283084371 -1.1625691255797845e-11)
(1124.9350340167141 115.22813024166524 -9.830840360783605e-12)
(1069.5929323770472 107.94901182809427 -9.0828360376949887e-12)
(1014.3347249394365 99.562181483486 -7.5383832571382224e-12)
(959.81572816519815 90.625128151825578 -7.0915571902477463e-12)
(911.92724721704428 81.986999279641111 -6.5208000496172863e-12)
(872.81193750432726 74.1151347403286 -6.1301559303074851e-12)
(836.93523311810839 66.627105516540738 -5.7045356057158945e-12)
(800.42854585985435 59.550638437206878 -5.4196272816450985e-12)
(765.15655449678104 53.275204723155781 -5.1249013052961487e-12)
(734.42471866717847 48.165028793173555 -4.8440146600828465e-12)
(708.89726482577225 44.178621002978645 -4.7157943393603915e-12)
(684.14835875335712 40.732695923441973 -3.8158921341618725e-12)
(657.86474737100104 37.836882651259671 -3.6679647463990647e-12)
(631.91268392396466 35.663103935143575 -3.4353363226179182e-12)
(608.51736547391192 34.275029807117598 -3.2189523828998365e-12)
(587.49740862911767 33.287902677117579 -3.0308873206646671e-12)
(565.71724442894026 32.339367263583227 -2.8511981001654954e-12)
(543.20019832754804 31.67036535862032 -2.6735344299360593e-12)
(522.0123640405609 31.277667010269457 -2.5125845955010055e-12)
(501.6999966596955 30.894143641866702 -2.5139261202539557e-12)
(481.42780536659041 30.410677524252918 -2.3711837276823873e-12)
(461.39869397073119 29.959849461113961 -2.2746437562465083e-12)
(441.45975818846892 29.568066640112022 -2.1409443467317355e-12)
(422.60311640857304 28.963646141172205 -2.0130775802671715e-12)
(403.96069205043472 28.306501725180439 -1.8943163301096544e-12)
(386.40907998700033 27.46193907774181 -1.8716110040690324e-12)
(370.5848425198385 26.436961153875529 -1.7859344497843048e-12)
(1744.6281370302404 -82.79212225467478 -1.6477846329396866e-11)
(1758.2561353912176 -42.354839221100242 -1.4242932270603305e-11)
(1752.2361596303033 2.767057922618366 -1.2686217811008027e-11)
(1737.3671577810642 37.55931058256418 -1.1484333458741001e-11)
(1706.3459422779276 66.800518651160758 -3.9305035139573209e-12)
(1654.3823861599221 96.311566797210446 -3.7857607121649246e-12)
(1594.0187777830577 118.08050998043448 -3.8479986416611129e-12)
(1532.3132417583181 131.97657679819528 -1.3813202991232578e-12)
(1461.8422229419853 142.30612585726627 -1.521800270700419e-12)
(1388.803270868023 148.11340766026794 1.562298885079483e-12)
(1317.2383535556137 149.16393268012342 9.6993824546695574e-13)
(1246.2436236601354 146.04288762206485 1.4512086074288792e-12)
(1179.0665011502892 140.15207565845856 6.3960298408730031e-13)
(1120.295837234587 132.68100464258188 7.2722749746589977e-13)
(1066.1729233358083 123.93675211189027 5.0672676370180784e-14)
(1011.7469100082774 114.18511956656867 6.6799751024208832e-14)
(960.01013034041216 104.15713092000634 -3.3505926939327355e-13)
(916.27518115839098 94.560298343044366 -4.4603194368294145e-13)
(879.64240039181379 85.697875518397453 -5.6119198870109815e-13)
(843.85620058418112 77.376035138401207 -7.6130073099229095e-13)
(807.22981794814405 69.647873000390291 -9.7991825448392267e-13)
(772.42688267162612 62.891544266536499 -9.5959466749609499e-13)
(742.51830535598447 57.369200438229598 -9.3878871512945868e-13)
(716.96790665842559 52.89692434911521 -9.3454218521365746e-13)
(690.83034317765862 49.043046499750275 -9.965880880551004e-13)
(663.19917601082659 45.791570603267708 -9.1351066259794335e-13)
(636.41500591392366 43.327949607898709 -7.7693030231177178e-13)
(612.60690577932428 41.661729609291442 -7.1183169921545814e-13)
(590.71313075328067 40.291223278229737 -6.9203853029019373e-13)
(567.71543128028725 39.00999675703833 -4.8979055099831692e-13)
(544.38487776969384 38.097755570065658 -4.6668755806696483e-13)
(522.85711134566134 37.44613400203977 -4.3161380214458902e-13)
(502.37447587922571 36.78938030703479 -6.1210400136324805e-13)
(481.46083090810845 36.098558721151058 -4.9637473677212836e-13)
(461.18755646050391 35.406808132342633 -4.5774227611238943e-13)
(441.32953711727504 34.805671216879816 -4.2974164291792374e-13)
(422.35084486393788 34.028699280171935 -4.1518946957595935e-13)
(403.61283474164026 33.187994874068593 -3.8539730622085644e-13)
(386.32220668026321 32.166437220701845 -4.8918144109434842e-13)
(370.67357256427277 30.937557613902271 -5.6565784518308759e-13)
(1744.8237005533149 -92.048837857176579 -1.0123728938938723e-11)
(1756.8139490513179 -45.313097489105083 -9.3457856145002182e-12)
(1752.7178736201679 6.9092341936573476 -8.6559475361037477e-12)
(1727.5379692169754 47.558113720508601 -8.1935713200515024e-12)
(1689.7159378598299 79.77800994163826 -4.9141077647339255e-12)
(1644.2122042023909 112.10299188627876 -4.7832253301221658e-12)
(1583.3148734504709 136.80836559007483 -4.7251480935001876e-12)
(1510.9433900846932 151.58549790904232 -2.498389783429637e-12)
(1439.3192386111866 161.42592621904265 -2.4220971633346001e-12)
(1373.6427445051386 166.94408423205067 8.9097557958201622e-13)
(1304.633311334173 167.81799374126462 8.1278808114963641e-13)
(1232.5387940262601 163.61537174511056 7.656347481878618e-13)
(1166.4606639163812 156.15084686531728 6.6872176958515001e-13)
(1111.4377453712652 147.12251289447926 6.7190255098031672e-13)
(1061.6774346317554 137.37214217043891 4.4358599409040683e-13)
(1010.9179387408518 126.89331697373802 1.2584343695306299e-12)
(961.37589265429153 115.98160180230458 1.0934462334359257e-12)
(918.39984365951341 105.3437740129451 9.7557407500751307e-13)
(883.0857473289891 95.561523328324469 9.4792490869698006e-13)
(849.18183671911265 86.886541897990227 3.3345824019783954e-13)
(813.69989261339049 78.907628492374414 -2.0569267609656821e-13)
(778.93220789409111 71.847325472593553 -2.5858597037000835e-13)
(748.07765625822958 65.984996791099107 -2.2351350773228297e-13)
(721.57269977693977 61.105307356230568 -3.0144470875566964e-13)
(694.91102171868852 57.010471315874504 -3.0208273176071822e-13)
(666.61253742446854 53.506407157296863 -2.0338305920003632e-13)
(638.95383026464276 50.777581290217292 -1.4893232726625572e-13)
(614.23787944441165 48.821964481074716 -1.4261272667608402e-13)
(591.41254718326115 47.048178884654249 -1.2103715838563348e-13)
(567.54087310365708 45.419063675426436 9.5446052776186741e-14)
(543.71981858181857 44.276298014538085 8.5993460687772119e-14)
(521.74659942652488 43.340985484806247 6.0566932269642412e-14)
(500.76611790511095 42.318026969617357 7.8687822313915059e-14)
(479.67747221420558 41.419041719062385 1.1629507103917145e-13)
(459.05153945690301 40.491907063952027 1.3136777460977977e-13)
(439.06976808590031 39.612488569488711 3.4829986033906676e-15)
(420.25925130877545 38.647740882030618 -1.5078108103125158e-14)
(401.46943885972007 37.63055190597494 -2.8850364275061884e-14)
(384.27010029513451 36.419676413212741 -1.1934906667157056e-13)
(368.91038576904771 34.994869966114251 -1.5906826664969985e-13)
(1746.5815064900371 -99.800923438776636 -3.7490281045752227e-12)
(1750.9314468625039 -45.682213830843239 -5.6424542834001549e-12)
(1747.2064716080715 12.139998297442428 -6.4865625900757096e-12)
(1725.7799119744479 57.586111151169767 -6.8183883985320814e-12)
(1678.1720859315033 94.273040967040487 -6.947840769551224e-12)
(1619.8832756852757 128.04142602849461 -6.5473529430806532e-12)
(1564.7748399061188 153.65031376544695 -5.9443706813538413e-12)
(1500.3435644111432 170.61823666902498 -3.7972687306650435e-12)
(1422.0850573042846 180.15565512841422 -3.3753229392339025e-12)
(1349.7808751201642 183.48994095668357 -2.9615360268986611e-12)
(1286.3422517907372 183.34878218834149 -2.6033391155143205e-12)
(1221.2939940152335 178.79099306061025 -2.3087132364953738e-12)
(1157.5318047679502 170.20845626795582 -2.0712484655529427e-12)
(1102.8659509140718 159.58087175961876 -1.2089583794101908e-12)
(1056.2162279692827 148.64168050173262 -1.1442551500237066e-12)
(1010.0207701699665 137.43071794451296 -6.810079778823082e-13)
(963.54987111366495 125.88688164774248 -5.7044707118117539e-13)
(921.263663411067 114.70014038661897 -4.8695488357665545e-13)
(886.16204480720933 104.49201573398246 -4.173385812446199e-13)
(853.78057828019655 95.520233166356263 -6.9258812288330106e-13)
(819.45597669853908 87.355066578356443 -8.5597907978236806e-13)
(784.66568882161175 80.102333133550886 -7.6690717430382946e-13)
(752.65714786546926 74.089201932722133 -7.3235090819368493e-13)
(725.05326205362189 69.07118666533934 -7.7780425685218982e-13)
(697.92674439895166 64.680864543669074 -5.3248667868568314e-13)
(669.07956752304426 60.885018927171906 -6.1457556012053596e-13)
(640.754450477408 57.916702134478406 -5.8891632811826359e-13)
(615.24577617547527 55.751207332072475 -6.5906239657528778e-13)
(591.2327677510043 53.544487097810382 -7.3550238167357474e-13)
(566.50565133993371 51.57800579773626 -6.0830209108337573e-13)
(542.84905140122873 50.172248185456716 -5.7894401092815867e-13)
(520.45596955138456 48.942623878934725 -5.4787362263253158e-13)
(498.78435471630985 47.561562204077219 -4.9871380185028497e-13)
(477.64325790845112 46.382141157419866 -4.5393122608853981e-13)
(456.94148747981131 45.258693992761891 -4.0738382672736871e-13)
(436.74914979120649 44.102266887104072 -6.3052979160621727e-13)
(417.96945525707741 42.892862173315542 -5.9260265465410075e-13)
(399.24420792408478 41.710505165144163 -6.1204084207099528e-13)
(382.21148517510613 40.332939967506782 -6.4454966098756803e-13)
(367.03663525349708 38.704925947483247 -5.8203382781949518e-13)
(1749.0158912858285 -106.71463915429655 -1.1973721351876003e-11)
(1750.6532459560481 -44.935646163057044 -1.5930367272058381e-11)
(1735.9684527427255 20.223615559083711 -1.5366110161570253e-11)
(1713.1435186284655 67.944575362749646 -1.4505517493564594e-11)
(1672.4181651626764 107.79671635874014 -1.1606420036959999e-11)
(1603.6032668256685 145.40401853963868 -1.0614868115196618e-11)
(1538.9406053341363 170.5299563261155 -9.0684248676693964e-12)
(1479.8707975257437 186.39237226453793 -8.3204667381331584e-12)
(1405.3550814640787 196.5411124535035 -7.4445114676031116e-12)
(1331.3849069966197 199.57149005317871 -6.6930750240499858e-12)
(1268.8478598444906 197.3203917800422 -5.9133329521341683e-12)
(1208.3955775673169 191.07210593910327 -5.2656519385159912e-12)
(1148.2751764371644 181.51303317417273 -4.675273198698006e-12)
(1095.6700877821079 170.19714348751222 -3.6805618894351912e-12)
(1051.9050002451568 158.30189846669938 -3.2503991055907807e-12)
(1009.0866951311469 146.20782165325406 -3.1654963128953318e-12)
(965.24393968032052 134.1470085239207 -2.8459787544243989e-12)
(924.39034891724066 122.83365079109186 -3.0983959833693354e-12)
(889.79798098146046 112.73790129310946 -2.8218369062550859e-12)
(857.59335563031823 103.44911836849444 -2.6475828524205946e-12)
(823.14981884228996 95.045307040719422 -2.5811055201889386e-12)
(788.35703275990477 87.718231648659568 -2.5069995980306917e-12)
(756.59156570430946 81.85514282516894 -2.3975700220585432e-12)
(728.30157125341907 76.753313038732585 -2.4985796711859209e-12)
(699.29699471521155 71.979536021730667 -2.143707132068564e-12)
(669.37400242274452 67.908863838325956 -2.1015774063133035e-12)
(641.53179070550402 64.771696459500347 -1.9776088161543961e-12)
(616.09533400596683 62.311265688700558 -1.9146675404510013e-12)
(590.19517712301626 59.739754892190291 -1.8649636960610914e-12)
(564.50280455115615 57.491447538663209 -1.4758979642999588e-12)
(541.28396291846661 55.715443318533374 -1.4064460001877507e-12)
(518.95654099412218 54.182608015266581 -1.4155301362862152e-12)
(496.3826751340722 52.523955992700749 -1.3902289235595456e-12)
(475.03495738556234 51.021346626007492 -1.2255507578174263e-12)
(454.57116620938615 49.65682708383504 -1.2006618121226228e-12)
(434.06990697637946 48.256270153184403 -1.2846857284842855e-12)
(415.15474210105913 46.809482177001009 -1.2338395323398295e-12)
(396.67394648128959 45.44027315812842 -1.1716427302342462e-12)
(379.84140622898485 43.901456302494118 -1.1185689853467511e-12)
(364.79256292415806 42.082785413571123 -1.0162430104367965e-12)
(1746.2484016828325 -111.19941428386866 -2.2674492551918349e-11)
(1750.5704089243427 -43.64165386062227 -2.4214486094661423e-11)
(1733.0207420169716 29.074820430570785 -2.1407658988614996e-11)
(1694.1720875811041 80.795949218516526 -1.9541061007029145e-11)
(1652.992433691089 120.69318904870973 -1.5776816011040308e-11)
(1592.0713508222148 161.49053217393467 -1.4298561531235461e-11)
(1519.5110369410493 187.89791361761721 -1.3341993505761337e-11)
(1453.6606164026587 201.19754021665483 -1.2214190809042249e-11)
(1384.4103355706859 210.52503669451832 -1.0984662704901745e-11)
(1315.8541638673589 213.59208913517455 -9.9048544447560694e-12)
(1253.355255490115 209.49292301787963 -8.8153981668030121e-12)
(1194.1466782940497 201.08580792062423 -8.1207042081938245e-12)
(1139.2006544089404 190.70956163516101 -7.3930231838162632e-12)
(1092.4753693870227 179.24181251227321 -6.3884606393079805e-12)
(1050.5168403235314 166.54780488155546 -5.8721479316086187e-12)
(1007.6049554601735 153.52433496449598 -5.7868448682218401e-12)
(965.28211297619202 141.16998322460907 -5.4122942182982895e-12)
(928.05574633907736 130.19543838039664 -5.5625146820379182e-12)
(895.05643591195292 120.26629250553223 -5.2135469631183805e-12)
(860.45774662639121 110.73541271233454 -4.9623841552954161e-12)
(824.20599515860545 102.218651677599 -4.8037965641574133e-12)
(790.3614455196556 95.031403463016417 -4.5693193881121042e-12)
(760.71644040871661 89.254814968413385 -4.3350130445008878e-12)
(731.05449340114603 83.908943890292917 -4.2425250479927728e-12)
(699.35288457758372 78.930712274648087 -4.0023752411657097e-12)
(668.48602783530487 74.697515816985785 -3.7584226976977625e-12)
(641.34504616735876 71.264568772936158 -3.5964182349637083e-12)
(615.96233891346105 68.346345228424425 -3.4105861808065184e-12)
(589.19873390180442 65.654526635448491 -3.2030211621978029e-12)
(562.77184853023664 63.17205471057666 -2.8758427075220387e-12)
(539.10708555992051 60.907637845696641 -2.7209507038580354e-12)
(516.84106307707998 58.9928563283299 -2.5495931250128989e-12)
(494.06609661922676 57.191481496109262 -2.3899645349158068e-12)
(472.31298468306619 55.386697675686008 -2.186366352148205e-12)
(451.82324378202981 53.689965852668308 -2.0588039107266782e-12)
(431.38982876561346 52.083629379198626 -1.935857840460873e-12)
(412.40416196491373 50.451623925615763 -1.8719388565678055e-12)
(393.92543786420453 48.847796269539387 -1.7847877251259994e-12)
(377.30345939124254 47.140524637607328 -1.6751013761560221e-12)
(362.44832791254333 45.158962789505011 -1.5221885193712887e-12)
(1744.4670810044004 -113.62321801593151 -2.342923954040608e-11)
(1742.5755582547085 -39.786616747604668 -2.1184126160607448e-11)
(1728.4944641201187 37.791150653187593 -1.9050663215804019e-11)
(1685.2549901927873 94.375077136691942 -1.7157094583575484e-11)
(1629.1228453006754 135.3684812746059 -1.5796266810664287e-11)
(1570.3260279799615 175.80560994359223 -1.4295662053874711e-11)
(1503.027235196409 203.58720082591054 -1.2943502242896927e-11)
(1431.4048846205249 216.0250665237441 -1.1984552271214093e-11)
(1362.1541793143238 223.12654029802326 -1.1234148766338853e-11)
(1300.0675547625294 224.983431044718 -8.9260663260512642e-12)
(1240.0071665995386 219.61458041305698 -8.2386611900805986e-12)
(1182.13105649203 209.75332808397806 -7.6373228141828384e-12)
(1132.1937195887924 198.50159270521064 -7.1988266976823963e-12)
(1090.2913799452535 186.3428132092339 -6.2211813181827505e-12)
(1049.3696117569957 173.13651826915424 -5.8996690471399389e-12)
(1006.4800068115829 159.92443045615397 -5.3919491551079649e-12)
(965.92778690080479 147.71533127093073 -5.0837307071438769e-12)
(931.40167936193393 136.85481949006589 -4.8133339469088724e-12)
(898.69548189442901 126.80814762709447 -4.5110560093808296e-12)
(862.88702291935454 117.57099414987165 -4.444679347316763e-12)
(825.69454453882349 109.31944948696068 -4.511975768452682e-12)
(791.54614752296538 102.13802294390503 -4.2768432985405728e-12)
(761.8426351851823 95.879364179054079 -4.0341858795668495e-12)
(731.83229957599497 90.454229429680822 -3.8020764830263886e-12)
(699.64101618476377 85.635663178304497 -3.5737911780588203e-12)
(667.94892017833206 81.259248987269501 -3.3842660692046258e-12)
(639.7846851607909 77.331350544558006 -3.189868263344899e-12)
(614.37547339932348 73.918751456563641 -3.0086701972835187e-12)
(588.10948258463623 71.179514211467279 -2.8554652957975685e-12)
(561.23387858547869 68.463823360021635 -2.6182516990251966e-12)
(536.19422952690013 65.765674296558444 -2.4593200562945117e-12)
(513.91795827878605 63.478065373671789 -2.3376025633569041e-12)
(491.82698485849465 61.490333660437734 -2.2249087615316713e-12)
(469.77335622968008 59.467718786571538 -2.0294049880570204e-12)
(448.80313023293229 57.454122771143368 -1.9068364710794765e-12)
(428.48166134621073 55.58702877677991 -1.7904687958291472e-12)
(409.73464625663814 53.788406607688025 -1.6865903716185349e-12)
(391.17395235517955 51.986364531381852 -1.5749400618532978e-12)
(374.65458357626159 50.101741404610529 -1.5251399683764773e-12)
(360.05721335128777 47.957787217779362 -1.4737335961472178e-12)
(1744.9169944929195 -115.42590886039328 -2.0390038791410327e-11)
(1738.3162070939077 -34.047391094422487 -1.9899116346996261e-11)
(1714.1645660221914 48.283075276266295 -1.683490859359057e-11)
(1672.2457869280004 107.29421333675253 -1.4780867855167812e-11)
(1615.058014623216 150.70400828273125 -1.2923974320381612e-11)
(1547.6074933052353 190.3877249925541 -1.1496831741390073e-11)
(1481.0596696565071 216.94404302925972 -1.059035221495793e-11)
(1410.8700836580142 229.31940202763172 -9.6975008851116872e-12)
(1342.0757813926102 234.74716515764669 -9.0778970815933414e-12)
(1284.1860160259996 234.34655658899425 -6.4354981924616332e-12)
(1228.1755341968096 227.73169396783567 -6.2370001438340239e-12)
(1173.1328773533571 217.08274642455171 -5.8131282892647597e-12)
(1126.17202390687 204.77195581893409 -5.6046012390987512e-12)
(1087.3033273988569 191.71616416506723 -5.2764569036821211e-12)
(1048.7702489296507 178.5951448118941 -4.956952353363637e-12)
(1007.446841864819 165.86782855186772 -4.4441323163921724e-12)
(967.42811003462009 153.86612562939177 -4.272780169366446e-12)
(932.69500824890827 142.72739959069619 -4.0834332944230982e-12)
(900.19451215800825 132.70569748896492 -3.8479728559047305e-12)
(865.02639106044626 124.04485148828674 -4.0356395503762901e-12)
(827.70012509938749 116.13062973982765 -4.0256201770477022e-12)
(791.89597063135182 108.79412994378876 -3.8065331997953388e-12)
(760.47440730048413 102.07392836418015 -3.5298812243431546e-12)
(731.20102214987617 96.584127025046939 -3.3607595531855239e-12)
(700.10905529862066 91.935737382960241 -3.2276540307310944e-12)
(667.96617644050468 87.397855953282559 -3.0195685960972118e-12)
(637.72526950423344 83.002939693573737 -2.826785569286612e-12)
(611.28689343196788 79.161760615638627 -2.64101512593761e-12)
(586.05584210352117 76.236834813832317 -2.49692237235547e-12)
(559.64214186631625 73.316163426002817 -2.2270647647629718e-12)
(533.98034138618482 70.373539676937483 -2.0644356877882825e-12)
(510.84749585737859 67.714962261208157 -1.9278400100427962e-12)
(488.76311525725504 65.385648153883537 -1.826274839599529e-12)
(467.10635377633093 63.198493957646519 -1.6301325585590483e-12)
(446.06621681233389 60.979132914043106 -1.5435290223295011e-12)
(425.55628514168245 58.828359477195782 -1.4353648925729677e-12)
(406.94409882547239 56.817842072254088 -1.3544377402213309e-12)
(388.49067155083162 54.859074751143829 -1.2902025701859736e-12)
(372.06164521816237 52.82067927971449 -1.2988710472563198e-12)
(357.67825334395729 50.502294395753779 -1.2822440093835204e-12)
(1740.6879922691921 -115.38885210448615 -9.1236496405635123e-12)
(1737.03619386792 -28.100305994271434 -1.0229003656218225e-11)
(1703.9281428173081 60.230990964470635 -8.7348535661295313e-12)
(1651.1339121883052 121.09733953799351 -7.5529650144568422e-12)
(1594.5959189320567 164.69159566128451 -6.6933139841010678e-12)
(1529.7170965757475 204.47766193022321 -5.9378223875462829e-12)
(1459.9022303651482 229.51441042818533 -5.5065906029038905e-12)
(1389.1524070421713 240.90159491320517 -4.6208031217159403e-12)
(1323.4837606274245 244.75029175478838 -4.3148970908192957e-12)
(1269.9971595445352 242.03706774944928 -3.5512592380282824e-12)
(1218.2547533335298 234.17493076955788 -3.8852802122468467e-12)
(1166.6478472541371 222.96098302452509 -3.8446432080947126e-12)
(1121.2929029408845 209.86234367271277 -3.7899404210805866e-12)
(1084.0662507372863 196.11163912597169 -3.4218027658410372e-12)
(1048.6443967408816 183.31516504173848 -3.3737384527502992e-12)
(1009.9744867885449 171.25863209875496 -3.290910717450061e-12)
(969.65964228618111 159.51469951933336 -3.1503383214472491e-12)
(932.07763584133079 148.16622378782989 -3.0224832587539964e-12)
(899.02684486757823 138.1785655844395 -2.9144144390345178e-12)
(865.85722681203424 130.04925398562068 -2.9065440691534501e-12)
(829.76188089733307 122.47981926670802 -2.9175659223222468e-12)
(792.76392033548473 115.0457228374063 -2.7272219627191177e-12)
(758.54306045031387 108.04449516584646 -2.5679664039997232e-12)
(728.69878693830651 102.32730855281125 -2.4311753001689927e-12)
(698.89745689911706 97.627821190375954 -2.2865904480774324e-12)
(667.27034288359982 92.959207282357866 -2.1654805662774024e-12)
(636.25152813874695 88.322105278582427 -2.0126291309449713e-12)
(608.65746992285347 84.23482398071458 -1.8716070953444129e-12)
(583.35057563140242 80.922070555677962 -1.7962889791667588e-12)
(557.13828875449212 77.712349071732191 -1.5408343090609187e-12)
(531.53984424570547 74.593688633945803 -1.4393838145059215e-12)
(508.13669332785383 71.689625224496012 -1.3702605114960404e-12)
(485.90551946343732 69.049397364956405 -1.2450678415364696e-12)
(464.32263266568356 66.611854832655382 -1.0523793052766887e-12)
(443.27782140759854 64.2037027715769 -9.9459129405984401e-13)
(422.73737540268371 61.822610539980239 -9.3353997094522108e-13)
(404.20244312691409 59.59510482032573 -8.7974388174830277e-13)
(385.82632995941657 57.476631639964907 -8.1884243278921415e-13)
(369.51924433142528 55.308260393991169 -7.8720686398071736e-13)
(355.37735515749512 52.811370629271394 -8.5217370785853046e-13)
(1734.7973718632034 -112.95455526859392 -5.2791532891635091e-12)
(1728.0514293763804 -20.562446697570987 -5.2419949664899594e-12)
(1696.5486479618437 71.845856085061001 -4.8954955353471632e-12)
(1636.6786271246233 135.93726517914752 -4.8492677582154774e-12)
(1569.7915718809957 178.97636527479861 -3.4755265284253439e-12)
(1505.0484363312855 216.49033015147251 -3.2655089906105643e-12)
(1440.678455822014 240.79692532355648 -3.2220763502072857e-12)
(1372.276946731105 251.77949932597306 -1.6655932934990075e-12)
(1306.0707412823356 253.30620630962639 -1.7882745892236912e-12)
(1255.6550191355052 247.93694046591972 -1.830922074136728e-12)
(1209.9810185996541 239.02656367598433 -2.292451434358173e-12)
(1162.8019427568299 227.54418157171193 -2.2888917663842279e-12)
(1118.4180773339995 214.06064790372355 -2.367647076308619e-12)
(1081.0751597892877 200.05420279697344 -1.7829558928191716e-12)
(1048.0364826634132 187.47613489400842 -1.8214434649310624e-12)
(1011.6791918873096 175.932362057581 -1.9189644693017809e-12)
(971.681408751091 164.59353700431751 -1.9827522474305334e-12)
(932.20257894078748 153.48138348864495 -1.8384762212140225e-12)
(897.52006209597232 143.65890770111176 -1.6699227880707562e-12)
(865.0641643576447 135.62716523602063 -1.7192829428358612e-12)
(829.69526942875973 128.14104766629742 -1.7837688527875342e-12)
(792.51871238614922 120.71045283474832 -1.6879779664393215e-12)
(757.29152315270358 113.73560717430489 -1.6087689560117995e-12)
(726.65897466064905 107.9205598650847 -1.6341501208881687e-12)
(696.93830562952735 102.89574207073186 -1.379511235647906e-12)
(665.37558400359524 97.978299414365424 -1.3026015265526212e-12)
(634.18363780952393 93.174519693157251 -1.2313703236491733e-12)
(606.25424897377115 88.975203692899626 -1.1366480723406892e-12)
(580.750876407345 85.302655517193401 -1.0511364702866517e-12)
(554.44896116045788 81.779122489149586 -8.8770686319917206e-13)
(528.92326024171359 78.472912054528322 -8.2785837485070878e-13)
(505.39503272444909 75.35125770782831 -7.5637121700436288e-13)
(483.06680424447541 72.421983703138025 -6.9596004307343686e-13)
(461.54477473670397 69.754680887257251 -6.3911606439019863e-13)
(440.57865042558586 67.175064633064125 -6.0609461173755579e-13)
(419.97769043128227 64.562590051831634 -5.7410488621267103e-13)
(401.45149794103986 62.131952097233203 -5.4180879537415025e-13)
(383.23304846214177 59.872511496697307 -5.0438059090266102e-13)
(367.09946777794318 57.588693589246589 -4.9624950282272339e-13)
(353.20581936967022 54.900093579251894 -5.4995930192981258e-13)
(1731.9985232685806 -109.32678325420184 -6.2115887861229393e-12)
(1715.7745848376096 -10.760919537200829 -5.7262415695191103e-12)
(1680.4314146704646 83.972446493081449 -5.3318641266243406e-12)
(1626.7440750764422 149.79285881011273 -6.6590874323617461e-12)
(1553.9718810172569 193.5232743965916 -4.9103198788287504e-12)
(1475.9766246240204 228.06694074393144 -4.4066688622538952e-12)
(1417.185742296931 249.84032674165877 -4.2653637050224032e-12)
(1358.9961202526654 260.86959682992335 -2.5100481024341667e-12)
(1294.7641294018408 261.1385338877418 -2.2783637219143313e-12)
(1243.1026836848214 252.90229524376866 -2.0360951573637753e-12)
(1201.5212272308686 242.34980911846409 -1.9274304809618278e-12)
(1159.1293211112404 230.73747430006497 -1.8615005744544954e-12)
(1117.0752456736504 217.53304913821395 -1.8590562890550323e-12)
(1080.2336351765202 203.95014122744925 -1.2766391082833973e-12)
(1047.515011928333 191.35045867888044 -1.2737709964403441e-12)
(1011.5957085423832 179.99088982257791 -1.0501293271080677e-12)
(971.58833238253555 169.03111016159139 -1.0153449320475813e-12)
(931.8934428442542 158.42444071287929 -9.6669153752406485e-13)
(896.92416457195134 149.10586391107034 -9.1807695785399602e-13)
(864.070374231458 140.93974962139049 -1.0290965364190298e-12)
(828.29783830601582 133.30755701334951 -1.1090474648477554e-12)
(790.85582075630532 125.85110211147182 -1.0767110798015058e-12)
(755.68596087969843 119.00353267570405 -1.0821752305865331e-12)
(724.91958785005818 113.18939254873216 -1.1391402739517853e-12)
(694.68018794499494 107.76947588216625 -7.5163404520451937e-13)
(662.7468245603061 102.5526181233309 -7.2140055148164703e-13)
(631.61321422593358 97.624953697879391 -6.7502000190865321e-13)
(603.94815331148266 93.359143587529005 -6.4325858024720579e-13)
(578.14344878363318 89.345925516302501 -6.4786586854159449e-13)
(551.52986211973587 85.523452714295829 -5.1332137758922099e-13)
(526.17064291638076 82.024246287524292 -4.7174673347291513e-13)
(502.77923490310098 78.728500198115398 -4.7383256232616805e-13)
(480.23986737430982 75.537020188970686 -4.5047206885876317e-13)
(458.81551438404648 72.645800245843986 -4.3829891450146955e-13)
(437.98060319778295 69.89969607229213 -4.2515256870032446e-13)
(417.30046067999984 67.078182382157095 -3.9588411587837301e-13)
(398.86120351542149 64.471651965385959 -3.750138184826983e-13)
(380.7907126680725 62.07197935198748 -3.4483521366912456e-13)
(364.7816630799893 59.675424960080484 -3.3883131853079364e-13)
(351.22166042501289 56.774551823324281 -3.7459880452360046e-13)
(1730.6294647250775 -104.87967486201036 -6.1385449870679846e-12)
(1705.7794608364304 0.35944368239497809 -5.9632030758447384e-12)
(1659.2151716989549 97.512142890687329 -5.4505177437231083e-12)
(1608.7145289757696 162.20991116715015 -6.9940770883798463e-12)
(1541.0625073923632 206.48208306757027 -5.2983553584464271e-12)
(1455.2714156009483 240.05713943053948 -4.5795499004255147e-12)
(1391.6026415151355 258.0004055654336 -4.2352300981895771e-12)
(1342.8410677463246 267.28750750862162 -2.8415371324037164e-12)
(1285.9301292296996 267.13715588498303 -2.5597271894727499e-12)
(1234.085543956943 257.13909410283367 -2.3253507315488967e-12)
(1194.4171034799392 244.78797771926679 -2.5087175628566348e-12)
(1155.8513907691301 233.08101965720741 -2.3254276207718941e-12)
(1116.2936496396828 220.56776406319011 -2.1572429630640793e-12)
(1080.5765621406047 207.49401765987923 -1.8134523960541452e-12)
(1047.1458175628616 194.91311847852236 -1.6740465279494994e-12)
(1010.1403516197339 183.62873677190396 -1.0981742021621855e-12)
(969.64842584763403 173.09583906493623 -1.0188634223153891e-12)
(931.13426659903894 163.20881462957459 -9.7360465661297666e-13)
(897.14367337239355 154.26053274813614 -8.9438826624615498e-13)
(862.86085669724173 145.86350131002149 -8.4523238018878037e-13)
(825.58475366646064 137.99899340486493 -1.0994243493635973e-12)
(787.95947492171592 130.55722460959382 -1.0629794296049654e-12)
(754.03232127493288 123.95468492894489 -9.9402364485916855e-13)
(723.6201886340682 118.04827089161694 -1.0371211683608465e-12)
(692.28855217815465 112.25979315893886 -9.0558623206635924e-13)
(659.6806390054976 106.76903548875811 -8.5581998448049882e-13)
(628.80620956042435 101.75846349091628 -8.7169135358368747e-13)
(601.77807674316546 97.376076214471951 -8.4379105759607084e-13)
(575.77665736154813 93.081230779031586 -8.0137818163187444e-13)
(548.85575539360593 89.011639263959665 -6.2128124299967707e-13)
(523.41334731395091 85.314202443936253 -6.4195538786796238e-13)
(500.27248149325737 81.815996086336327 -5.9297405571379437e-13)
(477.63797121290548 78.428723172240083 -5.7097057659558704e-13)
(456.1725399912379 75.314561727832668 -5.2956924462712952e-13)
(435.52482286229258 72.396927461392565 -5.1288089000214687e-13)
(414.79729353861364 69.398970995808469 -4.7410831645271459e-13)
(396.34907226471671 66.615490305603544 -4.6440781277596115e-13)
(378.42039426691957 64.080001611984542 -4.5021074184416797e-13)
(362.59017892867155 61.591305009641538 -4.1683347285518735e-13)
(349.49933468756046 58.439579611277253 -4.0151473373796327e-13)
(1728.6787451953442 -99.612646294171228 -6.53397050768579e-12)
(1698.4222116559613 12.12592834847216 -7.9376232908422949e-12)
(1638.4383098075602 111.86684149973847 -6.7253450942226849e-12)
(1584.8205368444578 174.3915319833356 -5.9981294193813689e-12)
(1523.927907030675 217.45414229057747 -4.1773905850449596e-12)
(1439.224820299193 250.78537152905608 -3.8093930400237288e-12)
(1370.2292157832203 266.13767447768498 -3.604255979702302e-12)
(1325.0274358279257 272.11704088161565 -2.734671291450523e-12)
(1277.5164800890695 271.08365061178142 -2.5494492187634509e-12)
(1228.3676075038525 260.46630467888593 -2.7721743131074365e-12)
(1188.6104814236785 246.68074234568812 -3.3277141233269183e-12)
(1153.4564498712914 234.90835304185427 -3.0571006012720502e-12)
(1116.0612062105713 223.37354021351229 -2.7757698430975808e-12)
(1080.0315608877365 210.53837568561912 -2.7087921908663749e-12)
(1045.8733209618429 198.00641466752822 -2.5491656807111293e-12)
(1008.4145524006292 187.09957931393043 -2.1450319022144959e-12)
(967.84339957731106 177.25055864939645 -1.9504056084531193e-12)
(930.20662598716876 167.81310598710229 -1.8400976140633944e-12)
(896.18588391508194 158.70692281865573 -1.7095269912559373e-12)
(860.79533847569098 150.27431873922532 -1.6529089005381663e-12)
(822.66398412891317 142.45943085589263 -1.8523409525661848e-12)
(785.1863303563822 135.10482504061125 -1.7443617935265068e-12)
(752.07746381260381 128.50327431590966 -1.7016299949517566e-12)
(721.66396068568554 122.32078550091026 -1.8362803630718889e-12)
(689.89916676608436 116.39813773740737 -1.7273396634887716e-12)
(657.02664090685425 110.76445017353961 -1.6630565363597675e-12)
(626.10273505613566 105.63058344064474 -1.5506283592359803e-12)
(599.20559203584719 100.99676543904087 -1.4810811297138166e-12)
(573.30374692421219 96.47216728008388 -1.3994006864811018e-12)
(546.3446175460499 92.224154037644738 -1.2839594680278029e-12)
(520.89170329096476 88.396128056602947 -1.1885956432577028e-12)
(497.6911722717486 84.63111168026883 -1.124528418032154e-12)
(475.08400149636458 81.069819253408681 -1.0539735612500932e-12)
(453.67080134302432 77.787267369174231 -9.3866058794778996e-13)
(433.17930837267011 74.688037298860877 -8.8886250192878399e-13)
(412.49361953937574 71.534508920512195 -8.4928248804750997e-13)
(394.03019196249858 68.601724746124859 -7.8757793308754344e-13)
(376.16134504318291 65.930582226826857 -7.2064434830251364e-13)
(360.53779278839022 63.350274143537362 -6.6237713594783275e-13)
(348.15871941918135 59.882494215732031 -5.7270898519589851e-13)
(1722.118495204759 -92.538035898342969 -5.0844104096454179e-12)
(1691.7102680435669 23.981231651690113 -6.1196990176099027e-12)
(1621.7053561483908 126.45350224101898 -4.8555680640239892e-12)
(1560.2381556374005 186.53199086766068 -4.0097845471194139e-12)
(1501.5167312816639 226.81409767476725 -3.4353305295600056e-12)
(1422.2651860474707 259.75159513611214 -3.1627664636777322e-12)
(1354.0298127956198 273.60610735458334 -3.1975092479764013e-12)
(1309.7845868243653 276.43963976202957 -2.7056733027055672e-12)
(1268.9188256940329 273.40636497789319 -2.5674024184559293e-12)
(1224.4767847824253 262.5497738665436 -2.8454400711386216e-12)
(1183.5231120932754 248.21396854517045 -3.3707135850169948e-12)
(1150.7094375163772 236.35181867890356 -3.2505971443099311e-12)
(1117.1939977651757 225.89518688226229 -3.109519380706763e-12)
(1079.312081933525 213.45601631867473 -2.8426013704965371e-12)
(1042.4870355133305 200.77294176697009 -2.7266538498540847e-12)
(1006.4411248889086 190.33505393738068 -2.4515734086182552e-12)
(967.4457933185829 181.43182754145116 -2.404333032227526e-12)
(928.42629501998363 172.00872401620956 -2.2873549265702622e-12)
(892.74031193830615 162.50205782703881 -2.193231714497193e-12)
(858.03512653552036 154.28320174025245 -2.1855010612021505e-12)
(821.16101624718272 146.8168771425392 -2.2576246139638339e-12)
(783.39417014170772 139.45635587918096 -2.1135464353857522e-12)
(748.69650285358955 132.48671219172235 -1.9874806881818674e-12)
(718.11664565013848 126.07999076158505 -1.9761006499019589e-12)
(687.41770507525985 120.18210779524237 -1.7239240654719756e-12)
(655.03055146090071 114.50534503686048 -1.603696948725206e-12)
(623.68865746812958 109.20834559986064 -1.4748877206023917e-12)
(596.26768424987165 104.31198398135334 -1.3383648313351145e-12)
(570.36724079817748 99.502457896457102 -1.2702897944938176e-12)
(543.55839276805216 95.133736985884866 -1.0470483874862798e-12)
(518.52554301895725 91.223432774492082 -9.7695310650531383e-13)
(495.11360771577 87.209609208703966 -9.0941392742976783e-13)
(472.43400626203891 83.465170512520316 -8.3896364319580451e-13)
(451.17236451737665 80.042460275365443 -7.19138416628642e-13)
(430.86380797169812 76.774765352020893 -6.4167379536960722e-13)
(410.233875398934 73.473507655321356 -6.5436513868634592e-13)
(391.82520607994923 70.419836152026747 -6.2986175239939348e-13)
(373.9580861377292 67.632391939943417 -5.9243893649728356e-13)
(358.52372418181773 64.951764448633739 -5.7690316929158631e-13)
(347.22564442229606 61.062186764826841 -5.5161758188563392e-13)
(1711.3039069119795 -83.052763608332143 -1.77305503410437e-12)
(1678.8130707262565 36.456883188562749 -2.166225066133109e-12)
(1608.7669726454526 140.3727860580895 -2.2885490998738164e-12)
(1538.8865804515174 198.5011649017963 -2.3198869557848791e-12)
(1476.7892966051813 235.39813880363329 -1.2218759337288896e-12)
(1404.0508903325572 267.09549686737216 -9.8736698967546455e-13)
(1340.7916130698868 279.89906729198208 -1.3141934345949514e-12)
(1298.4885148515571 280.28943027017391 -5.8022598321374883e-13)
(1261.0273994049862 274.78490057418446 -7.651126011429096e-13)
(1220.1867879752097 263.41041032331867 -6.3024151674548876e-13)
(1180.3689758916869 249.53612257595424 -1.0961815706082885e-12)
(1147.7241488209359 237.82043750988973 -1.2873967353385713e-12)
(1116.8968240664742 227.78815696309778 -1.2920679935872201e-12)
(1079.7462626431302 216.22282126533597 -1.1094221433415276e-12)
(1039.2399070609076 203.699250537469 -1.1365902604780764e-12)
(1002.4477864070334 193.27920596999334 -6.7922193833413401e-13)
(966.80470628698481 185.10341518510023 -6.3149692712768466e-13)
(927.53915559001553 176.00329274368997 -6.0429293761549885e-13)
(889.14725102814293 166.24909892725509 -5.972117952369285e-13)
(854.30139690373653 157.94493958706252 -6.8989543404880953e-13)
(818.95527127044124 150.64323830660365 -8.6178165342895498e-13)
(781.68200626794385 143.37978606355503 -8.1670884730506808e-13)
(746.13323268439001 136.32158531580131 -7.918244778735058e-13)
(715.01510330990095 129.72809310733427 -7.5947283167869848e-13)
(684.45948698222878 123.56440265792506 -5.2830972303266061e-13)
(652.20525847540068 117.76912939403374 -4.9250877369043848e-13)
(621.18567953962054 112.47133503017001 -4.6129539028679231e-13)
(594.00494831147773 107.47144470000293 -4.2386183197704952e-13)
(567.55903961782326 102.29172812275863 -3.7541338197280636e-13)
(540.72560030745728 97.823998320234637 -2.4396057996956145e-13)
(516.22565275650379 93.795526145035595 -2.4743043413530597e-13)
(492.70721432005644 89.587328187163763 -2.4432279239339266e-13)
(470.07126266234684 85.698875406321804 -2.3804103576257291e-13)
(448.91979859817644 82.134529382597648 -2.0737608878227082e-13)
(428.73326723136842 78.698443832987238 -2.2171990311187139e-13)
(408.10468315095824 75.261457602043365 -2.4247035005195695e-13)
(389.84287526341024 72.103925506382126 -2.3202303524883487e-13)
(371.9527520386784 69.22274392426786 -2.2744702744636556e-13)
(356.69405665776844 66.435690119050292 -2.4547116921496667e-13)
(346.89069218208124 61.944806531310739 -3.3525335132250365e-13)
(1701.7720304956988 -71.993239457237465 -3.316226197991318e-12)
(1658.8874071842129 50.46194209509072 -3.0925086096194507e-12)
(1593.8430406053492 152.93663887265987 -2.7000710165284496e-12)
(1523.6943311253874 209.92027561701943 -2.4909159988085164e-12)
(1454.9366845476868 243.97635015299264 -1.4188721337125898e-12)
(1383.9454508698107 272.99464091362665 -1.2472013888143579e-12)
(1328.7825950218053 284.67566142678845 -1.1876430066073767e-12)
(1290.8382771406507 283.33864391990295 -3.69481736343658e-13)
(1254.9873934239424 275.59955022075167 -3.5213121131911261e-13)
(1215.7969854882917 263.69369305773535 3.6427725773178317e-13)
(1177.9735771887561 250.54318189504576 -4.9947252040850017e-15)
(1146.3558882615471 239.51564011256025 -1.3720865833782081e-13)
(1115.6028212967319 229.51347402307675 -1.3110685611659901e-13)
(1078.4076315308146 218.34528685533186 -3.2099979282967702e-14)
(1036.915612131633 206.57883107040317 -8.1606750377273306e-14)
(998.8577749424577 196.4387287237 2.4771483367742868e-13)
(964.64550258149984 188.24302804341445 2.2118193121537204e-13)
(926.21332050346905 179.45910280620157 1.7620929286148661e-13)
(886.41419811544768 169.92599960281595 1.8925776364927026e-13)
(850.89077739674644 161.50639913338571 8.8664511359210615e-14)
(815.96722427939983 154.01984290966993 -8.2838676480316518e-14)
(778.96124467807374 146.79265214469339 -8.2053163147191745e-14)
(743.72263939302707 139.88782032611581 -9.3708023984977982e-14)
(712.55919635207692 133.16619774801819 -3.3056707471826059e-13)
(681.36436613721287 126.61531616498635 -3.3172526389853213e-13)
(648.83205996456502 120.70181705587115 -3.3350340768825927e-13)
(618.83653885622709 115.54071525891388 -3.2058451197591218e-13)
(591.89354710536213 110.28651962512298 -3.035889131334286e-13)
(564.46970676710964 104.80018082341695 -2.9835913814353799e-13)
(537.93571183978668 100.32732121951227 -2.550238396043802e-13)
(514.05517525241316 96.11911705270326 -2.3739029130996384e-13)
(490.30296516702538 91.752892339739148 -1.9727636700029921e-13)
(467.73304938157804 87.718810874787266 -1.6977381457857449e-13)
(446.67313029518505 84.040778190506188 -1.1164816527972786e-13)
(426.66634863857684 80.440689683911401 -6.7664923733182562e-14)
(405.98989575288459 76.890778089841064 -1.1592543091486173e-13)
(387.90557286511103 73.622927227989564 -1.0426986043293288e-13)
(369.88705145621702 70.675262978806757 -8.839162910318127e-14)
(354.96167587416448 67.780568869632361 -8.7793809072115972e-14)
(347.84892563013045 62.592626978450291 -1.6701003185011646e-13)
(1695.8578445128226 -60.562619288819377 -4.5010213026311441e-12)
(1638.8602400482132 66.021723024026784 -3.9322210614068729e-12)
(1573.2455175776761 164.52403867844413 -3.2973261105744292e-12)
(1510.8525753869321 219.47362116840981 -3.0519602658852569e-12)
(1438.8409503540468 252.60992402240899 -2.7918783097086983e-12)
(1365.4857836710094 278.73595392937693 -2.3742614069491569e-12)
(1317.7366060865968 288.15090504697275 -2.1421461551213509e-12)
(1285.4694156233547 285.22717045258469 -1.225277774723038e-12)
(1251.0180239626493 276.01306747934689 -1.0203851278152574e-12)
(1212.7912798819702 263.92489102922741 -2.212802660494998e-13)
(1176.2328555423692 251.5347887203024 -4.0894028649217315e-13)
(1145.5099591839241 241.11059806756259 -2.9015396941496748e-13)
(1114.1199714296031 231.18383460873468 -2.9720103381388794e-13)
(1076.1362511537188 220.30261232524626 -3.2222573056877137e-13)
(1034.4478793508238 209.23102364742797 -2.9806743857094398e-13)
(996.51117584112001 199.67698803438671 1.0839707998262853e-13)
(962.48312792599449 191.23775826767087 1.4679998645983791e-13)
(923.74050077241043 182.45381284319708 1.4022951932128489e-13)
(884.01299957701394 173.38588337225568 8.3577726099370096e-14)
(848.66886281364339 165.00972173128935 -1.0415251891736504e-13)
(812.95376876515934 157.1341050145268 -1.4889180398183021e-13)
(775.82850546523252 149.93318301068297 -1.4892004959985023e-13)
(742.06491383506182 143.32949558636554 -1.5428937014298597e-13)
(710.73644070960188 136.34230895331453 -2.4622731464434842e-13)
(678.0610847741973 129.37415362052013 -2.1384415563495888e-13)
(645.79313719168306 123.5667051528786 -2.2137503476879038e-13)
(617.35973014602575 118.48638207831829 -2.1116679945505942e-13)
(589.85734240740385 112.79830840089572 -2.0192484229850099e-13)
(561.71900204971166 107.21439200572937 -1.683158664717877e-13)
(535.93125831973168 102.77533876770872 -1.1858128108910809e-13)
(512.2482845609793 98.265141381542932 -9.7964384683171555e-14)
(488.34582523949575 93.820136445168743 -1.0998435447313055e-13)
(465.71085484873925 89.631173860998828 -1.4905756679278004e-13)
(445.00129538803219 85.882006710493101 -1.2787851629701683e-13)
(425.04197373531463 82.093629395360281 -1.0421713384246016e-13)
(404.41935425203121 78.498828767972554 -1.6318718907343008e-13)
(386.39256215971454 75.071552552665622 -1.8261505735475205e-13)
(368.33289781991823 72.125447679610659 -1.5764006076973898e-13)
(353.63449772243229 69.056959083573275 -1.3626197314871438e-13)
(349.80814760951466 62.896577234993082 -1.4655748005546127e-13)
(1689.3888277033898 -48.6911848555985 -3.4333607373109721e-12)
(1626.2402659498568 82.332502636622266 -3.2418534921619697e-12)
(1553.4339921588564 176.07149052746686 -2.9650052808397754e-12)
(1494.2994086720464 227.02115662782478 -3.1317209187675051e-12)
(1426.4688788436795 260.38816725249058 -2.410500557000561e-12)
(1354.0177224319368 284.77863055410631 -2.2661108466349647e-12)
(1310.154672749261 291.11674315211513 -2.3008592870575472e-12)
(1281.4945195487433 286.19721856885616 -1.2564740196232358e-12)
(1249.0961126462062 276.27507149101802 -1.1755272722216891e-12)
(1212.0235533194348 264.43589865451241 -8.4359330973548993e-13)
(1175.8697725662485 252.73702057807674 -9.6697108568883947e-13)
(1144.8936257034218 242.64990772006681 -4.3652811390826462e-13)
(1112.5989904497505 232.8113592103596 -4.4406296503184801e-13)
(1073.8266295515043 222.21152334389598 -4.0389696569826429e-13)
(1032.2537930715835 211.81393281710953 -2.9412717703669372e-13)
(995.19158330507037 202.90615928967509 -8.0551985719954773e-14)
(960.29982431947121 193.9241965529194 -8.5341739733591153e-14)
(920.935166810091 185.25701578341341 -9.1921704990389443e-14)
(882.19896504288909 176.76822414097805 -6.5772683126798103e-14)
(846.55325731585742 168.08514676320704 -6.1152577044482825e-14)
(809.66095555137315 159.95181871009495 -2.9198851664309384e-13)
(773.50187924492047 153.1268913754345 -2.7926552280643084e-13)
(741.13031658270938 146.50185873114057 -2.9481196896577838e-13)
(708.11535904215566 138.98730389164916 -3.0549681235873229e-13)
(674.37595861006355 131.96128694691382 -2.5659195132881646e-13)
(644.26358797728369 126.48889452446628 -2.4183867999026573e-13)
(616.273602004238 121.0987211855696 -2.0359072498833204e-13)
(587.09896826742715 114.99849627919083 -1.9300521765314028e-13)
(559.04157261571561 109.48666376298904 -2.1259330151479746e-13)
(534.51404479346297 105.03417745763909 -1.7038306576024717e-13)
(510.68247429955358 100.27209532780765 -1.5595260270530055e-13)
(486.67917309120912 95.729875665411967 -1.6305182224021118e-13)
(463.80046283883473 91.411009093025669 -1.7454347174312229e-13)
(443.43310421043657 87.553416315351043 -1.6239762873100251e-13)
(423.43652445801257 83.613821629241045 -1.8224398106475874e-13)
(403.25874911442503 79.985131135246405 -1.6319593336332517e-13)
(384.87568781205397 76.407704346131297 -1.4597707575428187e-13)
(366.81814790009088 73.444535575164878 -1.5080948125651139e-13)
(352.41398865815614 70.245209101388909 -1.4482073290159282e-13)
(352.58725316329338 62.639065522477281 -1.5228439983192401e-13)
(1678.0373614314524 -35.991565284869608 -4.434676200152955e-12)
(1616.7983800881466 97.508536659062557 -4.1885657139002473e-12)
(1543.8965469484276 187.19899915869232 -3.655781369001932e-12)
(1482.1118887827706 234.57724968440627 -3.6798760758860688e-12)
(1416.0189410179357 267.80802089704133 -2.0527804842246656e-12)
(1351.0574887706468 291.76896959335198 -1.865021945747641e-12)
(1309.7049301178847 294.2757440031703 -1.9009854397678475e-12)
(1281.9376013233461 287.21986654542121 -1.305328502588754e-12)
(1250.6974169345565 276.91963420809003 -1.5372401337712278e-12)
(1214.436934911183 265.54717902142625 -6.9215966428160442e-13)
(1178.3318384737304 254.53652236050428 -9.2669250091567217e-13)
(1146.7951274927461 244.7503955774763 -3.359260629840179e-13)
(1113.2544001966314 234.9231352972744 -3.2489013003961072e-13)
(1073.3265345737127 224.5456292093593 -2.7405375395181864e-13)
(1032.9857090310422 214.97086567627287 -2.1337204893955062e-13)
(996.47657178761528 206.20388826175699 -2.2194492030596134e-13)
(958.32792291689384 196.66220898668382 -3.1769511569018057e-13)
(920.44413163075251 188.45668136512018 -3.4011173236374492e-13)
(883.69449517971429 180.31282681343217 -3.5251891957056582e-13)
(845.24028441004634 171.16505673856059 -3.3508835046240486e-13)
(808.27830066861679 163.18398678185301 -5.6400838135744423e-13)
(774.92933292155101 156.72644462363925 -5.847728648990563e-13)
(741.7128912180001 149.54286237660921 -5.3835795169398397e-13)
(706.6181792201869 141.82295740101904 -5.2999902749762946e-13)
(674.05228325898725 135.18369773713607 -4.288382039191003e-13)
(645.20574001293949 129.56725090627637 -4.0738817375660749e-13)
(616.49793754916152 123.64254351216888 -3.8657584599483462e-13)
(586.58963130468624 117.58706384104819 -3.9107887940803104e-13)
(559.12671674771889 112.20520811962774 -3.5943940078810995e-13)
(534.90878891877219 107.44455970662695 -2.5167077800177894e-13)
(510.97718260102357 102.45773744693138 -2.4262917178546883e-13)
(486.90319203223498 97.878863840237344 -2.5334018088374227e-13)
(464.35448909485677 93.574504413327404 -2.1945164871143459e-13)
(443.95019645176291 89.498879272148386 -1.9748139004586099e-13)
(423.65671819468099 85.406097688001068 -1.9485964434862848e-13)
(403.51133633096964 81.634153896554352 -1.8368644228019044e-13)
(385.53855465314388 78.085109813251719 -1.7274356969483064e-13)
(366.97435023341205 75.041219636632832 -1.6466374729222123e-13)
(352.99529100065223 71.632906167806297 -1.5731863332967451e-13)
(357.93691748798318 61.952215089133929 -1.6037824056513272e-13)
(1675.4164563995594 -21.816346914801329 -6.4577179229743895e-12)
(1614.403509152274 114.1149911595305 -5.7475404028907505e-12)
(1546.6786290076132 198.15536400252861 -5.2305105581301482e-12)
(1481.733910990343 242.79302186693673 -5.1019699636158003e-12)
(1411.1984861942128 275.65728397702435 -3.2833784403009369e-12)
(1350.6564738764741 296.91503353362498 -2.984598745257936e-12)
(1318.1224158355633 297.52090702542739 -2.7202590566587399e-12)
(1291.3979106407687 289.45187164413483 -2.2596713988081464e-12)
(1259.4765844752594 278.94201729446394 -2.5608381208811191e-12)
(1223.0335159135789 267.98593947964929 -1.5955352991539039e-12)
(1186.6741441959521 257.58393257073607 -1.496714806279052e-12)
(1154.391021286292 248.02116306887299 -1.2916762928865332e-12)
(1118.4659874982876 238.0492418607177 -1.2890041491368035e-12)
(1077.3611377905984 227.89483595415615 -1.0399014518018301e-12)
(1038.3761915150508 218.88117480197559 -1.1122757345886774e-12)
(1000.9260117745831 209.79494758109885 -9.1974375178923228e-13)
(962.21733626157254 200.5242837375921 -8.5833835663645078e-13)
(923.83062910134822 192.22489054458146 -8.2014770893525807e-13)
(886.26212263326863 183.70521320030261 -6.9494554951953644e-13)
(848.39466664780321 174.99813665740001 -7.4672996240657258e-13)
(812.19705449684193 167.22151261700199 -9.2017524868691773e-13)
(777.42049003170416 160.14302285063329 -8.5659570285013617e-13)
(742.69014711382977 152.52400047783442 -7.9488603393244857e-13)
(709.21178679197237 145.355559843413 -9.9282545474913018e-13)
(678.29165222508686 138.88200742652305 -7.8259620391700034e-13)
(647.1175294525957 132.55204481007192 -7.6074360495059873e-13)
(616.37771481400205 126.08690187018864 -7.1766820564900632e-13)
(588.7716985794732 120.53039301995287 -6.590403448505956e-13)
(563.2613056278617 115.34915896841926 -6.3499650027368684e-13)
(536.89249885314348 109.98483101683438 -4.7058466402870698e-13)
(511.00922568707034 104.50705429503326 -4.2243525559974022e-13)
(488.18714088863004 100.10940503881041 -3.7913985578123033e-13)
(467.12085752436548 95.930876561383712 -3.7957031146547947e-13)
(445.93329686694045 91.579657962374895 -3.3439931770849608e-13)
(424.84561996087569 87.26357803284084 -3.1589158828497727e-13)
(404.69377927291885 83.384173424213841 -3.1231195114041425e-13)
(387.09412501233902 79.770635368837418 -2.7722604089381472e-13)
(367.49098878810184 76.620384828468616 -2.6728091950999629e-13)
(357.41880779225676 73.569091097992967 -2.5390554423826277e-13)
(366.92071052092672 61.027747572863539 -2.2141276718095275e-13)
(1681.1349848124923 -8.6605214043644878 -8.3695238316024553e-12)
(1615.502900147028 127.89487178794008 -7.2277758326105998e-12)
(1549.1279504717729 205.32795738536879 -6.5054793521617128e-12)
(1486.3077287981309 249.28876982359557 -6.3766176956327536e-12)
(1416.7105204480101 283.51215710581886 -4.4939955381094329e-12)
(1363.8040595018163 302.9317199754995 -4.0831273894127719e-12)
(1334.1585187078822 301.44042823192314 -3.8270317905069961e-12)
(1307.6805955213731 292.89155089637256 -3.3770248903013155e-12)
(1276.6419711428009 282.73874959699094 -3.3525985360589997e-12)
(1240.3916849636139 272.31739505183589 -2.4427592784747959e-12)
(1202.9032181943069 262.24038499758802 -2.5140930237613964e-12)
(1168.9312247521123 252.66422518716314 -1.9136940789647688e-12)
(1131.6348319020826 242.85600185287439 -1.7948039126086301e-12)
(1091.125837373645 233.17530435058396 -1.1618433522090801e-12)
(1051.7359106779841 224.15284527191093 -1.1283671612578758e-12)
(1013.1229899410952 214.93483771774589 -7.135004096326219e-13)
(973.49617083561805 205.65957608620715 -6.8851437197039553e-13)
(935.81047640430802 197.47013609481175 -6.1817622409202805e-13)
(897.2131695206474 188.77462838507279 -5.4975081629451296e-13)
(858.68941807658427 180.03223793162766 -7.7918031202050454e-13)
(821.85511661330804 172.04036349846496 -8.7169257856481539e-13)
(787.50095127867974 164.90973799476004 -8.4080076715770544e-13)
(752.02796717705689 157.16505602761589 -8.047435965519251e-13)
(718.59862748273338 149.96423850142565 -8.3578005736905787e-13)
(686.28135709221817 142.99038726211657 -5.9287422088767693e-13)
(655.47198437746272 136.65889718463646 -5.4250906673589644e-13)
(625.05235396334797 130.27477739456745 -5.1900693508411217e-13)
(597.5066658366145 124.55503933727501 -5.4136241054545441e-13)
(569.81371479333586 118.70188338638647 -5.2225774074518367e-13)
(544.1601966287991 113.41918701941549 -3.1962369718587291e-13)
(518.83296635957242 108.07483931969894 -3.2645141764046807e-13)
(496.07537482704765 103.50579750999272 -3.0486430738235991e-13)
(473.20312842641198 98.777800970727242 -2.8965450811588748e-13)
(452.40003213838617 94.439716485615577 -2.3672105430842896e-13)
(431.25479736031195 90.070963047586815 -2.4395950860763738e-13)
(411.69119767578007 86.178570191228076 -3.0142500053872601e-13)
(392.76290061199558 82.179810323926816 -3.0113766090296054e-13)
(373.18174376500559 79.131822567607401 -2.9498642056104979e-13)
(368.18959077370334 76.532192267753075 -2.8880815308163537e-13)
(381.20785288555788 60.20366302526643 -2.8181926275413759e-13)
(1697.6411261707412 2.9598481045065124 -7.7289085596566684e-12)
(1641.5580681099673 141.01253964082164 -7.4346806059818708e-12)
(1577.3679124975249 213.75144694175242 -6.8450886529467351e-12)
(1510.3007412092493 258.32210457465089 -7.3297565464191324e-12)
(1441.8897062609628 295.20264384837321 -6.0390049337684756e-12)
(1396.2418346478896 313.71374174267442 -5.6727456366936858e-12)
(1367.5204458637509 309.28198897482986 -5.227533827905332e-12)
(1340.3166902878922 299.82937086838479 -4.626930892942071e-12)
(1308.1090396437196 289.60425717222915 -4.3679591116060474e-12)
(1271.6980133562461 279.61679189344017 -3.3840637771789757e-12)
(1233.4728447442967 269.87659528641552 -3.5124089149654923e-12)
(1197.6937991225004 260.33035254148075 -2.5379778906995839e-12)
(1159.2429691169036 250.70746176332077 -2.3778641499988611e-12)
(1117.9969931213848 241.10792311570671 -1.9476745331411444e-12)
(1078.5866082800396 232.17111871649618 -1.8443924168331006e-12)
(1038.6753425906445 222.85169681887544 -1.4380727291837831e-12)
(999.1302642135654 213.76232896175568 -1.2682745679905301e-12)
(960.28991227284416 205.26401379226371 -1.459193797576848e-12)
(920.3494168361002 196.32524734984722 -1.4383938278938206e-12)
(881.40425393075486 187.60782208548898 -1.5104343230254221e-12)
(844.79130796526465 179.58816983927954 -1.6131724056542131e-12)
(808.54054682382412 171.9038469139507 -1.5730933475676413e-12)
(772.50898313777691 164.04070865545216 -1.4593807887820464e-12)
(739.29463016730949 156.83044916487805 -1.5415398968751595e-12)
(705.98674098753531 149.55061705450726 -1.3628668700251323e-12)
(673.78524543357162 142.8050116518788 -1.3069991749497974e-12)
(643.30385412244561 136.32898986253483 -1.2505637775783143e-12)
(615.70485320243631 130.44678821457549 -1.1935917197404031e-12)
(586.88843170703092 124.29925364650417 -1.1035542772117367e-12)
(560.42608002622376 118.70572650636979 -9.2437169127013978e-13)
(534.56663872946615 113.1962739896512 -8.9033987511443774e-13)
(511.65042343232079 108.42386704332836 -8.7097500778473935e-13)
(488.12285490571787 103.49801927048287 -8.3652525063759283e-13)
(466.76560510345308 98.921395034346858 -8.007052493484318e-13)
(444.81945220405703 94.335947681435258 -7.7663792546061947e-13)
(424.90701185455015 90.223764825917542 -7.4647202500075449e-13)
(405.00131954904589 85.964709306244842 -7.178177567230653e-13)
(386.10188916343316 83.098904775622771 -7.0084535992368846e-13)
(389.92065820091608 81.374710557028479 -6.5811533621943531e-13)
(403.74643710797568 60.118586276938714 -5.7325136514544132e-13)
(1777.8001140250497 19.354516175503374 -1.4251950608010852e-11)
(1729.7347490677803 163.74773679210668 -1.307488181528238e-11)
(1675.2289884379943 232.52181882892469 -1.2141180097473379e-11)
(1579.4522662409363 277.45019627787508 -1.2151916114656968e-11)
(1531.3293264598001 320.7834236395708 -1.0642020466547562e-11)
(1485.6949936273184 337.18189579755773 -9.883597284400131e-12)
(1457.9569636370713 329.70661478599061 -9.2681612759990935e-12)
(1429.9751717847694 319.33926997749722 -8.5811197644441983e-12)
(1395.8898511528002 308.91198907561665 -8.1488417880021015e-12)
(1357.5368320402661 298.84773113048954 -7.3790746363129157e-12)
(1317.1604834360921 288.97244088611416 -7.1574823282788648e-12)
(1278.4705902182284 279.1956371861607 -6.4593696324130157e-12)
(1238.0888181810544 269.51076330393346 -6.0224693753420007e-12)
(1194.7096101260147 259.67198320112391 -5.6893577787831528e-12)
(1153.2480277397024 250.35782618599342 -5.4497019442916504e-12)
(1111.0898758104429 240.73098270649328 -5.1028274666497007e-12)
(1067.3625062153124 230.85674241704115 -4.9054657646835663e-12)
(1026.0115151660953 221.76977087086988 -5.0890681909025533e-12)
(983.45625193519243 212.30828271791893 -4.7383214238311275e-12)
(942.4394256380898 203.18602032302368 -4.4678733723693156e-12)
(901.39628313557137 194.13936386106641 -4.4646091849331013e-12)
(863.60527600151363 186.01229570041326 -4.2430540239409932e-12)
(824.9183242511325 177.56221127341763 -3.9960427501099181e-12)
(789.19425576432661 169.70435292880032 -4.0059070682737326e-12)
(751.61100381814606 161.45928148156398 -3.4819041365198547e-12)
(718.74332873301069 154.44567826783739 -3.2952673460293881e-12)
(685.47468419799714 147.29962167487662 -3.1043346330049897e-12)
(655.19324192266936 140.68664789930762 -2.9640827800699948e-12)
(623.49419405683409 133.88598957481489 -2.784909640904006e-12)
(595.70347985000637 127.86867970368318 -2.6435105096105137e-12)
(567.2329529340725 121.76310922737488 -2.4903775168364717e-12)
(542.25030300467097 116.38353259342456 -2.3666600463497848e-12)
(516.271881260344 110.89200227392243 -2.2008199391177838e-12)
(493.18263669518257 105.82282036344409 -2.0626416009122755e-12)
(469.16507638996057 100.75921353444281 -1.9417315713849507e-12)
(448.06577125012205 96.242384482732319 -1.8532424708189369e-12)
(424.86125089415009 91.276073253618847 -1.7523723698568673e-12)
(404.94936676368616 88.115847803316996 -1.656870207285935e-12)
(422.86680003607034 88.153829026596284 -1.6235795703457776e-12)
(440.79484170357966 62.399181388291801 -1.4386988708764134e-12)
(2072.8160950704769 15.98782414356354 -2.4721651603163791e-11)
(2026.8776652522645 186.36178518014194 -2.2192600351595615e-11)
(1961.8084916839093 269.86163111425543 -2.0693678891905633e-11)
(1852.4878248989837 323.79462500676158 -1.8904559749575053e-11)
(1778.505134056438 369.84952133042589 -1.5725375794518232e-11)
(1744.3688504075005 395.48770759203546 -1.5217011766241286e-11)
(1720.168735795635 389.92045882018238 -1.4648264496733922e-11)
(1685.5305041408139 377.06572101985239 -1.3816301882847697e-11)
(1638.6609979318125 362.9704894474396 -1.3017548178299103e-11)
(1586.2456347708132 349.41582577054112 -1.2332971744119645e-11)
(1531.1097740303717 336.08905393878524 -1.2216356922290611e-11)
(1474.7202962077197 322.30231115747051 -1.1489148978329896e-11)
(1417.8399068949655 309.0136937585375 -1.0882181023144513e-11)
(1360.2052441954565 296.12740932740684 -1.0057076002823469e-11)
(1303.9517558170935 283.57043793195299 -9.4409092566774623e-12)
(1247.8143778537487 270.89027165573242 -8.3808215502028179e-12)
(1191.4327355587066 258.29944420356998 -7.903875934001199e-12)
(1137.2918873208953 246.39683443215765 -7.388393111881735e-12)
(1083.1942982666221 234.4265459502713 -6.9109318702462199e-12)
(1031.1772345166416 222.8900813782322 -6.6611649738142139e-12)
(979.98466412910523 211.64004869094799 -6.5065790904764465e-12)
(931.94220757892379 201.24725495038547 -6.1440856161667012e-12)
(884.0835289569934 190.81589331707337 -5.7363788149115287e-12)
(838.37929512474648 180.72010512902474 -5.5860123024051e-12)
(793.33616057941185 170.88872736004748 -5.0344009021281533e-12)
(751.93423425039452 161.97508313506694 -4.6755850442284291e-12)
(711.45953009470304 153.27626373545786 -4.3600517709951114e-12)
(672.85101200751842 144.78908258771034 -4.0564699864892467e-12)
(635.43972464647288 136.7861491909006 -3.8194002176773963e-12)
(600.37038097484276 129.1289221779777 -3.5869328530490027e-12)
(566.76014637587014 121.93804936373701 -3.3166777693646942e-12)
(534.94478997413023 115.01450883188514 -3.0921639695885314e-12)
(504.63011271511351 108.60893663897407 -2.8881790187245064e-12)
(475.57648854981682 102.19465671029701 -2.690151666149503e-12)
(448.03884268488599 96.392228547340366 -2.4984126505903642e-12)
(420.93959844255261 90.50103882779834 -2.3200798228440994e-12)
(394.35117774278433 84.867523755499505 -2.1352226772445758e-12)
(369.74689372875753 80.317628279681344 -1.9593495276193012e-12)
(400.49558760447968 84.294387141530351 -2.0557840047729329e-12)
(478.59420839414076 71.069480522189608 -2.3151001607674474e-12)
)
;

boundaryField
{
    inlet
    {
        type            calculated;
        value           uniform (0 0 0);
    }
    outlet
    {
        type            calculated;
        value           uniform (0 0 0);
    }
    fluid_to_graphite
    {
        type            calculated;
        value           uniform (0 0 0);
    }
    wedgeBack
    {
        type            wedge;
    }
    wedgeFront
    {
        type            wedge;
    }
    defaultFaces
    {
        type            empty;
    }
}


                                                                               
