                                                                               
                             
                                                                   
                                                            
                                          
                             
                                                                               
FoamFile
{
    format      ascii;
    class       volVectorField;
    location    "1.0049999999999706/fluid";
    object      U;
}
                                                                               

dimensions      [0 1 -1 0 0 0 0];

internalField   nonuniform List<vector> 
4592
(
(19.051658942555363 0.0013889046756411663 0)
(19.077695811602691 0.0050836629193966431 5.5233551198248e-11)
(19.086507251539697 -0.0012950568054650175 1.6530448949763792e-10)
(19.129544813825184 -0.0050738122155482238 1.6507925179606518e-10)
(19.162008597065427 -0.011732862073253345 1.6470843842066881e-10)
(19.220124316011251 -0.017032110744423304 2.1040993395792846e-10)
(19.275329672616859 -0.023638057398179702 1.6377171799830561e-10)
(19.349111102149728 -0.029815956882328576 1.2056517847688327e-10)
(19.425609495528946 -0.036853490673417234 1.352886817335521e-10)
(19.516544860748379 -0.044016784320665275 1.3466056044492736e-10)
(19.613784205764954 -0.051910243130562438 1.3401067922664022e-10)
(19.723370152670888 -0.060228855116650618 2.0143304858024936e-10)
(19.841347758005213 -0.069251143780986818 1.9043362476860961e-10)
(19.970686381762075 -0.078849529935201529 2.5801224858606432e-10)
(20.109506517050125 -0.089153020970251032 2.4749278247972015e-10)
(20.259196139013024 -0.10010798593198021 2.3586644445311953e-10)
(20.418820561099952 -0.1117753308446183 2.3168413591657871e-10)
(20.58892545524337 -0.12412420106285398 2.1283271816756547e-10)
(20.768993911814057 -0.13718954423417629 1.8290936461557136e-10)
(20.959108078197904 -0.15095308947173719 1.4332787446889667e-10)
(21.158872224180111 -0.1654294254162314 1.4914485381818636e-10)
(21.36812880296436 -0.18061206145807843 1.2311261117786908e-10)
(21.586545307384853 -0.1965121076525724 7.3444203807916348e-11)
(21.813739544011355 -0.21312535186131806 9.9027416315977191e-11)
(22.049459637264128 -0.23047432719127356 9.8676418827022597e-11)
(22.293143082757609 -0.24854946423184046 1.5536437205190833e-10)
(22.544678302451523 -0.26740997667675875 1.6350137507417528e-10)
(22.803208573611737 -0.2870058161038273 1.8956444221126393e-10)
(23.069014843827848 -0.30751476273840306 1.8215773842355765e-10)
(23.340636520715709 -0.32869372715442946 2.2383106391464934e-10)
(23.619219318733613 -0.351124623651906 2.0513502538386355e-10)
(23.90209909958222 -0.37386092846531366 2.3082710691381909e-10)
(19.148897914255848 -0.025288957029030001 -7.0892654023683484e-23)
(19.192627203390867 -0.04031219815413406 1.0243009041423869e-14)
(19.218210730563932 -0.063197037644271356 2.7092300036276574e-13)
(19.280916139073135 -0.080386866707291338 1.9765485828034128e-11)
(19.333251982452552 -0.10253264591975687 1.9687523620283035e-11)
(19.41229139605943 -0.12203522170812889 1.9545393001127314e-11)
(19.489075329041889 -0.14482620493779219 4.8963863916530567e-11)
(19.585359995370887 -0.16706642833951682 6.827393515497781e-11)
(19.68524376983428 -0.19178119298323684 9.3976477162670241e-12)
(19.800535866623754 -0.2171616189413336 9.2765279152055166e-12)
(19.923097367872678 -0.24465433453816951 9.1846181250414627e-12)
(20.058973681129082 -0.27343235960283147 9.0894740444693698e-12)
(20.204185609101316 -0.30415204801557666 8.9933889924396509e-12)
(20.361655813294774 -0.33642387475495916 8.8855644193419623e-12)
(20.529446985348009 -0.37052345909630258 8.8064222062213813e-12)
(20.708869460586271 -0.40624391542716637 2.7205903472736382e-11)
(20.898913146135893 -0.44367623499354353 4.5307407970394856e-11)
(21.100017830666637 -0.48268521556206201 4.4922358344997739e-11)
(21.31155895405713 -0.52327210556067738 4.4521962028690346e-11)
(21.533511359283853 -0.56532349622025113 4.4050489038278827e-11)
(21.765347174785756 -0.60879844795863269 3.9467574689462055e-11)
(22.006775628047588 -0.65358883186579231 4.3072777835002769e-11)
(22.257325008625514 -0.69963579772805529 4.2589780080603342e-11)
(22.516465565087476 -0.74682768161412849 4.8484561728704463e-11)
(22.78378621400476 -0.79511670420635727 4.160478580977471e-11)
(23.058558614024697 -0.84436177957456582 5.7739444014491172e-11)
(23.340512291332239 -0.89457846033618404 6.1150642919185934e-11)
(23.628574359758925 -0.9455305234465915 6.8395577675915636e-11)
(23.922933330174114 -0.9974285985741641 5.9559160122453652e-11)
(24.221736228550171 -1.0497139847004984 5.8842341212269203e-11)
(24.526338532371572 -1.1032012644128417 6.1508144185320101e-11)
(24.833048867173041 -1.156315813097093 5.324925850910117e-11)
(19.069854544637799 -0.041087059069919947 2.3667578143153222e-22)
(19.109808118433044 -0.065840840466303494 -1.3385211064328389e-11)
(19.131037736047322 -0.10392176608627901 -1.3444076997972907e-11)
(19.189313016114628 -0.13168781950939445 -4.0116236828526252e-11)
(19.23562780116475 -0.16816871388899388 -3.6685067018372884e-11)
(19.30889517513209 -0.19995414570403197 -5.059187935404767e-11)
(19.378517758364609 -0.23752756785893958 -4.9229546171580954e-11)
(19.467735191253684 -0.27416855088067371 -4.7651840365268736e-11)
(19.559596896107362 -0.31512599166418193 -4.6641749409223408e-11)
(19.666835944103941 -0.35725646027018471 -4.5779846251462645e-11)
(19.780758915835829 -0.40303088816013383 -4.5529972179065888e-11)
(19.907933300310741 -0.45101387308128726 -4.5249980388942405e-11)
(20.04412139479534 -0.50231146926175108 -4.5176508247190518e-11)
(20.192534871038173 -0.55624184003684651 -4.4832072223985087e-11)
(20.351133639561716 -0.61325953933157595 -4.4487407730556704e-11)
(20.521394929107132 -0.67299193276457125 -4.6504367401056563e-11)
(20.702272213259338 -0.7355814190914296 -4.5583550931559794e-11)
(20.894303534819546 -0.80077475235464923 -3.6623803693962222e-11)
(21.096871457613798 -0.86855737563025182 -3.1242521136812883e-11)
(21.30999792983339 -0.93871336177264242 -3.0199567453481413e-11)
(21.533171240141417 -1.0111521185849865 -1.7884425585119049e-11)
(21.766133217156657 -1.0856634039956978 -2.9162252766745964e-11)
(22.008424600565441 -1.1621197790947064 -2.8888856927716343e-11)
(22.259519469604715 -1.2403057633975325 -2.8525095614616727e-11)
(22.519042656292644 -1.3200941278285012 -2.7356339534021738e-11)
(22.786220095443632 -1.4012360242421409 -2.5169384361230987e-11)
(23.060868217995857 -1.4836681228511148 -2.4923368351775883e-11)
(23.341753253434 -1.567032362095407 -3.0096875643064274e-11)
(23.629344272705101 -1.6514774584121517 -2.9705541248346017e-11)
(23.921263013294027 -1.7362939286884722 -2.9225951780766236e-11)
(24.219763281215013 -1.8222774836041846 -2.8861625379183905e-11)
(24.519546224243644 -1.9076435912668046 -2.8521825972283775e-11)
(19.069125138820539 -0.05827656036635194 -6.1873785953284313e-22)
(19.112138755723212 -0.090714976051688809 -9.9327708371897367e-14)
(19.132495171581105 -0.14193658928360933 -1.3154582162072297e-11)
(19.191312005560963 -0.17747980501582886 -2.2779516626125976e-11)
(19.234953832825983 -0.22552116069742248 -1.573572058463851e-11)
(19.306083262634935 -0.26653415960916232 -1.7066492839147399e-11)
(19.371242753265182 -0.31576552044617573 -5.2018743928115978e-12)
(19.455959354560715 -0.36352224780582065 -1.5538922734413528e-11)
(19.541707644264481 -0.4173146903472757 -1.5455689651665731e-11)
(19.642487472817884 -0.47265319924134142 -1.5376683604193335e-11)
(19.748820543638072 -0.53303058134695658 -2.6420781889867509e-11)
(19.867941031548074 -0.59641290184984286 -2.5246834761050755e-11)
(19.995254975160382 -0.66435552470418691 -3.9070740072704867e-11)
(20.134328417087019 -0.73589621223062396 -3.6284766535400033e-11)
(20.282981869685162 -0.81167966762839405 -3.5169681012256332e-11)
(20.442890766671894 -0.89117452164672761 -3.4704567441693296e-11)
(20.612972292023084 -0.97459974759274415 -3.1913824560967028e-11)
(20.79389111356214 -1.0615835823461037 -1.4739601214442985e-11)
(20.985039457336427 -1.1521246543729708 -1.4554468345950386e-11)
(21.186524784359314 -1.2459098312519588 -1.4424836242642764e-11)
(21.397866899588376 -1.3428217838016767 -4.7999171414769802e-12)
(21.618870556069314 -1.442558449162505 4.6025859699340872e-12)
(21.849114187147197 -1.5449421115534732 2.1281535686213797e-12)
(22.08811438321468 -1.6496726182053183 3.8606174932279074e-12)
(22.335546179787617 -1.7565468963870792 2.1860962326326782e-12)
(22.590639995107555 -1.8652533070902204 -6.7692295583070041e-13)
(22.853305787556828 -1.9756178980445607 -2.529864641933412e-12)
(23.122220667262624 -2.087264469494615 -3.4150005619623639e-12)
(23.398098789125065 -2.2001592104688465 -2.4770833770401304e-12)
(23.678184607108541 -2.3136991391239676 2.1131401520648178e-12)
(23.965466511360802 -2.4282941702343175 2.3097820830974248e-12)
(24.253410683233032 -2.5426231150649121 1.5806038389680262e-12)
(18.986956222382744 -0.07476005087883951 -4.9650637835853952e-12)
(19.028232414534333 -0.11177953324885198 -2.4785020391336473e-12)
(19.043473389470321 -0.17500973773249942 8.9290930894926268e-12)
(19.097980365671436 -0.2158540848488342 9.0237080583721939e-13)
(19.133504849139328 -0.27387288999550147 4.4214766915068087e-12)
(19.197179274715587 -0.32194457184161984 9.9702096943131353e-12)
(19.251950413219184 -0.38097775970057363 1.8571554049856461e-12)
(19.326365595375108 -0.4377622738044295 1.311271374022495e-11)
(19.399781408558706 -0.50237602138130932 4.6518139070067796e-12)
(19.487917791795606 -0.56879985500438679 4.6319877887716911e-12)
(19.580212242805803 -0.6416459590641872 4.0279288247296326e-12)
(19.68481067078902 -0.71822124826422284 1.0872042302683161e-11)
(19.796618887486435 -0.80056916898531072 -4.3434258167469951e-12)
(19.919684972967847 -0.88742250208031082 -1.3434085856936912e-11)
(20.051637157311379 -0.97964427736947779 -1.3352514372520131e-11)
(20.194411283095825 -1.0765304521706485 -4.6587012491170338e-12)
(20.346874306108958 -1.1784019936961609 -7.2054551949940737e-12)
(20.509867965334877 -1.2847584969915657 -6.4990912449972955e-12)
(20.682784073018968 -1.395637894734588 -4.513778395504473e-12)
(20.865850925997528 -1.5106179496557617 -4.972048629816642e-12)
(21.058628020721141 -1.6295776466869871 -2.115328336509685e-12)
(21.261008576355849 -1.7521161025595602 -2.0925159930146974e-12)
(21.472612199697718 -1.8780186037589437 -6.2610182894620253e-12)
(21.693024376348077 -2.006900749311709 -2.188238751280243e-12)
(21.921967143717218 -2.1384859138528385 -2.3170672502940554e-12)
(22.15870324806783 -2.2724116024804508 -2.2969814593584559e-12)
(22.403215832005781 -2.4083763602140182 -1.0032840616749742e-11)
(22.654144065588557 -2.5460244236983773 -1.3918248053183578e-11)
(22.912365134645306 -2.6850848385651203 -9.9597128780979322e-12)
(23.174896732480097 -2.8251568495131569 -9.8589847098969874e-12)
(23.445182035749735 -2.9661221029067466 -1.592270039983351e-11)
(23.715942548871201 -3.107361081212745 -1.5138491613786533e-11)
(18.954681391961952 -0.089296989518277553 -4.716984472051426e-12)
(18.997130809834516 -0.12592828962865199 -1.2919803435709143e-11)
(19.007489022505229 -0.19918785899716079 -2.1868858327418941e-11)
(19.059165358933406 -0.2417739640565415 -2.0637540682922189e-11)
(19.086465672807162 -0.30715593735660524 -1.2142497181052152e-11)
(19.143046751896701 -0.35911414230116756 -1.8119673367906898e-11)
(19.186901066048993 -0.42500177424713181 -2.1373118791634396e-11)
(19.250552332066608 -0.48767575684624909 -2.5763401025680322e-11)
(19.310640755889089 -0.55996210400491964 -2.040019392209014e-11)
(19.385016145771289 -0.63422536130787877 -2.0323718962972529e-11)
(19.4617864994139 -0.71622363882432039 -2.0273657093620889e-11)
(19.550178327157134 -0.80259883428169065 -2.0106676115566211e-11)
(19.644508091343287 -0.89589183228205138 -1.9771846907475722e-11)
(19.749380433730327 -0.99453461932328191 -1.1653944921206419e-11)
(19.862205234879376 -1.0996280881289364 -1.1554059914284452e-11)
(19.985221836564957 -1.2103014844714362 -1.1202578290596014e-11)
(20.117251882145485 -1.3270012050375422 -1.1087042152197362e-11)
(20.259345548338469 -1.449098781674784 -1.1009049984562484e-11)
(20.410909130149392 -1.5767073807378891 -8.852365411647224e-12)
(20.57233112987717 -1.709283949301907 -5.5105114572210308e-12)
(20.743222250815183 -1.8467399894954544 -6.5432765777244516e-13)
(20.923603069654614 -1.9885642917514881 -1.1522782839699199e-12)
(21.113150270632211 -2.1345320243563188 -4.8644236832452823e-12)
(21.311556802674428 -2.2841672166365896 -4.8003702127542221e-12)
(21.518595324599907 -2.4371315035415919 -8.4895675626336866e-12)
(21.733610098831988 -2.5930164008942627 -8.377491328688167e-12)
(21.956637584724103 -2.7513788569104456 -8.3016050091195683e-12)
(22.186355638162347 -2.9119150271213767 -1.1847905922021712e-11)
(22.42372062347431 -3.0740592497818935 -1.1553532052621993e-11)
(22.66570196098267 -3.2377049264687257 -1.1434565056505667e-11)
(22.915916699731849 -3.4020616479228991 -1.1294817785293399e-11)
(23.166840155656772 -3.5673963505130457 -7.7188027126637932e-12)
(18.894767670501288 -0.10539195873000166 1.3333170383778494e-11)
(18.938203088005753 -0.1384476961276995 2.5678396554625467e-11)
(18.942704274823996 -0.22060177048604276 1.139141859478089e-11)
(18.991259494225758 -0.26210173916330987 1.2179137563138816e-11)
(19.009093866971931 -0.33293894882573316 2.2061899535056593e-11)
(19.057881841994742 -0.38634387858828989 1.3599960992342476e-11)
(19.089545962827732 -0.45689239619236516 1.1687338182735907e-11)
(19.141430408151919 -0.5230949468380115 5.5953631879670585e-12)
(19.186885686957503 -0.60068960028235674 4.4852934566355025e-12)
(19.246278580449378 -0.68033670492073728 3.5591997398631773e-12)
(19.306121590069196 -0.76895917613246101 2.0636049888722368e-12)
(19.376882117245543 -0.86252345528540064 4.6299803413617773e-12)
(19.452171818933742 -0.96407810368509894 1.2236406736417802e-11)
(19.537218094365588 -1.0717537822218284 1.208083500862004e-11)
(19.629159968648747 -1.1869156839319299 1.2029808662385289e-11)
(19.730575016734676 -1.3085226005390984 1.9437350867114865e-11)
(19.840227821103856 -1.4371856863300796 1.9645836610894555e-11)
(19.959386420128862 -1.5721378386426259 1.8354685243336671e-11)
(20.087480393614161 -1.7136164231435813 2.100738987376227e-11)
(20.22507859230738 -1.8609375733427511 1.7233494433696717e-11)
(20.371848087243617 -2.0140979493020441 1.7136457351811975e-11)
(20.527965825590169 -2.1724505700582575 1.696335140543009e-11)
(20.69316815268326 -2.3358067809311027 1.6734452189251248e-11)
(20.867294627055493 -2.5035756269212941 1.6606017293491184e-11)
(21.050159352942387 -2.675386843812118 1.4578008530836958e-11)
(21.241242598550482 -2.850775915094689 1.474793630729419e-11)
(21.440600422357768 -3.0291527358517469 1.4299269834257432e-11)
(21.647043446509553 -3.2102954048546533 1.2317562079329329e-11)
(21.86147272918409 -3.3932834032043573 1.5513318687530113e-11)
(22.081053902007103 -3.578378331155466 1.5162277215050989e-11)
(22.309255665276908 -3.7640045418372172 1.5132969261757823e-11)
(22.538811080408117 -3.9514543652093796 1.6134407450553319e-11)
(18.868004259175656 -0.12104979340910163 1.1292634945650552e-11)
(18.914439032731167 -0.14576835282443026 1.1305964499237559e-11)
(18.912612328709876 -0.23553088880795536 2.6322251797426803e-11)
(18.95905486855963 -0.27277437781928221 3.4666847162308175e-11)
(18.966899427373505 -0.34697025269980303 3.4097484330913164e-11)
(19.008115943966807 -0.39925025528963082 3.3581462474220189e-11)
(19.027088344922067 -0.47208786900550237 2.6318444737851907e-11)
(19.06697726288736 -0.53934388914481035 2.6268598906516722e-11)
(19.097236531125215 -0.61970892690535506 2.6214572727454841e-11)
(19.14111844750391 -0.70213724032454239 2.6166264204174826e-11)
(19.183311209716212 -0.79466581442763695 2.6111955967783841e-11)
(19.235641492204167 -0.89261901157455781 2.6052924827935222e-11)
(19.29093553307148 -0.99953480043831633 2.4638520005845951e-11)
(19.355078679951028 -1.1132587494505388 1.9897745122707892e-11)
(19.424910762792209 -1.2354460068769342 1.8682987139789691e-11)
(19.503363370644056 -1.364875913525144 1.6658962627503209e-11)
(19.589142525363403 -1.5023827424517202 1.2475096662987157e-11)
(19.683741546436366 -1.6470382383017879 1.2403677511783217e-11)
(19.786628114651844 -1.7992732529060422 1.5917566613464629e-11)
(19.898569163168307 -1.9582321117627339 1.5800277846803315e-11)
(20.019300123867435 -2.1240722428734515 1.5699668951838363e-11)
(20.149186456129065 -2.2959713183828385 1.4280270351276678e-11)
(20.288032905327178 -2.4738485452372032 1.1961424568348727e-11)
(20.435871525351917 -2.6569569376308513 1.1857075372259349e-11)
(20.592548925145316 -2.8449498380183669 8.3026044413191538e-12)
(20.757761050306915 -3.0372744170069725 4.9566152753475258e-12)
(20.931521695131199 -3.2332197897305779 4.7427580067208364e-12)
(21.112896968706 -3.4326386171962846 4.7643765568334509e-12)
(21.302643276222078 -3.6342353791528974 4.6344571050103812e-12)
(21.498294426270654 -3.8386706099250456 1.2842439805219283e-12)
(21.702895262498512 -4.0435146467418628 3.3339347458476988e-12)
(21.9099281691059 -4.2511619263749099 2.6213966589173824e-12)
(18.842564803572433 -0.13937825827837855 -4.0111153446208761e-12)
(18.893563282081107 -0.15202923274782729 -1.97363021859628e-12)
(18.884944157280604 -0.24853774939737414 -3.6401171241263224e-12)
(18.930277080860595 -0.27881002530649918 9.0687887648959964e-13)
(18.927799329685872 -0.35460980606812342 -3.2281356738053189e-12)
(18.961943303570692 -0.40368958784861042 3.6015128008135241e-12)
(18.96817015561987 -0.47687284523910672 3.5890940172643857e-12)
(18.996368040595712 -0.54320676839621662 3.5806869557251254e-12)
(19.011532127114855 -0.62426278574306349 3.3688866214671684e-12)
(19.040105237295801 -0.70734190624530668 3.3377941122560439e-12)
(19.064743824876622 -0.8015059895686284 3.3263008758933569e-12)
(19.098711258512822 -0.90148470671803238 3.4574531609130501e-12)
(19.133973150436908 -1.0112808053296358 1.616899707148929e-12)
(19.177077152995942 -1.1284678999502977 1.595491933175588e-12)
(19.224539901275222 -1.2550257127247082 1.7291291023226422e-12)
(19.27963913461301 -1.3895332544856556 -5.4982458747365849e-12)
(19.34101300401494 -1.53312507182137 -5.4973069642079078e-12)
(19.410380304929927 -1.684671261340013 -5.4840384011918913e-12)
(19.487251560297846 -1.8448935202598236 -5.4789162960751319e-12)
(19.572600614987717 -2.0127115428581863 -5.6694910882534167e-12)
(19.666241913362672 -2.1885525616598933 -5.4390950892966719e-12)
(19.76875657934297 -2.3713543479863994 -5.4185968095721754e-12)
(19.880024532040302 -2.5612542396263347 -5.3749616699521583e-12)
(20.000320620565802 -2.757276686487637 -5.3468255583474625e-12)
(20.129517993075702 -2.9592026874339528 -5.3347632144957724e-12)
(20.267601782842981 -3.1663076131749981 -2.8969716536439112e-12)
(20.414508317694576 -3.3778599835306835 -5.4030254109691836e-12)
(20.569687583032884 -3.5936990822581243 -4.3030996153182345e-12)
(20.733620126039977 -3.8122129488474732 -5.4659696120996763e-12)
(20.904454855560513 -4.0344350255164372 -5.4704013982119043e-12)
(21.084516009200446 -4.2570396031113553 -6.5610331882867766e-12)
(21.268518707997025 -4.4835904978890753 -7.1801635396940941e-12)
(18.844138196460726 -0.15931697651774129 -4.2509247268493559e-12)
(18.901960815331865 -0.15533577127870429 -3.6770171661924716e-12)
(18.885793809333791 -0.25774544477165162 -3.7542150085410486e-12)
(18.931180827480681 -0.27843086033693515 -3.8009782105088329e-12)
(18.917935463151359 -0.35416779188905012 -1.0994528890259965e-11)
(18.945544370655586 -0.39824351778433803 -3.7235263431361751e-12)
(18.939010435570115 -0.46999102010467569 -3.642609750795254e-12)
(18.955886603301831 -0.53367942201721053 -3.607466344653166e-12)
(18.956169517906961 -0.61351880529750302 -1.0877670505111689e-11)
(18.969745103471297 -0.69531274418209044 -1.0866702906063801e-11)
(18.977073566570326 -0.78898413527247591 -1.0050932136938024e-11)
(18.9928876467626 -0.88875784935684843 -5.3963418637319505e-12)
(19.008245212578693 -0.99905036679794967 -5.3904821693385852e-12)
(19.030329939622781 -1.1171892662270173 -5.3832144458824672e-12)
(19.055326062412359 -1.2455066875692002 -1.7556320302900741e-12)
(19.086827841463545 -1.3823635956518652 -1.7508748282210299e-12)
(19.123400828693583 -1.5292777812125928 -1.9353083158611163e-12)
(19.166976076820593 -1.6848686112768536 -1.9355479006307432e-12)
(19.217110176212255 -1.8502693979433278 -2.1594097658017494e-12)
(19.274984767595097 -2.0241041763215679 -5.7486632643335069e-12)
(19.34050261174464 -2.2072137620662695 -2.1650399476859483e-12)
(19.414482529200782 -2.398207692100272 -2.1747042912417249e-12)
(19.496892945650881 -2.597595318672631 -1.919975840228001e-12)
(19.588291390750541 -2.8040719918405017 -1.9268596718470043e-12)
(19.688595538532471 -3.0176923663941886 -2.206452565816899e-12)
(19.798136273302188 -3.2374610916264146 -3.139147739350098e-12)
(19.916757586879211 -3.4627449487299167 -4.0635214657114052e-12)
(20.044439588075885 -3.6932757005790613 -2.2795840996641584e-12)
(20.181247693579184 -3.9272125153922564 -5.6937204768197642e-12)
(20.326224750386629 -4.1658933219529199 -6.1991310987709876e-12)
(20.480663951575455 -4.4051028628492359 -6.0520034256283673e-12)
(20.641018431898512 -4.6496052600133959 -6.6659942403629702e-12)
(18.862156569671317 -0.1830871739083591 -7.2745781269160476e-12)
(18.929218306383909 -0.15823472038162212 -2.2585068578555425e-12)
(18.904665966317278 -0.26586470963487807 -6.6452992312597005e-12)
(18.95134526277883 -0.27469675109674324 -9.169909091798488e-12)
(18.927019951074016 -0.34893482302402218 -3.5200228292838531e-12)
(18.9488148611801 -0.38664050130013478 -3.7273994944368648e-12)
(18.929840011525155 -0.45551530585860428 2.5989346165934953e-14)
(18.936109409563354 -0.51524317461139013 1.5377285970266399e-12)
(18.922182744283198 -0.59232388815016146 1.6671595406724954e-12)
(18.921537975993477 -0.67126552904217385 1.6527796360146736e-12)
(18.912333849518841 -0.76266698059246751 1.6350040207160994e-12)
(18.910745853709773 -0.86033941979572948 1.483723246863039e-12)
(18.906904704495549 -0.96906708217765092 1.4508786413935125e-12)
(18.908572192154963 -1.0859407546360287 1.2604017156080247e-12)
(18.911599470116968 -1.2136874485980511 1.2139806251924865e-12)
(18.919844225692259 -1.3504089642526063 1.165155340196117e-12)
(18.931799068918984 -1.4981126259106394 -2.4873779058965552e-12)
(18.949572879542107 -1.6550873738772982 -2.4014712687751591e-12)
(18.97277066287322 -1.8230347427811289 -6.0241125103302876e-12)
(19.002766651737428 -2.0001771878212393 -6.0437601556453536e-12)
(19.03956012878611 -2.1879597790722576 -5.8001029759616597e-12)
(19.084218430594621 -2.3845376289751439 -5.7848447540624424e-12)
(19.136806743386899 -2.5910020210955658 -2.1060535469899935e-12)
(19.198218911925295 -2.8055813816376061 -2.2203284262287449e-12)
(19.268403303125176 -3.0288075824112579 -5.8860067629393751e-12)
(19.348139336272535 -3.2592817560390719 -5.767811947141247e-12)
(19.437160951616079 -3.4966372621020065 -7.4452999061471428e-12)
(19.536101797808488 -3.7403802964795001 -6.6343648326385258e-12)
(19.644533609809528 -3.9885682365235131 -6.7315631522771037e-12)
(19.762662855160073 -4.2427413820815723 -7.1728697015556013e-12)
(19.890453211226117 -4.4978500099073626 -7.7711461358410948e-12)
(20.026642539362765 -4.7598458162261288 -6.8023274918049677e-12)
(18.905466613000161 -0.21013302858669924 3.6795432212924135e-12)
(18.984517998767988 -0.15958503775190733 3.7005268113464449e-12)
(18.950309600536212 -0.27163046535601998 1.1092841244578341e-11)
(18.999460591976483 -0.26667931148817525 3.6170933232166311e-12)
(18.963586193548966 -0.33810310724155718 3.6361659073889612e-12)
(18.980245264013604 -0.36851307805181788 -3.7114954832172517e-12)
(18.949182254009898 -0.43332950488350536 -5.5667379757927935e-12)
(18.945606375678338 -0.48814344945812566 -5.5694410560476947e-12)
(18.918255985299083 -0.56118602285482533 -5.473081079562808e-12)
(18.904287363213875 -0.63599453355630764 -5.473711363984133e-12)
(18.879494438998169 -0.72358438691271176 -5.4920866162803599e-12)
(18.861434848331378 -0.81748660017394037 -9.0575627943347959e-12)
(18.839315864476863 -0.92277916959636919 -9.1078556398510846e-12)
(18.821398374569295 -1.0363382260679248 -1.266895844098807e-11)
(18.803207067366934 -1.1613185022908488 -1.2698058514777138e-11)
(18.788791442983175 -1.2955201534724252 -1.2679460746778439e-11)
(18.776571885404554 -1.4415463744202006 -1.1878438562112359e-11)
(18.768781508374612 -1.597268939911398 -9.6603780151900949e-12)
(18.765068012188653 -1.7651266826679601 -8.8698060670487307e-12)
(18.766968168814113 -1.9428160482143844 -8.8092375556057052e-12)
(18.774575696530331 -2.132612389486479 -5.0600935819221864e-12)
(18.789205704057867 -2.332058673211908 -4.8589214831775456e-12)
(18.811020238532709 -2.5430981337066645 -3.8101297803654746e-12)
(18.841293092352736 -2.7633025735243097 -5.1535440203058076e-12)
(18.880001485457711 -2.9939865440272304 -4.7479883146249402e-12)
(18.928467582116568 -3.2331161992006723 -4.722209763669407e-12)
(18.986296283394779 -3.4809122204977481 -3.8182802259033534e-12)
(19.054937460008727 -3.7364086509141998 -3.7925975804922943e-12)
(19.133388977330888 -3.9978449080296414 -3.7759928063822994e-12)
(19.223311534913318 -4.2667241633214852 -5.7703427372943755e-12)
(19.32306774810802 -4.5373846408925429 -5.7023369467064685e-12)
(19.434256674429317 -4.8167944529905062 -3.9095425932775728e-12)
(18.974280961248692 -0.24230008938356559 8.814570880362116e-14)
(19.068241633987821 -0.16110255153446429 1.2933122925236318e-12)
(19.022694666223501 -0.27681512833942884 3.735685760542764e-12)
(19.075294336048938 -0.25651442542036768 -3.6181986301933562e-12)
(19.027342968899873 -0.32405877509233394 -1.7748582211273504e-12)
(19.039442991378316 -0.34665434498352998 -1.6568842703935977e-12)
(18.996757344465912 -0.40655543874988453 -1.631850664589503e-12)
(18.984140066845686 -0.4558357978432161 -1.4115354835107475e-12)
(18.94431917206369 -0.52388715721569301 2.196851213538216e-12)
(18.918053173271446 -0.59358524636257504 2.1952995215352335e-12)
(18.878811536353666 -0.67614638379031022 1.6933631046608783e-12)
(18.845398880946306 -0.76490878076270796 6.0355552635215288e-12)
(18.806148068496146 -0.86521493725491139 3.9347520351958213e-12)
(18.769706438258996 -0.9736932631756714 7.1093468157095981e-12)
(18.731298258348296 -1.0940001390520895 6.203834931393152e-12)
(18.695074295972837 -1.2235330697534665 6.2703124120931584e-12)
(18.659388591425046 -1.3656410389810567 6.4147941184412998e-12)
(18.626524383301955 -1.5176288754119422 6.5640945741730443e-12)
(18.596172118413953 -1.6828961442593267 6.675433860517245e-12)
(18.569969062878382 -1.85842368781756 7.0315263610195736e-12)
(18.548105176655266 -2.0476091051893461 7.0408738124174336e-12)
(18.532108945035557 -2.2471601088493003 9.1388835490012525e-12)
(18.522249006291755 -2.4602252767781896 1.0685403871693371e-11)
(18.520181808548614 -2.6834620247085983 1.0852452668187526e-11)
(18.525935423518213 -2.9193760716913397 8.8076042992820862e-12)
(18.54144511183318 -3.1649930198045015 8.5490601434300235e-12)
(18.566182087646816 -3.4215740549764946 7.9239786523879698e-12)
(18.602584458266659 -3.6873213344877089 7.7242235925869144e-12)
(18.649021047280147 -3.9611260649964213 7.5181108058905052e-12)
(18.708914642383444 -4.2440539454555894 5.3717489056418748e-12)
(18.778790621366841 -4.5302694494301541 5.5753231490650621e-12)
(18.863747828639724 -4.8273905898614089 5.5687041937043064e-12)
(19.067633916844279 -0.27880520884661952 1.2599605587693586e-15)
(19.179585060663729 -0.16142698784982701 2.6241602536072115e-14)
(19.120445693896656 -0.27962438057860478 8.071833482631042e-13)
(19.177394381143852 -0.24300347992340077 6.0650990770786988e-12)
(19.11676052664998 -0.305658619497432 9.6198426556430046e-12)
(19.124925709038628 -0.32044432404194556 9.6342775022541938e-12)
(19.071197909032222 -0.37480101685234735 9.6731138333348035e-12)
(19.050474180011499 -0.41829278267747549 1.7334779494029342e-11)
(18.999308843129956 -0.48064363372638852 1.0977233315679194e-11)
(18.961965948161698 -0.54453619229483208 9.9115317996261064e-12)
(18.90964815991892 -0.62107350783087389 1.0025314679461921e-11)
(18.86227276877171 -0.70356358450581358 1.3882800254186811e-11)
(18.807355756252999 -0.79752508746499229 1.1156780742368149e-11)
(18.7538179001772 -0.89935353062225842 1.0167023840080519e-11)
(18.696606809988797 -1.0132336985369819 1.0240664034640993e-11)
(18.639876769557514 -1.136091201775443 1.0501730824781785e-11)
(18.581915028197319 -1.2721338618253843 1.2019782190699982e-11)
(18.524965010276826 -1.4179662262704111 1.3372295943123128e-11)
(18.468740645566047 -1.5781496317716059 1.398464287168673e-11)
(18.414905526811708 -1.7487581041853681 1.7950085709558674e-11)
(18.363722484429953 -1.9346083153753533 1.795387493519029e-11)
(18.316879125669519 -2.1313301814159873 1.682524072161024e-11)
(18.274735636897784 -2.3436684091836475 1.2721366694641978e-11)
(18.239316890322179 -2.5670757336931049 1.3899683301819944e-11)
(18.210705499427281 -2.8057346508585264 1.3722347526465377e-11)
(18.191501860038546 -3.0553659264368997 1.0690829744077721e-11)
(18.181052304807874 -3.3188769385291117 9.7467738107835132e-12)
(18.18294548155383 -3.5931359492073005 9.6254189337668683e-12)
(18.194898649931755 -3.8784321764609908 7.6424825257667381e-12)
(18.222429396451293 -4.1747266879408613 5.4138729586137745e-12)
(18.260044983812449 -4.4768638878655542 7.1322667477687251e-12)
(18.317038770249688 -4.7923227517068669 7.1059811817002682e-12)
(19.19343084906015 -0.32166438215076004 -5.8571089324096881e-12)
(19.32653968041615 -0.16207463542604353 -1.9566128687048087e-12)
(19.250947536754296 -0.28181669710030866 5.762445377171182e-12)
(19.312676046537586 -0.22831369849054989 5.7786301552498545e-12)
(19.238735231167297 -0.28546846513620844 5.779479650892755e-12)
(19.243287118720183 -0.29275660443937085 5.7920164794999096e-12)
(19.179128643085299 -0.34127308676470103 5.7980690206084331e-12)
(19.151053450447467 -0.37893371042593887 5.9128886296070574e-12)
(19.089627002937998 -0.43517351090725021 1.0218311590909675e-11)
(19.042280135755139 -0.4927989393605528 1.0101187463749433e-11)
(18.978156481186264 -0.56265110945430596 6.1979069529380733e-12)
(18.91805951819256 -0.63803032449500741 1.0112197043931948e-11)
(18.848813189764872 -0.72466636946012697 1.0164389432400362e-11)
(18.779466157441579 -0.81860409425539382 1.0253259023044581e-11)
(18.704751454010935 -0.92468865348996065 1.029035137043219e-11)
(18.628714297114264 -1.0391720937287743 1.3793422124646088e-11)
(18.549597039807292 -1.1673365807289586 1.0201413234784023e-11)
(18.469496071789859 -1.3048187575369581 7.2940433093554089e-12)
(18.388150733574271 -1.4576496567842929 2.6740305467545811e-12)
(18.307133873593067 -1.6206678544224182 2.1472219900014218e-12)
(18.226771631745915 -1.80052093687901 1.4721943454558503e-12)
(18.148803746266353 -1.9913865043203234 2.0676672715535474e-12)
(18.073671401978284 -2.2001207018420632 5.3103548745934798e-12)
(18.00368476056164 -2.4205642764702433 7.5712935678450822e-12)
(17.939006420349266 -2.6591928221472085 7.4398391854329664e-12)
(17.882859862554167 -2.9099793746879064 7.3536180867994451e-12)
(17.834550233833717 -3.1782061529594974 6.7671910839080681e-12)
(17.7988689033821 -3.458876153353049 5.4634307507905216e-12)
(17.772987439882943 -3.7545540974957015 5.479989815923973e-12)
(17.764775044436831 -4.0633881035153552 3.3887440142423981e-12)
(17.766721610695893 -4.3819887152324632 1.3028912632726619e-12)
(17.793006452466823 -4.7167257921734551 1.3152621175508872e-12)
(19.342219252643151 -0.36914102713663766 -1.614184601761187e-12)
(19.499506749623642 -0.16084835415400778 -1.7811396750058396e-12)
(19.403657788573955 -0.28019263037752584 -1.9442679992938812e-12)
(19.470575830228825 -0.2102772543294586 -2.0169601251047333e-12)
(19.382561959413621 -0.26118168351507559 -2.0245271983024837e-12)
(19.383956506449376 -0.26185109924426858 -1.9855418454878965e-12)
(19.310028718761775 -0.3043352464345031 -2.1166337802891045e-12)
(19.275507848823402 -0.33643261806773561 1.8748495429147974e-12)
(19.205034023954674 -0.3862811931250702 1.7271341769345005e-12)
(19.148981026264725 -0.43739267410130034 6.7849201285672437e-12)
(19.074591033577104 -0.50000090587509149 8.3822069381499482e-12)
(19.003391968501315 -0.56760110057315127 5.7762372507550019e-12)
(18.921611852073241 -0.6460130756580591 5.7736343458161827e-12)
(18.838308439301727 -0.73097560745805412 6.4300728385257342e-12)
(18.74803829273899 -0.82797248467958273 5.7503959105322414e-12)
(18.654632615617135 -0.93253350842559524 1.5806762095494608e-12)
(18.556287520582639 -1.0510727780194056 1.6172565777609681e-12)
(18.454844034868355 -1.1781259817500374 1.4249889475646522e-12)
(18.350037024081942 -1.3213469370654694 9.0515455574090198e-13)
(18.24323513087143 -1.4741242404513932 1.4107075745291165e-12)
(18.13477019803674 -1.6452115378020897 4.915954342191601e-13)
(18.026322626956084 -1.827037415453123 6.6296331719564224e-13)
(17.918342233368726 -2.0290060775826202 2.6333339890195343e-12)
(17.813338516362673 -2.2429646320753269 3.0171981898550538e-12)
(17.711486936226493 -2.4783195259346593 1.293988262598256e-12)
(17.616611692447904 -2.7268021084008862 2.265492795582714e-13)
(17.527953774168648 -2.9969935447428457 2.1864618620644916e-12)
(17.451603976631691 -3.2812974855824706 1.6863536409948398e-12)
(17.384251461241455 -3.5859106045466782 1.7389962771657077e-12)
(17.336418845333828 -3.9060063437682238 1.749561752379767e-12)
(17.298691998789714 -4.2419467762933616 1.8044411459641496e-12)
(17.290862692731185 -4.5971506612246866 1.8588759025684147e-12)
(19.529676136780143 -0.42415679478693658 1.8069629028872084e-12)
(19.714273990636467 -0.15948633284321148 1.1936778716581793e-13)
(19.594095559553427 -0.27756354867308258 2.5419267863125354e-12)
(19.66600778450999 -0.19198513442374007 -1.7246051624776373e-12)
(19.56376723074316 -0.23662080079376061 -1.6262474158182617e-12)
(19.562250851676129 -0.23161856040153619 4.6345070366315411e-13)
(19.479578168168302 -0.268252837651547 -5.3924006937791679e-12)
(19.439416688614514 -0.29510894302157242 -5.5697284566257206e-12)
(19.361141138922111 -0.33861722886615614 -1.1066669643943163e-11)
(19.297459938582509 -0.38316249601553376 -1.0049007498813026e-11)
(19.214086451532246 -0.43841442942015124 -1.0944012421143117e-11)
(19.1329837171611 -0.49791949941573499 -9.619012494057772e-12)
(19.039980657936489 -0.56777148599413263 -9.5775874879414119e-12)
(18.943998529251203 -0.64311754886191141 -1.0213457117334781e-11)
(18.839523851195068 -0.73034652376677445 -9.6820912875311258e-12)
(18.730071852189962 -0.82388511681451471 -1.0003265920254583e-11)
(18.613849048463251 -0.93163634261075889 -8.62707473822125e-12)
(18.492328512620674 -1.046560473926734 -9.3461379820134217e-12)
(18.365263112819278 -1.1783953526201469 -8.1712344827138311e-12)
(18.233662772620836 -1.3185149104039218 -7.4831262773643283e-12)
(18.097863091366964 -1.478363814113606 -6.9477001558797626e-12)
(17.959281070851816 -1.6479754031070637 -5.0512210644393764e-12)
(17.818356406543909 -1.8400355174063836 -6.8924580287982069e-12)
(17.677550327198873 -2.0437039622260804 -2.5519049779647964e-12)
(17.537070189544366 -2.2721981602729784 1.9894348079652205e-12)
(17.401048381629959 -2.5143376027792002 1.2944643161586352e-12)
(17.268831101963634 -2.7830451829207563 2.1076501011957008e-12)
(17.147516661555095 -3.0674806128286152 4.6259388257765167e-12)
(17.033715294125582 -3.3787468508310705 4.7280653035998454e-12)
(16.940498912859233 -3.708383751294666 4.5256378197710158e-12)
(16.857262964522725 -4.0621889312457906 4.6549778726266791e-12)
(16.809829465248967 -4.4397149243201603 4.7754612390952391e-12)
(19.737685183400231 -0.48295161061285741 1.8951097304905731e-12)
(19.95200040551326 -0.15475377386834896 1.3742756535345044e-11)
(19.801283635961816 -0.26842422703085261 1.9685002828560436e-11)
(19.877992836036857 -0.16982107549360725 1.8438458035579285e-11)
(19.760378067047554 -0.2076186933364961 2.087996899677739e-11)
(19.755987749122802 -0.19853010923686934 2.3623564405554903e-11)
(19.664877089853462 -0.22936035053691528 2.8538248916801983e-11)
(19.61953485748155 -0.25151911367091007 2.8294583025604092e-11)
(19.534282715958916 -0.28860345537869914 2.7136019673443114e-11)
(19.463946545615368 -0.3265771947541467 2.6017795413433628e-11)
(19.372915909652541 -0.37411652805953499 2.473630336205535e-11)
(19.283454563618154 -0.42515885043955565 2.7166738354115412e-11)
(19.181093861203735 -0.48582340825637638 2.7313656384394147e-11)
(19.074517076922042 -0.55087164443887693 2.3537479646704122e-11)
(18.958179571438553 -0.62741043157808396 2.2959244669718709e-11)
(18.835183291857099 -0.70888403318023974 2.2028058198795193e-11)
(18.70374917912023 -0.80453820578943602 2.1319344383181987e-11)
(18.564881616566247 -0.90578945637405606 2.0235141993433139e-11)
(18.418320509080097 -1.0243790061545879 2.1157301650001224e-11)
(18.264600371430788 -1.149592638401371 1.7161447568875065e-11)
(18.103981905536099 -1.2956041742754436 1.2656260877094302e-11)
(17.937471978072626 -1.4498452323739148 1.2411269097271207e-11)
(17.76535200483935 -1.6285305205318406 1.1744792482094637e-11)
(17.589884444066495 -1.8177710914504015 9.237469077742185e-12)
(17.411061968582715 -2.0351496201127417 8.4178265491037925e-12)
(17.233230168202439 -2.2660413317034256 8.7072999769567275e-12)
(17.055544694272747 -2.5288260068550783 8.0354626172725652e-12)
(16.886175692068029 -2.8084699140813316 7.2872981804864661e-12)
(16.721445368136731 -3.1231958839919547 8.795600568888816e-12)
(16.577419100336247 -3.4591588104131246 6.6927407522580185e-12)
(16.442593947571066 -3.8316243398172016 7.024063626671944e-12)
(16.349821963536534 -4.2334113722433662 7.2578203146126185e-12)
(19.98905375293603 -0.55071585624719588 2.1589528128877565e-12)
(20.235868296087332 -0.14858516968734864 6.2921285383481248e-12)
(20.050130939360081 -0.25798726470914213 1.1022956146458678e-11)
(20.13095220110888 -0.14848131979408874 1.189216597482187e-11)
(19.999525878851919 -0.18014694277382731 2.3699944804831519e-12)
(19.993094677220395 -0.16815060822357283 2.3505230072185803e-12)
(19.895753788763077 -0.19371934380167244 2.3760822514827142e-12)
(19.846696468532375 -0.21163488889590265 1.4421391289980422e-12)
(19.756381185192161 -0.24279140981770975 2.0619822553252789e-13)
(19.680888032450738 -0.27449932182673409 2.7359674633496441e-13)
(19.583786058821264 -0.31486665507392403 1.40061129205972e-12)
(19.487316475183135 -0.3577031914401459 2.1195187069287503e-12)
(19.376971583350269 -0.40966724252564646 3.807740749462754e-12)
(19.261080037118496 -0.46447972860003123 3.8510798688181631e-12)
(19.134220771604124 -0.53057822966470425 3.9002223826830715e-12)
(18.999031843017793 -0.5996447629729631 1.6945568346743827e-12)
(18.853856221798178 -0.68301540311859021 1.6984710784719793e-12)
(18.699159434739954 -0.76964441470040057 1.7765796566283151e-12)
(18.53474804305959 -0.87415817120643913 -3.4168196333846139e-13)
(18.360533345251682 -0.98268116032593411 -2.5324827277296222e-12)
(18.176765249602454 -1.1131398423606915 -9.5165371303400649e-13)
(17.983760932263809 -1.2491293922188322 -2.2754587283326167e-14)
(17.781686094713589 -1.4115889879042158 2.4394578017814758e-12)
(17.572147330710624 -1.5822378093845118 2.0948226825738354e-12)
(17.354977509380834 -1.7843479464770957 -4.7046065768260182e-14)
(17.133964291435959 -1.9986256570937631 1.8022747452268482e-13)
(16.908405866360074 -2.2503035189126002 -3.3922531317886264e-14)
(16.686301485971249 -2.519398694108729 -1.6630652477038621e-13)
(16.464680237245457 -2.8326626724049162 2.625376683846628e-12)
(16.261213322520231 -3.1713262365949424 2.5905759631477811e-12)
(16.065804504352876 -3.561521467089634 4.191681310810325e-12)
(15.917864314643099 -3.9923852347009934 5.0863508122138255e-12)
(20.260042639620639 -0.61964454853563 7.6134322406218412e-14)
(20.540780322857728 -0.13744311435120288 7.688593386722272e-14)
(20.309837082238705 -0.23735066031929891 6.6004878146624095e-12)
(20.394106059325072 -0.12275144556803647 1.1108756872933783e-11)
(20.246542460316633 -0.14781564694479515 1.151972949605936e-11)
(20.237021831497451 -0.13501286432159915 1.1167489459997008e-11)
(20.132364990240134 -0.15538141988933582 1.1121860608498146e-11)
(20.078668987500183 -0.16963536440161225 9.1007007201720353e-12)
(19.982752806096755 -0.19464457992727455 1.0722428650301907e-11)
(19.901916924618849 -0.22005964350077939 1.2745755562418219e-11)
(19.799106328998679 -0.25267546920442135 1.4399325684022545e-11)
(19.696482814242323 -0.2869504233379564 1.6539296125797779e-11)
(19.57957162919649 -0.32942486530501791 1.5209119645566492e-11)
(19.45627082751038 -0.37349326378611858 1.4560470399870035e-11)
(19.321329918377582 -0.42824984152984186 1.3976663763947659e-11)
(19.17683784039982 -0.48430051408157765 1.4435442921988256e-11)
(19.021293611607206 -0.55433249257635542 1.292443370615317e-11)
(18.854553863210459 -0.62549281150068148 1.3367917134350345e-11)
(18.67649438733654 -0.71451416335532414 1.6593068245190132e-11)
(18.486334361634228 -0.80493416403178308 1.8741672185472399e-11)
(18.284243646281432 -0.91771159795634372 1.8732429407058616e-11)
(18.069733543315827 -1.0329796097307133 1.7783193345180399e-11)
(17.842635382025804 -1.1758838863826551 1.6356518829819162e-11)
(17.603758369985481 -1.3238574424044569 1.4589743746751194e-11)
(17.352225173981981 -1.5056377033469499 1.6925769098574316e-11)
(17.091225997411655 -1.6970827447352244 1.4819746728269808e-11)
(16.819108760638841 -1.9308723015263778 1.1616807413607035e-11)
(16.54409230719806 -2.1810905522133845 9.5630096452435575e-12)
(16.262162790582387 -2.486129615257322 9.7998517152216091e-12)
(15.994253098881158 -2.819590017287946 8.5323385059499727e-12)
(15.730391135873422 -3.2270965985982309 7.0422378599479051e-12)
(15.520574244076014 -3.690680264471466 7.7966295517610895e-12)
(20.575515205436613 -0.70035205685351909 2.1157571461530413e-15)
(20.892226665133961 -0.12220629929539162 -2.308200095642122e-12)
(20.614289857930387 -0.21590912047468971 -2.3526522940809449e-12)
(20.701180648678683 -0.09913885438595714 -4.8905180728862487e-12)
(20.543169606057226 -0.11897503395771052 -7.124412929400117e-12)
(20.533624483528129 -0.10613399267659585 -2.3491230274086806e-12)
(20.42690999695073 -0.12206539568742951 1.9610138926197728e-12)
(20.372511282283842 -0.13302717786591209 3.1100392489898944e-12)
(20.275325238329433 -0.15297763087324062 5.1151869336463755e-12)
(20.192793116755396 -0.17282958417851291 8.3317786745475891e-12)
(20.087824317056764 -0.19925717547785171 6.9579868800015917e-12)
(19.982172397238589 -0.22598829876096632 7.0315873222476397e-12)
(19.861709390786157 -0.26073925415771942 7.8505187227207366e-12)
(19.733817642159941 -0.29504891535098415 8.5148533411574895e-12)
(19.593569170513558 -0.34016325331619868 1.0545153919849217e-11)
(19.442509971883144 -0.38385523061080318 1.1388290965024173e-11)
(19.279393129549526 -0.44196196962213574 9.6891185149784889e-12)
(19.103466924270368 -0.49779031188134654 2.8692295586095749e-12)
(18.914809285611096 -0.57224705346888005 4.2852922829401829e-12)
(18.711846161159016 -0.64395107485813607 3.9052931492622312e-12)
(18.494900602611729 -0.73916284016338762 3.9618619942964602e-12)
(18.262387576409445 -0.83191460766826864 3.8851884235915572e-12)
(18.014083174388734 -0.95401921212320129 1.266953181341672e-12)
(17.749427564346203 -1.0757048462773871 1.4600476925815406e-12)
(17.467120938556477 -1.233734507216649 1.505465574462882e-12)
(17.168360867025829 -1.3962070555875539 2.5330435377589903e-13)
(16.85141718418798 -1.6056594661413364 1.5259949272740318e-12)
(16.521349886484959 -1.8284361893159209 -1.3291616252975444e-12)
(16.175796810518662 -2.1161948820717247 -5.7186125611873826e-13)
(15.833223532272168 -2.4378457299864529 -5.432820934778516e-13)
(15.490616864030994 -2.8579421755857308 2.0576608115663154e-12)
(15.20502261739386 -3.3698892561845626 6.5209077541236467e-12)
(20.92813636292772 -0.77634967561152279 5.1940888409535078e-17)
(21.28237140662937 -0.10219615148303361 -6.8795133735418829e-13)
(20.940011252241884 -0.18007615854724351 -2.2133958581543488e-12)
(21.029341624754355 -0.071367249672092334 1.6845094970655061e-13)
(20.856066179737272 -0.085759516462655852 2.5447788261331729e-12)
(20.843400226567198 -0.075518743793885554 2.4892653869967609e-12)
(20.730838921728218 -0.086985400801861318 3.2862627041608709e-12)
(20.672239067577383 -0.095228700864587457 2.7832894998602437e-12)
(20.570692127729806 -0.10937565098258199 1.3030490039255351e-12)
(20.483986007626747 -0.12342668827639454 3.76221222226653e-12)
(20.37515014043743 -0.14224465649895734 1.3460084151626477e-12)
(20.26551754999625 -0.16080635596694035 1.3669027491131094e-12)
(20.141312074766184 -0.18617846930994109 2.613237193327566e-12)
(20.009341062957926 -0.21009782123980469 1.4629051868288511e-12)
(19.865176782515228 -0.24393376847890524 1.5939785689721008e-12)
(19.709786948563252 -0.27487020104118676 -1.0829705406080331e-12)
(19.542445389160935 -0.31951780523051221 -1.0694577264973753e-12)
(19.361799527597224 -0.35981209827659311 1.5026287908616827e-12)
(19.168320905126325 -0.41815293462609721 1.4997947678179411e-12)
(18.959677012706592 -0.4708481034369717 1.5405271695563067e-12)
(18.736356866328485 -0.54663722572805784 1.586633928991524e-12)
(18.495650033038377 -0.61591003658750798 -1.0928002807098094e-12)
(18.237014727597192 -0.71439826390114314 -1.2783314487365867e-12)
(17.958359334668167 -0.80719990240054362 1.7543088110042922e-12)
(17.657114995607881 -0.9363414249739932 1.9233261838406748e-12)
(17.332530304523171 -1.0639271632723166 1.9572947933937911e-12)
(16.980269837300241 -1.2400189546422367 1.125386154649564e-12)
(16.603911778623235 -1.4234951869470855 1.3026219939137508e-12)
(16.196884241576722 -1.6817572477078682 1.5615427884143345e-12)
(15.782366856444964 -1.974864579109161 1.6714691805294407e-12)
(15.355166227079721 -2.4059037884723291 5.2046965680906798e-12)
(15.000208023950517 -2.973141132519391 5.6183905198117638e-12)
(21.355718414758151 -0.87175504205172205 1.3976849921991994e-18)
(21.748114091501215 -0.072702240136425997 2.4601347444019585e-12)
(21.352867935250234 -0.14572230720280407 7.4334017441343682e-12)
(21.444179685137584 -0.047362472880321888 7.4388852083554597e-12)
(21.269850810306068 -0.057839202398225084 7.267651683168391e-12)
(21.262522353056916 -0.049663435418051183 8.6566046069076467e-12)
(21.155909987231148 -0.057557267087252971 8.4362275133508813e-12)
(21.102948566969761 -0.063106945103671847 8.3125659796354754e-12)
(21.007331105865592 -0.073504271315951344 7.1822679057552079e-12)
(20.926017188485222 -0.082959114564885736 7.5562705273701867e-12)
(20.823003935203459 -0.097444090807153369 8.6298831476622638e-12)
(20.719011740023394 -0.10975621377038239 8.9539484948459283e-12)
(20.601160931636933 -0.12956538086738942 9.0148476763329716e-12)
(20.475616293983013 -0.1451860335645839 9.0815385421652349e-12)
(20.338418756585924 -0.17188193040434435 9.1438325994923657e-12)
(20.189816702305762 -0.19206363278682204 9.229313092041937e-12)
(20.029304591671924 -0.22764745275051251 9.2665590124073633e-12)
(19.854761369760681 -0.25425191637806754 7.9909283438542702e-12)
(19.666984632066409 -0.30098743165343583 6.5596380384722072e-12)
(19.462638781828524 -0.33617798528214066 6.8638573018701793e-12)
(19.242758121650979 -0.3967172800694313 6.9825421065977431e-12)
(19.003075700433584 -0.44306141545688016 7.0951750001367522e-12)
(18.743461254449631 -0.52084589134573001 7.1918206955813611e-12)
(18.459811606372405 -0.58305974874587385 7.2726321462272497e-12)
(18.149192124573457 -0.68339563723154595 9.0267448361701847e-12)
(17.80758062493879 -0.77012320423536951 8.2064682865662622e-12)
(17.430881806392104 -0.9075164983206564 5.468443115617377e-12)
(17.015231016959422 -1.0403170642261503 6.8379110892983614e-12)
(16.558848487627081 -1.2571223474321971 8.3794918435844293e-12)
(16.073594845194805 -1.5137989117556583 7.8914922198896951e-12)
(15.576341306370567 -1.9516073948596591 8.0032858724323934e-12)
(15.161723292696907 -2.6239602859828248 8.3057614380395233e-12)
(22.041215082909279 -0.94951852232036504 9.6059060283908516e-20)
(22.478543434417777 -0.04598365749312526 1.5124764940868265e-12)
(21.999654344633324 -0.094088594232495881 3.7786714034903784e-12)
(22.093428189095842 -0.021202562832669424 6.405270046844097e-12)
(21.909765992956995 -0.028670755651502681 6.2690021087252227e-12)
(21.901960708779104 -0.026156606812135542 4.0179703030944276e-12)
(21.795657714605113 -0.030398030021743197 4.4836065983969011e-12)
(21.743241910745056 -0.034151121092946955 6.8953607581482144e-12)
(21.649181766733655 -0.039127063718885934 6.3791507308344352e-12)
(21.569027034464359 -0.043834066358465817 7.7093256124306054e-12)
(21.467823076416249 -0.051181109711283451 5.7143601116242823e-12)
(21.365153427846693 -0.05685567343097158 3.2476603537570997e-12)
(21.248959272601997 -0.068179343783105112 3.4973328099578535e-12)
(21.124545875348261 -0.075313869234078984 3.9385837894360988e-12)
(20.98929009951619 -0.091735652417362326 3.3474762672214698e-12)
(20.842819073156992 -0.10116526747175225 4.1484444434536759e-12)
(20.686285567137705 -0.12409953275712574 1.3028620173777523e-12)
(20.516865803492614 -0.13712787040284791 7.2557904206292018e-13)
(20.336783896358757 -0.16831761922158447 2.7712862263100455e-12)
(20.141649073720441 -0.1862416382378381 2.5804398109156593e-12)
(19.933676093186762 -0.22750706328737169 3.6425300990554364e-12)
(19.706978153106242 -0.25107573084293483 4.1522766529466434e-12)
(19.462151467686706 -0.30405715849504805 3.4726767061799284e-12)
(19.192272467988399 -0.33543814677585043 2.0716902609556241e-12)
(18.894122942660623 -0.40147922386584789 6.8053415003025773e-13)
(18.55943349788495 -0.44578172931921506 3.774764417009689e-12)
(18.18113825879092 -0.53578065198303948 2.2567303917420617e-12)
(17.751907972826789 -0.61070975441409203 2.3262969298921385e-12)
(17.265309398723016 -0.77401416427609393 4.7733534768464946e-12)
(16.750067370489415 -0.97834538319563091 4.7316412124446796e-12)
(16.226126743767704 -1.4382938425399228 2.5466961553354089e-12)
(15.87507746029577 -2.2312506253205409 -4.8552657633177158e-13)
(23.43875425792606 -1.0673597201983782 -2.6412074592197696e-12)
(23.913077839766135 0.0017116582152778069 -8.6314227406825828e-13)
(23.415960116162811 -0.04870791001726154 -3.7845833456853774e-12)
(23.510741955671673 -0.00051392944740033856 1.0542103399394459e-12)
(23.347561935901009 -0.0062736196552401679 1.0836353949884586e-12)
(23.355620228783913 -0.0067557688077906804 -1.2792847920603068e-12)
(23.271914553177215 -0.0092120461616183816 -1.2801070236443919e-12)
(23.238462479066353 -0.010491591716607119 1.2441182569255284e-12)
(23.165714649193053 -0.013747284287433414 1.238190099413488e-12)
(23.105844885292367 -0.014569700891254384 -3.8254223655226115e-12)
(23.027198366542027 -0.020200775270836763 -2.5572211361944187e-12)
(22.948048409503375 -0.020662078432866649 -3.2135166728681616e-12)
(22.858681808051443 -0.029446044191884183 -2.5786241929729094e-12)
(22.763184186558735 -0.029822296513314146 -1.8537020386169031e-12)
(22.660241102824152 -0.043318670332557437 -2.5604211906522128e-12)
(22.548147840155117 -0.044641797340167537 -3.7152639620781447e-12)
(22.429121763982209 -0.064619157010828404 -4.3474681067430943e-12)
(22.298374792994426 -0.067930433365344448 -5.0234926165292601e-12)
(22.159362824733918 -0.095304477277427302 -4.8542078961952363e-12)
(22.004581310054331 -0.10061065704994489 -5.5640076694213119e-12)
(21.837919073108857 -0.1354344185920594 -6.0318322543736677e-12)
(21.648580803220682 -0.14094719481129434 -6.0917573870727471e-12)
(21.439276379723967 -0.18133909196428469 -6.6241160704046571e-12)
(21.198044442022837 -0.1842053969876408 -5.5621451268308897e-12)
(20.923677892255022 -0.2254559058243544 -2.7056350922953298e-12)
(20.606105638933304 -0.22251207141566223 -4.5587764396497914e-13)
(20.24995450021008 -0.26760231390920025 -2.1318887858316153e-12)
(19.852981650687614 -0.27369257113815981 -1.8494048159112142e-12)
(19.448740159652392 -0.3899011894918204 -3.7212877714636822e-12)
(19.066361855738805 -0.56864030370510255 -3.7279193525624074e-12)
(18.796277593633317 -1.1155063391131059 -2.9444721920345669e-12)
(18.762901558953462 -2.1524486407850696 -1.7374746440649039e-12)
(27.50528945729145 -1.1378286994812576 4.724513787223627e-13)
(28.043374309898592 0.016215721675465606 2.9558243368121653e-12)
(27.486686723836524 0.0070670937710198877 1.1290452911375013e-12)
(27.566700089880193 0.01842009912509357 1.1237459637588516e-12)
(27.408266615690508 0.009792133019113889 -3.367369660704328e-12)
(27.415338727362865 0.0016599754653615227 -5.6360735269397493e-12)
(27.351813093510746 0.0011060366851489314 -5.6454021107821722e-12)
(27.33809407098844 0.00058041710883394485 -3.3817497481946626e-12)
(27.293799210795903 0.0022215451744252946 -3.3851877554708643e-12)
(27.260529668336467 0.0041063689500943877 -3.394108841501015e-12)
(27.209297774352997 0.0048702411435282969 -3.4039203357446837e-12)
(27.155164404988334 0.0074244456082921059 -1.1254544695382754e-12)
(27.088778731099485 0.0052637459279004069 6.7935599164247896e-13)
(27.013846268643405 0.0085987076609279033 1.1538603815094891e-12)
(26.928284789432759 0.0031294997874104658 1.157987058685029e-12)
(26.831156467184304 0.0070424830720773757 3.4714435213110928e-12)
(26.722585006843858 -0.0021951938561678955 3.6733682685253241e-12)
(26.600395056766118 0.0025051110912679034 3.5036220955098463e-12)
(26.465366023836324 -0.010171373450790463 2.9369606617658849e-12)
(26.314993441859322 -0.0027527533002779567 4.1293723898466148e-12)
(26.150701309212021 -0.016991735058400525 4.1639744827293908e-12)
(25.97081927967702 -0.0013262240968211886 4.1910598419024309e-12)
(25.777194375479095 -0.01291853457605443 5.9844637693780135e-12)
(25.571127646500436 0.01629623007726505 5.4712076677238309e-12)
(25.358270501262957 0.013862587996444069 6.7500059694791158e-12)
(25.147951019097903 0.050407582659008882 6.5115239241910654e-12)
(24.956443296924302 0.032991287777715803 6.1130904449760022e-12)
(24.804888563074496 0.022833851148614786 4.3944805579582768e-12)
(24.738018760969936 -0.13724101323628796 4.4135573789902443e-12)
(24.775782684280514 -0.41512628001251062 4.42345024072934e-12)
(24.953330469077507 -1.1557101738959754 4.4435342125611998e-12)
(25.327224806762924 -2.3492989348801423 4.463728557466421e-12)
(39.64390978284338 -1.3038804733984113 1.2610914649977911e-14)
(40.269704910191919 0.079269951845677908 8.1312796477760317e-13)
(39.964350361794466 0.050666728165591569 2.4454577645261142e-12)
(40.061966609672666 0.036678526634829123 8.1495157099105571e-13)
(39.956961950290619 0.02272640594500162 2.5031290561458501e-12)
(39.957756862088502 0.010509181607594681 2.4566938236393605e-12)
(39.911951050184186 0.0022169212209007141 2.4562675182922755e-12)
(39.904162388859 0.0016765164425877207 4.0993480805653657e-12)
(39.884451816285612 -0.001275719964245694 4.648101110383594e-12)
(39.872907064726199 0.0046188186158396894 4.1014401902312959e-12)
(39.859710322010052 0.0026440539801349827 3.4585016037308265e-12)
(39.845347796904576 0.011962580695906272 4.3667015750609077e-12)
(39.828457868259349 0.0086108920597111373 3.2194885882034885e-12)
(39.806894535251466 0.021095994129790709 2.4556396028432007e-12)
(39.781932043020369 0.014715089136030495 2.4600674656823744e-12)
(39.749861117813673 0.030450160007160727 2.4591382211821763e-12)
(39.715734449149728 0.019701837230632607 2.2493374194247097e-12)
(39.674367290921097 0.038173287274938079 2.0474824337071865e-12)
(39.633994439443107 0.022462628638259974 1.2309410975163826e-12)
(39.588444418476655 0.043951405512352673 1.2314157996270841e-12)
(39.550412309486362 0.022283500826453039 2.0578599805958581e-12)
(39.51388158889479 0.047208461266237699 2.0572342582238665e-12)
(39.501188848385816 0.018499469709995876 2.8816903285031473e-12)
(39.497465336088638 0.043454634118050915 2.8803126435354605e-12)
(39.55421370244575 -0.0011554459588693394 3.6875274116104087e-12)
(39.637600481638572 0.0065581489903884897 3.675988282431371e-12)
(39.812712337243937 -0.085648213975519152 2.8249652925431982e-12)
(40.036540944875071 -0.15693651513137283 2.7989174741611929e-12)
(40.365249044035259 -0.41504866679575481 1.9542485533211019e-12)
(40.735098275072311 -0.75191726217418342 1.9028818979520175e-12)
(41.170306028718564 -1.5371052134336969 1.8818894417629915e-12)
(41.558348743488537 -2.5586876367120159 1.709164040522368e-12)
(81.490379373628286 -1.2200671319802767 3.565623453476326e-16)
(81.670508243344301 -0.038749571344363722 -4.2341059668627797e-13)
(81.016243572351527 0.025537095424482108 -4.2134963497914251e-13)
(80.709500128529385 0.031261873415255111 -4.2021851038234584e-13)
(80.258395228862724 0.019473774668819888 -4.1976414623590618e-13)
(79.835936314352878 0.010307823247425131 -4.2110746637081774e-13)
(79.365199417472766 -0.0016820615018380951 -1.2606602288450002e-12)
(78.911207546375422 -0.0023795335711962562 -1.2624182480333619e-12)
(78.45674343836572 -0.0090985969190533061 -1.2623995296302645e-12)
(78.028241850959958 -0.0033295871357999882 -1.262556184646934e-12)
(77.618119713892256 -0.0090553923941668005 -1.262079859374772e-12)
(77.233233265454984 0.00039851937446008751 -1.2593204805338648e-12)
(76.874527463628581 -0.0055490549755907205 -1.2648704125192298e-12)
(76.537109190590456 0.0072601241352987633 -2.1068290207899743e-12)
(76.226754083334939 -0.0010951727058996009 -1.8985672481411217e-12)
(75.933057668201982 0.014720667272490525 -1.4744722502690944e-12)
(75.662425842554086 0.0019463268571528749 -1.897582002154627e-12)
(75.401989217140269 0.019263346991519555 -1.8965208015337626e-12)
(75.159015222745168 0.00094080808576242744 -1.8968104223638413e-12)
(74.919557547603972 0.018593685555875896 -1.8949685901559258e-12)
(74.691955809781106 -0.007351901930399112 -2.3165949078790294e-12)
(74.460540740921431 0.0077466543162347168 -2.3149941311246488e-12)
(74.23023769745771 -0.029010682528205361 -2.3161441741223374e-12)
(73.988843545037184 -0.023072910041414655 -2.3155290320617731e-12)
(73.720365181905564 -0.084149889425237864 -2.3189243580909654e-12)
(73.414970658151816 -0.10332656919510375 -2.7443745743702823e-12)
(73.030420683743458 -0.2118223432647145 -2.7550045593955076e-12)
(72.522927775341515 -0.30154648969831316 -2.7696558762720703e-12)
(71.786056147445066 -0.54185599389622197 -2.371448740507174e-12)
(70.668096709521905 -0.84916587346052697 -2.4107279190114e-12)
(68.894615568033643 -1.4955231132312246 -2.4881412703244451e-12)
(65.93725561763253 -2.3439352045775492 -2.6197375488902606e-12)
(24.192112929658407 -0.39732642882092056 2.0682913636524836e-10)
(24.485741210282384 -0.41131593477802492 1.8396331194562989e-10)
(24.790426356259637 -0.43001665944623318 1.6218332448084579e-10)
(25.119459987647154 -0.45052616584878619 1.5477137830215355e-10)
(25.459952829035661 -0.46607403416003029 1.76993081218436e-10)
(25.807069049807776 -0.48355636725547835 1.7844540229058207e-10)
(26.173533995060581 -0.50224869074089895 1.7013760447937172e-10)
(26.553143946825404 -0.52058915754293977 1.7126937063778896e-10)
(26.963779696643872 -0.54754754082535828 1.7975647628468891e-10)
(27.391686521520175 -0.55987753723420963 1.5911674361428177e-10)
(27.826753449505311 -0.58571831909182526 1.8194933830431302e-10)
(28.292479055231261 -0.60515741857441863 1.9717948303760252e-10)
(28.773225189726674 -0.62945458593424852 1.8252526071970216e-10)
(29.282742535396199 -0.65233882998198323 1.6095039401717915e-10)
(29.813129892535013 -0.67719301908428187 1.6911710311285581e-10)
(30.371274912629161 -0.70196410454657732 1.6987827291715421e-10)
(30.953554865792125 -0.7275816441088846 1.7056475427785777e-10)
(31.56293753495892 -0.75319677623935177 1.7119052296599303e-10)
(32.197386996427014 -0.77914129209910898 1.7312836175933839e-10)
(32.859467655197072 -0.80614488224095915 1.8338498738856924e-10)
(33.550399542992295 -0.83365489665664849 1.641518867114319e-10)
(34.271181966885464 -0.86199488123487711 1.8750327476061407e-10)
(35.02331060254356 -0.89111418076048066 1.5540957021233861e-10)
(35.807892286300977 -0.92110189472462123 1.2675627670070108e-10)
(36.626538960663623 -0.95211068478593142 1.2682819675100023e-10)
(37.480731716018646 -0.98425701345690664 1.038966853297393e-10)
(38.37214310546544 -1.0175541631096849 1.2699688408233571e-10)
(39.302483306664556 -1.0518428211740745 7.6784430468567822e-11)
(40.273414562030744 -1.0872786442477373 8.0914945824852383e-11)
(41.286963820910138 -1.1236975229027391 8.7619393478282766e-11)
(42.344802862407782 -1.1614313398630582 8.086755124172981e-11)
(43.449454471049911 -1.2000872039257833 6.5319242449223685e-11)
(44.602613146115829 -1.240499154901668 6.5313770937936591e-11)
(45.80711914244354 -1.2816319029904648 5.7781910463429829e-11)
(47.065285607827114 -1.3250050803993352 3.4673920140606464e-11)
(48.379753124211142 -1.3691382051678112 3.4578618637953795e-11)
(49.75374208057368 -1.4156655816514161 4.9181423466635886e-11)
(51.18996475737444 -1.4633650683456514 2.6978575336958299e-11)
(52.691986880112808 -1.5134890155536913 4.6013097786639065e-11)
(54.263416667906469 -1.5650781974620793 3.8101186687556237e-11)
(55.907956943330547 -1.6194498376138728 2.0414037594233616e-11)
(57.629757333690868 -1.6755301442948554 1.1602597757712342e-11)
(59.433326696136255 -1.7345839336157318 -1.1202658418080445e-11)
(61.323420523261866 -1.7958553532991619 -3.4012471780015199e-11)
(63.305156195149053 -1.8602588636757469 -3.083559645641126e-11)
(65.384239875604493 -1.9276219698325983 -2.2584229700389938e-11)
(67.56629993886591 -1.9981905223823413 -3.2771996429446211e-11)
(69.858533577130061 -2.0721592314118502 -2.8277276103703122e-11)
(72.26703760808887 -2.1501754508905222 -2.4366302526005599e-11)
(74.800818688755058 -2.2317992419043824 -1.5391636552537642e-11)
(77.466495132522368 -2.318147010362448 -1.6866437534753913e-11)
(80.274726052464047 -2.408871048656001 -1.6869438877230908e-11)
(83.233895436027481 -2.5050055723336602 -1.4010780908526903e-12)
(86.355995220528527 -2.6056662997051259 -5.5785073849461897e-12)
(89.651834769531973 -2.7132735588362951 -5.4824538886234164e-12)
(93.134806285501398 -2.8260281683223338 -1.7587466466605616e-12)
(96.818078310002903 -2.9465059373216476 -5.4524395887867363e-12)
(100.71913641178983 -3.073173860761603 -9.3970161254373266e-12)
(104.85003093822635 -3.209872728118782 -1.1483155187882033e-11)
(109.23515235911803 -3.3507099710490142 -1.667909532232223e-11)
(113.89243377634996 -3.5063067475693948 -4.3907033119367461e-11)
(118.84212862093764 -3.6669857025718269 -5.0084669828768861e-11)
(124.11217954569538 -3.8411944228453572 -5.0029660742107566e-11)
(129.72884418144307 -4.0252203078914777 -5.3759843554760753e-11)
(135.72183277685784 -4.2231774835211215 -6.4827135716470673e-11)
(142.12583676183914 -4.4316000545668937 -8.3095697426369452e-11)
(148.97882996708643 -4.6583029459743175 -8.3116920241569217e-11)
(156.31892856481912 -4.8972220778052344 -9.4099291914604919e-11)
(164.19318024259084 -5.1525208968638703 -8.6801686271524457e-11)
(172.65815497558737 -5.4254513023235864 -8.8820681338071478e-11)
(181.76339579965986 -5.7176834676808079 -9.3927620878510674e-11)
(191.58020170846075 -6.0252029433760672 -8.3118819382648597e-11)
(202.17915521690384 -6.3592721926742852 -9.423135405345846e-11)
(213.63079842391832 -6.702236081012086 -8.3263791834741524e-11)
(226.04063265121843 -7.0937996858072827 -8.3294184841045196e-11)
(239.57331711515897 -7.5279118273641767 -8.111238953285863e-11)
(254.39999097850986 -7.9986160779034394 -7.052700410193886e-11)
(270.67242090565253 -8.4938700049903666 -6.4250624404981821e-11)
(288.54252655744034 -9.0013420550436525 -5.8708417163370634e-11)
(308.16220953888637 -9.5025846462067705 -5.1576042528751032e-11)
(329.63631743454312 -9.9615714674724973 -4.9021997225948183e-11)
(353.03987374515737 -10.325220271640005 -4.706139902348538e-11)
(378.26967979806346 -10.518526111210903 -3.5673816078029218e-11)
(405.58472045043646 -11.452399445196477 -2.6527856229760809e-11)
(437.76068451616794 -11.844071082035816 -2.1631079499565559e-11)
(473.0951396756862 -11.770485663504665 -1.4750823001502762e-11)
(510.86493428098834 -11.414059766957925 -3.7037878332009455e-12)
(551.06649175252267 -11.035135606728447 -1.5297689293218342e-11)
(594.78098947379988 -11.03584729112373 -2.0023328485579994e-11)
(644.66672432176256 -10.582809832007781 -1.677416965487744e-11)
(699.90114964023223 -9.3831058297473717 -1.1930843332769375e-11)
(759.14520407558916 -8.0252184804485776 -4.4440410920281409e-12)
(25.146126564676532 -1.2125718814931032 5.1427917925289006e-11)
(25.464489706658295 -1.2602995855159111 4.9311773236536954e-11)
(25.796301397606229 -1.317464268741279 4.9400778534024762e-11)
(26.163664141166684 -1.3771251676626717 5.6879166628568342e-11)
(26.539644895736181 -1.4243776692289358 5.7912254011811221e-11)
(26.913243181738402 -1.4715943158031017 5.7195264282598592e-11)
(27.310948522802917 -1.5236676095353048 5.7202486457091257e-11)
(27.724389350129584 -1.5800958984773477 6.5019381403860294e-11)
(28.183680644229316 -1.6509161540790396 7.2950428769506729e-11)
(28.653124453660975 -1.6909865845338006 6.8157327626459087e-11)
(29.114250786299817 -1.7495871152957669 7.6229593211445597e-11)
(29.621106111341433 -1.8042583407490418 7.3925873276151894e-11)
(30.140674546549818 -1.8668952970069657 6.7940060879885778e-11)
(30.694972128759705 -1.9289807513746848 7.964128430967096e-11)
(31.270637583476635 -1.9943985181885693 8.2527451486956593e-11)
(31.876309161661297 -2.0597886168423902 7.3317414359089035e-11)
(32.506239298962903 -2.1261094387330006 6.9078645336144819e-11)
(33.163161062534563 -2.1917032310259712 6.7547220451639464e-11)
(33.843850864824027 -2.2574583927066834 5.9278706125917534e-11)
(34.552487381562585 -2.3253904284357945 6.2337064609647543e-11)
(35.291417717484343 -2.3949022058496765 6.7764585140822366e-11)
(36.061112334472909 -2.466284565134274 5.9946565345204453e-11)
(36.863348329362729 -2.5394486120876718 6.0031321222603239e-11)
(37.699150466389767 -2.614562368458714 5.205178021931281e-11)
(38.57023071284403 -2.6918751431339252 5.7286143179090852e-11)
(39.477937443854536 -2.771370095579571 6.5335369630845765e-11)
(40.423953592720572 -2.8530974910529516 6.2934390191975525e-11)
(41.409965627625766 -2.9370951799374456 6.6614993001841029e-11)
(42.437706216519963 -3.0235039483432877 7.5606190421620442e-11)
(43.50922932334278 -3.1123821185514453 7.6129240114064562e-11)
(44.62642407270836 -3.2039667108865024 6.8128096398974284e-11)
(45.791625015802346 -3.2982314673240478 7.0833866640511227e-11)
(47.006986650471021 -3.3956407948812197 7.077178735458093e-11)
(48.275170537438569 -3.4959262187096587 6.5673814164025698e-11)
(49.598637324097673 -3.5998420892127641 6.0239259800990248e-11)
(50.980405967809247 -3.7069655825464194 5.9916825621075439e-11)
(52.423309265660308 -3.8181134654668587 6.0963118353007797e-11)
(53.930793143086589 -3.9329862617061155 6.697613759560889e-11)
(55.506102705430678 -4.0522804639866674 6.2579410126050784e-11)
(57.153217703482227 -4.1758181971055697 6.3951929310064017e-11)
(58.87583178522366 -4.3043445571027084 6.6557603259914333e-11)
(60.678595461190241 -4.4377049070485572 7.0271886532491519e-11)
(62.565734823137582 -4.5765504358453555 6.7509228374176987e-11)
(64.542620788919081 -4.7211361029572174 7.3339985605619161e-11)
(66.614105562509693 -4.8715670903788091 7.2078022100786097e-11)
(68.786646601884613 -5.0289168111463312 6.7455415910291845e-11)
(71.065779023969824 -5.1926757651554745 6.1243111085232825e-11)
(73.458862607891604 -5.3641333568926299 5.8195893904521952e-11)
(75.972403217297625 -5.5433810805299251 5.3243263513166979e-11)
(78.615689743123895 -5.7309482902281301 5.0496426959487775e-11)
(81.395362101178435 -5.927570314743825 4.6474530904151836e-11)
(84.322705568771298 -6.1336180413935919 5.3000162044970354e-11)
(87.406445419612041 -6.3503667609992798 5.2949470745020678e-11)
(90.658515353182111 -6.5772609464873319 5.7797145634825477e-11)
(94.090119206147747 -6.8167364639044274 5.7418130674931455e-11)
(97.715414872660233 -7.068411995658332 5.9329356990799594e-11)
(101.54743149809018 -7.3332130627294623 5.3431846673752363e-11)
(105.60431836629917 -7.612725159771446 4.8833299040386575e-11)
(109.89923998471706 -7.9085990283907943 4.2222373179018193e-11)
(114.45582836511632 -8.2186680460422927 3.8862126905129817e-11)
(119.29117834805876 -8.5496425069363937 3.9384685684678758e-11)
(124.43097377192785 -8.8962350116657802 3.7362694661818618e-11)
(129.89791244664789 -9.2660751384697093 4.2062205881756543e-11)
(135.7221765210314 -9.6556649477620695 4.0837297916301015e-11)
(141.93286076578821 -10.070213032014069 4.4681457353164202e-11)
(148.5648112713649 -10.507590725773793 4.4698093519184334e-11)
(155.65566607999259 -10.973317911483608 4.084280365583919e-11)
(163.24874301339173 -11.465532541019099 4.0902013878291677e-11)
(171.38603579507873 -11.98854457685958 4.2156189840663544e-11)
(180.12642313433307 -12.541849949306833 4.306316474921331e-11)
(189.52175265028174 -13.131221430247072 4.0871469116774837e-11)
(199.63934714297247 -13.750804570791795 4.4613790586828725e-11)
(210.55088655955987 -14.40965159284813 4.2622573512494705e-11)
(222.33482180132879 -15.096488183332589 4.6318565622319537e-11)
(235.09299635038505 -15.859588114332929 4.2290743876001684e-11)
(249.0147838360806 -16.693807741474824 3.9465729546884294e-11)
(264.25707411059483 -17.587696489690501 3.9254046022737369e-11)
(280.9488111863397 -18.516706904485904 3.9357231389738674e-11)
(299.21562232498587 -19.455054887166188 3.7660520244281859e-11)
(319.18221351707592 -20.37453193949295 3.294360342882814e-11)
(340.92557321156238 -21.219859837061684 3.3220034933257062e-11)
(364.49799952410569 -21.927595314153514 3.5389378408595353e-11)
(389.81057301706375 -22.369195333090445 3.4573834079235146e-11)
(417.17237609541962 -23.870321901743132 3.929420804167849e-11)
(449.71249773672002 -24.532936699393172 3.9551026784595991e-11)
(484.93657891655232 -24.472609456592036 3.8456892347242878e-11)
(522.25652267957219 -23.976505633089587 3.7921862465295381e-11)
(561.95720855668526 -23.401880711696876 3.6276844486607345e-11)
(605.41138879481207 -23.271702841781298 3.3764419747813835e-11)
(655.27385307349095 -22.340588812329845 2.9630280799942904e-11)
(709.8960075931476 -20.13740227781328 2.467784944544017e-11)
(767.77658586562745 -17.396871194146438 2.4482453472823543e-11)
(24.827640818573439 -1.9957164719762066 -2.3124638296862577e-11)
(25.142129389381065 -2.0725801635853651 -2.3024167076652788e-11)
(25.469745857319381 -2.1603307283892312 -1.6125285087526422e-11)
(25.844251630274204 -2.2509614712722286 -1.5844147090379663e-11)
(26.223022964693371 -2.3295762342843442 -1.792532265964088e-11)
(26.58988730003227 -2.4080835201129269 -1.797348985599937e-11)
(26.985734591925031 -2.4914323524972888 -2.6021801852265298e-11)
(27.397313529163569 -2.5784184651453605 -2.6619997545538861e-11)
(27.869491030872208 -2.6829208882840478 -2.6089371043840824e-11)
(28.342056322186554 -2.7590689820200449 -2.382367488960265e-11)
(28.79212608101507 -2.8543185169761491 -1.8308693448860662e-11)
(29.302324229225714 -2.9441788382162581 -1.7399850618481868e-11)
(29.821150203207555 -3.0435501320773377 -1.4905928525861607e-11)
(30.380541989719344 -3.142501033498907 -1.3126413639381764e-11)
(30.959973919972441 -3.2463199446187323 -1.3162848696628146e-11)
(31.571156999291162 -3.3509104379041164 -1.1512016136812132e-11)
(32.205251425157513 -3.4577752276337428 -1.6756169614531949e-11)
(32.865517973053862 -3.5649338852037618 -1.6468667492590202e-11)
(33.547118239590773 -3.6732053230117834 -2.0133958615425629e-11)
(34.256246533249104 -3.7842918147469051 -1.8666295545260918e-11)
(34.996008123131645 -3.8977122700994822 -1.3314697337642204e-11)
(35.766417185521782 -4.0139701273509152 -1.3437013516145804e-11)
(36.569489445082212 -4.1330250762127454 -7.9970768783172106e-12)
(37.406117824850483 -4.2553422288856577 -8.0585288939633827e-12)
(38.278036198700043 -4.3808538023153343 -8.4711252083792097e-12)
(39.186513072700123 -4.5097100357301709 -1.183749093804441e-11)
(40.133229607286822 -4.6420182003281161 -1.3306195585560737e-11)
(41.11986204551561 -4.7780144914850942 -1.195727721779846e-11)
(42.148139575533627 -4.9178383756405095 -1.3398817507606282e-11)
(43.220080568263747 -5.0617683144542056 -1.5263329300324885e-11)
(44.337596238355481 -5.2099894415205155 -8.0997847315533068e-12)
(45.502996849171012 -5.3627932522838702 -2.6980822290662396e-12)
(46.718451241934268 -5.520429877515336 -2.6914356465334747e-12)
(47.986603938647079 -5.6831851435210705 -2.339749233302894e-12)
(49.309929206645485 -5.8513827154017584 -1.1970977876308758e-12)
(50.691431692251911 -6.0253241493484859 -3.3873233261003882e-12)
(52.133959260811743 -6.2053673400809144 -4.7808284280136567e-12)
(53.640950136140461 -6.3918834107317641 -3.5966485221114699e-12)
(55.215654346820223 -6.5852502406895734 -6.7423168716936295e-12)
(56.862071851607517 -6.7859019359128077 -8.2593140830579264e-12)
(58.583858274296198 -6.9942793206963048 -8.3659452650828319e-12)
(60.385784303601213 -7.2108539814892039 -9.2791380152821368e-12)
(62.271823643707272 -7.4361868734005414 -1.2473331557999871e-11)
(64.247805315150984 -7.6707167409592909 -1.2006244392845848e-11)
(66.318124396358726 -7.9152512389671195 -1.1999133431102566e-11)
(68.489441324854411 -8.1700518171284777 -1.5584727204427715e-11)
(70.767595152818004 -8.4363455623652115 -1.2457646467297977e-11)
(73.159161083333302 -8.714257652425653 -1.1909076893682821e-11)
(75.671638078243802 -9.0050784272767164 -9.988525421846169e-12)
(78.31378544064323 -9.3091644894784551 -9.1542671965028596e-12)
(81.092394072180397 -9.6283032900005914 -1.1877391864669194e-11)
(84.018434799744568 -9.9619164713679123 -1.3122353943617745e-11)
(87.101368641599834 -10.313093569725199 -1.2948899295442822e-11)
(90.352774973657603 -10.680898045600475 -1.1922629235112132e-11)
(93.783332968903267 -11.068265681272644 -1.1844818668645645e-11)
(97.408795921851492 -11.475493833055095 -1.1855626068885824e-11)
(101.24094630444634 -11.904028807882959 -1.4400002798692807e-11)
(105.29721524513488 -12.355915361245247 -1.4393946261112121e-11)
(109.59322269896175 -12.832836136283186 -1.41158361647806e-11)
(114.1512035562628 -13.335121988122873 -1.4891570610472551e-11)
(118.98909558612679 -13.866819035126051 -1.712526959329014e-11)
(124.13206484321212 -14.427911104640646 -1.5125357680445918e-11)
(129.60170609985076 -15.022611079449414 -1.3798407403002223e-11)
(135.43136713607117 -15.650730500721737 -1.3346570141298724e-11)
(141.64839140719408 -16.316058276178847 -1.4227704390317079e-11)
(148.28984888860884 -17.021418116323279 -1.4272586692207293e-11)
(155.39150333481135 -17.768128509552753 -1.4260435893750223e-11)
(162.99829288333933 -18.559247526314227 -1.3340552011017467e-11)
(171.15318009207812 -19.399226376968024 -1.3483565537978149e-11)
(179.9161016827957 -20.285197049567522 -1.3468910741063762e-11)
(189.33726570295931 -21.229485278137989 -1.3511310531582997e-11)
(199.48835727311263 -22.222827106197574 -1.4350621860170093e-11)
(210.44102646303298 -23.275223718878696 -1.4363884375723012e-11)
(222.27639072949799 -24.380752853794604 -1.6206790669606561e-11)
(235.10617356258885 -25.584817408106137 -1.6130886835510649e-11)
(249.14479728231942 -26.89090301791828 -1.4950816469014626e-11)
(264.53786752861748 -28.282832723681338 -1.6869392333761833e-11)
(281.40692409132805 -29.730165181849621 -1.7308402182668406e-11)
(299.85541729919726 -31.200469118466408 -1.5237855102896211e-11)
(319.98439321276993 -32.648381606740216 -1.5305923534227925e-11)
(341.85833612795767 -34.006220727176718 -1.5543326889306484e-11)
(365.50961705243202 -35.199157511690267 -1.3462085881800014e-11)
(390.83041030347107 -36.056775937504142 -1.2341042866105128e-11)
(418.28253299730397 -38.07008265526126 -8.256010847268569e-12)
(451.55047862190236 -39.060442962354216 -6.8493068479862868e-12)
(487.1258109823159 -39.10684294190407 -9.5624913974658619e-12)
(524.46975916684801 -38.517762952374774 -9.8330626749912884e-12)
(564.13696664269901 -37.700056643514074 -1.1272958238575717e-11)
(607.8223119471545 -37.229609309679248 -9.7534879388061661e-12)
(658.51477702432123 -35.612791605313326 -1.2710495646501739e-11)
(713.87659163021794 -32.217728347565462 -1.7444451142673531e-11)
(772.13655440575519 -27.707942314435076 -1.8337587230377889e-11)
(24.551264599121886 -2.6602727972866536 -4.6085159198735012e-13)
(24.857884700530363 -2.7673792642777819 9.6437208070946761e-13)
(25.178248852790656 -2.8878800241495939 -1.2236802475678439e-12)
(25.556867374866062 -3.0128805484047843 1.002785161036602e-12)
(25.936894169695151 -3.1211706170155691 3.3737559469680045e-13)
(26.295083807615441 -3.2280908127442429 -6.1466957899555976e-12)
(26.687231743652106 -3.3411874900279352 -6.1469893863809938e-12)
(27.095126171123539 -3.4600730933563435 -1.1933209917471955e-11)
(27.579481040481852 -3.5993034943090394 -1.6717902505302078e-11)
(28.055404111830121 -3.7036094557008998 -1.4681528965266042e-11)
(28.492442260780486 -3.8296106114642035 -1.5143642185173797e-11)
(29.004567380389954 -3.9514411624544792 -1.4664768075915629e-11)
(29.520668483861606 -4.0843770431386561 -1.0509935485179516e-11)
(30.083643948933876 -4.2174488845412448 -1.4676137036189505e-11)
(30.665334224922709 -4.3563203020059245 -1.4712281468897827e-11)
(31.280855811090071 -4.4962881920150393 -1.6264995604706059e-11)
(31.917977748994502 -4.6389900179386796 -1.6179818093367353e-11)
(32.580476828700114 -4.7821096197382733 -1.4667668582159551e-11)
(33.261542444558067 -4.9267339723438708 -1.2496579881036526e-11)
(33.969341768413337 -5.0750127275398009 -9.1214154438177389e-12)
(34.707786988285349 -5.2264535861029264 -1.1494980178260835e-11)
(35.476431516308359 -5.3816358138312976 -1.6246008518927309e-11)
(36.277553018145525 -5.540593957564937 -1.5051336731721648e-11)
(37.111823551228433 -5.7036605448719744 -1.3652246758772062e-11)
(37.980999186576518 -5.8707889015821371 -1.4992799638118485e-11)
(38.886298472902226 -6.0422981500423738 -1.0789765299902219e-11)
(39.829403400328452 -6.2183050737351326 -9.1619801503079517e-12)
(40.811947264938958 -6.399198344069748 -7.2757291838703404e-12)
(41.835661033997162 -6.5851190042003429 -1.0737760587314311e-11)
(42.902514050964406 -6.7765201500898655 -9.4584075895223218e-12)
(44.014424539996682 -6.9735758260608964 -1.3612518678924269e-11)
(45.173648292773684 -7.1767804588277269 -1.3209312633064229e-11)
(46.382365509944734 -7.386344650128378 -8.0698441259269696e-12)
(47.643160060825771 -7.6028127455671575 -1.3142732367745208e-11)
(48.958508638459207 -7.8264251553691606 -1.1013685204992969e-11)
(50.331373673518172 -8.0578091661526852 -9.0346098960125116e-12)
(51.764586468350018 -8.2972059906481892 -7.5205494226501866e-12)
(53.261543328640272 -8.5453480653911331 -6.911954957366021e-12)
(54.825490185176662 -8.8025209634364732 -1.299348213344578e-11)
(56.460352071976352 -9.0695212999195025 -1.3368048751292789e-11)
(58.16982962005752 -9.3467114985273003 -1.7488080369128129e-11)
(59.95849667527014 -9.634961089792009 -1.8362872850477682e-11)
(61.830595167005924 -9.9348070189000008 -1.5864052699890661e-11)
(63.791461421209689 -10.246956356257433 -1.3818855195524175e-11)
(65.845959348781633 -10.572507276476783 -1.5870944977305652e-11)
(68.000388325216761 -10.911692855605052 -1.6002220882327599e-11)
(70.260315313740662 -11.266254859215943 -1.7983894620201028e-11)
(72.633194528097704 -11.636376555886933 -1.7204721281469543e-11)
(75.125431979703563 -12.023608106221985 -2.0646976878270706e-11)
(77.745946554873683 -12.428772723199382 -2.2451777524407579e-11)
(80.502045120959139 -12.853636192847306 -2.2053617029742137e-11)
(83.404485597897832 -13.29855109996508 -2.3440243938538352e-11)
(86.461721467359624 -13.76592929022847 -2.481312228432576e-11)
(89.686793065912781 -14.256596278023972 -2.4193552677367755e-11)
(93.08900279182518 -14.772712745148004 -2.2956853702355533e-11)
(96.685018253481502 -15.315207105228074 -2.1914321754211665e-11)
(100.48592795112619 -15.887321876331656 -2.1934221022616077e-11)
(104.50934990031145 -16.489891505340385 -2.3996526473341361e-11)
(108.77123788119879 -17.125252028443185 -2.3492943556919297e-11)
(113.29349823956761 -17.79664956800686 -2.1841561333289026e-11)
(118.09307579483823 -18.504919955267891 -2.1806885441556428e-11)
(123.19620309092748 -19.255881837808467 -2.2527658732249437e-11)
(128.62545213722609 -20.04839773641686 -2.1238355155045425e-11)
(134.41384929108133 -20.889099077529561 -2.1768197953058217e-11)
(140.58703707166677 -21.777671951368102 -2.2397528645793316e-11)
(147.18310587538093 -22.721813939087362 -2.2326805988318216e-11)
(154.2398844240596 -23.72139602444927 -2.1723379413504925e-11)
(161.80008473539746 -24.781125538808169 -2.1672072188905713e-11)
(169.91037929457144 -25.906893569401671 -2.1712028947070306e-11)
(178.62942555949019 -27.095975874662678 -2.0426458075315449e-11)
(188.00659259793082 -28.363673679024618 -2.140490036493827e-11)
(198.12098134552858 -29.700352173974093 -2.11784586422318e-11)
(209.03798767642172 -31.116705804846969 -1.8375057609525892e-11)
(220.84489707064898 -32.610486911197185 -1.8225575203834483e-11)
(233.66440354964072 -34.227907168170248 -1.8077509505361995e-11)
(247.738194700614 -35.977460298846282 -1.781004708028001e-11)
(263.21592826803578 -37.841025560969719 -1.9260780329785389e-11)
(280.20636947037588 -39.778504282815852 -1.8185373031186278e-11)
(298.79830209528825 -41.759989473343225 -1.8347310247846177e-11)
(319.07658811201162 -43.718587307559773 -1.9468769848123312e-11)
(341.08273732317343 -45.576561279903537 -1.9796957230564489e-11)
(364.82610927599472 -47.249729113049767 -1.9248868110888735e-11)
(390.15964970285421 -48.540073438675911 -1.8922105791068584e-11)
(417.7015018078979 -51.06400527553231 -1.6703230736819824e-11)
(451.8741717249863 -52.361317099191048 -1.5748173086419235e-11)
(488.05818509196945 -52.52989382350259 -1.8608438213430228e-11)
(525.67812419346353 -51.879016119730544 -1.9294855847903312e-11)
(565.52281482893943 -50.850495983754001 -2.0596532415186187e-11)
(609.68400404950876 -49.997164160165674 -2.0803241517063016e-11)
(661.63172495490278 -47.654810004271532 -2.2416866922072894e-11)
(718.21356313998501 -43.097581579359634 -2.4458118584346688e-11)
(777.2279172253177 -36.82834356875717 -2.3826404292524409e-11)
(23.997741836672269 -3.251647069278055 -1.9969615917282693e-11)
(24.291391420159403 -3.3840793114025258 -1.8532682530820362e-11)
(24.600023709843335 -3.5321950751260465 -1.6293455298601503e-11)
(24.976144659979987 -3.6865591226266519 -1.4396535822037016e-11)
(25.351946308741315 -3.8214479827942398 -1.2617329516151229e-11)
(25.697026517591247 -3.9537741418457788 -1.2622414743668544e-11)
(26.081047443052714 -4.0927803713845181 -1.2592221201566234e-11)
(26.480253229752218 -4.2393700156644325 -8.4165889056453675e-12)
(26.970525697807947 -4.4088292819472255 -9.8881411132001278e-12)
(27.443283472511681 -4.5418201426774338 -1.1173522980383169e-11)
(27.86291844235582 -4.6962739830788287 -1.2886821345576111e-11)
(28.371082734744007 -4.8474576223463508 -1.5756022350075763e-11)
(28.878687844558417 -5.0107093705109609 -1.5491307196449031e-11)
(29.438914736297193 -5.1747897229559143 -1.4127174543252136e-11)
(30.016265194834453 -5.3456063160348846 -1.2940593596195557e-11)
(30.629313416826282 -5.5180418757725906 -1.3075711641478173e-11)
(31.262475154282111 -5.6938055547452429 -1.6757148005085727e-11)
(31.920240100041394 -5.8702582454854557 -2.052971988541833e-11)
(32.593852082644489 -6.0485701679356358 -2.0696578830974191e-11)
(33.293434043715855 -6.2309692691249987 -1.9370284285591705e-11)
(34.023478716424059 -6.4171728053609032 -2.075320560186141e-11)
(34.783196205710546 -6.6078186886286732 -1.9125483656847206e-11)
(35.57499564914805 -6.8029952698715048 -1.940366797495405e-11)
(36.399369067224107 -7.0029153378204834 -1.6914248577258465e-11)
(37.258119717832464 -7.2076562376152573 -1.3148956241143618e-11)
(38.152393886975503 -7.4176864080652924 -1.6880677861025684e-11)
(39.083864038669823 -7.6331277653335921 -1.8518911043933384e-11)
(40.054115714777417 -7.8545409025470061 -1.8323078743915463e-11)
(41.064874935005491 -8.0820331855902339 -1.6412657902031763e-11)
(42.118039475930971 -8.3162579543102222 -1.5991096760138364e-11)
(43.215532869979093 -8.5573422197236493 -1.568153782718617e-11)
(44.359548109546118 -8.8059937459233542 -1.287974583508881e-11)
(45.552257126183846 -9.0623700583908438 -1.5461354797549045e-11)
(46.796178595962267 -9.3272602374118971 -1.3917649664952534e-11)
(48.093776417692531 -9.6008214652888793 -1.027776373284584e-11)
(49.447941079608633 -9.8839906977572483 -1.0297320585402429e-11)
(50.861512366663057 -10.176879035293265 -1.0253833923090217e-11)
(52.337763376548992 -10.4805734314331 -1.4061293374479352e-11)
(53.879982709840228 -10.795250985729512 -1.3985562933742092e-11)
(55.491966441161523 -11.122070204809832 -1.2508320060499178e-11)
(57.177428030764631 -11.461256297241134 -1.2031361695707931e-11)
(58.940804232725696 -11.814174619933093 -1.3904665093492623e-11)
(60.786391720967856 -12.181070583942036 -1.3927621259142507e-11)
(62.719324803323452 -12.563390473940343 -1.2464593939270339e-11)
(64.744531545138486 -12.961683425355519 -1.2471596352635574e-11)
(66.868117591138429 -13.377302113691409 -1.1982506501565342e-11)
(69.09569511667803 -13.811105595417189 -1.243757343072225e-11)
(71.434505157567742 -14.264583260941452 -1.2417401752212316e-11)
(73.890993943303059 -14.738625582036546 -1.2456972943224099e-11)
(76.473895399220893 -15.235172428806321 -1.30399604142836e-11)
(79.190477398100867 -15.755036196070325 -1.5539754545310077e-11)
(82.05131018184359 -16.300748473142715 -1.4116666841837418e-11)
(85.064984469973723 -16.872720113573319 -1.3237124062001336e-11)
(88.243859120416417 -17.474554261864043 -1.1185682590793584e-11)
(91.598188456252487 -18.106526637429301 -1.303430144129936e-11)
(95.143202428732025 -18.772138344856248 -1.297036757181533e-11)
(98.89029105742803 -19.473006378645675 -1.2926163690717884e-11)
(102.85858315678745 -20.212354953967054 -1.3289486664033681e-11)
(107.06153605414151 -20.991307801462312 -1.5403406015281843e-11)
(111.52159019226107 -21.81646833682964 -1.7234529730043251e-11)
(116.25668067948503 -22.684438162810711 -1.7180088327838494e-11)
(121.29210143683355 -23.608143979080861 -1.7153800063160419e-11)
(126.65133223262325 -24.580940776441793 -1.7209170311824302e-11)
(132.36518173022577 -25.615243419497428 -1.7212394472876813e-11)
(138.46223274281414 -26.708778260557384 -1.7163795841418128e-11)
(144.97806597280825 -27.871274162965531 -1.7140420120630888e-11)
(151.95377811770803 -29.103427265085323 -1.8928688404751301e-11)
(159.42983174765155 -30.411663280514173 -1.9689330174888994e-11)
(167.45490536840825 -31.800984113222249 -2.0361419330109067e-11)
(176.08826974797648 -33.273404081777485 -2.0487242573519079e-11)
(185.37808720612685 -34.840446955569732 -2.0498880313988164e-11)
(195.40983319402847 -36.500915365233148 -2.0355085098568403e-11)
(206.24432373674821 -38.260988355710012 -2.0348053206285497e-11)
(217.97420479730059 -40.120998267288876 -2.0275090618055026e-11)
(230.73522324048361 -42.135892850904582 -2.0491898413346503e-11)
(244.79352759368152 -44.313118325198573 -2.1200738391354319e-11)
(260.30379158293158 -46.637253834577656 -2.187697135001046e-11)
(277.37105074162827 -49.059903065732506 -2.2297096097889058e-11)
(296.06627896139008 -51.552370655752362 -2.2671238027676502e-11)
(316.46941243054533 -54.034698607306574 -2.3558282021687736e-11)
(338.59487943597713 -56.408707242766219 -2.3430752630317422e-11)
(362.43031392167717 -58.586649945964638 -2.3700855115453836e-11)
(387.78674844420124 -60.337971493653583 -2.3288888630765247e-11)
(415.45421036512016 -63.423279377044381 -2.4465820328907505e-11)
(450.62211400280427 -65.077094935571651 -2.4779332869788918e-11)
(487.53438623988575 -65.428178580043493 -2.5287545787555981e-11)
(525.58352826856969 -64.788370254130655 -2.5531306565532411e-11)
(565.75202865019889 -63.606849313481568 -2.633230891342958e-11)
(610.56815545820132 -62.391083707450562 -2.6485535803952203e-11)
(663.99373809344263 -59.321790701410272 -2.6396522681584753e-11)
(722.13724753317024 -53.638133341785668 -2.525311829008426e-11)
(782.34886429090602 -45.571474436449051 -2.2103040593974413e-11)
(23.429530413773151 -3.7361496975701338 -7.8858727334266159e-12)
(23.707658403399314 -3.893104849709184 -4.8139556961645878e-12)
(24.002433790531754 -4.068719904892875 -3.0458792975575383e-12)
(24.372492027235971 -4.2528314421050721 -2.7539719902051126e-12)
(24.741810373659984 -4.4125240615299255 -3.316681959660473e-12)
(25.072670664889127 -4.5680034322227163 -3.5148721562032027e-12)
(25.447176040191543 -4.7312541967895596 -5.0161181427651552e-12)
(25.836253165217585 -4.9050978838518065 -4.9974839697369766e-12)
(26.329648606209481 -5.1040502518853046 -5.1743575490876981e-12)
(26.797864758105813 -5.2610370705752656 -8.5870576159350034e-12)
(27.199696352345512 -5.4401752785609183 -8.5003006807716006e-12)
(27.702194162422661 -5.6178638193786199 -6.5871798511926956e-12)
(28.199723260148371 -5.8086860251037802 -5.8311704569502013e-12)
(28.755190311861419 -6.0010763151404287 -3.8527312591843404e-12)
(29.326152642674256 -6.2008793262605559 -2.3868802736605648e-13)
(29.934568655498701 -6.4025415310999962 1.7182503151272166e-12)
(30.561607599446472 -6.6077246629944622 5.7038132427561495e-13)
(31.212513548019672 -6.8134294667487385 6.403087178206967e-13)
(31.876626475205185 -7.0210638325838675 1.744164026415899e-12)
(32.565818578983489 -7.2332448354539673 5.2946799160365099e-12)
(33.285113689804703 -7.4498356953615739 5.2262913183539316e-12)
(34.033360484860793 -7.6715309386786661 7.9803533686391418e-12)
(34.813106425608041 -7.8981407390389107 9.5259864013822574e-12)
(35.624658807686565 -8.130124593321657 9.5968552889257351e-12)
(36.469893078419027 -8.3675992492144182 7.8614986322455634e-12)
(37.34987484824925 -8.6111388867977077 7.8607628994005721e-12)
(38.266263904485427 -8.8608576656135742 3.8157648353989082e-12)
(39.220595860252082 -9.1174761451093147 2.9997449206270426e-12)
(40.21458961221483 -9.3810616643725098 2.6517422514330018e-12)
(41.250054575060474 -9.6524632153508545 2.6512510200374941e-12)
(42.328939293608286 -9.9317394241930046 3.5849735361704605e-12)
(43.453330071352745 -10.219824633780224 2.6459734069374037e-12)
(44.625419522018376 -10.516781658562532 9.0876771874881696e-13)
(45.847615311858192 -10.823701023467271 2.6234435553689438e-12)
(47.122404695576364 -11.140504451780213 1.6601512383510845e-12)
(48.452545811268905 -11.46869351673508 2.9359549044585308e-12)
(49.840926970401519 -11.807868018247529 2.6129694837223449e-12)
(51.29065216660657 -12.159838381058858 3.296830565430451e-12)
(52.805052507874599 -12.524362820210285 4.2182274631301089e-12)
(54.387764985911474 -12.903179592846175 3.9960300343222164e-12)
(56.042549446174341 -13.296081364103589 2.4187192455483934e-12)
(57.773631583882441 -13.70529043546034 2.595805753341743e-12)
(59.585385882136194 -14.130418585097233 2.592696883258017e-12)
(61.482666938810837 -14.573697343392435 4.3136584138974497e-12)
(63.470562567021091 -15.035364706956891 4.3645676140298832e-12)
(65.554857143200834 -15.517385993842758 5.2941999123602785e-12)
(67.741204592389423 -16.020303469665876 5.3052242981067895e-12)
(70.0366503601483 -16.546395147342817 5.917753479815841e-12)
(72.447618645183198 -17.096083214431744 6.2827865610166888e-12)
(74.982589262187844 -17.67241278971882 5.144741107644096e-12)
(77.648887741158589 -18.275120690992861 4.8964267691810188e-12)
(80.456715813135489 -18.909243075111032 3.8776176596668657e-12)
(83.414768455895342 -19.572247982907484 2.5726019024280478e-12)
(86.534931144582828 -20.271930646510583 4.8288863607937469e-12)
(89.827869069754044 -21.004730307295333 6.6054460382320222e-12)
(93.30770338135946 -21.7796748894114 7.5778335671815311e-12)
(96.987010709453472 -22.592154742984818 9.2940246701006208e-12)
(100.88355973184436 -23.452800580844201 1.0920944096045802e-11)
(105.00996346422149 -24.359185181537452 1.0767894953002146e-11)
(109.39148292577691 -25.31770038467927 9.5110885156774131e-12)
(114.04397824417605 -26.329508539717999 9.266879554147305e-12)
(118.99000998268824 -27.404612641929745 9.6770612540539499e-12)
(124.25878763334788 -28.539239768161124 9.5863881551169409e-12)
(129.87533620169285 -29.745394347908466 9.2986653798251163e-12)
(135.87244365212828 -31.02190923571597 9.219873322788953e-12)
(142.28310898033561 -32.380800045892819 8.7907825926488739e-12)
(149.1501184432816 -33.822155606198827 8.8506983116531408e-12)
(156.5129213295132 -35.355569528294147 8.8479682962694887e-12)
(164.42186946156642 -36.985091500360745 8.7708770494158665e-12)
(172.93642994051581 -38.715518127566433 8.8288392178340452e-12)
(182.1055614502786 -40.559083422288062 1.14316190352587e-11)
(192.01592881541015 -42.517121342160316 1.1409405086051806e-11)
(202.73311531530757 -44.597593150797643 1.1245596863073752e-11)
(214.34626965900145 -46.801682484121535 1.1440061987111053e-11)
(227.00371198004188 -49.191735230968895 1.1282906081028874e-11)
(241.00214923388407 -51.783051418765915 9.9375358680124452e-12)
(256.50133567993515 -54.548676491608511 9.533811355660164e-12)
(273.60379238487542 -57.454448935503891 9.2314950733223545e-12)
(292.36147113517217 -60.452193442653616 8.5932056389983414e-12)
(312.85883518512162 -63.463509199575306 7.931567962117174e-12)
(335.08965525378409 -66.369604792090257 7.5179640996299461e-12)
(359.01133100131955 -69.069034140537951 7.230924411519117e-12)
(384.39913576233033 -71.305326033357659 7.3733487065212984e-12)
(412.21391423841953 -75.022118312203119 5.4783574793851642e-12)
(448.4486232297885 -77.091189484553638 1.9478936090406194e-12)
(486.20490397980552 -77.676097691859056 -1.8826449252433153e-12)
(524.82129169149755 -77.100492301257049 -3.3639657342582863e-12)
(565.47177048476897 -75.813822844398402 -5.6862239666738163e-12)
(611.11983442746828 -74.271764994669439 -7.4290270944174997e-12)
(666.2524009099634 -70.479074358303791 -8.6173685347629418e-12)
(726.20324686115703 -63.635394033558214 -9.3941355714007042e-12)
(787.94993138577274 -53.682637380684369 -8.1901949804160797e-12)
(22.780437295110225 -4.1424611842134116 1.24595803021445e-11)
(23.041595633721663 -4.3211289383748497 1.2884629959277007e-11)
(23.321668961110191 -4.5215810326674015 1.3842813147551147e-11)
(23.682962801372121 -4.7330777597414961 1.1178213946796186e-11)
(24.044304715263323 -4.9154362602098143 1.4417593974457785e-11)
(24.360577371635479 -5.0918333775951696 1.6052914329378681e-11)
(24.725127069187771 -5.2769030207384198 1.5421735045579025e-11)
(25.103362295894737 -5.4757726510751121 1.4436182176610124e-11)
(25.597747050585671 -5.7021183685915364 1.4444579768588162e-11)
(26.059844559102856 -5.8816488879661151 1.3985131836738564e-11)
(26.444178306601092 -6.0832505422991705 1.4816279626177974e-11)
(26.939907823856629 -6.2850222115039518 1.573771439925413e-11)
(27.42655677532365 -6.5007758146903232 1.4810003947478171e-11)
(27.975916302757909 -6.7188268753681832 1.476073716765271e-11)
(28.539084161315344 -6.944897439568396 1.3741902372833119e-11)
(29.141290186280862 -7.1730202910267398 1.4966920851586338e-11)
(29.760610778846537 -7.4047399164555259 1.5243904457021869e-11)
(30.403151912644717 -7.6366898819103728 1.525301200492534e-11)
(31.056433363561187 -7.8704382794974128 1.6427199530892883e-11)
(31.733977557972825 -8.109016331653855 1.5747470602949717e-11)
(32.441139565661693 -8.3524788059780857 1.4458978433920143e-11)
(33.176510607047085 -8.601312385764226 1.2568198428910677e-11)
(33.942666184531383 -8.8554183948951017 1.2551426175399045e-11)
(34.739865900753522 -9.1154780149548955 1.0885413924704847e-11)
(35.569950794443905 -9.3814761665354389 1.0506046310253891e-11)
(36.433952842446253 -9.6543016573837566 1.0477069395514079e-11)
(37.33351268903472 -9.9338378324937615 1.0948202281876889e-11)
(38.270081290072859 -10.221205279917308 1.0892103679453507e-11)
(39.245394341329522 -10.516140406956588 1.0873646264718555e-11)
(40.261176425264622 -10.819974943805576 1.0535750739889256e-11)
(41.319370015445273 -11.132441157749492 8.6644857606611467e-12)
(42.421987812656006 -11.454863042781918 8.9388174654085987e-12)
(43.571192807804913 -11.787087341451798 7.9197115439577397e-12)
(44.769392933468019 -12.130589618881823 5.8585052535585871e-12)
(46.018871032968129 -12.48500206301836 7.7056797059170271e-12)
(47.322486607465592 -12.85229690016101 6.6632001141404653e-12)
(48.683128657375775 -13.231794609872638 4.2201609751659154e-12)
(50.10345588826651 -13.625716294290891 4.4155249513400013e-12)
(51.587258576892339 -14.033515083753203 4.6594897521744222e-12)
(53.137798720663341 -14.457668212545903 2.5920295607436984e-12)
(54.758758956325593 -14.897231514545494 3.8288611305618047e-12)
(56.454169510061149 -15.355444366759279 3.6457667446263309e-12)
(58.228922988214322 -15.831048824779918 2.6362662556551522e-12)
(60.086978151215718 -16.327571273341793 2.9414472936128512e-12)
(62.033791689295491 -16.844255405033739 2.9456624976195006e-12)
(64.074868293282321 -17.384108820680556 2.5421801402908683e-12)
(66.21590674602804 -17.947071282285325 2.5431969006772821e-12)
(68.463720671007195 -18.536389774206313 4.2241635153471783e-12)
(70.824588179653702 -19.151926378034172 4.2887982952688313e-12)
(73.306983107144177 -19.797693684316435 3.7183553895533495e-12)
(75.917505059840806 -20.472725147526077 4.0728156981952369e-12)
(78.667066161213839 -21.183359103654361 4.8742840803217437e-12)
(81.564207511056466 -21.926163218628858 4.5454386589158778e-12)
(84.619053015535727 -22.710977361310235 3.7172084603194121e-12)
(87.843884035054202 -23.532016628655715 2.0557261424938808e-12)
(91.251849188355976 -24.401356769494519 8.0198274356793883e-13)
(94.856244071674411 -25.312900477677214 2.4755407814893412e-12)
(98.670664385893389 -26.278543113847494 2.4685812949739358e-12)
(102.71493846957654 -27.296538012589338 2.2870025911887394e-12)
(107.00836497758729 -28.371470077260998 2.8864085158991638e-12)
(111.56516482046895 -29.511545670750493 5.7250322779552296e-12)
(116.41276414627907 -30.717558435501161 5.7378994935956471e-12)
(121.57804500725194 -31.996337534676069 4.8101613283549857e-12)
(127.08610437876999 -33.352282689237732 5.0157724987057386e-12)
(132.9692280104203 -34.792906442593299 4.6079636840402737e-12)
(139.25694797210417 -36.327023361893481 5.5373161402182971e-12)
(145.99840372940892 -37.951829474403603 5.2214399523085189e-12)
(153.22976765955679 -39.689160626126267 4.4085927751378777e-12)
(161.00285559638309 -41.533347037417485 4.3977671810438219e-12)
(169.37694999215387 -43.497685447410717 4.4634613897153642e-12)
(178.39971002323486 -45.595664291794272 3.9430550429526586e-12)
(188.16404308910859 -47.821472492878392 2.6245177772263636e-12)
(198.73247331197979 -50.200525886978291 1.3420242992510106e-12)
(210.19662658656617 -52.721998085947824 1.2580516382881468e-12)
(222.71702616853801 -55.466788673914152 1.1891010069839148e-12)
(236.61648981804424 -58.449978992962443 6.7420689575456017e-13)
(252.06540324265396 -61.644814614260888 -5.5434401216375263e-13)
(269.15126933410755 -65.023440164161343 -1.0816519929167178e-12)
(287.9336260110137 -68.527190683753858 -5.7275706873647794e-13)
(308.48475006661266 -72.066477957597087 4.0051087176366361e-13)
(330.79153846940579 -75.523067300129028 3.282056140913339e-13)
(354.78622969421315 -78.759533939845269 1.1661198499365983e-12)
(380.19885209334802 -81.508514696715409 1.4807612874880818e-12)
(408.1733842613408 -85.929568401983715 2.5594843647597128e-12)
(445.5097383608624 -88.496869921751838 1.5845479197803802e-12)
(484.17796762938423 -89.382619979673308 -8.1640166762843395e-13)
(523.47061935118631 -88.926852695796001 -1.398978901461184e-12)
(564.72562999789272 -87.595661901983505 -3.1139247665499111e-12)
(611.34023305192761 -85.779197252333361 -4.3411238957970515e-12)
(668.34983173811827 -81.281660292896902 -5.7554850771560238e-12)
(730.38810187590673 -73.289996767023169 -6.2328505979788342e-12)
(793.86811767371876 -61.270501114120172 -5.577922740708027e-12)
(22.129024989315024 -4.4628612587664094 1.2712164415796225e-12)
(22.372032815974933 -4.662370275541365 3.7587022300186548e-12)
(22.636558071772622 -4.8871332274907955 4.6652709128027635e-12)
(22.986827367603695 -5.1257986720641968 7.2963535498119377e-12)
(23.33904096820935 -5.3295834221791418 8.8093069338040754e-12)
(23.640748697972011 -5.5254697424494257 8.8685139963296987e-12)
(23.995124740719547 -5.7311088788459843 9.9393176110648933e-12)
(24.362257459653271 -5.9542378360022559 6.597517979715232e-12)
(24.85593008066947 -6.2069894365306997 4.8143121343578469e-12)
(25.311378498884512 -6.4061718807702874 4.0684472367763067e-12)
(25.679041185123079 -6.6278676788771334 8.1401352122754598e-13)
(26.167477482052764 -6.8515322511969083 8.1208746620549962e-13)
(26.642985348385409 -7.0899837791208551 2.4375088082528152e-12)
(27.185493767053199 -7.3313308927168261 2.4414827758793368e-12)
(27.740087667601276 -7.5811271028344631 2.4395865340991403e-12)
(28.335160327789179 -7.8329560041064328 4.0121795046515238e-12)
(28.945830451137663 -8.0882448203251904 4.1616512726614627e-12)
(29.579136838451539 -8.3432150312816731 4.5190260825733589e-12)
(30.220839365742989 -8.5997219311246518 2.1829203714102013e-12)
(30.886039052220632 -8.8612404688803768 -8.0577294567588608e-13)
(31.580165893232582 -9.1279408096521895 -8.2695980848992334e-13)
(32.30173624337128 -9.4002024260426147 -3.4734266878612701e-12)
(33.053272275634882 -9.6780621573263304 -4.1200940495718803e-12)
(33.835053742683044 -9.9622914768446389 8.2351194314580555e-13)
(34.648853853549262 -10.252925182656183 9.1934696565561748e-13)
(35.495679031158957 -10.550881095362952 7.7617678868092987e-13)
(36.37711381611966 -10.856141027055317 4.0734356114794651e-12)
(37.294603769300835 -11.169841032312863 5.8392917616958008e-12)
(38.249869937472432 -11.491810362737132 3.6213726305930955e-12)
(39.24443062033253 -11.823427635516426 3.8497523371883068e-12)
(40.280508932049436 -12.164394329823761 5.2971890054648339e-12)
(41.359738050683738 -12.516354623236969 5.8067983022023366e-12)
(42.484416059348355 -12.878813807954861 5.6734099755811087e-12)
(43.656863506178517 -13.253727940666121 5.7377942747868887e-12)
(44.879317066323523 -13.640533747645499 7.5834423523133265e-12)
(46.154539148037976 -14.041240926020496 8.188254748527105e-12)
(47.485493205170357 -14.455552019030272 1.1017137007371859e-11)
(48.874671635484901 -14.885433264660069 9.6201695385992822e-12)
(50.325641438094593 -15.330573075730586 8.7244331402944912e-12)
(51.841866129811486 -15.793411476485961 9.3212370469570561e-12)
(53.426916298383659 -16.273506209334677 1.1784434724845809e-11)
(55.084603693355731 -16.773522294261586 1.0134287756730794e-11)
(56.819840496128471 -17.292874753201438 1.2113010192424148e-11)
(58.635994061701609 -17.835016205848497 1.2088594972226634e-11)
(60.5394374655231 -18.39918227738918 1.2080967852708642e-11)
(62.534708576394245 -18.988725102192312 1.0522727667835611e-11)
(64.627815333717308 -19.603513739811834 1.0437904327088063e-11)
(66.82489477674801 -20.24732741229446 8.8247872330642759e-12)
(69.13257160775963 -20.919644112711804 8.977661486227564e-12)
(71.559252395528134 -21.624899075466097 8.8117944635209167e-12)
(74.111000507274397 -22.363212485831149 8.7986633787516126e-12)
(76.798894642522029 -23.138569003734389 1.0470830367899303e-11)
(79.630455313547841 -23.951775268055478 9.8371465870313258e-12)
(82.616472598674292 -24.808613961708083 8.652889787888607e-12)
(85.769687917183447 -25.707269994409117 8.6943683445856143e-12)
(89.100542804216204 -26.656919359071061 8.9892400312373176e-12)
(92.624704316289936 -27.65565735091986 8.1776895015410474e-12)
(96.354186636190875 -28.711103279933251 7.5944362852863019e-12)
(100.30927717596211 -29.82592316236104 7.0066112977839287e-12)
(104.50666718325232 -31.00302257494786 7.3917200222760974e-12)
(108.96242772288377 -32.254354987784552 7.6659196244792319e-12)
(113.705778021944 -33.572995328311166 7.4391075506556836e-12)
(118.7600035531471 -34.978487343629702 6.238889547202272e-12)
(124.14960959930976 -36.466607784526879 6.1351964341882394e-12)
(129.90489398480585 -38.049197147117148 5.1980881029687175e-12)
(136.06477140756533 -39.737666894683066 5.8582489472435113e-12)
(142.66983555302437 -41.526141158851097 5.8273581367506023e-12)
(149.75295195652623 -43.442402770439116 5.0970440119770996e-12)
(157.37741548378591 -45.477717721770659 5.0375084946749585e-12)
(165.58877744699487 -47.653755703794126 5.1001145715349198e-12)
(174.44867541182413 -49.976188554010079 5.0338746848308858e-12)
(184.04865252955946 -52.448327531278004 3.5881084955823786e-12)
(194.44297513728719 -55.098251862914971 3.5798867719919494e-12)
(205.73691644910602 -57.912084522591989 3.4494186141101415e-12)
(218.08623058848693 -60.991218331986779 4.2631994738368439e-12)
(231.85270282866634 -64.335729325689712 3.436808964763211e-12)
(247.20563400697904 -67.951830957621127 4.8604185000991703e-12)
(264.23186413527446 -71.780587898573032 5.2036629149253805e-12)
(282.99405160593847 -75.789636284055774 4.3265747370669517e-12)
(303.56012884210548 -79.854647222214695 4.2181342823573119e-12)
(325.9025815662452 -83.872113496967515 4.2524890239920526e-12)
(349.94785436793165 -87.661390806160242 4.6553304081561615e-12)
(375.36507797377652 -90.950478811025533 4.0288588671506303e-12)
(403.50375289550868 -96.14372054910757 4.5944272886867957e-12)
(441.94273287648014 -99.307473075255771 4.5551299436324628e-12)
(481.58059655448682 -100.55691558925662 3.0512308989459076e-12)
(521.65030169823206 -100.29079008856033 2.1529834071446376e-12)
(563.61427314460832 -98.966777744224785 6.086526708212482e-13)
(611.33015344176408 -96.943137568211782 -8.6904417641937891e-13)
(670.37134911686167 -91.708311457189609 -5.4000475725689705e-13)
(734.73075431120719 -82.592415947480617 -8.4900339240181986e-13)
(800.38054688093428 -68.512350500749278 -1.2528954376334475e-12)
(21.464296887276163 -4.7147282571706395 -5.5330830064999459e-12)
(21.688735445343628 -4.9339103562110704 -5.8502822964413148e-12)
(21.937778763029119 -5.1819765989193343 -4.971480596760327e-12)
(22.275731798948943 -5.4471697903220155 -4.8587157841310296e-12)
(22.618632083556118 -5.6713347492943464 -6.103038061092271e-12)
(22.90651695846903 -5.8856080513493749 -5.0429174231333008e-12)
(23.251396559202984 -6.1106097265488879 -4.0043889633770068e-12)
(23.607970622797481 -6.356932947399339 -3.9726762740973132e-12)
(24.100306260061956 -6.6350576267642367 -5.1239984559704656e-12)
(24.549191035742194 -6.8523692455897747 -3.3344893427303921e-12)
(24.901716337150578 -7.0924614991729689 -3.7451056936477452e-12)
(25.383211168799722 -7.33612046424658 -4.0852169094559568e-12)
(25.848191487718204 -7.5952663156142028 -1.9234720229679053e-12)
(26.3840032609918 -7.8577508887135501 1.1075507004125867e-12)
(26.930146304753023 -8.1289892237917307 8.2238770454574771e-13)
(27.518052005412791 -8.4020947158316943 8.8445124460550877e-13)
(28.120035871174171 -8.6783742418149039 8.2296766438472208e-13)
(28.74410241233992 -8.9536647759241408 2.3638143657503665e-12)
(29.37444641700263 -9.2300571744498097 8.98921062748055e-13)
(30.0274336440045 -9.5115866178431769 8.8859881364620171e-13)
(30.7087058207807 -9.7982648440059901 8.2505150149016725e-13)
(31.416526165940706 -10.090682609040334 8.2268922248722801e-13)
(32.153548567926642 -10.388995727393704 8.20383840529179e-13)
(32.919907532611859 -10.693955864756193 8.196661464799136e-13)
(33.717412254524071 -11.005728139976696 8.2196927587233472e-13)
(34.547014450411453 -11.325198329964108 2.4825487344470216e-12)
(35.410232421872607 -11.652518254971469 1.5389802641917258e-12)
(36.308542355123336 -11.988674321173548 5.638908646413704e-13)
(37.243528618379869 -12.333856325453846 4.5686392615323899e-13)
(38.216880311856215 -12.689141375703976 1.2693256904260625e-12)
(39.230454729470253 -13.054592508904351 1.2129754505600905e-12)
(40.286137477480132 -13.431672612110599 4.7496362977538688e-13)
(41.386102728882832 -13.820164863840184 4.0377348626813647e-13)
(42.532474428065548 -14.221792601441669 7.9537807727350701e-13)
(43.727759200624355 -14.636443192081456 4.4945918942594449e-12)
(44.974288796596149 -15.065701473905557 5.7631876023179366e-12)
(46.275190274048327 -15.509809419448152 3.9971699059462924e-12)
(47.632853351981758 -15.970462054375872 1.2348984945983772e-12)
(49.050918666074999 -16.447675261369195 -2.0832932223251535e-12)
(50.532389470011999 -16.943632263571995 -2.4736484181943295e-12)
(52.081085011808085 -17.458359882401187 -2.0456277414233899e-12)
(53.700773417743335 -17.994215201562966 -3.2485369556242357e-12)
(55.395925792675143 -18.551240928660768 -3.6696123074706351e-12)
(57.170133648429648 -19.132353507805508 -2.5017764678237314e-12)
(59.029738528432176 -19.737099119727127 -2.5057116986868233e-12)
(60.978643346563793 -20.36955327979679 -2.4997224366770037e-12)
(63.023044384336956 -21.028386925632091 -2.5017241506430561e-12)
(65.169010676424179 -21.719380440089957 -2.4961722287900252e-12)
(67.423396734421019 -22.43985485076356 -9.1863344756835523e-13)
(69.793235479889432 -23.196637994394152 -8.4320791682608059e-13)
(72.285555006107089 -23.988820927346904 -9.0323009895024726e-13)
(74.910946163828214 -24.819861473540815 -6.5145027222656758e-13)
(77.676044135385382 -25.693721882769424 -9.5053088829434168e-13)
(80.592945788234147 -26.611865829799406 -5.0429464910052461e-13)
(83.672378768322631 -27.577306818053653 -1.3699432962439555e-13)
(86.92550473617689 -28.596147236077684 -9.2224991533931864e-13)
(90.368146346891393 -29.669313054604505 9.4014991327519169e-14)
(94.010233433734811 -30.802420419297004 -4.2332023641149463e-13)
(97.873883568582798 -32.000053830009975 -9.3838043856076032e-13)
(101.97349662039595 -33.266396293929631 -1.7597059350172819e-12)
(106.32767027713084 -34.610710206971035 -2.0578761578804696e-12)
(110.96344088907667 -36.030651118201611 -4.724751847609601e-13)
(115.89892583392306 -37.541416444332633 -1.0276590398271672e-12)
(121.16886321766891 -39.147515578326512 -1.4875512380495757e-14)
(126.79470682063463 -40.852455175729034 -7.0698386750043372e-13)
(132.81658851545464 -42.672554394833924 -1.12087157879179e-12)
(139.27737292681132 -44.6069394883218 -2.3128967189844567e-12)
(146.20704183320541 -46.678165161771204 -1.9481350076437868e-12)
(153.67137146387381 -48.881786427844176 -1.9939721995815188e-12)
(161.71257912822946 -51.247015013677 -1.9867748281292141e-12)
(170.39725878909479 -53.765465961548955 -2.0358943941527889e-12)
(179.81246944750342 -56.46110826650542 -2.150260255467022e-12)
(190.01558490731696 -59.353600705102991 -2.287258399765056e-12)
(201.11262208063405 -62.431945134098612 -1.3082833857853866e-12)
(213.27035207932551 -65.818300421872451 -1.8835365604329769e-12)
(226.87542816194181 -69.502626117819204 -2.4399824493238199e-12)
(242.08897473590082 -73.514713474738528 -1.9016799764040111e-12)
(259.01779760873603 -77.778451903257178 -1.1867742128325373e-12)
(277.70431971450483 -82.276842366655345 -1.1427958725932633e-12)
(298.23879823530541 -86.86465000686637 -1.1346595224889822e-12)
(320.56869390968961 -91.444113583639151 -5.7484742365247032e-13)
(344.62805763615449 -95.801260997319915 4.8025742052262558e-13)
(370.0206950376558 -99.648713231886234 -3.8495415809926374e-15)
(398.32126961539842 -105.6823436981155 9.3617932333793381e-13)
(437.83839748434053 -109.54417049744337 9.1915754876806947e-13)
(478.4961726390822 -111.23143273849672 5.0532301848247665e-17)
(519.40767874471908 -111.23394996869459 -5.1293418365577192e-13)
(562.18587738513259 -109.96544041551927 -1.6624916639933377e-12)
(611.10470291129957 -107.79472097618113 -1.8616001978245697e-12)
(672.35972186878007 -101.8406569148473 -3.0574142896832055e-12)
(739.13559713345603 -91.547055906740795 -4.7016999839537701e-12)
(807.08984323284665 -75.175062709748971 -5.4786985112450834e-12)
(20.812659545550808 -4.8994953425152508 -9.6013275683933109e-12)
(21.018018638087756 -5.13824480684797 -7.6560748521575892e-12)
(21.251475009068702 -5.4096577802422852 -7.6413471187924121e-12)
(21.575943129132721 -5.7018673841044807 -8.2745852262808915e-12)
(21.909487986501418 -5.9460382733656179 -9.836724233041241e-12)
(22.184301475740302 -6.1782204139979697 -9.0438966635105937e-12)
(22.520401365084542 -6.4220378503134192 -7.5055984924712741e-12)
(22.867063533425902 -6.6911218038079312 -6.8670764876794657e-12)
(23.357718607234627 -6.994007560267784 -4.5591229896063821e-12)
(23.800463339682686 -7.2276754680778152 -5.6124879317800833e-12)
(24.139377093066877 -7.484647792652356 -5.8489912502498599e-12)
(24.614445358575139 -7.7466071254541911 -5.9108262802871955e-12)
(25.069601228155616 -8.0246821320791426 -7.5637903211878531e-12)
(25.599032045652233 -8.3063326836270743 -5.9817343815970993e-12)
(26.136975540897524 -8.5968689525641917 -5.8543189929789555e-12)
(26.717830529367614 -8.8889487127954219 -5.9357903513888135e-12)
(27.31119709200561 -9.1837252519542965 -7.5669673379898304e-12)
(27.926160428706414 -9.4767552800534318 -7.5886175703363757e-12)
(28.54532903847333 -9.7703599347011476 -5.9934379848315513e-12)
(29.186394724488558 -10.068935736908488 -4.3302179441705538e-12)
(29.854885381963204 -10.372722679635284 -2.5350473804238292e-12)
(30.549144754619217 -10.682373931315535 -2.6995133954454042e-12)
(31.271713050115434 -10.998084898715785 -2.2541674037649582e-12)
(32.022744208734089 -11.320706432596069 -1.6368191572509207e-12)
(32.803990709459001 -11.650398482567775 -1.4069111165758902e-12)
(33.616363738494897 -11.988165049431997 -1.0276267138511711e-12)
(34.461426415483082 -12.334164695538432 -1.2029395088778771e-12)
(35.340508030784399 -12.689437398364536 -1.5407378322339672e-12)
(36.255267597240852 -13.054255112024437 -1.017540389057166e-12)
(37.207289774355232 -13.429658649355215 -8.3698676930888975e-13)
(38.198450002407739 -13.815947173270693 -6.6275936373398619e-13)
(39.230568811774127 -14.21429190483844 -1.0841052845728356e-12)
(40.305774826828525 -14.62498292362323 -2.8102679244959331e-12)
(41.426162911708197 -15.049293031355955 -2.7953203836635566e-12)
(42.594183116697046 -15.487625229093805 -2.4458798482843713e-12)
(43.812168915414162 -15.941243220282715 -7.4235811966685317e-13)
(45.083026208630088 -16.41074935527368 -1.2172269294071772e-12)
(46.409351654078286 -16.897543298902345 -1.9412862658272863e-12)
(47.794438955484047 -17.402156221433092 -2.6712302770536147e-12)
(49.241431088649918 -17.926389297897092 -2.8445603527762645e-12)
(50.754008843406424 -18.470648341042335 -4.7697064618921037e-12)
(52.335677556190483 -19.037118077110787 -6.0574239698168141e-12)
(53.991099481611577 -19.626267528552511 -6.0410143807312534e-12)
(55.723697525834162 -20.240670319186325 -5.584604831939798e-12)
(57.539453685476104 -20.880041740391718 -6.7253488536346631e-12)
(59.44245514403579 -21.54924367910105 -6.3976679553968363e-12)
(61.438589358154076 -22.245882538997577 -7.2254891908913231e-12)
(63.533829731714839 -22.976634516317169 -7.2057029104998522e-12)
(65.735285879037747 -23.738732351160305 -9.0112412218880995e-12)
(68.048139060543747 -24.539586746708551 -9.4327381103568899e-12)
(70.482398161633469 -25.377040328452136 -8.9899728487292163e-12)
(73.04513946191841 -26.256883248500699 -8.8029755050436594e-12)
(75.744367240254988 -27.181330409796015 -7.961097023693242e-12)
(78.592874830026716 -28.152537108936553 -7.9234627607558883e-12)
(81.598848787736799 -29.175076876401757 -8.0691563557727322e-12)
(84.77445264230532 -30.252784185302019 -7.496015873226712e-12)
(88.135499949261018 -31.389729356814726 -6.6476352589403912e-12)
(91.691664994164768 -32.589228613560451 -8.2474405943293891e-12)
(95.463891018539186 -33.857922441544474 -8.186265368145175e-12)
(99.465823189693651 -35.200771478253571 -8.2275228387149123e-12)
(103.71751056937465 -36.622865221103666 -9.2989017556397825e-12)
(108.24384775493188 -38.132950025173258 -8.7730582626616233e-12)
(113.0643479403775 -39.731412542109148 -8.9251662262650022e-12)
(118.2099328381435 -41.439936491344739 -9.3071569737912217e-12)
(123.70525043500238 -43.250263101756964 -9.3903670455927231e-12)
(129.58911405475297 -45.184360346221716 -8.6262933078886142e-12)
(135.90232638808348 -47.244042118067817 -9.9257564416758677e-12)
(142.67504240892623 -49.450787299223038 -9.9844468530333704e-12)
(149.97350738282705 -51.799788869818045 -9.3926969261071582e-12)
(157.83758349387082 -54.328663912156593 -9.4459647735918524e-12)
(166.3414813760713 -57.020715304487908 -9.5213408531846082e-12)
(175.5575945520273 -59.916928773163683 -9.1994129531466225e-12)
(185.55738872643107 -63.02327849406543 -9.1789150856033817e-12)
(196.44551480436994 -66.340805742202079 -9.4512599449359783e-12)
(208.38921071844598 -69.997825525617742 -9.3423389067541992e-12)
(221.80525159964711 -74.004961511243948 -8.9517620624261735e-12)
(236.84358250285666 -78.380579520499737 -8.1746564835847032e-12)
(253.62784283519477 -83.058780099208079 -8.1608668966047745e-12)
(272.19485522223289 -88.027601139563117 -8.1023813315282681e-12)
(292.6457612847866 -93.128795409023112 -8.3059875413416199e-12)
(314.91504540161014 -98.262325549865523 -8.5859503050660171e-12)
(338.94775779100991 -103.20006735087001 -8.6506533325195132e-12)
(364.28323475156992 -107.61607573488131 -7.994469910560807e-12)
(392.72487606991501 -114.54756627077282 -6.7891802063070907e-12)
(433.27346961077075 -119.20635446171856 -5.8984590905365846e-12)
(474.97435192614904 -121.43174628050045 -7.2227969722602253e-12)
(516.77553165268614 -121.76967511789699 -7.1423401061808091e-12)
(560.47134187911479 -120.60794092613428 -7.4870711747874709e-12)
(610.69566877023965 -118.32346076965416 -7.8747592932642831e-12)
(674.28864738599884 -111.73827570373099 -8.9052577883456269e-12)
(743.66649400101312 -100.3129655179692 -1.0643477756630884e-11)
(814.10983713112137 -81.192443783896451 -1.1254539133309933e-11)
(20.173445518347854 -5.0282737564797282 -6.2074670463343599e-12)
(20.359516421564781 -5.2868628112345402 -7.8249006774745216e-12)
(20.577640666729494 -5.5819975932316348 -1.1182056952886861e-11)
(20.888183733940998 -5.9021108887622198 -1.1182583791403326e-11)
(21.212922789238064 -6.1663372982948772 -1.4231758847719532e-11)
(21.475852699685774 -6.4163752229657876 -1.24750123568286e-11)
(21.804419343495073 -6.6786961538291596 -1.2876180528307418e-11)
(22.14232188472165 -6.9702244748027704 -1.2500953343256895e-11)
(22.631747558910771 -7.2974525269647899 -1.2499274416876897e-11)
(23.069291339216278 -7.5462603067983283 -1.4691279656813131e-11)
(23.396457723809043 -7.8189624723656532 -1.6868679970895369e-11)
(23.866162505612639 -8.0977101798450342 -1.5902371081389011e-11)
(24.312672681786125 -8.3931121719539075 -1.5210717980307417e-11)
(24.836569460125506 -8.6920960530800535 -1.4448243862814701e-11)
(25.367065493666654 -8.9999399930932018 -1.5231965365099304e-11)
(25.941489051390953 -9.3088750900013686 -1.6310713365485247e-11)
(26.526798802761647 -9.619883017630201 -1.4914539051775419e-11)
(27.133265736257187 -9.9283119350863345 -1.6599947253825271e-11)
(27.74190075997306 -10.23661247731034 -1.6640771298173934e-11)
(28.371678503848788 -10.549743397099883 -1.6596516182506101e-11)
(29.028038764724723 -10.868006599491146 -2.1821797022887747e-11)
(29.709286599676656 -11.19225283649256 -2.2482646268610139e-11)
(30.417985090880272 -11.522639568163973 -2.0396264036219373e-11)
(31.1542184761872 -11.860139759755898 -1.9112451475077299e-11)
(31.919741582617469 -12.204935792307463 -2.1815838980691221e-11)
(32.715418585607793 -12.558091567067665 -2.3546300124543808e-11)
(33.542816383927374 -12.919818773662573 -2.6897976990866621e-11)
(34.403217462725777 -13.291213424774256 -2.6680054481740079e-11)
(35.298268323429788 -13.672551280214998 -2.4998214582045862e-11)
(36.229521997721648 -14.064974710976347 -2.7002959318613321e-11)
(37.198816079254414 -14.468773313778533 -2.6975977405980136e-11)
(38.207944014135364 -14.885188077187909 -2.6496562023839075e-11)
(39.25900987456793 -15.314554818583556 -2.5195316174112567e-11)
(40.354037799764043 -15.758141280612721 -2.3732424836480251e-11)
(41.495472892810049 -16.216513713207306 -2.3782320202952129e-11)
(42.685577325504916 -16.690708280013805 -2.3436712194640853e-11)
(43.927187708473099 -17.18195249444679 -2.4563821875938653e-11)
(45.222907402179125 -17.690676182440495 -2.4997228979311874e-11)
(46.575871964593325 -18.218878749349685 -2.3529491310930292e-11)
(47.989267039218703 -18.766830445694723 -2.3178172633691344e-11)
(49.466543568083786 -19.336504485609616 -2.1317055616791964e-11)
(51.011372378072892 -19.92873045095428 -2.0154223797873478e-11)
(52.627916114528816 -20.54554290675296 -1.962611750992226e-11)
(54.320163712178825 -21.187854015239772 -1.9150511899724696e-11)
(56.09312366882348 -21.857296668682903 -1.9178210367477471e-11)
(57.951377227419137 -22.556996488402032 -1.9536071092528308e-11)
(59.900796535162286 -23.286666108232144 -2.2039468341647887e-11)
(61.946616954911306 -24.050499059156607 -2.229818334195941e-11)
(64.095985623585065 -24.848733626972852 -2.1430810799513922e-11)
(66.354491206402429 -25.68642511432871 -2.0014092787698097e-11)
(68.731476030355608 -26.562888931828059 -2.1055477858241981e-11)
(71.232890819754829 -27.484256863013833 -2.0291810054183755e-11)
(73.868996330437952 -28.451077677799027 -1.9584756507411549e-11)
(76.649877691107122 -29.46831077247656 -1.965761709147679e-11)
(79.584209921648593 -30.53889283780255 -1.8503303992512553e-11)
(82.684679415496291 -31.66680205580019 -1.8153373429591865e-11)
(85.966125270066257 -32.858149467273805 -1.7127586222066483e-11)
(89.437906610295741 -34.113611002732462 -1.7083113443339668e-11)
(93.119974425121441 -35.443342388643828 -1.6938274654264506e-11)
(97.02737291340361 -36.850815766095216 -1.605435576191484e-11)
(101.17779426265784 -38.340148469785987 -1.6455534953503472e-11)
(105.59785920093448 -39.924867267721531 -1.5221345396709222e-11)
(110.30338388586388 -41.601490053760834 -1.5451231298999711e-11)
(115.32564968142462 -43.393870862172101 -1.4966581316865775e-11)
(120.69467489830578 -45.296312649859608 -1.5960696827414459e-11)
(126.43946295201937 -47.32704406286836 -1.4433588539059952e-11)
(132.60452799986817 -49.495092215823689 -1.4370728008537134e-11)
(139.22175387684004 -51.814581699832019 -1.3604547013649142e-11)
(146.35316145129269 -54.296606373144215 -1.3339167272334906e-11)
(154.03731560253263 -56.957811107755937 -1.3592846119367734e-11)
(162.35449974975813 -59.80515480698994 -1.2670995086354957e-11)
(171.36475628518016 -62.876489705929792 -1.3226887965322148e-11)
(181.15868788568739 -66.169137907776218 -1.3359752346419706e-11)
(191.82462074179679 -69.701406872394699 -1.3475095609350796e-11)
(203.54000534269451 -73.595797066877097 -1.3277468492963975e-11)
(216.73616628392378 -77.899670274894675 -1.3145429952413225e-11)
(231.57344535791276 -82.605521381131453 -1.1608453771773935e-11)
(248.17487081666718 -87.677934481098035 -1.1282023546709434e-11)
(266.57356190376339 -93.083411508693771 -1.1346544444652239e-11)
(286.89616715330226 -98.687712935292708 -1.1135635930760697e-11)
(309.05259300465752 -104.36015224910182 -1.0739109996389536e-11)
(333.00571763754766 -109.87763834260662 -1.0749821253756279e-11)
(358.24606414943213 -114.87470333125064 -1.096743388150247e-11)
(386.79347851440986 -122.74070534317737 -9.5540989702290715e-12)
(428.2973186878674 -128.29866464048322 -8.9904968300942931e-12)
(471.03860737998286 -131.17639822867679 -9.9030899353462882e-12)
(513.79446120677289 -131.90490214208037 -1.0354217011033095e-11)
(558.51082246362671 -130.92088300003053 -1.066640467056692e-11)
(610.10953309362026 -128.54878740185154 -1.121821050487772e-11)
(676.0909917448829 -121.36920249083988 -1.193055583213942e-11)
(748.25016001995937 -108.87123309455386 -1.2817016938632604e-11)
(821.80908595749543 -86.962617753152756 -1.2379151879244623e-11)
(19.555251882415899 -5.1041766345196766 -2.4951755961420039e-12)
(19.721686247359994 -5.3836550240946934 -4.3300780413064143e-12)
(19.924629066995056 -5.7037617608199866 -3.7458745643788175e-12)
(20.22106043174545 -6.053666217731088 -4.4452428044255901e-12)
(20.537917929004212 -6.3384913709967066 -6.2724555913678246e-12)
(20.790227198832543 -6.6068746645273899 -9.0017800398727822e-12)
(21.112741413928699 -6.8878346745982002 -8.1735510329797934e-12)
(21.443218179164372 -7.2018800847260609 -9.4096885455584158e-12)
(21.932328981330766 -7.5533039380767288 -1.1535880474945568e-11)
(22.365890799021994 -7.8160744985880202 -1.3407837949297011e-11)
(22.683151647552247 -8.1035243714108116 -1.3119810064621152e-11)
(23.148723554001695 -8.3976876934046167 -1.1636369914106096e-11)
(23.5878278198795 -8.7089337910122673 -1.1436917515368588e-11)
(24.107157492826257 -9.0235465643289086 -1.4657664224011069e-11)
(24.631028845778694 -9.3467862591975805 -1.5145239352502245e-11)
(25.199709450803851 -9.670587369458163 -1.325318075542536e-11)
(25.777565727702484 -9.995690832422742 -1.7029903172242058e-11)
(26.376122172432996 -10.317330917143792 -1.7163879773756476e-11)
(26.974964956689881 -10.637925539126787 -1.9242890749473324e-11)
(27.594067227158071 -10.963358226637313 -1.8774641054503222e-11)
(28.238914081956288 -11.293729185260601 -1.8840638536933417e-11)
(28.907723909279515 -11.630239247339853 -1.8032755875409929e-11)
(29.603114352461215 -11.972831069434314 -1.6311102171219749e-11)
(30.325083220955403 -12.322816148177825 -1.7034985780945401e-11)
(31.075439495537236 -12.680159395518727 -1.6998031332549015e-11)
(31.854949469358903 -13.046227662789049 -1.6905180519644835e-11)
(32.665256466562582 -13.421038497148503 -1.7372021804288025e-11)
(33.507534443589741 -13.805966697572103 -1.7931365304068067e-11)
(34.383479852673567 -14.201098085182808 -1.8690969567688632e-11)
(35.294555382772074 -14.607827426258575 -1.688220401794432e-11)
(36.242648786904695 -15.026304865636881 -1.6782953873084304e-11)
(37.22944234374684 -15.457937233997248 -1.518773469068959e-11)
(38.257106646491827 -15.903011580378489 -1.5043100333624424e-11)
(39.327494448898889 -16.362878663869736 -1.5337118187516661e-11)
(40.443242801314348 -16.838137648869196 -1.4339063241450167e-11)
(41.606188204016291 -17.329836625859311 -1.3190417404198228e-11)
(42.819598233049071 -17.839265304601192 -1.1472738157127931e-11)
(44.085659885767846 -18.366915038989784 -1.2547450362823561e-11)
(45.407455177142644 -18.914730472176526 -1.2211187234054246e-11)
(46.788512081383793 -19.48316653686647 -1.1768960451635806e-11)
(48.231701457889429 -20.074148847011287 -1.1311108270041472e-11)
(49.740756903420319 -20.688559199100336 -1.1290611550674179e-11)
(51.319992199374163 -21.328467869111567 -9.9715258431259022e-12)
(52.973307797912859 -21.994945838381511 -1.077526088755641e-11)
(54.704870368318481 -22.689744789382573 -1.040270910208516e-11)
(56.520136163965311 -23.415426026160485 -1.0298621324403072e-11)
(58.424317523010458 -24.172899205451881 -9.8057488455827695e-12)
(60.422776567937973 -24.965408772348823 -8.7962185331487358e-12)
(62.522084631062697 -25.793956828514116 -8.6744487511114433e-12)
(64.727867427877712 -26.663043450853976 -9.0072962457544241e-12)
(67.049638965231082 -27.572611902895552 -8.896676283746743e-12)
(69.492802445548492 -28.529612668711589 -8.2978338958492544e-12)
(72.067405693794854 -29.531726513502619 -7.020057970071985e-12)
(74.783055876075778 -30.588827496211998 -6.6853993725168848e-12)
(77.649186122193257 -31.699686263412406 -5.4362779826804523e-12)
(80.676508689475355 -32.870475558126266 -5.2603956618213815e-12)
(83.881454927644384 -34.107075576499597 -4.4043624077601055e-12)
(87.272060241960176 -35.411750187253816 -5.0092454519067261e-12)
(90.86675909596633 -36.79173243642812 -5.4462133481323558e-12)
(94.682853073726321 -38.254492819965833 -6.2507193265111082e-12)
(98.735824027528849 -39.800972461756501 -6.1209892098890102e-12)
(103.05129934256117 -41.448145286340115 -6.7282645959158931e-12)
(107.64640592734089 -43.193357992080799 -6.4383985392200753e-12)
(112.55052736645069 -45.054305673095875 -5.8170904008077407e-12)
(117.79318676821264 -47.036026231449526 -5.3572053322115347e-12)
(123.40401018499894 -49.148581901889607 -5.085722919058843e-12)
(129.42452852812875 -51.411145776585307 -4.501425056197995e-12)
(135.88708920580444 -53.822605187226301 -4.5774664905985203e-12)
(142.85278377520018 -56.421118091081055 -4.5842416856048872e-12)
(150.36469756307929 -59.195884702831897 -4.9280686036965684e-12)
(158.48878569428999 -62.177640035489851 -4.5985205200559839e-12)
(167.29560230593077 -65.39456601404757 -5.3389282305089134e-12)
(176.87705378739298 -68.852249644827509 -5.0651835373242561e-12)
(187.31524568373356 -72.57238558679903 -5.473471422431713e-12)
(198.79025879498349 -76.678716239236877 -5.5901068953602847e-12)
(211.74909922867869 -81.242990718355216 -5.0879503029879215e-12)
(226.36424224686203 -86.24613131128379 -4.6457229434608095e-12)
(242.74380122243412 -91.691168090004567 -4.6457751034134525e-12)
(260.94043791315318 -97.493212998936002 -4.63148079534103e-12)
(281.07575180039697 -103.58349519807625 -5.0219505154561564e-12)
(303.06946226415999 -109.77086502364239 -5.749485793685905e-12)
(326.89034221111154 -115.86030838282959 -5.6236591720026164e-12)
(351.98804145442887 -121.44196128503737 -6.6833406617614219e-12)
(380.60515718207557 -130.26776125305011 -7.1921881205665393e-12)
(422.96355033107108 -136.82569572521768 -8.4753009866828471e-12)
(466.73571808807486 -140.47167256662476 -9.8717678415538801e-12)
(510.51277370237977 -141.65221756523877 -1.0499625375667267e-11)
(556.30889703199819 -140.92376772306309 -1.0681652828832811e-11)
(609.36506492609055 -138.48310357583918 -1.0933857306788379e-11)
(677.80802997257263 -130.74878180703999 -1.1732811397756876e-11)
(752.83875739274129 -117.12540341523027 -1.2678955161503925e-11)
(829.69108942954563 -92.286531637408572 -1.1574677811269249e-11)
(18.957614228934982 -5.1348092389241788 3.3678777203762784e-12)
(19.104007194991187 -5.4369367043197689 4.7677973479755458e-12)
(19.291981322178806 -5.7840127354442563 2.8698564044274148e-12)
(19.574523191197589 -6.1665678696861388 2.8259403459290033e-12)
(19.884942198874679 -6.4729474768118287 9.3012904216468902e-13)
(20.128153260444698 -6.7605377455792324 1.1776697423647554e-12)
(20.446510405552463 -7.0604715552458579 -9.2052329828060663e-13)
(20.771229738117061 -7.3971917582108215 -1.0421322968110415e-12)
(21.261520666269622 -7.7727611006721116 -1.0467120978781562e-12)
(21.692660914732443 -8.0484467455325461 -1.0666600033552685e-12)
(22.001960455145881 -8.3497867626663638 -1.8773463988436207e-12)
(22.464916320823743 -8.6579910406789953 -6.52188228429607e-13)
(22.898016396415542 -8.9835996899512605 2.5800298970695517e-12)
(23.41396551818799 -9.3121266246466057 2.910598584230618e-12)
(23.93222062253685 -9.648840482290213 2.6476210216488088e-12)
(24.495976170647378 -9.9855686430323374 2.8261374776567539e-12)
(25.067183536933673 -10.322642006466276 4.7180867470078493e-12)
(25.65840187935752 -10.655574876439307 6.3318231254315336e-12)
(26.248283223899232 -10.986254721681235 7.2335422512073888e-12)
(26.857452659861067 -11.321855154139055 6.6889255492968885e-12)
(27.491529822623161 -11.662125620462961 4.7109053024587894e-12)
(28.148599785056863 -12.008772720267132 4.5577331831119591e-12)
(28.831396781614409 -12.361332960753787 3.6551598130977194e-12)
(29.539773972677388 -12.721623510206989 5.680764251396958e-12)
(30.27567595451276 -13.08923257758684 6.6718582893951411e-12)
(31.039718291886849 -13.465978793096067 6.5168352490076797e-12)
(31.83366502080754 -13.851535211350383 6.5671817450124625e-12)
(32.658553390239391 -14.247691429030818 6.8142999978120081e-12)
(33.516181124030574 -14.654221415208985 6.1999297238455265e-12)
(34.407879278991715 -15.072867726491841 5.8473013091705087e-12)
(35.335633098256984 -15.503537083376262 5.6553013711212353e-12)
(36.300986635538386 -15.947908569005024 4.737186808432226e-12)
(37.30619386281024 -16.406095180161675 4.6898956841154964e-12)
(38.352971104199703 -16.879650882482249 5.3337240696162154e-12)
(39.444015342993048 -17.369045482548437 4.7897679779696024e-12)
(40.581052507009147 -17.875604516979351 5.2214448938086755e-12)
(41.767378327204675 -18.400170301020395 5.3614251433847096e-12)
(43.00500553895575 -18.944070114117004 5.039462498215871e-12)
(44.29718860867645 -19.508223102875647 5.9804170497723888e-12)
(45.647090564965559 -20.094184703419959 5.9495174802241719e-12)
(47.057745673055905 -20.703068760855459 6.0134933182450177e-12)
(48.532785757288416 -21.336522063195513 6.3987098904446118e-12)
(50.076336980434633 -21.995672173323921 5.4610588818150356e-12)
(51.692184212507321 -22.683049411843751 5.0415248018920376e-12)
(53.384682622157911 -23.399051152890667 5.9571605215309325e-12)
(55.158795923858236 -24.147126711675579 6.8312211154766335e-12)
(57.019874698912425 -24.927843231384568 7.4102006459239751e-12)
(58.972996317123794 -25.744965675203094 8.1940797354554418e-12)
(61.024618189472335 -26.599042757987412 8.6940401102586508e-12)
(63.1805470684778 -27.495040798218884 8.6968250334268021e-12)
(65.449280430320115 -28.432553001127847 9.5851164240006206e-12)
(67.836946284041488 -29.419278884230508 9.5474727530877718e-12)
(70.353347952687699 -30.45251656438861 9.4861194795563201e-12)
(73.006149913268345 -31.542196262845874 9.5002425574599758e-12)
(75.807739778689111 -32.687560355858999 8.1817060777637975e-12)
(78.765581485662537 -33.895300012526626 9.1734081835238583e-12)
(81.896921491418269 -35.169089129256221 9.3838041884856116e-12)
(85.209697932517514 -36.516125617197368 7.6652160872084472e-12)
(88.722193024327979 -37.938346693837886 8.0237994442322985e-12)
(92.450486659705064 -39.448102866970984 8.4952454377825068e-12)
(96.40999356934141 -41.042596010898883 8.0593994553107773e-12)
(100.62514849535967 -42.743169564542434 8.5100756078567052e-12)
(105.11470115231256 -44.54475667601335 8.5556883078910232e-12)
(109.9051969386493 -46.465539560878909 9.437618336337046e-12)
(115.02726244790324 -48.513091663770517 9.4200458733301434e-12)
(120.50714868728396 -50.695835966514586 9.352753674295786e-12)
(126.38882105531943 -53.036043147781541 9.6863771802466816e-12)
(132.70230276445113 -55.531291886570024 8.9436691694508018e-12)
(139.50485492476108 -58.218900227098828 9.3762681538040261e-12)
(146.84829337388652 -61.097371005572029 9.2935109441529642e-12)
(154.78490162301549 -64.193429838720803 9.271038579855198e-12)
(163.39087692027155 -67.5309788097628 1.0076475566153094e-11)
(172.75947422248441 -71.129888218632203 9.0810371017119975e-12)
(182.96608579910665 -75.016485436778026 9.3351303838341446e-12)
(194.1984011945363 -79.30467392463639 9.5506330667492254e-12)
(206.91029309657992 -84.098959527269045 9.234799063269875e-12)
(221.27703965779835 -89.36258923105585 8.1630336266824093e-12)
(237.40644389026389 -95.148548853214791 7.7875623534711759e-12)
(255.3674727418568 -101.31426789601213 6.9571406525313148e-12)
(275.26645395583472 -107.86116622623588 6.6576487030368863e-12)
(297.05490999602807 -114.53533942334654 6.359193719517784e-12)
(320.68492551551174 -121.18335767542642 6.7758177432887339e-12)
(345.59236734749663 -127.34214588689706 5.594292489118329e-12)
(374.22797637457427 -137.12903853019279 4.4359758889062897e-12)
(417.32425708274002 -144.79275168805788 2.2928004222789784e-12)
(462.09450972320877 -149.31291928501605 3.2246237660682447e-13)
(506.94806758835574 -151.03473884035805 -1.043894802484558e-12)
(553.88113427109658 -150.61246161566345 -3.5048647857593143e-12)
(608.49196615571259 -148.11562126315951 -4.8604768587919724e-12)
(679.41507966321262 -139.88181820316871 -5.4133228461817022e-12)
(757.47943062883041 -125.26414103281479 -5.7945503656376039e-12)
(837.71038700786835 -96.887088630434874 -5.2502226429309328e-12)
(18.382037464434386 -5.1218127293729303 2.9083106799926204e-12)
(18.507952454412187 -5.4491170894625292 3.0510221680692985e-12)
(18.681203490202339 -5.8262119022896757 2.41628989848163e-12)
(18.950729352016303 -6.2455012995595238 4.9462086669022219e-12)
(19.256896839811798 -6.5750720050342517 2.9483074132919367e-12)
(19.492868488948826 -6.8832781541391563 2.9975875416048965e-12)
(19.809494410498118 -7.2029507652823357 3.9148175929924489e-12)
(20.130513467164505 -7.5627526991547684 5.6155262500058184e-12)
(20.624147173177807 -7.9626384779845347 4.3596349445292166e-12)
(21.054792006568675 -8.2502469677210151 4.1657210934853036e-12)
(21.358109566858964 -8.5646733196679055 3.8620045586168177e-12)
(21.820179105183119 -8.8856403727689699 3.0686033423711155e-12)
(22.248772993811059 -9.2241206615757072 2.9622970847920546e-12)
(22.762656841265052 -9.564998756337296 5.1145551279878281e-12)
(23.276364037667982 -9.9132759439450009 3.0916583722712273e-12)
(23.836105790142685 -10.261194120962113 3.1814592871960326e-12)
(24.401517299795984 -10.608115115809532 3.1371317790500889e-12)
(24.9861285861322 -10.950417727905498 3.4273105858584534e-12)
(25.567750511736648 -11.289282692984147 2.1339959907210745e-12)
(26.167721769086626 -11.633257644558867 1.1990885169958268e-12)
(26.791741584801063 -11.981465416319905 2.1356683174932661e-14)
(27.437734646337173 -12.336415202228546 9.4823132925134792e-13)
(28.108635316384273 -12.696971380230252 8.3429609027346223e-13)
(28.804076335312931 -13.06570189628008 1.0324281665818946e-12)
(29.526227070932585 -13.441585142214489 1.8367249597391186e-12)
(30.275480807994605 -13.827112696246608 2.0217414330049388e-12)
(31.053807190889803 -14.221404617403918 1.0514761610305063e-12)
(31.862030039414261 -14.626836106548527 2.1203583951671282e-12)
(32.702145364564522 -15.042709290901856 2.0568223617261809e-12)
(33.57527147614676 -15.471264447361198 3.0226747034892081e-12)
(34.483574062745731 -15.912002700872319 2.2001773873784837e-12)
(35.428382181082313 -16.367028902699818 2.052532170388113e-12)
(36.412139233421286 -16.83611996676672 2.5136425568051539e-12)
(37.436293916536705 -17.321187757903388 2.5785390392537298e-12)
(38.503779899893104 -17.822391318734386 2.2042498660373966e-12)
(39.616038871503534 -18.341504584386314 1.4068899032441537e-12)
(40.776510453566104 -18.878807999372182 5.6256849322970787e-13)
(41.987070628008517 -19.436419222124105 4.3849618103468461e-13)
(43.250968712289314 -20.014423729691138 1.8704925438167854e-13)
(44.571227815055828 -20.615217588072522 2.570255318044074e-12)
(45.950974919936684 -21.239249362442838 2.552028159337412e-12)
(47.393632169421807 -21.888857464589989 1.9238543729366059e-12)
(48.903189421866394 -22.564488925356194 5.9644067179432224e-13)
(50.483618788861655 -23.269314315365776 1.0683978953536861e-12)
(52.138966918410979 -24.003630651068359 1.6032974769244708e-12)
(53.874065079410165 -24.770554235519512 3.9055754356402999e-12)
(55.694226120741178 -25.571175300492509 5.3338222726294648e-12)
(57.60443023159624 -26.40903786685714 4.3051929783770681e-12)
(59.611036942041807 -27.284931049966314 4.6169127818522866e-12)
(61.719489243895943 -28.203562486041974 5.4590057833149909e-12)
(63.938279357085619 -29.16536719375128 5.4306020388239501e-12)
(66.27325696748143 -30.176511308674048 4.6555536770572584e-12)
(68.734182374030993 -31.236637093216416 3.4323512104749257e-12)
(71.328536744917557 -32.353772507205214 3.8040894865677803e-12)
(74.068111372168019 -33.528199192721893 4.777706685305951e-12)
(76.960345828063666 -34.767341044520713 4.8039348112651882e-12)
(80.022339840800541 -36.072945912953912 4.2829730276020832e-12)
(83.261131500560097 -37.455139773956859 4.2701233235467352e-12)
(86.695350856888325 -38.913059183457904 3.6757916622122532e-12)
(90.340603716094094 -40.462472430279611 4.2445103821480949e-12)
(94.211543252558755 -42.09828859510624 3.7915263613530277e-12)
(98.331307171217674 -43.8425903597185 4.7325520713723179e-12)
(102.72095513233722 -45.692583581441859 4.7362829276513636e-12)
(107.40271465749184 -47.663254916775578 4.1869444366965399e-12)
(112.40901081645576 -49.76608631256822 5.176758218054345e-12)
(117.76471915161521 -52.0089574250038 6.0153983877557982e-12)
(123.51379495163059 -54.411793535750448 5.9551448751116161e-12)
(129.6837689545371 -56.982346240325008 6.0100959239180834e-12)
(136.33172251313374 -59.741786789574739 6.8242654160610797e-12)
(143.5079007394221 -62.706782290797555 6.8501959617716397e-12)
(151.26539483123628 -65.900245000119838 6.3019756444123708e-12)
(159.67735327878199 -69.342068909856124 5.7504515690690771e-12)
(168.83293632513838 -73.056129157130812 5.2080355527584688e-12)
(178.80981709051156 -77.087126939398345 5.2723775484519347e-12)
(189.8022620128875 -81.52813390491913 5.2341873880839484e-12)
(202.25710523113557 -86.526700473453829 4.2794346068608358e-12)
(216.36372438141487 -92.016226237241085 5.0571539175502571e-12)
(232.21609585138648 -98.103181079235483 5.0180441844252952e-12)
(249.91584673596356 -104.60039265569813 4.5954297380411419e-12)
(269.5381061267733 -111.56794581309812 4.1864843903911884e-12)
(291.07501963803355 -118.6985522569976 4.1422338025813164e-12)
(314.45950155762375 -125.87926294920096 3.7713990721052275e-12)
(339.13052222075055 -132.60910267297459 3.8939991552668218e-12)
(367.72975462494742 -143.32305731012997 4.7995108972420685e-12)
(411.42247624165736 -152.2083565608684 4.395410661719218e-12)
(457.15364522226855 -157.70487936734472 3.8926072210658934e-12)
(503.12074277114147 -160.07431859255806 2.9958769832089241e-12)
(551.26394895803003 -159.98340811674726 1.0759986902257993e-12)
(607.49804343904555 -157.43560394677056 -2.9028096967485841e-13)
(680.90089941018448 -148.72781028228991 -1.3925451845089587e-12)
(762.02963239328676 -133.3788891794018 -2.6261406388715773e-12)
(846.2839266757619 -101.04258717164527 -2.8161345586938207e-12)
(17.826585828677025 -5.0714539091690396 -6.7450898583343144e-13)
(17.931303569538272 -5.4275040165754715 -9.5644612419209053e-13)
(18.089816561553562 -5.8388084285815856 -9.6275786661052139e-13)
(18.347528323388744 -6.3004143391441954 -1.0220288067421801e-12)
(18.652142710729006 -6.6550918929684038 7.5836060608133418e-13)
(18.882943818082907 -6.9855315225248447 -1.1114221702244898e-12)
(19.200624700512098 -7.3256513113186887 -5.5926816147379475e-13)
(19.520237502106102 -7.7086705407250751 -1.8787617236861835e-13)
(20.019678910501334 -8.1327866020708406 -5.3126593512049935e-13)
(20.451927419777732 -8.4310947885001273 1.0856747574063465e-12)
(20.751162383465928 -8.7576372097040931 1.6915120297912174e-12)
(21.214144355531925 -9.0898821020543252 3.2278315637767134e-12)
(21.63963516370514 -9.4394706719047647 5.1518528877164622e-12)
(22.152657718290378 -9.7910303569183661 5.1094382098639538e-12)
(22.662816288500228 -10.148723911373301 5.150268968850639e-12)
(23.21933894566644 -10.506047632542838 5.7098772304068975e-12)
(23.779549323202524 -10.860732029791963 3.0257250807136813e-12)
(24.358282691566544 -11.210590833384465 2.8319255701011071e-12)
(24.932355534922639 -11.555661671432858 9.9163680041214251e-13)
(25.523797480946655 -11.906338983490155 2.4214905322752004e-12)
(26.138467922995371 -12.26060563539467 4.1662173360816038e-12)
(26.774029729019329 -12.622175175966653 3.1641100959146495e-12)
(27.433757551444064 -12.98889654445416 5.2210288790466227e-12)
(28.116944991173192 -13.364384581878511 3.1486012537205393e-12)
(28.826112683534465 -13.746731294475087 3.3677663209150418e-12)
(29.561326283914195 -14.139355815494614 1.907651890142597e-12)
(30.324879944150396 -14.540583904002258 3.6184634636169054e-12)
(31.117287349893815 -14.953592745714248 3.568022223078785e-12)
(31.940832551132807 -15.37698959825971 4.0650627214371207e-12)
(32.796351428539211 -15.813727371381527 4.3330709030068273e-12)
(33.686257817670004 -16.262695991207075 4.4653201427919149e-12)
(34.611618769236181 -16.726593482083921 5.52591774797733e-12)
(35.575097031110303 -17.204703984901187 5.4741507665006959e-12)
(36.577908705959267 -17.699446835467331 6.0539234225719277e-12)
(37.623121811364747 -18.21047119794386 5.9918974444785832e-12)
(38.712020656329123 -18.740275795768536 6.1825760258423346e-12)
(39.848185153454658 -19.28816256137647 5.5959044648621566e-12)
(41.033123868718604 -19.857601667637347 6.0049909556487655e-12)
(42.270545110087134 -20.447114005984719 6.4521239521124279e-12)
(43.5628611658137 -21.060752076562629 6.6086405439983926e-12)
(44.913512416766004 -21.697463909381259 6.1209463837733886e-12)
(46.32575058143513 -22.360943205654316 5.0748814140921255e-12)
(47.803581668787317 -23.05066608661738 6.5433655466145413e-12)
(49.350458681637996 -23.770324647077501 6.353102295306247e-12)
(50.971074589360782 -24.520059637270212 5.0373018707000214e-12)
(52.6695370368667 -25.303587374555995 6.421134440447204e-12)
(54.451378068723507 -26.120542411478329 4.4833900632505884e-12)
(56.321323780527408 -26.97664292058947 4.9057798737714527e-12)
(58.285490804176817 -27.870706517446724 5.2929507296613914e-12)
(60.349438690319211 -28.808910352793418 7.1318644401124791e-12)
(62.521392888825503 -29.790908240531909 6.7916760340249393e-12)
(64.807143810544574 -30.823566463401225 6.2902402934757485e-12)
(67.216010888184982 -31.905826021808242 5.134218415423124e-12)
(69.754957817986607 -33.046560591064555 4.2920138015492986e-12)
(72.436455694074979 -34.24568825108728 3.8058923093856474e-12)
(75.267131515123211 -35.510936677990316 3.6752094328743419e-12)
(78.263848123319107 -36.843886640064852 3.606355137174731e-12)
(81.433179758196871 -38.255755666041523 3.2469869618003473e-12)
(84.793943910807357 -39.7436626244709 2.4599032581692094e-12)
(88.360457977005922 -41.326242405888287 3.2460910044063299e-12)
(92.148101248615518 -42.99756791335848 2.9880924942837755e-12)
(96.177967173182523 -44.777960907391488 2.8758451465143446e-12)
(100.47251656114649 -46.668507394543816 1.2390865240038915e-12)
(105.05280846755606 -48.681084595689732 5.8773821972629533e-13)
(109.9491960536123 -50.831960004818043 4.5088099179257897e-13)
(115.18707600793252 -53.123332569528074 5.2789528085923179e-13)
(120.80981107876948 -55.578709195813317 5.8196101568011097e-13)
(126.84341105601526 -58.212516576321008 1.1814121921880067e-12)
(133.34558362250081 -61.033715299932368 1.1739590725465755e-12)
(140.36148181896792 -64.071584462537459 1.915355786910675e-12)
(147.94613457094377 -67.342325707284033 2.1636829631083025e-12)
(156.17193240887181 -70.877367928827653 1.3503025638448673e-12)
(165.12443581461366 -74.685607029151342 1.1877916621720464e-12)
(174.87783882759416 -78.837177752873956 1.1884178659962169e-12)
(185.63162949792854 -83.407827279811855 1.676782547483813e-12)
(197.82772032623987 -88.581075196675101 9.7171914045566328e-13)
(211.66518922895935 -94.269945573309599 9.1465502125070958e-13)
(227.22609400399497 -100.61142240659063 1.1404549079887515e-12)
(244.63874321405373 -107.41032680905845 1.1507399831570952e-12)
(263.94859756611072 -114.75220124582904 1.1507035915833353e-12)
(285.1961285825962 -122.31348541866188 1.2177042020772381e-12)
(308.28528139314693 -129.98392685097406 1.4469444554672644e-12)
(332.67083385356921 -137.28657753847457 1.1268914193258862e-12)
(361.17360881125359 -148.85252091646569 2.2508827036705963e-12)
(405.29716572097163 -159.07685976650248 2.2865297419273923e-12)
(451.9422128400289 -165.65088458420746 1.9322235790333723e-12)
(499.05311312323778 -168.78094643637158 2.0026236678952923e-12)
(548.4946637070708 -169.03765044959053 7.9697748245173759e-13)
(606.40562249316486 -166.4561298485678 7.1263905653326361e-14)
(682.2273324035549 -157.27516330394661 -1.3204369074142394e-12)
(766.38938518596467 -141.35265059678801 -3.2751557278541143e-12)
(855.2968176023644 -104.83334398753023 -3.3389649018152803e-12)
(17.290181306803941 -4.9821969331107123 2.0646357331319507e-12)
(17.373385325421076 -5.3712707282733074 1.0294220115766502e-12)
(17.51746096026238 -5.8226053398985913 2.7489038902829518e-12)
(17.766041035032462 -6.3339767247032261 3.2685164398980728e-12)
(18.07347318485726 -6.7169943460688053 1.1081712930609774e-12)
(18.302042519896688 -7.071950461961225 1.098702758415351e-12)
(18.624675458297631 -7.4339720355488383 1.0931549315365087e-12)
(18.946011183906588 -7.8404717880061812 2.8919822871119639e-12)
(19.454729448553074 -8.2890754012998151 3.4086939582156515e-12)
(19.891269526558187 -8.5969556106042351 1.224832974832682e-12)
(20.188462709666741 -8.9345796426367965 1.1621328923206815e-12)
(20.654490219900616 -9.2767732613709022 3.3357106336768388e-12)
(21.078413191555967 -9.6356637633368827 4.9856592873851172e-12)
(21.591990492697082 -9.9964181121337994 7.7037380210533922e-12)
(22.099722649772829 -10.361486710011134 5.7529051820429368e-12)
(22.653866103884777 -10.726558843116692 3.2881501196527014e-12)
(23.20978513667405 -11.087095951091728 1.8694369890553484e-12)
(23.783251202976921 -11.443146954051027 -1.8506808133006425e-13)
(24.350663106975439 -11.79275702417074 8.9090480122426379e-15)
(24.934254691545188 -12.1488081309168 1.3199058702464723e-12)
(25.540366176529776 -12.507567893951139 1.7046005157470837e-12)
(26.166162353592522 -12.8744394897035 2.581409983302375e-12)
(26.815481053710041 -13.245816017750558 1.6008558710107421e-12)
(27.487112898584847 -13.626759353517668 1.6371977639096206e-12)
(28.184084783685606 -14.014095480553884 1.3472445420211897e-12)
(28.906004595095141 -14.412518808839668 1.4039374566374585e-12)
(29.655640347230516 -14.819222182336338 2.680484183956884e-12)
(30.433072232909009 -15.238497084896851 1.7865240933345242e-12)
(31.240993229495327 -15.6679587306784 1.7404183816304676e-12)
(32.079840493928792 -16.111529692975971 2.4673465648771071e-12)
(32.95242465706685 -16.567256615588221 2.8556407983199847e-12)
(33.859403569922634 -17.038643346623228 1.6407282850828412e-12)
(34.803818528119301 -17.524243046738093 1.617712599185871e-12)
(35.786512624936897 -18.027221224797639 8.5850729660115929e-13)
(36.810786388348497 -18.546493566379521 4.7484396115377172e-13)
(37.877813258129819 -19.085411494528042 9.388044961968297e-13)
(38.99106134429104 -19.642349698592362 2.5491262437486693e-12)
(40.152105520214036 -20.221823283766465 3.5998756192437496e-12)
(41.364748308283957 -20.82125760168239 1.5142135178257049e-12)
(42.630806552716315 -21.445920571211754 -1.6563775013602668e-12)
(43.954486789045205 -22.093458839858982 -1.6880264493565563e-12)
(45.338154718788942 -22.768916712890167 -2.7082602933311311e-12)
(46.786387859353518 -23.470603325522774 -2.5518676471201743e-12)
(48.302160939185363 -24.20341480721364 -3.0868120763890417e-12)
(49.890123441371351 -24.965887763672352 -2.0717987308562919e-12)
(51.554643311406032 -25.764005040839628 -2.3233789966343959e-12)
(53.300869183987679 -26.594895622761932 -1.6332187533755697e-12)
(55.132855342100463 -27.466721242173289 -1.6971568466451025e-12)
(57.057972456203181 -28.376210222437937 -1.1260189630009969e-12)
(59.080242613521008 -29.331365066333174 -9.4577429048504903e-13)
(61.20862808894087 -30.330251073872734 -1.0344864458151527e-12)
(63.44815535617424 -31.381582530426421 -1.1316814666934116e-12)
(65.808528788555194 -32.482513142894426 -1.9155617966840884e-12)
(68.295779931508875 -33.643576303785522 -2.6652217849855855e-12)
(70.923171420619227 -34.863110118812074 -2.4924182970439911e-12)
(73.696115140566405 -36.15117596317733 -1.5423295831332814e-12)
(76.631579868412246 -37.506334249037415 -1.4973208246083819e-12)
(79.73596825000277 -38.944102959360883 -2.5913587412129444e-12)
(83.02771643310146 -40.456639699871857 -2.8244449765080796e-12)
(86.520121914632256 -42.06734659671384 -3.4939076431279707e-12)
(90.229752685756239 -43.768139711301124 -2.3671640832065902e-12)
(94.175273886666872 -45.579595876221063 -1.4840777080772926e-12)
(98.381117734687038 -47.502918158158735 -2.6385179166538074e-12)
(102.86369102949517 -49.552225128834927 -2.8783165981907159e-12)
(107.65709681575234 -51.740069797205798 -1.9417045056090466e-12)
(112.78583621433719 -54.075820437354452 -2.2811453328152977e-12)
(118.28699403818 -56.572948091837432 -2.325272213045467e-12)
(124.1912590043426 -59.258617516442079 -2.2649069415218561e-12)
(130.55604985496342 -62.131567102836428 -2.7853709876260102e-12)
(137.41973523141397 -65.232437108021898 -3.514400205148485e-12)
(144.84020807596124 -68.565324935400071 -3.8376593250234244e-12)
(152.88652691719702 -72.177925298602887 -3.3718923448833768e-12)
(161.64595814090382 -76.063597516588203 -3.7954929730465372e-12)
(171.18456738764908 -80.317146311586782 -3.8731670285345569e-12)
(181.70582081215773 -84.997801003991214 -2.7786780660766616e-12)
(193.64373695226001 -90.311008894114096 -2.7530019029515529e-12)
(207.20966619723779 -96.179930864284117 -2.6818905740600881e-12)
(222.47100001981292 -102.72545773656681 -2.1782054169411004e-12)
(239.57411974647218 -109.80441536493102 -2.0848673857985524e-12)
(258.54727371707486 -117.46227321190706 -1.6500053503443348e-12)
(279.46728218509554 -125.42825178665601 -1.2141525567703072e-12)
(302.22125386679852 -133.53935804763478 -7.274578943169993e-13)
(326.26932224166126 -141.41187147356163 -1.5438369944936967e-12)
(354.62649700091077 -153.73870384420297 3.1158906253654231e-13)
(398.98763193014815 -165.3941594858922 6.4762465066234264e-13)
(446.50020951031382 -173.16021532541117 9.0812309161489804e-13)
(494.77135834407795 -177.15850220175653 8.8251573708014649e-13)
(545.60251813515299 -177.78577340360474 3.4280798347971283e-13)
(605.20473813107265 -175.16190058932386 9.8625722049991597e-14)
(683.42617527998959 -165.55558819096305 -1.1631977738392056e-12)
(770.54928351894227 -149.16588714175475 -3.0434948527117496e-12)
(864.53766172251289 -108.05235492551408 -3.147378284214639e-12)
(16.770761699042247 -4.8621833345414629 6.6915546948012062e-12)
(16.831563970803465 -5.2902415199987152 8.6303024476196685e-12)
(16.960418354551056 -5.7886209313619554 8.6367687537105604e-12)
(17.2023524788376 -6.3596957986420151 8.4876353180963043e-12)
(17.517250893434262 -6.774146658674379 5.9223870286700716e-12)
(17.746604760787445 -7.1556245773904932 5.6287823068909621e-12)
(18.078150838671526 -7.540192163888916 5.1868070139531327e-12)
(18.404285972451571 -7.9692477218116524 5.4287589408016734e-12)
(18.925282422974774 -8.4413093106266786 3.3162902437274885e-12)
(19.368628756535244 -8.7569303115681603 3.194158673581934e-12)
(19.665460963310878 -9.1038875076843659 3.1214371923174273e-12)
(20.136296382376226 -9.4542365141574862 2.2955603453428412e-12)
(20.559828437795318 -9.8199207608894064 1.6177436101037307e-12)
(21.074851042359622 -10.18807619160758 -1.1361816437872537e-12)
(21.581064989638875 -10.558024129502472 8.800369844346674e-13)
(22.133304933165999 -10.929323675254894 1.122857599995159e-12)
(22.685883024732576 -11.293725059016165 3.7133322864290111e-12)
(23.254634018550398 -11.65453968456926 2.1536504884678491e-12)
(23.816273783902815 -12.0070864265194 2.98139466334284e-12)
(24.392760944310936 -12.367219609352324 3.1686829476278777e-12)
(24.991235146808009 -12.728999343844027 2.9535046005102631e-12)
(25.608126365960054 -13.09998601608749 2.5689728651686225e-12)
(26.248082097469478 -13.474680237063408 6.7366809165202198e-13)
(26.909185542398269 -13.859995551890716 -3.2607118713190399e-13)
(27.595174014875649 -14.251091844426522 -7.2588013382542846e-13)
(28.305023085225489 -14.654314363263838 -1.5532884748995998e-12)
(29.042138646981442 -15.06535710394124 -1.693739548643571e-12)
(29.806011268339734 -15.489951588461189 -1.4690388507110737e-12)
(30.59990621027713 -15.924405385337407 -1.6897346810935108e-12)
(31.423707152462548 -16.373921101438921 -4.5685042841984451e-13)
(32.280763996553752 -16.835335848158554 -5.913126786023684e-13)
(33.171208502754624 -17.313406488450781 -1.7575222495288884e-12)
(34.09857472710965 -17.805368573497624 -3.0345642128570803e-12)
(35.063197333739865 -18.31585619467549 -2.16272392461122e-12)
(36.068783559886732 -18.842177125600607 -1.4654858476220879e-12)
(37.116117516388407 -19.389429559938357 -1.6328309056536393e-12)
(38.208957008645349 -19.954336453695046 -1.8241559888949499e-12)
(39.348509082947366 -20.542823251766396 -3.0614805321753725e-12)
(40.538910214817513 -21.151109494518714 -2.7609642108437505e-12)
(41.781496961701869 -21.785793623443851 -1.7748193280308795e-12)
(43.080895800241372 -22.442771113263419 -1.6569546071240041e-12)
(44.438838146053641 -23.129283228531072 -1.3120702645243325e-12)
(45.860489286677272 -23.841232127733409 6.3137774264908772e-13)
(47.348025057979783 -24.586199431247909 -1.546622387198662e-12)
(48.906781918066294 -25.359725180330372 -5.9063550226447907e-14)
(50.540222134953453 -26.170781489792166 -6.4375627037441717e-13)
(52.254133923989244 -27.013971972056389 -1.3616024122357784e-12)
(54.051757234228155 -27.899905668604685 -1.364525054320726e-12)
(55.941186699118767 -28.822239721038002 -1.7204373060160676e-12)
(57.925247833113723 -29.793071898470487 -1.4210402200818758e-12)
(60.013633166055527 -30.805664990991602 -1.049105483374761e-12)
(62.210680004988802 -31.873869393436177 -3.0573867030931786e-13)
(64.526556303201843 -32.990345063527066 -3.5099191085856286e-13)
(66.96578909245369 -34.169642506533641 1.5259909623148962e-13)
(69.543230931615753 -35.405134464519975 7.841619505392043e-13)
(72.262398078537771 -36.714314330735625 6.4445700710931328e-13)
(75.141146327869393 -38.086635130064813 -3.4962897158185897e-14)
(78.184482410107805 -39.547389193329053 -7.0975586434334726e-14)
(81.412596164460822 -41.079819152653386 1.1288883258948421e-12)
(84.83504000897976 -42.715127975287899 1.7054040921569977e-12)
(88.471734489237335 -44.439076645437801 2.7170053330271724e-12)
(92.338347679060718 -46.277432475655978 2.8705237139777758e-12)
(96.459843219653507 -48.227123127106303 2.4825807422830375e-12)
(100.85143616525451 -50.308914247897278 3.0699665642778653e-12)
(105.54846866104671 -52.524076379828188 2.8895340735421819e-12)
(110.57164867000144 -54.89851834788923 2.7403731903071265e-12)
(115.96036101647249 -57.431470246066787 2.6259710269248523e-12)
(121.74207333124934 -60.157028557319407 2.3414732244812616e-12)
(127.97631607336749 -63.073520628663509 2.4320335838754886e-12)
(134.69546040228133 -66.226882740070053 2.5985880607412305e-12)
(141.96027391171216 -69.612418961237751 2.7215517452420733e-12)
(149.83707588599603 -73.285186470801918 3.8012095673146038e-12)
(158.41088651051751 -77.237756787368738 3.520067652242581e-12)
(167.74100415705291 -81.568927427455023 3.5043835414718621e-12)
(178.03852933417096 -86.348194313314224 3.4896454177429328e-12)
(189.72627920066952 -91.764098731606552 2.9455378683409145e-12)
(203.0183857258412 -97.797795658770937 2.2621655280886868e-12)
(217.9774491557267 -104.5035022095007 2.0121952475852493e-12)
(234.75206920516897 -111.82949618413839 1.9328798903978347e-12)
(253.37845429518251 -119.75690487216288 1.8281669315155071e-12)
(273.93541499867922 -128.0880514194067 1.7056841382810403e-12)
(296.31808762083773 -136.59839752270011 1.292523839692027e-12)
(319.98077706037446 -145.0127133376551 6.8225896157762947e-13)
(348.13979725582681 -158.01221531993264 1.3066458731396932e-12)
(392.53977448548619 -171.15731565891429 1.8832374385440054e-12)
(440.84861089068596 -180.24089414946599 1.7113942811257681e-12)
(490.29691164872048 -185.21379092323161 1.8224108923364792e-12)
(542.60544629552396 -186.24791645369282 1.3334842062795635e-12)
(603.93213434616814 -183.52504580896229 9.8932853293725735e-13)
(684.45997681964616 -173.56892884676523 -9.3178653278675277e-13)
(774.48078024624522 -156.92615896638546 -3.8593005736732785e-12)
(873.97493505758041 -110.46892859506006 -3.7310436868466492e-12)
(16.269204945407328 -4.7046060015587905 4.6866341071572046e-12)
(16.308558956218654 -5.1774867544394345 5.7242287900655696e-12)
(16.42258173687366 -5.7326933810875111 6.461583874872961e-12)
(16.663595396371413 -6.3765542856201902 7.5899063328190861e-12)
(16.994553009760455 -6.8293052768138658 5.8229198384557627e-12)
(17.229913899560046 -7.2404904059964323 5.1020055592003178e-12)
(17.576675416021946 -7.6503319608515516 5.3150828480123561e-12)
(17.912682132138883 -8.1012274287741501 3.6978288414034249e-12)
(18.450725445267555 -8.5968970079656675 4.2692910661073969e-12)
(18.904496552160186 -8.9187936246031931 3.1817845282187492e-12)
(19.203082202079013 -9.2734629850583961 1.3558022135232911e-12)
(19.681152332726334 -9.6307354405236207 -2.4228871411759529e-13)
(20.106117164376673 -10.001006578726502 1.0809146105676105e-12)
(20.624087346546396 -10.375572414394814 3.4923099327481209e-13)
(21.130276884942237 -10.74872102869038 -3.2434491231181936e-13)
(21.681797387965677 -11.125347605894396 1.4178565340495758e-13)
(22.232148386440066 -11.492289703177224 -5.2624785442407905e-13)
(22.79714334665017 -11.857087554545528 1.5863197358743244e-12)
(23.354158240044747 -12.211460318849191 3.3652266404660268e-12)
(23.924516828862672 -12.575073993206859 2.9643402399025291e-12)
(24.516530366471901 -12.938962629584534 1.6620597006164872e-12)
(25.125591328758865 -13.313599766818724 1.0931839827549791e-14)
(25.757442415799787 -13.690859089844603 -5.4359756758074682e-13)
(26.409241817750008 -14.080163015641492 -6.0174855266186601e-13)
(27.085661273878831 -14.474359410040822 -5.9943571924072527e-13)
(27.784833338755586 -14.882059464851551 -4.7608652986182075e-13)
(28.51102629547313 -15.296878607954485 -1.0149962231371772e-12)
(29.262947034780467 -15.726510712587597 -1.1500202561527379e-12)
(30.044628475924998 -16.165414054825629 -1.1980621389358026e-12)
(30.855241935588165 -16.620653241539117 -1.672446516391555e-12)
(31.698824153810648 -17.087210824622304 -5.7464776617872927e-13)
(32.574845850465742 -17.571812832356429 -4.8766061553319145e-13)
(33.487470740990837 -18.069551118441826 -6.3256916592710926e-13)
(34.436406200139366 -18.587408641522416 -1.9063611783058377e-12)
(35.425890355053006 -19.120203630085815 -1.1769872259000883e-12)
(36.456140435536739 -19.675555259022236 7.5644685257621865e-13)
(37.531444551572299 -20.247867272319446 5.2380215135833606e-13)
(38.652396343653614 -20.845124795341334 1.113558811995038e-12)
(39.823609566999124 -21.461609738862116 1.8514942821487488e-12)
(41.04590996921803 -22.105839248374945 1.2463121200388296e-12)
(42.324340446745012 -22.771754915728685 2.5844810598434244e-12)
(43.659868264025235 -23.4685750901576 1.9386205146589684e-12)
(45.058413568848771 -24.19002126772288 1.9666230892789171e-12)
(46.521304454778779 -24.946386959011289 3.1076210195360898e-12)
(48.05446101176252 -25.729920363967423 2.662848586251228e-12)
(49.660411542801327 -26.553169224434029 2.9031796683876292e-12)
(51.345766711207439 -27.407000681713352 3.0808806404436899e-12)
(53.112780042704522 -28.306038935149207 3.216504613781672e-12)
(54.970311314293021 -29.239569145449565 3.1559468427280653e-12)
(56.919704646714095 -30.224619265067062 3.7941303222186055e-12)
(58.972392739751797 -31.248815143651736 3.0195603041588758e-12)
(61.130105270467311 -32.332145115686203 3.6285348442233729e-12)
(63.405573614483615 -33.460986909495901 3.4695694096783942e-12)
(65.800886829252732 -34.6573362221624 2.9390021670547617e-12)
(68.331998121204805 -35.905088252067692 2.8736592436956644e-12)
(71.000898775527844 -37.232682120299735 3.0158731030636754e-12)
(73.827292585073138 -38.618752328707615 2.9083307159305991e-12)
(76.81313789548264 -40.099042313559664 2.8014693006662025e-12)
(79.981636817050756 -41.646776387800124 2.8903746478672422e-12)
(83.337855270714684 -43.303714030828331 2.593551886401876e-12)
(86.906628665660733 -45.04429192670046 2.7892621381684474e-12)
(90.697138048626854 -46.90684226757925 3.5647556759231075e-12)
(94.739396639142043 -48.875011477264117 4.2654254098949357e-12)
(99.044505766073001 -50.984598380220959 3.694365282082151e-12)
(103.64921481363773 -53.220979565064049 3.1870646661840995e-12)
(108.5715841430865 -55.625541086932635 3.0012846073670007e-12)
(113.85358854755044 -58.187494619911725 3.1634470707944132e-12)
(119.51879162173924 -60.945577672865724 3.1530020254478286e-12)
(125.62633477024102 -63.895133103911867 3.2900765894735157e-12)
(132.20704695497693 -67.090921396826573 3.3341853752099453e-12)
(139.3254386539717 -70.517986995276758 2.8067446922472567e-12)
(147.04042200094094 -74.239535430832063 2.0083765696886067e-12)
(155.43346602643373 -78.248631081006479 1.8300505512079876e-12)
(164.56509205538055 -82.635232927907467 8.8237783476066234e-13)
(174.64549386364226 -87.495122670558544 5.8370507879859856e-15)
(186.08950196504958 -92.993677177453591 -1.1355584192328301e-12)
(199.10650764155307 -99.15799211322188 -4.0908262334072503e-13)
(213.76919167455659 -106.00677807622714 -4.4437886799565084e-13)
(230.20554225085428 -113.52872023381211 -8.1715534897317186e-13)
(248.46962873709234 -121.69601725343638 -8.2041065056729899e-13)
(268.63562911999134 -130.33310504077687 -8.1611372477758704e-13)
(290.61442407841861 -139.21216814259077 -5.4433762339821061e-13)
(313.85095341118858 -148.12441699592583 -1.0072598343604402e-12)
(341.74824851726549 -161.69358147824934 2.1374118634508217e-13)
(385.99234627884636 -176.36105342534287 6.1777004731188397e-13)
(435.01473201833846 -186.90229847075202 1.6941851932582467e-13)
(485.65248282987773 -192.94763092916384 4.1285594710810651e-13)
(539.53410382636935 -194.43696288914956 -3.6262493222742097e-13)
(602.61549667205691 -191.52643046674814 -3.583910118329968e-13)
(685.34037735233369 -181.28818015089331 -1.6171515513295524e-12)
(778.11584579195483 -164.78446982428648 -4.1397203384440969e-12)
(883.66265298447877 -111.97054678565524 -3.5481855948405836e-12)
(15.790920507150856 -4.5266584248341344 5.2433560767763976e-12)
(15.808326737076841 -5.0544875499730653 7.310981334243566e-12)
(15.903985470930618 -5.675742333105946 7.6825955984424176e-12)
(16.146939474526761 -6.4099822296537985 7.5951412699932089e-12)
(16.500951354992235 -6.906592480691204 6.1533551680446801e-12)
(16.746914721545945 -7.3491718398542574 8.2347510148450595e-12)
(17.113901050705884 -7.7838652233480117 1.024355629493113e-11)
(17.463631899541603 -8.2526662688757533 9.8411940122081287e-12)
(18.021179414189159 -8.7677814351073842 1.0376427803079241e-11)
(18.488162887167984 -9.0931742974406831 1.1428128305223508e-11)
(18.789960874726869 -9.4523204641069807 8.9370871298384442e-12)
(19.277034757880269 -9.8148052636769858 8.822099603953691e-12)
(19.704793007435377 -10.18648623102408 9.1897850420926749e-12)
(20.226797149507739 -10.566176626581564 8.6993980331995122e-12)
(20.734541934037601 -10.940183783881601 7.7005607267865305e-12)
(21.286362750969744 -11.321079782237918 7.7154691189173608e-12)
(21.836191323754949 -11.689054100679432 7.107410190977389e-12)
(22.398970026821541 -12.057238073840661 6.7147870399349481e-12)
(22.953442009656808 -12.412664532422427 6.6874903796078108e-12)
(23.519802622714561 -12.779533814554805 4.473418884684038e-12)
(24.107888117168503 -13.145204517010963 1.5092660260971026e-12)
(24.711767547143818 -13.523585190711328 -9.6902493508646253e-13)
(25.338583689377423 -13.903468740839644 6.2335963706482492e-13)
(25.984274624573949 -14.297195819333213 4.4472547334568777e-13)
(26.654714107902688 -14.694799919887839 4.3825736629570154e-13)
(27.346903592589793 -15.107726143257048 4.3721331467279794e-13)
(28.066270647271192 -15.526857630653538 1.3301540912772345e-12)
(28.81043893217262 -15.962577640486201 3.7315625002213493e-12)
(29.584453573636754 -16.406611937550839 2.992441789709613e-12)
(30.386531731301627 -16.868826222949217 1.5625776337522733e-12)
(31.221579359744624 -17.341378982685701 3.1889296378520284e-12)
(32.088248090666234 -17.833890372694633 3.1273200504516661e-12)
(32.991442053756629 -18.338432069139905 1.7275621507088372e-12)
(33.930036639639745 -18.865025937190833 1.6554283408903429e-12)
(34.909079177518741 -19.405393109886308 5.2492446866426029e-13)
(35.927747471133429 -19.970244366945423 1.2281282189479086e-13)
(36.991361176386462 -20.550855823671704 7.9425231092094411e-13)
(38.099353734096617 -21.158407508225942 2.3169155994382281e-12)
(39.257348664453012 -21.783714768662048 6.1734346192434192e-13)
(40.464965968617193 -22.438905827879534 1.213931206430521e-12)
(41.72829108430706 -23.114030786226948 7.1661468595947566e-13)
(43.047118743385326 -23.822501419675593 7.0307076041483892e-13)
(44.428159475336493 -24.553293542545003 2.0821867084895955e-12)
(45.871731319557618 -25.321939723387526 3.1656695174988046e-12)
(47.384874524311158 -26.114934951473192 3.6155179685831092e-12)
(48.968374003349467 -26.951240151858581 3.3225810339158082e-12)
(50.63049512812028 -27.814306340072857 3.1613149562310983e-12)
(52.371445004087583 -28.726886156969275 3.1523318902399142e-12)
(54.201924929586824 -29.669751395345433 3.0282580135375704e-12)
(56.121247154067454 -30.669023517909654 2.9593189581974759e-12)
(58.142435816164074 -31.702268953401134 2.5316026622993761e-12)
(60.264992074341045 -32.800578337423659 2.1872588457747112e-12)
(62.503968821114306 -33.937829237956841 1.9284677258457042e-12)
(64.858433769281035 -35.150446608754841 1.9056587051686076e-12)
(67.34749176798698 -36.406828194772189 1.7641700499123865e-12)
(69.968956373635493 -37.750953708108462 2.0925770149309476e-12)
(72.746294406917883 -39.1460457470167 1.5199677238828307e-12)
(75.677325177778556 -40.643579228179732 1.5964356886023991e-12)
(78.789230251937781 -42.200928384993404 9.5558429704081155e-13)
(82.08171191385297 -43.876598087133843 -3.4612523035165917e-13)
(85.585118698433931 -45.626733317334818 -8.2911105533471869e-13)
(89.301987153975318 -47.510928131504109 -3.1309551719267375e-14)
(93.268278625442505 -49.488633175176375 5.1230218397534362e-13)
(97.487857853168819 -51.622128651939448 1.0085399080606527e-12)
(102.00455905367559 -53.870835813307771 8.0273879546833038e-13)
(106.82711266992163 -56.300700761306246 9.7795953215789791e-13)
(112.00562210328323 -58.8779856230584 3.4751501120583505e-13)
(117.55610263411273 -61.665781485725304 1.0294640896614378e-12)
(123.54072948973887 -64.634537053899408 7.6431004883797646e-13)
(129.9857277624829 -67.86378066607017 2.4764979994802095e-13)
(136.96016391152523 -71.316304971247391 9.5679735536095756e-13)
(144.51411102690082 -75.077256801274103 7.6694065487919526e-13)
(152.73454943639064 -79.125125690332041 1.2332439394245623e-12)
(161.67259378140568 -83.556932696992163 1.6765406302476895e-12)
(171.53808513905159 -88.465039389237916 1.5134291374200513e-12)
(182.73616524401115 -94.033651138025434 1.5551825119390767e-12)
(195.47949524468416 -100.2805848858448 1.4887388566922148e-12)
(209.83647741026448 -107.25743176156948 1.1764173304646898e-12)
(225.93191452888968 -114.92082067008455 1.6411015424407611e-12)
(243.81903743603669 -123.3042710157533 1.638378448156767e-12)
(263.58154267360874 -132.18584113063423 1.5943209088123843e-12)
(285.11831944208382 -141.410812481297 2.109104323221176e-12)
(307.89968114939501 -150.75994052584858 1.661728033956794e-12)
(335.47956600588088 -164.78974137992358 2.5454813115770633e-12)
(379.37118278907656 -180.99630683545749 2.0440026506390302e-12)
(428.99894688671833 -193.13952242278705 1.2964564480837956e-12)
(480.84481537421897 -200.35961764125091 8.1808605071718542e-13)
(536.37118815960139 -202.34769500462832 -4.8268484748036917e-13)
(601.24724483650243 -199.13412875972693 -6.2940439828138217e-13)
(686.01628658849165 -188.65527021451865 -6.9002881929895133e-13)
(781.31779389902135 -172.80504259349965 -1.180011074118414e-12)
(893.87466690727229 -112.77885400135959 -9.8118812351370902e-13)
(15.348144928713236 -4.3116628523702838 6.3654568998991721e-12)
(15.349145509511542 -4.9003076045508243 7.0018307920413152e-12)
(15.428361511932756 -5.6028097253212854 5.0979337610264888e-12)
(15.683318163653096 -6.4506290477239645 4.6238689912575871e-12)
(16.077167425959335 -7.0087310882784379 3.771689147330989e-12)
(16.34442755675974 -7.488319805149338 3.3926624153838868e-12)
(16.742122848878314 -7.9540428205349176 2.1863973099776502e-12)
(17.115015623933537 -8.4388309879957166 3.4342299089830566e-12)
(17.698585501411117 -8.9743131963878415 3.30470376390025e-12)
(18.184031836698249 -9.3018215224926593 1.1028941504821195e-13)
(18.492453669190041 -9.6642158763186661 1.7694241636748273e-13)
(18.991932856812412 -10.032109254851632 -2.8834389954022994e-12)
(19.426082074995236 -10.404016105364777 -2.6621266703461439e-12)
(19.954333780022527 -10.789290639538562 -3.235423928986312e-12)
(20.466655506077572 -11.163955220870591 -3.4474446178089461e-12)
(21.020950918978823 -11.549647141530906 -4.5965041803741905e-12)
(21.573113309900087 -11.91907561090578 -7.6923399586619283e-12)
(22.136257047973722 -12.291701817607176 -7.8873770899948783e-12)
(22.691389020534878 -12.648959060843016 -8.823067577332857e-12)
(23.256853105574056 -13.02070491318741 -9.090975738129928e-12)
(23.844687619426352 -13.389336008021985 -1.018512718854285e-11)
(24.447086154811863 -13.773526758616265 -9.8967753215021148e-12)
(25.073063312366045 -14.157443973857953 -7.2497449201491219e-12)
(25.717005735028021 -14.558045226487138 -5.925930837129993e-12)
(26.386296910253193 -14.960684626318001 -5.8650326046563709e-12)
(27.076499785536242 -15.381523138506155 -5.6841548815627275e-12)
(27.794492610713728 -15.806835409996358 -4.9855836657304141e-12)
(28.536554987927602 -16.251504482143478 -5.3173815130006222e-12)
(29.308990142056562 -16.702748164089947 -4.1019441259283658e-12)
(30.10870921121418 -17.17484295102248 -1.871936222200095e-12)
(30.941798943421695 -17.655618889851141 -7.011159960054326e-13)
(31.805711698424563 -18.158873883268363 -1.9564125897691156e-12)
(32.706411138543679 -18.672516147821753 -5.641341026670814e-13)
(33.64162713680674 -19.210541228153865 -2.225681997612641e-12)
(34.617322905843139 -19.760649054827084 -1.5442642887303344e-12)
(35.631580241030655 -20.337562758303559 -1.0414209603032983e-12)
(36.69060167154305 -20.928397098193972 -6.5061133228439264e-13)
(37.792760169365302 -21.54848551254647 -2.3238310073182057e-13)
(38.944459051261155 -22.184328115424233 -3.9739995528247104e-13)
(40.144302291427117 -22.852194687029481 6.3645877978152247e-13)
(41.399147896880443 -23.537907069284181 1.8288799120827311e-12)
(42.707634980537605 -24.25900681816357 9.9716574669444294e-13)
(44.077381081315096 -25.000316388920304 2.0989409712468559e-12)
(45.507495537306113 -25.781484986237011 7.7189899450721084e-13)
(47.005885606805421 -26.584344701769957 5.5832311351424356e-13)
(48.572075755649365 -27.433360625173368 -1.1870570114925851e-13)
(50.215614452958761 -28.305395903967835 8.2483792392859508e-13)
(51.934578204279248 -29.230517589368699 6.3988021477622315e-13)
(53.741841779228906 -30.181470867831532 1.3620030445117365e-13)
(55.634030505960837 -31.193078300104283 1.1696861677771415e-12)
(57.626826138003977 -32.233684374913111 1.9216981629674656e-12)
(59.716362790995383 -33.344205229035424 1.7739307044083231e-12)
(61.920891300971178 -34.487586823104657 1.617377481810665e-12)
(64.235747799174362 -35.712526633250675 1.236241611138915e-12)
(66.683862741542356 -36.974283181207852 5.3550116248575704e-13)
(69.258347752673799 -38.330807961590516 -2.8602972345599407e-13)
(71.987314712806892 -39.730608903758217 6.8186537720787577e-13)
(74.863055299213272 -41.24066986055081 1.5510821907028487e-12)
(77.918400562428559 -42.802314019710764 1.0883025687286736e-12)
(81.146235890324775 -44.491289456307619 7.7556403223030564e-13)
(84.583877108250022 -46.245031482179805 5.96144439541439e-13)
(88.225634208814668 -48.144149369930595 1.9583131497160934e-12)
(92.115428570531648 -50.125294874668896 2.5691122360222651e-12)
(96.24804504833395 -52.27501320672544 3.0496512740722527e-12)
(100.67592232544402 -54.528127119628998 3.0212679914201258e-12)
(105.39773978189912 -56.976657500333317 2.3553778602517223e-12)
(110.47289939156626 -59.558616300103289 1.6967517085727197e-12)
(115.90637169030369 -62.368413757601452 1.8992889020124099e-12)
(121.76994853855025 -65.345590176043785 2.1192123757437153e-12)
(128.0779263754786 -68.598186950059628 3.0425142544704097e-12)
(134.91009152156704 -72.06340873149756 2.9467093908485399e-12)
(142.30266291032046 -75.852645855163246 2.9376444750116699e-12)
(150.35122423611134 -79.919403197839245 1.9819564202438942e-12)
(159.09696882143967 -84.385819921576498 9.9361983758678537e-13)
(168.75362572028476 -89.317645894339904 9.7493219166787999e-13)
(179.69944184028645 -94.935718859097122 5.3802319369296239e-13)
(192.16061294807162 -101.21830279893095 1.049259040716158e-12)
(206.19118557808167 -108.28601528589222 3.6836858421334901e-13)
(221.92489682257809 -116.02904902627249 3.2163727918452862e-13)
(239.39698198342325 -124.57174575723157 7.7477310623161726e-13)
(258.72435647606812 -133.62070082054612 9.0571752380749908e-13)
(279.76755531285454 -143.16887231001223 1.2223709995850095e-12)
(302.06494833577216 -152.85678162179971 7.7710149508471806e-13)
(329.24927967746356 -167.23765868489912 1.8143418036654103e-12)
(372.58735937942794 -184.92997060161397 1.3294843531664048e-12)
(422.72919679714551 -198.89377178610545 1.2760024193542322e-12)
(475.8090153213962 -207.42477409496789 1.1912781573891268e-12)
(533.07821957447629 -209.95972040451844 1.0584734020419127e-12)
(599.79121025096106 -206.32937298556749 8.7914130285331628e-13)
(686.42171399998779 -195.60203236848653 1.4688520486932504e-13)
(783.92483065562419 -180.89842832270946 -1.5311096207815357e-12)
(904.55227774846298 -113.01680459925807 -1.6988523003109356e-12)
(14.987804909813203 -4.1031926149535467 6.5658855213888092e-12)
(14.973224736712481 -4.7784373692360926 8.0251510960580427e-12)
(15.024464454519023 -5.5680341805293478 8.7331530225230839e-12)
(15.289599788963896 -6.5607835270701944 4.8129850254971113e-12)
(15.728751940408497 -7.192987511061089 3.5895443860953041e-12)
(16.023438290083664 -7.7107270965619268 3.8755379605693971e-12)
(16.455172393707961 -8.2030393901153502 5.5149548578875424e-12)
(16.853432168741527 -8.6928296808532721 4.2786739186673401e-12)
(17.462876436815542 -9.2357296264673217 3.3369250987821914e-12)
(17.970588986618601 -9.5632444500070299 2.1918132150792238e-12)
(18.288331291944822 -9.9237055404141916 2.4291505901065038e-12)
(18.80353351362092 -10.296978172911146 5.4972938839638377e-12)
(19.248536956746431 -10.666200825283955 5.3508343095778958e-12)
(19.787482140062107 -11.057741843565886 6.2622676425280541e-12)
(20.310521418470159 -11.433117231510318 5.3175898340054374e-12)
(20.873910471244578 -11.825771013544033 5.5464720317278334e-12)
(21.436393560041772 -12.199006596943965 3.6477589124686964e-12)
(22.008647506159861 -12.57980720688257 5.5108252062184202e-12)
(22.574083700439441 -12.942757610794169 5.3428311527589135e-12)
(23.149114279093688 -13.324021024523557 5.539039575864991e-12)
(23.74785494514154 -13.700609546187 6.5983727348063056e-12)
(24.360773193023928 -14.095930994629489 6.8659043160896966e-12)
(24.998433410628746 -14.489929589532698 6.6484884521237377e-12)
(25.653758415526003 -14.903328568088192 6.860266730081019e-12)
(26.335532089514189 -15.317653369014241 7.8317206826982009e-12)
(27.037723843209193 -15.752765707957579 6.3996391222806513e-12)
(27.768649494574159 -16.191235074190526 5.3669004694859696e-12)
(28.523003523116618 -16.651465648516083 4.1794342713275218e-12)
(29.308429017218987 -17.116866994947177 4.3779767983406681e-12)
(30.120255822966232 -17.605430504351403 3.6133114941368155e-12)
(30.965839866247716 -18.101056740357286 3.5137531618729731e-12)
(31.841063693643818 -18.621488967636669 3.6290118176455807e-12)
(32.753161829810395 -19.150155724334915 2.9796793319319138e-12)
(33.698214522287437 -19.705605873142297 1.9454303586618863e-12)
(34.683504120679338 -20.270365745112077 2.2955829502369471e-12)
(35.705273870353025 -20.864638881171583 2.4238840753331828e-12)
(36.771352962544469 -21.469440297627315 3.5104854532048068e-12)
(37.877956972534676 -22.106526415016734 3.3746615681294239e-12)
(39.033559517648797 -22.755088078744802 3.1632842301993401e-12)
(40.234076198835353 -23.439497612110451 3.2547417034830456e-12)
(41.488806745112207 -24.136068757762192 2.7810162522173768e-12)
(42.793520579175841 -24.872965905446552 2.2668622416549153e-12)
(44.158372651898851 -25.623079908343264 1.8406229871488905e-12)
(45.579513933386359 -26.419442769623178 2.0541384701330707e-12)
(47.067733578127616 -27.228383585997431 1.6409917701599353e-12)
(48.618872743824525 -28.092216870258895 2.4258147804644299e-12)
(50.246436880854979 -28.967263011976733 3.3349719730869617e-12)
(51.943892119650073 -29.90648858248403 3.8819418724815761e-12)
(53.72863464469733 -30.857945642899914 2.7477285820180471e-12)
(55.592213910951962 -31.882589072828186 2.7099124206733315e-12)
(57.555404558825067 -32.921105357420977 3.0196310675816136e-12)
(59.608635125985174 -34.044056613106157 4.7275580850492931e-12)
(61.77615447167576 -35.182372819933498 5.3243067412257298e-12)
(64.046352045384481 -36.419699833291752 4.6094209918277126e-12)
(66.449372183551716 -37.673753888576293 4.2489780944786401e-12)
(68.970341690533388 -39.04212986022381 3.9074056249045682e-12)
(71.645618997935699 -40.432124632963948 2.9646640675645388e-12)
(74.458346358104521 -41.954029196326218 3.2775943968774454e-12)
(77.450773896225456 -43.5039007046649 3.0714460225531831e-12)
(80.605198708058509 -45.205180145150251 3.3180630495015036e-12)
(83.969922221403337 -46.945239139559554 3.1061196484633709e-12)
(87.527074258141241 -48.85792475064487 3.7547837907157875e-12)
(91.332850161438145 -50.823927019530181 3.4872020020390877e-12)
(95.368588943166216 -52.988386734296746 3.7006432970641936e-12)
(99.699928174471637 -55.226390014193015 3.6811085867056678e-12)
(104.31095490823435 -57.691160184056443 3.0339780692366761e-12)
(109.27523145597721 -60.258282729169814 3.0365905233063929e-12)
(114.58238821164842 -63.086792768686614 3.0580512165867337e-12)
(120.31808499223476 -66.051845856534698 2.8538434069178902e-12)
(126.48104905147052 -69.325397623410652 2.3413261706134546e-12)
(133.16575301543918 -72.780748223367198 1.9432363913947537e-12)
(140.39020184884117 -76.597496990477254 2.2138022789087372e-12)
(148.26653604346365 -80.657492190740555 2.1958841543195146e-12)
(156.81715417923624 -85.157010847296149 2.3997259663649077e-12)
(166.26550132991085 -90.085438346669392 1.7276300916501021e-12)
(176.96199976730193 -95.750625358415121 2.1393456448670079e-12)
(189.14948495690169 -102.03617469973999 1.7606591826479017e-12)
(202.85185504479321 -109.17648845896005 1.6995529035098114e-12)
(218.22168827056333 -116.945369575252 1.8251350935550554e-12)
(235.25587106477656 -125.60511275577424 1.490802569791057e-12)
(254.098979172356 -134.71765177558134 1.1569582764685139e-12)
(274.57509389255318 -144.52272642881977 1.3179900711342404e-12)
(296.36670138632417 -154.40677567826356 7.320513475367279e-13)
(323.01560735362426 -169.10699647893347 2.2697363644324214e-12)
(365.50865952959913 -187.94353332132829 2.2734849653625249e-12)
(415.93482566614978 -203.82931012143982 1.9258492463818347e-12)
(470.31520720962715 -213.91090680629202 1.8147528199723358e-12)
(529.47391605969619 -217.22413572144274 1.6867245951526177e-12)
(598.06667743227365 -213.00944994127278 1.5578547530885652e-12)
(686.43796156943347 -202.14220621739335 -3.5637959803958055e-13)
(785.66964053922709 -188.86734409428377 -3.0336549166186047e-12)
(915.4331426700578 -112.47917883503327 -2.8673277554009748e-12)
(14.758629805890624 -3.8650508196784732 5.3702617956712435e-12)
(14.74863096658467 -4.6305896373418962 6.3411786999281891e-12)
(14.795075820488405 -5.5366816202625539 4.2904307800259675e-12)
(15.091995205228208 -6.7185983380893264 4.3735729491385088e-12)
(15.610068508844718 -7.4742191610416047 2.0917661605592819e-12)
(15.954515859428987 -8.0481470352832858 4.2380540500935958e-12)
(16.438968542460962 -8.5835498549273854 3.4183937925941281e-12)
(16.883025542403391 -9.0811195262128575 4.0307194234134648e-12)
(17.527780464281424 -9.6393734026596665 4.1509229862551327e-12)
(18.067911823674283 -9.9676423907204796 3.9582906346099934e-12)
(18.405856641030212 -10.331681711493745 3.9853911455169825e-12)
(18.94595325745739 -10.716216749239186 5.0089854388075078e-12)
(19.414288061895547 -11.089743997118644 3.7491222613158952e-12)
(19.974176975655809 -11.494685438715889 4.4671198876279282e-12)
(20.520934503067185 -11.879258629588415 2.353717745633096e-12)
(21.105636161592511 -12.287263494220337 3.6935076664042512e-12)
(21.692233168440968 -12.673288870511415 5.7651180161397139e-12)
(22.287431837408622 -13.071731602303107 5.2092556838317992e-12)
(22.878362300292512 -13.449553889510879 5.1774379275442188e-12)
(23.478040278696263 -13.850762254318072 3.952777101183115e-12)
(24.103830157042545 -14.244448843904827 3.876070297623453e-12)
(24.742942056480452 -14.661767179047899 3.8598024773239954e-12)
(25.408639861113684 -15.074349861410186 2.2884637409079121e-12)
(26.091273917961686 -15.511325954311106 2.2701299421536286e-12)
(26.801605961639723 -15.945021533585003 2.0501455753068238e-12)
(27.531240815515062 -16.4043906713848 2.3583843770817062e-12)
(28.290302930612352 -16.862762167298129 2.4580288307305444e-12)
(29.071410380299454 -17.347342360451467 2.5740095230910929e-12)
(29.88370860754932 -17.832422595059924 2.6458605484693634e-12)
(30.72050742356571 -18.344652989869594 8.5755783328937704e-13)
(31.590567252351772 -18.85915345801725 8.5762348738455724e-13)
(32.487991604400811 -19.402261382197391 7.0374026682907815e-13)
(33.421233456845734 -19.948415613795987 7.0404484978889069e-13)
(34.384745221791846 -20.524803922461448 7.5206313959443032e-13)
(35.386891651637541 -21.105025817066931 1.3432828195820794e-12)
(36.422316552031695 -21.718130954807361 1.5282654787581886e-12)
(37.499980867142362 -22.336067724804462 9.1072071283213724e-13)
(38.614769905586378 -22.989472480500559 9.2361026339681009e-13)
(39.775640274925081 -23.648732464786409 8.0667614070021623e-13)
(40.978077780271569 -24.34610027649191 8.2344729806586972e-13)
(42.231488118357362 -25.05095543262394 7.2242449261895969e-13)
(43.530801485148316 -25.797467602868952 1.069983895314758e-12)
(44.886792684210057 -26.552772043817178 -3.1032744821877585e-13)
(46.294802037924363 -27.355814870945693 -4.2548673136667091e-13)
(47.766271185427037 -28.166460936558554 3.7197017943672461e-13)
(49.296130881258435 -29.034034699587409 1.055070891675799e-12)
(50.899031108472272 -29.907938872302545 1.1952272488496476e-13)
(52.565735127033449 -30.847588121019264 2.3578714887254578e-13)
(54.317510566270656 -31.794496673360047 -2.9233019390068141e-13)
(56.141255825241245 -32.817258603362653 -1.2064115133634168e-12)
(58.062595383975534 -33.847875670647525 -1.4139414185982295e-12)
(60.066411135560536 -34.966892339468892 -1.7122889539047711e-12)
(62.182644833322051 -36.093828011322344 -2.9236705701669938e-12)
(64.393479121066861 -37.325078968031448 -1.9356316512373455e-12)
(66.736539732226376 -38.565398791908933 -1.7936809908117059e-12)
(69.18758140264103 -39.926096411443268 -2.4660598315167619e-12)
(71.792871499776055 -41.29956578852142 -2.6108274105290918e-12)
(74.524706203308185 -42.812463407407456 -2.6435716683539026e-12)
(77.437102978374682 -44.343640883153839 -8.4533357630211864e-13)
(80.499147020529989 -46.034991812641962 -1.3259869240600461e-12)
(83.773160845146506 -47.754534314475066 -3.5536768389189104e-13)
(87.225721495374543 -49.656887742659706 3.4162582091525528e-14)
(90.929069820703717 -51.601298417451339 -1.2349089841983949e-13)
(94.846461377173284 -53.754667933646097 -1.5374928442902479e-12)
(99.062588638320477 -55.970897439349599 -1.9895455017123575e-12)
(103.54060988364441 -58.424819773168615 -2.2110499011101155e-12)
(108.37476091634721 -60.970335598931392 -1.2289734078046536e-12)
(113.53216799636047 -63.788416044538927 -4.7168424221918181e-13)
(119.12062553620679 -66.734245068061171 2.039626272474712e-13)
(125.11450463343756 -69.998270102088711 -1.8582022884617491e-13)
(131.63182505638142 -73.436894673589947 -4.7758709657879727e-13)
(138.66456318988239 -77.248090397270246 -6.0552049414659151e-13)
(146.35010376651397 -81.295094302206635 2.6795107323290881e-13)
(154.68113201970519 -85.793338127100114 9.2907256931754553e-13)
(163.90786950061926 -90.71157039225136 1.0472495760963984e-12)
(174.3346275124305 -96.383499279422864 1.3614487719825957e-12)
(186.23699153873781 -102.67017885461006 1.3764257717850812e-12)
(199.59588477577211 -109.83843748414766 1.4246227856738373e-12)
(214.60160766663975 -117.62772426925922 2.0230098530754731e-12)
(231.18898089768686 -126.35844331542786 1.5756769248041943e-12)
(249.56012171609564 -135.5208931204146 1.5694813875003785e-12)
(269.45562836077391 -145.49580361577603 1.8650240104985246e-12)
(290.73726566647196 -155.48885095140383 1.258782067278766e-12)
(316.69654486601263 -170.55081871149761 3.5365780393126479e-12)
(358.13309529941444 -190.20010599189749 3.5746178472114041e-12)
(408.38731760354699 -207.6196278443837 2.7961942812974262e-12)
(463.80974234504106 -219.23690474650729 2.5648475813925917e-12)
(524.83444557112591 -223.5967473601988 1.9422764099826208e-12)
(595.5026339080224 -218.80838774053163 1.6689433707591911e-12)
(685.45480655480742 -208.27608453539293 4.3446080450182319e-14)
(785.96894088390297 -196.52992439509813 -1.9867449470469164e-12)
(925.38930861893857 -110.48435180043435 -2.0636286658535269e-12)
(14.942218372127691 -3.7143560219657186 6.1763770138578867e-12)
(14.940992032179794 -4.6971787336044502 4.8737550984683964e-12)
(14.963243230749066 -5.7117878739181442 2.6284554700862944e-12)
(15.291345682487712 -7.1430688322550289 2.2752028778277164e-12)
(15.877748354147837 -8.0584646194056653 4.578318227641781e-12)
(16.267672375450875 -8.6941240641023274 3.0341336698113257e-12)
(16.78996045501507 -9.2603883698220137 2.3543239422303534e-12)
(17.268296884885903 -9.7360193487678632 1.7165193242009048e-12)
(17.95155963596989 -10.277595512602806 -2.1912083580096167e-12)
(18.547191603998737 -10.620353182991959 -2.375190191846287e-12)
(18.930084730952917 -10.992360178248731 -2.3204114193901102e-12)
(19.521427366088052 -11.402736979406091 -8.2249929519666334e-13)
(20.044064189938069 -11.79179106220878 1.0235089591974963e-12)
(20.656682297985348 -12.22676303827928 1.5004978730136137e-12)
(21.261120999050714 -12.636738171459021 7.6236579400018609e-13)
(21.901997989566233 -13.078582112709546 2.2555955715690859e-12)
(22.547472793333352 -13.495202366387451 3.7813377189504772e-12)
(23.200314252815261 -13.93029006995279 2.5460672201867401e-12)
(23.849946383227142 -14.340468241454353 2.3768474851669448e-12)
(24.50739808105773 -14.778807083565932 2.5042603036715472e-12)
(25.19084905307168 -15.205617584442901 2.0828507712041798e-12)
(25.886508735140144 -15.659195500588998 1.9685554796830379e-12)
(26.607500101340435 -16.104870676713912 7.8369289858189812e-13)
(27.343325617530827 -16.576638157754257 5.579928319499353e-13)
(28.105185714159358 -17.041553680476685 1.0381754486141616e-12)
(28.883218691186517 -17.533143998380591 2.4249015407996206e-12)
(29.688533592636141 -18.020035624821013 2.4433634103287528e-12)
(30.511968403324143 -18.534042665844684 2.4583876596072919e-12)
(31.364056289651636 -19.043658920463319 3.954025482156629e-12)
(32.235955334269491 -19.581892628800038 2.1826533617905897e-12)
(33.138144182985279 -20.11628144034723 2.1511084997057612e-12)
(34.062422657330664 -20.681801021237177 9.0168707596948061e-13)
(35.019558787588871 -21.24264171241542 7.4712192508875253e-13)
(36.000898849705351 -21.837743333184644 2.0578680346515947e-13)
(37.017880918392223 -22.426650407389619 -2.3037515257030189e-13)
(38.06144036182134 -23.054587611897048 1.0142655952015563e-12)
(39.144515878265437 -23.67528553704733 1.1579821897208432e-12)
(40.257160015209671 -24.339694012007325 1.2768780794192924e-12)
(41.41362113622791 -24.996207672952767 7.5544495564142528e-13)
(42.603727278619452 -25.699767979477965 -1.2292320134443906e-13)
(43.842207631805074 -26.396653026702893 -3.5978249920722537e-13)
(45.119330096600798 -27.144944442079197 -1.0380609389568667e-13)
(46.449663886999851 -27.887818765885385 7.4064062478324861e-13)
(47.825283517122891 -28.687714263561116 -1.1087400204503432e-12)
(49.260455926409598 -29.481897258610282 -2.0184567489342218e-12)
(50.747285870141873 -30.340813737506423 -1.8572742945391211e-12)
(52.303295173134295 -31.195168388756056 -1.6966937735429547e-12)
(53.916997915503622 -32.121851500532863 -1.1434212445163759e-12)
(55.610959429287057 -33.045258799294849 -1.5436834185432633e-12)
(57.370918884335659 -34.051055415644313 -2.4035529155897565e-12)
(59.223941256205862 -35.05454067433363 -2.0775941160119889e-12)
(61.153582475204132 -36.153120974285294 -2.8464070343794435e-12)
(63.191168320675196 -37.250334231164821 -2.6222483053376619e-12)
(65.31693588202738 -38.457058814410964 -2.8280698086988086e-12)
(67.570044177410779 -39.665299583903185 -3.6413047305019298e-12)
(69.925041290202074 -40.998238684546116 -3.9270790339978882e-12)
(72.429502313435776 -42.33754538218917 -2.298682865665987e-12)
(75.054105654680654 -43.819315245447768 -1.2988071401123753e-12)
(77.854400908498832 -45.31504459763881 -2.0774983083992099e-12)
(80.797413792451124 -46.972005715754598 -1.9767613746210254e-12)
(83.947192325587579 -48.655347329796186 -9.0194197782709141e-13)
(87.268126868473786 -50.519998285417181 -2.3207270484551262e-12)
(90.834123638712114 -52.428346261102412 -2.9296018364268424e-12)
(94.606300495354631 -54.540603493464062 -4.4749126275388587e-12)
(98.670426911221327 -56.720891242026418 -4.9880645194245113e-12)
(102.98782543676343 -59.130842903691764 -5.4496044040390832e-12)
(107.65360137459632 -61.641176147710546 -4.8430893960808944e-12)
(112.63306825609834 -64.412500736540622 -4.2438194760363386e-12)
(118.03387101836344 -67.325011060831514 -5.1807237569752719e-12)
(123.82952096629103 -70.539937475566589 -5.0070709236797952e-12)
(130.13704499177899 -73.947822887772588 -4.9957184269809699e-12)
(136.94767769834274 -77.709246692903051 -4.9804793460733985e-12)
(144.3966820209823 -81.730064342730884 -4.4068555992172892e-12)
(152.47864849945873 -86.1786977156533 -3.7653829782611781e-12)
(161.43478760855217 -91.069775825411 -3.3219228962341319e-12)
(171.55809895680926 -96.68932379632939 -3.5366465623262815e-12)
(183.11706139172392 -102.95372984995774 -3.30049630998276e-12)
(196.09300687080164 -110.08191099237058 -3.2033183253645653e-12)
(210.66704079710365 -117.86316721396661 -3.5647385858769856e-12)
(226.76515698484184 -126.58776306191238 -3.7845182246932003e-12)
(244.59467306816774 -135.7764420509956 -3.3942219296289503e-12)
(263.87710517539716 -145.83087340700823 -3.1275168844784807e-12)
(284.57660418960381 -155.89231757851937 -4.0587696693098681e-12)
(309.77809178163619 -171.28688717763384 -2.2240505731254681e-12)
(350.13038094804585 -191.8168764472276 -1.9494680595950902e-12)
(400.04084381368165 -210.57733001200421 -1.2865602211401118e-12)
(456.05561642003499 -223.33700906032456 -8.6283419335008409e-13)
(518.46627581280154 -228.50892688262232 -1.047185098455295e-12)
(590.82250147838249 -223.12152304863662 -1.1739140571604037e-12)
(681.53674026886438 -213.15589360665507 -1.448521018956329e-12)
(783.10898387838961 -203.15231024102175 -2.3078874992222135e-12)
(933.24973974130808 -106.90170116084097 -2.5698326314436971e-12)
(15.773263098826208 -3.5986933672829937 -1.4546511228155145e-12)
(15.855260630615046 -4.834111404293993 -9.3281748810613964e-13)
(16.054531026918873 -6.0920746642160486 -7.6202809881357435e-13)
(16.51521162665049 -7.8920938165215784 -8.7858469972104683e-13)
(17.249504347151237 -9.106818962842496 5.486857919802544e-13)
(17.752991412993847 -9.8926164336720159 -7.0397805959705668e-13)
(18.358037931273348 -10.561208254137602 -5.5672487646934051e-13)
(18.947131315476909 -11.085890243432335 -2.7509752493448977e-12)
(19.72810955696044 -11.681351302991624 -1.3887692261876414e-12)
(20.404995603851631 -12.054677212579533 -2.1561430797439554e-12)
(20.872077738539527 -12.465243003289128 -5.6484228334271742e-13)
(21.538498405828996 -12.919090813171669 -6.9264097120024824e-13)
(22.145971630837817 -13.347922966629023 -7.3855195500526134e-13)
(22.831746665010495 -13.827790649290735 -9.0226363913902356e-13)
(23.514037776610742 -14.278426419143985 -6.528738279547662e-13)
(24.224725422932551 -14.76436242079382 -2.107324691614214e-12)
(24.939521452815782 -15.218362423350001 -2.0976291117791962e-12)
(25.655613427513607 -15.69534248747763 -3.2406679304614722e-13)
(26.367908950543146 -16.13835900762421 -5.5260584444555815e-13)
(27.082139914238283 -16.614845038497759 -5.4336558456662571e-13)
(27.82088114160058 -17.068367487350272 7.9235552546037227e-13)
(28.564403689808 -17.556124410555952 9.0872278068038667e-13)
(29.331152818977596 -18.020901024146763 6.0125957044900066e-13)
(30.105781821365049 -18.522481189066632 8.3286023666780964e-13)
(30.903589556370367 -18.999444072336814 -5.9949364480038305e-13)
(31.71015385614206 -19.515172076516393 -8.1795325864370007e-13)
(32.540543691087123 -20.007239736822587 -4.0309729576598655e-13)
(33.381902022108243 -20.539624142356217 1.0986996356976695e-12)
(34.24818922853526 -21.047543526729378 5.2735050999070002e-13)
(35.12682497034023 -21.598072072628483 -4.2821977118401014e-13)
(36.032059777796668 -22.123880604636167 -7.7957415062323026e-13)
(36.951707840428476 -22.696181792176727 -1.1308877392798582e-12)
(37.900378867880086 -23.241767451717489 2.5938978697501778e-13)
(38.865803097399038 -23.83777380788953 5.8050090068657739e-13)
(39.863339047665455 -24.405102964105957 1.8914807712657872e-12)
(40.879301602081554 -25.028607706983049 1.6699972788706592e-12)
(41.931493099726822 -25.621522577499434 1.0357108028895587e-12)
(43.004985915718009 -26.276187887058548 1.3245441608682611e-12)
(44.120180412726327 -26.899120682566821 1.4893908570773699e-12)
(45.259618408727384 -27.588704299775969 1.5452315831565259e-13)
(46.44600462347951 -28.245868975491106 -1.2384625989273378e-12)
(47.660748415060617 -28.975559530552136 -1.6553110680142909e-12)
(48.928712559692627 -29.67340961221737 -1.9892512526161293e-12)
(50.231244202278631 -30.450922141882177 -1.8090317096275982e-12)
(51.593355036484979 -31.195948118566751 -3.448802642091211e-12)
(52.996112973074354 -32.027533547933878 -3.8861385130516735e-12)
(54.468635900650433 -32.828380308805244 -4.3575540863685467e-12)
(55.987887673586904 -33.723989164233537 -4.2213845767422691e-12)
(57.588387307632111 -34.590679773962123 -3.1978602163159324e-12)
(59.243565614292599 -35.561900622814399 -3.4521740827935472e-12)
(60.992693484786152 -36.505185380187548 -2.363798908964455e-12)
(62.806704649522608 -37.565272267624223 -1.9440750130008258e-12)
(64.729915000466619 -38.599656519712525 -9.05112782540007e-13)
(66.729604917743401 -39.764115482962936 -2.5368707368795112e-13)
(68.858282289929988 -40.907871888683303 -1.671070228999243e-12)
(71.076591805591022 -42.195079138235187 -1.0677023125729942e-12)
(73.445615742412357 -43.468345128285428 -2.515186985297047e-12)
(75.922031924451744 -44.900245446383558 -2.9832780635297052e-12)
(78.575127725205206 -46.328793992178916 -2.4479250210106412e-12)
(81.357936634674246 -47.931588115364555 -2.2759207552308275e-12)
(84.348022031185764 -49.547260606897801 -2.5056768929876585e-12)
(87.496162011768789 -51.353262538881829 -2.448691793313313e-12)
(90.888580090158285 -53.194265309358904 -2.0367562077544856e-12)
(94.473914878220754 -55.24279180658602 -2.0367717657498378e-12)
(98.348585741139047 -57.356251097091793 -2.068049817744591e-12)
(102.46304522691041 -59.69698895228796 -2.5847276194256818e-12)
(106.9207098646647 -62.141052082505183 -2.8421111937636182e-12)
(111.67840231796798 -64.837164875648341 -2.8442067246266844e-12)
(116.84914454058472 -67.684534176104066 -3.0889738576122367e-12)
(122.40049560175264 -70.818094985530294 -2.8659451296953287e-12)
(128.45179277258129 -74.161788493034962 -2.944628726313908e-12)
(134.99113992040472 -77.836749830705486 -2.3686908857080729e-12)
(142.1535709001628 -81.795405923785836 -2.7095966048094197e-12)
(149.93412739699312 -86.154051520797921 -2.8060312918815364e-12)
(158.56572521633009 -90.977049191845268 -2.8235695444629253e-12)
(168.32657853659637 -96.492957327843385 -2.3237366756929367e-12)
(179.47522600300027 -102.6821139745085 -1.9579594026719274e-12)
(191.99546496799337 -109.70753434764804 -2.9278132378466441e-12)
(206.05947437091976 -117.41431649654992 -3.2113964027248781e-12)
(221.58070573131826 -126.05353706190714 -2.9657450767745285e-12)
(238.77136026895229 -135.18946025730665 -2.8295222348243974e-12)
(257.33980698048305 -145.2298762035426 -2.4430767039820909e-12)
(277.33281618215784 -155.29366374783154 -2.6780956706144059e-12)
(301.63383262078059 -170.82629894643199 -1.6556125401899093e-12)
(340.6614948417685 -192.29386350270315 -1.7124377181359099e-12)
(390.04644484498624 -212.4828480286906 -1.6086815854947279e-12)
(446.60411778743378 -226.38250826246471 -1.6349803148397655e-12)
(510.06446701157495 -232.19994687092489 -1.8667059712735287e-12)
(583.31812258703587 -225.86445063835725 -2.0229657154737803e-12)
(673.59417983788171 -215.83502608141549 -2.4360039849300068e-12)
(775.23739866077563 -207.21401254342453 -3.1892011519017359e-12)
(936.68465912062197 -101.95178678953395 -3.6882989008277769e-12)
(19.00862891697178 -3.8574307082026209 -3.1163608964145004e-12)
(19.109117075742699 -6.1500119700717395 -2.3337771653986361e-12)
(19.390512116013682 -7.6022403006717099 -4.7801129839829706e-13)
(19.950883882815596 -9.8433816236683978 -2.5996863665656605e-13)
(20.715509834396403 -11.493517443467868 8.5155646465681169e-13)
(21.25806414955882 -12.490276781116247 9.0164333132867716e-13)
(21.881103020839987 -13.271826241591249 -6.964586264054817e-13)
(22.537282253362026 -13.79302645010284 -7.1017421346386433e-13)
(23.428170400637345 -14.310621117157782 7.3549454903092321e-13)
(24.217547548458839 -14.721157127831601 1.9144284575445236e-12)
(24.801199650687234 -15.163104728604964 2.1723168540694131e-12)
(25.563459847227048 -15.665245496978489 1.9002205420071764e-12)
(26.271872787297859 -16.125311347148024 5.4146149721829556e-13)
(27.038322645347673 -16.646347415788345 2.0898174625692847e-12)
(27.799309495105252 -17.122610908932277 2.0649543867611299e-12)
(28.572609960605959 -17.641248340576492 2.0578439808736491e-12)
(29.344448288155792 -18.11266478263807 2.7605796565338521e-12)
(30.105159830566556 -18.61479186098228 3.3186534423022647e-12)
(30.857399514938091 -19.069017391430595 3.313022953039453e-12)
(31.601774569335461 -19.560259443524576 3.2925159156418645e-12)
(32.364272755921462 -20.01483128502106 3.3161695085102976e-12)
(33.121999201363266 -20.509191787180264 3.2794135963301729e-12)
(33.897558079363172 -20.966015834777849 1.978943710348154e-12)
(34.669832368595053 -21.466353625027807 1.9907943177401277e-12)
(35.462069328099979 -21.926494025949818 1.9760682643356094e-12)
(36.25094711076656 -22.433811153333295 2.0775989610157708e-12)
(37.061975306739242 -22.900177432708421 1.3576849493728056e-12)
(37.871478289808671 -23.418042913792693 6.4109735949518641e-13)
(38.705057685465107 -23.892493679676523 -3.6248690632170668e-14)
(39.538157606113977 -24.422401939055611 -4.6653465632765874e-13)
(40.397466595939747 -24.906845164044491 -1.1307086833753772e-12)
(41.258622538488211 -25.452587147405236 -1.1167812081625285e-12)
(42.149545559579359 -25.950638229345305 -1.597334144125709e-12)
(43.044199962886502 -26.514464755749362 -2.1215185929392901e-12)
(43.972020132545637 -27.027879401759886 -2.8463202306044318e-12)
(44.905583620067446 -27.614162219538706 -2.7826079042186676e-12)
(45.877311261006817 -28.14784164195385 -2.5131455481628168e-12)
(46.85728769770494 -28.760763412873953 -3.1051992183983262e-12)
(47.881167633368541 -29.31863737400186 -2.8078007096883531e-12)
(48.916725104362158 -29.963189723276621 -3.3411843870226467e-12)
(50.002024799298731 -30.550379387241392 -3.8252474456484187e-12)
(51.102739343446231 -31.231950961989497 -3.187808808484909e-12)
(52.25923089682658 -31.854525141903451 -3.1976753790643616e-12)
(53.437585395054079 -32.580274106833997 -2.4994231868160259e-12)
(54.679596938140101 -33.246950389656256 -1.8326565677113506e-12)
(55.948933997011821 -34.023977802451213 -2.0314504859637516e-12)
(57.291597025367921 -34.742647843202647 -2.4128830621586473e-12)
(58.667361808807392 -35.580266233017348 -2.6255188761731037e-12)
(60.128279089085744 -36.361087663484675 -2.1577956110995883e-12)
(61.630653064401329 -37.271554452546091 -1.500773367721158e-12)
(63.230944495580339 -38.126784773592831 -1.2608499453292231e-12)
(64.882568880600616 -39.122525067432434 -2.6047288214974895e-13)
(66.646962340788647 -40.067179927224686 -5.1674694933315424e-13)
(68.473901897088467 -41.162544415818239 -3.9089796697536323e-13)
(70.43285033811047 -42.214875691564394 4.1168311870317135e-13)
(72.468010179652339 -43.428605875095485 4.1807890581120818e-14)
(74.656316768617302 -44.609749874035366 -3.4325920794611869e-13)
(76.93867148193327 -45.963076054903865 2.0794881064780489e-13)
(79.398895227233695 -47.299192213502771 -5.5836460405135261e-13)
(81.975495146773341 -48.817214204578107 -8.0393259776687061e-13)
(84.758762472120452 -50.340337204461676 -1.6475486112107265e-12)
(87.687050676012547 -52.054196611685001 -2.2061783756496963e-12)
(90.857133865628882 -53.802726355453281 -2.199106551979259e-12)
(94.20730049851781 -55.75181248588207 -2.7565146567411773e-12)
(97.841867188167015 -57.771661923158788 -2.3785665949536503e-12)
(101.70337853263376 -60.005707981945427 -3.0676908560078838e-12)
(105.89982881095493 -62.354230011916435 -3.5046791377446846e-12)
(110.38293728739214 -64.935796344823387 -3.4067560016575561e-12)
(115.26675648233898 -67.683763442139039 -3.2767905542040337e-12)
(120.51740878856725 -70.694786020152634 -2.4725234783913335e-12)
(126.25136120358593 -73.934339841924555 -2.3694314433485546e-12)
(132.45836931187338 -77.480680620403504 -2.4705861249633226e-12)
(139.26540697805723 -81.330387408512564 -2.7895401155113816e-12)
(146.67668275219719 -85.551109953980969 -2.912976539133111e-12)
(154.90627311913676 -90.247932115136251 -3.4750016122247296e-12)
(164.22527814692225 -95.598419706634076 -3.9391784457161888e-12)
(174.86969776713804 -101.63795244112194 -4.0510727190562626e-12)
(186.8341354288396 -108.47867304539365 -4.380543689298539e-12)
(200.27251898727113 -116.01905815928144 -4.9149667223438941e-12)
(215.09418397704732 -124.4660452308084 -5.0433435853449072e-12)
(231.50460659318375 -133.43484292875613 -5.1030142376256475e-12)
(249.20024757549396 -143.3286494418079 -4.8780950178944539e-12)
(268.32617097895218 -153.28948727055288 -5.161656294969705e-12)
(291.51823463327963 -168.69681970719094 -4.8293748740810593e-12)
(328.85041912244628 -190.91523297090527 -4.6633545213535901e-12)
(377.35397275728496 -212.49337963500636 -4.7142017567306794e-12)
(434.04055597493391 -227.69928093864337 -4.3128203673936538e-12)
(498.13285859566128 -234.11484899766046 -4.6925623704303172e-12)
(572.06850167214282 -226.77977283895666 -4.4458344953348548e-12)
(661.57059672005084 -216.38762947839922 -4.9577936097708829e-12)
(762.2730022737893 -208.54190698405199 -5.6836551750867959e-12)
(932.08198632653057 -96.29212580935814 -5.4400638683739601e-12)
(25.525574190013963 -4.38290877359898 4.4476128579840845e-12)
(25.715480015566378 -7.9174264822737488 4.2294009990990859e-12)
(26.663396941057901 -10.114985623559543 4.1722532820925127e-12)
(27.206525578078164 -13.019803317079685 2.1021297489871556e-12)
(27.956934412634688 -15.373335792982976 1.8043332362526245e-12)
(28.635644242874363 -16.910051494923323 2.120615852083987e-12)
(29.424653127706588 -18.114846720541234 1.7183128875081517e-12)
(30.304210973356852 -18.859176155278163 1.4373886624038433e-12)
(31.249967827833302 -19.369468713390795 1.0677289177633911e-12)
(32.001177412939718 -19.709632081459674 1.0884045628823042e-12)
(32.567473202934771 -20.126538425695028 3.098509852650425e-13)
(33.280611266228341 -20.563187473031231 1.6428574915799816e-12)
(33.949115403004349 -20.992677379210175 1.6533374929501455e-12)
(34.655574734738465 -21.442948528360144 1.5031620150201053e-12)
(35.352314995253629 -21.884652523803098 1.208049300764674e-12)
(36.051699718598165 -22.325121668049345 1.2319200467924156e-12)
(36.741762680915194 -22.757368761930618 8.0177135946841224e-13)
(37.418001578104402 -23.177190936056164 4.5529619738374507e-13)
(38.0819735055534 -23.592219789616848 5.1602415357319258e-13)
(38.73685496025076 -23.997427907705262 2.8329845622381616e-13)
(39.399248764324625 -24.40724138483759 8.1829947234180033e-13)
(40.056408519309066 -24.807390901040488 2.0578975239623246e-13)
(40.721290704095033 -25.214832037443607 2.4950984714164309e-13)
(41.384773848778622 -25.615399286568792 5.6783802402893005e-13)
(42.057460363405525 -26.023521773995526 2.7038708771569694e-13)
(42.729006794986724 -26.426262127002079 2.4779401734105166e-13)
(43.411510960913766 -26.836394410241837 1.7594315417735401e-13)
(44.095545346543126 -27.244494622270796 -1.9680877838437514e-13)
(44.793384324761654 -27.660319936092517 -1.8431451004527131e-13)
(45.493968944916084 -28.07687180573383 -1.0949912981439306e-12)
(46.210336132805629 -28.500598540261947 -1.2925656218104129e-12)
(46.931391152388194 -28.92811103558482 -4.0709961081950057e-13)
(47.672143300409481 -29.363213973398764 7.4667094469474974e-13)
(48.420231284381423 -29.805266951345402 -3.2874317418186606e-13)
(49.190997308639545 -30.254677876853126 -2.2276020673012636e-13)
(49.970734779648787 -30.714587161956821 -6.6387117646214457e-13)
(50.778055091469462 -31.182773544419931 -1.0654782407537489e-12)
(51.597544937001473 -31.66515754377567 -1.4669557582713911e-12)
(52.450446679100452 -32.156664075216078 -5.7551819580442364e-13)
(53.318547562841673 -32.666577629528526 -1.1009267204808746e-12)
(54.225987422694615 -33.186960681773904 -9.5063556413044522e-13)
(55.1521492514889 -33.730165546738839 -1.0912098919409605e-12)
(56.12465691570749 -34.285075085179429 -1.0008938584321677e-12)
(57.121552316221766 -34.868261119404416 -8.8085205144534353e-13)
(58.172184498818091 -35.466499782229199 -1.2870619012568887e-12)
(59.253226329804654 -36.097282319413118 -4.3428757464713949e-13)
(60.397490557396381 -36.747963861862587 9.1301972292794886e-14)
(61.578085020362153 -37.435069049119498 8.6729897278663771e-13)
(62.832579139417987 -38.14788357977605 9.1340438865030151e-13)
(64.131721201218554 -38.901952787886415 9.2755617021211115e-13)
(65.517415554030038 -39.689683045078219 -3.9835245693583019e-13)
(66.957561557442844 -40.523849854877859 -4.0804731961932551e-13)
(68.498411754566746 -41.401562224091471 5.8257357479198084e-15)
(70.105298158419373 -42.329549497406006 3.8516673660944192e-13)
(71.83008689520949 -43.315405404812729 9.7335237849988381e-13)
(73.634823106862072 -44.354509577233728 3.1023864331528203e-13)
(75.576949558085673 -45.469171671888589 5.2156332611920137e-13)
(77.617225893244765 -46.640225410690888 1.028720128262518e-12)
(79.817850232959714 -47.909297527398891 8.2258501590822786e-13)
(82.139219215717063 -49.237298413812191 8.1194146435014091e-13)
(84.647468892456288 -50.691653056378811 7.6835305548412961e-13)
(87.305312561435983 -52.207489446055277 1.0830354109704097e-12)
(90.181411872662338 -53.883688284581723 8.5025616773206163e-13)
(93.243231680037994 -55.625644365940062 8.9652575252260106e-13)
(96.561416985233222 -57.568656434561525 8.602230061498377e-13)
(100.11234601441825 -59.584735385534543 1.0777426932763871e-12)
(103.96596639721082 -61.850353234752916 9.3644923842027749e-13)
(108.1118983798718 -64.202187303587976 9.5061505952731808e-13)
(112.62080079601279 -66.859356608306911 7.9949859513736149e-13)
(117.49931511941121 -69.626822130412535 1.3152606411481353e-12)
(122.81687255270491 -72.763339333561319 1.1811273435162016e-12)
(128.60731932663472 -76.047282064436189 9.3266080577624427e-13)
(134.95358818231722 -79.780582343181649 1.4476219861310831e-12)
(141.90172995656616 -83.72824545689862 1.4521790863661182e-12)
(149.61562554393609 -88.279748686887814 9.648140748832982e-13)
(158.38014576434136 -93.323433073181079 1.2259083256112501e-12)
(168.38507516996134 -99.171089201041525 2.2833164408750023e-12)
(179.65023817132015 -105.67412387336566 2.7718357837144645e-12)
(192.29443024662282 -112.96745610167982 3.3665442902020416e-12)
(206.23283619574948 -121.04437017343059 3.3936849757693747e-12)
(221.66009690884101 -129.72772420612029 2.9260853223396274e-12)
(238.27031317614069 -139.27621800852191 3.5905225155001277e-12)
(256.29301295693836 -148.99638729420096 3.0688054240241404e-12)
(278.06423429259308 -163.97839275004725 3.318602264975929e-12)
(313.16578671615611 -186.49808987110495 2.505881875761728e-12)
(360.08665019761537 -209.1882381725201 7.0230579011812716e-13)
(416.16810541959893 -225.74565296704307 1.1472712485861092e-13)
(480.28931593753447 -232.67503648489594 -3.9652186023310908e-13)
(554.17505360030339 -224.67632331642932 -5.9439046079730093e-13)
(641.91223348087863 -214.32351277299523 -1.787470540874948e-12)
(740.21756386706886 -207.44104989945399 -3.5164417604096145e-12)
(910.0162684612884 -89.232533016383329 -4.2975627510871343e-12)
(41.485049962996463 -5.3610594534836418 1.7069657406554855e-12)
(40.480039405244312 -13.701859432839997 2.0403636644729785e-12)
(40.504467749482657 -15.698263726614693 1.1609198481335695e-12)
(40.195865343021076 -18.90537552686872 1.8299995857538422e-12)
(40.165865670896807 -22.299933313544699 1.4693763997013441e-12)
(40.307853061905973 -24.495664921420076 9.5357479229094739e-13)
(40.677256720328465 -25.887377872340291 1.0236924927733863e-12)
(41.297465620822962 -26.276510604393053 3.2827023911204527e-13)
(42.104180251820537 -26.174387367857452 1.086336865147975e-12)
(42.760501790133482 -26.282593320661579 9.5705066068897895e-13)
(43.229684593143681 -26.61201156549436 9.4850794801179081e-13)
(43.813639271626094 -26.95377247289872 1.3387557667451398e-13)
(44.340677321962453 -27.280454698488477 8.6576512813852395e-13)
(44.886982562724725 -27.609852120393565 1.1906227691320506e-12)
(45.412952319690618 -27.934006971769314 1.2172123981852808e-12)
(45.934953862101061 -28.246473936594054 2.103265152581784e-12)
(46.437968694763846 -28.556788265242538 2.0522497347746387e-12)
(46.927801608344915 -28.848615844314381 1.3920512874077514e-12)
(47.398417506004705 -29.141592954028834 1.0214126253817019e-12)
(47.862007263665944 -29.417440275343868 1.2381035184128161e-13)
(48.322690008029021 -29.701145397132208 -4.6702917815903033e-13)
(48.779918733068115 -29.968890915316717 -1.6869006523886173e-12)
(49.234091845659108 -30.246837187763937 -7.5588971964528838e-13)
(49.688488980755508 -30.510855842394619 -3.5511201015408952e-13)
(50.14261402429819 -30.787685019327956 -3.6880835962745087e-13)
(50.599362758516875 -31.051663616718816 -9.0933557941932421e-13)
(51.057758787504341 -31.329844855789059 -1.4777877317222359e-12)
(51.521334030242095 -31.596229937014375 -1.3014100889637167e-12)
(51.988611220021568 -31.878977627559529 -1.7760036086782751e-12)
(52.463627776094178 -32.151182383121544 -2.4581672576983477e-12)
(52.944614722007429 -32.441660612887212 -3.1426398788645627e-12)
(53.436350203773209 -32.722610557349661 -3.6604512695857698e-12)
(53.937028554612787 -33.024190527183528 -2.9522716584772576e-12)
(54.451425618824459 -33.317502855984245 -3.0920019265515017e-12)
(54.977431155820632 -33.634049326938722 -2.4795321281889388e-12)
(55.520087356825726 -33.943053633294468 -2.4205470262039946e-12)
(56.078304654100549 -34.278662803127908 -3.1250466478082816e-12)
(56.657070875630417 -34.607752972508443 -3.6183627064913761e-12)
(57.255662004148611 -34.967283047777109 -2.8185140606881055e-12)
(57.879105284892269 -35.321627204065486 -3.2578272409095049e-12)
(58.527055153151046 -35.710615329857148 -2.8047517917068414e-12)
(59.205031555227762 -36.096233231203584 -2.2787741783195832e-12)
(59.912380832239172 -36.520045621050635 -2.2966384123917347e-12)
(60.655655068393621 -36.943220630991156 -2.3256040829532443e-12)
(61.434884726372118 -37.409806890581883 -2.3098495793423727e-12)
(62.256468348355241 -37.877865338596692 -3.6365969035872358e-12)
(63.122165447403681 -38.396244679025656 -3.0274641736826584e-12)
(64.037283408949222 -38.918092435503659 -3.3070374928039622e-12)
(65.005556692904406 -39.497942881038377 -3.3676219366098879e-12)
(66.032030303620957 -40.083686427383668 -3.633680008208822e-12)
(67.121225025404215 -40.736072732904219 -3.8647336318897795e-12)
(68.279259863144617 -41.398022649744007 -4.0240927629520474e-12)
(69.512316999798756 -42.13688610263992 -4.674060872033606e-12)
(70.825840150915852 -42.88876698514872 -4.6922532920632043e-12)
(72.229704387658956 -43.73094257491428 -4.1851216801403116e-12)
(73.728512159318399 -44.590002537791761 -4.6598495413841065e-12)
(75.334160768037378 -45.554262657299162 -4.5517523839243273e-12)
(77.052790144784311 -46.540713845373638 -3.745244119894959e-12)
(78.89803161686703 -47.64990564208663 -4.0595339773503812e-12)
(80.878188253145225 -48.788330816680215 -4.2548277070887616e-12)
(83.00853389274819 -50.069963710740772 -4.7329914414273029e-12)
(85.301448659069095 -51.390750012460146 -3.5468844077685762e-12)
(87.773588398574375 -52.878691887564365 -3.8878221991928013e-12)
(90.441642704685989 -54.418543278762634 -3.5802209770782231e-12)
(93.324188769331826 -56.154397635595082 -3.0928511149869144e-12)
(96.446637150239738 -57.959621640616291 -3.5522103749992577e-12)
(99.825322291459898 -59.994592952382106 -3.4731355037730815e-12)
(103.49965949674699 -62.123361314781114 -3.1429206821597031e-12)
(107.48443774574289 -64.52197408789759 -2.0447068682907723e-12)
(111.83915901868707 -67.04815319674718 -1.7950208180721142e-12)
(116.57561055168125 -69.895294594935635 -2.1308275384972291e-12)
(121.77991383947563 -72.91639424457972 -3.1809339835623357e-12)
(127.46824687569114 -76.321606788163919 -3.3438040784365726e-12)
(133.74685685292087 -79.982463036890493 -3.2659092346846465e-12)
(140.70441898502969 -84.145269420070036 -3.876426398251336e-12)
(148.65387258402259 -88.828975849585291 -3.8448258367052546e-12)
(157.7189258839982 -94.189920692611707 -4.0212775722060402e-12)
(167.95456302397804 -100.24715779873502 -3.899553812735654e-12)
(179.41673051406872 -106.94942157731211 -4.2833945584368038e-12)
(192.07861779499203 -114.48339280801332 -3.7594408396693895e-12)
(206.06308246075398 -122.52145257904594 -3.5834714827076095e-12)
(221.11736998341294 -131.45819149925836 -2.8966034145942977e-12)
(237.49123432092688 -140.59981233098102 -2.9584879118896674e-12)
(257.21716084977822 -154.57880951677211 -1.2492422628111543e-12)
(289.11748071342208 -176.51556497862848 -1.5903568365342437e-12)
(333.05459492811644 -199.65527834583 -2.5195967393556739e-12)
(386.7107536398949 -216.91650871378056 -2.452566842951088e-12)
(448.85264666510358 -223.90831922997407 -2.1288401530333478e-12)
(520.21315620768746 -215.548665683254 -2.3231187489822366e-12)
(603.53413932839294 -205.94972883893271 -4.3187189867097237e-12)
(696.66037387385211 -200.67233294364047 -6.996417706793481e-12)
(858.54660726056136 -77.091010963247641 -7.4750874219712426e-12)
(61.29353734599146 -5.4405344390965489 -2.7754853702551285e-12)
(59.252380581937715 -16.181253749308027 -2.935308580981748e-12)
(60.489734168335588 -20.967423873875195 -3.3382425691417647e-12)
(58.434746652207707 -25.317665593470249 -3.4680629747613456e-12)
(57.130101369258433 -29.633888614618026 -3.1749954214281637e-12)
(57.097460879770431 -33.058444051191138 -3.1608891399647225e-12)
(57.700701508206407 -35.632619240556515 -2.8997779015332524e-12)
(58.530448671163398 -36.764670047495926 -3.1446665483398394e-12)
(59.052799398805334 -36.509652018776819 -3.6134660447990228e-12)
(59.094869154662028 -36.194636950923339 -3.5485744833917209e-12)
(58.950286555577058 -36.070678513200065 -3.7250042263101244e-12)
(58.940968871459965 -36.024882248477638 -3.2064969836672671e-12)
(58.905294836588098 -35.982957639102509 -3.6827063836806972e-12)
(58.879225578951981 -35.961148312053496 -3.5288541921895586e-12)
(58.849158150464334 -35.930216831010569 -3.5645642357556158e-12)
(58.818583720728078 -35.908955110263292 -3.7276553339672154e-12)
(58.790148099761794 -35.880509043578002 -4.1126574867851549e-12)
(58.759928189573785 -35.861223619500485 -4.1839181830235376e-12)
(58.732135360419612 -35.836671895550445 -4.1460118856924564e-12)
(58.699994738919834 -35.81796924443114 -4.2200416568674699e-12)
(58.675938869321747 -35.793891989816274 -4.2306203387329145e-12)
(58.649897381921519 -35.777108679802247 -4.6803992208120069e-12)
(58.632711037624681 -35.756489975388824 -4.8084869189525145e-12)
(58.616631913904307 -35.745151244113863 -4.6287956719406884e-12)
(58.611786362039865 -35.731337299472642 -5.0440993852921697e-12)
(58.60971290512397 -35.72853762299173 -5.4503990136472932e-12)
(58.620589380925225 -35.723865834817452 -5.9328208847996578e-12)
(58.636037985834697 -35.731846236148122 -6.0421388902348175e-12)
(58.666305622031281 -35.738518794461378 -6.1529349921655977e-12)
(58.702496023961189 -35.759266913154185 -6.2662668582527365e-12)
(58.754998296212463 -35.778958771333244 -6.9079498123654496e-12)
(58.81477420463159 -35.814078503449068 -6.9853016254348654e-12)
(58.892951105607857 -35.848801047226289 -7.378058429642271e-12)
(58.980028700544118 -35.900736145485581 -6.8046856619826737e-12)
(59.087622601468311 -35.952844245460277 -6.3106912881316913e-12)
(59.205477827834841 -36.023595242975375 -6.5093036958059058e-12)
(59.34674359554711 -36.095372985556871 -6.1910472704103936e-12)
(59.500398927005065 -36.187957131805113 -6.3597067670246597e-12)
(59.681086171412737 -36.282894487443023 -6.3984337708150776e-12)
(59.876864472001337 -36.401100969775015 -6.8608712548376389e-12)
(60.10370271046903 -36.523262084204696 -6.9882592367354108e-12)
(60.348992324513397 -36.671532440148098 -7.3736596218205242e-12)
(60.629755427201786 -36.825737723754351 -7.4996844549441574e-12)
(60.93340156114354 -37.009131200846426 -7.5373916402435571e-12)
(61.278103575199673 -37.201172280606116 -7.2683724453975415e-12)
(61.650203160668866 -37.425736176918619 -7.269477927821624e-12)
(62.070362779016101 -37.662415145148863 -6.8521866485187124e-12)
(62.522787086351869 -37.935328903372863 -6.770411457237935e-12)
(63.031017579516416 -38.224175458669777 -6.8773273188609036e-12)
(63.577746144959697 -38.553966053543348 -6.7931838186638249e-12)
(64.188936270394436 -38.904015929375099 -7.3363722809606904e-12)
(64.846033459546462 -39.300006065694795 -7.9599209153276103e-12)
(65.577844817190709 -39.721708455694511 -7.5805346882909302e-12)
(66.36360617356253 -40.195075462413698 -7.0845635863478969e-12)
(67.23697375465693 -40.70068764818172 -7.1672058750708642e-12)
(68.174093099583132 -41.265176478407589 -7.4488098540327514e-12)
(69.213133889747809 -41.869207608706709 -7.1637855468001879e-12)
(70.328460366827372 -42.540925879065263 -7.0438949934210839e-12)
(71.562912868780074 -43.261000469108446 -7.7038694097521436e-12)
(72.88908361091994 -44.059643439692096 -8.0245438215674043e-12)
(74.354860359941767 -44.916936794507983 -7.8303822223301668e-12)
(75.931884807357193 -45.866548146745416 -7.909898534144348e-12)
(77.673484610544392 -46.887085383577876 -8.620998292030103e-12)
(79.550204070937767 -48.017590118203501 -9.0074775717836828e-12)
(81.622090303699281 -49.23303223236212 -9.8210378502573237e-12)
(83.860568742663318 -50.582055716725911 -9.9339485461087579e-12)
(86.3310211034334 -52.032319309286933 -9.6330813716093616e-12)
(89.00826272759339 -53.646425330759577 -9.9604190649266954e-12)
(91.965129493639353 -55.382100866958027 -1.018101591338012e-11)
(95.18216808295719 -57.317339551424013 -9.7264398554358027e-12)
(98.736691328405371 -59.403614560071048 -9.2156054119453454e-12)
(102.62281470685059 -61.737756584143234 -8.9555844186737391e-12)
(106.93048059404497 -64.260920518527868 -9.2020464981023588e-12)
(111.66231604963565 -67.107171669564465 -9.7735296256552693e-12)
(116.96081851328334 -70.216693599418051 -9.0467422961576447e-12)
(122.98871011814906 -73.854194405460433 -9.3432149377329258e-12)
(129.94449710061195 -77.886054437548523 -9.2947639213364224e-12)
(137.8033635962754 -82.621143310012997 -9.0868456514161874e-12)
(146.72759651201525 -87.765983574386809 -8.8138421988437126e-12)
(156.54651599820872 -93.692970418782465 -8.4903180009094598e-12)
(167.51072510543472 -99.948932211806735 -8.3248931167184291e-12)
(179.23787078410237 -106.99293024377697 -7.8232516325454857e-12)
(192.06512747915659 -114.15299498629427 -7.7229224911534122e-12)
(207.37646560164052 -125.13449691032224 -6.1301163522745222e-12)
(233.08394219791953 -142.77644188720777 -5.9875966570680699e-12)
(269.83344531507606 -162.44141659941735 -6.4732148730038815e-12)
(315.87928628227701 -178.15869990353977 -6.5055799479830604e-12)
(369.5082592761857 -185.5983222893444 -7.0765266018955276e-12)
(430.12776514387843 -179.7763086295835 -7.0977729683649675e-12)
(499.56197690995816 -172.16800803994803 -8.3222782462632134e-12)
(579.89415949976319 -168.16239162777936 -9.8481730833143072e-12)
(744.2020874392955 -70.812442449726902 -9.9071198579697974e-12)
(822.1822595870816 -6.2241854578779954 -9.4277593290909714e-13)
(889.32773510244419 -3.6076453836783959 -4.4150951199301398e-12)
(961.82693850478847 -0.17445693864425774 -4.0156477690176691e-12)
(1039.9101005323512 2.8298541909508392 -4.0028296271082023e-12)
(1114.344380231777 6.1175679362500981 -6.9722137017901557e-12)
(1187.2907579857115 10.564814444058495 -4.1463421367705482e-12)
(1256.4453850477935 14.688296015931673 -4.0188249587204099e-12)
(1321.7185600662044 18.360271359509117 1.3259479493487923e-11)
(1386.4203350709884 21.871328298978217 1.3136931697225688e-11)
(1449.1758280345214 25.107444647075567 1.7087985693350269e-11)
(1506.6800368386344 29.226221633814891 1.704193407568518e-11)
(1560.660426096847 32.614511665669596 1.5313901193537157e-11)
(1614.2196654104914 32.65002191339952 1.3351230008686493e-12)
(1663.4506970633154 31.566452965949107 -7.1715786607715086e-13)
(1704.8277868464381 32.851622877447788 -4.905815503558676e-13)
(1743.2127373099306 34.10776805896046 9.7841104904614349e-12)
(1781.8726756058766 31.452485709646854 9.8492766016391305e-12)
(1816.4319425136352 26.329645289987575 1.0648304207407183e-11)
(1843.6872332798828 22.911957944109552 1.0185132701566818e-11)
(1867.0184541425572 22.310176594827979 1.0304452310670608e-11)
(1889.6594586586477 20.531358267470743 1.0412884718524428e-11)
(1910.5011166434244 16.192045970927889 1.2231548888384373e-11)
(1926.2366936927554 12.959834537818974 1.2369863895747396e-11)
(1940.487478626982 12.032813174434283 9.1346618515864739e-12)
(1955.1204373445657 12.504501360551219 1.098081967871446e-11)
(1968.9052648167149 12.39154066415691 1.1017724603320692e-11)
(1980.4627894148034 12.287832165831224 9.4611158817788833e-12)
(1992.9028633663183 13.396903290367927 9.4272511042997443e-12)
(2007.6039195319211 15.336252048877521 1.0202693685538854e-11)
(2023.2706871504879 16.750223624922661 1.5601056370759271e-11)
(2036.8468496560322 18.333792229793605 1.6239328062841021e-11)
(2051.7535933559866 20.209588956280541 1.5375782046636376e-11)
(2069.2389519891262 21.915797875018072 1.5915199351306669e-11)
(2086.2159793564078 23.333830346278912 1.8932353301278631e-11)
(2102.6492727475916 24.958022693316192 1.9210025675122688e-11)
(2120.4497059114451 26.555708559776303 1.1489653748261371e-11)
(2138.8071293512799 27.494440396831756 1.1021796547920731e-11)
(2156.2981608432397 28.50202661637174 1.1145350175324431e-11)
(2173.5540373879007 29.219264226695266 9.7674033586802436e-12)
(2185.8928269290254 33.11766117512407 9.479974278473638e-12)
(829.06088790171566 -13.613023205188638 2.2746206170612253e-11)
(893.52722029614677 -8.2359357256137553 2.1660988213000385e-11)
(962.29195574674452 -1.1512886627230718 2.0335691389714027e-11)
(1035.92918012832 5.5750437021516328 1.9996818895199546e-11)
(1105.6095445497428 12.43966068094176 1.7864334547310823e-11)
(1173.130864523034 20.773011642872941 1.7030354578585815e-11)
(1236.4586350392717 28.867933398992005 1.7370168654170356e-11)
(1296.2823511503238 36.10530594227285 3.0803462047949025e-11)
(1355.2927613348534 43.019752712534057 3.0914797261433512e-11)
(1413.0293125489638 49.539371794814855 3.0998886995503776e-11)
(1467.395447804957 56.335664233237914 2.5278450945272761e-11)
(1516.8864937267358 61.701001770190949 2.5542977036573845e-11)
(1563.5077371625141 64.134445650821419 2.0453611815021954e-11)
(1610.3081031821005 65.269921854504048 2.0333170796532935e-11)
(1654.6422558745528 66.939631350127485 2.0170240022489728e-11)
(1691.8396244415571 67.651262830930406 2.3416470209737948e-11)
(1723.603471398322 65.487655953113261 2.3394509176902673e-11)
(1755.0253701489009 61.655917646418125 2.3762892372609138e-11)
(1787.3133605841913 58.43038280240954 2.2984105073499494e-11)
(1816.8736830215469 55.827944595339375 2.3272854356573968e-11)
(1838.7817760593537 51.939327200531615 2.3045753880069444e-11)
(1856.6531325160254 46.704621668340025 2.2954178342253482e-11)
(1874.7600314729445 42.617249276811677 2.2161379064422838e-11)
(1893.962905781983 40.822565060561807 2.102542749861122e-11)
(1913.4534796727776 39.816011550705511 2.0428645057947899e-11)
(1928.6538364258665 37.917136883020909 1.9611785610781253e-11)
(1940.7014864190069 36.816636324970951 1.8916301943532485e-11)
(1953.9235680130387 37.439724908452952 1.8213720588186362e-11)
(1969.0841893146446 39.688849773539197 1.7524885827589964e-11)
(1985.2604463838704 41.153264328521445 2.0858933602134389e-11)
(1998.7998604168458 42.540019851075769 2.0712425594755959e-11)
(2011.9433683057102 44.918128649909576 2.0145827958829103e-11)
(2027.1371217827061 47.713641333068374 1.9785481183264313e-11)
(2042.812324100664 49.835459169124043 2.0463620332164326e-11)
(2057.7668942717814 52.094302572008296 2.0263195249575815e-11)
(2072.9251200517842 54.845593080916835 1.7465364333744237e-11)
(2088.8963947531929 56.795098505558784 1.7423525686688611e-11)
(2104.8465972518611 58.70042482111554 1.7011236056749667e-11)
(2120.5542409098443 59.890848307913686 1.6932186603168611e-11)
(2137.3072622118993 61.780101330322559 1.6242794821673607e-11)
(833.95496522485996 -21.574013080656488 -1.810992194871886e-11)
(898.80801659658073 -12.874294984081233 -1.854653580685692e-11)
(968.25608548147727 -1.5324680845149092 -1.8706258405877384e-11)
(1042.2241220386641 9.13423782679439 -1.8035991150279145e-11)
(1110.7207182184175 20.124400134055062 -1.8167355567063202e-11)
(1177.516832706571 33.385128817128937 -1.8341619078419862e-11)
(1241.84485583942 45.706517706084398 -1.930498443579308e-11)
(1300.915913682059 56.478631055866352 -1.1667936949276038e-11)
(1356.7478730012654 67.6890606590473 -1.1428636864348995e-11)
(1413.5627333745126 78.548288817126362 -7.5493117254649111e-12)
(1469.4561674949373 87.993531971638902 -7.3881873982045224e-12)
(1517.9620790696995 94.942729101592832 -6.3766336731909715e-12)
(1561.053900579381 99.813363799639063 -6.0260855039777537e-12)
(1605.344567077085 103.5457352183796 -5.6725086808864811e-12)
(1649.7807663401165 105.63163995760465 -5.382081986557483e-12)
(1687.6113084544329 105.10224394077636 -2.6755152934709386e-12)
(1718.68391237319 102.41733417676127 -2.1376039199234911e-12)
(1748.6446521024377 99.003286424577624 -1.3879673691437203e-12)
(1780.0729402734019 95.716189473506006 -1.0586934540797804e-12)
(1810.0955709867651 90.74371858020551 -1.1721368622339743e-12)
(1832.5802779479268 84.304652955053058 -1.0443948171172288e-12)
(1851.2485483699661 77.791068784010108 -1.0325695213080716e-12)
(1870.7165293533981 72.643862182741643 -9.7765555620340319e-13)
(1891.6102149934711 69.759337893123487 -2.2055093061037766e-12)
(1910.3326323353192 66.921984562558649 -1.6159232125752089e-12)
(1924.1356558603425 63.90610785236742 -1.7804288805799153e-12)
(1937.8616208975191 62.369643788429222 -2.2649529608944493e-12)
(1953.7657596772874 62.73116511023057 -2.4335045365861491e-12)
(1970.3921205030381 64.669605321063145 -2.3232487049890275e-12)
(1983.889356278235 66.403974879787313 -1.1555720960478824e-12)
(1996.927822626363 68.361169396909332 -1.265828322374398e-12)
(2012.4222226425511 71.439076429561609 -1.590555213012991e-12)
(2028.6782511198494 74.813426118409851 -1.7879025044955165e-12)
(2042.3817806451029 78.013646899786337 -1.1389348293072284e-12)
(2057.3178484503496 81.308617653075814 -1.3578516712066073e-12)
(2073.359898138518 85.026666739502872 -2.0031889684538953e-12)
(2088.805404317633 88.111748917594454 -1.8250340121954354e-12)
(2104.1015401890945 91.077040452665614 -1.7895789458254767e-12)
(2119.3572908391138 93.078790581413529 -1.602686362504518e-12)
(2134.0286101434062 94.405831999700922 -1.2080775562591655e-12)
(839.97780503780189 -28.453600002156218 -2.3489973525468046e-11)
(905.62481439814553 -16.705048123264014 -2.2980421353962153e-11)
(975.46691988164491 -1.2460510668172726 -2.2836813956309801e-11)
(1048.9821596950783 13.244069541724704 -2.2683076655858513e-11)
(1117.7313573240388 27.553279106183265 -2.2833964549474527e-11)
(1183.6162779778292 44.925334155588565 -2.2352940229213043e-11)
(1244.6866486453628 61.521042470349627 -2.1991019452988589e-11)
(1303.2738249993336 75.447014661678494 -1.9491437321802472e-11)
(1360.5300298083218 89.686005064710102 -1.8830599821584889e-11)
(1415.1626345133654 103.82102965687169 -1.5335309327745646e-11)
(1466.7589809338492 115.74255507091563 -1.7370761891374081e-11)
(1514.0476895296715 124.2007473422095 -1.6857563279258714e-11)
(1558.902578965753 130.41065835624994 -1.6564799610572887e-11)
(1603.4816365236047 135.14192764182994 -1.5939410804214732e-11)
(1643.9062546055184 137.26157145212929 -1.5745556818910054e-11)
(1677.4953477234374 136.20833414825233 -1.2249499944548807e-11)
(1708.8401766696916 133.11321520697771 -1.1997780279293985e-11)
(1741.7154714509825 129.1282721370732 -1.1907642591250711e-11)
(1773.5915899311785 124.60312736404737 -1.1710788604124539e-11)
(1798.915550870041 118.19033313099028 -1.1228049013486559e-11)
(1819.3050430870087 110.70119407968534 -1.144091668301958e-11)
(1839.3424653293571 103.61992373597617 -1.1564993589333485e-11)
(1860.9893835913706 97.915919075843917 -1.1522665695810587e-11)
(1883.1630265164185 93.872472926097174 -1.3161858735040994e-11)
(1900.4801605472414 90.017377307584397 -1.1208500556062011e-11)
(1914.2200348429133 86.922140347468783 -1.1511335693386666e-11)
(1928.7347476361849 85.480960527071943 -1.1284929996654077e-11)
(1945.3817935691748 85.937105408425595 -1.1263599056619915e-11)
(1963.1832504850354 87.597481957017706 -1.1180192828454173e-11)
(1977.6844215095109 89.43434718469392 -1.1129305318323052e-11)
(1990.601654571673 92.033100676086235 -1.1322111333631863e-11)
(2005.6542909103825 95.738829454906977 -1.1531786657931481e-11)
(2021.8685659345117 99.495078816486128 -1.1437687826557694e-11)
(2036.8061778126814 103.37419413456198 -1.0882449556987435e-11)
(2051.3800534575798 107.48591941132952 -1.1082049226983555e-11)
(2066.8754691074146 111.9793189971566 -1.1287217617426594e-11)
(2082.5554924456719 115.77276515248592 -1.1342939249667556e-11)
(2097.6445744096654 119.53211124747523 -1.1318254452438063e-11)
(2112.5314892248775 122.12378740511272 -1.1115165409952481e-11)
(2127.5095665715844 123.58239929075734 -1.0764618829926864e-11)
(846.30550967855947 -34.779841850100361 -2.0828274681096697e-11)
(913.21650604012973 -19.783669820576925 -1.9727771861402114e-11)
(985.30554544015479 -0.41757559753461754 -1.9267634570358351e-11)
(1058.3600840118538 17.781538829215155 -1.8912375724828919e-11)
(1124.9357779031707 35.935879180694847 -1.5532716304430633e-11)
(1192.3591845340484 57.186224240245906 -1.4905113779519341e-11)
(1254.6850638972667 77.285270548172051 -1.5131190890059008e-11)
(1308.9707552650887 94.739788613863666 -1.3148676322352484e-11)
(1363.9020405329923 112.02172993490191 -1.313944522575534e-11)
(1420.8766191501418 128.42959242985208 -1.2731397950738861e-11)
(1472.4539043088869 142.28485963766008 -1.6963297511540985e-11)
(1515.852545415949 152.32989467204976 -1.5341709560114114e-11)
(1557.7419220274405 159.36555521822649 -1.5248249131087418e-11)
(1601.6965273312946 164.06324852374647 -1.3997273078421593e-11)
(1642.2417536717335 165.74377889513485 -1.3945691048750174e-11)
(1674.9583868743716 164.40579898438372 -1.2448039044281864e-11)
(1704.1616231916119 160.90574571891324 -1.2591124793704897e-11)
(1734.7806255715921 155.96579478584434 -1.2404671122421217e-11)
(1766.2368843622125 149.98063046908609 -1.2405086417539006e-11)
(1792.4162748684939 142.69145753405624 -1.2217077326471011e-11)
(1812.9012375684367 134.87703140925373 -1.227498576465606e-11)
(1832.5269731660783 127.59251565234882 -1.2273984744136103e-11)
(1853.9169076021572 121.5835455495811 -1.2227802864938676e-11)
(1876.3781574578759 116.93626649409126 -1.248222264704898e-11)
(1894.6572460684583 112.80374570199726 -1.0567602172399349e-11)
(1909.2364751302221 109.80913136278386 -1.0645063611179548e-11)
(1924.5787064469957 108.61698488654187 -1.0462798586252013e-11)
(1942.158170157765 109.39298194136452 -1.0273683257878602e-11)
(1960.3036680961786 111.07180519050895 -1.0113167215748421e-11)
(1974.7290890534612 112.88588050987488 -9.9525759246287139e-12)
(1988.5770779744998 115.94061047314621 -9.7874214717068611e-12)
(2004.8718475999246 120.1268750841727 -9.6499823897692167e-12)
(2020.8354265098876 124.44086178760175 -1.0126033480689226e-11)
(2035.6588660316258 128.58784771921322 -1.0026261724893602e-11)
(2050.787568500255 133.16311387931475 -1.0110152453905679e-11)
(2066.4169388334576 138.40435650218211 -1.0021487986448474e-11)
(2081.9471852605743 142.68891831880842 -9.9173930319444831e-12)
(2096.9755066944508 146.94014038003658 -9.8334690090968484e-12)
(2111.5798166752766 150.06913472446485 -1.0227647913947762e-11)
(2126.013713594592 151.66659698419275 -1.0245753997936879e-11)
(853.75293317808519 -40.515234002409088 -8.0636150120376463e-12)
(922.04419193274998 -22.211231184113853 -7.4691125552530857e-12)
(995.2597935511277 1.5716725634689614 -7.2056968178264337e-12)
(1069.4710828934335 23.120384417055725 -7.0694110254251608e-12)
(1136.6446652122609 44.497690226221934 -2.6182181116060923e-12)
(1200.7047715997419 69.900259324012936 -2.7475999437967061e-12)
(1261.8261572210115 93.472597831333147 -3.0460778798050884e-12)
(1318.9007671976553 113.59557801087908 -1.1889373220901162e-12)
(1372.2964826661996 133.58910620515724 -1.4285817758087387e-12)
(1424.7763075507667 151.94986827260422 1.6027658369374286e-12)
(1474.8409528523439 167.01083445629268 1.0859876971324613e-12)
(1518.8290546816879 177.98621131440666 1.7686251351832203e-12)
(1560.1366513390417 185.44873404738738 8.4632042111866108e-13)
(1601.9259135449295 189.72233271596153 1.0398722681222584e-12)
(1639.3376146172886 190.56400244609048 7.7913837979546878e-14)
(1670.2017958707586 188.49792361633209 1.1027368902311781e-13)
(1699.5447359424936 184.39357874609104 -5.9316896721095433e-13)
(1730.6818447956848 178.60768789336063 -8.4247549535837271e-13)
(1760.8259152873322 171.5458918654308 -1.1233671736564526e-12)
(1784.8098232938692 163.6552620066615 -1.6101997262272838e-12)
(1804.9045644741018 155.72735432871781 -2.1910227930197e-12)
(1825.3322231361251 148.61984336361317 -2.2676309007681812e-12)
(1847.7448872472794 142.76233465299143 -2.3361606523010408e-12)
(1870.4526393726194 137.99947088933425 -2.4380685393366187e-12)
(1888.0890237387553 134.03817406305623 -2.7237469355941854e-12)
(1903.2264003915934 131.41108921720368 -2.6215617765894819e-12)
(1919.7645454906235 130.70003176087661 -2.3436330615013542e-12)
(1938.5583584133856 131.8360818301702 -2.2525493546995901e-12)
(1956.8938573913588 133.47535924824811 -2.2925611070742274e-12)
(1971.3282210828963 135.45784256397079 -1.7007428059957509e-12)
(1985.9433598672692 138.98252466194828 -1.70249963752273e-12)
(2002.9624348303305 143.44875130927255 -1.6534273194161007e-12)
(2019.3472236634739 147.87879669501828 -2.4604166316031811e-12)
(2033.5480784154308 152.46962994373678 -2.0965400035409759e-12)
(2049.1948584656734 157.3230850726363 -2.0338864428841403e-12)
(2065.3456332844403 162.88450016481534 -2.0111162997122517e-12)
(2080.2350018497659 167.60400072796858 -2.044962564925355e-12)
(2095.203944385491 172.28296967043914 -2.0006448919454393e-12)
(2110.1136462792483 175.69489135726496 -2.6719365765428268e-12)
(2124.436654412681 177.31202399540305 -3.241947495338843e-12)
(861.46065461851958 -45.446684437041391 -4.9983239889238981e-12)
(932.09708463613833 -24.041365386605438 -4.9585099945353137e-12)
(1008.0953666573204 3.9739236317537108 -4.9785654248802713e-12)
(1079.4493141331523 29.716610663173039 -5.1197398258861674e-12)
(1146.9382369451885 54.151380133959954 -3.3355772822864489e-12)
(1214.3555673505723 82.795208529544311 -3.5327169416941888e-12)
(1272.3556871333431 109.93953566962084 -3.7971405120513482e-12)
(1324.3279496017458 132.86329120774613 -2.1898156085185022e-12)
(1379.5116644589241 154.71824609259707 -2.3214525309180312e-12)
(1433.87643730471 174.26451650933956 9.3004450748713678e-13)
(1480.3043356332923 190.41496302009048 9.2223133506107933e-13)
(1520.4479010496018 201.8343355641295 9.4447959893428946e-13)
(1560.6252645535214 208.91656636002219 8.9469291237611492e-13)
(1601.9910477455232 212.05771493755722 9.6845898576918689e-13)
(1638.3077165596208 211.98325707677589 6.8451144704620327e-13)
(1667.6264439729703 209.32525068495787 2.0759335176578617e-12)
(1695.1783893643769 204.50846171761819 1.9280558614121628e-12)
(1724.5907561791414 197.81677897487052 1.8319537436133638e-12)
(1754.5621518995322 189.86676267494806 1.8833880771749412e-12)
(1778.9855329612146 182.02214692055497 6.9857521617585332e-13)
(1798.9413827403819 174.45030974863423 -4.547488214214871e-13)
(1819.101416458876 167.7906886009101 -6.0389607748821334e-13)
(1841.3799957784377 162.4209092413962 -5.5017456875148753e-13)
(1864.5118088259092 157.89340032244613 -7.7891973928168143e-13)
(1883.0725199400208 154.4871912064896 -8.1858493123353904e-13)
(1898.8742874307397 152.41528633160948 -5.7934533170659388e-13)
(1916.0944253527505 152.27178527560255 -4.4661818822103278e-13)
(1935.5726049662583 153.84667753750281 -4.4939802006911271e-13)
(1954.2766675836426 155.46704019806691 -3.9995785627181257e-13)
(1969.092155886754 157.58216940732777 3.3115160993456106e-13)
(1984.4795271481753 161.60052281511659 3.1386066200164743e-13)
(2001.9681542751127 166.30155867015102 2.3239838982992219e-13)
(2018.330457395753 170.56218397319384 3.1715010805186703e-13)
(2033.080729507534 175.55182478131923 4.9290884305040988e-13)
(2048.5058569057364 180.69410871799477 5.8622536374713781e-13)
(2065.0438689303223 186.3064428464393 1.6381325780593514e-14)
(2080.2461247938118 191.3028992259112 -7.463530155033454e-14)
(2094.788350244582 196.34879798024713 -1.5053551063653744e-13)
(2109.4148050243398 199.92241020371532 -6.5515554816648224e-13)
(2123.6719698797656 201.45170020545268 -9.1569343724795374e-13)
(870.00645950725175 -49.712794813117206 -1.867464332889567e-12)
(941.98690042748444 -24.576660090428302 -3.0355945863831852e-12)
(1021.6915783797087 7.0989515112231185 -3.7930642305907357e-12)
(1093.9222489719555 36.502179555424874 -4.3219802939721203e-12)
(1157.3388349504835 65.014698024530915 -4.7915264525393187e-12)
(1223.4793897151524 96.708230850354695 -4.9451411118873604e-12)
(1285.3186997309742 126.20960950145978 -4.8827541190111691e-12)
(1336.6980171901146 152.00855594796425 -3.3830928484771047e-12)
(1385.6450644503711 175.53928513580917 -3.2888325122699292e-12)
(1437.4826696531652 195.41217025869744 -3.1539613523130728e-12)
(1486.1914494318648 211.83428591630181 -3.0078000843575786e-12)
(1525.2785288645589 223.29272411563142 -2.8833603916731243e-12)
(1561.8123483335287 229.65560660631036 -2.794654467931409e-12)
(1600.3796822345575 231.56938032741087 -1.7543314538559304e-12)
(1636.2328257505885 230.26761989756071 -1.7726179431106061e-12)
(1665.1192155036242 226.56814197133619 -1.1227090604208818e-12)
(1691.3231268017958 220.96977092187365 -1.0013081346686814e-12)
(1719.1132750692079 214.03485432264986 -9.0867646034887855e-13)
(1748.1800292293103 206.13707864209454 -8.2330650182322386e-13)
(1773.1788704606222 198.38171944978231 -1.4384054365612638e-12)
(1793.2718327869948 191.16509586924155 -1.873197849398746e-12)
(1813.3358147564199 185.11377722499066 -1.7722964895371324e-12)
(1835.5396796290831 180.68475183586631 -1.7860179169416177e-12)
(1859.0069033305924 177.09569703667589 -1.9942582960494374e-12)
(1878.5569668304415 174.09662215160719 -1.4332543752150493e-12)
(1894.9316843135928 172.43532318920677 -1.7405683237174431e-12)
(1912.6845957747698 172.88429901369585 -1.7579451662845034e-12)
(1932.7455133245537 175.13796925727721 -2.0703919300349857e-12)
(1951.5010526064352 176.73601436220659 -2.4276964172510263e-12)
(1966.7133926031356 179.06115239316679 -2.111816301306922e-12)
(1983.5121973482492 183.32401242547644 -2.1153993072172874e-12)
(2000.7987562947865 188.15105737221842 -2.1062009601211083e-12)
(2017.0112103946001 192.33202333314276 -2.0167259048906243e-12)
(2032.5010258283708 197.36853377849008 -1.9315999281985535e-12)
(2047.933235920387 202.8416901982938 -1.8258243153468778e-12)
(2064.4507608804406 208.4651074310286 -2.9804241374288515e-12)
(2079.7656235301961 213.42971147978361 -2.9487193718600467e-12)
(2094.2706904438578 218.79613208459753 -3.2105141952305802e-12)
(2108.8372018112127 222.53544846494947 -3.5562780194390618e-12)
(2123.0041352237795 223.8760656229457 -3.3665855247596579e-12)
(879.64829427189795 -53.670953347888918 -6.022051380860471e-12)
(953.77441482393726 -24.481415564679583 -8.6790326741948891e-12)
(1033.8993862823654 12.044679545824636 -9.1516708385421304e-12)
(1107.9918960644479 43.943801593305622 -9.3815816692099541e-12)
(1172.6812557267958 75.585873997306521 -8.1382943015994972e-12)
(1233.8891732752088 111.88081736819777 -8.1675880275624298e-12)
(1294.360914524113 143.42808907566865 -7.6272044966031964e-12)
(1347.914474269068 169.77223747423025 -7.5785518355759869e-12)
(1394.7769142255311 195.06173917325219 -7.388476314386494e-12)
(1443.1619198203146 216.32660338343268 -7.2549951185783567e-12)
(1490.3600718897058 231.76808078050487 -6.9456674850919969e-12)
(1528.5361361430757 241.69288928120667 -6.6606824932087713e-12)
(1562.886292924775 247.05248128355601 -6.3633879298822668e-12)
(1599.0834054452907 248.39541650350796 -5.3716219012822164e-12)
(1633.8879309716776 245.88490528551884 -5.0487333630205971e-12)
(1662.0569441837208 240.81749015745712 -5.2138583870158639e-12)
(1687.317358100632 234.49883155407255 -4.974980060186965e-12)
(1714.1398330413808 227.77612715832893 -5.7454991604464397e-12)
(1742.5496294319844 220.78201155790296 -5.526187921766874e-12)
(1767.5508846660769 213.21478237872412 -5.4568256415457192e-12)
(1787.7375683145144 206.42179855868608 -5.6057101642997742e-12)
(1808.1338166429186 201.18587694309599 -5.7499211184052776e-12)
(1831.0029277816898 198.09499994538336 -5.802282141308568e-12)
(1854.6792236278006 195.45855818015966 -6.3628364782352572e-12)
(1873.7341984498044 192.86586279037607 -5.7439648606718728e-12)
(1890.9030530210887 191.83457602822605 -5.9367097009666275e-12)
(1910.3786369034076 192.87970913513755 -5.8890014326156504e-12)
(1931.1280903806914 195.31236300104624 -6.0014547538664328e-12)
(1948.3259774397759 197.21021257698149 -6.1565349173644115e-12)
(1964.4375614470157 200.06695820884258 -5.1360407327635974e-12)
(1982.8929433469962 204.10314541022268 -5.1522528654538757e-12)
(2000.2651198683898 208.84134287781666 -5.4560167067398694e-12)
(2015.4670028625724 213.26348695490131 -5.6447588971605669e-12)
(2031.8333990249278 218.22999450082273 -5.2419615087667203e-12)
(2047.8686216806727 223.70679355928982 -5.409048864229093e-12)
(2063.7040671673212 229.4253975705135 -6.1077976618386095e-12)
(2079.1514365440648 234.42825588272896 -6.1792362605477484e-12)
(2094.2203990200769 239.89966527656892 -6.1856296028150442e-12)
(2108.4024848528893 243.68575420932069 -6.2088903145085852e-12)
(2122.2269260463354 244.82193280425614 -5.9121223932510465e-12)
(889.09914055036052 -56.61697589770975 -1.1544675901148084e-11)
(967.40105885224932 -24.117271684474126 -1.3381420917501028e-11)
(1048.4925905995544 17.590518714153667 -1.2951819494971146e-11)
(1119.195557753563 53.375019050723928 -1.2909118756692658e-11)
(1186.5680613062561 86.637228594332541 -1.1325076634503241e-11)
(1248.9593750231593 126.68723297605395 -1.1217036513193467e-11)
(1303.8952170767154 161.23554545409326 -1.1448789179874657e-11)
(1355.4804267409529 187.60866504521098 -1.1389244768223145e-11)
(1403.8435520794271 213.48021444310743 -1.1138856388042557e-11)
(1450.2977029657143 235.41523426422614 -1.0916853891482989e-11)
(1493.5973171310293 249.64834703237102 -1.0505126135390921e-11)
(1529.9475433285425 257.63228539554461 -1.0404292604299753e-11)
(1563.9371389049948 261.81319772877646 -1.0149417910890169e-11)
(1599.259292597874 262.3895625611932 -9.3519774716217108e-12)
(1631.1438969623268 258.59979112886612 -9.1177198623046157e-12)
(1657.4059430832335 252.53165320316265 -9.5187613204138196e-12)
(1682.7509663159674 246.09792566608857 -9.4351104235704421e-12)
(1710.4735008354071 239.95955863404859 -1.0252114702339754e-11)
(1738.2336324838097 233.56171309382785 -1.012490644413138e-11)
(1760.9783478369195 226.62665876361271 -1.0155816581797284e-11)
(1781.5137196098672 220.94468061788575 -1.038336233360486e-11)
(1803.8970913060432 216.89680495099898 -1.0428876560450528e-11)
(1828.4683912010407 214.53408821368151 -1.0419696362885704e-11)
(1850.4333856604819 212.38897035943822 -1.0738611224155234e-11)
(1868.7337960036805 210.90996094106228 -1.069470655286188e-11)
(1887.3783694216947 210.89816350993021 -1.0611389628813506e-11)
(1908.5205882308287 212.06977044155531 -1.0702255028451408e-11)
(1929.2216670742594 214.06381811037747 -1.0682108859191797e-11)
(1946.0543866548094 216.84920929234923 -1.0579203627891793e-11)
(1962.5449594939578 220.29886156691376 -1.0028878709347158e-11)
(1981.4371574517365 223.86026827069617 -1.0000597233143815e-11)
(1999.3910850418677 228.21288680467691 -9.863058740506038e-12)
(2014.4442015225309 233.1854969702793 -9.7445467967742423e-12)
(2030.7592686225782 238.14092203874279 -9.4005116907993614e-12)
(2047.31968913942 243.28213679157068 -9.3289352429628313e-12)
(2063.3645881769648 249.11926364207824 -9.2593293800674202e-12)
(2078.4959142200628 254.27360794695628 -9.434476234449304e-12)
(2093.6619764126085 259.61962303216239 -9.485912400895541e-12)
(2107.9281931108367 263.36583577042842 -9.3584973294840571e-12)
(2121.5681361372235 264.33510417059568 -8.9100332687181453e-12)
(899.14414288044463 -58.564390286706093 -1.2076045305922234e-11)
(980.13042868202342 -22.378411968370536 -1.1915240378928425e-11)
(1064.9073463492091 23.282732339009961 -1.1736914194666768e-11)
(1133.5075622784143 63.476960013517861 -1.1539913289314209e-11)
(1196.7804160997978 99.443911067811584 -1.1604197204048865e-11)
(1262.4414672254732 141.33644110144621 -1.1492795926887235e-11)
(1316.7056387265714 178.34967259592324 -1.1338971103783978e-11)
(1362.9686893859985 205.69679826993706 -1.141156473439384e-11)
(1410.776552698879 231.09108801158357 -1.1635154015428591e-11)
(1457.0406821867073 252.14844463215587 -1.0003819971746885e-11)
(1496.8388419975902 265.101398673956 -9.9450619379793834e-12)
(1530.7452268957766 271.61024492737198 -9.8895933575799943e-12)
(1564.4719871344726 274.29067642388003 -9.9473813658410959e-12)
(1598.3661770669196 273.1783956579514 -9.120246186742487e-12)
(1627.655644574889 268.54849624527793 -9.1508554451305911e-12)
(1652.9061677630045 262.63818027976794 -8.8550055186649231e-12)
(1678.7564077424063 256.72525654170164 -8.8353866775457474e-12)
(1706.845186133218 250.79403980221792 -8.8207011631772045e-12)
(1733.4895707099122 244.59965118466434 -8.7013551338500611e-12)
(1755.827334536599 239.23684073793353 -9.044161383799642e-12)
(1776.8656129042715 235.25160956888536 -9.7096131278168263e-12)
(1799.8419104710706 232.24456959631968 -9.724817481986829e-12)
(1824.7876605544982 229.65304457294016 -9.6627994725280807e-12)
(1846.9536421425571 228.28285741028449 -9.5954483180076514e-12)
(1865.638405834243 228.35308170717482 -9.5297472875109229e-12)
(1884.4335430389781 229.25054573467091 -9.5477727513582845e-12)
(1905.6836788482544 230.34170090992475 -9.501446389897022e-12)
(1927.4451400670343 231.90108398447256 -9.4389294509637067e-12)
(1944.9740322721539 235.40226925541373 -9.4434897155077479e-12)
(1960.9243898548425 239.2093317455226 -9.1480464941594316e-12)
(1978.9951396636275 242.72911311340559 -9.0769019326791313e-12)
(1998.4137997766254 246.83986963742754 -9.0899668823627578e-12)
(2014.4250604934634 251.85212059750842 -9.1127817393557232e-12)
(2029.7351907398547 256.94033076476086 -8.7683872784569021e-12)
(2046.0847863070055 261.93223396556715 -8.6932305740071838e-12)
(2062.9469022314806 267.62659680469989 -8.6203037121661717e-12)
(2078.1950822033446 272.81754938935711 -8.5544726276179894e-12)
(2092.8834820722068 278.14071710460831 -8.426343371947429e-12)
(2107.2126396712893 281.79295646024764 -8.5780192196063452e-12)
(2120.958335419075 282.5008492429908 -8.6811968738034199e-12)
(910.408307496097 -60.223326759063099 -1.0638477798344902e-11)
(994.03415179465242 -19.469570259570567 -1.1379058170617946e-11)
(1079.0630442232259 30.394095890669927 -1.0597540094049764e-11)
(1149.3792994194005 73.746185351915628 -1.015928619643458e-11)
(1210.7831352207165 112.98038212049205 -9.688896625050524e-12)
(1272.9520227185546 156.59942244945952 -9.4564773583523393e-12)
(1327.9093109030989 194.51074158972241 -9.4952469506157316e-12)
(1372.1525192112708 223.02634299283145 -9.431378851736237e-12)
(1417.1370088636095 247.8763867756588 -9.585616621165646e-12)
(1462.1030738876486 266.81401017282002 -7.3271018152918888e-12)
(1499.7682128209058 278.09115729387861 -7.6162195863956535e-12)
(1531.5341772346853 283.40322895667094 -7.5890845986214062e-12)
(1563.7909757943471 284.3442474219097 -7.7824920656644068e-12)
(1596.5260444017845 281.50364439201081 -7.7476088379539352e-12)
(1624.8717427229819 276.69950066616667 -7.6798629797373591e-12)
(1649.4708873711766 271.57180208272541 -7.2762815573925182e-12)
(1674.7585353862237 266.36460583661488 -7.3968029089204072e-12)
(1702.4865754387736 260.5261951671115 -7.453658810190364e-12)
(1729.344476757225 254.93808492188887 -7.3922585787798428e-12)
(1752.0948352285163 251.25053509971858 -8.1741127046887232e-12)
(1773.0726316080884 248.77130622443241 -8.6235542858176023e-12)
(1795.5901732986376 246.6860268071531 -8.631150885182858e-12)
(1820.6771196658517 244.37859328728482 -8.4510062647779175e-12)
(1844.6219577445872 243.65556951242311 -8.4782852850487572e-12)
(1863.9080303041437 244.76152376995267 -8.593018789561537e-12)
(1882.041394514074 246.24956846225396 -8.5078455943882341e-12)
(1902.2762395369336 247.59018897518249 -8.4320432008286753e-12)
(1924.6408043723118 249.24132394107602 -8.3152534938322022e-12)
(1944.2017472324787 252.91069007438551 -8.2833759008580382e-12)
(1960.1309776706153 256.7878155423075 -7.8002321628834509e-12)
(1977.5100270865682 260.61704816970399 -7.6453044362623535e-12)
(1996.5193210392101 264.64694761993582 -7.5344791921960319e-12)
(2013.347977611184 269.34123784305712 -7.5229219228922205e-12)
(2029.3933630892795 274.57259606513333 -7.0822847271299742e-12)
(2045.3511187059657 279.60812323953871 -7.0775564111033951e-12)
(2062.046402351607 285.05467138339031 -6.9551058605713519e-12)
(2077.6462468714767 290.08253634212889 -6.9150590848076185e-12)
(2092.3915258693087 295.46826097034142 -6.9489671752870026e-12)
(2106.4811222201743 299.05195871593537 -7.3537473599018099e-12)
(2120.1813494471498 299.35849239120483 -7.6006573190262556e-12)
(921.59823598580931 -61.092029717107614 -4.8304690167562045e-12)
(1010.0290083952593 -16.339397128967047 -5.9478267961451383e-12)
(1093.7700785700788 38.662930709412059 -5.6069978722970034e-12)
(1162.4133582339393 85.253633328258431 -5.3173563708362295e-12)
(1224.8677265273964 126.50566702246901 -5.1413804496192408e-12)
(1285.9086088974639 171.88772119490994 -4.9914438057480185e-12)
(1337.1824869870964 210.2213721935174 -5.0437052318011034e-12)
(1379.7123417852688 239.2645342386931 -4.5894021877455812e-12)
(1423.6547159432596 263.27478844168672 -4.6414801412014028e-12)
(1466.4128827446107 279.47013234014742 -4.1004912943884947e-12)
(1501.7371178369426 288.66637675023509 -4.7893673240042655e-12)
(1531.7912487503418 292.74445018998421 -5.0479592745899489e-12)
(1562.3431161774395 292.4097594143185 -5.2806785025286572e-12)
(1594.0765205377052 288.37440435237289 -5.031625551693384e-12)
(1622.3287535137381 283.60182357968125 -5.2194174838891621e-12)
(1646.6648357027448 279.22048623651591 -5.365508759625599e-12)
(1670.83240251747 274.86173190250179 -5.4283865356675943e-12)
(1697.3510980595802 269.81669012432582 -5.5040643406083391e-12)
(1725.2466950532696 265.16684675513727 -5.5928072756275032e-12)
(1749.5766088757448 262.78135208586366 -5.873048533394448e-12)
(1770.6467156992439 261.3623193795122 -6.2258566428832029e-12)
(1792.2638070551816 260.09292288519873 -6.1656453985935569e-12)
(1816.3491668991057 258.71508028300553 -6.1490558436600609e-12)
(1841.4754160437847 258.58863287209238 -6.1437587486104854e-12)
(1862.2916897427979 260.14042302743235 -6.0928800745579635e-12)
(1880.4140522933717 261.965485995368 -6.1024742523384779e-12)
(1900.1569925640661 263.7728296449456 -6.0106909727834268e-12)
(1922.2060991771098 266.02268175458778 -5.910737568685681e-12)
(1942.5951694482933 269.47573196969307 -5.9817585507405299e-12)
(1958.883116449513 273.23451216494726 -5.4175316509176971e-12)
(1976.4054812097227 277.35902900937231 -5.3520090569899858e-12)
(1995.3745036394603 281.51411269198024 -5.3808019060317067e-12)
(2012.3429348176521 285.96313763676483 -5.1563593619008253e-12)
(2028.6128944972679 291.02537359448388 -4.5978164284821608e-12)
(2044.5455992855861 296.1289548451503 -4.5873877626013638e-12)
(2061.3524799288739 301.4594851729691 -4.5521286883791439e-12)
(2077.0391340195865 306.23606317231037 -4.5206616174058818e-12)
(2091.7689942821989 311.61127850684545 -4.4393787544029165e-12)
(2105.7807585364781 315.18539917052698 -4.4860588253196464e-12)
(2119.4493064508829 314.96385807510023 -5.0823130621139334e-12)
(933.12609753314916 -60.756861329097518 -2.8395914052519563e-12)
(1025.2215867915686 -12.199326867955843 -3.109980586305638e-12)
(1110.4618850156292 47.026110848412756 -3.2043061109966306e-12)
(1176.0027083784566 97.675004347732198 -3.4843444050665776e-12)
(1235.7763944985297 140.89435269086124 -2.7360152259799881e-12)
(1297.70441468272 186.66539254943015 -2.8156339231388453e-12)
(1347.8705710012971 225.2848912396843 -3.0145115812714079e-12)
(1387.3067449635803 254.53710236153916 -1.6838356251203953e-12)
(1427.8622495967918 276.92708989329225 -1.9550317583553794e-12)
(1469.2604277617208 290.11466497994979 -2.1423888797868945e-12)
(1503.6583943412595 297.0412704142251 -2.848857783638386e-12)
(1532.0696889075127 299.80474804400188 -3.0157686941537866e-12)
(1560.4816538837786 298.66980929751207 -3.3034782791228138e-12)
(1590.747857501176 294.36972221748078 -2.6235301411180362e-12)
(1619.5745406991493 289.71469990375289 -2.8147526464234748e-12)
(1644.0617037049321 285.904525091229 -3.1184747299823274e-12)
(1667.7518008369611 282.50120386464306 -3.4031099097758579e-12)
(1693.4398693099636 278.81439063582832 -3.339777213789393e-12)
(1721.0903953404968 275.48126965773804 -3.2022549610723626e-12)
(1746.644315814427 273.84375285667335 -3.4713907974801197e-12)
(1768.0818276067471 273.06875921476365 -3.8012140233558045e-12)
(1789.6232011281797 272.58186290811159 -3.811701205940849e-12)
(1813.5377612114428 272.37043080346359 -3.8526289567403472e-12)
(1838.7739697587845 273.08754615517529 -4.1351346501577272e-12)
(1860.2022603154514 274.63964949367784 -3.6820618094234863e-12)
(1878.4965997245422 276.6135498829546 -3.6775207826259452e-12)
(1898.2501725871198 278.89169247438065 -3.6857603855237747e-12)
(1920.36741108002 281.83733450987057 -3.6004397819641837e-12)
(1941.0666404617457 285.11044183269706 -3.5132550288482416e-12)
(1957.5143175396227 288.72595019978496 -3.1341007310277481e-12)
(1975.2304698303151 293.05212796953623 -3.0915847526955962e-12)
(1994.0992592707137 297.30780370020085 -2.9843571580657594e-12)
(2011.2298466130369 301.52611169894925 -2.8976025642428505e-12)
(2027.7477260811047 306.45974842492501 -2.8078882422803639e-12)
(2043.7788305275876 311.61513365152831 -2.8115827572885889e-12)
(2060.4678751423394 316.75287942360359 -2.8166369356160116e-12)
(2076.1778105484464 321.32643901425928 -2.8020605335516878e-12)
(2091.2124203408143 326.71018374152635 -2.7522860058836512e-12)
(2105.140307605448 330.24368264787381 -2.8457541421803358e-12)
(2118.5667261528461 329.29670220962413 -3.2987154058957077e-12)
(945.84761269140154 -59.703559532528473 -3.3921601811111902e-12)
(1039.9399804598565 -6.522249806087359 -3.4707050672846577e-12)
(1125.9718704078016 56.265677858132335 -3.5726117537458501e-12)
(1192.207618522996 109.78013702946116 -4.8803096263924289e-12)
(1247.4226892535173 155.34729188466045 -3.9416700541156987e-12)
(1305.5231500786845 201.72858156522082 -3.8977637710684185e-12)
(1357.7465747823408 239.36160077802572 -4.0864671354290859e-12)
(1396.1386428068924 267.99938531097217 -2.5786498569700973e-12)
(1432.004651263145 288.81831575303528 -2.5198624003877925e-12)
(1469.9246044811118 299.04794767767999 -2.4076099329157926e-12)
(1504.0257952400195 303.36573014671114 -2.4126957528495257e-12)
(1531.8206710168529 304.92579755657766 -2.4600232322011017e-12)
(1558.8681595276371 303.56535538662456 -2.5942958336972625e-12)
(1587.917826465467 299.80187102051786 -1.8766292142670797e-12)
(1616.3733394341721 295.26429347076817 -1.9654987811587879e-12)
(1641.0701095479615 291.99181726896131 -1.7035816140026265e-12)
(1664.7858213235124 289.62945126104751 -1.7397613683569616e-12)
(1690.3729027213715 287.36802878716674 -1.7534935918567658e-12)
(1718.0196808896187 285.60587266318242 -1.7585369471199091e-12)
(1743.7838645865102 284.43107019754109 -2.0768238199411643e-12)
(1765.4421657624671 284.13303920660735 -2.3638346832807067e-12)
(1787.102856371316 284.3866835876687 -2.4330521388333267e-12)
(1811.1537941935358 285.2159638868132 -2.593651167711827e-12)
(1836.5298111737395 286.75689994928126 -2.8859270838930559e-12)
(1857.9888591937333 288.23981023922232 -2.0103174185979427e-12)
(1876.4805994971566 290.36427064549474 -2.0425509246610992e-12)
(1896.5143723921697 293.13371478311029 -2.0268498290379612e-12)
(1918.9043251015303 296.6268932781885 -2.0438040335532302e-12)
(1939.3608251730859 299.70760405519405 -2.1732421046364258e-12)
(1955.9232425907487 303.29692087313765 -1.8204222151936524e-12)
(1974.1849813768688 307.75383862554639 -1.7699872251972648e-12)
(1993.0140975485901 312.07933797015534 -1.8782696480605975e-12)
(2009.8992736786063 316.13743949193008 -1.8853151217161139e-12)
(2026.8968845854936 320.9253863052046 -1.9362612563633102e-12)
(2042.968570666043 326.04841660148736 -1.9831319680622223e-12)
(2059.4727685535167 331.04609986532847 -1.9537782316986309e-12)
(2075.3710943413748 335.46156335615126 -1.9512873952091044e-12)
(2090.5122793621567 340.77048289976329 -1.8931193029388725e-12)
(2104.2900147955133 344.2453762941488 -1.9545921093297956e-12)
(2117.5795840728242 342.30414972263492 -2.2585246585229425e-12)
(959.43081979285057 -58.143464261687683 -3.4031023794070899e-12)
(1055.1600663629229 0.22234446391073484 -3.6887146889191445e-12)
(1140.3951039699255 67.021066481865546 -3.7461951017952791e-12)
(1207.0181827769673 121.70606324419903 -5.2476546120293148e-12)
(1260.6825260163832 168.91485764533834 -4.3343757861718145e-12)
(1314.1018891717556 216.77024440459564 -4.1353077585327182e-12)
(1364.0723522261235 252.8963438239544 -4.1514438891595757e-12)
(1403.6512789031081 279.39155329748644 -2.9702154080252013e-12)
(1436.4366344782754 298.40314681279261 -2.8593201338484129e-12)
(1470.1911615149359 306.3350229497002 -2.7702375331160642e-12)
(1503.3885088111642 308.10964756454518 -3.1576717587707915e-12)
(1531.0172463211825 308.73437860195349 -3.0802141355769955e-12)
(1557.2289822107166 307.69190064951249 -3.0093526598828436e-12)
(1585.4659450991946 304.44367418062063 -2.6607712194929761e-12)
(1613.0575398801518 300.25051918278768 -2.578755822473621e-12)
(1637.8371444171646 297.73483000176674 -1.780574844335101e-12)
(1661.9081344053088 296.67390293781875 -1.7462591226441563e-12)
(1688.0055182403303 295.87288278675123 -1.7649979083573796e-12)
(1715.8200565794443 295.0289054961828 -1.7105502397690886e-12)
(1740.7500632229705 294.26749070439718 -1.7051860770269945e-12)
(1762.4634736802393 294.60111054688366 -2.3470579479848765e-12)
(1784.6799416037425 295.70411602112597 -2.4075832916938332e-12)
(1809.4415188671203 297.45243942500167 -2.3853455654296746e-12)
(1834.7113674632824 299.30688490472784 -2.6295811351259755e-12)
(1855.4516676372352 300.87543665139481 -2.4271259133062233e-12)
(1874.2448699297458 303.34574823027992 -2.4315041561839169e-12)
(1894.8937208059922 306.64689784567742 -2.6268227750824736e-12)
(1917.6844992807157 310.30806733254974 -2.6889065825411764e-12)
(1937.6067485417595 313.23746562857639 -2.6968022288007068e-12)
(1954.2344916735553 316.93138661776084 -2.2121098707056267e-12)
(1972.7372000222651 321.5479729645358 -2.4195204056235894e-12)
(1991.8810146259607 325.7579325783517 -2.3609808802924991e-12)
(2008.4888235965502 329.79625455735919 -2.4009565629436478e-12)
(2025.6293166815722 334.43351108300408 -2.3515466037263732e-12)
(2042.026232878226 339.44431475651999 -2.4047222494536528e-12)
(2058.2971401412469 344.36990249098756 -2.352608869616361e-12)
(2074.207707126548 348.61785500436781 -2.4303785019744409e-12)
(2089.6554431030745 353.85282133628095 -2.4860851621399507e-12)
(2103.3914785622496 357.29215417137237 -2.4180577018761068e-12)
(2116.3726796416058 353.87743959402121 -2.4313488714256026e-12)
(973.83446961526192 -56.115821890258175 -3.680849158074725e-12)
(1070.8044833034444 7.6450356988092123 -5.0044344381958003e-12)
(1154.2545205719921 78.808464578901066 -4.7379018977681037e-12)
(1220.2397138408612 134.27354589139833 -4.6182867751446305e-12)
(1273.5675429568803 181.7294219924224 -3.4911028525838424e-12)
(1323.3781577912762 230.59905463979518 -3.5027658448535569e-12)
(1369.4613006518216 265.98852341236494 -3.6022360529102245e-12)
(1408.6742007774837 289.29533435836271 -2.9073065143486336e-12)
(1440.4712558080569 305.66197204638814 -2.8746465309903593e-12)
(1470.4846091647257 311.80543177512169 -3.3185828382677341e-12)
(1501.8084690206449 311.68093651279315 -4.2045643471913766e-12)
(1529.93946968457 311.58138750486285 -4.0549245471768302e-12)
(1555.4192973884278 311.30865676601104 -3.8685028697684433e-12)
(1582.7750071924788 308.54179744172916 -3.9697067517706639e-12)
(1610.1494265057581 304.83607204759511 -3.9245074681610827e-12)
(1635.0515338661369 303.36477534431106 -3.4779721232287724e-12)
(1659.4829936118822 303.91723270039489 -3.3442031420442032e-12)
(1686.0267771107312 304.16617377253391 -3.3352308649876744e-12)
(1713.3583181588322 303.42123352001101 -3.2683312057869256e-12)
(1737.8323766419965 303.38405055177913 -3.3370052956857065e-12)
(1759.7942336100248 304.74080521346951 -3.9624184234311448e-12)
(1782.6519068458904 306.73594874405262 -3.9603209547060716e-12)
(1807.927070550603 308.91039749066562 -4.0905665705477428e-12)
(1832.6903661087774 310.63782781861045 -4.6632969279483261e-12)
(1853.1421566897786 312.65771346337709 -4.639817097240682e-12)
(1872.1867277942454 315.62149936584785 -4.7388525534471108e-12)
(1893.1212502088561 319.39087786529961 -4.6885715932592597e-12)
(1916.0772009078692 322.95693197003567 -4.7360468978562876e-12)
(1935.9279656842361 325.76652001608363 -4.7254861645176326e-12)
(1952.6412365018687 329.61006733122417 -4.5888842367093928e-12)
(1971.2731218855572 334.52809905747199 -4.4981454485470697e-12)
(1990.3249428038996 338.44966898968477 -4.4971200696304909e-12)
(2007.0809024802152 342.49455986424022 -4.4527077313511911e-12)
(2024.3369961078542 347.09671130562811 -4.188423300212196e-12)
(2040.8684175419296 351.88305061030877 -4.1877609864114385e-12)
(2057.0869529247971 356.73934823183674 -4.2353332094225837e-12)
(2072.9169741211931 360.90046544901924 -4.1432958672766719e-12)
(2088.5574011608705 366.06580470642672 -4.0012274176635098e-12)
(2102.3579667576291 369.40635962709075 -3.8624351638369192e-12)
(2114.9720631943883 363.77030152212581 -3.4790554895492323e-12)
(988.39365125368829 -53.111332022790371 -2.9181493510782938e-12)
(1087.2887870153825 15.413114625033144 -3.9332267749674382e-12)
(1167.8295990507966 91.062252622408806 -3.4966130461828003e-12)
(1231.6350797419384 147.24633070703166 -3.1652804365765949e-12)
(1284.5805369531276 194.04444140352129 -2.9390007079753636e-12)
(1332.4310197225693 243.34497263734761 -2.9629974674791829e-12)
(1375.1513146128987 277.87408715761052 -3.2473871729332084e-12)
(1412.064208773563 298.02650383956831 -2.9169563222971478e-12)
(1442.9175523731656 310.89683198716307 -2.9194538993218721e-12)
(1470.7800592230549 315.36161138820557 -3.4177998050722882e-12)
(1499.5820913454641 314.49932683932991 -4.2708601762801783e-12)
(1528.5813975624426 313.96543865356239 -4.3180338700324962e-12)
(1554.468906125343 314.31160993908077 -4.326599677380997e-12)
(1579.6017186313304 312.39851371361061 -4.1602221316527946e-12)
(1606.7845030966027 309.45118786386962 -4.2025895785811059e-12)
(1633.3627822670196 308.8965519929634 -3.9786815786910054e-12)
(1657.8106556122843 310.90074404445767 -4.1200540102558569e-12)
(1683.1876645278062 311.84269985483337 -4.146853247749841e-12)
(1710.4926260826844 311.35434114419212 -4.2022373413304361e-12)
(1736.0419057025631 312.15750414380375 -4.4218719139434773e-12)
(1758.341884391242 314.37715540254197 -4.8342235437663318e-12)
(1780.4992392704371 316.95657820557165 -4.8036709536482236e-12)
(1805.0646747611288 319.41792587655334 -4.7917028707005756e-12)
(1830.5493023394138 321.39018156114616 -5.0372731058971182e-12)
(1851.7967323496398 323.75196748497547 -4.6439841855839389e-12)
(1870.7271719163969 327.02025853965608 -4.5800603510914814e-12)
(1891.2134271908553 331.15287104657625 -4.4723075005491697e-12)
(1913.9237338398416 334.82475596006026 -4.2959366789285861e-12)
(1934.0831532971167 337.40722426463782 -4.3074810676321714e-12)
(1951.1032104460428 341.48261184901907 -3.7583808795839547e-12)
(1970.1159767537613 346.59959337196813 -3.7118922097054155e-12)
(1988.6045559858835 350.27400478505035 -3.652625682633303e-12)
(2005.4757140590707 354.30847528747995 -3.5613888693577297e-12)
(2023.0173198454386 358.90337306745266 -3.2245535999577735e-12)
(2039.6368877219952 363.43884206785907 -3.0375759548743421e-12)
(2055.7669004378231 368.19096168006791 -3.279159215224797e-12)
(2071.5621486506598 372.30648978961887 -3.3300506065123395e-12)
(2087.273466943785 377.49497185680463 -3.3067397624870167e-12)
(2101.1498835660991 380.65372834141903 -3.38097577713214e-12)
(2113.2355107927806 371.62802779957104 -3.3571767556449359e-12)
(1002.7620824068362 -48.665910157252647 -1.0389460054635815e-12)
(1103.2870077384584 23.958835123424223 -1.4236057682515774e-12)
(1181.997057208089 103.13502381263064 -1.6814481819445117e-12)
(1241.5763436741693 160.15108173958123 -1.8716887916818986e-12)
(1293.2847306150127 206.14776883186147 -1.0700466826446727e-12)
(1340.7690939756408 255.05727022118057 -9.4286549959387293e-13)
(1380.2802100981849 288.14257162863504 -1.3528986699574654e-12)
(1414.3479518167339 305.2986430641007 -6.3199745054582316e-13)
(1443.6407194318574 314.57736107962836 -8.7591094886717675e-13)
(1470.1643957033634 317.37485648207547 -7.5935803251143497e-13)
(1497.8454639937358 316.65229850744186 -1.39101469691611e-12)
(1526.2608533319517 316.25719844486144 -1.7119995618051375e-12)
(1552.9852664595808 316.72724285284477 -1.7965514039151039e-12)
(1577.722226430996 315.94418316101002 -1.6210845405103835e-12)
(1603.2061116574425 314.24109215098798 -1.7533857578681127e-12)
(1630.679998975698 314.40693437293737 -1.1048890971935875e-12)
(1656.8892409010193 317.22627649599775 -1.0822459359329262e-12)
(1681.0467490406295 318.98358285372973 -1.0952040915195206e-12)
(1707.2086705601639 319.20686121813242 -1.146677509051889e-12)
(1733.6557976319486 320.52172829654558 -1.4000225486384161e-12)
(1756.7379879115065 323.14426518640107 -1.8486047052548913e-12)
(1778.7380321989262 326.26448667716977 -1.8584425332632154e-12)
(1802.8578686599126 329.38948700968075 -1.9132601631961096e-12)
(1828.1283043631211 331.68474034006897 -1.9417964369696294e-12)
(1849.5996967970875 333.90534580601894 -1.4276396516095527e-12)
(1868.7475287416767 337.4409615028581 -1.411173157157724e-12)
(1889.5074542635471 342.11256461671917 -1.4031570708621148e-12)
(1912.2310902806662 345.97394930279563 -1.3645034025285956e-12)
(1931.7871237835045 348.16790758926118 -1.2777855461159171e-12)
(1949.191602131026 352.63304697292187 -8.79421861027662e-13)
(1968.6512310019591 357.69372758195306 -9.4358780147173219e-13)
(1986.7073392172485 361.23644476349494 -9.8516496344763662e-13)
(2003.7144116107627 365.29795660754132 -1.0146679701516365e-12)
(2021.3789004832156 369.83221772249988 -9.3376512160566373e-13)
(2037.9540789766113 374.08763647910723 -1.0539302999626833e-12)
(2054.0657745288154 378.80472972745849 -1.2203977752333631e-12)
(2069.9691440409019 382.85399178216892 -1.2319848691534642e-12)
(2085.7073159960005 388.16323483244355 -1.2753983578459917e-12)
(2099.5567011935177 391.05080610215475 -1.4448814850020762e-12)
(2110.9928829924379 376.96325866622709 -2.0401741949008279e-12)
(1017.1942454275041 -43.032267291556813 -1.9821962899167682e-12)
(1117.6810055369574 33.998904288460658 -2.0835881431507799e-12)
(1195.7915455712782 114.74175004243551 -2.0257465834154427e-12)
(1251.344252559107 172.39844306237319 -2.0456815747384057e-12)
(1299.8136764910034 217.96398430066787 -1.2675942700317201e-12)
(1346.9595956656126 265.69887629081762 -1.2138700100752822e-12)
(1384.748104711246 296.66559758912018 -1.2376640156444428e-12)
(1415.7621519002266 310.75939979181862 -4.0523919022021084e-13)
(1442.879979955788 316.86140879345982 -4.0485113857896339e-13)
(1468.4210556112637 318.48522059162582 4.3996851589399889e-13)
(1495.7122809076961 318.12302186983862 -6.3419689305238559e-15)
(1524.0839564091559 318.43683810811126 -1.8241936644145087e-13)
(1550.53360536384 318.99198134236894 -1.8222039458998273e-13)
(1575.0854140349823 318.90768063364766 -4.6884135164786087e-14)
(1600.5096292909591 318.86047858432482 -1.2596241031173588e-13)
(1627.8242651786813 320.13339362124151 4.0369733031116395e-13)
(1654.9072296895401 322.94220748868071 3.7945087191663819e-13)
(1679.0564700347902 325.32674817243975 3.1943543318779785e-13)
(1704.2991206644656 326.71490632350077 3.6388388278542107e-13)
(1730.866718865562 328.53341294760645 1.8035975466282217e-13)
(1754.4890382555971 331.17277020226896 -1.781193478165375e-13)
(1776.5234221965218 334.77992200904515 -1.8713301488643589e-13)
(1800.5741891104794 338.67249066895891 -2.2686985760928422e-13)
(1825.6395109249806 341.18354429083575 -8.4694200244151796e-13)
(1846.9086950114759 343.20393018564221 -8.9917569027347252e-13)
(1866.3044759553322 347.18743928839854 -9.5929122637519902e-13)
(1887.5936480608204 352.42573203292869 -9.7785642972998251e-13)
(1909.9848721389419 355.88423816241186 -9.7965290256954552e-13)
(1928.7050682847153 358.0858945804751 -1.0194467037075572e-12)
(1947.022401509653 363.12804225205093 -9.2304176447132112e-13)
(1966.7758456714498 367.75188117442474 -9.082555986642684e-13)
(1984.1377138617543 371.30180109181447 -7.9832982385816238e-13)
(2001.4020940620767 375.34361107378498 -7.2645212576643808e-13)
(2019.0494441336236 379.88066660280998 -5.0467142695062499e-13)
(2035.7568455000064 383.80735955223236 -3.228502367941555e-13)
(2051.7428804818505 388.58136168138952 -5.8584999290507153e-13)
(2067.7129016915574 392.44364386213391 -5.5580571859875134e-13)
(2083.3313935934407 398.06744662876901 -4.9785212841743022e-13)
(2097.4324084700743 400.50848154690067 -5.1876468060222113e-13)
(2107.4957642728259 379.22697617314913 -1.0118557476570873e-12)
(1031.4968585354798 -36.836903366180167 -2.7377231817440778e-12)
(1130.3534196630828 45.536451839274655 -2.7121284750319499e-12)
(1207.2298845331686 126.24751445185812 -2.5302030581125961e-12)
(1260.8589367773441 183.15835783395673 -2.5469668176891994e-12)
(1304.7522519588849 229.068659155343 -2.5316971350386225e-12)
(1350.0473153989969 275.58450685283628 -2.3474175101916938e-12)
(1387.0287847580753 303.30310155167467 -2.2547892838281625e-12)
(1415.669815885477 314.11676619652593 -1.3493815882889651e-12)
(1440.5640201816686 317.83274620717486 -1.174987149428168e-12)
(1465.4627765494397 318.9106897650525 -2.6738153420105205e-13)
(1492.506784075191 319.16926723056343 -5.1889908447573995e-13)
(1520.8721396208084 320.11802972844276 -3.8523199623510103e-13)
(1547.115471522186 321.03193234212597 -4.1270628779398707e-13)
(1571.5667342390575 321.72529884123861 -4.7057167578441031e-13)
(1597.0669115694473 323.02830467477406 -4.6018137120320873e-13)
(1624.5356655014839 325.51806392735585 1.7671143760064856e-13)
(1651.672942765251 328.17430436046084 2.5191669193879385e-13)
(1675.7246578987131 330.98294689182467 2.5438536374173395e-13)
(1700.9354933429584 333.61297086536734 1.608124776935816e-13)
(1727.4144234204725 335.86736336504299 -2.1199618755535383e-13)
(1750.8242006168398 338.41308617043217 -3.2066199051005512e-13)
(1773.1459069652849 342.67032971964352 -3.4035482655370789e-13)
(1797.6559881391586 347.2164243505311 -3.7376677561850909e-13)
(1822.018698828422 349.5223012715644 -6.3121959948528543e-13)
(1842.6337851884596 351.57479428379054 -5.8112237198997104e-13)
(1862.63850704281 356.39911598788206 -6.3850425238554283e-13)
(1884.8666208278821 361.75185341171516 -6.4471528070959843e-13)
(1906.0904155404064 364.5013108671605 -6.525086302966561e-13)
(1924.4165681645718 367.31025934432819 -5.7664035031988873e-13)
(1943.6378199465078 372.7307043314114 -4.3005340532870429e-13)
(1963.0864724720223 376.5809970978907 -3.7542840874596639e-13)
(1980.0847599214787 380.41038286285266 -4.4595107169236908e-13)
(1997.4276224609375 384.42690489081798 -6.3930590869610907e-13)
(2015.3501337105986 388.94788734581658 -5.7914434764325609e-13)
(2031.672561995847 392.40212652756105 -4.9815101660860533e-13)
(2047.5991818587797 397.44422682106529 -8.2622641899664023e-13)
(2063.7420530289669 400.96092720612677 -9.7535617992439502e-13)
(2079.2410788687057 407.14851845941297 -8.8987894366158784e-13)
(2093.4301832183946 408.80039543059451 -8.0663772695137256e-13)
(2102.134312078088 377.97019315153381 -8.8072136004160194e-13)
(1044.3495206536672 -30.100007014448757 -2.1224413121733827e-12)
(1141.5410180619397 57.793384438492964 -2.2756223747102425e-12)
(1214.1209185494872 137.61259306068072 -2.3173658831003228e-12)
(1266.0314407121725 192.3415885261505 -2.6533217664986974e-12)
(1308.6616068543242 238.8835833829917 -2.2114254149061519e-12)
(1351.2493828358008 284.19639005161099 -2.2614776987211356e-12)
(1385.4386862343333 307.84487248909193 -2.433071097767354e-12)
(1411.9865008161928 315.34009941194728 -1.3844182142573634e-12)
(1435.7136238671346 317.55113162126122 -1.3511534483768573e-12)
(1460.2100145251998 318.58452449852916 -1.0163361889202232e-12)
(1487.1182913508071 319.63560504059808 -1.2229248699852985e-12)
(1515.5518469938836 321.20758432216638 -5.7785367517611254e-13)
(1541.7288053911373 322.60678087779144 -6.1533820403724143e-13)
(1566.1862021805507 324.09758917236724 -5.8908750944592977e-13)
(1591.7931873698333 326.62895259993996 -4.5356058729915705e-13)
(1619.5321309667486 330.20078752007646 -1.3108684928121094e-13)
(1646.561068603784 332.50868553536071 -1.4632970100960857e-13)
(1670.2443325986831 335.98942883044276 -1.6671282880292734e-13)
(1695.7158418224724 339.77446118643934 -1.2642474674843778e-13)
(1722.1683966618311 341.94059877777585 -1.2440450101669386e-13)
(1744.9423269608922 344.7204620995343 -6.2927959929856255e-13)
(1767.7195143805804 349.94794624808083 -6.3821837749189235e-13)
(1792.7107447057972 354.37149228718226 -7.1311694125501541e-13)
(1815.6610434813663 356.37390150091392 -7.8331680569361271e-13)
(1835.9816973336779 359.263263314553 -6.985689811567533e-13)
(1857.5789300321198 364.70027134295901 -6.9728360379189659e-13)
(1878.8874995313499 369.20431559103889 -6.2070493845113845e-13)
(1898.9160862467288 371.95175989352117 -6.2425712246211251e-13)
(1917.9044210656298 375.61599488255973 -7.2934402884639147e-13)
(1937.7097166414499 380.76781746259303 -6.1766931157508055e-13)
(1955.9678304784647 384.05271891280404 -5.9731494484776241e-13)
(1973.2503238892214 388.13867247047216 -6.6109683511344012e-13)
(1990.1792597067511 392.24690137711548 -7.4897035516991577e-13)
(2008.3547569481705 396.53854995127432 -7.3551579050406742e-13)
(2024.233743164441 399.71497346262936 -8.71215388025617e-13)
(2040.700639311973 404.76668789356853 -8.2585696225812847e-13)
(2055.5699778586763 408.08341005864486 -7.7964419130219142e-13)
(2071.8266188846992 414.82228915701137 -8.5178745772560509e-13)
(2085.639185586017 415.72175173685332 -8.570709595691803e-13)
(2093.6223899238325 371.9435370541558 -9.0424717928351097e-13)
(1052.8883482288591 -22.582989267075099 -2.7825476396579114e-12)
(1149.5806078439812 69.330798585035055 -2.9781659721340083e-12)
(1216.2443565013746 147.4708436387678 -2.8799361378453771e-12)
(1263.7639624496458 200.01882233410458 -3.1377487800902745e-12)
(1304.9563436557446 246.8030374652013 -1.8917747760464158e-12)
(1345.3472369457306 290.53580645638561 -1.8571394203497731e-12)
(1377.8379418328482 309.58445381446569 -1.9998778393146825e-12)
(1402.4805869111165 314.22768673711022 -1.4280709782852554e-12)
(1425.6329786912515 315.65249726171663 -1.7522545431039993e-12)
(1450.0873384375743 317.07418556480877 -8.2646693006365211e-13)
(1476.7359086146635 318.99606744949699 -1.1613707171985312e-12)
(1504.9518200805269 321.18862773253437 -4.4083945578455667e-13)
(1531.1735723655818 323.11401261105834 -4.4685489763274541e-13)
(1555.7648149838683 325.47428767432893 -3.9723529986316981e-13)
(1581.9228239242354 329.20815449715747 -3.2675971337645173e-13)
(1609.5502198142924 333.06905859600232 -3.5849462534204415e-13)
(1634.9769854262699 335.52000093834602 -5.4201092352061823e-13)
(1660.4159839968561 339.96249775122504 -6.1353746235645516e-13)
(1685.8904291783253 343.99633656316161 -6.7252684706091567e-13)
(1709.8589009801112 346.25431513296553 -6.7785907654980191e-13)
(1733.7051805768101 350.01919887846492 -1.2097618503914741e-12)
(1757.9619922807849 355.54097790430239 -1.3265835050197492e-12)
(1780.8100074171389 359.04381467707032 -1.2925664894065588e-12)
(1802.4613222585565 361.76594777927949 -1.3519362733539969e-12)
(1824.1675783002472 365.84360687058944 -1.1605520333578704e-12)
(1845.9351831531228 370.69221831090238 -1.1655385507307142e-12)
(1866.0750597595236 374.25310405826167 -1.170124830886193e-12)
(1885.1309597454422 377.8911229973404 -1.2568154360909581e-12)
(1904.4110993345555 382.17605659966819 -1.224266993322549e-12)
(1924.4268650488452 386.5503829554317 -9.0542914300088892e-13)
(1942.1938012105504 389.43575042344673 -9.2221901384299388e-13)
(1958.5583902609212 393.71577993436472 -1.019055830768149e-12)
(1975.4955031983054 398.09244235555673 -9.3360946298579674e-13)
(1993.4254843160672 401.8679306479653 -8.8673107646288417e-13)
(2008.6525198486488 404.92966584472077 -9.238737374579375e-13)
(2024.967872318342 409.67012334152952 -9.2180593383070007e-13)
(2040.0148097366839 413.17470980888265 -9.1404461683806819e-13)
(2055.285262360278 420.27763708993365 -9.2221969420877031e-13)
(2070.6869910171222 420.2019990406971 -9.2283850743988465e-13)
(2077.7553747689499 359.62076441755011 -9.3096502497923928e-13)
(1053.5106389387017 -13.718233153154294 -4.0606468374667705e-12)
(1147.6793787277531 81.124341848255909 -4.0859262020968119e-12)
(1210.4324143927863 155.07660814345002 -4.0934033771751771e-12)
(1253.9500667080881 205.46896018787805 -4.3176548290932583e-12)
(1293.8469647590109 252.7343557101162 -3.0103414017933517e-12)
(1334.7458476909781 293.41739797730247 -2.949440408650546e-12)
(1362.3170107078599 307.49632038162304 -2.8114651127218411e-12)
(1384.1115969398336 310.23256968086616 -2.4219006106427206e-12)
(1406.7934476490095 311.56895415196738 -2.8603709932775868e-12)
(1431.3915151602746 313.64046443722316 -1.8673533142234732e-12)
(1458.0790555780936 316.49609875785086 -1.8390292919778555e-12)
(1486.0807908506195 319.28478250843267 -1.6628120727385369e-12)
(1511.8907104429982 321.7839803982136 -1.7424163278862317e-12)
(1536.6715811209101 325.05304452798089 -1.4832417395594245e-12)
(1563.0829474069278 329.48505044417129 -1.6743250160747506e-12)
(1589.8775923458238 333.23970225850582 -1.4609271459308396e-12)
(1615.4794741452667 336.66288502382559 -1.4410756746548788e-12)
(1640.353967546431 341.31457859619309 -1.4562545405479053e-12)
(1665.1674449876148 345.15741188031456 -1.3057093105374707e-12)
(1689.5777502216222 348.5087420396639 -1.4871125190957025e-12)
(1712.7861126379867 352.64186561493193 -1.9404938474204806e-12)
(1735.5636098684831 357.51360608280521 -1.9123194581297752e-12)
(1758.2725487789471 361.09104733958503 -1.8818430516447733e-12)
(1780.7342678570656 364.96802683940354 -2.492849586256428e-12)
(1801.3330108421333 368.82769199465247 -2.0783336661316139e-12)
(1820.9606182299208 372.9956962673661 -2.1406994589640138e-12)
(1840.942216882072 376.58516047865459 -2.143467659099163e-12)
(1861.5630006975198 381.0898530734803 -2.0837365737871006e-12)
(1879.739171991833 384.94803460279707 -2.1191368619075424e-12)
(1897.0433803083165 388.61782584130594 -1.6627528298071042e-12)
(1914.294976283285 391.49455424050785 -1.5824874521829777e-12)
(1932.3208950127807 396.24864922019998 -1.5006947215460062e-12)
(1948.5737960012343 400.17136739647924 -1.5833606030385419e-12)
(1964.4579536477902 403.43340302352937 -1.4731203163841389e-12)
(1979.3118844837031 406.55200140436648 -1.4717062987691103e-12)
(1995.602900922348 411.17928393990638 -1.5400548948596992e-12)
(2010.1431935167545 414.24136758485827 -1.4396086201270447e-12)
(2024.8633332463883 422.17581533095012 -1.4727091278535677e-12)
(2041.5134299345204 420.21372191450365 -1.4502638562840529e-12)
(2048.2064257183074 340.66603803418974 -1.235959267145904e-12)
(1044.740969317565 -5.3820791361381701 -5.2012387580703891e-12)
(1135.9311791993116 89.928512360081513 -5.0821672457402735e-12)
(1190.3966841051292 157.78020114554505 -4.9990067295405073e-12)
(1228.7131883740255 206.08410577496949 -5.2714751515009444e-12)
(1266.0891503434855 253.36980344343229 -4.0162043765250552e-12)
(1301.5538477486696 289.10454034229895 -3.8967549095575161e-12)
(1327.3143000343118 299.89404211742146 -3.8073991590935241e-12)
(1349.0290693464567 302.15269514467298 -3.483805418942262e-12)
(1372.084087696064 303.87637886434442 -3.6032397553418102e-12)
(1396.9394816221279 306.68612607763407 -2.7510559136812699e-12)
(1423.5681453815118 310.34671191215278 -2.9752873622909285e-12)
(1451.2105569412047 313.67884028484065 -2.3758224533171191e-12)
(1476.7448576797506 316.9187990529511 -2.3421578885419363e-12)
(1501.5102569998007 320.87509906665207 -1.5988254063967991e-12)
(1527.4762149876481 325.54573462641929 -1.6387707057406424e-12)
(1553.601880623112 329.59785870531704 -1.0941372264141909e-12)
(1578.5180768219338 333.47574263692843 -1.1164218359216227e-12)
(1603.1372740368845 338.2861633469866 -1.0589979186524374e-12)
(1626.9142703990885 342.30453502264612 -9.968617030788115e-13)
(1650.3460914361058 346.01043630941518 -1.4975346794739671e-12)
(1672.9524959927614 350.20206081126003 -1.7744006766761066e-12)
(1695.4206439525367 355.03623675773662 -1.8101704839539248e-12)
(1716.8236575971591 358.79607955094394 -1.8371695005524775e-12)
(1738.1778289137669 362.74006729769002 -2.0216214031136306e-12)
(1757.7313493819588 366.2327174612667 -1.5184932440976117e-12)
(1777.3059980174601 370.54928881420693 -1.4710081304303504e-12)
(1796.1582672760223 374.35923079255667 -1.4914248243589234e-12)
(1815.2268256619161 378.3985377967677 -1.6446604301077739e-12)
(1832.0642185880465 381.65012105769154 -1.679162320701435e-12)
(1849.5567148672649 385.50268881508254 -1.0863752237359912e-12)
(1865.5995494230585 388.61133469122291 -1.1738414039721889e-12)
(1882.1320328290606 392.70559871066985 -1.1566687396862487e-12)
(1896.9232942588953 395.9693002033481 -1.1611343009486776e-12)
(1912.5592388460236 399.25185554211515 -1.0007581947042524e-12)
(1926.2567731199911 402.31390744830605 -1.0896775147752441e-12)
(1941.4456969018247 406.39929929877769 -1.4214544142267614e-12)
(1954.4294193523078 408.93536208131792 -1.4984926092220384e-12)
(1968.7549645312258 417.46728272560847 -1.5562282712162034e-12)
(1988.5195375554611 413.33531253987667 -1.5597960110749492e-12)
(1995.4054198004485 315.13179642844568 -1.4751629066586769e-12)
(1014.1429854442805 1.7681647474791033 -4.6171233013164728e-12)
(1097.7452596022088 94.298124411405709 -4.9717311561630046e-12)
(1145.0662273823411 155.16960945374444 -4.969087920342546e-12)
(1179.6673942690854 201.7705187257564 -5.7251344515781104e-12)
(1215.5147043411448 248.85617311781917 -5.0908882036610991e-12)
(1248.1870630402063 280.4481460333061 -5.0712187100628355e-12)
(1271.7809970019764 287.62930564063583 -4.8615566982004632e-12)
(1292.8258064474896 289.20564147142193 -4.4629867749835876e-12)
(1315.6782979065301 291.28002681383572 -4.3932339240224095e-12)
(1340.4669816691442 294.73748729401365 -3.5670620772608166e-12)
(1366.6836936987884 299.02234464298431 -3.891737065910618e-12)
(1393.4714439054912 302.88452066311424 -2.952841300960629e-12)
(1418.3690308032328 306.74820467297553 -2.9093891096746599e-12)
(1442.5800175385757 311.10769894457309 -2.5131340955879771e-12)
(1467.8622927096583 315.96464113680122 -2.5100571997144869e-12)
(1492.8277803326841 320.29180848342071 -2.0668584611914409e-12)
(1516.6268644493418 324.47990249383395 -1.9251736737514848e-12)
(1540.0523772167905 329.18947534254465 -2.3401629529351148e-12)
(1562.4912586127105 333.30437029411735 -2.4419831657554152e-12)
(1584.6045096183841 337.28473579582322 -2.7154861450629091e-12)
(1605.7997943004277 341.36554610308895 -3.0663572088707768e-12)
(1626.7450828886824 345.8623550735183 -3.1649889150681672e-12)
(1646.6819377933032 349.66955453198949 -3.1108194696829048e-12)
(1666.3821504021982 353.49838949698375 -3.4746560619603961e-12)
(1684.0034783419674 356.72590529915385 -3.2508720297338753e-12)
(1702.0877784668621 360.74797820790906 -3.3016860152774713e-12)
(1719.32487879163 364.35942746050119 -3.3423170116695528e-12)
(1736.4265266433006 367.88935833957999 -3.3661978029879059e-12)
(1751.2523227321547 370.90415299066092 -3.2929631712229665e-12)
(1766.8969273223011 374.25236065004668 -2.9143352874165028e-12)
(1781.02517596965 377.13803891820464 -2.9663611940269035e-12)
(1795.6235237531153 380.51067151131394 -3.0566635752744629e-12)
(1808.3353963525692 383.42628258073421 -3.0990522272571092e-12)
(1821.723347896155 386.07689377752587 -3.1250448438628107e-12)
(1833.4127025483592 388.82455326332814 -3.2010691770896401e-12)
(1846.3532620255114 392.05034949053538 -3.2436533639570085e-12)
(1856.9833713998626 394.15929776887504 -3.2912871479394282e-12)
(1869.2092846521439 402.30117673749356 -3.3929558249848669e-12)
(1893.7688531380957 395.22115344456057 -3.1963382788061374e-12)
(1901.7538763187938 283.17464622083605 -2.7001674951718049e-12)
(952.33111146806425 10.367817931799303 -7.634478058607936e-12)
(1028.195741085618 97.335574528285903 -7.7720227363856627e-12)
(1068.4969718760635 148.30740216922683 -7.7439050175750946e-12)
(1097.7864884926275 192.83968449921912 -8.4460984387427347e-12)
(1131.5157626207424 237.0303330340812 -7.8635037519130449e-12)
(1159.0581265421749 263.05090757079739 -7.7106430331202694e-12)
(1179.7677409702612 266.79609742297458 -7.4997259619080017e-12)
(1199.3670792653036 267.84031994736796 -7.1972666041898812e-12)
(1220.9843300435912 270.2052011571202 -7.127788860229945e-12)
(1244.4480517284021 273.9524026098469 -6.7643653107495949e-12)
(1268.9999310703167 278.40647527556376 -6.8957767071240745e-12)
(1293.5541651799533 282.48962639068765 -6.5355781794077192e-12)
(1316.4844217715186 286.57614557140244 -6.4038112587770372e-12)
(1338.7935077608563 290.98884139751914 -6.3755034637749366e-12)
(1361.630234969125 295.59537714027323 -6.4344171942450536e-12)
(1383.3522144038377 299.71989238020336 -6.3532283295819435e-12)
(1403.9750004516779 303.66168302885478 -6.4524950605656727e-12)
(1424.4471410783017 307.89061470081202 -7.0653287298731232e-12)
(1443.6993562642945 311.66544570366477 -6.9557863665999673e-12)
(1462.5101456562888 315.31110445294689 -6.9334006609215967e-12)
(1480.309702611072 318.82357333733819 -7.3319631093142358e-12)
(1498.152309285826 322.68764226336617 -7.3607021182447875e-12)
(1514.5651031582693 326.00746150047104 -7.3368074415602046e-12)
(1530.3877760637106 329.08686976631361 -7.7681650171109272e-12)
(1544.4887832264405 331.78339317716035 -7.1549802435114717e-12)
(1559.3083815163104 335.06876653246837 -7.1490583447340148e-12)
(1572.8304277119212 337.98086537909421 -7.1229355089937169e-12)
(1585.8003151323412 340.51164801233818 -7.1741329213345639e-12)
(1597.1930811474704 342.97316358327487 -7.1340494466052834e-12)
(1608.8843594660943 345.34953345015833 -7.1396304652568066e-12)
(1619.3061024315359 347.60277026049715 -7.109395689217474e-12)
(1629.6651514744042 349.77608352088959 -7.1126993964811473e-12)
(1638.7844004482326 352.00073848169302 -6.9859884207075248e-12)
(1647.6543042303824 353.53926209975668 -6.8909974905062476e-12)
(1655.7107409841124 355.58510319174849 -6.8524832316756316e-12)
(1663.7124146643725 357.35746882446091 -6.8812721344063213e-12)
(1670.6035719566096 358.90807573237407 -6.8905308128707496e-12)
(1676.9207506834007 364.89325770861603 -6.8612035474753296e-12)
(1707.0504826207587 355.86391831158869 -6.5541496492407384e-12)
(1721.6544807197085 243.71843784559874 -5.6192634829343726e-12)
(823.8903527168801 6.3547432423657222 -9.8262119381999106e-12)
(890.69464867480394 81.895147212437493 -9.7523549211760702e-12)
(906.978684452587 124.7617941352416 -9.5670529195002068e-12)
(933.62201938423118 163.18692495647423 -9.5275731433919447e-12)
(962.26633568638886 200.10835888579453 -8.5082688001969552e-12)
(974.8094715253286 221.01126326722331 -8.5037560688951137e-12)
(983.80320368135915 223.00428358312817 -8.3776720506393667e-12)
(996.47455334438712 222.91877543104175 -8.1681068445568109e-12)
(1010.9355146296294 223.92658335557996 -8.0308872814170713e-12)
(1026.4449596268414 226.10376685313466 -7.9805525742555643e-12)
(1042.371688780629 228.80770580719067 -8.3168331962998717e-12)
(1057.8266311397363 231.18958143926938 -8.2412426204903789e-12)
(1072.0352231699676 233.64666387229201 -8.2280667267090438e-12)
(1085.9222263769354 236.41383313314375 -8.0290841477293811e-12)
(1100.4251176813696 239.30949219565923 -7.9673297984006891e-12)
(1114.5165996668472 241.95241680727071 -7.4855402392562024e-12)
(1127.7110856762165 244.48476020408822 -7.4811512597921401e-12)
(1140.8715861392361 247.17238419813503 -7.4116485508652521e-12)
(1153.3998785260001 249.62054365961805 -7.3588533399770717e-12)
(1165.6132905255054 251.94858117921927 -7.5295906115502234e-12)
(1176.8558272545745 254.15685948894711 -7.8136993346981455e-12)
(1188.0653506546146 256.55549086251682 -7.8326479610645639e-12)
(1198.2667915302436 258.62754001058812 -7.7749579224210086e-12)
(1208.1290488015277 260.42294934818722 -8.0496068649860262e-12)
(1216.2100597110357 261.97796045841795 -7.7178998336779845e-12)
(1224.6569647288263 263.8048710092844 -7.6150114302277204e-12)
(1231.914762184894 265.40271652994966 -7.5495680546499976e-12)
(1238.9415941407547 266.60466224191509 -7.4693049456080107e-12)
(1243.9801966219848 267.78190623875275 -7.477118677790789e-12)
(1249.5128435460501 268.74784607570854 -7.4652561332965071e-12)
(1253.2740141928116 269.64102819534156 -7.3341537657079037e-12)
(1257.1638149323142 270.29346094323392 -7.2668371115310004e-12)
(1259.2638912962202 271.02487294243269 -7.2072186305147433e-12)
(1261.7006521198227 271.1216137023913 -7.1369510335381421e-12)
(1262.115996967714 271.53488055617237 -7.0379758916446692e-12)
(1262.8837263485116 271.51707650250739 -6.9605973468405321e-12)
(1261.6142687057679 271.50946912982312 -6.8310367725919081e-12)
(1265.0173527303016 274.79120237984728 -6.7035347545627219e-12)
(1282.3282271300639 269.89828443993775 -6.5823193558033871e-12)
(1300.8611316611198 193.17309578164827 -6.2926457575612651e-12)
)
;

boundaryField
{
    inlet
    {
        type            zeroGradient;
    }
    outlet
    {
        type            inletOutlet;
        inletValue      uniform (0 0 0);
        value           nonuniform List<vector> 
28
(
(2185.8928269290254 33.11766117512407 9.479974278473638e-12)
(2137.3072622118993 61.780101330322559 1.6242794821673607e-11)
(2134.0286101434062 94.405831999700922 -1.2080775562591655e-12)
(2127.5095665715844 123.58239929075734 -1.0764618829926864e-11)
(2126.013713594592 151.66659698419275 -1.0245753997936879e-11)
(2124.436654412681 177.31202399540305 -3.241947495338843e-12)
(2123.6719698797656 201.45170020545268 -9.1569343724795374e-13)
(2123.0041352237795 223.8760656229457 -3.3665855247596579e-12)
(2122.2269260463354 244.82193280425614 -5.9121223932510465e-12)
(2121.5681361372235 264.33510417059568 -8.9100332687181453e-12)
(2120.958335419075 282.5008492429908 -8.6811968738034199e-12)
(2120.1813494471498 299.35849239120483 -7.6006573190262556e-12)
(2119.4493064508829 314.96385807510023 -5.0823130621139334e-12)
(2118.5667261528461 329.29670220962413 -3.2987154058957077e-12)
(2117.5795840728242 342.30414972263492 -2.2585246585229425e-12)
(2116.3726796416058 353.87743959402121 -2.4313488714256026e-12)
(2114.9720631943883 363.77030152212581 -3.4790554895492323e-12)
(2113.2355107927806 371.62802779957104 -3.3571767556449359e-12)
(2110.9928829924379 376.96325866622709 -2.0401741949008279e-12)
(2107.4957642728259 379.22697617314913 -1.0118557476570873e-12)
(2102.134312078088 377.97019315153381 -8.8072136004160194e-13)
(2093.6223899238325 371.9435370541558 -9.0424717928351097e-13)
(2077.7553747689499 359.62076441755011 -9.3096502497923928e-13)
(2048.2064257183074 340.66603803418974 -1.235959267145904e-12)
(1995.4054198004485 315.13179642844568 -1.4751629066586769e-12)
(1901.7538763187938 283.17464622083605 -2.7001674951718049e-12)
(1721.6544807197085 243.71843784559874 -5.6192634829343726e-12)
(1300.8611316611198 193.17309578164827 -6.2926457575612651e-12)
)
;
    }
    fluid_to_graphite
    {
        type            noSlip;
    }
    wedgeBack
    {
        type            wedge;
    }
    wedgeFront
    {
        type            wedge;
    }
    defaultFaces
    {
        type            empty;
    }
}


                                                                               
