                                                                               
                             
                                                                   
                                                            
                                          
                             
                                                                               
FoamFile
{
    format          ascii;
    class           volVectorField;
    location        1 / fluid;
    object          U;
}
                                                                               

dimensions      [ 0 1 -1 0 0 0 0 ];

internalField   nonuniform List<vector> 
4592
(
(22.289302825927734 -0.0022023061756044626 0)
(22.298435211181641 -0.0056352503597736359 -1.2403485235733853e-20)
(22.327236175537109 -0.013343637809157372 -7.4922019691309729e-20)
(22.371852874755859 -0.020755760371685028 -5.904155684486323e-19)
(22.42302131652832 -0.028894059360027313 -4.7267987061617811e-18)
(22.489980697631836 -0.037095449864864349 -3.2895268969172051e-17)
(22.565032958984375 -0.044148635119199753 -2.0026455558470586e-16)
(22.653724670410156 -0.051999419927597046 -1.1116681687122908e-15)
(22.749423980712891 -0.058466002345085144 -5.8330906972008448e-15)
(22.856267929077148 -0.065942943096160889 -2.944524371507537e-14)
(22.972042083740234 -0.07409098744392395 -1.4315134635404375e-13)
(23.097213745117188 -0.082603655755519867 -6.6859386950446353e-13)
(23.232601165771484 -0.09154772013425827 -2.9947903965737988e-12)
(23.377985000610352 -0.10037612169981003 -1.2849999710129456e-11)
(23.531768798828125 -0.11003337055444717 -5.2802054395506559e-11)
(23.696239471435547 -0.12060566991567612 -2.078415495265773e-10)
(23.870096206665039 -0.13188332319259644 -7.8300715911083785e-10)
(24.052957534790039 -0.14382892847061157 -2.815424782198761e-09)
(24.245912551879883 -0.15563811361789703 -9.5949905798420332e-09)
(24.447397232055664 -0.16911078989505768 -3.051938790576969e-08)
(24.658124923706055 -0.18344652652740479 -8.7468265519419219e-08)
(24.877641677856445 -0.19775824248790741 -2.0423863134055864e-07)
(25.105039596557617 -0.21315969526767731 -2.2250486608754727e-07)
(25.340606689453125 -0.22858409583568573 1.4892696071910905e-06)
(25.584295272827148 -0.24506035447120667 1.5382394849439152e-05)
(25.83466911315918 -0.26228070259094238 9.8773693025577813e-05)
(26.092063903808594 -0.28016254305839539 0.00054295820882543921)
(26.356216430664062 -0.29952684044837952 0.0027659358456730843)
(26.626840591430664 -0.31940078735351562 0.0052534076385200024)
(26.90153694152832 -0.34034243226051331 0.0052001234143972397)
(27.183610916137695 -0.36214116215705872 0.0051532466895878315)
(27.469388961791992 -0.38420253992080688 0.0050928522832691669)
(22.357427597045898 -0.022064249962568283 -6.7534862228272174e-21)
(22.378530502319336 -0.041818335652351379 -7.721115802601927e-20)
(22.416997909545898 -0.063667163252830505 -5.6297090479625339e-19)
(22.473793029785156 -0.085813455283641815 -3.492717196945956e-18)
(22.535736083984375 -0.10888823866844177 -2.1822756675351556e-17)
(22.614191055297852 -0.13300885260105133 -1.1129182991842512e-10)
(22.700996398925781 -0.15850004553794861 -8.4740403583083435e-10)
(22.801750183105469 -0.18345619738101959 -6.5403691351662019e-09)
(22.911130905151367 -0.20941613614559174 -5.2669186345610797e-08)
(23.033899307250977 -0.23663827776908875 -4.2257443055859767e-07)
(23.166595458984375 -0.26540938019752502 -3.2801572160678916e-06)
(23.310329437255859 -0.29561048746109009 -2.423660407657735e-05)
(23.466096878051758 -0.32805553078651428 -0.00016954453894868493)
(23.632299423217773 -0.36057046055793762 -0.0011227593058720231)
(23.810508728027344 -0.39504808187484741 -0.0043657287023961544)
(23.999061584472656 -0.43140357732772827 -0.0043309452012181282)
(24.198986053466797 -0.46854066848754883 -0.0042947861365973949)
(24.409320831298828 -0.50755017995834351 -0.0042597060091793537)
(24.629739761352539 -0.54801690578460693 -0.004224998876452446)
(24.860475540161133 -0.58963066339492798 -0.0041823922656476498)
(25.099931716918945 -0.63261967897415161 -0.0041412417776882648)
(25.349382400512695 -0.67664927244186401 -0.0041056368499994278)
(25.606285095214844 -0.72167301177978516 -0.0040646265260875225)
(25.87217903137207 -0.76831763982772827 -0.0040201982483267784)
(26.145696640014648 -0.81607866287231445 -0.0039576250128448009)
(26.425457000732422 -0.86405247449874878 -0.0038687840569764376)
(26.711830139160156 -0.91257447004318237 -0.002630951814353466)
(27.004369735717773 -0.96214026212692261 -0.0019269221229478717)
(27.302227020263672 -1.0119277238845825 -0.0019046937813982368)
(27.603614807128906 -1.0629081726074219 -0.0018862782744690776)
(27.91015625 -1.1149348020553589 -0.0018647662363946438)
(28.21916389465332 -1.1660739183425903 -0.0018450388452038169)
(22.303726196289062 -0.036784976720809937 1.379471174537498e-20)
(22.322772979736328 -0.07195618748664856 -5.1766004787269833e-21)
(22.360746383666992 -0.10809518396854401 -7.4283765838194105e-20)
(22.415193557739258 -0.1440364271402359 -1.6176363704626557e-18)
(22.474636077880859 -0.18195271492004395 -1.4358970350665129e-17)
(22.549535751342773 -0.22037373483181 -2.2896814652617614e-11)
(22.631307601928711 -0.25895252823829651 -2.6756499793556543e-10)
(22.725942611694336 -0.29986110329627991 -2.6167457090053858e-09)
(22.828666687011719 -0.34240579605102539 -2.4007983157048329e-08)
(22.944343566894531 -0.38805368542671204 -2.0447316728677833e-07)
(23.069341659545898 -0.43502122163772583 -1.6172358527910546e-06)
(23.205499649047852 -0.48542076349258423 -1.1875506970682181e-05)
(23.352312088012695 -0.53881597518920898 -8.1307422078680247e-05)
(23.510055541992188 -0.59446805715560913 -0.00052231882000342011)
(23.679359436035156 -0.65167909860610962 -0.0029263175092637539)
(23.85911750793457 -0.71183598041534424 -0.0029067487921565771)
(24.050165176391602 -0.77518552541732788 -0.002886658301576972)
(24.251461029052734 -0.84011012315750122 -0.0028619852382689714)
(24.463069915771484 -0.90782767534255981 -0.0028377335984259844)
(24.684885025024414 -0.97696572542190552 -0.002815350191667676)
(24.916009902954102 -1.0486041307449341 -0.0027890447527170181)
(25.157669067382812 -1.1223806142807007 -0.0027622338384389877)
(25.406595230102539 -1.1975820064544678 -0.0027067589107900858)
(25.664466857910156 -1.2737845182418823 -0.0026540204416960478)
(25.930419921875 -1.3511966466903687 -0.0018628746038302779)
(26.202426910400391 -1.4299837350845337 -0.0013284749584272504)
(26.481714248657227 -1.5102354288101196 -0.0013127095298841596)
(26.767021179199219 -1.5912039279937744 -0.0013003279455006123)
(27.058282852172852 -1.6737344264984131 -0.0012868714984506369)
(27.352678298950195 -1.7562747001647949 -0.0012721163220703602)
(27.653007507324219 -1.8395414352416992 -0.0012579093454405665)
(27.955196380615234 -1.9222604036331177 -0.0012460040161386132)
(22.289701461791992 -0.049688786268234253 2.9955635025268984e-20)
(22.310037612915039 -0.097767017781734467 9.1698858101019023e-20)
(22.343870162963867 -0.14483599364757538 4.287883283154979e-19)
(22.394601821899414 -0.19221512973308563 2.8375254249210258e-18)
(22.448158264160156 -0.2408563643693924 -1.1007980638133574e-10)
(22.516214370727539 -0.29057902097702026 -8.6595697279534534e-10)
(22.590665817260742 -0.34116461873054504 -5.9549196684827166e-09)
(22.678466796875 -0.39414596557617188 -4.2219287621492185e-08)
(22.77369499206543 -0.45091533660888672 -3.0728224942322413e-07)
(22.881124496459961 -0.51037585735321045 -2.219058387709083e-06)
(22.997552871704102 -0.57364624738693237 -1.5501615052926354e-05)
(23.124641418457031 -0.63964849710464478 -0.00010339978325646371)
(23.262067794799805 -0.70961707830429077 -0.00065601913956925273)
(23.409885406494141 -0.78371036052703857 -0.0022083437070250511)
(23.568527221679688 -0.86114692687988281 -0.0022008020896464586)
(23.738101959228516 -0.9416801929473877 -0.0021882960572838783)
(23.918117523193359 -1.0255758762359619 -0.0021757457870990038)
(24.108261108398438 -1.1129251718521118 -0.0021624693181365728)
(24.30925178527832 -1.2035592794418335 -0.0021490538492798805)
(24.519590377807617 -1.2972995042800903 -0.0021328073926270008)
(24.739606857299805 -1.3935524225234985 -0.0021422985009849072)
(24.969404220581055 -1.4916838407516479 -0.0020848670974373817)
(25.206686019897461 -1.5923179388046265 -0.0010390375973656774)
(25.453058242797852 -1.6952168941497803 -0.0010279776761308312)
(25.707477569580078 -1.7993810176849365 -0.0010180602548643947)
(25.968605041503906 -1.9056859016418457 -0.0010081341024488211)
(26.23655891418457 -2.0131232738494873 -0.00099864543881267309)
(26.510616302490234 -2.1215846538543701 -0.00098805991001427174)
(26.791347503662109 -2.2309634685516357 -0.00097789417486637831)
(27.074701309204102 -2.3408451080322266 -0.00096953986212611198)
(27.364536285400391 -2.4520998001098633 -0.00095926225185394287)
(27.6546630859375 -2.5625314712524414 -0.00094846676802262664)
(22.19767951965332 -0.060892723500728607 1.4989766395076762e-19)
(22.212675094604492 -0.11723804473876953 9.9031582879224039e-19)
(22.244104385375977 -0.17179872095584869 1.9986107213654236e-10)
(22.289522171020508 -0.22786819934844971 1.494199430851495e-09)
(22.335723876953125 -0.28535088896751404 9.53241663381732e-09)
(22.395606994628906 -0.34473538398742676 5.8027524119097507e-08)
(22.460697174072266 -0.40692108869552612 3.4452489217073889e-07)
(22.538593292236328 -0.47161990404129028 2.0469001356104854e-06)
(22.622169494628906 -0.54026514291763306 1.2082897228538059e-05)
(22.717508316040039 -0.61287736892700195 6.9818030169699341e-05)
(22.821186065673828 -0.68943411111831665 0.0003909606602974236)
(22.934942245483398 -0.77056354284286499 0.0020838042255491018)
(23.058731079101562 -0.85527944564819336 0.0020758826285600662)
(23.192535400390625 -0.94592785835266113 0.0020670127123594284)
(23.336111068725586 -1.0397013425827026 0.0020567390602082014)
(23.489740371704102 -1.1384338140487671 0.0020449045114219189)
(23.653697967529297 -1.2416223287582397 0.002031322568655014)
(23.827489852905273 -1.3492429256439209 0.0020150067284703255)
(24.01141357421875 -1.4597934484481812 0.0019720555283129215)
(24.205268859863281 -1.5745048522949219 0.0019153713947162032)
(24.40742301940918 -1.6928467750549316 0.0010584478732198477)
(24.619665145874023 -1.8139802217483521 0.00097987032495439053)
(24.839895248413086 -1.9379324913024902 0.00097150349756702781)
(25.068300247192383 -2.0638761520385742 0.00096389377722516656)
(25.3052978515625 -2.192976713180542 0.00095468229847028852)
(25.548919677734375 -2.3244590759277344 0.00094520748825743794)
(25.798915863037109 -2.4568560123443604 0.00093726289924234152)
(26.054998397827148 -2.5910604000091553 0.00092768331523984671)
(26.318195343017578 -2.7262716293334961 0.00091977010015398264)
(26.58453369140625 -2.8609075546264648 0.00090906594414263964)
(26.857328414916992 -2.9965581893920898 0.00090171699412167072)
(27.130630493164062 -3.1335258483886719 0.00089069915702566504)
(22.102668762207031 -0.069527663290500641 8.3559209551609115e-10)
(22.115056991577148 -0.13354167342185974 5.5294289147411746e-09)
(22.14405632019043 -0.19503438472747803 3.2580185660435745e-08)
(22.185564041137695 -0.25713977217674255 1.8143092006539518e-07)
(22.227174758911133 -0.32136794924736023 9.4970164354890585e-07)
(22.281665802001953 -0.38785618543624878 4.6731915972486604e-06)
(22.338695526123047 -0.45685085654258728 2.2248077584663406e-05)
(22.407352447509766 -0.5297691822052002 0.00010479104821570218)
(22.480400085449219 -0.6069110631942749 0.00048910512123256922)
(22.563709259033203 -0.6889650821685791 0.0019264763686805964)
(22.654342651367188 -0.77669781446456909 0.0019219827372580767)
(22.753763198852539 -0.86858797073364258 0.0019165613921359181)
(22.86229133605957 -0.96625208854675293 0.001909213955514133)
(22.979711532592773 -1.068366527557373 0.0019007177324965596)
(23.106348037719727 -1.1764642000198364 0.0018921580631285906)
(23.242696762084961 -1.2893340587615967 0.0018801991827785969)
(23.388233184814453 -1.408139705657959 0.0018354260828346014)
(23.542715072631836 -1.5307624340057373 0.00178911117836833)
(23.70783805847168 -1.6590180397033691 0.0011054568458348513)
(23.881387710571289 -1.7907993793487549 0.00092148175463080406)
(24.063751220703125 -1.9274660348892212 0.00091518618864938617)
(24.255577087402344 -2.0678086280822754 0.00090858101611956954)
(24.455711364746094 -2.2108502388000488 0.00090197531972080469)
(24.663618087768555 -2.3578588962554932 0.00089579110499471426)
(24.880153656005859 -2.5068416595458984 0.00088779954239726067)
(25.103309631347656 -2.6577925682067871 0.00088002096163108945)
(25.333127975463867 -2.8112266063690186 0.00087333720875903964)
(25.568574905395508 -2.9665927886962891 0.00086620333604514599)
(25.811868667602539 -3.1233894824981689 0.00085693743312731385)
(26.058206558227539 -3.2817893028259277 0.00084905105177313089)
(26.311908721923828 -3.4406633377075195 0.00084152905037626624)
(26.56556510925293 -3.5995955467224121 0.00083266635192558169)
(22.017313003540039 -0.077060230076313019 5.5722976233241184e-10)
(22.026039123535156 -0.14558514952659607 4.7491224286488887e-09)
(22.050470352172852 -0.21216771006584167 3.3907358698570533e-08)
(22.085062026977539 -0.28019949793815613 2.1342962952530797e-07)
(22.119277954101562 -0.3498721718788147 1.2127046602472547e-06)
(22.163251876831055 -0.42080825567245483 6.3120041886577383e-06)
(22.210668563842773 -0.49506461620330811 3.1050898542162031e-05)
(22.267148971557617 -0.57415765523910522 0.0001480100181652233)
(22.32734489440918 -0.65736091136932373 0.0006870634388178587)
(22.396326065063477 -0.74684685468673706 0.0018233335576951504)
(22.470775604248047 -0.84132027626037598 0.0018249339191243052)
(22.553102493286133 -0.94204533100128174 0.0018196307355538011)
(22.643472671508789 -1.0483107566833496 0.0018141185864806175)
(22.742162704467773 -1.1606144905090332 0.0018031899817287922)
(22.849325180053711 -1.2794419527053833 0.0017579228151589632)
(22.965002059936523 -1.4044830799102783 0.0017092494526877999)
(23.089662551879883 -1.534541130065918 0.0010015039006248116)
(23.222623825073242 -1.6716469526290894 0.00088747765403240919)
(23.365331649780273 -1.812883734703064 0.00088270613923668861)
(23.516633987426758 -1.9597253799438477 0.00087885622633621097)
(23.676122665405273 -2.1116604804992676 0.00087367574451491237)
(23.844366073608398 -2.2680404186248779 0.00086856458801776171)
(24.021055221557617 -2.429246187210083 0.00086356967221945524)
(24.205352783203125 -2.5930533409118652 0.00085723312804475427)
(24.398021697998047 -2.7602717876434326 0.00085145334014669061)
(24.5982666015625 -2.9304821491241455 0.00084450509166345)
(24.805200576782227 -3.1028683185577393 0.00083802599692717195)
(25.018247604370117 -3.2778542041778564 0.00083080725744366646)
(25.239162445068359 -3.4548866748809814 0.00082384777488186955)
(25.464109420776367 -3.6330811977386475 0.00081672146916389465)
(25.696393966674805 -3.8111388683319092 0.00081042869715020061)
(25.9285888671875 -3.9906513690948486 0.00079926673788577318)
(21.926271438598633 -0.080083832144737244 2.2591170253938309e-11)
(21.931486129760742 -0.15333366394042969 1.0505472047839248e-09)
(21.951278686523438 -0.22208398580551147 1.2856025577434593e-08)
(21.979358673095703 -0.29308265447616577 1.0445975107131744e-07)
(22.005548477172852 -0.36463665962219238 6.8753735149584827e-07)
(22.04107666015625 -0.43911194801330566 3.9325291254499462e-06)
(22.078554153442383 -0.51765429973602295 2.0378149201860651e-05)
(22.123443603515625 -0.59926187992095947 9.9100565421395004e-05)
(22.170984268188477 -0.6869666576385498 0.00045783634413965046)
(22.225921630859375 -0.77998948097229004 0.0016994319157674909)
(22.285123825073242 -0.87933260202407837 0.0017681787721812725)
(22.351356506347656 -0.98662006855010986 0.0017607073532417417)
(22.423519134521484 -1.0997318029403687 0.0017095848452299833)
(22.503019332885742 -1.2189140319824219 0.0016597211360931396)
(22.590366363525391 -1.3455724716186523 0.00092484045308083296)
(22.684835433959961 -1.4793312549591064 0.00083374767564237118)
(22.787647247314453 -1.619113564491272 0.00077323551522567868)
(22.897956848144531 -1.7652487754821777 0.00076914019882678986)
(23.016887664794922 -1.9182982444763184 0.00076613412238657475)
(23.144405364990234 -2.0767121315002441 0.00076295185135677457)
(23.279623031616211 -2.2402408123016357 0.0007585598505102098)
(23.423959732055664 -2.4101076126098633 0.00075395411113277078)
(23.576377868652344 -2.5838901996612549 0.00074947165558114648)
(23.73625373840332 -2.7624316215515137 0.00074422312900424004)
(23.90461540222168 -2.9455022811889648 0.00073910161154344678)
(24.080657958984375 -3.1315953731536865 0.00073367508593946695)
(24.263814926147461 -3.3201887607574463 0.00072772271232679486)
(24.453248977661133 -3.5125372409820557 0.0007224836153909564)
(24.649929046630859 -3.7065691947937012 0.00071695947553962469)
(24.851747512817383 -3.9032630920410156 0.00071191089227795601)
(25.060287475585938 -4.0993261337280273 0.0007061987416818738)
(25.270725250244141 -4.2969274520874023 0.0006654723547399044)
(21.832752227783203 -0.082846403121948242 -7.1112990496224882e-11)
(21.833044052124023 -0.15725047886371613 -3.2778302294644845e-10)
(21.847726821899414 -0.22791363298892975 2.2463420012996949e-10)
(21.869718551635742 -0.30080550909042358 1.6816677828046522e-08)
(21.888875961303711 -0.37465426325798035 1.7021454823407112e-07)
(21.91606330871582 -0.45156800746917725 1.2030653806505143e-06)
(21.943262100219727 -0.53063303232192993 6.8696267589984927e-06)
(21.977590560913086 -0.61504584550857544 3.4417538699926808e-05)
(22.01264762878418 -0.70445477962493896 0.00015669176355004311)
(22.053421020507812 -0.79989707469940186 0.00064987246878445148)
(22.097557067871094 -0.90255391597747803 0.00166002765763551)
(22.146987915039062 -1.011649489402771 0.0016333234962075949)
(22.201347351074219 -1.1276657581329346 0.00086231826571747661)
(22.261343002319336 -1.2519177198410034 0.00078483473043888807)
(22.328022003173828 -1.3838940858840942 0.00072879838990047574)
(22.40062141418457 -1.522813081741333 0.00017215871775988489)
(22.480876922607422 -1.6691144704818726 -0.00082254147855564952)
(22.568153381347656 -1.8225023746490479 -0.00086382764857262373)
(22.663366317749023 -1.9831976890563965 -0.00086217210628092289)
(22.76609992980957 -2.1515986919403076 -0.00086029304657131433)
(22.876249313354492 -2.3259243965148926 -0.00085757893975824118)
(22.995288848876953 -2.5062034130096436 -0.00085439393296837807)
(23.122211456298828 -2.6927495002746582 -0.00085050659254193306)
(23.256711959838867 -2.8844270706176758 -0.00084681244334205985)
(23.399202346801758 -3.0792677402496338 -0.00084344670176506042)
(23.550397872924805 -3.2794547080993652 -0.00083879753947257996)
(23.708864212036133 -3.4827659130096436 -0.00083421374438330531)
(23.873699188232422 -3.689190149307251 -0.00082931638462468982)
(24.046422958374023 -3.8978610038757324 -0.00082688586553558707)
(24.224893569946289 -4.1087198257446289 -0.00081901572411879897)
(24.410831451416016 -4.3206863403320312 -0.00078748911619186401)
(24.598518371582031 -4.5357418060302734 -0.00078129523899406195)
(21.762266159057617 -0.081247419118881226 3.6283598348063606e-10)
(21.759269714355469 -0.15679800510406494 1.7456734946463826e-09)
(21.769306182861328 -0.22851823270320892 7.1900951859049655e-09)
(21.784753799438477 -0.30183744430541992 3.1469358674485193e-08)
(21.796175003051758 -0.37606391310691833 1.4585069152417418e-07)
(21.813610076904297 -0.45274326205253601 6.9404455871335813e-07)
(21.83033561706543 -0.53314226865768433 3.2046380056272028e-06)
(21.852727890014648 -0.61710518598556519 1.3821580068906769e-05)
(21.874080657958984 -0.70596373081207275 5.4980489949230105e-05)
(21.900234222412109 -0.80167460441589355 0.00019778290879912674)
(21.928131103515625 -0.90469402074813843 0.00056495342869311571)
(21.960000991821289 -1.015436053276062 0.00086729764007031918)
(21.995803833007812 -1.1333721876144409 0.00068861962063238025)
(22.036537170410156 -1.2593437433242798 -0.00036708658444695175)
(22.081890106201172 -1.3933614492416382 -0.00074405968189239502)
(22.13267707824707 -1.5357761383056641 -0.00074599194340407848)
(22.189834594726562 -1.6869004964828491 -0.00074606662383303046)
(22.253042221069336 -1.8452013731002808 -0.00074651546310633421)
(22.323684692382812 -2.0115761756896973 -0.00074585439870133996)
(22.401638031005859 -2.1855409145355225 -0.00074306793976575136)
(22.486301422119141 -2.3667466640472412 -0.00074160541407763958)
(22.579071044921875 -2.5557892322540283 -0.0007389180245809257)
(22.680374145507812 -2.7507145404815674 -0.00073505355976521969)
(22.788473129272461 -2.9512119293212891 -0.0007313759415410459)
(22.905328750610352 -3.1588125228881836 -0.00072768126847222447)
(23.030517578125 -3.3711972236633301 -0.00072375114541500807)
(23.163480758666992 -3.5865409374237061 -0.00072331132832914591)
(23.302896499633789 -3.8075213432312012 -0.00072036695200949907)
(23.449968338012695 -4.029454231262207 -0.00074576982297003269)
(23.603775024414062 -4.2553081512451172 -0.00072716071736067533)
(23.766300201416016 -4.4813528060913086 -0.00035122063127346337)
(23.931821823120117 -4.7120809555053711 -0.00034777692053467035)
(21.686120986938477 -0.080683089792728424 3.271306281416031e-10)
(21.680999755859375 -0.15516193211078644 2.3309052465947389e-09)
(21.688268661499023 -0.22590816020965576 1.3394929609944484e-08)
(21.697666168212891 -0.29877173900604248 6.8474896863790491e-08)
(21.702966690063477 -0.37093496322631836 3.2301559826919402e-07)
(21.711885452270508 -0.44790476560592651 1.4267881169871544e-06)
(21.71843147277832 -0.52598637342453003 5.9597159633995034e-06)
(21.729110717773438 -0.60945779085159302 2.4235945602413267e-05)
(21.737619400024414 -0.69718629121780396 9.6540461527183652e-05)
(21.749794006347656 -0.79187792539596558 0.00037437252467498183)
(21.761968612670898 -0.89327716827392578 0.00088990229414775968)
(21.777320861816406 -1.0024391412734985 0.00089175906032323837)
(21.795038223266602 -1.1203756332397461 0.00089336879318580031)
(21.816051483154297 -1.2467696666717529 0.00089508172823116183)
(21.840616226196289 -1.3809002637863159 0.00089662784012034535)
(21.870023727416992 -1.5241454839706421 0.00089760159607976675)
(21.9046630859375 -1.6760085821151733 0.00089814269449561834)
(21.944725036621094 -1.837459921836853 0.00089920038590207696)
(21.990873336791992 -2.0074985027313232 0.00090015499154105783)
(22.044225692749023 -2.1864793300628662 0.00090105179697275162)
(22.103750228881836 -2.3733654022216797 0.00090085878036916256)
(22.171598434448242 -2.5687103271484375 0.00090146256843581796)
(22.246505737304688 -2.7712435722351074 0.00090071104932576418)
(22.329044342041016 -2.9814760684967041 0.00089884176850318909)
(22.419458389282227 -3.1966469287872314 0.00089339929400011897)
(22.518156051635742 -3.4181587696075439 0.0008849842706695199)
(22.624637603759766 -3.6442427635192871 0.00084322306793183088)
(22.739099502563477 -3.8743393421173096 0.00082543049938976765)
(22.860979080200195 -4.1071648597717285 0.0004360612656455487)
(22.991111755371094 -4.3479442596435547 0.00043385825119912624)
(23.12913703918457 -4.5874309539794922 0.00043161347275599837)
(23.272537231445312 -4.8330340385437012 0.00042931095231324434)
(21.61943244934082 -0.078943662345409393 -6.7707256468096944e-11)
(21.611581802368164 -0.15252901613712311 6.5396704718168053e-10)
(21.615903854370117 -0.2220655083656311 8.5610114552991945e-09)
(21.620790481567383 -0.29198786616325378 6.0801305323820998e-08)
(21.620441436767578 -0.36287480592727661 3.4592443398651085e-07)
(21.622549057006836 -0.43599551916122437 1.7181412204081425e-06)
(21.619579315185547 -0.51234400272369385 7.7415479609044269e-06)
(21.619575500488281 -0.59253895282745361 3.3058568078558892e-05)
(21.615194320678711 -0.67794227600097656 0.00013720216520596296)
(21.613641738891602 -0.76870995759963989 0.00055515894200652838)
(21.611099243164062 -0.86833935976028442 0.00090632977662608027)
(21.60992431640625 -0.97574949264526367 0.00090879155322909355)
(21.610368728637695 -1.0909961462020874 0.00091117847478017211)
(21.612272262573242 -1.2146868705749512 0.00091339927166700363)
(21.617385864257812 -1.3483254909515381 0.00091626401990652084)
(21.625450134277344 -1.4908897876739502 0.00091770099243149161)
(21.638561248779297 -1.6432852745056152 0.00091133289970457554)
(21.656105041503906 -1.8052458763122559 0.0009085475467145443)
(21.678359985351562 -1.9769233465194702 0.00091104651801288128)
(21.706762313842773 -2.1581113338470459 0.00091324734967201948)
(21.740470886230469 -2.3484172821044922 0.00091438862727954984)
(21.781520843505859 -2.5467164516448975 0.00091612449614331126)
(21.830488204956055 -2.7535135746002197 0.00092091655824333429)
(21.885810852050781 -2.9688453674316406 0.0009172311401925981)
(21.948755264282227 -3.1908986568450928 0.00087323738262057304)
(22.021062850952148 -3.4207174777984619 0.00080244080163538456)
(22.101644515991211 -3.6567323207855225 0.00036995435948483646)
(22.190021514892578 -3.8996365070343018 0.00036777119385078549)
(22.286319732666016 -4.1442933082580566 0.00036509329220280051)
(22.392101287841797 -4.3952317237854004 0.00036296664620749652)
(22.504711151123047 -4.645747184753418 0.0003613537410274148)
(22.625406265258789 -4.9040322303771973 0.00035885733086615801)
(21.560050964355469 -0.077535718679428101 -1.0355146601304099e-10)
(21.550447463989258 -0.14845140278339386 -2.2686109935055043e-10)
(21.551517486572266 -0.21576197445392609 2.2527111287473645e-09)
(21.551961898803711 -0.28375858068466187 2.9802674106349514e-08)
(21.545513153076172 -0.35133454203605652 2.1962937069019972e-07)
(21.540586471557617 -0.4211144745349884 1.2711931276498944e-06)
(21.529140472412109 -0.49340489506721497 6.3381025938724633e-06)
(21.518598556518555 -0.56942290067672729 2.8625130653381348e-05)
(21.502660751342773 -0.65116798877716064 0.00012176157179055735)
(21.488254547119141 -0.73927384614944458 0.00049676996422931552)
(21.472574234008789 -0.83421581983566284 0.00091576570412144065)
(21.456134796142578 -0.93704742193222046 0.00091424124548211694)
(21.439891815185547 -1.0489070415496826 0.00091309699928388)
(21.424663543701172 -1.1699028015136719 0.00091871269978582859)
(21.411035537719727 -1.3005008697509766 0.00092248577857390046)
(21.399423599243164 -1.4409016370773315 0.00091537681873887777)
(21.391267776489258 -1.5909168720245361 0.00081886228872463107)
(21.387298583984375 -1.7511800527572632 0.00076403148705139756)
(21.386545181274414 -1.9215914011001587 0.00076776882633566856)
(21.390810012817383 -2.1025340557098389 0.00076941115548834205)
(21.399894714355469 -2.293614387512207 0.00077400857117027044)
(21.414453506469727 -2.4953572750091553 0.0007780353189446032)
(21.437128067016602 -2.705829381942749 0.00081903062527999282)
(21.466445922851562 -2.9252116680145264 0.00079851609189063311)
(21.503114700317383 -3.153306245803833 0.00035759649472311139)
(21.548000335693359 -3.3907220363616943 -0.00019192775653209537)
(21.602239608764648 -3.6319868564605713 -0.00049129215767607093)
(21.66425895690918 -3.8821470737457275 -0.00049170228885486722)
(21.733535766601562 -4.1353397369384766 -0.00049206765834242105)
(21.812808990478516 -4.3983960151672363 -0.00049121008487418294)
(21.900434494018555 -4.6589531898498535 -0.00049095397116616368)
(21.998113632202148 -4.9322972297668457 -0.0004892740398645401)
(21.518024444580078 -0.074973009526729584 -1.2826407991273214e-10)
(21.506267547607422 -0.14395703375339508 -7.8647888201999194e-10)
(21.502836227416992 -0.20798869431018829 -2.9793216782536547e-09)
(21.497461318969727 -0.27216634154319763 -3.874403908810109e-09)
(21.484619140625 -0.33614566922187805 4.2418786705411549e-08)
(21.470952987670898 -0.40214219689369202 4.5581452923215693e-07)
(21.450595855712891 -0.46914759278297424 2.9352877390920185e-06)
(21.431766510009766 -0.54022336006164551 1.5159061149461195e-05)
(21.406415939331055 -0.61739921569824219 6.7944849433843046e-05)
(21.381317138671875 -0.70109939575195312 0.00027891958598047495)
(21.352636337280273 -0.79177320003509521 0.00082933437079191208)
(21.322942733764648 -0.8897932767868042 0.00078120251419022679)
(21.291812896728516 -0.99754214286804199 0.00072590046329423785)
(21.26092529296875 -1.1131750345230103 0.00074000307358801365)
(21.230506896972656 -1.2401623725891113 0.00074924918590113521)
(21.200475692749023 -1.3760021924972534 0.00069709349190816283)
(21.172273635864258 -1.5237364768981934 -0.00034974201116710901)
(21.146245956420898 -1.6819409132003784 -0.00099334865808486938)
(21.121997833251953 -1.8492196798324585 -0.0009957232978194952)
(21.10283088684082 -2.0283615589141846 -0.00099624413996934891)
(21.086982727050781 -2.2177720069885254 -0.0009607448591850698)
(21.076578140258789 -2.4184925556182861 -0.00093853723956272006)
(21.072593688964844 -2.6299953460693359 -0.00051188067300245166)
(21.07475471496582 -2.8526198863983154 -0.00051385728875175118)
(21.083894729614258 -3.0822231769561768 -0.00051608827197924256)
(21.101036071777344 -3.3242864608764648 -0.00051755266031250358)
(21.126113891601562 -3.572880744934082 -0.00051942013669759035)
(21.160932540893555 -3.8311138153076172 -0.0005205933703109622)
(21.203222274780273 -4.0912418365478516 -0.00052148423856124282)
(21.257387161254883 -4.3651294708251953 -0.00052273343317210674)
(21.317962646484375 -4.6350712776184082 -0.00052300834795460105)
(21.392608642578125 -4.9208412170410156 -0.00052193593000993133)
(21.478519439697266 -0.071924418210983276 -1.3838719059577897e-10)
(21.464693069458008 -0.13675779104232788 -1.0841740838429814e-09)
(21.458124160766602 -0.1973215639591217 -6.3562159979824173e-09)
(21.449234008789062 -0.25827670097351074 -2.9654703581627473e-08)
(21.43121337890625 -0.31788709759712219 -1.1316640069480854e-07)
(21.411376953125 -0.3787463903427124 -3.4712303431660985e-07)
(21.38426399230957 -0.44314074516296387 -7.578253757856146e-07)
(21.357385635375977 -0.51087445020675659 -3.8906784993741894e-07)
(21.323638916015625 -0.58299082517623901 5.6398330343654379e-06)
(21.288473129272461 -0.66108977794647217 3.1165465770754963e-05)
(21.248529434204102 -0.74525421857833862 6.7230103013571352e-05)
(21.207286834716797 -0.83727490901947021 -0.0003972841368522495)
(21.16357421875 -0.93899530172348022 -0.0010060605127364397)
(21.118022918701172 -1.0506254434585571 -0.001011901069432497)
(21.071880340576172 -1.1709420680999756 -0.0010171786416321993)
(21.023645401000977 -1.3020777702331543 -0.0010223187273368239)
(20.977117538452148 -1.44252610206604 -0.0010230959160253406)
(20.930736541748047 -1.5942046642303467 -0.001025235396809876)
(20.885217666625977 -1.7582337856292725 -0.00098895106930285692)
(20.843185424804688 -1.9339146614074707 -0.00096953677712008357)
(20.803127288818359 -2.1212894916534424 -0.00058737298240885139)
(20.767364501953125 -2.3208854198455811 -0.00053371838293969631)
(20.736661911010742 -2.5308527946472168 -0.00053754053078591824)
(20.711112976074219 -2.7533164024353027 -0.00054081273265182972)
(20.690773010253906 -2.9857099056243896 -0.00054465769790112972)
(20.680059432983398 -3.2301521301269531 -0.00054754293523728848)
(20.676074981689453 -3.4805049896240234 -0.00055071228416636586)
(20.683380126953125 -3.7459597587585449 -0.00055334583157673478)
(20.696527481079102 -4.0138335227966309 -0.00055554811842739582)
(20.723686218261719 -4.2962346076965332 -0.00055807211901992559)
(20.755502700805664 -4.5745587348937988 -0.00055964733473956585)
(20.80558967590332 -4.8743596076965332 -0.00055995420552790165)
(21.440473556518555 -0.069298729300498962 -1.3541281984608133e-10)
(21.426691055297852 -0.13059400022029877 -1.1739876848437802e-09)
(21.41998291015625 -0.18772231042385101 -8.0057152018753186e-09)
(21.407857894897461 -0.244400754570961 -4.5056022912604021e-08)
(21.386013031005859 -0.29921859502792358 -2.1875445099794888e-07)
(21.362232208251953 -0.35591614246368408 -9.4515689852414653e-07)
(21.329813003540039 -0.4146379828453064 -3.7137481285753893e-06)
(21.296134948730469 -0.47665458917617798 -1.3523153029382229e-05)
(21.2547607421875 -0.54314541816711426 -4.7560784878442064e-05)
(21.21075439453125 -0.61570709943771362 -0.00017503915296401829)
(21.161575317382812 -0.69491833448410034 -0.00069291575346142054)
(21.110210418701172 -0.78188991546630859 -0.0010407629888504744)
(21.05504035949707 -0.87716341018676758 -0.0010453040013089776)
(20.995908737182617 -0.9808887243270874 -0.0010503202211111784)
(20.934587478637695 -1.0944604873657227 -0.0010497363982722163)
(20.871000289916992 -1.2183725833892822 -0.0010520195355638862)
(20.805875778198242 -1.3544565439224243 -0.001012323540635407)
(20.740865707397461 -1.5008207559585571 -0.00099328323267400265)
(20.674829483032227 -1.658110499382019 -0.00060548266628757119)
(20.610929489135742 -1.8278142213821411 -0.00055137858726084232)
(20.546897888183594 -2.0096595287322998 -0.00055654346942901611)
(20.485612869262695 -2.2035584449768066 -0.00056092225713655353)
(20.428035736083984 -2.4096717834472656 -0.00056626356672495604)
(20.375482559204102 -2.6301443576812744 -0.00057109550107270479)
(20.326892852783203 -2.8610153198242188 -0.00057598890271037817)
(20.286672592163086 -3.1082766056060791 -0.00058081577299162745)
(20.252342224121094 -3.3621187210083008 -0.00058592890854924917)
(20.230113983154297 -3.6325221061706543 -0.00059052236611023545)
(20.212663650512695 -3.9037799835205078 -0.00059424742357805371)
(20.211082458496094 -4.1957321166992188 -0.00059767666971310973)
(20.214094161987305 -4.479794979095459 -0.00060040230164304376)
(20.237949371337891 -4.7951698303222656 -0.00060359830968081951)
(21.408267974853516 -0.066659122705459595 -3.1878602535506673e-10)
(21.394735336303711 -0.12524047493934631 -1.9319772448511685e-09)
(21.388088226318359 -0.17750246822834015 -1.0636120428841878e-08)
(21.374305725097656 -0.22933776676654816 -5.751991594138417e-08)
(21.350244522094727 -0.28053769469261169 -2.9019892622272891e-07)
(21.323038101196289 -0.33203211426734924 -1.3438369705909281e-06)
(21.286493301391602 -0.38620111346244812 -5.739613243349595e-06)
(21.246652603149414 -0.44397321343421936 -2.284110632899683e-05)
(21.198463439941406 -0.50522977113723755 -8.6248350271489471e-05)
(21.147418975830078 -0.57130914926528931 -0.00032152782659977674)
(21.090999603271484 -0.64405161142349243 -0.0010749141220003366)
(21.029542922973633 -0.72420495748519897 -0.0010799497831612825)
(20.9637451171875 -0.81131798028945923 -0.001075483625754714)
(20.893363952636719 -0.90814715623855591 -0.0010758041171357036)
(20.819072723388672 -1.0142585039138794 -0.0010309824720025063)
(20.740879058837891 -1.1304930448532104 -0.0010099876672029495)
(20.65995979309082 -1.2566937208175659 -0.00062218500534072518)
(20.575801849365234 -1.3948830366134644 -0.00056770932860672474)
(20.489423751831055 -1.5453780889511108 -0.00057340558851137757)
(20.403100967407227 -1.7079653739929199 -0.00057888834271579981)
(20.315771102905273 -1.8824764490127563 -0.00058486551279202104)
(20.229480743408203 -2.072035551071167 -0.00059079955099150538)
(20.146257400512695 -2.2732100486755371 -0.00059735320974141359)
(20.066581726074219 -2.4900050163269043 -0.00060407345881685615)
(19.989225387573242 -2.7184269428253174 -0.00061057548737153411)
(19.919685363769531 -2.9622623920440674 -0.00061728939181193709)
(19.85481071472168 -3.2151584625244141 -0.00062420638278126717)
(19.801856994628906 -3.4896640777587891 -0.00063073355704545975)
(19.752435684204102 -3.7648680210113525 -0.0006360979750752449)
(19.720779418945312 -4.0659637451171875 -0.00064201874192804098)
(19.690578460693359 -4.3559083938598633 -0.00064635928720235825)
(19.687355041503906 -4.6817054748535156 -0.00065049389377236366)
(21.380889892578125 -0.064555913209915161 -1.2381058678290202e-10)
(21.368118286132812 -0.12097069621086121 -1.5484751259009499e-09)
(21.361457824707031 -0.16949781775474548 -1.0902434510740022e-08)
(21.347640991210938 -0.21674032509326935 -6.3202968192399567e-08)
(21.321929931640625 -0.26272979378700256 -3.2997104426613078e-07)
(21.29173469543457 -0.31006988883018494 -1.5779775139890262e-06)
(21.252016067504883 -0.35763618350028992 -6.9707602960988879e-06)
(21.208179473876953 -0.4092574417591095 -2.8685542929451913e-05)
(21.155231475830078 -0.46507248282432556 -0.00011124760203529149)
(21.098190307617188 -0.52643299102783203 -0.00041637217509560287)
(21.033109664916992 -0.59283071756362915 -0.001097407191991806)
(20.963218688964844 -0.66578960418701172 -0.0010984127875417471)
(20.887680053710938 -0.74646890163421631 -0.0010434238938614726)
(20.806556701660156 -0.83467948436737061 -0.0010212701745331287)
(20.720104217529297 -0.93213552236557007 -0.00063956924714148045)
(20.627725601196289 -1.0393739938735962 -0.00058415357489138842)
(20.531637191772461 -1.1573593616485596 -0.00058956898283213377)
(20.431928634643555 -1.2863197326660156 -0.00059528416022658348)
(20.327251434326172 -1.4272809028625488 -0.00060128897894173861)
(20.221456527709961 -1.5805371999740601 -0.00060803123051300645)
(20.112319946289062 -1.7466986179351807 -0.00061549083329737186)
(20.002540588378906 -1.9274928569793701 -0.00062319252174347639)
(19.892160415649414 -2.1214301586151123 -0.00063101283740252256)
(19.785676956176758 -2.331256628036499 -0.00063955812947824597)
(19.67827033996582 -2.5542669296264648 -0.00064782099798321724)
(19.577905654907227 -2.7975130081176758 -0.00065651943441480398)
(19.480165481567383 -3.0482602119445801 -0.00066546082962304354)
(19.395980834960938 -3.3235394954681396 -0.00067433621734380722)
(19.311555862426758 -3.5971348285675049 -0.00068189919693395495)
(19.248376846313477 -3.9057767391204834 -0.00068952090805396438)
(19.181922912597656 -4.1983895301818848 -0.00068872119300067425)
(19.148626327514648 -4.5408687591552734 -0.00069539586547762156)
(21.35699462890625 -0.062866963446140289 4.757350416384476e-11)
(21.346118927001953 -0.11687657982110977 -9.0649954209709449e-10)
(21.338663101196289 -0.16159828007221222 -9.1079277453331997e-09)
(21.324974060058594 -0.20357516407966614 -6.0715478866768535e-08)
(21.299509048461914 -0.24489694833755493 -3.3794410114751372e-07)
(21.26698112487793 -0.28698822855949402 -1.6745910897952854e-06)
(21.223711013793945 -0.33070734143257141 -7.5875095717492513e-06)
(21.176721572875977 -0.37714087963104248 -3.1884876079857349e-05)
(21.119895935058594 -0.42760437726974487 -0.00012569790123961866)
(21.057252883911133 -0.48070999979972839 -0.00047287219786085188)
(20.986185073852539 -0.53971326351165771 -0.0010344283655285835)
(20.909154891967773 -0.60620695352554321 -0.0010244868462905288)
(20.824831008911133 -0.67835164070129395 -0.00066040450474247336)
(20.734319686889648 -0.75908577442169189 -0.00060284929350018501)
(20.637601852416992 -0.84703367948532104 -0.00060718413442373276)
(20.533834457397461 -0.94526934623718262 -0.00061206606915220618)
(20.423984527587891 -1.0531535148620605 -0.00061820307746529579)
(20.308311462402344 -1.1723145246505737 -0.00062473316211253405)
(20.1864013671875 -1.3031818866729736 -0.00063206255435943604)
(20.060592651367188 -1.446782112121582 -0.00063933775527402759)
(19.930133819580078 -1.6019978523254395 -0.00064764381386339664)
(19.79791259765625 -1.7726966142654419 -0.00065714248921722174)
(19.663455963134766 -1.9580234289169312 -0.00066669727675616741)
(19.530084609985352 -2.1605730056762695 -0.00067680457141250372)
(19.394523620605469 -2.3746447563171387 -0.00068714458029717207)
(19.264314651489258 -2.6105492115020752 -0.00069844286190345883)
(19.132761001586914 -2.8567066192626953 -0.00070817372761666775)
(19.014751434326172 -3.1314821243286133 -0.00071960641071200371)
(18.892990112304688 -3.405346155166626 -0.00072204496245831251)
(18.795759201049805 -3.7193396091461182 -0.00072924530832096934)
(18.690078735351562 -4.0126385688781738 -0.00068837887374684215)
(18.623800277709961 -4.3673105239868164 -0.00069217447889968753)
(21.33656120300293 -0.062537901103496552 5.4861636067382591e-11)
(21.326755523681641 -0.11410658806562424 -3.0475288959053159e-10)
(21.320476531982422 -0.15548489987850189 -6.7391607849742741e-09)
(21.307327270507812 -0.19443927705287933 -5.4056929599255454e-08)
(21.281965255737305 -0.23002025485038757 -3.2404889793724578e-07)
(21.248823165893555 -0.26672917604446411 -1.6715397350708372e-06)
(21.203222274780273 -0.30455222725868225 -7.7713757491437718e-06)
(21.153717041015625 -0.34577471017837524 -3.3280470233876258e-05)
(21.090808868408203 -0.39054235816001892 -0.00013309581845533103)
(21.023323059082031 -0.43801948428153992 -0.00050435238517820835)
(20.948886871337891 -0.49119848012924194 -0.00062194396741688251)
(20.865324020385742 -0.54930573701858521 -0.00062505138339474797)
(20.773391723632812 -0.61479198932647705 -0.0006282740505412221)
(20.673591613769531 -0.68665653467178345 -0.00063227338250726461)
(20.567361831665039 -0.76606810092926025 -0.00063746742671355605)
(20.453189849853516 -0.85341870784759521 -0.00064298196230083704)
(20.331119537353516 -0.95051521062850952 -0.00064877537079155445)
(20.20231819152832 -1.0585446357727051 -0.000656528165563941)
(20.064659118652344 -1.1776092052459717 -0.00066410185536369681)
(19.922075271606445 -1.3089215755462646 -0.00067280215444043279)
(19.772317886352539 -1.4536715745925903 -0.00068278360413387418)
(19.61785888671875 -1.6141219139099121 -0.00069266860373318195)
(19.457206726074219 -1.7872893810272217 -0.00070411618798971176)
(19.296234130859375 -1.978760838508606 -0.0007157138898037374)
(19.12956428527832 -2.1833250522613525 -0.00072722998447716236)
(18.967809677124023 -2.4116525650024414 -0.00073981768218800426)
(18.800693511962891 -2.6495785713195801 -0.00074658310040831566)
(18.647523880004883 -2.9181938171386719 -0.00075653864769265056)
(18.485309600830078 -3.1866135597229004 -0.00071692286292091012)
(18.34968376159668 -3.5041563510894775 -0.00071479589678347111)
(18.196893692016602 -3.7939448356628418 -0.00042484380537644029)
(18.09364128112793 -4.1625475883483887 -0.00041112105827778578)
(21.318626403808594 -0.061184298247098923 6.3325351906673433e-11)
(21.311328887939453 -0.11159960180521011 -1.7856946477046165e-10)
(21.307184219360352 -0.14912876486778259 -5.1246273891081273e-09)
(21.293983459472656 -0.18382821977138519 -4.6133727948927117e-08)
(21.267232894897461 -0.21487018465995789 -2.9728897743552807e-07)
(21.233049392700195 -0.24610450863838196 -1.6035088492571958e-06)
(21.186113357543945 -0.27966108918190002 -7.677093890379183e-06)
(21.134511947631836 -0.31471967697143555 -3.3580050512682647e-05)
(21.069486618041992 -0.35278159379959106 -0.00013649511674884707)
(20.998035430908203 -0.39591395854949951 -0.00052292965119704604)
(20.916812896728516 -0.441343754529953 -0.00065255293156951666)
(20.828144073486328 -0.49145880341529846 -0.00065600784728303552)
(20.730375289916992 -0.5473557710647583 -0.00065951532451435924)
(20.622522354125977 -0.61169636249542236 -0.00066435569897294044)
(20.506736755371094 -0.68240535259246826 -0.00066898704972118139)
(20.381210327148438 -0.75986504554748535 -0.00067465932806953788)
(20.248510360717773 -0.84641653299331665 -0.00068135629408061504)
(20.107061386108398 -0.94286340475082397 -0.00068914890289306641)
(19.955530166625977 -1.0502908229827881 -0.00069809495471417904)
(19.797824859619141 -1.1700520515441895 -0.00070743187097832561)
(19.630033493041992 -1.3007833957672119 -0.00071819033473730087)
(19.454879760742188 -1.4453368186950684 -0.00073037500260397792)
(19.271139144897461 -1.6054582595825195 -0.00074210960883647203)
(19.083669662475586 -1.7848591804504395 -0.00075521081453189254)
(18.887514114379883 -1.9768403768539429 -0.00076124403858557343)
(18.692409515380859 -2.1931736469268799 -0.0007722951122559607)
(18.487436294555664 -2.4197394847869873 -0.0007365028141066432)
(18.295854568481445 -2.6832478046417236 -0.00073888711631298065)
(18.088109970092773 -2.9434347152709961 -0.00042448611930012703)
(17.910934448242188 -3.2585146427154541 -0.00041200895793735981)
(17.705196380615234 -3.5430252552032471 -0.00040879915468394756)
(17.557424545288086 -3.9229490756988525 -0.00041407509706914425)
(21.305322647094727 -0.061509054154157639 7.1844558080513821e-11)
(21.299154281616211 -0.11183846741914749 3.0998759115163921e-11)
(21.297441482543945 -0.14559590816497803 -3.5015266242055532e-09)
(21.284704208374023 -0.17590312659740448 -3.8075469888099178e-08)
(21.257377624511719 -0.20213286578655243 -2.6510048201089376e-07)
(21.222515106201172 -0.22918117046356201 -1.5000100574980024e-06)
(21.173990249633789 -0.2573535144329071 -7.4302097345935181e-06)
(21.1187744140625 -0.28743600845336914 -3.3348525903420523e-05)
(21.051176071166992 -0.32056346535682678 -0.00013838316954206675)
(20.975826263427734 -0.35541477799415588 -0.00053879892220720649)
(20.890314102172852 -0.39554333686828613 -0.0006825576419942081)
(20.795433044433594 -0.43964275717735291 -0.00068707915488630533)
(20.692756652832031 -0.48805522918701172 -0.00069205439649522305)
(20.579259872436523 -0.54290938377380371 -0.00069664022885262966)
(20.455085754394531 -0.60301059484481812 -0.00070232391590252519)
(20.320468902587891 -0.67123556137084961 -0.00070649990811944008)
(20.176183700561523 -0.74765264987945557 -0.00071155896876007318)
(20.022773742675781 -0.83260893821716309 -0.00072034366894513369)
(19.857091903686523 -0.9273638129234314 -0.0007301804143935442)
(19.682224273681641 -1.0329176187515259 -0.00074128247797489166)
(19.494943618774414 -1.1497946977615356 -0.00075390731217339635)
(19.298704147338867 -1.2813297510147095 -0.00076639989856630564)
(19.090885162353516 -1.4251588582992554 -0.00077416194835677743)
(18.875465393066406 -1.5880440473556519 -0.00078541471157222986)
(18.645488739013672 -1.7642043828964233 -0.00074301304994150996)
(18.414213180541992 -1.9651709794998169 -0.0007405392243526876)
(18.166431427001953 -2.1773111820220947 -0.00040809751953929663)
(17.928630828857422 -2.4260628223419189 -0.00041662107105366886)
(17.66552734375 -2.6733167171478271 -0.00042122555896639824)
(17.435293197631836 -2.9833791255950928 -0.0003435494436416775)
(17.162912368774414 -3.2533683776855469 -0.00028580985963344574)
(16.961606979370117 -3.6387338638305664 -0.00027801096439361572)
(21.291891098022461 -0.061241641640663147 7.9722443924179487e-11)
(21.289228439331055 -0.11063290387392044 2.0295520819502144e-10)
(21.288566589355469 -0.14102214574813843 -2.0267858502620584e-09)
(21.275014877319336 -0.16651624441146851 -2.9488804287325365e-08)
(21.247798919677734 -0.18862013518810272 -2.2836358937183832e-07)
(21.21135139465332 -0.20992036163806915 -1.3739121413891553e-06)
(21.161346435546875 -0.23350602388381958 -7.1017188929545227e-06)
(21.103477478027344 -0.25793889164924622 -3.2950199965853244e-05)
(21.031301498413086 -0.28521543741226196 -0.00014055741485208273)
(20.951698303222656 -0.31531864404678345 -0.00056016357848420739)
(20.861854553222656 -0.3480696976184845 -0.00070910208160057664)
(20.762205123901367 -0.38419732451438904 -0.00071471609408035874)
(20.652292251586914 -0.42535224556922913 -0.00072087399894371629)
(20.530187606811523 -0.47071060538291931 -0.00072759157046675682)
(20.398639678955078 -0.52265745401382446 -0.00073305441765114665)
(20.255168914794922 -0.57914102077484131 -0.00072928110603243113)
(20.100400924682617 -0.64461642503738403 -0.00071901088813319802)
(19.933116912841797 -0.71737194061279297 -0.0007284312741830945)
(19.752809524536133 -0.79850614070892334 -0.00074182811658829451)
(19.561105728149414 -0.89053398370742798 -0.00075558345997706056)
(19.354513168334961 -0.9912334680557251 -0.00077607849380001426)
(19.134853363037109 -1.1056345701217651 -0.00078732374822720885)
(18.899394989013672 -1.2319563627243042 -0.00075427821138873696)
(18.654991149902344 -1.3759695291519165 -0.00075450423173606396)
(18.389673233032227 -1.5325560569763184 -0.00034581826184876263)
(18.119430541992188 -1.7142335176467896 -0.00031108903931453824)
(17.824071884155273 -1.9053319692611694 -0.00031427084468305111)
(17.536579132080078 -2.13712477684021 -0.00031502128695137799)
(17.212604522705078 -2.3655037879943848 -0.00030348676955327392)
(16.92112922668457 -2.6629550457000732 0.00018475376418791711)
(16.57078742980957 -2.9197742938995361 0.00052841391880065203)
(16.30555534362793 -3.3079578876495361 0.00055381812853738666)
(21.282566070556641 -0.063540950417518616 8.6710527646971514e-11)
(21.282201766967773 -0.11313860863447189 3.5227959438444145e-10)
(21.2823486328125 -0.13851146399974823 -6.0156424286361698e-10)
(21.266220092773438 -0.16094781458377838 -2.0469109074383596e-08)
(21.235759735107422 -0.17849655449390411 -1.8523056155572704e-07)
(21.196477890014648 -0.19649879634380341 -1.2109148883610032e-06)
(21.142816543579102 -0.2146146148443222 -6.6255970523343422e-06)
(21.081333160400391 -0.23368026316165924 -3.2127962185768411e-05)
(21.005685806274414 -0.25553908944129944 -0.00014216449926607311)
(20.920814514160156 -0.27985590696334839 -0.00058447796618565917)
(20.824462890625 -0.30714979767799377 -0.00071768916677683592)
(20.717626571655273 -0.33772116899490356 -0.00072539265966042876)
(20.599802017211914 -0.36963304877281189 -0.0007336860871873796)
(20.470453262329102 -0.40754103660583496 -0.00074351712828502059)
(20.328657150268555 -0.44954580068588257 -0.00074871978722512722)
(20.173519134521484 -0.49731990694999695 -0.00069511134643107653)
(20.005416870117188 -0.55077093839645386 -0.00058188755065202713)
(19.823371887207031 -0.61110156774520874 -0.00058234046446159482)
(19.623973846435547 -0.67963749170303345 -0.00060000107623636723)
(19.410676956176758 -0.75534075498580933 -0.00061863369774073362)
(19.178485870361328 -0.84015727043151855 -0.00067977124126628041)
(18.929927825927734 -0.9360731840133667 -0.00068294088123366237)
(18.661231994628906 -1.043642520904541 -0.00032619171543046832)
(18.37750244140625 -1.1668603420257568 -0.00031823269091546535)
(18.066137313842773 -1.3004770278930664 0.00017021011444739997)
(17.743721008300781 -1.4579334259033203 0.00047390515101142228)
(17.386764526367188 -1.6241761445999146 0.00048934330698102713)
(17.03125 -1.8302520513534546 0.00050782272592186928)
(16.623205184936523 -2.0320184230804443 0.00052774709183722734)
(16.249378204345703 -2.308002233505249 0.00055234215687960386)
(15.792732238769531 -2.5393664836883545 0.00057647516950964928)
(15.43532657623291 -2.919295072555542 0.00060837622731924057)
(21.266151428222656 -0.063049837946891785 9.3057235528437587e-11)
(21.265214920043945 -0.1124202162027359 5.1028808956132821e-10)
(21.263431549072266 -0.13258551061153412 1.3676055843347967e-09)
(21.242809295654297 -0.14907482266426086 -7.4837407382233323e-09)
(21.206804275512695 -0.1628042459487915 -1.1442173786235799e-07)
(21.161100387573242 -0.17572639882564545 -8.7505196688653086e-07)
(21.100044250488281 -0.18943241238594055 -5.1942720347142313e-06)
(21.03044319152832 -0.20384383201599121 -2.6437513952259906e-05)
(20.946210861206055 -0.22030869126319885 -0.00012016913387924433)
(20.851673126220703 -0.23841476440429688 -0.00049807579489424825)
(20.743478775024414 -0.25861436128616333 -0.00059768435312435031)
(20.623241424560547 -0.28064709901809692 -0.00061164627550169826)
(20.490278244018555 -0.30699628591537476 -0.0006247740238904953)
(20.343063354492188 -0.33515769243240356 -0.00064423657022416592)
(20.18256950378418 -0.36697426438331604 -0.00064971408573910594)
(20.00837516784668 -0.40296784043312073 -0.0002238568413304165)
(19.818647384643555 -0.44486346840858459 0.00072904117405414581)
(19.612850189208984 -0.49085637927055359 0.00083947769599035382)
(19.386978149414062 -0.54272323846817017 0.0008128421613946557)
(19.142480850219727 -0.60236537456512451 0.00081864238018169999)
(18.875722885131836 -0.66761428117752075 0.00044057704508304596)
(18.589206695556641 -0.74341297149658203 0.00044963142136111856)
(18.27790641784668 -0.82714015245437622 0.00045934028457850218)
(17.944345474243164 -0.92392104864120483 0.00047091153101064265)
(17.576431274414062 -1.0292762517929077 0.00048420322127640247)
(17.191902160644531 -1.1565002202987671 0.00049939251039177179)
(16.762355804443359 -1.2900055646896362 0.00051591242663562298)
(16.331361770629883 -1.4604363441467285 0.0005355906905606389)
(15.830314636230469 -1.6289131641387939 0.0005570664070546627)
(15.363985061645508 -1.8732692003250122 0.00058303755940869451)
(14.786214828491211 -2.0772955417633057 0.0006098791491240263)
(14.329525947570801 -2.4439830780029297 0.00063870172016322613)
(21.23712158203125 -0.065546505153179169 -3.8285159764672727e-11)
(21.229558944702148 -0.11520678550004959 -1.8505122781342642e-11)
(21.214929580688477 -0.13036778569221497 2.2898638540880256e-09)
(21.1785888671875 -0.1436513215303421 1.5298470046332113e-08)
(21.124170303344727 -0.1535521000623703 8.1192652601203008e-08)
(21.057792663574219 -0.16242650151252747 4.5103612933417025e-07)
(20.974830627441406 -0.17117489874362946 2.7586431770032505e-06)
(20.882966995239258 -0.18032930791378021 1.7308779206359759e-05)
(20.774642944335938 -0.19148187339305878 0.00010377860598964617)
(20.655071258544922 -0.20330362021923065 0.00057712092529982328)
(20.519527435302734 -0.21750533580780029 0.00083405146142467856)
(20.371217727661133 -0.23362345993518829 0.00084127445006743073)
(20.207340240478516 -0.24926726520061493 0.00084776466246694326)
(20.028324127197266 -0.26942399144172668 0.00077814381802454591)
(19.832094192504883 -0.292878657579422 0.00074534345185384154)
(19.618478775024414 -0.31909102201461792 0.00075510551687330008)
(19.388195037841797 -0.3478996753692627 0.00079665385419502854)
(19.136026382446289 -0.38073268532752991 0.00080298481043428183)
(18.863439559936523 -0.41724485158920288 0.0003924582852050662)
(18.571243286132812 -0.45757386088371277 0.00039809462032280862)
(18.253856658935547 -0.50435668230056763 0.00040410470683127642)
(17.910818099975586 -0.55850613117218018 0.00041136224172078073)
(17.536163330078125 -0.61728614568710327 0.00041891951696015894)
(17.137363433837891 -0.68568694591522217 0.00042643022607080638)
(16.698957443237305 -0.76149600744247437 0.00043556667515076697)
(16.234825134277344 -0.85455256700515747 0.00044451170833781362)
(15.713512420654297 -0.95300567150115967 0.00045480745029635727)
(15.182506561279297 -1.0839791297912598 0.00046439256402663887)
(14.560649871826172 -1.2097817659378052 0.00047606276348233223)
(13.964677810668945 -1.410545825958252 0.00048235646681860089)
(13.219143867492676 -1.5745722055435181 0.0004895363817922771)
(12.609036445617676 -1.9190611839294434 0.00046749541070312262)
(21.081117630004883 -0.059983514249324799 -2.1019578438918884e-11)
(21.019861221313477 -0.10618038475513458 1.8633355969299714e-10)
(20.94921875 -0.11324030160903931 5.4152535788887235e-09)
(20.849443435668945 -0.11905306577682495 5.4946980299064307e-08)
(20.727399826049805 -0.12311052531003952 3.9746899460624263e-07)
(20.591205596923828 -0.12633895874023438 2.3352349671768025e-06)
(20.436832427978516 -0.13003022968769073 1.1737474778783508e-05)
(20.273221969604492 -0.1335701197385788 5.1958766562165692e-05)
(20.092193603515625 -0.13845798373222351 0.00020704568305518478)
(19.898191452026367 -0.1429428905248642 0.0007583809201605618)
(19.691640853881836 -0.14860732853412628 0.00082745286636054516)
(19.471221923828125 -0.15516871213912964 0.00083753647049888968)
(19.238248825073242 -0.16331799328327179 0.00083964149234816432)
(18.991489410400391 -0.1721283495426178 -0.00031699633109383285)
(18.729984283447266 -0.1813289076089859 -0.00095305661670863628)
(18.45172119140625 -0.19425210356712341 -0.00096168852178379893)
(18.153564453125 -0.20801138877868652 -0.00050540961092337966)
(17.837770462036133 -0.22364038228988647 -0.00051545933820307255)
(17.50177001953125 -0.24332670867443085 -0.00052681524539366364)
(17.144750595092773 -0.26621046662330627 -0.00053920893697068095)
(16.762643814086914 -0.28945618867874146 -0.00055341504048556089)
(16.354812622070312 -0.31649789214134216 -0.00056926044635474682)
(15.917535781860352 -0.34737846255302429 -0.00058754393830895424)
(15.455763816833496 -0.38628649711608887 -0.0006082082400098443)
(14.948512077331543 -0.42520681023597717 -0.00063299090834334493)
(14.420497894287109 -0.47554099559783936 -0.00066160358255729079)
(13.82622241973877 -0.52793735265731812 -0.00069580267881974578)
(13.223552703857422 -0.60348576307296753 -0.00073890999192371964)
(12.511269569396973 -0.67387968301773071 -0.00078992539783939719)
(11.838881492614746 -0.80692011117935181 -0.00086250033928081393)
(10.964561462402344 -0.92052191495895386 -0.00095306040020659566)
(10.279491424560547 -1.212608814239502 -0.001112077385187149)
(19.921894073486328 -0.046245396137237549 -1.4456575693488904e-11)
(19.547967910766602 -0.082503452897071838 -2.9686897384806343e-10)
(19.187698364257812 -0.082828924059867859 -4.8208224079360207e-09)
(18.824064254760742 -0.081726036965847015 -5.7369941686147286e-08)
(18.462799072265625 -0.07935960590839386 -5.1336365913812188e-07)
(18.113178253173828 -0.076696507632732391 -3.6720543903356884e-06)
(17.76921272277832 -0.074220366775989532 -2.2031352273188531e-05)
(17.436813354492188 -0.072385549545288086 -0.00011461053509265184)
(17.106948852539062 -0.069994240999221802 -0.0005295591545291245)
(16.785356521606445 -0.069017842411994934 -0.001099062617868185)
(16.4656982421875 -0.06892704963684082 -0.0011211179662495852)
(16.147224426269531 -0.069588221609592438 -0.001144293462857604)
(15.828518867492676 -0.069929391145706177 -0.0011683374177664518)
(15.50730037689209 -0.071420587599277496 -0.0011924579739570618)
(15.182793617248535 -0.074638843536376953 -0.00070378178497776389)
(14.852680206298828 -0.075778789818286896 -0.00062462675850838423)
(14.515670776367188 -0.078332170844078064 -0.00063957972452044487)
(14.170562744140625 -0.083517424762248993 -0.00065594783518463373)
(13.809474945068359 -0.088731162250041962 -0.00067375967046245933)
(13.436052322387695 -0.092163160443305969 -0.00069370557321235538)
(13.045676231384277 -0.098276190459728241 -0.00071536470204591751)
(12.639699935913086 -0.10708475112915039 -0.00073981843888759613)
(12.206988334655762 -0.11697988212108612 -0.00076721381628885865)
(11.75765323638916 -0.12597900629043579 -0.00079873512731865048)
(11.26772403717041 -0.13824966549873352 -0.00083470402751117945)
(10.765108108520508 -0.15498143434524536 -0.00087780802277848125)
(10.192093849182129 -0.17114143073558807 -0.00092840456636622548)
(9.6271562576293945 -0.20048347115516663 -0.00099205528385937214)
(8.9175825119018555 -0.22757978737354279 -0.0010706395842134953)
(8.2732734680175781 -0.29659363627433777 -0.0011817374033853412)
(7.2838735580444336 -0.36725336313247681 -0.0013383510522544384)
(6.4915924072265625 -0.61462414264678955 -0.0016275518573820591)
(27.76164436340332 -0.40694078803062439 0.0050602960400283337)
(28.057222366333008 -0.42190471291542053 0.0050632394850254059)
(28.363855361938477 -0.44163855910301208 0.0050709801726043224)
(28.695390701293945 -0.46284317970275879 0.0050827343948185444)
(29.038467407226562 -0.47943598031997681 0.0051040705293416977)
(29.388271331787109 -0.49695807695388794 0.0051167798228561878)
(29.75609016418457 -0.51416140794754028 0.0051393206231296062)
(30.136955261230469 -0.53324598073959351 0.0051706992089748383)
(30.549844741821289 -0.55961388349533081 0.005208201240748167)
(30.979169845581055 -0.57133394479751587 0.0052725989371538162)
(31.414249420166016 -0.5959053635597229 0.0052768965251743793)
(31.879650115966797 -0.61422121524810791 0.0053069856949150562)
(32.359035491943359 -0.63765877485275269 0.005330690648406744)
(32.867393493652344 -0.65999126434326172 0.005362597294151783)
(33.3966064453125 -0.68376094102859497 0.0053868959657847881)
(33.951614379882812 -0.70803844928741455 0.0054378625936806202)
(34.530784606933594 -0.73270672559738159 0.0054599861614406109)
(35.135490417480469 -0.75760233402252197 0.0054925736039876938)
(35.765682220458984 -0.78282821178436279 0.0055133504793047905)
(36.421772003173828 -0.80986082553863525 0.0055347499437630177)
(37.107925415039062 -0.83655190467834473 0.0055640372447669506)
(37.822910308837891 -0.86367958784103394 0.0055788680911064148)
(38.568618774414062 -0.89176738262176514 0.0056079761125147343)
(39.345199584960938 -0.92093420028686523 0.0056264037266373634)
(40.155399322509766 -0.95061802864074707 0.0056303879246115685)
(41.000480651855469 -0.98151350021362305 0.0056506963446736336)
(41.881080627441406 -1.0132055282592773 0.0056711910292506218)
(42.799770355224609 -1.0452072620391846 0.0056893969886004925)
(43.758506774902344 -1.0790994167327881 0.0057099037803709507)
(44.7587890625 -1.1146955490112305 0.0057130414061248302)
(45.802421569824219 -1.1499687433242798 0.005716938991099596)
(46.890651702880859 -1.187289834022522 0.0057316604070365429)
(48.026168823242188 -1.2256793975830078 0.0057435031048953533)
(49.212760925292969 -1.2669261693954468 0.005746202077716589)
(50.450931549072266 -1.3090182542800903 0.0057565756142139435)
(51.744564056396484 -1.3522577285766602 0.0057715899311006069)
(53.095592498779297 -1.396680474281311 0.0057889395393431187)
(54.508861541748047 -1.4437470436096191 0.0057840710505843163)
(55.986980438232422 -1.4924830198287964 0.0058097047731280327)
(57.532646179199219 -1.5427310466766357 0.0057897688820958138)
(59.149185180664062 -1.5951640605926514 0.0057982713915407658)
(60.842075347900391 -1.6507174968719482 0.0058241346850991249)
(62.615428924560547 -1.7081259489059448 0.0058158175088465214)
(64.474311828613281 -1.7688754796981812 0.0058151949197053909)
(66.422309875488281 -1.8328214883804321 0.0058449059724807739)
(68.466033935546875 -1.8979406356811523 0.0058362958952784538)
(70.6116943359375 -1.9693396091461182 0.0058459034189581871)
(72.866310119628906 -2.0413098335266113 0.0057835839688777924)
(75.236968994140625 -2.1192741394042969 0.0063642626628279686)
(77.73028564453125 -2.2005813121795654 0.0087672099471092224)
(80.354751586914062 -2.2853567600250244 0.0087725026533007622)
(83.119598388671875 -2.376173734664917 0.0087745701894164085)
(86.034675598144531 -2.4702374935150146 0.0087936744093894958)
(89.111862182617188 -2.5720136165618896 0.0087843900546431541)
(92.360176086425781 -2.6786353588104248 0.0087771592661738396)
(95.795761108398438 -2.7910897731781006 0.0087816836312413216)
(99.429550170898438 -2.9116039276123047 0.0087886592373251915)
(103.28048706054688 -3.0378198623657227 0.0087920352816581726)
(107.36135864257812 -3.1735708713531494 0.0087982574477791786)
(111.69451141357422 -3.3157410621643066 0.0088124293833971024)
(116.29861450195312 -3.4702954292297363 0.0088034812361001968)
(121.19676971435547 -3.6325011253356934 0.0088161574676632881)
(126.41281127929688 -3.8064999580383301 0.008799414150416851)
(131.97660827636719 -3.9906806945800781 0.0088224336504936218)
(137.91758728027344 -4.1901373863220215 0.0088176717981696129)
(144.26937866210938 -4.3999118804931641 0.0088261915370821953)
(151.07009887695312 -4.6283726692199707 0.0087957410141825676)
(158.36042785644531 -4.8660058975219727 0.0088228443637490273)
(166.19158935546875 -5.127530574798584 0.0088390093296766281)
(174.60952758789062 -5.4011096954345703 0.0088401790708303452)
(183.67807006835938 -5.6972332000732422 0.0088493004441261292)
(193.45603942871094 -6.0083074569702148 0.0088377762585878372)
(204.01914978027344 -6.3403000831604004 0.008864453062415123)
(215.44273376464844 -6.6870574951171875 0.0088836671784520149)
(227.82286071777344 -7.0827336311340332 0.0089072529226541519)
(241.33393859863281 -7.5143704414367676 0.0088952230289578438)
(256.14495849609375 -7.9912428855895996 0.0089928982779383659)
(272.40478515625 -8.4844160079956055 0.0075494749471545219)
(290.27462768554688 -8.9984855651855469 0.007609774824231863)
(309.8958740234375 -9.4969520568847656 0.0076761427335441113)
(331.38766479492188 -9.9578685760498047 0.0077086747623980045)
(354.80996704101562 -10.326665878295898 0.0077672931365668774)
(380.07049560546875 -10.514941215515137 0.0077737332321703434)
(407.42599487304688 -11.452532768249512 0.0077719907276332378)
(439.6439208984375 -11.836873054504395 0.0080422563478350639)
(475.03839111328125 -11.758267402648926 0.0082242283970117569)
(512.86407470703125 -11.392096519470215 0.0083935167640447617)
(553.11920166015625 -11.001999855041504 0.0085238907486200333)
(596.86181640625 -10.984020233154297 0.0087206661701202393)
(646.74652099609375 -10.514699935913086 0.0088835963979363441)
(701.9417724609375 -9.3010759353637695 0.008176557719707489)
(761.1195068359375 -7.922095775604248 0.0080369189381599426)
(28.533348083496094 -1.2201180458068848 -0.001825320883654058)
(28.852981567382812 -1.2659485340118408 -0.0018099131993949413)
(29.183942794799805 -1.3204289674758911 -0.001804226660169661)
(29.551309585571289 -1.3786835670471191 -0.0018059929134324193)
(29.926223754882812 -1.4244403839111328 -0.0018124292837455869)
(30.299386978149414 -1.4700998067855835 -0.0018171198898926377)
(30.695068359375 -1.5206329822540283 -0.0018231210997328162)
(31.106588363647461 -1.5763769149780273 -0.0018288419814780354)
(31.562726974487305 -1.644811749458313 -0.0018444204470142722)
(32.029762268066406 -1.6833796501159668 -0.0018673186423256993)
(32.487987518310547 -1.7402653694152832 -0.0018722792156040668)
(32.990486145019531 -1.7938156127929688 -0.0018748772563412786)
(33.505840301513672 -1.8542098999023438 -0.0018814215436577797)
(34.054786682128906 -1.9149905443191528 -0.0018955047708004713)
(34.625595092773438 -1.9778821468353271 -0.001901063253171742)
(35.225166320800781 -2.0416374206542969 -0.0019121310906484723)
(35.847675323486328 -2.1056468486785889 -0.001928581390529871)
(36.497486114501953 -2.1700153350830078 -0.0019388209329918027)
(37.169467926025391 -2.2341620922088623 -0.0019423204939812422)
(37.870018005371094 -2.3001039028167725 -0.0019480169285088778)
(38.599735260009766 -2.3683009147644043 -0.0019577727653086185)
(39.360790252685547 -2.4377212524414062 -0.0019625567365437746)
(40.15301513671875 -2.5087559223175049 -0.001970226876437664)
(40.978370666503906 -2.5823442935943604 -0.0019736667163670063)
(41.837665557861328 -2.6580414772033691 -0.0019793631508946419)
(42.733509063720703 -2.7346940040588379 -0.0019879802130162716)
(43.666362762451172 -2.8147802352905273 -0.0019882246851921082)
(44.638446807861328 -2.8970332145690918 -0.0019994103349745274)
(45.652633666992188 -2.9806363582611084 -0.0020006827544420958)
(46.709739685058594 -3.0667562484741211 -0.0020041728857904673)
(47.810916900634766 -3.1565678119659424 -0.0020042581018060446)
(48.960544586181641 -3.2481536865234375 -0.0020109843462705612)
(50.157333374023438 -3.3432810306549072 -0.0020165923051536083)
(51.408023834228516 -3.441180944442749 -0.0020136767998337746)
(52.711521148681641 -3.5423967838287354 -0.0020244324114173651)
(54.072246551513672 -3.6470003128051758 -0.0020197294652462006)
(55.4931640625 -3.7562282085418701 -0.0020293013658374548)
(56.978786468505859 -3.8683996200561523 -0.0020254214759916067)
(58.531120300292969 -3.9851996898651123 -0.0020273381378501654)
(60.153774261474609 -4.1069173812866211 -0.0020312664564698935)
(61.850082397460938 -4.2328901290893555 -0.0020342858042567968)
(63.62542724609375 -4.3643484115600586 -0.0020409920252859592)
(65.4847412109375 -4.501030445098877 -0.0020249322988092899)
(67.432586669921875 -4.6428432464599609 -0.0010251489002257586)
(69.47344970703125 -4.7922201156616211 -0.0010207194136455655)
(71.61279296875 -4.9467382431030273 -0.0010241230484098196)
(73.858016967773438 -5.109438419342041 -0.0010238756658509374)
(76.216949462890625 -5.2786989212036133 -0.0010256657842546701)
(78.695762634277344 -5.456446647644043 -0.0010224409634247422)
(81.301681518554688 -5.6422820091247559 -0.001023687538690865)
(84.043106079101562 -5.8376502990722656 -0.0010222707642242312)
(86.931503295898438 -6.042628288269043 -0.0010274010710418224)
(89.973670959472656 -6.2584800720214844 -0.001026150188408792)
(93.184127807617188 -6.4838976860046387 -0.0010253909276798368)
(96.574478149414062 -6.7230410575866699 -0.0010241183917969465)
(100.15473175048828 -6.9738240242004395 -0.0010301274014636874)
(103.94123077392578 -7.2387871742248535 -0.0010313148377463222)
(107.95191192626953 -7.5181303024291992 -0.0010307220509275794)
(112.20041656494141 -7.814457893371582 -0.0010278000263497233)
(116.70942687988281 -8.1251840591430664 -0.0010245701996609569)
(121.49635314941406 -8.4560575485229492 -0.001023091608658433)
(126.58924102783203 -8.8044948577880859 -0.0010318829445168376)
(132.00764465332031 -9.1753988265991211 -0.0010273336665704846)
(137.78407287597656 -9.5660810470581055 -0.001026784535497427)
(143.9459228515625 -9.9838724136352539 -0.0010329976212233305)
(150.53034973144531 -10.423088073730469 -0.001031148131005466)
(157.57485961914062 -10.893232345581055 -0.0010385166388005018)
(165.12156677246094 -11.388809204101562 -0.001029198756441474)
(173.21522521972656 -11.918327331542969 -0.0010252314386889338)
(181.91233825683594 -12.474652290344238 -0.0010430284310132265)
(191.269287109375 -13.069652557373047 -0.0010405594948679209)
(201.35009765625 -13.694963455200195 -0.0010378843871876597)
(212.22848510742188 -14.356105804443359 -0.0010368934599682689)
(223.98280334472656 -15.050838470458984 -0.0010475745657458901)
(236.71638488769531 -15.817564964294434 -0.0010371759999543428)
(250.62298583984375 -16.659662246704102 -0.0005345200770534575)
(265.84848022460938 -17.557229995727539 -0.00052067555952817202)
(282.5350341796875 -18.490453720092773 -0.00052804179722443223)
(300.80319213867188 -19.437595367431641 -0.00052961625624448061)
(320.77920532226562 -20.360359191894531 -0.00054408342111855745)
(342.53994750976562 -21.21055793762207 -0.00055240269284695387)
(366.13363647460938 -21.922307968139648 -0.00055540795437991619)
(391.48358154296875 -22.365531921386719 -0.00054545223247259855)
(418.88272094726562 -23.860620498657227 -0.00055375311058014631)
(451.47457885742188 -24.519548416137695 -0.00057282182388007641)
(486.75241088867188 -24.447015762329102 -0.0005770120769739151)
(524.12298583984375 -23.932821273803711 -0.00058893975801765919)
(563.86871337890625 -23.336267471313477 -0.00062879692995920777)
(607.341552734375 -23.17034912109375 -0.00060782383661717176)
(657.1939697265625 -22.207435607910156 -0.00033070016070269048)
(711.77069091796875 -19.980934143066406 -0.0003373033250682056)
(769.572998046875 -17.206647872924805 -0.00033942796289920807)
(28.264421463012695 -2.0076186656951904 -0.0012312292819842696)
(28.580410003662109 -2.0825486183166504 -0.0012151955161243677)
(28.907363891601562 -2.1677811145782471 -0.0012126105139032006)
(29.282028198242188 -2.2563700675964355 -0.0012081566965207458)
(29.65985107421875 -2.3328011035919189 -0.0012134328717365861)
(30.026882171630859 -2.4098360538482666 -0.0012149603571742773)
(30.420324325561523 -2.4911758899688721 -0.0012198657495900989)
(30.830722808837891 -2.5755069255828857 -0.0012218906776979566)
(31.298688888549805 -2.6768319606781006 -0.001229527173563838)
(31.768939971923828 -2.7515289783477783 -0.0012482502497732639)
(32.216999053955078 -2.8432943820953369 -0.0012501941528171301)
(32.721714019775391 -2.931260347366333 -0.0012518349103629589)
(33.236896514892578 -3.0276942253112793 -0.0012580712791532278)
(33.789443969726562 -3.1242272853851318 -0.0012637017061933875)
(34.364471435546875 -3.2251849174499512 -0.0012721173698082566)
(34.968963623046875 -3.3273551464080811 -0.0012776532676070929)
(35.595924377441406 -3.4310910701751709 -0.0012830635532736778)
(36.248443603515625 -3.5350050926208496 -0.0012941310415044427)
(36.921501159667969 -3.6406991481781006 -0.0012957238359376788)
(37.622066497802734 -3.7492432594299316 -0.0013004872016608715)
(38.352363586425781 -3.859877347946167 -0.0013089048443362117)
(39.113243103027344 -3.9734933376312256 -0.0013131010346114635)
(39.906501770019531 -4.0900449752807617 -0.0013125942787155509)
(40.732139587402344 -4.209465503692627 -0.0013165470445528626)
(41.592086791992188 -4.3311848640441895 -0.0013194768689572811)
(42.488006591796875 -4.4571924209594727 -0.0013270466588437557)
(43.421352386474609 -4.5863361358642578 -0.0013301033759489655)
(44.394149780273438 -4.7190299034118652 -0.0013339488068595529)
(45.407852172851562 -4.8553290367126465 -0.0013354843249544501)
(46.465103149414062 -4.9957895278930664 -0.001338634523563087)
(47.56683349609375 -5.1409764289855957 -0.001342300558462739)
(48.714595794677734 -5.2906765937805176 -0.001339798909612)
(49.912303924560547 -5.4444870948791504 -0.0013416977599263191)
(51.161518096923828 -5.6040081977844238 -0.0013443103525787592)
(52.465076446533203 -5.768038272857666 -0.0013449847465381026)
(53.824882507324219 -5.9382200241088867 -0.0013467899989336729)
(55.245941162109375 -6.1147232055664062 -0.001354123349301517)
(56.730350494384766 -6.2972540855407715 -0.0013490490382537246)
(58.282253265380859 -6.4880924224853516 -0.0006932289688847959)
(59.903579711914062 -6.6851487159729004 -0.00067877606488764286)
(61.599002838134766 -6.8898768424987793 -0.00067959068110212684)
(63.37286376953125 -7.1029415130615234 -0.00067781010875478387)
(65.231025695800781 -7.3251776695251465 -0.00067795248469337821)
(67.17694091796875 -7.5563197135925293 -0.00068116554757580161)
(69.215812683105469 -7.7974019050598145 -0.00067874306114390492)
(71.354278564453125 -8.0493927001953125 -0.00068273750366643071)
(73.597976684570312 -8.3126583099365234 -0.00068071536952629685)
(75.955146789550781 -8.5876913070678711 -0.00067986303474754095)
(78.432716369628906 -8.8760128021240234 -0.00068274431396275759)
(81.037025451660156 -9.1775360107421875 -0.00068159139482304454)
(83.777549743652344 -9.494603157043457 -0.00068292266223579645)
(86.663414001464844 -9.8262882232666016 -0.00068431842373684049)
(89.705917358398438 -10.175324440002441 -0.00068060896592214704)
(92.915435791015625 -10.541372299194336 -0.00068477157037705183)
(96.303138732910156 -10.927908897399902 -0.00068290549097582698)
(99.884452819824219 -11.335129737854004 -0.00068222166737541556)
(103.67108917236328 -11.762968063354492 -0.00068214745260775089)
(107.68036651611328 -12.21458625793457 -0.00068174948683008552)
(111.93000793457031 -12.691610336303711 -0.00068684940924867988)
(116.44138336181641 -13.194570541381836 -0.00068795832339674234)
(121.23048400878906 -13.726773262023926 -0.00068665656726807356)
(126.32550811767578 -14.28923225402832 -0.00068329332862049341)
(131.74758911132812 -14.886037826538086 -0.0006849197088740766)
(137.52912902832031 -15.516188621520996 -0.00068323913728818297)
(143.69728088378906 -16.186155319213867 -0.00068520527565851808)
(150.29116821289062 -16.893182754516602 -0.00068737758556380868)
(157.34465026855469 -17.646596908569336 -0.00068510655546560884)
(164.90361022949219 -18.443557739257812 -0.00068857864243909717)
(173.01568603515625 -19.28901481628418 -0.00068598845973610878)
(181.73524475097656 -20.184036254882812 -0.00069137592799961567)
(191.11564636230469 -21.13389778137207 -0.00068692717468366027)
(201.23165893554688 -22.136653900146484 -0.00069295696448534727)
(212.15000915527344 -23.196985244750977 -0.00069388700649142265)
(223.95426940917969 -24.310859680175781 -0.00035199578269384801)
(236.75932312011719 -25.523824691772461 -0.00034578845952637494)
(250.77720642089844 -26.841426849365234 -0.00034551956923678517)
(266.15878295898438 -28.240085601806641 -0.00034506831434555352)
(283.017578125 -29.697084426879883 -0.00035011692671105266)
(301.46597290039062 -31.177938461303711 -0.00035612468491308391)
(321.60589599609375 -32.633316040039062 -0.00036082218866795301)
(343.498779296875 -34.001022338867188 -0.00036013833596371114)
(367.17242431640625 -35.195594787597656 -0.00036745148827321827)
(392.53274536132812 -36.057254791259766 -0.00037380287540145218)
(420.02462768554688 -38.0648193359375 -0.00036173241096548736)
(453.3365478515625 -39.045265197753906 -0.00036570089287124574)
(488.97579956054688 -39.071208953857422 -0.00038060505175963044)
(526.37457275390625 -38.453777313232422 -0.00040371058275923133)
(566.085693359375 -37.602005004882812 -0.00040572736179456115)
(609.78668212890625 -37.075355529785156 -0.00040586106479167938)
(660.4608154296875 -35.402904510498047 -0.00022283915313892066)
(715.77130126953125 -31.965576171875 -0.00022131831792648882)
(773.95343017578125 -27.399116516113281 -0.00021662488870788366)
(27.954776763916016 -2.676156759262085 -0.0009463660535402596)
(28.262393951416016 -2.7788681983947754 -0.00095949129899963737)
(28.583095550537109 -2.8943626880645752 -0.00096362089971080422)
(28.961301803588867 -3.0160462856292725 -0.00096202571876347065)
(29.340000152587891 -3.1206297874450684 -0.00096487166592851281)
(29.698478698730469 -3.2238757610321045 -0.0009676589397713542)
(30.087724685668945 -3.3335475921630859 -0.00096857664175331593)
(30.494209289550781 -3.4493262767791748 -0.00097013235790655017)
(30.974477767944336 -3.5834825038909912 -0.00097458442905917764)
(31.447237014770508 -3.6861653327941895 -0.00099289335776120424)
(31.882291793823242 -3.8072781562805176 -0.000993946916423738)
(32.388870239257812 -3.9260945320129395 -0.00099703751038759947)
(32.900917053222656 -4.0544357299804688 -0.00099886674433946609)
(33.456874847412109 -4.1843528747558594 -0.0010043776128441095)
(34.033176422119141 -4.3196144104003906 -0.001008648076094687)
(34.641483306884766 -4.4562997817993164 -0.0010145255364477634)
(35.271747589111328 -4.5955071449279785 -0.0010216989321634173)
(35.925136566162109 -4.7349629402160645 -0.0010251700878143311)
(36.598304748535156 -4.8761920928955078 -0.0010301648871973157)
(37.296478271484375 -5.0206151008605957 -0.0010350464144721627)
(38.025684356689453 -5.1674737930297852 -0.0010392689146101475)
(38.784576416015625 -5.3195619583129883 -0.0010430205147713423)
(39.575450897216797 -5.4757981300354004 -0.0010435141157358885)
(40.398487091064453 -5.6350269317626953 -0.0010498054325580597)
(41.255352020263672 -5.7986721992492676 -0.0010517989285290241)
(42.148647308349609 -5.9658570289611816 -0.0010543761309236288)
(43.077934265136719 -6.1381573677062988 -0.0010568029247224331)
(44.047172546386719 -6.314720630645752 -0.0010600452078506351)
(45.056552886962891 -6.4965591430664062 -0.0010607390431687236)
(46.109153747558594 -6.6839818954467773 -0.0010651841294020414)
(47.205177307128906 -6.8761429786682129 -0.0010663357097655535)
(48.347209930419922 -7.075197696685791 -0.0010666570160537958)
(49.5386962890625 -7.2811698913574219 -0.0010687701869755983)
(50.780612945556641 -7.4926795959472656 -0.00067407061578705907)
(52.076374053955078 -7.7113986015319824 -0.0005363837699405849)
(53.429153442382812 -7.9386820793151855 -0.00053626589942723513)
(54.841327667236328 -8.1734275817871094 -0.00053639849647879601)
(56.317008972167969 -8.4169540405273438 -0.00053752056555822492)
(57.85821533203125 -8.6697912216186523 -0.00053914077579975128)
(59.468921661376953 -8.9320850372314453 -0.00053909991402179003)
(61.152374267578125 -9.2047948837280273 -0.0005391365266405046)
(62.914501190185547 -9.4881725311279297 -0.00054110836936160922)
(64.758575439453125 -9.7837390899658203 -0.00054158788407221437)
(66.690902709960938 -10.091921806335449 -0.00053983408724889159)
(68.714469909667969 -10.412961959838867 -0.0005432174657471478)
(70.836822509765625 -10.748898506164551 -0.00054026558063924313)
(73.063499450683594 -11.098933219909668 -0.0005426849820651114)
(75.403289794921875 -11.465607643127441 -0.00054408865980803967)
(77.860946655273438 -11.849946975708008 -0.00054106442257761955)
(80.444435119628906 -12.251666069030762 -0.00054185820044949651)
(83.162994384765625 -12.673360824584961 -0.00054359546629711986)
(86.026168823242188 -13.116229057312012 -0.00054330966668203473)
(89.043258666992188 -13.580544471740723 -0.00054312701104208827)
(92.226982116699219 -14.070415496826172 -0.00054436223581433296)
(95.587478637695312 -14.583450317382812 -0.00054535618983209133)
(99.139266967773438 -15.126316070556641 -0.00054603774333372712)
(102.89456176757812 -15.69701099395752 -0.00054666859796270728)
(106.87252807617188 -16.29981803894043 -0.00054312427528202534)
(111.08904266357422 -16.934379577636719 -0.0005460501997731626)
(115.56419372558594 -17.607412338256836 -0.00054470938630402088)
(120.31607818603516 -18.317066192626953 -0.00054275826551020145)
(125.37232208251953 -19.068675994873047 -0.00054729304974898696)
(130.7532958984375 -19.864944458007812 -0.00054934370564296842)
(136.49227905273438 -20.706907272338867 -0.00054359505884349346)
(142.61662292480469 -21.602764129638672 -0.00054580281721428037)
(149.16629028320312 -22.549388885498047 -0.00054417800856754184)
(156.17399597167969 -23.556577682495117 -0.00054469582391902804)
(163.68894958496094 -24.623836517333984 -0.00054986739996820688)
(171.755126953125 -25.75566291809082 -0.00054415187332779169)
(180.42839050292969 -26.958141326904297 -0.00054307986283674836)
(189.76725769042969 -28.231151580810547 -0.00050862663192674518)
(199.84310913085938 -29.581541061401367 -0.0002781876246444881)
(210.72706604003906 -31.009220123291016 -0.00027172893169336021)
(222.50428771972656 -32.513267517089844 -0.00027304483228363097)
(235.29751586914062 -34.143669128417969 -0.00027476795366965234)
(249.35400390625 -35.908855438232422 -0.00027807915466837585)
(264.81964111328125 -37.782463073730469 -0.00027380307437852025)
(281.80111694335938 -39.735870361328125 -0.00027649194817058742)
(300.39541625976562 -41.727733612060547 -0.00028089777333661914)
(320.68902587890625 -43.698772430419922 -0.00027901705470867455)
(342.7158203125 -45.572174072265625 -0.0002807126147672534)
(366.48809814453125 -47.247264862060547 -0.00029096388607285917)
(391.86203002929688 -48.541526794433594 -0.00029003349482081831)
(419.44769287109375 -51.061927795410156 -0.00028415874112397432)
(453.67672729492188 -52.343238830566406 -0.0002860028762370348)
(489.93084716796875 -52.481544494628906 -0.00029665077454410493)
(527.6107177734375 -51.795253753662109 -0.00015661507495678961)
(567.49969482421875 -50.716651916503906 -0.00016052866703830659)
(611.682373046875 -49.788238525390625 -0.00015807004820089787)
(663.61041259765625 -47.370105743408203 -0.00016567618877161294)
(720.1287841796875 -42.750301361083984 -0.00017488109006080776)
(779.04925537109375 -36.413135528564453 -0.00012618575419764966)
(27.414636611938477 -3.2723701000213623 0.00087914039613679051)
(27.709882736206055 -3.4007735252380371 0.00086002791067585349)
(28.019882202148438 -3.5430679321289062 0.00085482164286077023)
(28.395290374755859 -3.6912660598754883 0.00084984698332846165)
(28.770864486694336 -3.8214600086212158 0.00085259077604860067)
(29.115467071533203 -3.9506030082702637 0.00085350096924230456)
(29.497550964355469 -4.0851807594299316 0.00085397664224728942)
(29.894937515258789 -4.2277626991271973 0.00085317902266979218)
(30.380975723266602 -4.3917422294616699 0.0008563437731936574)
(30.84979248046875 -4.5215506553649902 0.00087712053209543228)
(31.267425537109375 -4.6709957122802734 0.00087693415116518736)
(31.769924163818359 -4.8179717063903809 0.00087821349734440446)
(32.274181365966797 -4.9761524200439453 0.0008808324346318841)
(32.827648162841797 -5.1352720260620117 0.00088427378796041012)
(33.398757934570312 -5.3011960983276367 0.00088875991059467196)
(34.005367279052734 -5.4693546295166016 0.00089358002878725529)
(34.631179809570312 -5.6410021781921387 0.00089925073552876711)
(35.280437469482422 -5.8134551048278809 0.00090317876311019063)
(35.945163726806641 -5.9877762794494629 0.00090693647507578135)
(36.636066436767578 -6.1662683486938477 0.00091123767197132111)
(37.355781555175781 -6.3477077484130859 0.00091328239068388939)
(38.106735229492188 -6.5336408615112305 0.00091816403437405825)
(38.887516021728516 -6.7238283157348633 0.00091899873223155737)
(39.701095581054688 -6.9195656776428223 0.00092296424554660916)
(40.547782897949219 -7.1203703880310059 0.00092525442596524954)
(41.429637908935547 -7.3261251449584961 0.00092447706265375018)
(42.347434997558594 -7.5368757247924805 0.00092284189304336905)
(43.304191589355469 -7.7532649040222168 0.0004656268865801394)
(44.300548553466797 -7.9761271476745605 0.0004674335359595716)
(45.339206695556641 -8.2057332992553711 0.0004665040469262749)
(46.420890808105469 -8.4416475296020508 0.00046930904500186443)
(47.548419952392578 -8.6850156784057617 0.00046873895917087793)
(48.722988128662109 -8.935969352722168 0.00046948064118623734)
(49.94873046875 -9.195500373840332 0.00046975075383670628)
(51.226715087890625 -9.4641733169555664 0.00047154209460131824)
(52.561199188232422 -9.7419414520263672 0.00047265083412639797)
(53.953037261962891 -10.029057502746582 0.00047155059291981161)
(55.408550262451172 -10.327071189880371 0.00047324746265076101)
(56.927192687988281 -10.635993957519531 0.00047270383220165968)
(58.515583038330078 -10.957573890686035 0.00047356341383419931)
(60.175052642822266 -11.291121482849121 0.00047552475007250905)
(61.911949157714844 -11.638486862182617 0.0004741196462418884)
(63.729915618896484 -12.000224113464355 0.00047650490887463093)
(65.633560180664062 -12.377650260925293 0.0004765108460560441)
(67.628074645996094 -12.77053165435791 0.00047708695637993515)
(69.719741821289062 -13.181351661682129 0.00047831630217842758)
(71.914649963378906 -13.610444068908691 0.00047836857265792787)
(74.219711303710938 -14.058717727661133 0.0004783431941177696)
(76.641059875488281 -14.52824878692627 0.00047649609041400254)
(79.187339782714844 -15.021087646484375 0.00047708267811685801)
(81.865623474121094 -15.537477493286133 0.00047708494821563363)
(84.687461853027344 -16.079174041748047 0.00048069714102894068)
(87.660629272460938 -16.648735046386719 0.00047787767834961414)
(90.797676086425781 -17.247522354125977 0.00047925821854732931)
(94.109916687011719 -17.877134323120117 0.00047781114699319005)
(97.609405517578125 -18.542003631591797 0.00047799022286199033)
(101.31215667724609 -19.241275787353516 0.00048143177991732955)
(105.23387908935547 -19.980695724487305 0.00048027536831796169)
(109.39096832275391 -20.759677886962891 0.00048204732593148947)
(113.80403900146484 -21.583587646484375 0.00047926980187185109)
(118.49162292480469 -22.455644607543945 0.00047829715185798705)
(123.4781494140625 -23.378702163696289 0.0004820775066036731)
(128.78822326660156 -24.357500076293945 0.00047884794184938073)
(134.4530029296875 -25.392946243286133 0.00048283705837093294)
(140.50013732910156 -26.493631362915039 0.0004828133387491107)
(146.97027587890625 -27.6597900390625 0.00047944235848262906)
(153.89511108398438 -28.89988899230957 0.00047829325194470584)
(161.32598876953125 -30.217918395996094 0.00047867596731521189)
(169.30522155761719 -31.613271713256836 0.00049033097457140684)
(177.89195251464844 -33.101902008056641 0.00071751500945538282)
(187.14309692382812 -34.677238464355469 0.00072198023553937674)
(197.13252258300781 -36.352909088134766 0.0007194239879027009)
(207.93467712402344 -38.126522064208984 0.00072151888161897659)
(219.63334655761719 -40.002285003662109 0.00072236446430906653)
(232.3653564453125 -42.031291961669922 0.00072182813892140985)
(246.40464782714844 -44.229812622070312 0.00072126399027183652)
(261.90594482421875 -46.566398620605469 0.00072047201683744788)
(278.96286010742188 -49.012168884277344 0.00072195712709799409)
(297.66204833984375 -51.516563415527344 0.00072536361403763294)
(318.07733154296875 -54.014087677001953 0.00073412858182564378)
(340.2276611328125 -56.409049987792969 0.00073859700933098793)
(364.10092163085938 -58.591110229492188 0.00074569531716406345)
(389.50152587890625 -60.349681854248047 0.00075551919871941209)
(417.21664428710938 -63.429325103759766 0.00071767478948459029)
(452.45114135742188 -65.0648193359375 0.00073805259307846427)
(489.44384765625 -65.373214721679688 0.00064162095077335835)
(527.55682373046875 -64.689704895019531 0.00066310871625319123)
(567.7783203125 -63.438552856445312 0.00066734710708260536)
(612.617431640625 -62.136634826660156 0.00066740141483023763)
(666.01025390625 -58.964351654052734 0.00070394919021055102)
(724.0850830078125 -53.190277099609375 0.0007299098651856184)
(784.195068359375 -45.024578094482422 0.00081915600458160043)
(26.83043098449707 -3.7629449367523193 0.000819820212200284)
(27.110380172729492 -3.9145927429199219 0.00079844484571367502)
(27.406730651855469 -4.082486629486084 0.0007916469476185739)
(27.775918960571289 -4.2594561576843262 0.00078470254084095359)
(28.145587921142578 -4.41229248046875 0.00078891415614634752)
(28.476409912109375 -4.5616140365600586 0.0007899055490270257)
(28.849069595336914 -4.7184371948242188 0.0007883893558755517)
(29.237262725830078 -4.8868799209594727 0.0007862261263653636)
(29.725902557373047 -5.0781774520874023 0.00078943057451397181)
(30.190578460693359 -5.2320094108581543 0.00080897181760519743)
(30.589689254760742 -5.4053921699523926 0.00081193039659410715)
(31.086851119995117 -5.5784053802490234 0.00081060366937890649)
(31.580617904663086 -5.7636566162109375 0.00081486609997227788)
(32.128868103027344 -5.9509592056274414 0.0008166736806742847)
(32.694976806640625 -6.1456608772277832 0.00082141329767182469)
(33.295589447021484 -6.3425860404968262 0.00082336191553622484)
(33.916831970214844 -6.5420966148376465 0.00082755746552720666)
(34.558952331542969 -6.7427144050598145 0.000832606281619519)
(35.214603424072266 -6.9456133842468262 0.00083671935135498643)
(35.894222259521484 -7.1531162261962891 0.0008394469041377306)
(36.604331970214844 -7.3652467727661133 0.0008421983802691102)
(37.342109680175781 -7.5814886093139648 0.00079498993000015616)
(38.112350463867188 -7.8025612831115723 0.00042544864118099213)
(38.913414001464844 -8.0296297073364258 0.0004258349072188139)
(39.748287200927734 -8.2621231079101562 0.00042603255133144557)
(40.616329193115234 -8.5003652572631836 0.00042771242442540824)
(41.519771575927734 -8.745366096496582 0.00042907820898108184)
(42.460613250732422 -8.9967727661132812 0.00043035415001213551)
(43.440834045410156 -9.2549619674682617 0.00043135607847943902)
(44.462226867675781 -9.5211009979248047 0.00043089370592497289)
(45.526042938232422 -9.7950496673583984 0.00043285862193442881)
(46.633552551269531 -10.076872825622559 0.00043250701855868101)
(47.789051055908203 -10.367765426635742 0.00043430749792605639)
(48.993949890136719 -10.668489456176758 0.0004349738301243633)
(50.249774932861328 -10.979587554931641 0.00043537450255826116)
(51.560184478759766 -11.301094055175781 0.00043669709702953696)
(52.928058624267578 -11.634055137634277 0.00043568422552198172)
(54.356945037841797 -11.97996711730957 0.00043739285320043564)
(55.848728179931641 -12.337698936462402 0.00043749704491347075)
(57.408344268798828 -12.710000991821289 0.00043894306872971356)
(59.037254333496094 -13.097176551818848 0.00043963763164356351)
(60.742313385009766 -13.500089645385742 0.0004410425026435405)
(62.526248931884766 -13.918085098266602 0.0004394584393594414)
(64.395057678222656 -14.355430603027344 0.00052992795826867223)
(66.352203369140625 -14.810924530029297 0.0011730052065104246)
(68.404670715332031 -15.287350654602051 0.0013201802503317595)
(70.559089660644531 -15.78398609161377 0.0013219172833487391)
(72.821281433105469 -16.304618835449219 0.0013206722214818001)
(75.197181701660156 -16.849075317382812 0.0013218556996434927)
(77.694976806640625 -17.420192718505859 0.0013237096136435866)
(80.323875427246094 -18.018913269042969 0.0013243986759334803)
(83.092277526855469 -18.648086547851562 0.0013240799307823181)
(86.009429931640625 -19.309076309204102 0.0013234879588708282)
(89.08843994140625 -20.003829956054688 0.0013246769085526466)
(92.337333679199219 -20.735265731811523 0.0013234933139756322)
(95.772392272949219 -21.5069580078125 0.0013244171859696507)
(99.407135009765625 -22.319112777709961 0.0013264488661661744)
(103.25661468505859 -23.177927017211914 0.0013243824942037463)
(107.33889770507812 -24.085239410400391 0.0013245124137029052)
(111.67214202880859 -25.043155670166016 0.0013254255754873157)
(116.27448272705078 -26.058868408203125 0.00132579798810184)
(121.17345428466797 -27.134187698364258 0.0013280191924422979)
(126.39202117919922 -28.273801803588867 0.0013253880897536874)
(131.9599609375 -29.483781814575195 0.0013273111544549465)
(137.90516662597656 -30.765951156616211 0.0013298511039465666)
(144.2708740234375 -32.131385803222656 0.0011074732756242156)
(151.08419799804688 -33.5810546875 0.0011052746558561921)
(158.40274047851562 -35.123805999755859 0.0011069945758208632)
(166.26741027832031 -36.761058807373047 0.0011072605848312378)
(174.73150634765625 -38.508567810058594 0.001108079100959003)
(183.86378479003906 -40.363693237304688 0.0011056136572733521)
(193.73065185546875 -42.339138031005859 0.0011077654780820012)
(204.4134521484375 -44.436683654785156 0.0011071861954405904)
(215.99374389648438 -46.659339904785156 0.0011054691858589649)
(228.62234497070312 -49.066158294677734 0.0011021634563803673)
(242.60134887695312 -51.681205749511719 0.0011011571623384953)
(258.09222412109375 -54.466743469238281 0.0010985229164361954)
(275.18020629882812 -57.398860931396484 0.0011045288993045688)
(293.94766235351562 -60.414421081542969 0.0011057195952162147)
(314.45791625976562 -63.443523406982422 0.0011161634465679526)
(336.71588134765625 -66.373649597167969 0.0011217837454751134)
(360.68603515625 -69.082389831542969 0.0011311608832329512)
(386.121826171875 -71.332122802734375 0.0011525305453687906)
(413.99282836914062 -75.039772033691406 0.0010746405459940434)
(450.30563354492188 -77.090446472167969 0.0011061421828344464)
(488.15628051757812 -77.617347717285156 0.0010381441097706556)
(526.84259033203125 -76.991195678710938 0.0010689672781154513)
(567.55401611328125 -75.615669250488281 0.0010819585295394063)
(613.21893310546875 -73.977325439453125 0.0010785497725009918)
(668.329833984375 -70.044784545898438 0.00112983922008425)
(728.21600341796875 -63.086910247802734 0.0011784103699028492)
(789.8358154296875 -53.016448974609375 0.0012683753157034516)
(26.17320442199707 -4.1728024482727051 0.0007421600166708231)
(26.435234069824219 -4.344334602355957 0.00074453779961913824)
(26.718347549438477 -4.536191463470459 0.0007513358723372221)
(27.078950881958008 -4.7393441200256348 0.00074773409869521856)
(27.440046310424805 -4.9150605201721191 0.00075152557110413909)
(27.756856918334961 -5.0847163200378418 0.00075332098640501499)
(28.119359970092773 -5.2623624801635742 0.00074990541907027364)
(28.497797012329102 -5.4542989730834961 0.00074599211802706122)
(28.987733840942383 -5.6722116470336914 0.00074085523374378681)
(29.446889877319336 -5.8462362289428711 0.00039628776721656322)
(29.828512191772461 -6.0417594909667969 0.00077200756641104817)
(30.318378448486328 -6.2376103401184082 0.00077361229341477156)
(30.801784515380859 -6.4478311538696289 0.00077643495751544833)
(31.343986511230469 -6.6604151725769043 0.00077909929677844048)
(31.901388168334961 -6.8801546096801758 0.00078162102727219462)
(32.495960235595703 -7.1024870872497559 0.00078591506462544203)
(33.108901977539062 -7.3282709121704102 0.00078592437785118818)
(33.743873596191406 -7.5547990798950195 0.0005965795717202127)
(34.388805389404297 -7.78289794921875 0.00039929247577674687)
(35.057952880859375 -8.0166082382202148 0.00039993887185119092)
(35.755401611328125 -8.2551660537719727 0.00040250440360978246)
(36.481559753417969 -8.4990863800048828 0.00040395231917500496)
(37.237701416015625 -8.7479686737060547 0.00040405435720458627)
(38.025390625 -9.0020427703857422 0.00040565442759543657)
(38.845321655273438 -9.2631130218505859 0.00040756972157396376)
(39.698600769042969 -9.5303583145141602 0.00040853506652638316)
(40.586284637451172 -9.8040885925292969 0.00040842525777406991)
(41.510025024414062 -10.085037231445312 0.00040979986079037189)
(42.472023010253906 -10.375028610229492 0.0004114548210054636)
(43.474525451660156 -10.672873497009277 0.00041200660052709281)
(44.517662048339844 -10.979156494140625 0.00041313300607725978)
(45.604476928710938 -11.295534133911133 0.00041372384293936193)
(46.737514495849609 -11.621460914611816 0.00041478904313407838)
(47.919174194335938 -11.957548141479492 0.00041401796624995768)
(49.150642395019531 -12.305182456970215 0.00041540773236192763)
(50.434959411621094 -12.664608955383301 0.00041520086233504117)
(51.776134490966797 -13.037498474121094 0.00041785032954066992)
(53.175765991210938 -13.424392700195312 0.0006324604619294405)
(54.637321472167969 -13.825008392333984 0.0012015806278213859)
(56.164936065673828 -14.241569519042969 0.0012557784793898463)
(57.760658264160156 -14.673686027526855 0.0012572860578075051)
(59.430229187011719 -15.124073028564453 0.0012587765231728554)
(61.177280426025391 -15.592772483825684 0.0012580815237015486)
(63.006763458251953 -16.082368850708008 0.0012606198433786631)
(64.923637390136719 -16.592021942138672 0.0012595005100592971)
(66.933265686035156 -17.124732971191406 0.0012612849241122603)
(69.042945861816406 -17.681131362915039 0.0012608108809217811)
(71.256294250488281 -18.263608932495117 0.001263113459572196)
(73.582176208496094 -18.873001098632812 0.001263461890630424)
(76.027565002441406 -19.512516021728516 0.0012628814438357949)
(78.600059509277344 -20.18260383605957 0.0012648438569158316)
(81.310234069824219 -20.887323379516602 0.0012648794800043106)
(84.165779113769531 -21.626981735229492 0.0012676964979618788)
(87.17987060546875 -22.406106948852539 0.0012681238586083055)
(90.359634399414062 -23.226787567138672 0.0012683249078691006)
(93.723320007324219 -24.090436935424805 0.0012660823995247483)
(97.282501220703125 -25.003023147583008 0.0012671303702518344)
(101.05107116699219 -25.966161727905273 0.0012682114029303193)
(105.04901885986328 -26.983879089355469 0.0012674854369834065)
(109.2923583984375 -28.061128616333008 0.0012687471462413669)
(113.80033111572266 -29.200918197631836 0.0012686296831816435)
(118.600341796875 -30.410615921020508 0.0012669580755755305)
(123.71360778808594 -31.691444396972656 0.0010600412497296929)
(129.17242431640625 -33.05560302734375 0.0010568142170086503)
(135.00302124023438 -34.5006103515625 0.0010583176044747233)
(141.24447631835938 -36.039348602294922 0.0010571822058409452)
(147.93325805664062 -37.678073883056641 0.0010586766293272376)
(155.12034606933594 -39.419975280761719 0.0010571038583293557)
(162.84568786621094 -41.278549194335938 0.0010566466953605413)
(171.16690063476562 -43.257472991943359 0.0010590188903734088)
(180.15315246582031 -45.368160247802734 0.0010571612510830164)
(189.86967468261719 -47.61663818359375 0.0010569114238023758)
(200.40414428710938 -50.010723114013672 0.0010558089707046747)
(211.83576965332031 -52.560207366943359 0.0010558657813817263)
(224.32449340820312 -55.319290161132812 0.0010530086001381278)
(238.20193481445312 -58.331390380859375 0.0010463596554473042)
(253.64094543457031 -61.551311492919922 0.0010449372930452228)
(270.7149658203125 -64.962852478027344 0.0010436498560011387)
(289.50970458984375 -68.486106872558594 0.0010504135861992836)
(310.07489013671875 -72.0533447265625 0.0010555020999163389)
(332.40875244140625 -75.52935791015625 0.0010626030853018165)
(356.45880126953125 -78.788154602050781 0.0010728128254413605)
(381.923828125 -81.549789428710938 0.00097926624584943056)
(409.96981811523438 -85.971794128417969 0.0010016794549301267)
(447.39263916015625 -88.508506774902344 0.00092396070249378681)
(486.18026733398438 -89.328910827636719 0.00096164760179817677)
(525.54132080078125 -88.810409545898438 0.00099470082204788923)
(566.87432861328125 -87.378288269042969 0.0010039641056209803)
(613.49945068359375 -85.44158935546875 0.00099553319159895182)
(670.5093994140625 -80.778236389160156 0.0010506454855203629)
(732.4588623046875 -72.6221923828125 0.0010861691553145647)
(795.82073974609375 -60.466594696044922 0.0010257713729515672)
(25.491798400878906 -4.4988727569580078 -0.00032490221201442182)
(25.73765754699707 -4.6891226768493652 -0.00076758250361308455)
(26.004663467407227 -4.903167724609375 -0.0007539939833804965)
(26.356765747070312 -5.1307253837585449 -0.00073285290272906423)
(26.707633972167969 -5.3257465362548828 -0.00037406463525258005)
(27.011125564575195 -5.513484001159668 -0.0003744214482139796)
(27.362207412719727 -5.7100234031677246 -0.0003826451429631561)
(27.730875015258789 -5.9249110221862793 -0.00073866022285073996)
(28.219955444335938 -6.1681604385375977 -0.00073222682112827897)
(28.672887802124023 -6.3612880706787109 -0.00038319613668136299)
(29.037675857543945 -6.5749454498291016 -0.00038364354986697435)
(29.519983291625977 -6.7920904159545898 -0.00038377425516955554)
(29.993501663208008 -7.0236263275146484 -0.00038498014328069985)
(30.528446197509766 -7.258793830871582 -0.0003858735435642302)
(31.078125 -7.502047061920166 -0.00038765891804359853)
(31.665658950805664 -7.7488722801208496 -0.00038842906360514462)
(32.270786285400391 -7.9989714622497559 -0.00039119302527979016)
(32.896835327148438 -8.2488031387329102 -0.0003934789274353534)
(33.531833648681641 -8.5002260208129883 -0.00039560889126732945)
(34.188873291015625 -8.7562999725341797 -0.00039715479942969978)
(34.875267028808594 -9.0172119140625 -0.00039823233964852989)
(35.588123321533203 -9.2836513519287109 -0.00039916607784107327)
(36.330806732177734 -9.5563449859619141 -0.00039980027941055596)
(37.103302001953125 -9.8351354598999023 -0.00040196790359914303)
(37.907634735107422 -10.119746208190918 -0.0004026221577078104)
(38.744895935058594 -10.412399291992188 -0.0004031678254250437)
(39.615562438964844 -10.711775779724121 -0.00040415814146399498)
(40.521697998046875 -11.019110679626465 -0.00040475485729984939)
(41.465007781982422 -11.334842681884766 -0.00040586767136119306)
(42.446754455566406 -11.659652709960938 -0.00040642428211867809)
(43.469322204589844 -11.994803428649902 -0.00040673953481018543)
(44.533565521240234 -12.340063095092773 -0.0004077963822055608)
(45.643718719482422 -12.695468902587891 -0.00040818713023327291)
(46.800716400146484 -13.062971115112305 -0.00040897019789554179)
(48.006614685058594 -13.44227409362793 -0.00041050522122532129)
(49.263381958007812 -13.835163116455078 -0.00041081543895415962)
(50.575901031494141 -14.241562843322754 -0.00041084780241362751)
(51.944999694824219 -14.662718772888184 -0.0004107911663595587)
(53.374580383300781 -15.099855422973633 -0.0004112901515327394)
(54.868087768554688 -15.55446720123291 -0.00041212086216546595)
(56.428634643554688 -16.026634216308594 -0.00041238762787543237)
(58.061092376708984 -16.518451690673828 -0.0004129740409553051)
(59.770069122314453 -17.029470443725586 -0.00041323277400806546)
(61.557361602783203 -17.562322616577148 -0.00041301472811028361)
(63.432258605957031 -18.119421005249023 -0.00041420449269935489)
(65.395858764648438 -18.700298309326172 -0.00041530682938173413)
(67.456924438476562 -19.307716369628906 -0.00041577767115086317)
(69.620620727539062 -19.943920135498047 -0.00041447320836596191)
(71.893508911132812 -20.60919189453125 -0.00041458531632088125)
(74.28173828125 -21.308126449584961 -0.00041450865683145821)
(76.79632568359375 -22.03911018371582 -0.00041452737059444189)
(79.443992614746094 -22.809991836547852 -0.00041448889533057809)
(82.2349853515625 -23.617647171020508 -0.00041479986975900829)
(85.179145812988281 -24.469152450561523 -0.00041680701542645693)
(88.287498474121094 -25.366569519042969 -0.00041475490434095263)
(91.574592590332031 -26.309869766235352 -0.0004161587858106941)
(95.051277160644531 -27.309005737304688 -0.00041635902016423643)
(98.7357177734375 -28.361789703369141 -0.00041633562068454921)
(102.64295196533203 -29.475683212280273 -0.00020982287242077291)
(106.790771484375 -30.656852722167969 -0.0002085124870063737)
(111.19805908203125 -31.903598785400391 -0.00020844218670390546)
(115.89155578613281 -33.232040405273438 -0.00020971948106307536)
(120.89258575439453 -34.635044097900391 -0.00020993009093217552)
(126.23065948486328 -36.132556915283203 -0.00020985967421438545)
(131.93760681152344 -37.721603393554688 -0.00020819349447265267)
(138.04779052734375 -39.413272857666016 -0.00020941758702974766)
(144.59698486328125 -41.217559814453125 -0.0002084722655126825)
(151.63816833496094 -43.139129638671875 -0.0002101619029417634)
(159.21025085449219 -45.19140625 -0.00021001521963626146)
(167.37388610839844 -47.380138397216797 -0.00020706783107016236)
(176.19392395019531 -49.717514038085938 -0.00020950721227563918)
(185.74249267578125 -52.216285705566406 -0.00020721806504298002)
(196.10224914550781 -54.880001068115234 -0.00021007606119383126)
(207.35755920410156 -57.728626251220703 -0.00020609844068530947)
(219.68267822265625 -60.818878173828125 -0.000208928671781905)
(233.42184448242188 -64.204696655273438 -0.00020679067529272288)
(248.76490783691406 -67.841133117675781 -0.00020301721815485507)
(265.77798461914062 -71.718055725097656 -0.00020350611885078251)
(284.55584716796875 -75.741470336914062 -0.00020355296146590263)
(305.13360595703125 -79.851387023925781 -0.00020283377671148628)
(327.51083374023438 -83.880645751953125 -0.00020731132826767862)
(351.61056518554688 -87.709327697753906 -0.00010621987166814506)
(377.09298706054688 -91.005393981933594 -0.00010368498624302447)
(405.31201171875 -96.221542358398438 0.00018901556904893368)
(443.86599731445312 -99.332298278808594 0.00029135751537978649)
(483.63864135742188 -100.52082061767578 0.00030421538394875824)
(523.781494140625 -100.16885375976562 0.00031442590989172459)
(565.833984375 -98.739227294921875 0.00031948936521075666)
(613.564208984375 -96.550544738769531 0.00031457797740586102)
(672.62701416015625 -91.165214538574219 0.00033514638198539615)
(736.88092041015625 -81.829185485839844 0.00034512221463955939)
(802.29827880859375 -67.470382690429688 0.00031873106490820646)
(24.797935485839844 -4.7549729347229004 -0.00078577641397714615)
(25.023761749267578 -4.9637789726257324 -0.0011189642827957869)
(25.277347564697266 -5.1982326507568359 -0.00075272849062457681)
(25.615991592407227 -5.4496936798095703 -0.00074133591260761023)
(25.960142135620117 -5.6636514663696289 -0.00059474416775628924)
(26.248313903808594 -5.8680486679077148 -0.00037294355570338666)
(26.591413497924805 -6.0829067230224609 -0.00037093699211254716)
(26.949119567871094 -6.3200159072875977 -0.00037690618773922324)
(27.437320709228516 -6.5865731239318848 -0.00072862103115767241)
(27.88349723815918 -6.7966527938842773 -0.00038308274815790355)
(28.233757019042969 -7.0287075042724609 -0.00038277119165286422)
(28.709100723266602 -7.2657327651977539 -0.00038320166640914977)
(29.17170524597168 -7.5177674293518066 -0.0003838231205008924)
(29.701206207275391 -7.773777961730957 -0.00038436855538748205)
(30.24407958984375 -8.039006233215332 -0.00038600040716119111)
(30.824516296386719 -8.3063421249389648 -0.000387983163818717)
(31.421464920043945 -8.5779590606689453 -0.00038992840563878417)
(32.038799285888672 -8.8488559722900391 -0.00039280438795685768)
(32.662506103515625 -9.1191606521606445 -0.00039485411252826452)
(33.307937622070312 -9.3952226638793945 -0.000395990937249735)
(33.982307434082031 -9.6764087677001953 -0.00039730130811221898)
(34.683296203613281 -9.963134765625 -0.00039891034248284996)
(35.412380218505859 -10.255727767944336 -0.00039983185706660151)
(36.171272277832031 -10.554593086242676 -0.000401179218897596)
(36.960655212402344 -10.861397743225098 -0.00040186860132962465)
(37.782238006591797 -11.175317764282227 -0.00040311817429028451)
(38.635696411132812 -11.497437477111816 -0.00040405898471362889)
(39.524005889892578 -11.827197074890137 -0.0004046883259434253)
(40.448410034179688 -12.165521621704102 -0.00040624826215207577)
(41.410823822021484 -12.513848304748535 -0.00040597512270323932)
(42.412456512451172 -12.872673988342285 -0.00040704660932533443)
(43.454811096191406 -13.242703437805176 -0.0004072517913300544)
(44.541290283203125 -13.624251365661621 -0.00040822089067660272)
(45.673187255859375 -14.018070220947266 -0.00040998493204824626)
(46.853008270263672 -14.424398422241211 -0.0004103585088159889)
(48.082756042480469 -14.844664573669434 -0.0004113338072784245)
(49.365795135498047 -15.279495239257812 -0.00041180048719979823)
(50.704433441162109 -15.730948448181152 -0.00041228023474104702)
(52.102466583251953 -16.199377059936523 -0.00041173759382218122)
(53.561256408691406 -16.68644905090332 -0.00041250928188674152)
(55.087684631347656 -17.192012786865234 -0.00041331924148835242)
(56.682300567626953 -17.718240737915039 -0.0004127207794226706)
(58.351062774658203 -18.266277313232422 -0.0004123884136788547)
(60.097408294677734 -18.837268829345703 -0.00041297698044218123)
(61.928302764892578 -19.433013916015625 -0.00041501739178784192)
(63.846473693847656 -20.05586051940918 -0.0004140340315643698)
(65.858909606933594 -20.706918716430664 -0.00041420370689593256)
(67.97210693359375 -21.388715744018555 -0.00041502059320919216)
(70.190383911132812 -22.101524353027344 -0.00041420594789087772)
(72.522811889648438 -22.851058959960938 -0.00041657820111140609)
(74.977928161621094 -23.634872436523438 -0.00041605814476497471)
(77.561737060546875 -24.46141242980957 -0.00041732084355317056)
(80.286941528320312 -25.327171325683594 -0.00041514335316605866)
(83.159698486328125 -26.240724563598633 -0.00041796674486249685)
(86.195205688476562 -27.202518463134766 -0.00041656554094515741)
(89.403343200683594 -28.216621398925781 -0.00056186196161434054)
(92.797821044921875 -29.287494659423828 -0.00062492204597219825)
(96.394966125488281 -30.419191360473633 -0.00062570901354774833)
(100.20862579345703 -31.614551544189453 -0.00062556075863540173)
(104.25967407226562 -32.884555816650391 -0.00062518805498257279)
(108.56410217285156 -34.224643707275391 -0.00062474783044308424)
(113.14638519287109 -35.653854370117188 -0.00062580459052696824)
(118.03275299072266 -37.165447235107422 -0.00062605622224509716)
(123.24730682373047 -38.777492523193359 -0.0006252831663005054)
(128.82565307617188 -40.490337371826172 -0.00062542269006371498)
(134.79611206054688 -42.317592620849609 -0.00062451575649902225)
(141.19960021972656 -44.26226806640625 -0.00062608660664409399)
(148.08738708496094 -46.344860076904297 -0.00062426278600469232)
(155.49758911132812 -48.564018249511719 -0.00062547979177907109)
(163.49136352539062 -50.940803527832031 -0.00062559254001826048)
(172.13388061523438 -53.478061676025391 -0.00062353193061426282)
(181.4954833984375 -56.201766967773438 -0.00062320061260834336)
(191.66450500488281 -59.108192443847656 -0.00062279158737510443)
(202.72232055664062 -62.227344512939453 -0.00061952735995873809)
(214.85418701171875 -65.621139526367188 -0.00061596906743943691)
(228.42230224609375 -69.358367919921875 -0.00061438273405656219)
(243.62936401367188 -73.385452270507812 -0.00060903467237949371)
(260.5382080078125 -77.711265563964844 -0.00060834147734567523)
(279.2508544921875 -82.221107482910156 -0.00060609052889049053)
(299.7911376953125 -86.870773315429688 -0.00060852273600175977)
(322.16668701171875 -91.458518981933594 -0.00051012239418923855)
(346.27578735351562 -95.869247436523438 -0.0005128978518769145)
(371.74984741210938 -99.720489501953125 -0.00052093254635110497)
(400.1348876953125 -105.80186462402344 -0.00046626888797618449)
(439.80044555664062 -109.58558654785156 -0.00028626082348637283)
(480.59735107421875 -111.22165679931641 -0.00029661285225301981)
(521.59930419921875 -111.1051025390625 -0.00030505793984048069)
(564.47747802734375 -109.73564147949219 -0.00030869012698531151)
(613.42645263671875 -107.34630584716797 -0.00030239729676395655)
(674.68255615234375 -101.25712585449219 -0.00032256834674626589)
(741.40380859375 -90.700431823730469 -0.00032881268998607993)
(809.21484375 -74.050697326660156 -0.00040956222801469266)
(24.107751846313477 -4.9457893371582031 -0.00035084100090898573)
(24.315805435180664 -5.171114444732666 -0.00037227259599603713)
(24.55443000793457 -5.4259018898010254 -0.00038732157554477453)
(24.880485534667969 -5.7015748023986816 -0.00073918572161346674)
(25.215480804443359 -5.9336953163146973 -0.00037809740751981735)
(25.491077423095703 -6.154630184173584 -0.00037402720772661269)
(25.824928283691406 -6.3868899345397949 -0.00037196307675912976)
(26.173088073730469 -6.6428160667419434 -0.00036848548916168511)
(26.659351348876953 -6.933387279510498 -0.00036890478804707527)
(27.100774765014648 -7.1603312492370605 -0.00038442833465524018)
(27.435949325561523 -7.407928466796875 -0.00038479315117001534)
(27.905185699462891 -7.6622176170349121 -0.000384776561986655)
(28.357316970825195 -7.932948112487793 -0.00038433837471529841)
(28.880905151367188 -8.2089853286743164 -0.0003854551468975842)
(29.415254592895508 -8.4934425354003906 -0.00038695416878908873)
(29.989452362060547 -8.7796106338500977 -0.00038952837348915637)
(30.57859992980957 -9.068974494934082 -0.0003920345043297857)
(31.187116622924805 -9.3568630218505859 -0.00039469831972382963)
(31.800426483154297 -9.6455554962158203 -0.00039618078153580427)
(32.435428619384766 -9.9398012161254883 -0.00039776117773726583)
(33.098026275634766 -10.238765716552734 -0.00039962571463547647)
(33.786834716796875 -10.543564796447754 -0.00040291398181580007)
(34.502986907958984 -10.854597091674805 -0.00040641019586473703)
(35.248249053955078 -11.171754837036133 -0.00040755438385531306)
(36.023471832275391 -11.496191024780273 -0.00040901944157667458)
(36.828853607177734 -11.827227592468262 -0.00040889083174988627)
(37.66656494140625 -12.167460441589355 -0.00041041910299099982)
(38.537128448486328 -12.517372131347656 -0.00041146593866869807)
(39.44256591796875 -12.875794410705566 -0.00041157341911457479)
(40.385162353515625 -13.244759559631348 -0.0004125986888539046)
(41.365650177001953 -13.6231689453125 -0.00041294764378108084)
(42.386619567871094 -14.013315200805664 -0.00041342381155118346)
(43.449161529541016 -14.415627479553223 -0.00041512976167723536)
(44.556869506835938 -14.831477165222168 -0.00041604985017329454)
(45.711086273193359 -15.261609077453613 -0.00041530205635353923)
(46.913318634033203 -15.706169128417969 -0.00041730806697160006)
(48.167823791503906 -16.16612434387207 -0.0004167569859419018)
(49.476482391357422 -16.642353057861328 -0.00041797317680902779)
(50.842479705810547 -17.137128829956055 -0.00041733193211257458)
(52.269210815429688 -17.651100158691406 -0.00041827029781416059)
(53.759475708007812 -18.185575485229492 -0.00041775629506446421)
(55.317535400390625 -18.741359710693359 -0.00041893092566169798)
(56.94671630859375 -19.319972991943359 -0.0004187217855360359)
(58.65264892578125 -19.92375373840332 -0.00042091365321539342)
(60.439872741699219 -20.553668975830078 -0.00042005127761512995)
(62.313026428222656 -21.211729049682617 -0.00042027005110867321)
(64.278060913085938 -21.899633407592773 -0.00042106796172447503)
(66.3399658203125 -22.619516372680664 -0.00042220496106892824)
(68.505455017089844 -23.374231338500977 -0.00042168059735558927)
(70.781776428222656 -24.165201187133789 -0.00042244585347361863)
(73.176841735839844 -24.994583129882812 -0.00042298377957195044)
(75.698837280273438 -25.867816925048828 -0.00063221459276974201)
(78.35791015625 -26.784046173095703 -0.00063303543720394373)
(81.161239624023438 -27.750984191894531 -0.00063396210316568613)
(84.122756958007812 -28.767213821411133 -0.0006331364274956286)
(87.253143310546875 -29.840847015380859 -0.00063396693440154195)
(90.565757751464844 -30.973308563232422 -0.00063318823231384158)
(94.075592041015625 -32.173011779785156 -0.00063436804339289665)
(97.797431945800781 -33.437259674072266 -0.00063432840397581458)
(101.74935150146484 -34.783664703369141 -0.00063511956250295043)
(105.95035552978516 -36.203975677490234 -0.00063458958175033331)
(110.421875 -37.718776702880859 -0.0006354241631925106)
(115.19264221191406 -39.322975158691406 -0.00063494150526821613)
(120.28266906738281 -41.034290313720703 -0.00063524284632876515)
(125.72748565673828 -42.852611541748047 -0.00063395668985322118)
(131.55914306640625 -44.798095703125 -0.00063549279002472758)
(137.81576538085938 -46.863437652587891 -0.00063474866328760982)
(144.54350280761719 -49.086669921875 -0.00063488801242783666)
(151.78802490234375 -51.449867248535156 -0.00063421984668821096)
(159.60516357421875 -53.992652893066406 -0.00063333928119391203)
(168.06242370605469 -56.704410552978516 -0.00063278898596763611)
(177.22735595703125 -59.629199981689453 -0.00063252978725358844)
(187.19398498535156 -62.747337341308594 -0.00063146749744191766)
(198.03790283203125 -66.114334106445312 -0.00062924419762566686)
(209.95726013183594 -69.7791748046875 -0.00062674580840393901)
(223.32693481445312 -73.844711303710938 -0.00061928498325869441)
(238.36488342285156 -78.231903076171875 -0.00061457965057343245)
(255.12277221679688 -82.986228942871094 -0.00061143457423895597)
(273.72186279296875 -87.96160888671875 -0.00061527924844995141)
(294.17098999023438 -93.142601013183594 -0.00051307847024872899)
(316.4970703125 -98.284126281738281 -0.00051308795809745789)
(340.57315063476562 -103.28740692138672 -0.00051573349628597498)
(366.00613403320312 -107.70729064941406 -0.00052264914847910404)
(394.53448486328125 -114.71839904785156 -0.00046620244393125176)
(435.27548217773438 -119.27254486083984 -0.00046759375254623592)
(477.11520385742188 -121.45131683349609 -0.00048158664139918983)
(519.044921875 -121.63374328613281 -0.00049911026144400239)
(562.83642578125 -120.38792419433594 -0.00050271034706383944)
(613.11395263671875 -117.83832550048828 -0.00049914210103452206)
(676.68060302734375 -111.09665679931641 -0.0005217884317971766)
(746.055419921875 -99.293792724609375 -0.00049150205450132489)
(816.349609375 -80.016822814941406 -0.00050335086416453123)
(23.424545288085938 -5.0819025039672852 0.00042298884363844991)
(23.614467620849609 -5.3240532875061035 0.00040364300366491079)
(23.838201522827148 -5.5980801582336426 0.00039962746086530387)
(24.151123046875 -5.8967366218566895 0.0003923333715647459)
(24.476877212524414 -6.1462478637695312 0.00039151034434325993)
(24.74095344543457 -6.3818235397338867 0.000390432687709108)
(25.066434860229492 -6.6302766799926758 0.00038812091224826872)
(25.405509948730469 -6.9085273742675781 0.00038260160363279283)
(25.890907287597656 -7.2215642929077148 0.00037837258423678577)
(26.326581954956055 -7.462317943572998 0.00039602964534424245)
(26.650669097900391 -7.7245502471923828 0.00039556165575049818)
(27.114009857177734 -7.9960503578186035 0.00039432293851859868)
(27.558732986450195 -8.2841835021972656 0.00039491822826676071)
(28.07640266418457 -8.578099250793457 0.00039582769386470318)
(28.603992462158203 -8.8804845809936523 0.00039808996370993555)
(29.172689437866211 -9.1848964691162109 0.00039941060822457075)
(29.754396438598633 -9.4913663864135742 0.00040179479401558638)
(30.35563850402832 -9.7952146530151367 0.00040495581924915314)
(30.961071014404297 -10.100236892700195 0.00040742830606177449)
(31.585922241210938 -10.408895492553711 0.00040878451545722783)
(32.238414764404297 -10.723581314086914 0.00040568763506598771)
(32.916065216064453 -11.043792724609375 0.00017755114822648466)
(33.619430541992188 -11.369885444641113 -0.00037648921716026962)
(34.350860595703125 -11.703055381774902 -0.00041788275120779872)
(35.111583709716797 -12.041986465454102 -0.00041875598253682256)
(35.902748107910156 -12.389220237731934 -0.00041997531661763787)
(36.72528076171875 -12.746088027954102 -0.00042032889905385673)
(37.579555511474609 -13.111325263977051 -0.00042120061698369682)
(38.467559814453125 -13.486104011535645 -0.00042176275746896863)
(39.390266418457031 -13.870882034301758 -0.00042359580402262509)
(40.351085662841797 -14.267807006835938 -0.00042355660116299987)
(41.350605010986328 -14.675485610961914 -0.00042396946810185909)
(42.391284942626953 -15.09599781036377 -0.00042542204027995467)
(43.476325988769531 -15.531028747558594 -0.00042502072756178677)
(44.605770111083984 -15.980167388916016 -0.00042598831350915134)
(45.782554626464844 -16.444873809814453 -0.00042789071449078619)
(47.008316040039062 -16.925725936889648 -0.00042666363879106939)
(48.288158416748047 -17.423879623413086 -0.00042729321285150945)
(49.623073577880859 -17.940881729125977 -0.00042869351455010474)
(51.017902374267578 -18.477672576904297 -0.00042987769120372832)
(52.474323272705078 -19.03569221496582 -0.00042873498750850558)
(53.996410369873047 -19.616735458374023 -0.00042991319787688553)
(55.588325500488281 -20.22254753112793 -0.00043012324022129178)
(57.253864288330078 -20.853275299072266 -0.0004314435354899615)
(58.99945068359375 -21.511978149414062 -0.00043101364281028509)
(60.827625274658203 -22.199480056762695 -0.00043292064219713211)
(62.746509552001953 -22.918834686279297 -0.00044676256948150694)
(64.759330749511719 -23.671075820922852 -0.00064729736186563969)
(66.872306823730469 -24.46000862121582 -0.00064791477052494884)
(69.094352722167969 -25.286825180053711 -0.00064821005798876286)
(71.432014465332031 -26.155363082885742 -0.00064890069188550115)
(73.892684936523438 -27.068164825439453 -0.00064834771910682321)
(76.487655639648438 -28.026470184326172 -0.00065004604402929544)
(79.222953796386719 -29.037267684936523 -0.00064939184812828898)
(82.11297607421875 -30.100561141967773 -0.00065049773547798395)
(85.167167663574219 -31.225677490234375 -0.00065063266083598137)
(88.399177551269531 -32.409217834472656 -0.00065036927117034793)
(91.823265075683594 -33.666229248046875 -0.00065102754160761833)
(95.45361328125 -34.989982604980469 -0.00065156666096299887)
(99.309814453125 -36.400279998779297 -0.00064980715978890657)
(103.40985107421875 -37.889972686767578 -0.00065075088059529662)
(107.7723388671875 -39.477264404296875 -0.00065194343915209174)
(112.42799377441406 -41.159042358398438 -0.00065002619521692395)
(117.39396667480469 -42.957870483398438 -0.00064994982676580548)
(122.71059417724609 -44.863407135009766 -0.00065039965556934476)
(128.40296936035156 -46.912063598632812 -0.00065174273913726211)
(134.51036071777344 -49.081676483154297 -0.00065131031442433596)
(141.07829284667969 -51.421981811523438 -0.000650158675853163)
(148.15925598144531 -53.912494659423828 -0.00064955942798405886)
(155.79437255859375 -56.598636627197266 -0.00065030530095100403)
(164.06211853027344 -59.460227966308594 -0.00064784509595483541)
(173.02360534667969 -62.559158325195312 -0.00064617878524586558)
(182.78091430664062 -65.864700317382812 -0.00064783392008394003)
(193.39653015136719 -69.449913024902344 -0.00064693763852119446)
(205.08992004394531 -73.359039306640625 -0.00064281700178980827)
(218.23458862304688 -77.717933654785156 -0.00063388462876901031)
(233.07369995117188 -82.440093994140625 -0.00062848668312653899)
(249.63865661621094 -87.591041564941406 -0.00062916259048506618)
(268.082275390625 -93.012542724609375 -0.00072759034810587764)
(288.38668823242188 -98.7015380859375 -0.00072767853271216154)
(310.61468505859375 -104.39221954345703 -0.00072983221616595984)
(334.60195922851562 -109.98357391357422 -0.00073534715920686722)
(359.9556884765625 -114.98731994628906 -0.00074185914127156138)
(388.5938720703125 -122.97026062011719 -0.00065571808954700828)
(430.34518432617188 -128.40309143066406 -0.00065209879539906979)
(473.2237548828125 -131.2177734375 -0.00067618681350722909)
(516.14739990234375 -131.77677917480469 -0.00069375953171402216)
(560.9261474609375 -130.70512390136719 -0.00069730076938867569)
(612.633056640625 -128.03872680664062 -0.0006913877441547811)
(678.58526611328125 -120.66804504394531 -0.00072573265060782433)
(750.82476806640625 -107.72540283203125 -0.00070162065094336867)
(823.93817138671875 -85.524429321289062 -0.0007380034658126533)
(22.753421783447266 -5.1669740676879883 0.0003644796961452812)
(22.924781799316406 -5.4241914749145508 0.00039738492341712117)
(23.134565353393555 -5.718024730682373 0.00040253851329907775)
(23.434207916259766 -6.0400123596191406 0.00039678433677181602)
(23.751693725585938 -6.3058257102966309 0.00039685823139734566)
(24.005062103271484 -6.5583648681640625 0.00039613104308955371)
(24.324308395385742 -6.8236489295959473 0.00038902595406398177)
(24.656291961669922 -7.1221179962158203 0.0002782198425848037)
(25.139993667602539 -7.4581074714660645 -0.00028849608497694135)
(25.571035385131836 -7.7130441665649414 -0.00041578302625566721)
(25.88629150390625 -7.9906439781188965 -0.00041525001870468259)
(26.345521926879883 -8.2780799865722656 -0.00041595811489969492)
(26.782573699951172 -8.5827093124389648 -0.00041606518789194524)
(27.296415328979492 -8.8909931182861328 -0.00041663297452032566)
(27.819112777709961 -9.21014404296875 -0.00041850359411910176)
(28.383756637573242 -9.5311098098754883 -0.00041981643880717456)
(28.95892333984375 -9.8526887893676758 -0.00042212664266116917)
(29.553951263427734 -10.171760559082031 -0.00042548746569082141)
(30.150497436523438 -10.489509582519531 -0.00042790416046045721)
(30.767082214355469 -10.811192512512207 -0.00042827794095501304)
(31.410308837890625 -11.13926887512207 -0.0004297725681681186)
(32.077243804931641 -11.472137451171875 -0.00043037542491219938)
(32.769657135009766 -11.810700416564941 -0.00043170157005079091)
(33.488624572753906 -12.157028198242188 -0.00043234092299826443)
(34.235504150390625 -12.510671615600586 -0.00043321502744220197)
(35.012451171875 -12.871500968933105 -0.00043477051076479256)
(35.819477081298828 -13.241009712219238 -0.00043567715329118073)
(36.658756256103516 -13.61991024017334 -0.00043571239802986383)
(37.529281616210938 -14.00829029083252 -0.00043624397949315608)
(38.435077667236328 -14.407732963562012 -0.00043703769915737212)
(39.376689910888672 -14.818891525268555 -0.00043788278708234429)
(40.355781555175781 -15.242280960083008 -0.00043912106775678694)
(41.37567138671875 -15.679067611694336 -0.00044041237561032176)
(42.437164306640625 -16.129726409912109 -0.00044002453796565533)
(43.542598724365234 -16.594001770019531 -0.00044142612023279071)
(44.694816589355469 -17.075162887573242 -0.00044064424582757056)
(45.894729614257812 -17.573551177978516 -0.00044241774594411254)
(47.145252227783203 -18.090055465698242 -0.0004411799309309572)
(48.451374053955078 -18.625761032104492 -0.00044269714271649718)
(49.814056396484375 -19.181985855102539 -0.00044289007200859487)
(51.238811492919922 -19.760238647460938 -0.00044347156654112041)
(52.727188110351562 -20.362804412841797 -0.00044359930325299501)
(54.283298492431641 -20.989879608154297 -0.00053275353275239468)
(55.910381317138672 -21.643804550170898 -0.00066587649052962661)
(57.615177154541016 -22.326557159423828 -0.00066613894887268543)
(59.401657104492188 -23.039567947387695 -0.00066675402922555804)
(61.274971008300781 -23.785333633422852 -0.00066805584356188774)
(63.240753173828125 -24.565341949462891 -0.00066755752777680755)
(65.304145812988281 -25.38286018371582 -0.00066854030592367053)
(67.473670959472656 -26.24077033996582 -0.00066834926838055253)
(69.756431579589844 -27.140756607055664 -0.00066887418506667018)
(72.158531188964844 -28.086793899536133 -0.00066997366957366467)
(74.691307067871094 -29.081609725952148 -0.00066947122104465961)
(77.361778259277344 -30.13087272644043 -0.00067042896989732981)
(80.18280029296875 -31.232545852661133 -0.00067097647115588188)
(83.163154602050781 -32.401054382324219 -0.00067016395041719079)
(86.317390441894531 -33.628635406494141 -0.0006721560494042933)
(89.659965515136719 -34.933193206787109 -0.00067129620583727956)
(93.20343017578125 -36.309257507324219 -0.00067174789728596807)
(96.964897155761719 -37.771476745605469 -0.00067275977926328778)
(100.96584320068359 -39.320755004882812 -0.00067175109870731831)
(105.22416687011719 -40.968456268310547 -0.00067228911211714149)
(109.7669677734375 -42.718494415283203 -0.00067119445884600282)
(114.61430358886719 -44.587856292724609 -0.00067307299468666315)
(119.80317687988281 -46.571327209472656 -0.00067207257961854339)
(125.35729217529297 -48.702541351318359 -0.00067145231878384948)
(131.3231201171875 -50.967128753662109 -0.00067304325057193637)
(137.7332763671875 -53.401786804199219 -0.00067310268059372902)
(144.6463623046875 -56.003868103027344 -0.00067012518411502242)
(152.103515625 -58.808135986328125 -0.0006698592915199697)
(160.18362426757812 -61.806877136230469 -0.00067117152502760291)
(168.93991088867188 -65.048065185546875 -0.00066868180874735117)
(178.48159790039062 -68.524421691894531 -0.00066990981576964259)
(188.86483764648438 -72.290428161621094 -0.00066803465597331524)
(200.32176208496094 -76.424652099609375 -0.0006623435765504837)
(213.22792053222656 -81.036094665527344 -0.00065597303910180926)
(227.84046936035156 -86.07275390625 -0.00075747200753539801)
(244.17848205566406 -91.576873779296875 -0.00075430329889059067)
(262.41873168945312 -97.42523193359375 -0.00075123866554349661)
(282.53060913085938 -103.58432006835938 -0.00074871728429570794)
(304.60409545898438 -109.82056427001953 -0.00074972573202103376)
(328.4541015625 -115.97928619384766 -0.00075504276901483536)
(353.67916870117188 -121.58441925048828 -0.00075941428076475859)
(382.38845825195312 -130.55183410644531 -0.00066685560159385204)
(425.06112670898438 -136.98822021484375 -0.00066029839217662811)
(468.97079467773438 -140.5244140625 -0.00067698064958676696)
(512.938720703125 -141.55517578125 -0.00069629400968551636)
(558.7861328125 -140.69847106933594 -0.00069917889777570963)
(611.99957275390625 -137.96156311035156 -0.00069322285708039999)
(680.4053955078125 -129.95489501953125 -0.0007306874031201005)
(755.5877685546875 -115.93074035644531 -0.00069815164897590876)
(831.9869384765625 -90.742668151855469 -0.00071202294202521443)
(22.101999282836914 -5.2077860832214355 -0.00047946066479198635)
(22.254270553588867 -5.4833054542541504 -0.00044123452971689403)
(22.450700759887695 -5.7972731590270996 -0.00043626705883070827)
(22.734870910644531 -6.1445293426513672 -0.00042662920895963907)
(23.046091079711914 -6.427180290222168 -0.00042436967487446964)
(23.290283203125 -6.6947102546691895 -0.00042268031393177807)
(23.603693008422852 -6.9772305488586426 -0.0004192577616777271)
(23.928129196166992 -7.2955074310302734 -0.00041406266973353922)
(24.413333892822266 -7.6529464721679688 -0.00041280576260760427)
(24.841861724853516 -7.9221019744873047 -0.00043222244130447507)
(25.147747039794922 -8.2143163681030273 -0.00043214563629589975)
(25.604536056518555 -8.5150032043457031 -0.00043160803033970296)
(26.035165786743164 -8.8348674774169922 -0.000432198605267331)
(26.545562744140625 -9.1601676940917969 -0.00043346450547687709)
(27.063859939575195 -9.4943351745605469 -0.00043498509330675006)
(27.624519348144531 -9.8286905288696289 -0.00043582278885878623)
(28.195537567138672 -10.16397762298584 -0.00043854195973835886)
(28.784303665161133 -10.494976043701172 -0.00044119000085629523)
(29.373809814453125 -10.825304985046387 -0.00044458702905103564)
(29.982343673706055 -11.159310340881348 -0.00044617056846618652)
(30.616970062255859 -11.497159004211426 -0.00044629714102484286)
(31.274707794189453 -11.841498374938965 -0.00044861569767817855)
(31.958045959472656 -12.191832542419434 -0.00044897131738252938)
(32.666416168212891 -12.549350738525391 -0.00045053294161334634)
(33.401229858398438 -12.912962913513184 -0.00045151100493967533)
(34.165454864501953 -13.286221504211426 -0.00045204188791103661)
(34.958774566650391 -13.667896270751953 -0.00045268330723047256)
(35.782367706298828 -14.058089256286621 -0.00045468678581528366)
(36.638053894042969 -14.458474159240723 -0.00045461178524419665)
(37.526981353759766 -14.869468688964844 -0.00045551764196716249)
(38.451263427734375 -15.292755126953125 -0.00045627111103385687)
(39.411819458007812 -15.728395462036133 -0.00045714335283264518)
(40.410728454589844 -16.177450180053711 -0.0004562911344692111)
(41.450702667236328 -16.640300750732422 -0.00045679562026634812)
(42.533710479736328 -17.119810104370117 -0.00045837595826014876)
(43.66156005859375 -17.615409851074219 -0.00045808954746462405)
(44.837169647216797 -18.127861022949219 -0.00045748558477498591)
(46.061515808105469 -18.659372329711914 -0.00026987819001078606)
(47.339069366455078 -19.211400985717773 -0.00023035582853481174)
(48.672538757324219 -19.784206390380859 -0.00023101930855773389)
(50.065547943115234 -20.380037307739258 -0.00023100328689906746)
(51.520889282226562 -20.999372482299805 -0.00023138007964007556)
(53.042495727539062 -21.64518928527832 -0.00023072281328495592)
(54.633319854736328 -22.318267822265625 -0.00023096652876120061)
(56.299530029296875 -23.021020889282227 -0.00023176295508164912)
(58.045600891113281 -23.755256652832031 -0.00023195019457489252)
(59.875812530517578 -24.522397994995117 -0.00023245309421326965)
(61.796836853027344 -25.326753616333008 -0.00023232675448525697)
(63.813491821289062 -26.168516159057617 -0.00023172638611868024)
(65.933769226074219 -27.052749633789062 -0.00023224750475492328)
(68.163337707519531 -27.979425430297852 -0.0002329071139683947)
(70.510284423828125 -28.953237533569336 -0.0002327064867131412)
(72.984344482421875 -29.978055953979492 -0.00023217905254568905)
(75.592086791992188 -31.059246063232422 -0.00023347046226263046)
(78.347213745117188 -32.195438385009766 -0.00023289131058845669)
(81.257827758789062 -33.397777557373047 -0.00023325596703216434)
(84.338714599609375 -34.664737701416016 -0.0002324980596313253)
(87.601043701171875 -36.007736206054688 -0.00023331334523390979)
(91.061424255371094 -37.428298950195312 -0.00023298351152334362)
(94.734420776367188 -38.935176849365234 -0.00023419980425387621)
(98.640510559082031 -40.533771514892578 -0.00023424976097885519)
(102.79769897460938 -42.233177185058594 -0.0002341809740755707)
(107.23255157470703 -44.039772033691406 -0.00023437755589839071)
(111.96504211425781 -45.967300415039062 -0.00023299716121982783)
(117.03067016601562 -48.019466400146484 -0.00023397848417516798)
(122.45358276367188 -50.216880798339844 -0.0002331181603949517)
(128.27784729003906 -52.562652587890625 -0.00023462653916794807)
(134.53742980957031 -55.079296112060547 -0.0002331911091459915)
(141.28779602050781 -57.7764892578125 -0.00023420600336976349)
(148.57107543945312 -60.677947998046875 -0.00023197423433884978)
(156.4627685546875 -63.794868469238281 -0.0002310329582542181)
(165.01890563964844 -67.157508850097656 -0.00023058081569615752)
(174.34394836425781 -70.781272888183594 -0.00034150527790188789)
(184.49636840820312 -74.701454162597656 -0.00034765727468766272)
(195.70712280273438 -79.032356262207031 -0.00034435157431289554)
(208.36485290527344 -83.862930297851562 -0.00034163697273470461)
(222.72329711914062 -89.183677673339844 -0.00033895464730449021)
(238.81210327148438 -95.002525329589844 -0.00033678073668852448)
(256.80877685546875 -101.24931335449219 -0.00033429369796067476)
(276.68841552734375 -107.84304046630859 -0.00033485281164757907)
(298.54815673828125 -114.60231018066406 -0.00033431293559260666)
(322.21572875976562 -121.31021881103516 -0.00033528803032822907)
(347.25274658203125 -127.51953125 -0.00033847396844066679)
(375.99423217773438 -137.47157287597656 -0.00029371766140684485)
(419.46087646484375 -145.01954650878906 -0.00028830560040660203)
(464.39306640625 -149.38360595703125 -0.0002976825344376266)
(509.43240356445312 -150.96864318847656 -0.000353342475136742)
(556.43939208984375 -150.38201904296875 -0.0003555316652636975)
(611.21826171875 -147.59599304199219 -0.00049561902415007353)
(682.1416015625 -139.00213623046875 -0.00047470349818468094)
(760.32611083984375 -123.84839630126953 -0.00048581542796455324)
(840.2545166015625 -95.484619140625 -0.0004527357523329556)
(21.470657348632812 -5.2090811729431152 -0.00050940457731485367)
(21.604536056518555 -5.5027894973754883 -0.00046394334640353918)
(21.785778045654297 -5.8347668647766113 -0.00045847191358916461)
(22.054821014404297 -6.2102475166320801 -0.00044663157314062119)
(22.358373641967773 -6.5097970962524414 -0.0004432770365383476)
(22.593185424804688 -6.7938756942749023 -0.00044183479622006416)
(22.903619766235352 -7.0917425155639648 -0.00043646112317219377)
(23.222497940063477 -7.4332804679870605 -0.00043219293002039194)
(23.709251403808594 -7.8160872459411621 -0.0004322515451349318)
(24.135883331298828 -8.0952911376953125 -0.00045452520134858787)
(24.435794830322266 -8.3998126983642578 -0.00045350624714046717)
(24.890087127685547 -8.7156429290771484 -0.0004531361919362098)
(25.31829833984375 -9.049464225769043 -0.00045315516763366759)
(25.825611114501953 -9.3884716033935547 -0.00045429205056279898)
(26.340774536132812 -9.7368364334106445 -0.00045523169683292508)
(26.898555755615234 -10.083816528320312 -0.0004575136408675462)
(27.466407775878906 -10.4317626953125 -0.00046044471673667431)
(28.051326751708984 -10.774188995361328 -0.00046289907186292112)
(28.634735107421875 -11.114631652832031 -0.00046529772225767374)
(29.235275268554688 -11.457579612731934 -0.00046639828360639513)
(29.861705780029297 -11.806702613830566 -0.00046870263759046793)
(30.511560440063477 -12.160873413085938 -0.00046967202797532082)
(31.185657501220703 -12.520298004150391 -0.00047048309352248907)
(31.884126663208008 -12.886456489562988 -0.00047173094935715199)
(32.608440399169922 -13.260711669921875 -0.00047225813614204526)
(33.360748291015625 -13.642789840698242 -0.00047262475709430873)
(34.141288757324219 -14.032946586608887 -0.00047175888903439045)
(34.951923370361328 -14.433432579040527 -0.00047370002721436322)
(35.792148590087891 -14.843830108642578 -0.0004739173746202141)
(36.6651611328125 -15.265422821044922 -0.00047536846250295639)
(37.573333740234375 -15.698263168334961 -0.00047499107313342392)
(38.516548156738281 -16.143989562988281 -0.00047445835662074387)
(39.496654510498047 -16.604015350341797 -0.00034759228583425283)
(40.516616821289062 -17.0789794921875 -0.00023936532670632005)
(41.578681945800781 -17.568943023681641 -0.00023956182121764868)
(42.684337615966797 -18.076595306396484 -0.00024031531938817352)
(43.835842132568359 -18.602092742919922 -0.00024093272804748267)
(45.035892486572266 -19.14600944519043 -0.00024141241738107055)
(46.287128448486328 -19.710271835327148 -0.00024089831276796758)
(47.592864990234375 -20.296747207641602 -0.00024128677614498883)
(48.955558776855469 -20.906290054321289 -0.00024215562734752893)
(50.380043029785156 -21.540805816650391 -0.00024254672462120652)
(51.868953704833984 -22.201553344726562 -0.00024217867758125067)
(53.425563812255859 -22.891439437866211 -0.00024244296946562827)
(55.056247711181641 -23.6112060546875 -0.00024210986157413572)
(56.764095306396484 -24.36376953125 -0.00024252108414657414)
(58.554233551025391 -25.150186538696289 -0.0002425829297862947)
(60.432525634765625 -25.974273681640625 -0.00024249430862255394)
(62.404647827148438 -26.836629867553711 -0.00024341512471437454)
(64.477134704589844 -27.741527557373047 -0.00024282655795104802)
(66.6575927734375 -28.690193176269531 -0.00024303229292854667)
(68.951713562011719 -29.689064025878906 -0.00024453658261336386)
(71.370010375976562 -30.739400863647461 -0.00024305527040269226)
(73.919486999511719 -31.845834732055664 -0.00024351211322937161)
(76.611541748046875 -33.011257171630859 -0.00024340521486010402)
(79.456092834472656 -34.243335723876953 -0.00024457336985506117)
(82.466705322265625 -35.542545318603516 -0.00024433631915599108)
(85.655113220214844 -36.918319702148438 -0.00024382158881053329)
(89.03570556640625 -38.375228881835938 -0.00024458509869873524)
(92.624298095703125 -39.920009613037109 -0.00024389523605350405)
(96.440475463867188 -41.559959411621094 -0.00024385510187130421)
(100.50210571289062 -43.302330017089844 -0.00024482421576976776)
(104.83474731445312 -45.157638549804688 -0.00024472246877849102)
(109.45845031738281 -47.134517669677734 -0.00024556511198170483)
(114.40658569335938 -49.2431640625 -0.00024484071764163673)
(119.70467376708984 -51.499095916748047 -0.00024376869259867817)
(125.39405822753906 -53.911262512207031 -0.00024479773128405213)
(131.50834655761719 -56.497226715087891 -0.00024513356038369238)
(138.10224914550781 -59.2740478515625 -0.00024506053887307644)
(145.21786499023438 -62.259422302246094 -0.00024415212101303041)
(152.92822265625 -65.474365234375 -0.00014882616233080626)
(161.28828430175781 -68.941390991210938 -0.00012267254351172596)
(170.40126037597656 -72.688667297363281 -0.0001216351956827566)
(180.32443237304688 -76.741897583007812 -0.00012231597793288529)
(191.2890625 -81.239021301269531 -0.00012093197437934577)
(203.69134521484375 -86.262229919433594 -0.0001199768521473743)
(217.78361511230469 -91.829444885253906 -0.00011933548375964165)
(233.60032653808594 -97.929725646972656 -0.00011796635953942314)
(251.31742858886719 -104.53374481201172 -0.00011704540520440787)
(270.9268798828125 -111.52923583984375 -0.00011613436799962074)
(292.5230712890625 -118.77790069580078 -0.00011568293120944872)
(315.95477294921875 -126.01316833496094 -0.00011596216791076586)
(340.74957275390625 -132.81526184082031 -0.00011589376663323492)
(369.4700927734375 -143.74153137207031 -0.00010376304999226704)
(413.59765625 -152.49406433105469 -9.8081967735197395e-05)
(459.51333618164062 -157.80393981933594 -9.9198507086839527e-05)
(505.663330078125 -160.02484130859375 -0.00015535426791757345)
(553.90093994140625 -159.76271057128906 -0.00015466687909793109)
(610.31475830078125 -156.93177795410156 -0.00029969780007377267)
(683.76055908203125 -147.83187866210938 -0.00027000030968338251)
(765.0684814453125 -131.5494384765625 -0.0002719156036619097)
(848.74627685546875 -99.569236755371094 -0.00022426211216952652)
(20.857162475585938 -5.1740093231201172 -0.00054571102373301983)
(20.96995735168457 -5.4864721298217773 -0.00049194210441783071)
(21.138200759887695 -5.838097095489502 -0.00048505308222956955)
(21.391086578369141 -6.2426619529724121 -0.00047257082769647241)
(21.688499450683594 -6.5612711906433105 -0.00046859151916578412)
(21.916473388671875 -6.8635959625244141 -0.00046538957394659519)
(22.224035263061523 -7.1793913841247559 -0.00045972186489962041)
(22.540153503417969 -7.5423421859741211 -0.00045456335647031665)
(23.029163360595703 -7.9477014541625977 -0.0004534407053142786)
(23.454374313354492 -8.2396278381347656 -0.00047597073717042804)
(23.750711441040039 -8.5573291778564453 -0.00047778995940461755)
(24.206008911132812 -8.8867177963256836 -0.00047677039401605725)
(24.631170272827148 -9.2348403930664062 -0.00047793294652365148)
(25.140077590942383 -9.5866842269897461 -0.0004784810880664736)
(25.651456832885742 -9.9484167098999023 -0.00047945367987267673)
(26.208141326904297 -10.307275772094727 -0.00048194639384746552)
(26.772634506225586 -10.665728569030762 -0.00048422926920466125)
(27.354717254638672 -11.017337799072266 -0.00048761934158392251)
(27.932716369628906 -11.364993095397949 -0.00049049861263483763)
(28.527822494506836 -11.716978073120117 -0.00049114070134237409)
(29.148345947265625 -12.074494361877441 -0.00048932526260614395)
(29.789299011230469 -12.436702728271484 -0.00049121701158583164)
(30.455621719360352 -12.804883003234863 -0.00049267103895545006)
(31.145318984985352 -13.178644180297852 -0.00049390248022973537)
(31.858606338500977 -13.559876441955566 -0.00049399456474930048)
(32.600017547607422 -13.950839042663574 -0.00049202615628018975)
(33.368595123291016 -14.34898567199707 -0.00029745930805802345)
(34.166160583496094 -14.75684642791748 -0.0002494684886187315)
(34.992713928222656 -15.174537658691406 -0.00025004183407872915)
(35.851970672607422 -15.604190826416016 -0.00025055077276192605)
(36.743820190429688 -16.046401977539062 -0.00025054457364603877)
(37.671558380126953 -16.50102424621582 -0.00025107336114160717)
(38.633766174316406 -16.968984603881836 -0.00025226137950085104)
(39.635147094726562 -17.45280647277832 -0.00025206193095073104)
(40.676521301269531 -17.9532470703125 -0.00025258751702494919)
(41.761470794677734 -18.469942092895508 -0.0002525233430787921)
(42.889747619628906 -19.005012512207031 -0.00025280058616772294)
(44.066459655761719 -19.559835433959961 -0.00025346933398395777)
(45.292625427246094 -20.13520622253418 -0.00025419361190870404)
(46.572853088378906 -20.732645034790039 -0.000253485661232844)
(47.908542633056641 -21.354496002197266 -0.00025463468045927584)
(49.303596496582031 -22.001976013183594 -0.00025407230714336038)
(50.763378143310547 -22.676780700683594 -0.00025472999550402164)
(52.288364410400391 -23.380649566650391 -0.00025450217071920633)
(53.884555816650391 -24.114124298095703 -0.00025481864577159286)
(55.556640625 -24.881437301635742 -0.00025515881134197116)
(57.308662414550781 -25.683053970336914 -0.00025602628011256456)
(59.146621704101562 -26.523147583007812 -0.000254862941801548)
(61.076198577880859 -27.401788711547852 -0.00025562912924215198)
(63.104515075683594 -28.324949264526367 -0.00025594045291654766)
(65.238250732421875 -29.293771743774414 -0.00025655518402345479)
(67.483062744140625 -30.312183380126953 -0.00025662782718427479)
(69.847877502441406 -31.383382797241211 -0.00025622048997320235)
(72.342254638671875 -32.512073516845703 -0.0002571179938968271)
(74.975639343261719 -33.701519012451172 -0.00025684881256893277)
(77.758262634277344 -34.957962036132812 -0.00025644467677921057)
(80.702339172363281 -36.284900665283203 -0.00025597595958970487)
(83.82049560546875 -37.688194274902344 -0.00025664630811661482)
(87.127265930175781 -39.175884246826172 -0.00025789279607124627)
(90.636474609375 -40.752079010009766 -0.0002577168052084744)
(94.368202209472656 -42.427268981933594 -0.0002580096188466996)
(98.340110778808594 -44.206607818603516 -0.0002583139284979552)
(102.57575988769531 -46.101398468017578 -0.00025608181022107601)
(107.09664154052734 -48.120395660400391 -0.00025714663206599653)
(111.93348693847656 -50.276088714599609 -0.00025761613505892456)
(117.11251068115234 -52.580394744873047 -0.00025684240972623229)
(122.67313385009766 -55.048042297363281 -0.00025734869996085763)
(128.65003967285156 -57.692939758300781 -0.00026652470114640892)
(135.09468078613281 -60.536121368408203 -0.00020287813094910234)
(142.04969787597656 -63.591800689697266 -0.00012883268937002867)
(149.58576965332031 -66.888450622558594 -0.00012824597069993615)
(157.75686645507812 -70.443016052246094 -0.0001287678605876863)
(166.66392517089844 -74.292884826660156 -0.00012825935846194625)
(176.36410522460938 -78.459091186523438 -0.00012936331040691584)
(187.08563232421875 -83.0965576171875 -0.00012659313506446779)
(199.23126220703125 -88.285224914550781 -0.0001261530996998772)
(213.04844665527344 -94.063949584960938 -0.0001260292629012838)
(228.57757568359375 -100.41237640380859 -0.00012352880730759352)
(245.99151611328125 -107.33084869384766 -0.00012308153964113444)
(265.29733276367188 -114.69247436523438 -0.00012212780711706728)
(286.58392333984375 -122.389404296875 -0.00012399283878039569)
(309.73410034179688 -130.12545776367188 -0.00012200106721138582)
(334.23348999023438 -137.50228881835938 -0.00012307021825108677)
(362.8770751953125 -149.36962890625 -0.0001068634373950772)
(407.51104736328125 -159.41290283203125 -0.00010344415932195261)
(454.36294555664062 -165.78875732421875 -0.00014629021461587399)
(501.65090942382812 -168.73313903808594 -0.00015736429486423731)
(551.19647216796875 -168.84454345703125 -0.00016005312500055879)
(609.29705810546875 -165.954345703125 -0.00015776461805216968)
(685.24993896484375 -156.43914794921875 -0.00016401128959842026)
(769.7623291015625 -139.11286926269531 -0.00016510237765032798)
(857.54754638671875 -102.98185729980469 -0.00020577397663146257)
(20.259405136108398 -5.1027889251708984 -0.00058835552772507071)
(20.350675582885742 -5.4374265670776367 -0.00052309333113953471)
(20.505580902099609 -5.8091535568237305 -0.00051585573237389326)
(20.741832733154297 -6.2468161582946777 -0.00050251407083123922)
(21.036113739013672 -6.5853633880615234 -0.0004959370126016438)
(21.256450653076172 -6.9067258834838867 -0.00048939517000690103)
(21.564365386962891 -7.2409267425537109 -0.00048269846593029797)
(21.878042221069336 -7.6268496513366699 -0.00048015336506068707)
(22.373422622680664 -8.0567197799682617 -0.00047252405784092844)
(22.799676895141602 -8.3609676361083984 -0.00026026545674540102)
(23.09307861328125 -8.6933088302612305 -0.00050155638018622994)
(23.550121307373047 -9.0337333679199219 -0.00050164328422397375)
(23.974861145019531 -9.3941354751586914 -0.00050556735368445516)
(24.484687805175781 -9.7579727172851562 -0.00050600169925019145)
(24.995237350463867 -10.129707336425781 -0.00050734839169308543)
(25.551450729370117 -10.498682022094727 -0.00050987285794690251)
(26.113439559936523 -10.867319107055664 -0.00051047105807811022)
(26.694381713867188 -11.227614402770996 -0.00051096046809107065)
(27.269113540649414 -11.583525657653809 -0.00051299080951139331)
(27.860330581665039 -11.943669319152832 -0.0005099203553982079)
(28.474987030029297 -12.308229446411133 -0.00028396549168974161)
(29.110004425048828 -12.676355361938477 -0.0002603161265142262)
(29.768512725830078 -13.051196098327637 -0.0002608181384857744)
(30.449741363525391 -13.430780410766602 -0.00026106665609404445)
(31.156124114990234 -13.819336891174316 -0.00026220903964713216)
(31.886188507080078 -14.215712547302246 -0.00026253410032950342)
(32.643474578857422 -14.620283126831055 -0.00026351594715379179)
(33.428581237792969 -15.03460693359375 -0.00026426464319229126)
(34.242641448974609 -15.4600830078125 -0.00026442823582328856)
(35.088153839111328 -15.89663028717041 -0.00026516470825299621)
(35.965797424316406 -16.345378875732422 -0.00026476112543605268)
(36.876937866210938 -16.806278228759766 -0.00026503301342017949)
(37.823638916015625 -17.281723022460938 -0.00026608665939420462)
(38.807331085205078 -17.77348518371582 -0.00026654725661501288)
(39.830249786376953 -18.280805587768555 -0.00026684955810196698)
(40.89495849609375 -18.805831909179688 -0.00026671661180444062)
(42.004154205322266 -19.349554061889648 -0.00026685651391744614)
(43.158836364746094 -19.914318084716797 -0.00026751554105430841)
(44.362335205078125 -20.498897552490234 -0.00026705316849984229)
(45.61810302734375 -21.1058349609375 -0.00026799624902196229)
(46.928249359130859 -21.737483978271484 -0.00026853306917473674)
(48.296115875244141 -22.395572662353516 -0.000268353964202106)
(49.726539611816406 -23.080863952636719 -0.00026827063993550837)
(51.221176147460938 -23.795015335083008 -0.00026871112640947104)
(52.785373687744141 -24.540376663208008 -0.00026893799076788127)
(54.423660278320312 -25.319917678833008 -0.00026622775476425886)
(56.140697479248047 -26.134731292724609 -0.00026521016843616962)
(57.941143035888672 -26.988513946533203 -0.00026576378149911761)
(59.831874847412109 -27.882814407348633 -0.00026558173703961074)
(61.819057464599609 -28.820777893066406 -0.00026511671603657305)
(63.908176422119141 -29.805765151977539 -0.00026519712992012501)
(66.108085632324219 -30.840984344482422 -0.00026609885389916599)
(68.423385620117188 -31.929794311523438 -0.00026736935251392424)
(70.865669250488281 -33.077339172363281 -0.00026729836827144027)
(73.443717956542969 -34.286941528320312 -0.00026799764600582421)
(76.167999267578125 -35.563976287841797 -0.00026732985861599445)
(79.04998779296875 -36.913372039794922 -0.00026824296219274402)
(82.102401733398438 -38.340774536132812 -0.00026771854027174413)
(85.338912963867188 -39.853141784667969 -0.00026801796047948301)
(88.774101257324219 -41.456592559814453 -0.00026710951351560652)
(92.425910949707031 -43.161048889160156 -0.00026820818311534822)
(96.313262939453125 -44.970703125 -0.00026857914053834975)
(100.45829010009766 -46.898586273193359 -0.00026856255135498941)
(104.88220977783203 -48.953144073486328 -0.00027034748927690089)
(109.61537170410156 -51.14874267578125 -0.00038113622576929629)
(114.68222045898438 -53.493766784667969 -0.00040463719051331282)
(120.12284851074219 -56.008152008056641 -0.00040511219413019717)
(125.96989440917969 -58.701896667480469 -0.00040534706204198301)
(132.27346801757812 -61.600284576416016 -0.00040450083906762302)
(139.07676696777344 -64.715408325195312 -0.0004044324450660497)
(146.4466552734375 -68.079849243164062 -0.00040523533243685961)
(154.438720703125 -71.707939147949219 -0.00040445956983603537)
(163.14852905273438 -75.643508911132812 -0.00040365921449847519)
(172.63438415527344 -79.903884887695312 -0.00040320912376046181)
(183.11962890625 -84.65789794921875 -0.00040088174864649773)
(195.01121520996094 -89.985687255859375 -0.00039517946424894035)
(208.55024719238281 -95.944015502929688 -0.00039321015356108546)
(223.78233337402344 -102.50695037841797 -0.00044533653999678791)
(240.87516784667969 -109.69673919677734 -0.00061447755433619022)
(259.84921264648438 -117.38626098632812 -0.00064268516143783927)
(280.79141235351562 -125.48770141601562 -0.00064184295479208231)
(303.61181640625 -133.69026184082031 -0.00064287951681762934)
(327.766357421875 -141.615478515625 -0.00058228173293173313)
(356.27044677734375 -154.37263488769531 -0.00055598746985197067)
(401.24716186523438 -165.7772216796875 -0.00053268088959157467)
(448.97125244140625 -173.34454345703125 -0.0004832494305446744)
(497.42535400390625 -177.10398864746094 -0.00038554298225790262)
(548.3480224609375 -177.63583374023438 -0.00038238518754951656)
(608.186767578125 -174.64744567871094 -0.00037627934943884611)
(686.58148193359375 -164.81059265136719 -0.00039456217200495303)
(774.35321044921875 -146.5887451171875 -0.00039816551725380123)
(866.68902587890625 -105.77124786376953 -0.00036027433816343546)
(19.67669677734375 -4.9981451034545898 -0.00063579133711755276)
(19.746803283691406 -5.3591799736022949 -0.00056649028556421399)
(19.887645721435547 -5.7530050277709961 -0.00055061449529603124)
(20.107694625854492 -6.227571964263916 -0.00053563056280836463)
(20.399562835693359 -6.5877695083618164 -0.00052243907703086734)
(20.613544464111328 -6.9297547340393066 -0.00039861214463599026)
(20.924646377563477 -7.284421443939209 -0.00026575222727842629)
(21.238491058349609 -7.6956052780151367 -0.00051012879703193903)
(21.742372512817383 -8.1500282287597656 -0.00050071772420778871)
(22.171970367431641 -8.4643373489379883 -0.00026851319125853479)
(22.462594985961914 -8.8091669082641602 -0.0002677022130228579)
(22.923566818237305 -9.162175178527832 -0.00027449688059277833)
(23.348007202148438 -9.535243034362793 -0.00053165777353569865)
(23.862155914306641 -9.9089155197143555 -0.00053158419905230403)
(24.371603012084961 -10.290725708007812 -0.00053272012155503035)
(24.9300537109375 -10.670207977294922 -0.00053494074381887913)
(25.491840362548828 -11.048218727111816 -0.00053159118397161365)
(26.070894241333008 -11.416525840759277 -0.00027558804140426219)
(26.643756866455078 -11.777265548706055 -0.00027395534561946988)
(27.230838775634766 -12.142913818359375 -0.00027483823942020535)
(27.840543746948242 -12.512280464172363 -0.00027588830562308431)
(28.469867706298828 -12.886211395263672 -0.00027666267124004662)
(29.123407363891602 -13.267044067382812 -0.00027684072847478092)
(29.797264099121094 -13.653133392333984 -0.00027788642910309136)
(30.496711730957031 -14.047027587890625 -0.00027798724477179348)
(31.218748092651367 -14.447335243225098 -0.00027870634221471846)
(31.967025756835938 -14.857352256774902 -0.00027871926431544125)
(32.741043090820312 -15.277791976928711 -0.00027886391035281122)
(33.543865203857422 -15.708380699157715 -0.00028003289480693638)
(34.376323699951172 -16.149930953979492 -0.00028029948589392006)
(35.240573883056641 -16.604368209838867 -0.00028001421014778316)
(36.137134552001953 -17.071426391601562 -0.00028071660199202597)
(37.069000244140625 -17.553695678710938 -0.0002815954212564975)
(38.036380767822266 -18.05061149597168 -0.00028081468190066516)
(39.042346954345703 -18.564765930175781 -0.0002779229253064841)
(40.088443756103516 -19.096473693847656 -0.00027373956982046366)
(41.177951812744141 -19.647480010986328 -0.0002747617254499346)
(42.312290191650391 -20.218561172485352 -0.0002750679268501699)
(43.493759155273438 -20.810829162597656 -0.00027558483998291194)
(44.726329803466797 -21.4256591796875 -0.00027584086637943983)
(46.012798309326172 -22.065370559692383 -0.00027682597283273935)
(47.3553466796875 -22.731481552124023 -0.00027656651218421757)
(48.757827758789062 -23.425241470336914 -0.00027775726630352437)
(50.224834442138672 -24.149911880493164 -0.00027748089632950723)
(51.759567260742188 -24.905366897583008 -0.00027534860419109464)
(53.366474151611328 -25.695333480834961 6.7550769017543644e-05)
(55.050884246826172 -26.521572113037109 0.00028455338906496763)
(56.817764282226562 -27.386312484741211 0.00028586186817847192)
(58.671443939208984 -28.292497634887695 0.00028561486396938562)
(60.61932373046875 -29.242969512939453 0.00028671606560237706)
(62.667770385742188 -30.241907119750977 0.00028533648583106697)
(64.823875427246094 -31.291498184204102 0.00028614714392460883)
(67.09521484375 -32.395702362060547 0.00028624245896935463)
(69.488800048828125 -33.55810546875 0.00028606198611669242)
(72.015380859375 -34.784950256347656 0.00028649662272073328)
(74.684928894042969 -36.079113006591797 0.00028608032152988017)
(77.509040832519531 -37.447517395019531 0.00028593488968908787)
(80.500045776367188 -38.894577026367188 0.00028715675580315292)
(83.671173095703125 -40.429126739501953 0.00028715157532133162)
(87.036605834960938 -42.054580688476562 0.00028745466261170805)
(90.61444091796875 -43.782878875732422 0.00028637613286264241)
(94.421798706054688 -45.617950439453125 0.00014489708701148629)
(98.481651306152344 -47.574310302734375 0.00014348403783515096)
(102.81513977050781 -49.658000946044922 0.00014436370111070573)
(107.44881439208984 -51.885444641113281 0.00014415600162465125)
(112.41107940673828 -54.264579772949219 0.00014419818762689829)
(117.73748779296875 -56.816921234130859 0.00014441243547480553)
(123.46220397949219 -59.551109313964844 0.0001430906995665282)
(129.63291931152344 -62.495933532714844 0.00014377839397639036)
(136.2928466796875 -65.65966796875 0.00014437254867516458)
(143.50653076171875 -69.081436157226562 0.0001436069724150002)
(151.32887268066406 -72.769851684570312 0.00014401927182916552)
(159.85231018066406 -76.776802062988281 0.00014256595750339329)
(169.13363647460938 -81.115036010742188 0.00014228248619474471)
(179.39265441894531 -85.966087341308594 0.00014058941451366991)
(191.037109375 -91.408859252929688 0.0001396345323882997)
(204.30067443847656 -97.517326354980469 0.00013799668522551656)
(219.23239135742188 -104.26242828369141 0.0001366146607324481)
(235.99371337890625 -111.68439483642578 0.00013660716649610549)
(254.61595153808594 -119.66038513183594 0.00013582293468061835)
(275.18414306640625 -128.11824035644531 0.00013756958651356399)
(297.63546752929688 -136.75303649902344 0.00013491962454281747)
(321.401123046875 -145.18954467773438 6.8394714617170393e-05)
(349.70028686523438 -158.77268981933594 -0.00011604613973759115)
(394.8472900390625 -171.58738708496094 -0.00011557578545762226)
(443.3658447265625 -180.47590637207031 -0.0001678270346019417)
(493.00827026367188 -185.14529418945312 -0.00016991408483590931)
(545.3824462890625 -186.14399719238281 -0.00016924957162700593)
(607.0050048828125 -182.99691772460938 -0.00016833460540510714)
(687.74786376953125 -172.93058776855469 -0.00017780339112505317)
(778.773193359375 -154.01202392578125 -0.00017531783669255674)
(876.16583251953125 -107.96080017089844 -0.00017919772653840482)
(19.103118896484375 -4.8634481430053711 -0.00069090502802282572)
(19.147073745727539 -5.2535529136657715 -0.00088628323283046484)
(19.275419235229492 -5.6679725646972656 -0.00058955122949555516)
(19.475179672241211 -6.1833910942077637 -0.00057240610476583242)
(19.767425537109375 -6.5648350715637207 -0.00055890617659315467)
(19.976741790771484 -6.9316916465759277 -0.00028117772308178246)
(20.29362678527832 -7.3085517883300781 -0.00028211428434588015)
(20.60902214050293 -7.7433404922485352 -0.00053671305067837238)
(21.126974105834961 -8.2244911193847656 -0.0005340169882401824)
(21.56336784362793 -8.5495939254760742 -0.00028650803142227232)
(21.855070114135742 -8.9079227447509766 -0.00028649493469856679)
(22.322402954101562 -9.2721443176269531 -0.00028508453397080302)
(22.748502731323242 -9.6570682525634766 -0.00028448173543438315)
(23.267965316772461 -10.040093421936035 -0.00028423260664567351)
(23.781719207763672 -10.432003974914551 -0.00028507012757472694)
(24.342052459716797 -10.820674896240234 -0.00028594298055395484)
(24.903623580932617 -11.204663276672363 -0.00028796092374250293)
(25.482566833496094 -11.578923225402832 -0.00029013585299253464)
(26.051885604858398 -11.94570255279541 -0.00029150897171348333)
(26.639492034912109 -12.316508293151855 -0.00029256119159981608)
(27.243576049804688 -12.690089225769043 -0.00029319501481950283)
(27.870513916015625 -13.07053279876709 -0.00029333087150007486)
(28.516483306884766 -13.454904556274414 -0.00029385462403297424)
(29.185304641723633 -13.845587730407715 -0.00029273101245053113)
(29.87541389465332 -14.242920875549316 -0.00028618934447877109)
(30.590604782104492 -14.647722244262695 -0.0002827018906828016)
(31.330106735229492 -15.061755180358887 -0.00028404104523360729)
(32.096145629882812 -15.485311508178711 -0.00028497699531726539)
(32.888694763183594 -15.921175956726074 -0.00028545127133838832)
(33.710247039794922 -16.367527008056641 -0.00028547190595418215)
(34.561878204345703 -16.82611083984375 -0.00028654769994318485)
(35.446731567382812 -17.29930305480957 -0.0002871918841265142)
(36.364009857177734 -17.786142349243164 -0.00028755023959092796)
(37.316890716552734 -18.288425445556641 -0.0002855464699678123)
(38.307559967041016 -18.807502746582031 -0.00011356273898854852)
(39.337051391601562 -19.344614028930664 0.00027227550162933767)
(40.408889770507812 -19.901548385620117 0.0003009634674526751)
(41.524333953857422 -20.478647232055664 0.00030085694743320346)
(42.686317443847656 -21.078006744384766 0.00030116710695438087)
(43.897403717041016 -21.699941635131836 0.00030176853761076927)
(45.161895751953125 -22.346872329711914 0.000301781838061288)
(46.481338500976562 -23.019372940063477 0.00030166932265274227)
(47.861061096191406 -23.721847534179688 0.00030255495221354067)
(49.300559997558594 -24.453815460205078 0.00030143145704641938)
(50.807403564453125 -25.217676162719727 0.00030244843219406903)
(52.384979248046875 -26.016128540039062 0.00030179595341905951)
(54.037761688232422 -26.850959777832031 0.00030185375362634659)
(55.771629333496094 -27.724990844726562 0.00030188457458280027)
(57.591922760009766 -28.641387939453125 0.0003028254141099751)
(59.503414154052734 -29.602817535400391 0.0003027867351192981)
(61.513568878173828 -30.613147735595703 0.00030218166648410261)
(63.629375457763672 -31.673721313476562 0.00030302349478006363)
(65.856697082519531 -32.790878295898438 0.00030392003827728331)
(68.205276489257812 -33.96575927734375 0.00030293143936432898)
(70.683761596679688 -35.206722259521484 0.00030223108478821814)
(73.302947998046875 -36.515552520751953 0.00030284613603726029)
(76.073074340820312 -37.900241851806641 0.00030196903389878571)
(79.006988525390625 -39.36407470703125 0.00030319078359752893)
(82.116241455078125 -40.915660858154297 0.00015255906328093261)
(85.417076110839844 -42.560405731201172 0.00015248803538270295)
(88.925117492675781 -44.308738708496094 0.00015192944556474686)
(92.659126281738281 -46.164741516113281 0.00015242627705447376)
(96.639625549316406 -48.144821166992188 0.00015205396630335599)
(100.88774871826172 -50.252532958984375 0.00015209590492304415)
(105.43115234375 -52.508045196533203 0.00015176901069935411)
(110.29567718505859 -54.915569305419922 0.00015291947056539357)
(115.51770782470703 -57.50146484375 0.00015189276018645614)
(121.12892150878906 -60.269279479980469 0.00015160271141212434)
(127.17626190185547 -63.252952575683594 0.00015308207366615534)
(133.70317077636719 -66.458229064941406 0.00015180264017544687)
(140.77020263671875 -69.9268798828125 0.00015212730795610696)
(148.43354797363281 -73.665863037109375 0.00015178155445028096)
(156.78153991699219 -77.732017517089844 0.00015173631254583597)
(165.87112426757812 -82.133934020996094 0.00015060896112117916)
(175.91499328613281 -87.064628601074219 0.00014962546993046999)
(187.321533203125 -92.601066589355469 0.00014999094128143042)
(200.31486511230469 -98.833541870117188 0.00014882558025419712)
(214.94801330566406 -105.72988128662109 0.0001457168982597068)
(231.37451171875 -113.34474182128906 0.00014602224109694362)
(249.63154602050781 -121.56867218017578 0.00014548411127179861)
(269.80288696289062 -130.33322143554688 0.00014310814731288701)
(291.84878540039062 -139.35948181152344 7.2846167313400656e-05)
(315.18988037109375 -148.26753234863281 7.3883908044081181e-05)
(343.21420288085938 -162.59394836425781 0.0001241603895323351)
(388.358154296875 -176.85665893554688 5.8746918512042612e-05)
(437.57330322265625 -187.1834716796875 5.7764678786043078e-05)
(488.428466796875 -192.8707275390625 5.811755545437336e-05)
(542.3206787109375 -194.37071228027344 5.6138080253731459e-05)
(605.77618408203125 -190.99972534179688 5.6161261454690248e-05)
(688.7237548828125 -180.76313781738281 6.1221478972584009e-05)
(782.96875 -161.41639709472656 2.8989619750063866e-05)
(885.9927978515625 -109.59458160400391 3.4728949685813859e-05)
(18.53538703918457 -4.6936459541320801 -0.00069315603468567133)
(18.550224304199219 -5.1182804107666016 -0.00093490601284429431)
(18.664356231689453 -5.5537772178649902 -0.00063447677530348301)
(18.845108032226562 -6.1172981262207031 -0.00060804531676694751)
(19.140861511230469 -6.5270395278930664 -0.00041872935253195465)
(19.347326278686523 -6.9200592041015625 -0.00029798271134495735)
(19.673030853271484 -7.3201766014099121 -0.00029268427169881761)
(19.993911743164062 -7.7858400344848633 -0.00029613974038511515)
(20.52912712097168 -8.2947359085083008 -0.00056952418526634574)
(20.974983215332031 -8.6284933090209961 -0.0003055459528695792)
(21.269285202026367 -8.9993934631347656 -0.00030562208849005401)
(21.745834350585938 -9.3728342056274414 -0.00030196644365787506)
(22.175901412963867 -9.7690792083740234 -0.00029276977875269949)
(22.700309753417969 -10.162735939025879 -0.00028664217097684741)
(23.218244552612305 -10.561317443847656 -0.00028810938238166273)
(23.781988143920898 -10.955556869506836 -0.00028913648566231132)
(24.345302581787109 -11.346249580383301 -0.00028999356436543167)
(24.923885345458984 -11.724533081054688 -0.00029240443836897612)
(25.493190765380859 -12.097370147705078 -0.00029407057445496321)
(26.075883865356445 -12.470760345458984 -0.00029488038853742182)
(26.679708480834961 -12.847762107849121 -0.00029592751525342464)
(27.300680160522461 -13.230147361755371 -0.00029677062411792576)
(27.942605972290039 -13.6173095703125 -0.00029741183971054852)
(28.605318069458008 -14.011590957641602 -0.00029102779808454216)
(29.288738250732422 -14.412257194519043 4.9451162340119481e-05)
(29.996007919311523 -14.820500373840332 0.00031702165142633021)
(30.726612091064453 -15.238002777099609 0.00031708969618193805)
(31.484785079956055 -15.66650390625 0.00031743792351335287)
(32.268413543701172 -16.10429573059082 0.00031763056176714599)
(33.079620361328125 -16.554092407226562 0.00031801193836145103)
(33.920581817626953 -17.016714096069336 0.00031817911076359451)
(34.792079925537109 -17.493612289428711 0.00031861028401181102)
(35.696201324462891 -17.984174728393555 0.00031872259569354355)
(36.634986877441406 -18.490312576293945 0.00031918357126414776)
(37.610511779785156 -19.013824462890625 0.00031860521994531155)
(38.625591278076172 -19.555809020996094 0.00031765917083248496)
(39.680652618408203 -20.117179870605469 0.00031823807512409985)
(40.779354095458984 -20.699337005615234 0.00031801193836145103)
(41.923324584960938 -21.303983688354492 0.00031825702171772718)
(43.114974975585938 -21.931198120117188 0.00031897949520498514)
(44.357398986816406 -22.583738327026367 0.00031948139076121151)
(45.655086517333984 -23.263206481933594 0.00031933505670167506)
(47.011093139648438 -23.971094131469727 0.00031776964897289872)
(48.427803039550781 -24.709054946899414 0.00031012605177238584)
(49.908744812011719 -25.479568481445312 0.00030977505957707763)
(51.459819793701172 -26.28466796875 0.00031167452107183635)
(53.084465026855469 -27.127939224243164 0.00031170237343758345)
(54.788936614990234 -28.010746002197266 0.000312187330564484)
(56.576740264892578 -28.935482025146484 0.00031195365590974689)
(58.456428527832031 -29.90587043762207 0.00031378210405819118)
(60.430332183837891 -30.925424575805664 0.00031503336504101753)
(62.507972717285156 -31.995307922363281 0.00031551651773042977)
(64.696929931640625 -33.123374938964844 0.00031697831582278013)
(67.003311157226562 -34.309417724609375 0.00031588872661814094)
(69.438491821289062 -35.562957763671875 0.00015750662714708596)
(72.010116577148438 -36.884113311767578 0.00015741129755042493)
(74.729995727539062 -38.281864166259766 0.0001582133409101516)
(77.609756469726562 -39.759197235107422 0.00015866263129282743)
(80.663154602050781 -41.326957702636719 0.00015841727145016193)
(83.904029846191406 -42.985866546630859 0.00015833579527679831)
(87.347640991210938 -44.751613616943359 0.00015875459939707071)
(91.012557983398438 -46.625301361083984 0.00015889361384324729)
(94.919929504394531 -48.625663757324219 0.00015975900168996304)
(99.089149475097656 -50.753238677978516 0.00015865775640122592)
(103.54738616943359 -53.031871795654297 0.00015959700976964086)
(108.32188415527344 -55.463573455810547 0.00016027112724259496)
(113.44447326660156 -58.075870513916016 0.00015870557399466634)
(118.94972229003906 -60.871101379394531 0.00015995888679753989)
(124.88189697265625 -63.888099670410156 0.00015935930423438549)
(131.28427124023438 -67.126327514648438 0.00016021696501411498)
(138.21420288085938 -70.63446044921875 0.00016019021859392524)
(145.72972106933594 -74.414802551269531 0.00016029606922529638)
(153.91287231445312 -78.5301513671875 0.00016052088176365942)
(162.82276916503906 -82.984329223632812 0.0001588027662364766)
(172.66438293457031 -87.979576110839844 0.00015933821850921959)
(183.8453369140625 -93.590538024902344 0.00015671760775148869)
(196.57806396484375 -99.92572021484375 0.00015626491222064942)
(210.92141723632812 -106.94271850585938 0.00015628458641003817)
(227.01483154296875 -114.72183990478516 0.00015501563029829413)
(244.90194702148438 -123.14842224121094 0.00015534153499174863)
(264.66445922851562 -132.18296813964844 7.7365410106722265e-05)
(286.279296875 -141.5462646484375 7.7202828833833337e-05)
(309.16455078125 -150.89364624023438 7.734527753200382e-05)
(336.84866333007812 -165.85395812988281 0.00013252788630779833)
(381.8134765625 -181.60014343261719 6.3899598899297416e-05)
(431.62515258789062 -193.46675109863281 6.1941689637023956e-05)
(483.69985961914062 -200.29356384277344 6.0086495068389922e-05)
(539.18756103515625 -202.31898498535156 6.1110957176424563e-05)
(604.509521484375 -198.649169921875 6.1262748204171658e-05)
(689.52337646484375 -188.29141235351562 6.5483094658702612e-05)
(786.83709716796875 -168.7933349609375 3.1075305741978809e-05)
(896.14495849609375 -110.64420318603516 2.5821095732680988e-06)
(17.957183837890625 -4.4854321479797363 -0.00040191743755713105)
(17.937021255493164 -4.9501810073852539 -0.00035397728788666427)
(18.043096542358398 -5.4124064445495605 -0.00067538756411522627)
(18.200784683227539 -6.0274195671081543 -0.00065256754169240594)
(18.505317687988281 -6.4655675888061523 -0.00032315816497430205)
(18.70930290222168 -6.8887772560119629 -0.00030815851641818881)
(19.050336837768555 -7.3158717155456543 -0.00029661902226507664)
(19.381641387939453 -7.8093671798706055 -0.00029679419822059572)
(19.936933517456055 -8.3466854095458984 -0.00057958345860242844)
(20.395591735839844 -8.6905956268310547 -0.00031002904870547354)
(20.69395637512207 -9.0724277496337891 -0.00030833069467917085)
(21.181663513183594 -9.4554243087768555 -0.00029593781800940633)
(21.617664337158203 -9.8590450286865234 5.965447417111136e-05)
(22.15178108215332 -10.261091232299805 0.00033078787964768708)
(22.673885345458984 -10.66826057434082 0.00033102318411692977)
(23.243812561035156 -11.069143295288086 0.0003315527574159205)
(23.810894012451172 -11.463437080383301 0.00033245410304516554)
(24.392061233520508 -11.847566604614258 0.00033442990388721228)
(24.961725234985352 -12.221846580505371 0.00033520456054247916)
(25.542722702026367 -12.599528312683105 0.00033621149486862123)
(26.143890380859375 -12.98045539855957 0.00033671880373731256)
(26.764419555664062 -13.365875244140625 0.00033660736517049372)
(27.403404235839844 -13.757421493530273 0.00033717136830091476)
(28.061588287353516 -14.154360771179199 0.00033677296596579254)
(28.741514205932617 -14.557416915893555 0.00033559068106114864)
(29.443281173706055 -14.969040870666504 0.00033597330912016332)
(30.168867111206055 -15.39094066619873 0.00033572636311873794)
(30.918010711669922 -15.820897102355957 0.0003367194440215826)
(31.693056106567383 -16.261709213256836 0.0003360635309945792)
(32.495346069335938 -16.714742660522461 0.00033688600524328649)
(33.325916290283203 -17.179351806640625 0.00033713073935359716)
(34.186943054199219 -17.65833854675293 0.0003373230283614248)
(35.079933166503906 -18.153480529785156 0.00033757157507352531)
(36.006729125976562 -18.663999557495117 0.00033799756783992052)
(36.968360900878906 -19.191522598266602 0.00033876425004564226)
(37.968730926513672 -19.73651123046875 0.00033812437322922051)
(39.008338928222656 -20.301816940307617 0.0003379553381819278)
(40.090766906738281 -20.88886833190918 0.00033825618447735906)
(41.216850280761719 -21.496486663818359 0.00033521428122185171)
(42.390316009521484 -22.127742767333984 0.00032594756339676678)
(43.613334655761719 -22.784673690795898 0.00032595929224044085)
(44.889808654785156 -23.469413757324219 0.00032525195274502039)
(46.222431182861328 -24.182367324829102 0.00024689454585313797)
(47.616378784179688 -24.925228118896484 -0.00023719038290437311)
(49.074161529541016 -25.701902389526367 -0.00034261675318703055)
(50.601055145263672 -26.514019012451172 -0.00034278893144801259)
(52.199306488037109 -27.362926483154297 -0.00034649812732823193)
(53.87518310546875 -28.251369476318359 -0.0003454766992945224)
(55.633827209472656 -29.184049606323242 -0.00034560391213744879)
(57.481521606445312 -30.161554336547852 -0.00034542204230092466)
(59.423149108886719 -31.188709259033203 -0.00021471052605193108)
(61.466533660888672 -32.267509460449219 -0.00017710264364723116)
(63.617664337158203 -33.403865814208984 -0.00017653543909545988)
(65.886016845703125 -34.599925994873047 -0.00017689626838546246)
(68.279281616210938 -35.863170623779297 -0.00017695511633064598)
(70.806922912597656 -37.193668365478516 -0.00017641433805692941)
(73.480850219726562 -38.603752136230469 -0.00017571318312548101)
(76.311134338378906 -40.0921630859375 -0.00017682455654721707)
(79.310813903808594 -41.672344207763672 -0.00017604370077606291)
(82.496185302734375 -43.344558715820312 -0.00017649043002165854)
(85.880867004394531 -45.125469207763672 -0.00017583211592864245)
(89.483291625976562 -47.014198303222656 -0.00017590368224773556)
(93.321441650390625 -49.030975341796875 -0.00017541192937642336)
(97.417854309082031 -51.175216674804688 -0.0001756151468725875)
(101.797119140625 -53.473583221435547 -0.00017529325850773603)
(106.48606109619141 -55.923599243164062 -0.00017523528367746621)
(111.51680755615234 -58.558902740478516 -0.00017546121671330184)
(116.92441558837891 -61.377674102783203 -0.00017521105473861098)
(122.74877166748047 -64.421531677246094 -0.00017454230692237616)
(129.03495788574219 -67.687026977539062 -0.00017467388533987105)
(135.83840942382812 -71.229377746582031 -0.00017374996969010681)
(143.21623229980469 -75.043228149414062 -0.00017402284720446914)
(151.24722290039062 -79.200897216796875 -0.00017284393834415823)
(159.99076843261719 -83.696952819824219 -0.00017485357238911092)
(169.64376831054688 -88.745399475097656 -0.00017163621669169515)
(180.61257934570312 -94.415153503417969 -0.00017170577484648675)
(193.09719848632812 -100.83488464355469 -0.00016980235523078591)
(207.16069030761719 -107.94451904296875 -0.00016690930351614952)
(222.92552185058594 -115.86162567138672 -0.00016690147458575666)
(240.44596862792969 -124.44710540771484 -8.4935061750002205e-05)
(259.78814697265625 -133.712890625 -8.2753045717254281e-05)
(280.95755004882812 -143.36103820800781 -8.3645878476090729e-05)
(303.35879516601562 -153.11286926269531 -8.3713457570411265e-05)
(330.642333984375 -168.58792114257812 -7.379588350886479e-05)
(375.245361328125 -185.82374572753906 -6.7499189754016697e-05)
(425.5501708984375 -199.33280944824219 -6.4779167587403208e-05)
(478.84271240234375 -207.41958618164062 -6.6213317040819675e-05)
(536.00726318359375 -209.99821472167969 -6.3398292695637792e-05)
(603.225830078125 -205.93309020996094 -6.7030690843239427e-05)
(690.136962890625 -195.50616455078125 -6.7882661824114621e-05)
(790.36285400390625 -176.1644287109375 -3.2758893212303519e-05)
(906.67578125 -111.01219177246094 -0.00011897429067175835)
(17.358781814575195 -4.2404365539550781 -0.00041052818414755166)
(17.306247711181641 -4.7567105293273926 -0.00035815179580822587)
(17.404947280883789 -5.2449460029602051 -0.00035451696021482348)
(17.541217803955078 -5.9180793762207031 -0.00067431398201733828)
(17.856786727905273 -6.3926634788513184 -0.00031761295394971967)
(18.063753128051758 -6.8488397598266602 4.1877377952914685e-05)
(18.422473907470703 -7.3084840774536133 0.00034167399280704558)
(18.76978874206543 -7.8342409133911133 0.00033755268668755889)
(19.353662490844727 -8.3993072509765625 0.00033886582241393626)
(19.826194763183594 -8.7500505447387695 0.00035822976497001946)
(20.131261825561523 -9.1433925628662109 0.00035709750954993069)
(20.631601333618164 -9.5340118408203125 0.00035441215732134879)
(21.076915740966797 -9.9482364654541016 0.00035296095302328467)
(21.620323181152344 -10.358098030090332 0.00035183483851142228)
(22.149271011352539 -10.768567085266113 0.00035180378472432494)
(22.723310470581055 -11.175234794616699 0.00035252241650596261)
(23.295145034790039 -11.573494911193848 0.00035348947858437896)
(23.878513336181641 -11.959600448608398 0.00035507397842593491)
(24.449951171875 -12.337142944335938 0.00035616735112853348)
(25.033039093017578 -12.716793060302734 0.00035656124236993492)
(25.632745742797852 -13.101340293884277 0.00035680184373632073)
(26.248933792114258 -13.488776206970215 0.00035702684544958174)
(26.884857177734375 -13.879458427429199 0.00035812254645861685)
(27.537275314331055 -14.277209281921387 0.00035823867074213922)
(28.211149215698242 -14.684257507324219 0.00035846832906827331)
(28.908287048339844 -15.097480773925781 0.00035873186425305903)
(29.625986099243164 -15.519248008728027 0.00035883090458810329)
(30.367595672607422 -15.950661659240723 0.00035954680060967803)
(31.134464263916016 -16.393060684204102 0.00035978350206278265)
(31.927837371826172 -16.847278594970703 0.00035987843875773251)
(32.748767852783203 -17.314609527587891 0.00036030355840921402)
(33.600761413574219 -17.798004150390625 0.00036020120023749769)
(34.483783721923828 -18.295551300048828 0.00036091622314415872)
(35.399188995361328 -18.808290481567383 0.00036054069641977549)
(36.349327087402344 -19.338508605957031 0.00036009174073114991)
(37.335391998291016 -19.886577606201172 0.0003583105280995369)
(38.362384796142578 -20.454910278320312 0.00034898202284239233)
(39.429630279541016 -21.043661117553711 0.00034134971792809665)
(40.540607452392578 -21.655311584472656 0.00024354395281989127)
(41.698440551757812 -22.291311264038086 -0.00026227952912449837)
(42.904735565185547 -22.953069686889648 -0.00036540927249006927)
(44.163539886474609 -23.641586303710938 -0.0003687287971843034)
(45.476619720458984 -24.359073638916016 -0.00036711132270283997)
(46.849483489990234 -25.107446670532227 -0.00036683533107861876)
(48.285442352294922 -25.888757705688477 -0.00036768760764971375)
(49.788730621337891 -26.705326080322266 -0.00036796255153603852)
(51.363418579101562 -27.559932708740234 -0.00054578471463173628)
(53.014396667480469 -28.454681396484375 -0.00054623273899778724)
(54.746700286865234 -29.393779754638672 -0.00054680678294971585)
(56.565509796142578 -30.376785278320312 -0.00054669508244842291)
(58.476547241210938 -31.41084098815918 -0.00054708990501239896)
(60.487438201904297 -32.495571136474609 -0.00054763606749475002)
(62.605621337890625 -33.640426635742188 -0.00054759852355346084)
(64.838066101074219 -34.844100952148438 -0.00054825935512781143)
(67.193283081054688 -36.11572265625 -0.00054851686581969261)
(69.681449890136719 -37.456153869628906 -0.00054912490304559469)
(72.3114013671875 -38.874828338623047 -0.00054906349396333098)
(75.096672058105469 -40.372474670410156 -0.00054911820916458964)
(78.049186706542969 -41.96453857421875 -0.00054921064293012023)
(81.182266235351562 -43.647407531738281 -0.0005504933069460094)
(84.511581420898438 -45.440402984619141 -0.00055076897842809558)
(88.05517578125 -47.341426849365234 -0.00055060209706425667)
(91.8292236328125 -49.371307373046875 -0.00055086862994357944)
(95.858451843261719 -51.529354095458984 -0.00054997019469738007)
(100.16447448730469 -53.844417572021484 -0.00055154389701783657)
(104.77584075927734 -56.310611724853516 -0.00055138953030109406)
(109.72156524658203 -58.965633392333984 -0.00055080692982301116)
(115.03775787353516 -61.802803039550781 -0.00055178144248202443)
(120.76188659667969 -64.869003295898438 -0.00055103225167840719)
(126.94179534912109 -68.157936096191406 -0.00055003736633807421)
(133.62667846679688 -71.72833251953125 -0.00055131863337010145)
(140.87727355957031 -75.570167541503906 -0.00055070838425308466)
(148.76676940917969 -79.762924194335938 -0.00055004854220896959)
(157.35714721679688 -84.293807983398438 -0.00054743076907470822)
(166.83616638183594 -89.385482788085938 -0.00054518383694812655)
(177.60659790039062 -95.099388122558594 -0.00054281041957437992)
(189.8564453125 -101.5869140625 -0.00053935486357659101)
(203.65431213378906 -108.77030181884766 -0.00053526286501437426)
(219.10130310058594 -116.79546356201172 -0.00044475652975961566)
(236.26396179199219 -125.50946807861328 -0.00044203424477018416)
(255.18547058105469 -134.96359252929688 -0.00044282761518843472)
(275.89959716796875 -144.85246276855469 -0.00044060003710910678)
(297.79537963867188 -154.96043395996094 -0.000444271310698241)
(324.62274169921875 -170.8385009765625 -0.00039312118315137923)
(368.69375610351562 -189.5400390625 -0.00036254629958420992)
(419.37710571289062 -204.79484558105469 -0.00034744176082313061)
(473.87979125976562 -214.25717163085938 -0.00034483632771298289)
(532.8004150390625 -217.42236328125 -0.00034464284544810653)
(601.94384765625 -212.84797668457031 -0.00034270051401108503)
(690.57879638671875 -202.40219116210938 -0.00035095098428428173)
(793.4970703125 -183.59439086914062 -0.00030120057635940611)
(917.772216796875 -110.62021636962891 -0.00032569514587521553)
(16.687332153320312 -3.9477825164794922 -0.00028624353581108153)
(16.592990875244141 -4.5221600532531738 0.00017683165788184851)
(16.691318511962891 -5.0338006019592285 0.00040725505095906556)
(16.801977157592773 -5.761314868927002 0.00039664466748945415)
(17.135948181152344 -6.2729635238647461 0.00038389515248127282)
(17.351503372192383 -6.7643289566040039 0.00037588633131235838)
(17.738061904907227 -7.2596454620361328 0.00036698332405649126)
(18.111228942871094 -7.8192567825317383 0.00036140956217423081)
(18.735755920410156 -8.4161844253540039 0.000362522026989609)
(19.235023498535156 -8.7758798599243164 0.00038327826769091189)
(19.549322128295898 -9.1799564361572266 0.00038230494828894734)
(20.07208251953125 -9.5832986831665039 0.00038015146856196225)
(20.527948379516602 -10.002327919006348 0.00037949657416902483)
(21.085147857666016 -10.418399810791016 0.00037947739474475384)
(21.624914169311523 -10.835153579711914 0.00037917459849268198)
(22.20855712890625 -11.246851921081543 0.00037941246409900486)
(22.785137176513672 -11.648407936096191 0.00038024171954020858)
(23.373184204101562 -12.038442611694336 0.00038143974961712956)
(23.947885513305664 -12.418676376342773 0.00038232663064263761)
(24.53349494934082 -12.800860404968262 0.00038281225715763867)
(25.134817123413086 -13.186248779296875 0.00038248920463956892)
(25.749740600585938 -13.574578285217285 0.00038333138218149543)
(26.38427734375 -13.967928886413574 0.00038316231803037226)
(27.037534713745117 -14.368796348571777 0.00038345737266354263)
(27.707830429077148 -14.777734756469727 0.00038329919334501028)
(28.398952484130859 -15.192225456237793 0.00038353484706021845)
(29.112323760986328 -15.615582466125488 0.00038412358844652772)
(29.847995758056641 -16.048904418945312 0.00038445729296654463)
(30.608163833618164 -16.494333267211914 0.00038431177381426096)
(31.393085479736328 -16.950407028198242 0.00038492519524879754)
(32.206855773925781 -17.420244216918945 0.00038514312473125756)
(33.048873901367188 -17.904487609863281 0.00038515287451446056)
(33.920852661132812 -18.403949737548828 0.00038449993007816374)
(34.825580596923828 -18.919235229492188 0.00038293615216389298)
(35.764163970947266 -19.451999664306641 0.00036989341606386006)
(36.738910675048828 -20.002847671508789 0.0003559381584636867)
(37.751953125 -20.574380874633789 -9.3823837232775986e-06)
(38.805606842041016 -21.166509628295898 -0.00039359205402433872)
(39.903919219970703 -21.781854629516602 -0.00039325602119788527)
(41.047412872314453 -22.421146392822266 -0.0003921354073099792)
(42.237277984619141 -23.085605621337891 -0.00039334644679911435)
(43.4788818359375 -23.777505874633789 -0.00058053852990269661)
(44.776409149169922 -24.50004768371582 -0.00058140401961281896)
(46.131492614746094 -25.25250244140625 -0.00058148312382400036)
(47.54791259765625 -26.039167404174805 -0.00058194564189761877)
(49.030712127685547 -26.86054801940918 -0.0005815248005092144)
(50.583122253417969 -27.720264434814453 -0.00058226496912539005)
(52.211181640625 -28.619472503662109 -0.00058256537886336446)
(53.918224334716797 -29.56355094909668 -0.00058322696713730693)
(55.710468292236328 -30.551679611206055 -0.00058313761837780476)
(57.594516754150391 -31.591985702514648 -0.00058327126316726208)
(59.576435089111328 -32.683139801025391 -0.00058433820959180593)
(61.663459777832031 -33.835098266601562 -0.00058374262880533934)
(63.863204956054688 -35.044471740722656 -0.00058397528482601047)
(66.183174133300781 -36.324386596679688 -0.00058493099641054869)
(68.633621215820312 -37.669639587402344 -0.00058474985416978598)
(71.224639892578125 -39.098335266113281 -0.00058543350314721465)
(73.968879699707031 -40.605060577392578 -0.00058497313875705004)
(76.875045776367188 -42.205665588378906 -0.0005859705270268023)
(79.96075439453125 -43.896781921386719 -0.00058579788310453296)
(83.238182067871094 -45.700492858886719 -0.00058654975146055222)
(86.726699829101562 -47.610095977783203 -0.00058679271023720503)
(90.443061828613281 -49.654373168945312 -0.00058736104983836412)
(94.410446166992188 -51.823631286621094 -0.00058702472597360611)
(98.64923095703125 -54.154121398925781 -0.00058661930961534381)
(103.18878936767578 -56.6319580078125 -0.00058691465528681874)
(108.05501556396484 -59.30462646484375 -0.00058816449018195271)
(113.28661346435547 -62.155197143554688 -0.00058841065037995577)
(118.9183349609375 -65.243850708007812 -0.00058869010536000133)
(124.99912261962891 -68.548873901367188 -0.00058642745716497302)
(131.57467651367188 -72.145660400390625 -0.00058795197401195765)
(138.70787048339844 -76.008003234863281 -0.00058709905715659261)
(146.46487426757812 -80.233139038085938 -0.00058687094133347273)
(154.91452026367188 -84.790115356445312 -0.000585272500757128)
(164.23257446289062 -89.919570922851562 -0.00058317865477874875)
(174.81925964355469 -95.664527893066406 -0.00057687930529937148)
(186.84893798828125 -102.20713806152344 -0.00057318562176078558)
(200.39556884765625 -109.44638061523438 -0.00066526158479973674)
(215.538818359375 -117.55609893798828 -0.00066387397237122059)
(232.35336303710938 -126.36704254150391 -0.00066210387740284204)
(250.86003112792969 -135.97148132324219 -0.000660784135106951)
(271.11431884765625 -146.05580139160156 -0.00066166679607704282)
(292.49600219726562 -156.47540283203125 -0.00066436798078939319)
(318.81442260742188 -172.63835144042969 -0.00059296621475368738)
(362.19149780273438 -192.76547241210938 -0.00054844561964273453)
(413.12713623046875 -209.85025024414062 -0.00052336230874061584)
(468.828857421875 -220.80905151367188 -0.00048160520964302123)
(529.57733154296875 -224.58868408203125 -0.00051210145466029644)
(600.67474365234375 -219.3841552734375 -0.00051309948321431875)
(690.82086181640625 -208.94248962402344 -0.0005246959044598043)
(796.1536865234375 -191.09640502929688 -0.00045748386764898896)
(929.4644775390625 -109.37054443359375 -0.00045306250103749335)
(15.937148094177246 -3.6059072017669678 0.00054274575086310506)
(15.802533149719238 -4.250798225402832 0.00044567740405909717)
(15.909276962280273 -4.7899713516235352 0.00044266355689615011)
(15.997846603393555 -5.5762968063354492 0.00043229880975559354)
(16.356796264648438 -6.1395955085754395 0.00041889172280207276)
(16.588689804077148 -6.6728096008300781 0.00041107420111075044)
(17.013515472412109 -7.2154049873352051 0.00040004885522648692)
(17.424272537231445 -7.8155398368835449 0.00039362814277410507)
(18.092050552368164 -8.4398460388183594 0.0003951745165977627)
(18.615982055664062 -8.8063087463378906 0.00041570203029550612)
(18.944440841674805 -9.2169485092163086 0.00041548005538061261)
(19.485269546508789 -9.6266632080078125 0.00041239068377763033)
(19.954513549804688 -10.048419952392578 0.00041223652078770101)
(20.525203704833984 -10.472071647644043 0.00041051185689866543)
(21.076000213623047 -10.890219688415527 0.0004108644207008183)
(21.667465209960938 -11.303798675537109 0.00041083153337240219)
(22.252782821655273 -11.707446098327637 0.00041110976599156857)
(22.846311569213867 -12.100868225097656 0.00041168185998685658)
(23.423999786376953 -12.48328685760498 0.00041192653588950634)
(24.01085090637207 -12.866592407226562 0.00041250404319725931)
(24.615333557128906 -13.25284481048584 0.00041266204789280891)
(25.232879638671875 -13.643884658813477 0.00041179163963533938)
(25.866325378417969 -14.039933204650879 0.00041254976531490684)
(26.519916534423828 -14.442625045776367 0.00041184233850799501)
(27.189571380615234 -14.850982666015625 0.00041182516724802554)
(27.878528594970703 -15.267349243164062 0.00041211216012015939)
(28.58831787109375 -15.69270133972168 0.00041221847641281784)
(29.321630477905273 -16.128463745117188 0.00041131593752652407)
(30.078144073486328 -16.574777603149414 0.00041136911022476852)
(30.859235763549805 -17.034088134765625 0.00041240127757191658)
(31.66703987121582 -17.507064819335938 0.00041060644434764981)
(32.503826141357422 -17.994119644165039 0.00040244715637527406)
(33.369998931884766 -18.49592399597168 0.00040071102557703853)
(34.267532348632812 -19.014734268188477 0.00038510488229803741)
(35.197883605957031 -19.550224304199219 -4.1070652514463291e-05)
(36.163337707519531 -20.1036376953125 -0.00040904161869548261)
(37.167449951171875 -20.678108215332031 -0.000455733563285321)
(38.209667205810547 -21.272825241088867 -0.00060622760793194175)
(39.293865203857422 -21.890863418579102 -0.00060703075723722577)
(40.423038482666016 -22.532892227172852 -0.00060773093719035387)
(41.600181579589844 -23.200830459594727 -0.00060797616606578231)
(42.826339721679688 -23.896068572998047 -0.00060828367713838816)
(44.107494354248047 -24.622474670410156 -0.00060884334379807115)
(45.44561767578125 -25.378463745117188 -0.00060911965556442738)
(46.845035552978516 -26.168779373168945 -0.00061006739269942045)
(48.308902740478516 -26.993646621704102 -0.00061060424195602536)
(49.840721130371094 -27.857587814331055 -0.00061482324963435531)
(51.446453094482422 -28.760494232177734 -0.00062173709738999605)
(53.131061553955078 -29.708356857299805 -0.00062284531304612756)
(54.898902893066406 -30.701320648193359 -0.00062329374486580491)
(56.757148742675781 -31.746477127075195 -0.00062301312573254108)
(58.712070465087891 -32.842575073242188 -0.00062319333665072918)
(60.769905090332031 -33.999370574951172 -0.00062384270131587982)
(62.939849853515625 -35.215686798095703 -0.00062413362320512533)
(65.227363586425781 -36.500812530517578 -0.00062418886227533221)
(67.644790649414062 -37.854259490966797 -0.00062447995878756046)
(70.199729919433594 -39.289031982421875 -0.00062497518956661224)
(72.90362548828125 -40.800216674804688 -0.00062587694264948368)
(75.768623352050781 -42.408645629882812 -0.00062556692864745855)
(78.810317993164062 -44.108024597167969 -0.0006260970258153975)
(82.040367126464844 -45.920444488525391 -0.00062692083884030581)
(85.479583740234375 -47.8402099609375 -0.00062650401378050447)
(89.142135620117188 -49.893531799316406 -0.00062759284628555179)
(93.051849365234375 -52.07342529296875 -0.00062705553136765957)
(97.226936340332031 -54.413337707519531 -0.00062621204415336251)
(101.70022583007812 -56.904285430908203 -0.00062763056484982371)
(106.49425506591797 -59.588733673095703 -0.00062799465376883745)
(111.6488037109375 -62.454917907714844 -0.00062814581906422973)
(117.19401550292969 -65.555809020996094 -0.00062828842783346772)
(123.18284606933594 -68.87994384765625 -0.00062705070013180375)
(129.6561279296875 -72.49285888671875 -0.00062616291688755155)
(136.68077087402344 -76.3779296875 -0.00062499375781044364)
(144.31802368164062 -80.625434875488281 -0.00054608855862170458)
(152.63902282714844 -85.212020874023438 -0.00052194308955222368)
(161.8099365234375 -90.363327026367188 -0.00051958253607153893)
(172.22911071777344 -96.142318725585938 -0.00051670632092282176)
(184.0540771484375 -102.71583557128906 -0.00051394366892054677)
(197.36616516113281 -110.00966644287109 -0.00050944829126819968)
(212.2239990234375 -118.17193603515625 -0.00050921068759635091)
(228.7069091796875 -127.06779479980469 -0.00050700694555416703)
(246.80984497070312 -136.77447509765625 -0.000506476906593889)
(266.6103515625 -147.02975463867188 -0.00050735566765069962)
(287.470947265625 -157.69821166992188 -0.00050956610357388854)
(313.2374267578125 -174.04063415527344 -0.00046031700912863016)
(355.77139282226562 -195.5294189453125 -0.00042575059342198074)
(406.83908081054688 -214.53254699707031 -0.00040461544995196164)
(463.7156982421875 -227.1009521484375 -0.00043608483974821866)
(526.371337890625 -231.53170776367188 -0.00043238149373792112)
(599.44744873046875 -225.5638427734375 -0.00039233648567460477)
(690.9222412109375 -215.15426635742188 -0.00043588774860836565)
(798.3310546875 -198.77482604980469 -0.00040955550502985716)
(941.79425048828125 -107.18655395507812 -0.00039321646909229457)
(14.942865371704102 -3.2002272605895996 0.00060293497517704964)
(14.763354301452637 -3.9031906127929688 0.000497176602948457)
(14.900515556335449 -4.4615826606750488 0.00049482064787298441)
(14.968214988708496 -5.2876062393188477 0.00048436209908686578)
(15.364609718322754 -5.8960447311401367 0.00046784579171799123)
(15.62888240814209 -6.472806453704834 0.00045718048932030797)
(16.113561630249023 -7.066500186920166 0.00044416895252652466)
(16.585304260253906 -7.7051348686218262 0.00043567974353209138)
(17.330776214599609 -8.3640527725219727 0.0004332160169724375)
(17.897651672363281 -8.7466964721679688 0.00044860123307444155)
(18.248023986816406 -9.1642742156982422 0.00045599485747516155)
(18.822322845458984 -9.5870342254638672 0.00045125719043426216)
(19.31629753112793 -10.015195846557617 0.00045042959391139448)
(19.912229537963867 -10.448396682739258 0.00044778548181056976)
(20.480575561523438 -10.871487617492676 0.00044745311606675386)
(21.09088134765625 -11.293651580810547 0.00044605971197597682)
(21.689796447753906 -11.70372200012207 0.00044564373092725873)
(22.295003890991211 -12.100748062133789 0.00044568144949153066)
(22.881832122802734 -12.486403465270996 0.00044584638089872897)
(23.47404670715332 -12.873164176940918 0.00044456450268626213)
(24.082862854003906 -13.26322078704834 0.00044512681779451668)
(24.704635620117188 -13.655584335327148 0.00044433458242565393)
(25.34150505065918 -14.053923606872559 0.00044339819578453898)
(25.99395751953125 -14.458178520202637 0.00044412401621229947)
(26.662364959716797 -14.86842155456543 0.00044111983152106404)
(27.350803375244141 -15.286420822143555 0.00043240666855126619)
(28.059860229492188 -15.714448928833008 0.00043233594624325633)
(28.790042877197266 -16.152900695800781 0.00043253600597381592)
(29.542970657348633 -16.602178573608398 0.00043203798122704029)
(30.321969985961914 -17.064907073974609 0.00043160549830645323)
(31.124324798583984 -17.539760589599609 0.00042653307900764048)
(31.954469680786133 -18.028535842895508 0.00020488977315835655)
(32.813129425048828 -18.532539367675781 0.00017069894238375127)
(33.703227996826172 -19.05262565612793 -0.0001312028180109337)
(34.624973297119141 -19.590456008911133 -0.00022139055363368243)
(35.581832885742188 -20.147272109985352 -0.00022038826136849821)
(36.576148986816406 -20.723539352416992 -0.00021994345297571272)
(37.610599517822266 -21.321540832519531 -0.00021937403653282672)
(38.685623168945312 -21.941925048828125 -0.00022004719357937574)
(39.803215026855469 -22.586715698242188 -0.00022036136942915618)
(40.967967987060547 -23.258014678955078 -0.00022026905207894742)
(42.182315826416016 -23.957010269165039 -0.00021985995408613235)
(43.448394775390625 -24.685062408447266 -0.00022037480084691197)
(44.770401000976562 -25.444164276123047 -0.00022081512724980712)
(46.153182983398438 -26.238033294677734 -0.00022044639626983553)
(47.60028076171875 -27.066356658935547 -0.00022185419220477343)
(49.116531372070312 -27.93488883972168 -0.00030430639162659645)
(50.703517913818359 -28.842828750610352 -0.0006073598051443696)
(52.368804931640625 -29.795236587524414 -0.00065444398205727339)
(54.116024017333984 -30.792665481567383 -0.00065426056971773505)
(55.952327728271484 -31.842002868652344 -0.00065574655309319496)
(57.882190704345703 -32.943504333496094 -0.00065575056942179799)
(59.915115356445312 -34.105239868164062 -0.00065660214750096202)
(62.056228637695312 -35.325912475585938 -0.00065741792786866426)
(64.313789367675781 -36.615509033203125 -0.00065739278215914965)
(66.698982238769531 -37.974369049072266 -0.00065799226285889745)
(69.22052001953125 -39.413909912109375 -0.00065956177422776818)
(71.890426635742188 -40.93438720703125 -0.00065926916431635618)
(74.719390869140625 -42.548702239990234 -0.00065953988814726472)
(77.721511840820312 -44.256706237792969 -0.0006600511260330677)
(80.909255981445312 -46.074306488037109 -0.00066060025710612535)
(84.301597595214844 -48.003776550292969 -0.00066223950125277042)
(87.915496826171875 -50.064033508300781 -0.00066305516520515084)
(91.771514892578125 -52.254768371582031 -0.00066264637280255556)
(95.891304016113281 -54.602405548095703 -0.00066400389187037945)
(100.30178070068359 -57.105667114257812 -0.00066485482966527343)
(105.02945709228516 -59.798118591308594 -0.00066500756656751037)
(110.11113739013672 -62.679107666015625 -0.00066583830630406737)
(115.57996368408203 -65.790779113769531 -0.0006661547813564539)
(121.48269653320312 -69.131301879882812 -0.00066587654873728752)
(127.86478424072266 -72.757575988769531 -0.00055659282952547073)
(134.78726196289062 -76.664627075195312 -0.00055644958047196269)
(142.3150634765625 -80.92852783203125 -0.00055595196317881346)
(150.51631164550781 -85.544113159179688 -0.00055589346447959542)
(159.55610656738281 -90.710243225097656 -0.00055291096214205027)
(169.81565856933594 -96.515922546386719 -0.00055045750923454762)
(181.45652770996094 -103.11307525634766 -0.0005478672101162374)
(194.54649353027344 -110.44699859619141 -0.00054494175128638744)
(209.14109802246094 -118.64900970458984 -0.00054452603217214346)
(225.30307006835938 -127.60133361816406 -0.00054127001203596592)
(243.02154541015625 -137.38589477539062 -0.0005434253835119307)
(262.3681640625 -147.76213073730469 -0.00054354401072487235)
(282.72283935546875 -158.64840698242188 -0.00054641882888972759)
(307.88330078125 -175.03443908691406 -0.00049804442096501589)
(349.43701171875 -197.818603515625 -0.0004622072447091341)
(400.49685668945312 -218.77218627929688 -0.00048147040070034564)
(458.53372192382812 -233.08171081542969 -0.00047162355622276664)
(523.153564453125 -238.17788696289062 -0.00046204490354284644)
(598.23370361328125 -231.34114074707031 -0.00042174212285317481)
(690.75604248046875 -220.91368103027344 -0.00038279828731901944)
(799.77056884765625 -206.47535705566406 -0.00035471169394440949)
(954.7799072265625 -103.93919372558594 -0.00031463586492463946)
(13.698410034179688 -2.7213082313537598 0.00065038067987188697)
(13.497546195983887 -3.5013370513916016 0.00056743278400972486)
(13.693324089050293 -4.0859107971191406 0.00056338892318308353)
(13.750138282775879 -4.9385995864868164 0.00055288895964622498)
(14.205142021179199 -5.6224455833435059 0.00052952655823901296)
(14.516069412231445 -6.2557215690612793 0.00050904351519420743)
(15.077190399169922 -6.921511173248291 0.00050114007899537683)
(15.620378494262695 -7.6089787483215332 0.00048714032163843513)
(16.44227409362793 -8.2906379699707031 0.00047648212057538331)
(17.051479339599609 -8.6790056228637695 0.00025822839234024286)
(17.424776077270508 -9.0941333770751953 0.00049420201685279608)
(18.033412933349609 -9.5292987823486328 0.00049869809299707413)
(18.551506042480469 -9.9562721252441406 0.00049447151832282543)
(19.173458099365234 -10.39637279510498 0.00049110047984868288)
(19.766153335571289 -10.822866439819336 0.00048823442193679512)
(20.395681381225586 -11.250155448913574 0.00048639581655152142)
(21.008520126342773 -11.661152839660645 0.00048544115270487964)
(21.628496170043945 -12.063848495483398 0.00048492438509128988)
(22.227195739746094 -12.452343940734863 0.00048208286170847714)
(22.832868576049805 -12.843454360961914 0.00046991478302516043)
(23.448726654052734 -13.236020088195801 0.00046934987767599523)
(24.07817268371582 -13.631773948669434 0.00046819771523587406)
(24.721611022949219 -14.03353214263916 0.00046764718717895448)
(25.378986358642578 -14.43895149230957 0.00046750821638852358)
(26.054239273071289 -14.852803230285645 0.00046254246262833476)
(26.745838165283203 -15.27601146697998 0.00025172095047309995)
(27.458599090576172 -15.70738697052002 0.00023819759371690452)
(28.189607620239258 -16.14738655090332 0.0002380951918894425)
(28.94434928894043 -16.601325988769531 0.00023666339984629303)
(29.720966339111328 -17.065860748291016 0.00022837964934296906)
(30.522438049316406 -17.542465209960938 0.0002118509728461504)
(31.349601745605469 -18.034172058105469 -7.4661678809206933e-05)
(32.204246520996094 -18.540046691894531 -0.00023908096773084253)
(33.089546203613281 -19.062433242797852 -0.00023759237956255674)
(34.004570007324219 -19.603057861328125 -0.00023729317763354629)
(34.954372406005859 -20.162031173706055 -0.0002373086754232645)
(35.939388275146484 -20.741437911987305 -0.00023778188915457577)
(36.96405029296875 -21.341497421264648 -0.00023778749164193869)
(38.029315948486328 -21.964849472045898 -0.00023780773335602134)
(39.137718200683594 -22.612411499023438 -0.00023726095969323069)
(40.292404174804688 -23.287094116210938 -0.00023738328309264034)
(41.496261596679688 -23.989355087280273 -0.000237669562920928)
(42.75140380859375 -24.721384048461914 -0.00023727914958726615)
(44.061782836914062 -25.484504699707031 -0.00023736675211694092)
(45.430835723876953 -26.281806945800781 -0.00023772247368469834)
(46.863670349121094 -27.115440368652344 -0.00023781848722137511)
(48.363735198974609 -27.98805046081543 -0.00023678610159549862)
(49.934967041015625 -28.900096893310547 -0.0002366653352510184)
(51.581794738769531 -29.855833053588867 -0.00023608958872500807)
(53.310413360595703 -30.858327865600586 -0.00023706098727416247)
(55.126419067382812 -31.912473678588867 -0.00023627064365427941)
(57.036960601806641 -33.019428253173828 -0.00023642416635993868)
(59.045391082763672 -34.184764862060547 -0.00023664263426326215)
(61.162593841552734 -35.411312103271484 -0.00023680593585595489)
(63.395534515380859 -36.706382751464844 -0.00023777331807650626)
(65.752708435058594 -38.071609497070312 -0.00023631680232938379)
(68.244468688964844 -39.516536712646484 -0.00023203012824524194)
(70.882041931152344 -41.042701721191406 -0.00022727630857843906)
(73.675201416015625 -42.662082672119141 -0.00022784096654504538)
(76.639274597167969 -44.376411437988281 -0.0002290934935444966)
(79.787605285644531 -46.200828552246094 -0.00022860747412778437)
(83.137336730957031 -48.136638641357422 -0.00022898305905982852)
(86.704521179199219 -50.203338623046875 -0.00022939893824514002)
(90.5111083984375 -52.40252685546875 -0.0002299541374668479)
(94.57708740234375 -54.757438659667969 -0.00023236691777128726)
(98.930923461914062 -57.269931793212891 -0.00023253219842445105)
(103.59782409667969 -59.971229553222656 -0.00023448468709830195)
(108.61193084716797 -62.862823486328125 -0.00034716763184405863)
(114.00824737548828 -65.984695434570312 -0.00035210250644013286)
(119.83346557617188 -69.339111328125 -0.00035258708521723747)
(126.12849426269531 -72.97686767578125 -0.000351453956682235)
(132.95771789550781 -76.9007568359375 -0.00035242672311142087)
(140.38381958007812 -81.181419372558594 -0.00035168023896403611)
(148.47634887695312 -85.821853637695312 -0.00035190890775993466)
(157.396484375 -91.000747680664062 -0.00035119577660225332)
(167.51470947265625 -96.827095031738281 -0.00034966462408192456)
(178.98294067382812 -103.44210815429688 -0.000347635563230142)
(191.87236022949219 -110.80843353271484 -0.00034828318166546524)
(206.2213134765625 -119.037109375 -0.0003473740944173187)
(222.09225463867188 -128.03643798828125 -0.00034781216527335346)
(239.44732666015625 -137.87130737304688 -0.00034923039493151009)
(258.37078857421875 -148.35398864746094 -0.00034799761488102376)
(278.21954345703125 -159.41366577148438 -0.00038433048757724464)
(302.77517700195312 -175.74974060058594 -0.00032592218485660851)
(343.2384033203125 -199.77061462402344 -0.00030385877471417189)
(394.2095947265625 -222.76823425292969 -0.0003357590758241713)
(453.36074829101562 -238.94383239746094 -0.00032665373873896897)
(520.0322265625 -244.74398803710938 -0.00032008546986617148)
(597.10833740234375 -236.8565673828125 -0.00031819712603464723)
(690.5877685546875 -226.38673400878906 -0.0003189868584740907)
(800.92095947265625 -214.718017578125 -0.00029454665491357446)
(968.26434326171875 -99.486724853515625 -0.00031459607998840511)
(11.76408576965332 -2.1758341789245605 0.00051590264774858952)
(11.533822059631348 -2.9317679405212402 0.00063913618214428425)
(11.841668128967285 -3.4999456405639648 0.00061945745255798101)
(11.908241271972656 -4.3306589126586914 0.00060205586487427354)
(12.463897705078125 -5.0564908981323242 0.00057757383910939097)
(12.868733406066895 -5.7363348007202148 0.00028879006276838481)
(13.582648277282715 -6.4810380935668945 0.00054584164172410965)
(14.289044380187988 -7.2365684509277344 0.00050383788766339421)
(15.262043952941895 -7.9709267616271973 0.0004879279003944248)
(15.959561347961426 -8.3977527618408203 0.00026096301735378802)
(16.390098571777344 -8.8281002044677734 0.00026160257402807474)
(17.057111740112305 -9.2861328125 0.00051525532035157084)
(17.625782012939453 -9.7270536422729492 0.00049355346709489822)
(18.289089202880859 -10.184749603271484 0.00048883602721616626)
(18.914604187011719 -10.619449615478516 0.00048371218144893646)
(19.573768615722656 -11.055428504943848 0.00048106140457093716)
(20.211721420288086 -11.475788116455078 0.00048278129543177783)
(20.848226547241211 -11.885687828063965 0.00049532920820638537)
(21.462774276733398 -12.281517028808594 0.00048902072012424469)
(22.080829620361328 -12.676579475402832 0.00023841940856073052)
(22.707859039306641 -13.07225513458252 0.00023817385954316705)
(23.344884872436523 -13.471952438354492 0.00023819319903850555)
(23.995742797851562 -13.875469207763672 0.00023826518736314029)
(24.659353256225586 -14.286595344543457 0.00023876044724602252)
(25.339405059814453 -14.704536437988281 0.0002450580068398267)
(26.034826278686523 -15.128758430480957 0.00026027829153463244)
(26.748193740844727 -15.562644958496094 0.00026083440752699971)
(27.483030319213867 -16.007600784301758 0.00026007415726780891)
(28.236223220825195 -16.462186813354492 0.00025797609123401344)
(29.012538909912109 -16.929244995117188 0.00010869402467506006)
(29.812366485595703 -17.408821105957031 -0.00020738225430250168)
(30.635074615478516 -17.90052604675293 -0.00023952576157171279)
(31.485019683837891 -18.407526016235352 -0.00023941573454067111)
(32.364734649658203 -18.931556701660156 -0.00023966774460859597)
(33.275321960449219 -19.473348617553711 -0.00024028556072153151)
(34.216758728027344 -20.033424377441406 -0.00024044097517617047)
(35.192153930664062 -20.611366271972656 -0.00024060420400928706)
(36.205455780029297 -21.211980819702148 -0.00024140255118254572)
(37.259834289550781 -21.834304809570312 -0.00024102126189973205)
(38.354770660400391 -22.483169555664062 -0.00024175683211069554)
(39.495456695556641 -23.157316207885742 -0.00024188333190977573)
(40.683807373046875 -23.858692169189453 -0.00024260349164251238)
(41.922489166259766 -24.58912467956543 -0.00024203723296523094)
(43.215572357177734 -25.351163864135742 -0.00024220292107202113)
(44.566780090332031 -26.148153305053711 -0.0002427533472655341)
(45.978244781494141 -26.97906494140625 -0.00024303485406562686)
(47.455974578857422 -27.848415374755859 -0.0002440349489916116)
(49.001327514648438 -28.757877349853516 -0.00024418628890998662)
(50.623817443847656 -29.711639404296875 -0.00024425276205874979)
(52.326301574707031 -30.711708068847656 -0.00024431844940409064)
(54.114238739013672 -31.762794494628906 -0.00024394017236772925)
(55.994075775146484 -32.867305755615234 -0.00024467636831104755)
(57.972953796386719 -34.029922485351562 -0.00024462307919748127)
(60.058467864990234 -35.255092620849609 -0.00024463122827000916)
(62.258003234863281 -36.547439575195312 -0.00024603310157544911)
(64.582168579101562 -37.912361145019531 -0.00024471856886520982)
(67.036773681640625 -39.354015350341797 5.8057764817931456e-07)
(69.635887145996094 -40.879520416259766 0.00025681476108729839)
(72.388648986816406 -42.495983123779297 0.00025674156495369971)
(75.308792114257812 -44.209331512451172 0.00025747853214852512)
(78.410446166992188 -46.030391693115234 0.0002568610361777246)
(81.710189819335938 -47.965789794921875 0.00025427766377106309)
(85.224784851074219 -50.028972625732422 0.00025431072572246194)
(88.973823547363281 -52.226997375488281 0.00025497880415059626)
(92.979202270507812 -54.577644348144531 0.00012972988770343363)
(97.267234802246094 -57.091064453125 0.00012919247092213482)
(101.86325073242188 -59.7872314453125 0.00012838833208661526)
(106.80253601074219 -62.680324554443359 0.00012846794561482966)
(112.11624908447266 -65.796554565429688 0.0001291927183046937)
(117.850830078125 -69.152191162109375 0.00012922122550662607)
(124.05107116699219 -72.785385131835938 0.00012851438077632338)
(130.77525329589844 -76.714775085449219 0.00012869521742686629)
(138.09048461914062 -80.993186950683594 0.00012908002827316523)
(146.06388854980469 -85.646896362304688 0.00012844665616285056)
(154.85665893554688 -90.81744384765625 0.00012844230514019728)
(164.82107543945312 -96.6478271484375 0.00012754852650687099)
(176.11154174804688 -103.25177001953125 9.761693945620209e-05)
(188.78866577148438 -110.63185119628906 -8.7676613475196064e-05)
(202.89112854003906 -118.84950256347656 -0.00012662123481277376)
(218.45597839355469 -127.86856079101562 -0.00012562716437969357)
(235.44221496582031 -137.69290161132812 -0.00012705515837296844)
(253.91673278808594 -148.22531127929688 -0.0002642274193931371)
(273.26287841796875 -159.40277099609375 -0.00031595592736266553)
(297.15524291992188 -175.56358337402344 -0.00035640908754430711)
(336.44137573242188 -200.62928771972656 -0.00033458101097494364)
(387.206298828125 -225.69134521484375 -0.0003681063826661557)
(447.50198364257812 -243.72221374511719 -0.00035566766746342182)
(516.37286376953125 -250.54168701171875 -0.0003464182373136282)
(595.5196533203125 -241.50714111328125 -0.00034465760109014809)
(689.6732177734375 -231.28172302246094 -0.00034286361187696457)
(799.90667724609375 -221.95179748535156 -0.00031382511951960623)
(981.30718994140625 -93.973007202148438 -0.00029947422444820404)
(9.2684507369995117 -1.4871282577514648 -0.0011857635108754039)
(9.1318674087524414 -2.2849509716033936 -0.0009018245036713779)
(9.624455451965332 -2.8751702308654785 -0.00079701445065438747)
(9.7557563781738281 -3.6624295711517334 -0.00077056657755747437)
(10.467380523681641 -4.5158295631408691 -0.00075675989501178265)
(10.998674392700195 -5.2977771759033203 -0.00035537334042601287)
(11.863150596618652 -6.1750550270080566 -0.0003387834585737437)
(12.698387145996094 -6.9583048820495605 -0.00062514771707355976)
(13.796506881713867 -7.6767759323120117 -0.00060138542903587222)
(14.560199737548828 -8.1224946975708008 -0.00031677589868195355)
(15.030385971069336 -8.5177688598632812 -0.0003103234339505434)
(15.751181602478027 -8.9890041351318359 -0.00031057780142873526)
(16.358562469482422 -9.4180154800415039 -0.0006084238993935287)
(17.054916381835938 -9.8721656799316406 -0.00059862859779968858)
(17.712619781494141 -10.30594539642334 -0.00059084407985210419)
(18.395595550537109 -10.744747161865234 -0.00058411509962752461)
(19.053651809692383 -11.162083625793457 -0.00057514163199812174)
(19.707616806030273 -11.574060440063477 -0.00028304240549914539)
(20.331718444824219 -11.968847274780273 -0.00028180336812511086)
(20.953742980957031 -12.35958194732666 -0.00028017998556606472)
(21.587978363037109 -12.755322456359863 -0.00027871681959368289)
(22.224407196044922 -13.150590896606445 -0.00027820214745588601)
(22.875072479248047 -13.553230285644531 -0.00027704040985554457)
(23.534921646118164 -13.957649230957031 -0.00027551176026463509)
(24.20665168762207 -14.36888599395752 -0.00018328640726394951)
(24.890678405761719 -14.786988258361816 0.00022553923190571368)
(25.592756271362305 -15.214900016784668 0.0002894119534175843)
(26.310968399047852 -15.649360656738281 0.00028869902598671615)
(27.046911239624023 -16.094831466674805 0.00028807739727199078)
(27.803926467895508 -16.553737640380859 0.00028876212309114635)
(28.583091735839844 -17.021200180053711 0.00028835245757363737)
(29.384305953979492 -17.503286361694336 0.00028762195142917335)
(30.210992813110352 -18.000629425048828 0.00028713259962387383)
(31.064168930053711 -18.512977600097656 0.00028658617520704865)
(31.947481155395508 -19.04377555847168 0.00028590601868927479)
(32.860321044921875 -19.590005874633789 0.00028556384495459497)
(33.805946350097656 -20.15846061706543 0.00028592534363269806)
(34.786258697509766 -20.745567321777344 0.00028552836738526821)
(35.80657958984375 -21.357128143310547 0.0002853165497072041)
(36.865756988525391 -21.98961067199707 0.000285293412161991)
(37.964561462402344 -22.647865295410156 0.00028523858054541051)
(39.10919189453125 -23.331510543823242 0.00028418039437383413)
(40.302940368652344 -24.045154571533203 0.00028423717594705522)
(41.548873901367188 -24.790193557739258 0.00028443027986213565)
(42.849269866943359 -25.566226959228516 0.0002839481458067894)
(44.207740783691406 -26.377752304077148 0.0002845565031748265)
(45.630794525146484 -27.226810455322266 0.00028364610625430942)
(47.122714996337891 -28.11720085144043 0.00028459483291953802)
(48.685020446777344 -29.049795150756836 0.00028397049754858017)
(50.326564788818359 -30.028877258300781 0.00028350675711408257)
(52.0489501953125 -31.056238174438477 0.00028376842965371907)
(53.859340667724609 -32.135917663574219 0.00028403187752701342)
(55.765373229980469 -33.273265838623047 0.0002840812667272985)
(57.772968292236328 -34.470287322998047 0.00028367093182168901)
(59.891357421875 -35.734912872314453 0.0002845495764631778)
(62.129375457763672 -37.06939697265625 0.00028461313922889531)
(64.495140075683594 -38.48065185546875 0.00028263826970942318)
(66.999015808105469 -39.973411560058594 0.00028016851865686476)
(69.651130676269531 -41.554821014404297 0.00027563588810153306)
(72.466949462890625 -43.233287811279297 0.00027307617710903287)
(75.457832336425781 -45.016586303710938 0.00027180204051546752)
(78.641136169433594 -46.913425445556641 0.00013493484584614635)
(82.032615661621094 -48.935260772705078 0.00013475090963765979)
(85.652091979980469 -51.092208862304688 0.00013405745266936719)
(89.520477294921875 -53.398277282714844 0.00013501032663043588)
(93.660446166992188 -55.863876342773438 0.00013409461826086044)
(98.100662231445312 -58.509521484375 0.00013473653234541416)
(102.87288665771484 -61.351177215576172 0.00013424050121102482)
(108.01016235351562 -64.410659790039062 0.00013492182188201696)
(113.55547332763672 -67.710372924804688 0.00013430246326606721)
(119.55117797851562 -71.279624938964844 0.00013431809202302247)
(126.05577850341797 -75.146278381347656 0.00013323627354111522)
(133.13591003417969 -79.3560791015625 0.0001337111898465082)
(140.85598754882812 -83.943931579589844 0.00013363851758185774)
(149.37846374511719 -89.023155212402344 0.00013346612104214728)
(159.040771484375 -94.764839172363281 0.00010613349149934947)
(170.00035095214844 -101.27304077148438 -9.1427900770213455e-05)
(182.31231689453125 -108.56848907470703 -0.00013987136480864137)
(196.014892578125 -116.68930053710938 -0.00013827883230987936)
(211.12625122070312 -125.6229248046875 -0.00013879402831662446)
(227.60072326660156 -135.35285949707031 -0.00020154181402176619)
(245.46287536621094 -145.82635498046875 -0.00031769537599757314)
(264.10153198242188 -156.9190673828125 -0.0003421756555326283)
(287.31710815429688 -172.8194580078125 -0.00038644438609480858)
(325.63742065429688 -199.18798828125 -0.00036921002902090549)
(376.4217529296875 -226.83531188964844 -0.00040624820394441485)
(437.9295654296875 -247.33921813964844 -0.00039121232111938298)
(508.49990844726562 -254.92292785644531 -0.00038058002246543765)
(589.236572265625 -244.47636413574219 -0.00037092671846039593)
(683.4644775390625 -234.31947326660156 -0.00036627278313972056)
(795.86614990234375 -229.96438598632812 -0.00033781348611228168)
(982.82904052734375 -86.216667175292969 -0.00032971796463243663)
(4.7606830596923828 -0.81311023235321045 -0.0019364760955795646)
(4.5361614227294922 -1.1462502479553223 -0.00087725196499377489)
(5.6470389366149902 -1.6988257169723511 0.0012710817391052842)
(5.8045368194580078 -2.2716720104217529 0.0014826427213847637)
(6.7751507759094238 -3.1022632122039795 0.00067301886156201363)
(7.542726993560791 -3.8724281787872314 0.00059966149274259806)
(8.817133903503418 -4.8743276596069336 0.00053546688286587596)
(10.01904296875 -5.7921133041381836 0.00095328607130795717)
(11.37260627746582 -6.6048216819763184 0.00087830086704343557)
(12.248012542724609 -7.0986180305480957 0.00042935012606903911)
(12.730362892150879 -7.4734477996826172 0.0004163565463386476)
(13.449590682983398 -7.9248099327087402 0.00040483864722773433)
(14.039068222045898 -8.3134393692016602 0.00039494328666478395)
(14.693921089172363 -8.7307472229003906 0.00038652584771625698)
(15.29557991027832 -9.1138172149658203 0.00037983962101861835)
(15.90668773651123 -9.4945049285888672 0.00037434123805724084)
(16.48731803894043 -9.857945442199707 0.00036939879646524787)
(17.055892944335938 -10.209281921386719 0.00036554617690853775)
(17.592100143432617 -10.542492866516113 0.00036264161462895572)
(18.116006851196289 -10.870406150817871 0.00036009727045893669)
(18.636667251586914 -11.190905570983887 0.00035820779157802463)
(19.158914566040039 -11.512908935546875 0.00035683377063833177)
(19.680637359619141 -11.833284378051758 0.00035544947604648769)
(20.207902908325195 -12.156187057495117 0.00035391445271670818)
(20.742151260375977 -12.480658531188965 0.00035301526077091694)
(21.286931991577148 -12.812952041625977 0.0003516398137435317)
(21.838722229003906 -13.149495124816895 0.00035132194170728326)
(22.402999877929688 -13.491080284118652 0.00035047600977122784)
(22.985244750976562 -13.84351921081543 0.00035059740184806287)
(23.578659057617188 -14.203183174133301 0.00035001174546778202)
(24.189714431762695 -14.572275161743164 0.00034954524016939104)
(24.822843551635742 -14.953037261962891 0.00035000237403437495)
(25.475732803344727 -15.346364974975586 0.00034998846240341663)
(26.153167724609375 -15.755657196044922 0.00034941002377308905)
(26.852422714233398 -16.176895141601562 0.00034941144986078143)
(27.578664779663086 -16.615209579467773 0.00034967588726431131)
(28.331790924072266 -17.068037033081055 0.00035027629928663373)
(29.113498687744141 -17.539957046508789 0.00035019777715206146)
(29.925474166870117 -18.02699089050293 0.0003506189095787704)
(30.773368835449219 -18.537382125854492 0.00035048127756454051)
(31.656793594360352 -19.067829132080078 0.00035048477002419531)
(32.579212188720703 -19.622907638549805 0.00035050109727308154)
(33.542919158935547 -20.202564239501953 0.00035109813325107098)
(34.549808502197266 -20.806983947753906 0.00035140060936100781)
(35.605304718017578 -21.441247940063477 0.00035101370303891599)
(36.710826873779297 -22.105585098266602 0.00035098142689093947)
(37.869617462158203 -22.80272102355957 0.00035110086901113391)
(39.085186004638672 -23.532802581787109 0.00035203079460188746)
(40.362983703613281 -24.299993515014648 0.00035142444539815187)
(41.705280303955078 -25.105335235595703 0.00035209977068006992)
(43.120769500732422 -25.954130172729492 0.00035091937752440572)
(44.61285400390625 -26.849750518798828 0.00035199779085814953)
(46.185237884521484 -27.792394638061523 0.00035110220778733492)
(47.846546173095703 -28.790098190307617 0.00035150814801454544)
(49.599433898925781 -29.841987609863281 0.00035209394991397858)
(51.452064514160156 -30.954099655151367 0.00035249287611804903)
(53.413600921630859 -32.129840850830078 0.00035197634133510292)
(55.494277954101562 -33.377296447753906 0.00017565593589097261)
(57.702781677246094 -34.701457977294922 -5.555010648095049e-05)
(60.049636840820312 -36.109001159667969 -0.00017643324099481106)
(62.545967102050781 -37.605220794677734 -0.00017612091323826462)
(65.206146240234375 -39.199825286865234 -0.00017628546629566699)
(68.043556213378906 -40.900138854980469 -0.00017578405095264316)
(71.075141906738281 -42.716239929199219 -0.0001752207608660683)
(74.317512512207031 -44.658523559570312 -0.00017592505901120603)
(77.792945861816406 -46.739402770996094 -0.00017583560838829726)
(81.524932861328125 -48.974212646484375 -0.00017591268988326192)
(85.537376403808594 -51.375278472900391 -0.00017481691611465067)
(89.862564086914062 -53.963718414306641 -0.00017569791816640645)
(94.535591125488281 -56.757633209228516 -0.00017478752124588937)
(99.597091674804688 -59.784030914306641 -0.00017410861619282514)
(105.09184265136719 -63.067176818847656 -0.00017360122001264244)
(111.08152770996094 -66.645355224609375 -0.00017427370767109096)
(117.60970306396484 -70.545265197753906 -0.00017360952915623784)
(124.80557250976562 -74.848556518554688 -0.00017277231381740421)
(133.00140380859375 -79.733116149902344 -0.00017144239973276854)
(142.37031555175781 -85.311912536621094 -0.00017009746807161719)
(152.96145629882812 -91.611862182617188 -0.00016889766266103834)
(164.80978393554688 -98.660308837890625 -0.00016858565504662693)
(177.9166259765625 -106.44683074951172 -0.00016853185661602765)
(192.20442199707031 -114.93016052246094 -0.000166474943398498)
(207.6495361328125 -124.08010101318359 -0.00019235939544159919)
(223.29035949707031 -133.4803466796875 -0.00025104015367105603)
(242.52098083496094 -146.74046325683594 -0.00016054121078923345)
(277.61862182617188 -171.15876770019531 -0.00022664392599835992)
(326.33905029296875 -198.83583068847656 -0.00021421440760605037)
(386.2799072265625 -221.24661254882812 -0.0002022289700107649)
(454.78704833984375 -231.13568115234375 -0.00019251853518653661)
(531.068603515625 -222.88571166992188 -0.00018300637020729482)
(620.291015625 -214.83477783203125 -0.00018037966219708323)
(732.4459228515625 -216.38031005859375 -0.00019346084445714951)
(936.158447265625 -84.473365783691406 -0.00019625420100055635)
(824.0062255859375 -6.1163034439086914 0.0077670835889875889)
(890.92474365234375 -3.5324573516845703 0.0075758411549031734)
(963.1116943359375 -0.1127394363284111 0.0073334556072950363)
(1040.734375 2.8647749423980713 0.0071679512038826942)
(1114.5941162109375 6.0754241943359375 0.0070653976872563362)
(1186.8175048828125 10.397826194763184 0.0069534033536911011)
(1255.3206787109375 14.504572868347168 0.0070020072162151337)
(1320.4453125 18.100631713867188 0.0069772456772625446)
(1384.5517578125 21.396690368652344 0.0070158764719963074)
(1445.6845703125 24.532077789306641 0.006744985468685627)
(1502.7572021484375 28.687000274658203 0.0068368171341717243)
(1557.96826171875 31.78947639465332 0.0069719096645712852)
(1610.3807373046875 31.498453140258789 0.0071594561450183392)
(1656.1165771484375 30.737886428833008 0.0073548066429793835)
(1697.6474609375 32.185436248779297 0.0076228324323892593)
(1739.12060546875 32.771350860595703 0.0077980607748031616)
(1776.8983154296875 29.763298034667969 0.0079883122816681862)
(1807.1788330078125 25.498434066772461 0.0081839058548212051)
(1833.341064453125 22.852724075317383 0.0083272457122802734)
(1858.990478515625 21.583963394165039 0.0084658283740282059)
(1883.5748291015625 19.586324691772461 0.0084875095635652542)
(1902.6470947265625 15.847467422485352 0.0084995310753583908)
(1917.0159912109375 13.056654930114746 0.0084422659128904343)
(1931.4576416015625 12.196794509887695 0.0083607742562890053)
(1946.56201171875 12.716711044311523 0.0082897888496518135)
(1961.723388671875 12.987483978271484 0.0081772161647677422)
(1974.1864013671875 12.807271957397461 0.0081023750826716423)
(1986.2171630859375 13.571987152099609 0.0079908240586519241)
(2000.3994140625 15.520780563354492 0.0079404450953006744)
(2016.600341796875 17.377283096313477 0.0078764315694570541)
(2031.51123046875 18.422325134277344 0.0078438082709908485)
(2046.040771484375 20.202470779418945 0.0078240595757961273)
(2063.2275390625 21.93882942199707 0.0078185852617025375)
(2080.581298828125 23.080144882202148 0.0077870008535683155)
(2097.306396484375 24.594778060913086 0.0075979218818247318)
(2114.88671875 26.268991470336914 0.0075987474992871284)
(2132.965087890625 27.113893508911133 0.0076058274134993553)
(2150.677490234375 27.968494415283203 0.0076536950655281544)
(2168.088134765625 28.641300201416016 0.0077060912735760212)
(2180.296142578125 32.403995513916016 0.0078077283687889576)
(830.6956787109375 -13.407734870910645 -0.00031616041087545455)
(894.923095703125 -8.0395603179931641 -0.00030827394220978022)
(963.495361328125 -1.0407848358154297 -0.0003036059788428247)
(1036.702392578125 5.5278310775756836 -0.00030217025778256357)
(1105.6083984375 12.36158561706543 -0.00028082454809919)
(1172.5404052734375 20.721048355102539 -0.00029703194741159678)
(1236.0003662109375 28.492189407348633 -0.00029265027842484415)
(1295.51220703125 35.293045043945312 -0.00028082850622013211)
(1353.0146484375 42.244873046875 -0.00026767750387080014)
(1409.5382080078125 48.994155883789062 -0.00014083283895161003)
(1464.7183837890625 55.534023284912109 -0.00013127300189808011)
(1515.2989501953125 60.189533233642578 -0.00013812854012940079)
(1560.1683349609375 62.165504455566406 -0.00013297355326358229)
(1603.599609375 63.768756866455078 -0.00014782813377678394)
(1647.762451171875 65.966720581054688 -0.00015152976266108453)
(1687.9588623046875 66.172042846679688 -0.00014843176177237183)
(1720.6090087890625 63.173503875732422 -0.00015023286687210202)
(1749.1011962890625 59.325656890869141 -0.00015121822070796043)
(1777.9232177734375 56.779720306396484 -0.00016711949137970805)
(1807.3487548828125 54.961002349853516 -0.00017067980661522597)
(1833.094970703125 50.929183959960938 -0.0001699594286037609)
(1851.540771484375 45.761566162109375 -0.00015891497605480254)
(1867.986328125 41.805992126464844 -0.00016194202180486172)
(1885.568359375 39.966495513916016 -0.00017658308206591755)
(1904.2691650390625 39.72747802734375 -0.00016462946950923651)
(1921.59765625 38.369197845458984 -0.00017001577361952513)
(1934.6585693359375 37.215007781982422 -0.0001714522804832086)
(1947.5908203125 37.590431213378906 -0.00017041157116182148)
(1962.5355224609375 39.624099731445312 -0.0001666753669269383)
(1978.68310546875 41.448936462402344 -0.00016425202193204314)
(1992.31201171875 42.854766845703125 -0.00015920813893899322)
(2006.510009765625 44.956596374511719 -0.00015657053154427558)
(2021.644775390625 47.391555786132812 -0.00016088667325675488)
(2036.60986328125 49.592327117919922 -0.00015983980847522616)
(2052.301513671875 51.843402862548828 -0.00014700798783451319)
(2067.9033203125 54.372264862060547 -0.00014907980221323669)
(2083.244873046875 56.165321350097656 -0.00014464565902017057)
(2099.14013671875 58.048507690429688 -0.00015431760402861983)
(2115.307373046875 59.16705322265625 -0.00014493301569018513)
(2131.98046875 60.892253875732422 -7.9041405115276575e-05)
(835.614501953125 -21.259304046630859 -0.00022503497893922031)
(900.21734619140625 -12.600249290466309 -0.00020719725580420345)
(969.2640380859375 -1.3299967050552368 -0.00020399034838192165)
(1042.8184814453125 9.1790437698364258 -0.00020796859462279826)
(1111.1929931640625 19.895475387573242 -0.00019757215341087431)
(1177.0941162109375 33.040058135986328 -0.00019575835904106498)
(1240.11181640625 45.301841735839844 -0.00018446620379108936)
(1299.729736328125 55.553852081298828 -0.00018616876332089305)
(1356.222412109375 66.291236877441406 -0.000266589893726632)
(1410.87548828125 77.264244079589844 -0.00028039290918968618)
(1465.028564453125 86.8128662109375 -0.00028329738415777683)
(1514.9898681640625 93.073387145996094 -0.00028702910640276968)
(1558.53759765625 97.115966796875 -0.00029086149879731238)
(1600.921630859375 100.93734741210938 -0.00029875955078750849)
(1644.1851806640625 103.58506774902344 -0.00030399649403989315)
(1682.34375 103.028564453125 -0.00030784582486376166)
(1713.43212890625 99.778938293457031 -0.00030473619699478149)
(1742.932861328125 95.903617858886719 -0.00031258256058208644)
(1773.986328125 92.471847534179688 -0.00032110541360452771)
(1803.1927490234375 88.72711181640625 -0.00032153102802112699)
(1825.532470703125 82.807342529296875 -0.00032514374470338225)
(1844.343505859375 76.53326416015625 -0.00033130630617961287)
(1863.87890625 71.511276245117188 -0.00032612113864161074)
(1884.8514404296875 68.222335815429688 -0.0003254585899412632)
(1903.6846923828125 66.274650573730469 -0.00032443486270494759)
(1917.71435546875 63.961948394775391 -0.00032725094933994114)
(1931.2259521484375 62.535121917724609 -0.0003213011659681797)
(1946.6751708984375 62.891643524169922 -0.0003214336175005883)
(1963.7520751953125 64.711807250976562 -0.00031838176073506474)
(1978.6055908203125 66.454795837402344 -0.00031467954977415502)
(1991.340576171875 68.467521667480469 -0.00031122984364628792)
(2005.923095703125 71.433357238769531 -0.00030450409394688904)
(2022.2196044921875 74.579826354980469 -0.00030852266354486346)
(2037.0533447265625 77.751930236816406 -0.000306092289974913)
(2052.09814453125 80.92999267578125 -0.00029675595578737557)
(2067.63330078125 84.402626037597656 -0.00030464600422419608)
(2082.966552734375 87.319656372070312 -0.00025851905229501426)
(2098.724609375 90.227195739746094 -0.0002492018393240869)
(2114.184814453125 92.096092224121094 -0.00024740456137806177)
(2128.64111328125 93.231689453125 -0.00024437968386337161)
(841.5701904296875 -27.998384475708008 -0.00011295917647657916)
(906.98175048828125 -16.314582824707031 -0.00010125680273631588)
(976.65557861328125 -1.0643738508224487 -9.5852723461575806e-05)
(1049.3328857421875 13.305830955505371 -0.00011108620674349368)
(1117.3594970703125 27.441921234130859 -0.00012512925604823977)
(1183.614501953125 44.343177795410156 -0.00011626687046373263)
(1244.1944580078125 60.64508056640625 -0.00013949754065833986)
(1300.8626708984375 74.442665100097656 -8.1472193414811045e-05)
(1357.9891357421875 88.154273986816406 -7.445894880220294e-05)
(1413.5157470703125 101.84413146972656 -7.5042509706690907e-05)
(1464.6527099609375 113.75788116455078 -7.2123664722312242e-05)
(1510.46533203125 121.83195495605469 -7.3029659688472748e-05)
(1554.030517578125 127.36519622802734 -7.6781579991802573e-05)
(1598.3485107421875 131.87077331542969 -7.4729527113959193e-05)
(1639.8121337890625 134.163818359375 -8.0994112067855895e-05)
(1674.13232421875 133.14472961425781 -7.8334705904126167e-05)
(1703.826904296875 129.83895874023438 -7.7977449109312147e-05)
(1733.8516845703125 125.6497802734375 -8.2674458099063486e-05)
(1765.24609375 121.01004791259766 -8.3081693446729332e-05)
(1793.776611328125 115.36590576171875 -8.214323315769434e-05)
(1815.1697998046875 108.5489501953125 -8.4263643657322973e-05)
(1833.60693359375 101.83078765869141 -8.0446676292922348e-05)
(1852.8905029296875 96.303512573242188 -7.6080730650573969e-05)
(1873.803955078125 92.325210571289062 -7.8450670116581023e-05)
(1894.053955078125 89.230628967285156 -7.0104040787555277e-05)
(1909.234130859375 86.610023498535156 -6.6950575273949653e-05)
(1922.995849609375 85.29864501953125 -5.5998098105192184e-05)
(1938.5093994140625 85.880584716796875 -2.4435350496787578e-05)
(1955.95556640625 87.722129821777344 -2.2901827833265997e-05)
(1971.66357421875 89.358161926269531 -2.3086276996764354e-05)
(1984.9908447265625 91.924537658691406 -2.3698747099842876e-05)
(2000.13720703125 95.609840393066406 -2.8223597837495618e-05)
(2015.8248291015625 99.264411926269531 -2.7418174795457162e-05)
(2030.9271240234375 103.02309417724609 -3.2529245800105855e-05)
(2046.1455078125 106.89697265625 -3.0949202482588589e-05)
(2061.574462890625 111.17659759521484 -3.1603827665094286e-05)
(2076.821044921875 114.83128356933594 -3.7689063901780173e-05)
(2092.254150390625 118.44863891601562 -3.5067107091890648e-05)
(2107.416259765625 120.84295654296875 -3.7809837522218004e-05)
(2122.141845703125 122.09667205810547 -3.7512945709750056e-05)
(847.978515625 -34.212089538574219 0.00082344806287437677)
(914.5050048828125 -19.314489364624023 0.00081818446051329374)
(986.10595703125 -0.17311015725135803 0.00078285438939929008)
(1058.9647216796875 17.78386116027832 0.00075948017183691263)
(1124.956298828125 35.761074066162109 0.00078484235564246774)
(1191.1005859375 56.564548492431641 0.00077813240932300687)
(1253.5064697265625 76.10791015625 0.00074014440178871155)
(1308.413330078125 93.21563720703125 0.00071216898504644632)
(1361.77490234375 110.19667053222656 0.00070687639527022839)
(1417.07666015625 126.14179992675781 0.00070214120205491781)
(1469.4395751953125 139.55328369140625 0.00070143066113814712)
(1513.6058349609375 149.122802734375 0.00070590438554063439)
(1553.9725341796875 155.77445983886719 0.00071849435335025191)
(1596.1072998046875 160.3529052734375 0.00072434794856235385)
(1637.1005859375 162.03076171875 0.00073622242780402303)
(1671.1585693359375 160.456298828125 0.00074965017847716808)
(1699.740966796875 156.68757629394531 0.00076349731534719467)
(1728.21435546875 151.87890625 0.00077679677633568645)
(1758.3519287109375 146.4749755859375 0.00078533845953643322)
(1786.7088623046875 139.74668884277344 0.00078751507680863142)
(1808.3087158203125 132.16117858886719 0.00077754788799211383)
(1827.0025634765625 125.08939361572266 0.00076858355896547437)
(1846.79150390625 119.45655059814453 0.0007764443289488554)
(1868.333251953125 115.59967041015625 0.00077977491309866309)
(1888.575439453125 112.092041015625 0.00077648920705541968)
(1903.96142578125 109.20353698730469 0.00077649898594245315)
(1918.775146484375 108.072998046875 0.00077688868623226881)
(1935.70556640625 109.06385803222656 0.00077123276423662901)
(1953.843994140625 111.03619384765625 0.00076472602086141706)
(1968.7388916015625 112.73713684082031 0.00075865112012252212)
(1983.114990234375 115.77016448974609 0.00075437355553731322)
(1999.2352294921875 119.73332977294922 0.00074607564602047205)
(2014.8585205078125 123.86993408203125 0.00073876453097909689)
(2030.003173828125 128.11251831054688 0.00073299830546602607)
(2045.4725341796875 132.414306640625 0.00072813848964869976)
(2061.093017578125 137.26336669921875 0.00072748336242511868)
(2076.241943359375 141.48335266113281 0.00071428535738959908)
(2091.580078125 145.64170837402344 0.00071473460411652923)
(2106.498291015625 148.48143005371094 0.00069759518373757601)
(2120.68798828125 149.83404541015625 0.00067167228553444147)
(855.3201904296875 -39.810043334960938 0.001257161027751863)
(923.24578857421875 -21.539484024047852 0.0012271007290109992)
(996.33984375 1.7965202331542969 0.0011981510324403644)
(1069.6346435546875 22.932851791381836 0.0012110639363527298)
(1136.028076171875 44.237667083740234 0.0011886785505339503)
(1199.9942626953125 69.361427307128906 0.0011725678341463208)
(1260.708984375 92.0672607421875 0.0011402105446904898)
(1316.7359619140625 111.38761138916016 0.0011207885108888149)
(1369.8525390625 131.20631408691406 0.0011127543402835727)
(1422.119384765625 149.551513671875 0.0011104797013103962)
(1472.087890625 163.883544921875 0.0011070405598729849)
(1515.5699462890625 173.79217529296875 0.0011124141747131944)
(1555.42431640625 180.90901184082031 0.0011211705859750509)
(1596.3778076171875 185.61766052246094 0.001139305648393929)
(1635.0220947265625 186.56584167480469 0.0011487680021673441)
(1666.8082275390625 183.92457580566406 0.0011695083230733871)
(1694.5985107421875 179.36003112792969 0.0011890758760273457)
(1723.3077392578125 173.99493408203125 0.0012083438923582435)
(1753.43310546875 168.06961059570312 0.0011861028615385294)
(1780.0059814453125 160.67033386230469 0.0011956359958276153)
(1800.5155029296875 152.70512390136719 0.0012068740325048566)
(1819.66943359375 145.71139526367188 0.0012142030755057931)
(1840.5361328125 140.39689636230469 0.0012167263776063919)
(1862.9764404296875 136.74960327148438 0.0012159141479060054)
(1882.507080078125 133.19903564453125 0.0012094879057258368)
(1898.00634765625 130.55973815917969 0.0012068573851138353)
(1914.0360107421875 129.90119934082031 0.0012039885623380542)
(1932.360595703125 131.31031799316406 0.00119900016579777)
(1950.717041015625 133.11634826660156 0.001189970993436873)
(1965.438720703125 135.10319519042969 0.0011838943464681506)
(1980.48193359375 138.67141723632812 0.0011760417837649584)
(1997.281494140625 142.72843933105469 0.0011698006419464946)
(2013.3187255859375 147.02847290039062 0.001161923399195075)
(2028.2257080078125 151.68086242675781 0.0011546451132744551)
(2043.6246337890625 156.35140991210938 0.0011515573132783175)
(2059.6904296875 161.49543762207031 0.0011474909260869026)
(2074.818359375 166.05905151367188 0.0011369222775101662)
(2089.82861328125 170.66200256347656 0.0011378054041415453)
(2104.630126953125 173.788818359375 0.0011113376822322607)
(2118.875732421875 175.13011169433594 0.0010569326113909483)
(863.1810302734375 -44.7242431640625 0.00088156387209892273)
(933.22198486328125 -23.275413513183594 0.00078901770757511258)
(1008.27734375 4.5011067390441895 0.00076301186345517635)
(1080.244873046875 29.353620529174805 0.00074408116051927209)
(1147.2802734375 53.373867034912109 0.00072910153539851308)
(1212.1414794921875 82.194923400878906 0.0007239889819175005)
(1270.2322998046875 108.51602935791016 0.00072853232268244028)
(1323.7603759765625 129.94972229003906 0.00072105787694454193)
(1377.3837890625 151.59571838378906 0.00071694463258609176)
(1429.6865234375 171.68067932128906 0.00071417354047298431)
(1476.775634765625 186.77931213378906 0.00071724504232406616)
(1517.3924560546875 196.67173767089844 0.00071689637843519449)
(1556.474853515625 203.63397216796875 0.00072205328615382314)
(1596.7955322265625 207.75730895996094 0.00073382549453526735)
(1633.432373046875 207.66043090820312 0.00074142677476629615)
(1663.2625732421875 204.05751037597656 0.0007691836217418313)
(1690.1085205078125 198.84797668457031 0.0007888885447755456)
(1718.2867431640625 193.00216674804688 0.00079996563727036119)
(1747.8809814453125 186.59829711914062 0.00080992502626031637)
(1773.720947265625 178.94607543945312 0.00081591389607638121)
(1793.99365234375 171.18905639648438 0.00082110724179074168)
(1813.48681640625 164.6951904296875 0.00082385260611772537)
(1834.924072265625 159.99998474121094 0.000820464629214257)
(1857.8431396484375 156.66192626953125 0.00081746373325586319)
(1877.377197265625 153.42315673828125 0.00081114302156493068)
(1893.4140625 151.31475830078125 0.000809455756098032)
(1910.3936767578125 151.25982666015625 0.00080636487109586596)
(1929.693603515625 153.02662658691406 0.00080260506365448236)
(1948.071533203125 154.68489074707031 0.00079914962407201529)
(1963.07958984375 157.00236511230469 0.00079512217780575156)
(1979.1585693359375 161.02616882324219 0.00079279800411313772)
(1995.93017578125 165.19686889648438 0.00079057941911742091)
(2012.2862548828125 169.42277526855469 0.00078843539813533425)
(2027.6578369140625 174.345703125 0.00078619644045829773)
(2042.9136962890625 179.42118835449219 0.00078427919652312994)
(2059.087646484375 184.69648742675781 0.00078046467388048768)
(2074.474609375 189.39521789550781 0.00078055280027911067)
(2089.44775390625 194.33732604980469 0.00077778252307325602)
(2103.931640625 197.69027709960938 0.00076289218850433826)
(2117.954345703125 198.931884765625 0.00076908571645617485)
(871.5888671875 -48.793491363525391 0.00023384930682368577)
(943.6759033203125 -24.06938362121582 0.00010674902296159416)
(1021.9681396484375 7.6277923583984375 -2.2580891254619928e-06)
(1092.50341796875 36.460254669189453 -1.4257931070460472e-05)
(1157.798095703125 63.819965362548828 -8.5792984464205801e-05)
(1223.9146728515625 95.441261291503906 -8.6045271018519998e-05)
(1281.6300048828125 124.69377136230469 -6.33154486422427e-05)
(1332.2493896484375 148.72897338867188 -5.5314034398179501e-05)
(1384.969970703125 171.80487060546875 -5.4094925872050226e-05)
(1436.576171875 192.28465270996094 -5.4366690164897591e-05)
(1481.07421875 207.55941772460938 -4.9917020078282803e-05)
(1519.59228515625 217.48042297363281 -5.2934658015146852e-05)
(1558.0955810546875 223.87861633300781 -5.2417271945159882e-05)
(1597.1793212890625 226.74737548828125 -2.5382681997143663e-05)
(1631.3935546875 225.37725830078125 2.7854968720930628e-05)
(1659.39892578125 220.93675231933594 8.0972007708624005e-05)
(1685.6754150390625 215.26095581054688 8.5344072431325912e-05)
(1713.6727294921875 209.21678161621094 8.7387961684726179e-05)
(1742.84716796875 202.72088623046875 8.6637075582984835e-05)
(1767.6805419921875 195.14617919921875 8.7776003056205809e-05)
(1787.688232421875 187.87898254394531 8.7256812548730522e-05)
(1807.670166015625 182.13690185546875 8.4562772826757282e-05)
(1829.7921142578125 178.32270812988281 8.1629492342472076e-05)
(1853.167724609375 175.54568481445312 7.7587297710124403e-05)
(1872.679931640625 172.7117919921875 7.6950527727603912e-05)
(1889.2034912109375 171.15299987792969 7.5051284511573613e-05)
(1907.05029296875 171.76448059082031 7.4884359491989017e-05)
(1927.1444091796875 173.90644836425781 7.4094226874876767e-05)
(1945.45654296875 175.47673034667969 7.460530468961224e-05)
(1960.939453125 178.13064575195312 7.3769369919318706e-05)
(1977.8839111328125 182.37307739257812 7.4881216278299689e-05)
(1994.6080322265625 186.66474914550781 7.5248484790790826e-05)
(2010.9072265625 190.88580322265625 7.7399861766025424e-05)
(2027.0433349609375 195.85165405273438 7.7835633419454098e-05)
(2042.4959716796875 201.1412353515625 7.9469384218100458e-05)
(2058.263671875 206.5501708984375 7.6983145845588297e-05)
(2073.761474609375 211.2977294921875 8.0513069406151772e-05)
(2088.998046875 216.41372680664062 7.9317600466310978e-05)
(2103.34033203125 219.90074157714844 8.0974990851245821e-05)
(2117.161865234375 220.98138427734375 0.00017468418809585273)
(880.98138427734375 -52.388893127441406 -0.00045814560144208372)
(954.76605224609375 -23.783685684204102 -0.00047662339056842029)
(1035.15478515625 11.96258544921875 -0.0004632110649254173)
(1106.950927734375 43.968715667724609 -0.00044310442171990871)
(1170.5108642578125 74.741134643554688 -0.00042435296927578747)
(1234.147216796875 109.66172790527344 -0.00041526983841322362)
(1292.852294921875 140.97598266601562 -0.00038905491237528622)
(1342.5618896484375 167.0521240234375 -0.00037220335798338056)
(1392.3453369140625 191.29421997070312 -0.0003690183802973479)
(1442.4351806640625 211.61917114257812 -0.00036226661177352071)
(1485.771728515625 226.52540588378906 -0.00036404363345354795)
(1522.3819580078125 236.02613830566406 -0.00036183756310492754)
(1559.0064697265625 241.34619140625 -0.00034336224780417979)
(1596.37451171875 242.72862243652344 -0.00034202108508907259)
(1629.0911865234375 240.17657470703125 -0.00029544159770011902)
(1656.0008544921875 235.09809875488281 -0.00029809930128976703)
(1681.6019287109375 229.16648864746094 -0.00030131064704619348)
(1709.1162109375 223.20901489257812 -0.00030617977608926594)
(1737.8052978515625 216.99540710449219 -0.00030673350556753576)
(1762.1396484375 209.80966186523438 -0.00030961245647631586)
(1782.2322998046875 203.26219177246094 -0.00031425920315086842)
(1802.68212890625 198.46072387695312 -0.00031682656845077872)
(1825.410888671875 195.71124267578125 -0.00031955444137565792)
(1849.103759765625 193.62416076660156 -0.00032194243976846337)
(1868.553955078125 191.16679382324219 -0.00032363474019803107)
(1885.64111328125 190.18342590332031 -0.00032399239717051387)
(1904.4517822265625 191.53167724609375 -0.00032386643579229712)
(1925.2049560546875 193.97578430175781 -0.00032362437923438847)
(1943.02783203125 195.4859619140625 -0.00032228176132775843)
(1959.1917724609375 198.50192260742188 -0.00032163716969080269)
(1976.9920654296875 202.8043212890625 -0.00031871479586698115)
(1993.653564453125 207.14239501953125 -0.00031667776056565344)
(2009.859619140625 211.50149536132812 -0.00031564862001687288)
(2026.47216796875 216.40229797363281 -0.00031317607499659061)
(2042.2633056640625 221.66281127929688 -0.00031034098356030881)
(2057.93994140625 227.21253967285156 -0.0003128458047285676)
(2073.36767578125 232.01237487792969 -0.00030565931228920817)
(2088.7119140625 237.150634765625 -0.00030757288914173841)
(2102.895751953125 240.65615844726562 -0.00029317723237909377)
(2116.48876953125 241.5177001953125 -0.00021782530529890209)
(890.8743896484375 -55.3360595703125 -0.00051399093354120851)
(967.91778564453125 -23.167196273803711 -0.00052361283451318741)
(1048.4677734375 17.488277435302734 -0.00053665734594687819)
(1119.478759765625 52.831710815429688 -0.00056793418480083346)
(1185.1063232421875 85.937126159667969 -0.00054519675904884934)
(1247.1317138671875 124.01570129394531 -0.00053894298616796732)
(1301.8780517578125 157.64680480957031 -0.0004972937167622149)
(1351.8433837890625 184.94032287597656 -0.00047703279415145516)
(1401.163330078125 209.63632202148438 -0.00047391833504661918)
(1448.183349609375 229.48017883300781 -0.00046889373334124684)
(1489.010009765625 243.53428649902344 -0.00044304277980700135)
(1524.5108642578125 252.11601257324219 -0.00044118482037447393)
(1560.1300048828125 256.06857299804688 -0.0004422008350957185)
(1595.62158203125 255.967529296875 -0.00044584504212252796)
(1626.1832275390625 252.41902160644531 -0.0004502583178691566)
(1651.9796142578125 246.97642517089844 -0.00045700251939706504)
(1677.5498046875 241.14300537109375 -0.00046212435699999332)
(1705.31201171875 235.57266235351562 -0.0004667523899115622)
(1733.382568359375 229.740966796875 -0.00047078600618988276)
(1756.497802734375 223.24148559570312 -0.00047469465062022209)
(1776.802490234375 217.66976928710938 -0.00048057475942187011)
(1798.30615234375 214.00396728515625 -0.00048632160178385675)
(1822.169921875 212.32661437988281 -0.00048665574286133051)
(1845.5946044921875 210.68263244628906 -0.00048849050654098392)
(1864.3446044921875 208.73420715332031 -0.00049181294161826372)
(1882.2879638671875 208.47821044921875 -0.00049478840082883835)
(1902.5140380859375 210.55380249023438 -0.00049290491733700037)
(1923.48583984375 212.93316650390625 -0.00049156707245856524)
(1940.5465087890625 214.61195373535156 -0.00049237685743719339)
(1957.6744384765625 217.97309875488281 -0.00049141014460474253)
(1975.95947265625 222.25065612792969 -0.00048936199164018035)
(1992.775634765625 226.58868408203125 -0.00048541804426349699)
(2009.086181640625 231.02680969238281 -0.00048343656817451119)
(2025.732666015625 235.86822509765625 -0.00048026346485130489)
(2041.7197265625 241.04341125488281 -0.00047896866453811526)
(2057.551513671875 246.60545349121094 -0.00047982347314245999)
(2072.89306640625 251.42192077636719 -0.00047173016355372965)
(2088.23828125 256.5455322265625 -0.00047466959222219884)
(2102.422119140625 259.99786376953125 -0.00044929565046913922)
(2115.889404296875 260.56857299804688 -0.00040228839498013258)
(900.8585205078125 -57.221797943115234 -0.00074239680543541908)
(981.3348388671875 -21.731328964233398 -0.00074442714685574174)
(1064.3074951171875 23.112554550170898 -0.00072223570896312594)
(1132.1353759765625 62.919452667236328 -0.00068762787850573659)
(1196.1865234375 98.389625549316406 -0.00065897911554202437)
(1260.7877197265625 138.26536560058594 -0.00065526849357411265)
(1314.1597900390625 174.07440185546875 -0.00061561004258692265)
(1359.440673828125 202.52485656738281 -0.00061241030925884843)
(1407.08984375 226.87785339355469 -0.00060676800785586238)
(1454.3258056640625 245.44816589355469 -0.00060132332146167755)
(1492.880615234375 258.49032592773438 -0.00060060399118810892)
(1525.89697265625 265.84637451171875 -0.00060068955644965172)
(1559.6761474609375 268.17880249023438 -0.00060278375167399645)
(1594.0521240234375 266.66082763671875 -0.00060865317936986685)
(1623.6175537109375 262.53701782226562 -0.00061403104336932302)
(1648.6217041015625 257.13125610351562 -0.00061961525352671742)
(1673.638427734375 251.64273071289062 -0.00062720861751586199)
(1701.0067138671875 246.63059997558594 -0.00063472543843090534)
(1728.87646484375 241.35978698730469 -0.00063805194804444909)
(1751.9969482421875 235.87368774414062 -0.00064215599559247494)
(1772.5537109375 231.40760803222656 -0.00064987665973603725)
(1794.5050048828125 228.85336303710938 -0.0006535238353535533)
(1818.837646484375 228.08522033691406 -0.00065628474112600088)
(1842.210205078125 226.79292297363281 -0.00065776304109022021)
(1861.064453125 225.52700805664062 -0.00065988121787086129)
(1879.647705078125 226.02647399902344 -0.00066253938712179661)
(1900.6585693359375 228.629150390625 -0.00066196423722431064)
(1921.4864501953125 230.80325317382812 -0.00066013104515150189)
(1938.523681640625 232.87351989746094 -0.00066120218252763152)
(1956.3455810546875 236.47975158691406 -0.00065938232000917196)
(1974.999267578125 240.68659973144531 -0.00065630231983959675)
(1991.7659912109375 244.97711181640625 -0.00065571267623454332)
(2008.1075439453125 249.44985961914062 -0.0006534036947414279)
(2025.095703125 254.2454833984375 -0.0006502040196210146)
(2041.199462890625 259.31610107421875 -0.00064687104895710945)
(2056.984619140625 264.81671142578125 -0.00065040279878303409)
(2072.40234375 269.61862182617188 -0.00064117828151211143)
(2087.824462890625 274.69818115234375 -0.00064443174051120877)
(2101.875732421875 278.02529907226562 -0.00066221278393641114)
(2115.203125 278.19989013671875 -0.00063004455296322703)
(911.71759033203125 -58.384353637695312 -0.00070914009120315313)
(994.70001220703125 -18.800426483154297 -0.00070250761928036809)
(1079.6285400390625 29.393110275268555 -0.00069103779969736934)
(1147.9716796875 72.940277099609375 -0.00066690042149275541)
(1207.6549072265625 111.86507415771484 -0.00062680465634912252)
(1270.4078369140625 153.36093139648438 -0.00064593902789056301)
(1326.3662109375 189.61051940917969 -0.00064825901063159108)
(1370.193115234375 219.09159851074219 -0.00062052311841398478)
(1412.5341796875 243.16055297851562 -0.00061505526537075639)
(1457.1077880859375 259.69384765625 -0.0006117545417509973)
(1496.1322021484375 271.08853149414062 -0.00060926156584173441)
(1527.5413818359375 277.05728149414062 -0.00060858088545501232)
(1558.91357421875 278.04595947265625 -0.00061300519155338407)
(1591.6588134765625 275.51043701171875 -0.00061625818489119411)
(1620.611083984375 271.0098876953125 -0.00062342366436496377)
(1645.2147216796875 265.79873657226562 -0.00062817829893901944)
(1669.9517822265625 260.90628051757812 -0.00063562206923961639)
(1697.1751708984375 256.806640625 -0.00063917221268638968)
(1724.7525634765625 252.3955078125 -0.00064538448350504041)
(1747.71240234375 247.83436584472656 -0.00065033743157982826)
(1768.5992431640625 244.40773010253906 -0.00065322057344019413)
(1791.215087890625 242.96501159667969 -0.00065462314523756504)
(1816.1148681640625 243.05522155761719 -0.00065516663016751409)
(1839.070556640625 242.12417602539062 -0.0006583106005564332)
(1857.9287109375 241.45335388183594 -0.00065952818840742111)
(1877.2677001953125 242.66705322265625 -0.00066137028625234962)
(1899.071533203125 245.64012145996094 -0.00066100020194426179)
(1919.4886474609375 247.75407409667969 -0.00066020071972161531)
(1936.6439208984375 250.18524169921875 -0.00066093209898099303)
(1955.0697021484375 253.94528198242188 -0.00066124711884185672)
(1973.8212890625 258.05014038085938 -0.00065902707865461707)
(1990.71923828125 262.31753540039062 -0.00065680115949362516)
(2007.2164306640625 266.8365478515625 -0.00065550458384677768)
(2024.2601318359375 271.5147705078125 -0.00065390364034101367)
(2040.4974365234375 276.45346069335938 -0.00065223663114011288)
(2056.3740234375 281.91384887695312 -0.00065561698284000158)
(2071.806884765625 286.65509033203125 -0.00064798683160915971)
(2087.251708984375 291.62033081054688 -0.00065027782693505287)
(2101.246826171875 294.7784423828125 -0.0006580253248102963)
(2114.4423828125 294.44451904296875 -0.00066139991395175457)
(923.34417724609375 -59.130172729492188 -0.00045048753963783383)
(1009.1073608398438 -14.8148193359375 -0.00045347597915679216)
(1093.7801513671875 37.303813934326172 -0.00044183077989146113)
(1163.571533203125 82.965995788574219 -0.000405981729272753)
(1221.705322265625 125.07395172119141 -0.00039679225301370025)
(1279.9688720703125 169.20779418945312 -0.00039191669202409685)
(1335.236572265625 205.05946350097656 -0.00037829010398127139)
(1380.1688232421875 233.87921142578125 -0.00041281926678493619)
(1419.1905517578125 257.51016235351562 -0.00041171966586261988)
(1459.67919921875 272.61019897460938 -0.00040949255344457924)
(1497.7923583984375 281.61788940429688 -0.0004080215294379741)
(1528.4276123046875 285.8377685546875 -0.00040667963912710547)
(1558.0325927734375 285.8101806640625 -0.00040981071651913226)
(1589.247802734375 282.80477905273438 -0.00041195837548002601)
(1617.3875732421875 278.25131225585938 -0.00041533485637046397)
(1641.7205810546875 273.47262573242188 -0.00041952534229494631)
(1666.5389404296875 269.4281005859375 -0.00042458588723093271)
(1693.9588623046875 266.35910034179688 -0.00042681035120040178)
(1721.03857421875 262.80624389648438 -0.00042982865124940872)
(1743.7115478515625 259.19961547851562 -0.00042970894719474018)
(1765.0325927734375 256.84036254882812 -0.00043258076766505837)
(1788.4522705078125 256.4677734375 -0.00043453078251332045)
(1813.781982421875 257.13421630859375 -0.00043490200187079608)
(1836.0357666015625 256.55859375 -0.00043481212924234569)
(1855.0098876953125 256.55084228515625 -0.00043684942647814751)
(1875.145751953125 258.45382690429688 -0.00043546725646592677)
(1897.5498046875 261.59280395507812 -0.00043733324855566025)
(1917.58203125 263.69534301757812 -0.00043639441719278693)
(1934.775146484375 266.48336791992188 -0.00043668542639352381)
(1953.6328125 270.38082885742188 -0.00043848637142218649)
(1972.642822265625 274.3724365234375 -0.00043648036080412567)
(1989.532958984375 278.60733032226562 -0.00043698950321413577)
(2006.103515625 283.16268920898438 -0.00042202678741887212)
(2023.3291015625 287.71893310546875 -0.0004205874283798039)
(2039.6756591796875 292.50091552734375 -0.0004209703765809536)
(2055.577880859375 297.91217041015625 -0.00042155207484029233)
(2071.045654296875 302.56344604492188 -0.00041861613863147795)
(2086.50830078125 307.37246704101562 -0.00041992677142843604)
(2100.428466796875 310.30328369140625 -0.00042539293644949794)
(2113.5185546875 309.301025390625 -0.00047653820365667343)
(935.5374755859375 -59.310855865478516 -0.00023000269720796496)
(1024.390380859375 -10.228217124938965 -0.00024066277546808124)
(1107.8414306640625 46.575729370117188 -0.00022767012706026435)
(1177.6956787109375 93.889793395996094 -0.00023972662165760994)
(1236.21435546875 137.815185546875 -0.00023044337285682559)
(1290.78955078125 184.5535888671875 -0.00022539682686328888)
(1342.4796142578125 220.62052917480469 -0.00020932966435793787)
(1388.005126953125 247.39830017089844 -0.00020010603475384414)
(1425.4498291015625 269.73486328125 -0.00019640226673800498)
(1462.42578125 283.5189208984375 -0.00019554620666895062)
(1498.4287109375 290.24557495117188 -0.00019609388255048543)
(1528.248291015625 292.6744384765625 -0.00019534246530383825)
(1556.802734375 291.91998291015625 -0.0001965371920960024)
(1586.9031982421875 288.82196044921875 -0.00019746916950680315)
(1614.2939453125 284.59707641601562 -0.00020131266501266509)
(1638.3907470703125 280.53472900390625 -0.00020245823543518782)
(1663.3843994140625 277.48678588867188 -0.00020347905228845775)
(1690.994140625 275.36935424804688 -0.00020547451276797801)
(1717.6973876953125 272.6668701171875 -0.00020651574595831335)
(1740.2625732421875 270.06390380859375 -0.00020787709217984229)
(1761.967529296875 268.74624633789062 -0.00021014304365962744)
(1785.969482421875 269.3194580078125 -0.00020981620764359832)
(1811.481201171875 270.32601928710938 -0.00020996085368096828)
(1833.35107421875 270.14862060546875 -0.00021166729857213795)
(1852.5218505859375 270.80535888671875 -0.00021348573500290513)
(1873.1654052734375 273.34552001953125 -0.00021406983432825655)
(1895.8944091796875 276.5574951171875 -0.00021259937784634531)
(1915.6590576171875 278.62933349609375 -0.00021557607396971434)
(1933.1591796875 281.76153564453125 -0.00022834869741927832)
(1952.1961669921875 285.84796142578125 -0.00022866655490361154)
(1971.234375 289.712890625 -0.00022961861395742744)
(1988.4765625 293.85235595703125 -0.00022825691848993301)
(2005.0350341796875 298.44802856445312 -0.00022796059784013778)
(2022.1153564453125 302.92315673828125 -0.00022667091980110854)
(2038.75341796875 307.52139282226562 -0.00022654717031400651)
(2054.83642578125 312.83905029296875 -0.00022855908900965005)
(2070.136962890625 317.39697265625 -0.00022521906066685915)
(2085.603759765625 322.048828125 -0.00022745273599866778)
(2099.5947265625 324.6650390625 -0.0002392135065747425)
(2112.52001953125 322.72543334960938 -0.00029205286409705877)
(948.1988525390625 -58.685317993164062 -0.00025414014817215502)
(1040.1959228515625 -5.0837984085083008 -0.00027609200333245099)
(1122.17919921875 56.668674468994141 -0.00026172984507866204)
(1190.64990234375 105.80937194824219 -0.00024909261264838278)
(1249.75048828125 150.43617248535156 -0.00024138340086210519)
(1302.10986328125 198.97427368164062 -0.00023602433793712407)
(1349.8017578125 235.49862670898438 -0.00021715620823670179)
(1393.5765380859375 259.99465942382812 -0.00020714696438517421)
(1430.6591796875 280.04067993164062 -0.0002043833228526637)
(1465.0194091796875 292.22439575195312 -0.00020289605890866369)
(1498.5106201171875 297.07217407226562 -0.00020358349138405174)
(1527.38623046875 298.049560546875 -0.00020187007612548769)
(1555.353759765625 296.82980346679688 -0.0002027794107561931)
(1584.62451171875 293.91238403320312 -0.00020457911887206137)
(1611.318603515625 290.2939453125 -0.00020727429364342242)
(1635.26904296875 287.18838500976562 -0.00020913811749778688)
(1660.551513671875 285.2064208984375 -0.00020981281704735011)
(1688.3709716796875 283.94412231445312 -0.00021180498879402876)
(1714.7176513671875 282.05435180664062 -0.00021356726938392967)
(1737.2056884765625 280.40780639648438 -0.00021406853920780122)
(1759.2630615234375 280.06002807617188 -0.00021483060845639557)
(1783.77294921875 281.48751831054688 -0.00021620618645101786)
(1809.333251953125 282.74383544921875 -0.00021524977637454867)
(1830.8538818359375 282.898193359375 -0.00021852484496776015)
(1850.249755859375 284.16778564453125 -0.00021174681023694575)
(1871.41650390625 287.36376953125 -0.00020548244356177747)
(1894.326904296875 290.55047607421875 -0.000212934406590648)
(1913.598876953125 292.66195678710938 -0.00023240661539603025)
(1931.6375732421875 296.08041381835938 -0.00023634340323042125)
(1951.01123046875 300.28237915039062 -0.00023545001749880612)
(1969.72021484375 304.14239501953125 -0.00023614274687133729)
(1987.164306640625 308.12576293945312 -0.00023576723469886929)
(2004.1220703125 312.66384887695312 -0.00023536753724329174)
(2020.992431640625 317.16265869140625 -0.00023514313215855509)
(2037.5777587890625 321.597900390625 -0.00023490286548621953)
(2053.97998046875 326.72930908203125 -0.00023616349790245295)
(2069.296630859375 331.20855712890625 -0.00023263592447619885)
(2084.64599609375 335.72332763671875 -0.00023546269221697003)
(2098.59521484375 337.88796997070312 -0.00024682199000380933)
(2111.363525390625 334.62002563476562 -0.00025942400679923594)
(961.36846923828125 -57.119617462158203 -0.00032224704045802355)
(1056.1270751953125 0.7465202808380127 -0.00026794857694767416)
(1136.7811279296875 67.226394653320312 -0.00024148858210537583)
(1202.83349609375 118.46994018554688 -0.00023965680156834424)
(1261.9932861328125 163.113037109375 -0.00023475188936572522)
(1313.154052734375 212.50479125976562 -0.00023373329895548522)
(1357.14306640625 249.04142761230469 -0.00022391986567527056)
(1397.9273681640625 271.62542724609375 -0.00021369823662098497)
(1434.346435546875 288.61880493164062 -0.00021139951422810555)
(1467.0693359375 298.83639526367188 -0.00020863964164163917)
(1498.2557373046875 302.29705810546875 -0.00020972687343601137)
(1526.064697265625 302.36013793945312 -0.00020910405146423727)
(1553.69287109375 300.89691162109375 -0.00021168521197978407)
(1582.375244140625 298.29135131835938 -0.00021246398682706058)
(1608.4571533203125 295.55349731445312 -0.00021491364168468863)
(1632.4189453125 293.65252685546875 -0.0002163319441024214)
(1658.17724609375 292.71926879882812 -0.00021787673176731914)
(1686.126953125 292.03280639648438 -0.00021783942065667361)
(1711.9173583984375 290.90032958984375 -0.00021860259585082531)
(1734.3319091796875 290.26837158203125 -0.00021962937898933887)
(1756.9390869140625 290.88192749023438 -0.00020672062237281352)
(1782.1328125 292.96795654296875 -0.00020544941071420908)
(1807.2969970703125 294.292724609375 -0.0002064516011159867)
(1828.29296875 294.81777954101562 -0.0002063637220999226)
(1848.11962890625 296.789794921875 -0.00020718621090054512)
(1870.1278076171875 300.62005615234375 -0.00020900406525470316)
(1892.8104248046875 303.43536376953125 -0.00020932669576723129)
(1911.5224609375 305.86138916015625 -0.00021096413547638804)
(1930.128662109375 309.55978393554688 -0.00021155398280825466)
(1949.88671875 313.67987060546875 -0.00021193096472416073)
(1968.4080810546875 317.59988403320312 -0.00021204637596383691)
(1985.7115478515625 321.54983520507812 -0.00021220352209638804)
(2003.0216064453125 325.91165161132812 -0.00021139567252248526)
(2020.0357666015625 330.39450073242188 -0.00022685366275254637)
(2036.4267578125 334.7796630859375 -0.00024199685140047222)
(2052.95654296875 339.70159912109375 -0.00024291427689604461)
(2068.40869140625 344.03366088867188 -0.00024047437182161957)
(2083.694091796875 348.41375732421875 -0.00024259225756395608)
(2097.527587890625 350.00628662109375 -0.00025449783424846828)
(2110.05126953125 344.843994140625 -0.00025428706430830061)
(975.09075927734375 -54.540939331054688 -0.00015506820636801422)
(1072.032958984375 7.3737401962280273 -9.3321235908661038e-05)
(1151.441162109375 78.030380249023438 -9.5255607448052615e-05)
(1214.515380859375 131.4232177734375 -9.8946351499762386e-05)
(1272.6885986328125 175.87249755859375 -0.00010092442971654236)
(1323.3780517578125 225.26837158203125 -0.00010023186769103631)
(1364.286865234375 261.328369140625 -0.00010132343595614657)
(1401.8497314453125 281.78158569335938 -9.7196527349296957e-05)
(1436.5611572265625 295.59243774414062 -9.6461590146645904e-05)
(1468.322998046875 303.72671508789062 -9.4883638666942716e-05)
(1497.8919677734375 306.19784545898438 -9.3573136837221682e-05)
(1524.5706787109375 305.86325073242188 -9.3156799266580492e-05)
(1551.6759033203125 304.40676879882812 -9.3482922238763422e-05)
(1580.086669921875 302.23812866210938 -9.6380856120958924e-05)
(1606.0902099609375 300.58932495117188 -9.6690135251265019e-05)
(1630.0677490234375 300.00506591796875 -9.6945674158632755e-05)
(1655.928955078125 299.95272827148438 -0.00011182209709659219)
(1683.8258056640625 299.57293701171875 -0.00011420794908190146)
(1709.4444580078125 299.24893188476562 -0.0001141154789365828)
(1731.9156494140625 299.747314453125 -0.0001135059428634122)
(1754.9007568359375 301.25552368164062 -0.00011383468518033624)
(1780.5213623046875 303.57904052734375 -0.00011475299106677994)
(1805.180419921875 304.90628051757812 -0.00011493616329971701)
(1825.8031005859375 306.11428833007812 -0.00011543426808202639)
(1846.3946533203125 308.91741943359375 -0.00011587535118451342)
(1869.015625 312.78323364257812 -0.00013787960051558912)
(1890.6617431640625 315.35073852539062 -0.00014955333608668298)
(1909.83935546875 318.28369140625 -0.00016444677021354437)
(1928.7567138671875 322.17050170898438 -0.00018267195264343172)
(1948.4813232421875 326.16983032226562 -0.00018520686717238277)
(1967.1832275390625 330.07473754882812 -0.00018581106269266456)
(1984.3929443359375 334.06744384765625 -0.0001855638693086803)
(2001.6536865234375 338.32583618164062 -0.00018565515347290784)
(2018.950927734375 342.67962646484375 -0.00018459388229530305)
(2035.357177734375 347.02972412109375 -0.00018417094543110579)
(2051.814208984375 351.80380249023438 -0.00018601544434204698)
(2067.35546875 355.95303344726562 -0.00018405359878670424)
(2082.697998046875 360.15115356445312 -0.00018552331312093884)
(2096.370849609375 361.0015869140625 -0.0002025741123361513)
(2108.506103515625 353.1640625 -0.00022731776698492467)
(989.3697509765625 -50.932723999023438 3.284451668150723e-05)
(1087.51953125 15.013218879699707 2.5065934096346609e-05)
(1166.1239013671875 88.949348449707031 2.2351076040649787e-05)
(1226.016845703125 144.11470031738281 2.8269290851312689e-05)
(1281.78759765625 188.66679382324219 2.9289709345903248e-05)
(1332.7469482421875 237.30534362792969 3.048183316423092e-05)
(1370.9287109375 272.11514282226562 3.5117409424856305e-05)
(1404.6395263671875 290.31057739257812 1.7712041881168261e-05)
(1438.0770263671875 301.1824951171875 3.0882732971804217e-05)
(1469.099609375 307.16387939453125 3.3491698559373617e-05)
(1496.9761962890625 308.95639038085938 3.0255818273872137e-05)
(1522.7142333984375 308.80599975585938 3.2534357160329819e-05)
(1549.7969970703125 307.67532348632812 1.627708479645662e-05)
(1578.0579833984375 305.92544555664062 1.5473209714400582e-05)
(1603.8023681640625 305.37442016601562 1.5682508092140779e-05)
(1627.826416015625 306.16668701171875 1.6865107681951486e-05)
(1653.8936767578125 306.89437866210938 1.6582520402153023e-05)
(1681.7735595703125 306.64016723632812 1.1761495443352032e-05)
(1707.1451416015625 307.09616088867188 -1.2518497896962799e-05)
(1729.6605224609375 308.84628295898438 -1.8703754903981462e-05)
(1753.1163330078125 311.16485595703125 -3.7618323403876275e-05)
(1779.0767822265625 313.14260864257812 -5.2093924750806764e-05)
(1802.6776123046875 314.77700805664062 -5.4091753554530442e-05)
(1823.69091796875 317.05905151367188 -5.5007785704219714e-05)
(1845.181640625 320.25460815429688 -5.4356431064661592e-05)
(1867.3243408203125 323.74893188476562 -5.7557550462661311e-05)
(1888.7840576171875 326.69720458984375 -8.3936050941701978e-05)
(1908.3377685546875 329.87387084960938 -9.0360925241839141e-05)
(1927.37109375 333.80282592773438 -0.00010789909720188007)
(1946.93017578125 337.84698486328125 -0.00012425544264260679)
(1965.7103271484375 341.68496704101562 -0.00012509868247434497)
(1983.1436767578125 345.64895629882812 -0.00012461512233130634)
(2000.357421875 349.927490234375 -0.0001251717476407066)
(2017.625732421875 354.14529418945312 -0.00012515779235400259)
(2034.216552734375 358.38735961914062 -0.00012418243568390608)
(2050.709228515625 363.04098510742188 -0.00012509179941844195)
(2066.160400390625 367.0506591796875 -0.00012408073234837502)
(2081.5947265625 371.00225830078125 -0.00012560714094433933)
(2095.168212890625 370.83798217773438 -0.00014613027451559901)
(2106.693115234375 359.2508544921875 -0.00016272239736281335)
(1004.383056640625 -46.447418212890625 -6.7979481173097156e-06)
(1102.58447265625 23.687005996704102 -2.9230586733319797e-05)
(1179.95751953125 100.03204345703125 -7.5898315117228776e-05)
(1237.32373046875 156.44595336914062 -6.7603854404296726e-05)
(1290.701171875 201.19020080566406 -8.166510087903589e-05)
(1340.4759521484375 248.44305419921875 -8.4993676864542067e-05)
(1376.757080078125 281.20208740234375 -0.0001082002927432768)
(1407.080322265625 297.3658447265625 -8.8596061686985195e-05)
(1438.4542236328125 305.58535766601562 -8.795629400992766e-05)
(1469.216552734375 309.32684326171875 -0.00010287826444255188)
(1496.107177734375 310.93038940429688 -8.8193424744531512e-05)
(1520.975341796875 311.44363403320312 -8.6199936049524695e-05)
(1547.4752197265625 310.83966064453125 -8.6257830844260752e-05)
(1575.983642578125 309.4381103515625 -8.7768436060287058e-05)
(1602.169677734375 309.97714233398438 -8.7339183664880693e-05)
(1626.0606689453125 312.06689453125 -8.8011249317787588e-05)
(1651.520751953125 313.49307250976562 -8.9021981693804264e-05)
(1679.4576416015625 313.38958740234375 -8.9596607722342014e-05)
(1705.51318359375 314.520751953125 -9.2169393610674888e-05)
(1728.0626220703125 317.443115234375 -9.3457427283283323e-05)
(1750.9705810546875 320.3719482421875 -9.4245297077577561e-05)
(1776.779052734375 321.96148681640625 -9.7593190730549395e-05)
(1801.187744140625 324.16607666015625 -9.9333155958447605e-05)
(1821.93798828125 327.431884765625 -9.9599899840541184e-05)
(1843.219970703125 330.59490966796875 -0.0001057316767401062)
(1865.75048828125 333.96502685546875 -0.00013344762555789202)
(1887.137451171875 337.33963012695312 -0.00013620802201330662)
(1906.5623779296875 340.6383056640625 -0.00013694234075956047)
(1925.9136962890625 344.58709716796875 -0.00013701204443350434)
(1945.59033203125 348.7032470703125 -0.00013718423724640161)
(1964.148681640625 352.51022338867188 -0.00013750884681940079)
(1981.6312255859375 356.40740966796875 -0.00013610863243229687)
(1999.1236572265625 360.70669555664062 -0.00013700475392397493)
(2016.36572265625 364.82675170898438 -0.00013625672727357596)
(2032.867431640625 368.92657470703125 -0.00013471730926539749)
(2049.460205078125 373.44940185546875 -0.0001380397443426773)
(2064.9970703125 377.36441040039062 -0.00013434411084745079)
(2080.364013671875 381.02188110351562 -0.00013930303975939751)
(2093.795166015625 379.433837890625 -0.00015318284567911178)
(2104.469482421875 362.6856689453125 -0.00016583417891524732)
(1019.6284790039062 -41.128997802734375 -0.0001759507431415841)
(1117.48583984375 33.285076141357422 -0.00022134027676656842)
(1193.2484130859375 111.20378875732422 -0.00025878293672576547)
(1247.8580322265625 168.194580078125 -0.00024759719963185489)
(1298.4908447265625 213.07611083984375 -0.00026292091934010386)
(1347.3192138671875 258.89321899414062 -0.00029930495657026768)
(1381.910400390625 288.82598876953125 -0.00028892935370095074)
(1409.341552734375 302.69125366210938 -0.00027946583577431738)
(1438.0611572265625 308.8480224609375 -0.0002761093492154032)
(1468.21826171875 310.69314575195312 -0.00027689363923855126)
(1495.240478515625 312.39080810546875 -0.00027494248934090137)
(1519.6287841796875 313.7105712890625 -0.00027447167667560279)
(1545.2301025390625 313.91275024414062 -0.00027599377790465951)
(1573.4796142578125 313.09323120117188 -0.00027707600384019315)
(1600.7513427734375 314.38125610351562 -0.00027867706376127899)
(1624.84765625 317.46383666992188 -0.00027778313960880041)
(1649.422607421875 319.66281127929688 -0.0002792805025819689)
(1676.6678466796875 320.10116577148438 -0.0002833167091012001)
(1703.8753662109375 321.55606079101562 -0.00028683198615908623)
(1727.0291748046875 325.26724243164062 -0.00028738146647810936)
(1749.21240234375 328.72091674804688 -0.00028757090331055224)
(1773.949951171875 330.58502197265625 -0.00029151569469831884)
(1799.637939453125 333.0235595703125 -0.00029341902700252831)
(1821.00830078125 336.81430053710938 -0.00029407601687125862)
(1841.140380859375 340.16030883789062 -0.00029536883812397718)
(1863.6690673828125 343.60031127929688 -0.00029670432559214532)
(1885.7088623046875 347.21014404296875 -0.00029850512510165572)
(1904.90234375 350.66665649414062 -0.00029880827059969306)
(1924.254150390625 354.66265869140625 -0.00029899910441599786)
(1944.1453857421875 358.72442626953125 -0.00030011351918801665)
(1962.6275634765625 362.56484985351562 -0.00030066122417338192)
(1980.1279296875 366.46273803710938 -0.00029917978099547327)
(1997.7293701171875 370.699462890625 -0.00029876825283281505)
(2014.9630126953125 374.686279296875 -0.00029939922387711704)
(2031.4593505859375 378.7301025390625 -0.00029811589047312737)
(2048.14697265625 383.12127685546875 -0.00030094431713223457)
(2063.69775390625 386.89553833007812 -0.00029675307450816035)
(2079.04052734375 390.24563598632812 -0.00030547066126018763)
(2092.22998046875 386.73635864257812 -0.0003044239419978112)
(2101.318359375 363.22952270507812 -0.0002718159812502563)
(1034.98583984375 -34.925586700439453 -0.00036355527117848396)
(1132.0567626953125 43.661190032958984 -0.00040114988223649561)
(1205.54296875 122.19582366943359 -0.0004307446361053735)
(1257.711181640625 179.25944519042969 -0.00044398321188054979)
(1305.9637451171875 224.43699645996094 -0.0004460889904294163)
(1353.0682373046875 268.50363159179688 -0.00042745648534037173)
(1385.75390625 295.0205078125 -0.00042563091847114265)
(1410.8851318359375 306.34982299804688 -0.00041276583215221763)
(1437.5711669921875 310.8843994140625 -0.0004110923910047859)
(1466.60205078125 311.79306030273438 -0.0004109936417080462)
(1494.136962890625 313.6175537109375 -0.00040881257154978812)
(1518.428466796875 315.66928100585938 -0.0004086164990440011)
(1543.373779296875 316.76870727539062 -0.00040754058863967657)
(1570.896484375 316.97268676757812 -0.00041210564086213708)
(1599.025634765625 318.67294311523438 -0.00041231070645153522)
(1623.76220703125 322.39129638671875 -0.00041093322215601802)
(1647.8314208984375 325.30911254882812 -0.0004115602932870388)
(1674.1146240234375 326.65948486328125 -0.00041687590419314802)
(1701.705810546875 328.35537719726562 -0.00041882361983880401)
(1725.7947998046875 332.40350341796875 -0.00041776054422371089)
(1747.79296875 336.26962280273438 -0.00042084319284185767)
(1771.8270263671875 338.84124755859375 -0.00042265307274647057)
(1797.4190673828125 341.452880859375 -0.0004248622281011194)
(1819.41064453125 345.22482299804688 -0.00042591866804286838)
(1839.6033935546875 349.07208251953125 -0.00042730610584840178)
(1862.0294189453125 352.7431640625 -0.00043022062163800001)
(1883.9093017578125 356.31869506835938 -0.00043130037374794483)
(1903.2327880859375 359.95477294921875 -0.0004320300358813256)
(1922.7406005859375 364.06689453125 -0.00043294150964356959)
(1942.6051025390625 367.99014282226562 -0.00043324055150151253)
(1961.0447998046875 371.89224243164062 -0.00043292972259223461)
(1978.6160888671875 375.7919921875 -0.0004343972250353545)
(1996.299560546875 379.9599609375 -0.00043321403791196644)
(2013.49853515625 383.80490112304688 -0.00043381331488490105)
(2029.998046875 387.83908081054688 -0.00043248131987638772)
(2046.7491455078125 392.07568359375 -0.00043554374133236706)
(2062.3271484375 395.70468139648438 -0.00043180782813578844)
(2077.57421875 398.6927490234375 -0.00044112265459261835)
(2090.416748046875 392.66375732421875 -0.000424669444328174)
(2097.9033203125 360.66940307617188 -0.0003691110759973526)
(1050.330322265625 -27.842304229736328 -0.00046322282287292182)
(1146.1927490234375 54.709133148193359 -0.00045661447802558541)
(1216.9921875 132.86114501953125 -0.00044466237886808813)
(1266.7730712890625 189.54096984863281 -0.00041957182111218572)
(1312.5653076171875 235.05986022949219 -0.00042061583371832967)
(1357.93359375 277.21295166015625 -0.00040463171899318695)
(1388.7537841796875 299.9193115234375 -0.00040874199476093054)
(1411.8135986328125 308.63290405273438 -0.00039741900400258601)
(1436.7996826171875 311.83599853515625 -0.00039663311326876283)
(1464.694580078125 312.76519775390625 -0.00039669772377237678)
(1492.7113037109375 314.75762939453125 -0.00039477937389165163)
(1517.18212890625 317.440673828125 -0.00039139168802648783)
(1541.7630615234375 319.40667724609375 -0.00039143869071267545)
(1568.7388916015625 320.78054809570312 -0.00039370587910525501)
(1597.0982666015625 322.951171875 -0.00039617149741388857)
(1622.5714111328125 326.9769287109375 -0.0003949806559830904)
(1646.4384765625 330.42630004882812 -0.00039529413334093988)
(1672.08349609375 332.71881103515625 -0.00039718073094263673)
(1699.457763671875 334.9874267578125 -0.00039917466347105801)
(1724.4071044921875 339.06304931640625 -0.00040091917617246509)
(1746.4014892578125 343.15716552734375 -0.00040167526458390057)
(1769.959716796875 346.400390625 -0.00040436341078020632)
(1795.3626708984375 349.4666748046875 -0.0004065393004566431)
(1817.7471923828125 353.10476684570312 -0.00040616010664962232)
(1837.92333984375 357.35964965820312 -0.00040763965807855129)
(1860.2841796875 361.15841674804688 -0.00040960853220894933)
(1882.1856689453125 364.79031372070312 -0.0004110171867068857)
(1901.4281005859375 368.57675170898438 -0.00041143345879390836)
(1921.0008544921875 372.77053833007812 -0.00041249694186262786)
(1940.8802490234375 376.56732177734375 -0.00041271414374932647)
(1959.33544921875 380.54705810546875 -0.0004145233251620084)
(1976.857177734375 384.41680908203125 -0.00041470595169812441)
(1994.5728759765625 388.51513671875 -0.00041348591912537813)
(2011.7406005859375 392.2274169921875 -0.00040368191548623145)
(2028.3074951171875 396.26473999023438 -0.00040304136928170919)
(2045.0321044921875 400.29818725585938 -0.00041667633922770619)
(2060.561767578125 403.76779174804688 -0.0004232243518345058)
(2075.653076171875 406.33428955078125 -0.00041274583782069385)
(2088.148681640625 396.99722290039062 -0.00040935998549684882)
(2093.950439453125 353.6510009765625 -0.00039150231168605387)
(1065.539794921875 -19.869443893432617 -0.00038189702900126576)
(1159.8260498046875 66.313285827636719 -0.00037372129736468196)
(1227.217529296875 142.92282104492188 -0.00038681548903696239)
(1274.792724609375 198.96627807617188 -0.00038943660911172628)
(1318.6156005859375 245.08976745605469 -0.00039177498547360301)
(1361.88525390625 285.00857543945312 -0.00037854959373362362)
(1390.6513671875 303.49090576171875 -0.00038902903907001019)
(1411.985107421875 309.70162963867188 -0.00037925859214738011)
(1435.66796875 312.04898071289062 -0.00037840291042812169)
(1462.713623046875 313.56326293945312 -0.00037934520514681935)
(1490.9515380859375 315.953857421875 -0.0003772038035094738)
(1515.794921875 319.13262939453125 -0.00037494109710678458)
(1540.1441650390625 321.8525390625 -0.00037300516851246357)
(1566.7080078125 324.29931640625 -0.00037378375418484211)
(1594.9466552734375 327.2191162109375 -0.00037406923365779221)
(1621.0433349609375 331.3099365234375 -0.00037382761365734041)
(1644.86767578125 335.10235595703125 -0.00037392391823232174)
(1670.0980224609375 338.25714111328125 -0.00037598895141854882)
(1697.189208984375 341.34194946289062 -0.00037927404628135264)
(1722.61083984375 345.27182006835938 -0.00037949549732729793)
(1744.7149658203125 349.47409057617188 -0.00037987489486113191)
(1768.08251953125 353.38931274414062 -0.0003804507723543793)
(1793.3516845703125 356.89154052734375 -0.00038244450115598738)
(1815.6610107421875 360.37802124023438 -0.00038574342033825815)
(1836.1553955078125 364.98992919921875 -0.00038611172931268811)
(1858.29541015625 368.93304443359375 -0.00038610730553045869)
(1880.2491455078125 372.50949096679688 -0.0003902109747286886)
(1899.3470458984375 376.45693969726562 -0.00039025692967697978)
(1918.8536376953125 380.73587036132812 -0.00039098053821362555)
(1938.58642578125 384.41180419921875 -0.00038195791421458125)
(1957.0977783203125 388.3592529296875 -0.00038220884744077921)
(1974.2764892578125 392.23092651367188 -0.00038171422784216702)
(1991.94189453125 396.26287841796875 -0.00038262034649960697)
(2008.8839111328125 399.85211181640625 -0.00038240288267843425)
(2025.35205078125 403.81637573242188 -0.00038203436997719109)
(2041.66650390625 407.63348388671875 -0.00038521495298482478)
(2057.03759765625 410.92645263671875 -0.00038255864637903869)
(2071.432373046875 412.92416381835938 -0.00038572793710045516)
(2083.258544921875 399.35287475585938 -0.00039380107773467898)
(2087.98974609375 340.98995971679688 -0.00039663445204496384)
(1080.5098876953125 -11.108622550964355 -0.00032086801365949214)
(1172.63916015625 78.306617736816406 -0.00033533945679664612)
(1236.302490234375 152.14112854003906 -0.00035158655373379588)
(1281.9017333984375 207.57037353515625 -0.00035562040284276009)
(1323.94091796875 254.45172119140625 -0.00036135496338829398)
(1364.62939453125 291.69503784179688 -0.00034900728496722877)
(1391.1810302734375 305.74258422851562 -0.00036581483436748385)
(1411.1715087890625 309.76409912109375 -0.00035980797838419676)
(1434.0357666015625 311.79824829101562 -0.00035892546293325722)
(1460.7122802734375 314.16439819335938 -0.00035690530785359442)
(1488.8951416015625 317.14089965820312 -0.00035460075014270842)
(1513.9114990234375 320.66683959960938 -0.00035264476900920272)
(1538.2491455078125 324.08087158203125 -0.00035198024124838412)
(1564.7529296875 327.53250122070312 -0.00035303900949656963)
(1592.9205322265625 331.29592895507812 -0.00035231103538535535)
(1619.1298828125 335.298583984375 -0.00035013753222301602)
(1642.9425048828125 339.34597778320312 -0.00035079970257356763)
(1668.03369140625 343.3192138671875 -0.00035306595964357257)
(1694.900146484375 347.23129272460938 -0.00035527086583897471)
(1720.2308349609375 350.9117431640625 -0.00035514141200110316)
(1742.2257080078125 355.20401000976562 -0.00035755569115281105)
(1765.3961181640625 359.80975341796875 -0.00035872901207767427)
(1790.377685546875 363.52325439453125 -0.00035922959796153009)
(1812.2440185546875 366.994384765625 -0.00036222292692400515)
(1832.7449951171875 371.72909545898438 -0.00036126773920841515)
(1854.205322265625 375.87506103515625 -0.00036392948823049664)
(1875.7916259765625 379.2498779296875 -0.00037759143742732704)
(1894.570556640625 383.31494140625 -0.00037944826181046665)
(1913.6304931640625 387.53829956054688 -0.00038026514812372625)
(1932.5008544921875 391.133544921875 -0.00038245916948653758)
(1950.74462890625 394.78680419921875 -0.00038381590275093913)
(1967.272705078125 398.67910766601562 -0.00038509565638378263)
(1984.4317626953125 402.42044067382812 -0.00038631519419141114)
(2000.4764404296875 405.85614013671875 -0.00038692052476108074)
(2016.511962890625 409.47702026367188 -0.00038779308670200408)
(2031.6868896484375 413.05215454101562 -0.00039176453719846904)
(2046.36669921875 415.88092041015625 -0.00039021673728711903)
(2058.04345703125 417.09783935546875 -0.00040414452087134123)
(2067.850830078125 398.84722900390625 -0.0004069085989613086)
(2072.17822265625 322.22283935546875 -0.00040915262070484459)
(1094.6986083984375 -1.7073785066604614 -0.00032155646476894617)
(1183.7940673828125 90.50970458984375 -0.00033039046684280038)
(1242.8812255859375 160.22343444824219 -0.00031377235427498817)
(1286.8963623046875 215.26345825195312 -0.00032027027918957174)
(1327.40966796875 263.04617309570312 -0.00032275757985189557)
(1365.38818359375 296.96163940429688 -0.00031475629657506943)
(1389.400390625 306.48358154296875 -0.00033528194762766361)
(1408.2225341796875 308.77435302734375 -0.00033575002453289926)
(1430.4998779296875 310.98764038085938 -0.00033257895847782493)
(1456.907470703125 314.37863159179688 -0.00033214662107639015)
(1485.140625 318.02767944335938 -0.00033145592897199094)
(1510.3590087890625 321.82797241210938 -0.00032656561234034598)
(1534.5465087890625 325.8538818359375 -0.00032513882615603507)
(1560.7310791015625 330.22085571289062 -0.00032557174563407898)
(1588.6458740234375 334.71475219726562 -0.00032548542367294431)
(1614.5955810546875 338.48776245117188 -0.00032558967359364033)
(1637.96630859375 342.72317504882812 -0.00032714387634769082)
(1662.5235595703125 347.47268676757812 -0.00036142545286566019)
(1688.958251953125 351.90985107421875 -0.00037490419344976544)
(1713.17333984375 355.1446533203125 -0.00037588778650388122)
(1734.5457763671875 359.61758422851562 -0.00037826815969310701)
(1757.36474609375 364.64968872070312 -0.00037967920070514083)
(1780.6783447265625 368.08200073242188 -0.00037077223532833159)
(1801.2230224609375 371.51483154296875 -0.00037319597322493792)
(1820.79052734375 376.09616088867188 -0.00037460328894667327)
(1840.80859375 380.21926879882812 -0.00038703126483596861)
(1860.297607421875 383.20101928710938 -0.00040324989822693169)
(1877.6988525390625 387.0860595703125 -0.00040689410525374115)
(1894.973876953125 390.92532348632812 -0.00040873861871659756)
(1911.8232421875 394.29110717773438 -0.00041157423402182758)
(1927.8494873046875 397.33770751953125 -0.00042903327266685665)
(1942.55126953125 400.9432373046875 -0.00044106677523814142)
(1957.297607421875 404.03164672851562 -0.00044531907769851387)
(1971.1046142578125 407.10708618164062 -0.0004472192085813731)
(1984.6768798828125 409.96820068359375 -0.00045056440285407007)
(1997.248046875 413.02627563476562 -0.00045593225513584912)
(2009.10888671875 415.01724243164062 -0.00045769137796014547)
(2015.6556396484375 415.29861450195312 -0.00044797867303714156)
(2022.1285400390625 392.22247314453125 -0.00043945462675765157)
(2027.7698974609375 298.1165771484375 -0.00042927303002215922)
(1106.437744140625 7.6298847198486328 -0.00028596873744390905)
(1191.1148681640625 101.80790710449219 -0.00029486609855666757)
(1244.1712646484375 166.17341613769531 -0.00027507104096002877)
(1286.6181640625 220.98245239257812 -0.0002826110867317766)
(1324.93896484375 269.28463745117188 -0.00028539870982058346)
(1358.0301513671875 299.0196533203125 -0.00027872688951902092)
(1378.900634765625 304.392822265625 -0.00026230682851746678)
(1396.7933349609375 305.61819458007812 -0.0002566056209616363)
(1418.6517333984375 308.38186645507812 -0.00025450700195506215)
(1444.562255859375 312.6915283203125 -0.00024979989393614233)
(1471.3157958984375 316.62359619140625 -0.0002695470757316798)
(1495.1895751953125 320.51437377929688 -0.00029976517544128001)
(1518.622314453125 325.06488037109375 -0.0002983504964504391)
(1543.8148193359375 330.04278564453125 -0.00029788093524985015)
(1569.3387451171875 334.36947631835938 -0.00029826714308001101)
(1592.1033935546875 337.73593139648438 -0.00029936921782791615)
(1614.0489501953125 342.12655639648438 -0.00029958828235976398)
(1637.2073974609375 347.10089111328125 -0.00030041867285035551)
(1659.8682861328125 351.02890014648438 -0.00029478335636667907)
(1680.4141845703125 353.802001953125 -0.00030088546918705106)
(1699.8724365234375 358.14151000976562 -0.00031665049027651548)
(1719.7305908203125 362.67996215820312 -0.00032129860483109951)
(1739.0667724609375 365.4884033203125 -0.00033603893825784326)
(1756.3751220703125 368.52532958984375 -0.00035388008109293878)
(1772.923583984375 372.47561645507812 -0.00035862060030922294)
(1789.511962890625 375.98779296875 -0.0003622864605858922)
(1805.203857421875 378.4088134765625 -0.00036722244112752378)
(1819.3179931640625 381.61578369140625 -0.00037216712371446192)
(1833.130859375 384.7379150390625 -0.00037557666655629873)
(1846.419189453125 387.46975708007812 -0.00038046683766879141)
(1858.7596435546875 389.78912353515625 -0.00038479603244923055)
(1870.1075439453125 392.67263793945312 -0.00038918250356800854)
(1881.251708984375 395.01708984375 -0.00039443484274670482)
(1891.6097412109375 397.42581176757812 -0.00039789651054888964)
(1901.5322265625 399.46676635742188 -0.00040364058804698288)
(1910.3211669921875 401.69766235351562 -0.00040879449807107449)
(1918.4149169921875 402.98281860351562 -0.00041341636097058654)
(1918.4227294921875 402.23138427734375 -0.0004006490926258266)
(1917.121826171875 373.87417602539062 -0.00041005498496815562)
(1927.1578369140625 266.4290771484375 -0.00042014109203591943)
(1103.9354248046875 16.037927627563477 -0.00033166827051900327)
(1181.452392578125 110.0882568359375 -0.00029922914109192789)
(1226.2919921875 167.3677978515625 -0.00028947793180122972)
(1264.9949951171875 221.39810180664062 -0.00029404781525954604)
(1297.993896484375 268.83889770507812 -0.0002891450421884656)
(1321.517822265625 293.526123046875 -0.00030198897002264857)
(1337.031005859375 295.10751342773438 -0.00029286142671480775)
(1352.2142333984375 295.46627807617188 -0.0003011987719219178)
(1370.3995361328125 298.23004150390625 -0.00028336411924101412)
(1391.2406005859375 302.17379760742188 -0.0002812582824844867)
(1411.524658203125 305.25848388671875 -0.00028048118110746145)
(1430.3160400390625 308.6043701171875 -0.00028225150890648365)
(1449.71044921875 312.83843994140625 -0.00028091584681533277)
(1470.2662353515625 317.27334594726562 -0.00028002209728583694)
(1490.0936279296875 320.502197265625 -0.0002803205861710012)
(1507.9732666015625 323.45889282226562 -0.00026953482301905751)
(1525.6788330078125 327.35247802734375 -0.00027034719823859632)
(1544.259521484375 331.43939208984375 -0.00027216496528126299)
(1562.0372314453125 334.5308837890625 -0.00027526527992449701)
(1577.7645263671875 336.9334716796875 -0.00027964849141426384)
(1593.0582275390625 340.46310424804688 -0.00028230974567122757)
(1608.8912353515625 344.14801025390625 -0.00028603259124793112)
(1623.6669921875 346.40570068359375 -0.00029092136537656188)
(1636.600830078125 348.74911499023438 -0.00029582378920167685)
(1649.373291015625 351.86587524414062 -0.00029841737705282867)
(1662.176025390625 354.64944458007812 -0.00030423238058574498)
(1673.7279052734375 356.46331787109375 -0.00030970756779424846)
(1684.1337890625 358.85836791992188 -0.00031345116440206766)
(1694.4464111328125 361.24359130859375 -0.0003179171762894839)
(1704.177978515625 363.27825927734375 -0.0003235914628021419)
(1712.8719482421875 364.89105224609375 -0.00032939514494501054)
(1720.963623046875 366.99734497070312 -0.00033430330222472548)
(1728.79443359375 368.65463256835938 -0.00033881299896165729)
(1735.95068359375 370.35479736328125 -0.00034359021810814738)
(1742.5740966796875 371.68588256835938 -0.00034871196839958429)
(1747.9749755859375 373.10446166992188 -0.00035584723809733987)
(1752.9935302734375 373.92495727539062 -0.00036029418697580695)
(1746.2794189453125 372.24600219726562 -0.00035767190274782479)
(1728.1646728515625 338.59857177734375 -0.000370747409760952)
(1732.427978515625 223.40179443359375 -0.00038958998629823327)
(1039.9268798828125 13.395012855529785 -0.00017323295469395816)
(1106.12060546875 101.71571350097656 -0.00018561996694188565)
(1112.57373046875 150.77052307128906 -0.00019013314158655703)
(1140.591796875 198.35638427734375 -0.00018019523122347891)
(1164.1365966796875 240.094482421875 -0.000189511280041188)
(1158.9273681640625 257.06991577148438 -0.00021187844686210155)
(1143.0145263671875 252.17613220214844 -0.0002140589349437505)
(1138.4237060546875 248.489013671875 -0.00019326100300531834)
(1139.8040771484375 247.93211364746094 -0.00021459526033140719)
(1145.3173828125 248.80735778808594 -0.00021474543609656394)
(1152.114013671875 249.26777648925781 -0.00021855883824173361)
(1158.4176025390625 250.19805908203125 -0.00021954072872176766)
(1166.77734375 252.22511291503906 -0.00020114419749006629)
(1178.1614990234375 254.79957580566406 -0.00020260494784452021)
(1190.4951171875 256.5789794921875 -0.00020424043759703636)
(1200.492919921875 258.14395141601562 -0.00020767126989085227)
(1210.315185546875 260.445068359375 -0.00021139941236469895)
(1222.360595703125 263.16653442382812 -0.00021332522737793624)
(1234.853271484375 265.24395751953125 -0.00021585023205261678)
(1244.642822265625 266.66409301757812 -0.00021975277923047543)
(1253.695068359375 268.87619018554688 -0.00022362705203704536)
(1264.50830078125 271.44403076171875 -0.00022765617177356035)
(1275.0299072265625 272.99111938476562 -0.00023238173162098974)
(1282.716552734375 274.33602905273438 -0.00023728754604235291)
(1290.4066162109375 276.3272705078125 -0.00024055819085333496)
(1298.9688720703125 278.20223999023438 -0.00024499601568095386)
(1306.421142578125 279.28643798828125 -0.00024986601783894002)
(1312.0413818359375 280.63937377929688 -0.00025465225917287171)
(1318.1072998046875 282.09710693359375 -0.0002592671662569046)
(1323.77880859375 283.26986694335938 -0.00026317549054510891)
(1328.30419921875 284.03683471679688 -0.00026891817105934024)
(1331.8671875 285.10568237304688 -0.00027447292814031243)
(1335.6732177734375 285.90325927734375 -0.00027838573441840708)
(1338.537353515625 286.6441650390625 -0.00028224513516761363)
(1341.0474853515625 287.09646606445312 -0.00028781258151866496)
(1341.888671875 287.44796752929688 -0.00029319149325601757)
(1342.855224609375 287.53668212890625 -0.00029785252991132438)
(1339.6678466796875 285.806396484375 -0.00031434110132977366)
(1292.91357421875 253.83518981933594 -0.00032236610422842205)
(1261.085693359375 163.39047241210938 -0.00030448829056695104)
)
;

boundaryField
{
    inlet
    {
        type            zeroGradient;
    }
    outlet
    {
        type            inletOutlet;
        inletValue      uniform ( 0 0 0 );
        value           nonuniform List<vector> 
28
(
(2181.57 32.9869 4.32596e-12)
(2133.26 61.6515 5.83896e-12)
(2129.87 94.2795 -7.98398e-12)
(2123.59 123.394 -1.16355e-11)
(2121.9 151.363 -8.21256e-12)
(2120.23 176.9 -2.51989e-12)
(2119.41 200.874 -2.80024e-12)
(2118.59 223.098 -6.53637e-12)
(2117.74 243.784 -8.11912e-12)
(2116.23 262.878 -8.20708e-12)
(2113.47 280.389 -5.6011e-12)
(2108.37 296.229 -3.54963e-12)
(2100.45 310.394 -1.75857e-12)
(2090.07 322.731 -1.36958e-12)
(2077.98 333.167 -1.59512e-12)
(2064.54 341.649 -2.31263e-12)
(2049.86 348.009 -3.22679e-12)
(2033.57 351.941 -3.04145e-12)
(2015.21 353.126 -1.90342e-12)
(1994.01 350.988 -1.05726e-12)
(1968.13 344.677 -9.86192e-13)
(1932.57 333.41 -8.51717e-13)
(1877.51 316.431 -6.52897e-13)
(1792.23 292.517 -7.57422e-13)
(1673.8 260.849 -1.24857e-12)
(1525.8 222.531 -1.69494e-12)
(1337.6 180.508 -2.01344e-12)
(973.652 133.12 -1.72851e-12)
)
;
    }
    fluid_to_graphite
    {
        type            noSlip;
    }
    wedgeBack
    {
        type            wedge;
    }
    wedgeFront
    {
        type            wedge;
    }
    defaultFaces
    {
        type            empty;
    }
}


                                                                               
