                                                                               
                             
                                                                   
                                                            
                                          
                             
                                                                               
FoamFile
{
    format      ascii;
    class       volVectorField;
    location    "1.0050000000000052/fluid";
    object      U;
}
                                                                               

dimensions      [0 1 -1 0 0 0 0];

internalField   nonuniform List<vector> 
4592
(
(15.865221093700148 -0.0039656365075961212 0)
(15.891424765956787 -0.0020712137746994297 8.2083148672659795e-11)
(15.889104467639994 -0.0052829873164787749 1.9924590288172644e-10)
(15.915053637434603 -0.0049550889717012367 2.0448955324422125e-10)
(15.92109516862134 -0.0074778992194323131 2.149791970971836e-10)
(15.946873765126458 -0.0083272728356590994 2.6229062599674439e-10)
(15.962489034814858 -0.010894018410800076 1.9670496298871064e-10)
(15.991827402316803 -0.013013492347042107 1.5255916564579023e-10)
(16.018606370546532 -0.016413801261574643 1.6284767497080261e-10)
(16.056232181635657 -0.02012570529513983 1.6158934492361572e-10)
(16.096662656428034 -0.024964935036835369 1.5472609349157395e-10)
(16.147098020859563 -0.030354802491842785 2.053371207819191e-10)
(16.203665208141327 -0.036023220105070121 1.9488266290783e-10)
(16.269261861106919 -0.041364577532755298 2.5988353221248908e-10)
(16.341740805060379 -0.047119571817889137 2.458171362165691e-10)
(16.423038162584135 -0.053388653009788213 2.3088620679994738e-10)
(16.512434233263043 -0.060247831281736566 2.2269787642861181e-10)
(16.61074909586188 -0.067761743440364883 2.0932545540161168e-10)
(16.717734949329905 -0.076039073534824766 2.1656577238904323e-10)
(16.833789066178252 -0.085078430591176632 1.8885071543217029e-10)
(16.958778345712922 -0.094919491050201116 1.964915622556612e-10)
(17.092792516084504 -0.10555413282506966 1.5495494404515279e-10)
(17.235713060509585 -0.11700764128328274 1.5700373480853803e-10)
(17.387405039800228 -0.12928526096322282 1.9450329422378183e-10)
(17.547776110030412 -0.14241647739008348 1.9792944337261421e-10)
(17.716480968846184 -0.1564192553177087 2.512640048548091e-10)
(17.893541904328075 -0.17132954249668594 2.6712506285741116e-10)
(18.078314276189992 -0.18717084699093381 2.914363664955526e-10)
(18.271142401448305 -0.20400335571208028 2.8125464704717389e-10)
(18.470817899739654 -0.22181925404543645 3.2238896937212351e-10)
(18.678454127014199 -0.24077387185064508 3.1440266190910704e-10)
(18.89165826630418 -0.26064507587369862 3.4575428369157143e-10)
(15.890994071453362 -0.016403952543244386 -5.8478334378418134e-21)
(15.920975997092038 -0.017800951617855384 -5.4033541277432051e-13)
(15.921969193195414 -0.029351602005969722 -4.0042245634359955e-12)
(15.952748587771717 -0.033095178968816523 1.9789187604872155e-11)
(15.963824082687914 -0.043731273152105114 2.0988047365293615e-11)
(15.995815517542384 -0.050863958791542936 2.4025570118641024e-11)
(16.01825486881383 -0.062673028461116428 5.175455736007118e-11)
(16.055615851006092 -0.073866292775188067 4.7849478656776971e-11)
(16.091272246324422 -0.088616486829263347 -1.3945041271906964e-11)
(16.138915104118887 -0.10441629778742061 -1.3476246901272564e-11)
(16.190222411653892 -0.12323002620167067 -1.3116210786247451e-11)
(16.25251017175837 -0.14374021759106709 -1.2958147541666931e-11)
(16.321765976010894 -0.16635392053205467 -1.2842124578726355e-11)
(16.401592389696937 -0.19017664316167585 -1.229177180964228e-11)
(16.490254907506284 -0.21605936364501263 -9.3193864546288586e-12)
(16.589610386358281 -0.24390258189090708 1.2899751227996714e-11)
(16.698891656154835 -0.2737460479458948 3.3012096290352285e-11)
(16.818954083700334 -0.3054369946427446 3.3178668253412767e-11)
(16.949405561871359 -0.33903553229800748 3.317768993143297e-11)
(17.090526872539844 -0.37439987676950981 3.2474709914099203e-11)
(17.2420076087102 -0.41150150373240413 2.5732424487439872e-11)
(17.403767048459827 -0.45020430014919971 3.2600847988117131e-11)
(17.575486237835946 -0.49046080414886511 3.2477769529892726e-11)
(17.756834811012752 -0.53215257560732687 3.4378542945185876e-11)
(17.947496571215495 -0.57523201804300528 3.3240251505236861e-11)
(18.146911387527297 -0.61958965796064092 5.2460847868841529e-11)
(18.354857385169854 -0.66519171436542546 5.2546805554564371e-11)
(18.570456990224969 -0.71191204497999472 5.6012646768663625e-11)
(18.793804773936202 -0.7597770113687653 4.5464160411694054e-11)
(19.023418239952679 -0.8085639131376593 4.4908778184950459e-11)
(19.260223479038263 -0.85850398886436841 4.385925238369634e-11)
(19.501387394679519 -0.90906943462382439 3.4104866743679206e-11)
(15.880961784053392 -0.027061303644056588 9.1356783127253569e-21)
(15.910859609909139 -0.027868237902716399 -1.6001764526013118e-11)
(15.909231005717009 -0.046528184850044112 -1.9882925398476452e-11)
(15.938229629580002 -0.051392594441951697 -4.6091337925270251e-11)
(15.944877257153948 -0.068268815889535692 -3.4767189123686966e-11)
(15.973052758750153 -0.079001896635163188 -4.4336209427978132e-11)
(15.989655866713788 -0.097815034193006162 -4.0167753608178164e-11)
(16.021411112582395 -0.11550249423384537 -3.9288718461884158e-11)
(16.050083742325807 -0.13919999307994319 -3.8262739125263731e-11)
(16.090685789983528 -0.16454511736241478 -3.1697488985078239e-11)
(16.134013988057806 -0.19484442727010856 -2.6463025956572698e-11)
(16.188093543340575 -0.22789135259979798 -2.4952986429758101e-11)
(16.248475190708358 -0.26468194319720256 -2.5567628461513305e-11)
(16.319127004193206 -0.30416906546958616 -2.5264266468672747e-11)
(16.398201985192006 -0.34743901415302803 -2.5233880129133069e-11)
(16.487777874740466 -0.3940420013636925 -2.7274670604617466e-11)
(16.587060161865729 -0.44419310800111583 -2.5374679119721076e-11)
(16.697058820703415 -0.49760543502366267 -1.6885536219289258e-11)
(16.817398788782327 -0.55431788296807349 -9.7886277732052002e-12)
(16.948449506920117 -0.6140310636580294 -6.7823162612952086e-12)
(17.089921416582822 -0.67666193923576401 5.9955482843405098e-12)
(17.241791824832063 -0.74193479556813791 -7.1613028674857809e-12)
(17.40376231398217 -0.8097367304741363 -7.1451515606194539e-12)
(17.57553875397975 -0.87982123053695416 -6.6879332434704624e-12)
(17.756824205940415 -0.95205978936138846 -3.3332128160713799e-12)
(17.947068333014698 -1.026226960557278 -3.4236929582679877e-12)
(18.146083320068019 -1.1021873509868263 -3.8668582361500402e-12)
(18.352943396804648 -1.1797224103773254 -1.0313913968722164e-11)
(18.567855470490414 -1.258723254312095 -1.0149846996566872e-11)
(18.789121322466894 -1.3389190417680092 -9.8800468751682144e-12)
(19.018056324815568 -1.4203531774974822 -9.7433609828068054e-12)
(19.251104238972722 -1.5025236807336504 -9.3202899522746393e-12)
(15.891885952791126 -0.038485766643465265 -2.2117436767883199e-20)
(15.923388715795584 -0.036858939418806164 -4.2084946784295347e-12)
(15.919139989407618 -0.061978019665140001 -1.6405229317849392e-11)
(15.94739073012548 -0.066248358986903608 -2.6970814087386542e-11)
(15.949455216515636 -0.088148656873167877 -1.8449748864867716e-11)
(15.974289052060325 -0.10082912554462424 -1.9077503684483759e-11)
(15.984807839013168 -0.12508920729580467 -8.2936316246022019e-12)
(16.011039156441868 -0.14750623239619362 -2.0091589391325242e-11)
(16.032408943550688 -0.17830694666109689 -1.8845622492466247e-11)
(16.065808698711702 -0.21119520947797421 -2.0962824262077559e-11)
(16.100788687291839 -0.2508509800823393 -3.3886534898117846e-11)
(16.146398486106975 -0.29415103782808882 -3.3558822140714987e-11)
(16.197579867616305 -0.34260127552402353 -4.7711939765066564e-11)
(16.25884241689236 -0.39483239529682562 -4.5947216997790461e-11)
(16.327960298505552 -0.45227580642800641 -4.4634303778028172e-11)
(16.407278105810395 -0.5143218793036598 -4.3373110983822978e-11)
(16.49593742345348 -0.58127075179560439 -3.6628700959915119e-11)
(16.595073536464344 -0.65267480935957334 -1.8657365351786651e-11)
(16.704272542901791 -0.72857473455490329 -1.8379103691536038e-11)
(16.823975645424117 -0.80852825703765896 -1.7259344881577282e-11)
(16.95388638606213 -0.89244162497254242 -5.4364252780109744e-12)
(17.094039477127197 -0.9799153883691073 5.1384995444352532e-12)
(17.244144526077232 -1.0708117262298342 2.6616355338133342e-12)
(17.403959873295562 -1.1647719763311444 7.8753428140826831e-12)
(17.573197074409457 -1.2616186989777678 7.8446264105371749e-12)
(17.751356443353178 -1.3610433948176706 4.4137111813877456e-12)
(17.938258808139214 -1.4628101958976061 2.1785793914163442e-12)
(18.133015669828122 -1.5666945623193811 1.273486066828105e-12)
(18.335870173702659 -1.6723664180716693 2.7467151533129535e-12)
(18.545090593230785 -1.7797355395698218 8.2365468846530458e-12)
(18.762165939051801 -1.8883451279042083 8.3432198444181266e-12)
(18.98323384132064 -1.9983399430293167 7.2406994273924241e-12)
(15.890850178084492 -0.050195952051493173 -5.6240483789918104e-12)
(15.923157523694423 -0.042582113222867507 -3.4163399773058301e-12)
(15.913855535495054 -0.073169786270659759 -4.5739494859982997e-13)
(15.93924776413987 -0.074008225683909246 -9.5251154004479081e-12)
(15.932907118219873 -0.099249872495147065 -5.5156213229166114e-12)
(15.950807364426966 -0.11147160571073315 -5.5158238749291335e-13)
(15.95038427579509 -0.13920917973125507 -7.4472519226575716e-12)
(15.966208405385169 -0.16414168225391251 2.4362985207952483e-12)
(15.974525800230323 -0.19996230856749272 -7.3186295891869069e-12)
(15.994768080031198 -0.23821936172347546 -1.2037307628705167e-11)
(16.014846672258557 -0.28509514383596607 -1.229963191419945e-11)
(16.045114216541098 -0.3365357760633152 -7.735309728130284e-12)
(16.079845371664316 -0.39457241649039942 -1.923464872439143e-11)
(16.124199138914499 -0.45739342298894881 -2.5360089672141691e-11)
(16.175546294873207 -0.52672332609573669 -2.4398616805766144e-11)
(16.236550313956265 -0.60192056493165802 -1.5712077500419051e-11)
(16.306329866810334 -0.6833850243238353 -1.8398664217221636e-11)
(16.386216912582611 -0.77045718980078226 -1.7770461996045407e-11)
(16.475792000002038 -0.86320210835496136 -1.5406368026137307e-11)
(16.575620174757312 -0.96101659512112569 -1.5774821170960702e-11)
(16.685429661655316 -1.0638320376122252 -1.2533957946426597e-11)
(16.805355012783917 -1.1711017656385581 -1.2855882574605576e-11)
(16.935137617075412 -1.2827010396909362 -1.7293829045173603e-11)
(17.074628340571198 -1.3981266953498646 -1.2479372048065746e-11)
(17.223551611464455 -1.5171912244130952 -1.1991679831264342e-11)
(17.38150977291966 -1.6394723938034039 -8.0399372057403101e-12)
(17.548295219755538 -1.7646645274442629 -1.4850555757349004e-11)
(17.723153515816829 -1.8925251333943136 -1.6867591901878454e-11)
(17.906232145529597 -2.0225013787342858 -9.0455487319867508e-12)
(18.09599631421634 -2.1547253636134891 -7.9005554583684964e-12)
(18.293736968222895 -2.2881552864987889 -1.4702873069868763e-11)
(18.495893061730744 -2.423730159107111 -1.3268708160240023e-11)
(15.913876357409459 -0.062557402408259119 -4.6602555305325051e-12)
(15.948875969974868 -0.044888537644017373 -1.2585083880578807e-11)
(15.934196082027579 -0.079845862101463175 -2.0905269145356311e-11)
(15.957796766592748 -0.074081378702476289 -1.2699413262513483e-11)
(15.942538964211698 -0.10065074586719132 -4.0102974353620008e-12)
(15.953813290662977 -0.10968377580321986 -1.0361857123335807e-11)
(15.941879854994118 -0.13848262337250397 -1.4052780365762621e-11)
(15.94712230262285 -0.1632766824388055 -1.5501246991608253e-11)
(15.941765534354492 -0.20143823544680314 -1.307517929911705e-11)
(15.948365085330856 -0.2422573290837941 -6.0276766392074519e-12)
(15.952811173837775 -0.29338947873876775 -5.013952543010123e-12)
(15.96697699922945 -0.34992689378634778 -4.5130520705877193e-12)
(15.984308855196232 -0.41450489617424013 -2.8098023645464543e-12)
(16.010739116934033 -0.48462301328069946 5.1304250840716873e-12)
(16.043108522930659 -0.56225986611871293 5.2215954402504172e-12)
(16.084478454491212 -0.64698274106253129 5.5973955126637282e-12)
(16.133853778941532 -0.73932654695173228 5.4646555338590669e-12)
(16.192803157723439 -0.8383666955871576 5.2624370743390652e-12)
(16.260886766331076 -0.94422447729843995 4.1114486385414768e-12)
(16.338811084619991 -1.0561195454418739 3.7455971419846171e-12)
(16.426338300965654 -1.1740696438910074 8.3248529906398521e-12)
(16.523722241864942 -1.2973540728809436 7.0475804756254617e-12)
(16.630753141544652 -1.4259306389041777 2.680863362915455e-12)
(16.747404388727539 -1.5591019466727183 2.3272864941306328e-12)
(16.873420219001339 -1.696747620956442 -2.1010783256658008e-12)
(17.008557658394583 -1.8382641222502762 -2.0625590550634863e-12)
(17.152549845980882 -1.9833556793551199 -2.3394348183835158e-12)
(17.304882302336292 -2.1316904913603589 -6.6465202936083807e-12)
(17.465485847333923 -2.28255672421639 -6.3887469659279698e-12)
(17.633254052303876 -2.4362618720863147 -6.3343716475663457e-12)
(17.80895485034468 -2.5911892019682408 -6.1243144560738555e-12)
(17.989857050368553 -2.7491159589107896 -3.7228002466956311e-12)
(15.945159092210138 -0.077023344051735249 1.5707624242115835e-11)
(15.984096292975137 -0.045350296084754174 2.1563694726971046e-11)
(15.962907751438349 -0.083957195306929661 9.2285780679541231e-12)
(15.984854813526617 -0.068609859981795293 8.2097676294377472e-12)
(15.959000137706797 -0.094875541746276854 1.6000614948903744e-11)
(15.962766397902801 -0.098444379185091455 5.8683995361255074e-12)
(15.937462502082258 -0.12644321678806064 1.8998964164908643e-13)
(15.930641566713733 -0.14909866275581499 -6.3092559208833529e-12)
(15.909654725604071 -0.18764755989097262 -3.2567362206884046e-12)
(15.900787177177465 -0.22902665296154767 -4.366177904388395e-12)
(15.887515313347144 -0.28231723150072768 -5.3607102037062758e-12)
(15.883517061780607 -0.34181056878697674 -1.8093771109673598e-12)
(15.881145432239709 -0.4107424756345332 5.5893413185918064e-12)
(15.887292459910679 -0.48586378058876512 5.6644515860546637e-12)
(15.898311928716902 -0.56942885935688947 6.426412446441486e-12)
(15.917638547939593 -0.66117504657086013 1.3776675465072488e-11)
(15.944056362348391 -0.76180796950578145 1.230210705687738e-11)
(15.979410631095467 -0.87015856618563825 1.1454657387495971e-11)
(16.023252257987394 -0.98643146895094014 1.3003793412629999e-11)
(16.076451105700176 -1.1096503621740954 6.8849545575128658e-12)
(16.138827079342054 -1.2399933095420463 6.8787712280647564e-12)
(16.210767755782918 -1.3765196090764509 6.8602575711905646e-12)
(16.292138670886988 -1.5193711723522911 6.8237730074554118e-12)
(16.383055921588834 -1.6675689434490613 6.6016345845291403e-12)
(16.483298060495127 -1.8211901044035865 4.1330954871771169e-12)
(16.59281994724142 -1.9793169304861942 4.8713867695232671e-12)
(16.711266436065753 -2.1418260077603133 4.6115483855920513e-12)
(16.838469282016842 -2.3081217224845405 2.4582940227957587e-12)
(16.974004268650468 -2.4775187858509575 6.3143808140941698e-12)
(17.117455265635698 -2.6503050064021925 6.0485331569207715e-12)
(17.268678073745235 -2.8244640851467868 6.1663084118811228e-12)
(17.426397546215473 -3.0024518403826637 6.574391581193232e-12)
(16.003351252642137 -0.093819117231666596 1.1448556695073075e-11)
(16.048610397709286 -0.043461747842989167 1.2806765791802234e-11)
(16.020267055639927 -0.084794602098928182 2.252401372648148e-11)
(16.041732242079014 -0.056529409770730565 2.8054344625753312e-11)
(16.004544416862682 -0.080569030504228437 2.3554519344112473e-11)
(16.001137927406845 -0.076257137877951228 2.0582580104332237e-11)
(15.961943163441294 -0.10134925941326234 1.3540259515970708e-11)
(15.943050457704881 -0.11972268493609106 1.3478821260537628e-11)
(15.906087960441303 -0.15644335863575112 1.3471328536450369e-11)
(15.881611102868694 -0.1961188636095105 1.3525511319766695e-11)
(15.850322710933076 -0.24914139051017187 1.3610483603231488e-11)
(15.827927430923152 -0.30902613289859904 1.3667992299790616e-11)
(15.80543134150167 -0.37962648332182408 1.3579644487446964e-11)
(15.790810484377916 -0.45719067761511756 1.3250112122014528e-11)
(15.779997726578335 -0.5439348307816666 1.1300496032778266e-11)
(15.776720926999518 -0.63961772005771633 8.2065910574934129e-12)
(15.779458632078134 -0.74530567044585172 2.0015557468492765e-12)
(15.790292058775343 -0.85969817888910993 3.2002229483802477e-13)
(15.808781491454477 -0.98312578919910854 2.897655516309377e-12)
(15.835962858539681 -1.1143858009656546 2.0392931693449419e-12)
(15.871757512117847 -1.2539075592874223 2.0570783902206049e-12)
(15.916689853491254 -1.400460873868675 2.0552681712640801e-12)
(15.97075153748697 -1.55451200630657 2.0321574180579116e-12)
(16.034208367707798 -1.7146702414800259 1.7844439817655469e-12)
(16.106921866881521 -1.8814070591248178 -1.3711420621994006e-12)
(16.189068790969792 -2.0532773120830048 -2.1327631873714176e-12)
(16.280223363154199 -2.2306017038563191 -2.306214320954635e-12)
(16.380640354339139 -2.4122069252733445 -2.2440613132647482e-12)
(16.489463108841392 -2.5977927580050562 -2.5805711564367973e-12)
(16.60717869816834 -2.7872141195927247 -6.382326015936225e-12)
(16.732431926919308 -2.9784813379117181 -3.9276410937306808e-12)
(16.865922376758046 -3.1742766268758271 -4.8078950694287137e-12)
(16.082332319818658 -0.1144373071183067 -4.5314735913402142e-12)
(16.136240360032186 -0.040847973482089753 -2.1977204784708231e-12)
(16.099551254911294 -0.084217059516273174 4.265655974149567e-14)
(16.121292031078834 -0.040075390019064169 5.0853982812838511e-12)
(16.071391790113598 -0.06036856261062222 4.4431079959351243e-12)
(16.06064923082705 -0.046335031061370859 1.2125750801242479e-11)
(16.006615610558473 -0.066978715138669653 1.2133445249383457e-11)
(15.975292001845792 -0.079564245561618868 1.2051782615342424e-11)
(15.921817569721087 -0.11289065910275349 1.1485419580784796e-11)
(15.881440301592566 -0.14929732272097943 1.1629546789800423e-11)
(15.831821913388964 -0.20033504262203844 1.1971930525013268e-11)
(15.790772878620071 -0.25876550734261361 1.2367964256624369e-11)
(15.747870896185328 -0.32896054371558164 1.1447415603961414e-11)
(15.712133399777112 -0.40701575908942067 1.0391394222884988e-11)
(15.679044051697561 -0.49495549166302516 9.8021284803955984e-12)
(15.652672913000242 -0.59224271518597771 2.4030845390998429e-12)
(15.63116391293025 -0.70039355890420973 7.4910700147031648e-13)
(15.616727638104397 -0.81807047052561876 -1.5228561368662827e-12)
(15.608947750030119 -0.94587157296762292 -1.8277440394952214e-12)
(15.609009338178961 -1.0823406172594519 -2.2784487823517538e-12)
(15.616991563820479 -1.2282859421202936 -2.0489383652327016e-12)
(15.633541643657198 -1.3820897334563869 -2.0528852681795055e-12)
(15.658848210626344 -1.544731283543844 -2.0462997016909588e-12)
(15.693308742993562 -1.7142293760696521 -2.0462725247093387e-12)
(15.736952032910118 -1.8917308830958786 -1.8651213180901003e-12)
(15.790165424880534 -2.0749545198105066 7.575854914982271e-13)
(15.852524535131646 -2.2650829954693372 -2.1498660022652819e-12)
(15.924739189731566 -2.4598709272603552 -9.8998380626633153e-13)
(16.005507532160895 -2.6600064117585123 -2.4053827704376724e-12)
(16.096392630739601 -2.8641946894588162 -2.5430531822062557e-12)
(16.194576656185944 -3.0712676685471791 -3.9704872303862088e-12)
(16.303248927705287 -3.2832554646832603 -4.766398011139508e-12)
(16.19021516444516 -0.13925940899532321 -5.067301465097167e-12)
(16.25500029883947 -0.037027929298114 -3.4755907986641952e-12)
(16.208278500811851 -0.081489709529867921 -4.1253885316205565e-12)
(16.230887638773112 -0.0182668933929673 -4.0988714648139286e-12)
(16.16697291957945 -0.033134977137418718 -3.4876491211815641e-12)
(16.149086476643618 -0.007815565230544894 4.079203099808376e-12)
(16.07981094546032 -0.022545764928898652 3.7244212177460355e-12)
(16.036328172186817 -0.028176206275917992 3.0927715195308179e-12)
(15.966460575756276 -0.056688903793427628 -3.6024327342423576e-12)
(15.910550319140084 -0.088445296960752692 -3.300068782518891e-12)
(15.842986445853358 -0.13581991810841015 -9.1459120229721054e-13)
(15.783731868300634 -0.19099764951640713 4.2313258743828247e-12)
(15.720996102802507 -0.25876794535077413 3.1286308761387024e-12)
(15.664586476842633 -0.33522670441852359 2.7363414500148421e-12)
(15.60943531281276 -0.42214959701739718 6.4058588928251397e-12)
(15.560007858732746 -0.51857118662482271 6.2869300683086381e-12)
(15.514157101821265 -0.62641829067855526 6.0696729815795352e-12)
(15.474157278299534 -0.74437850043280973 6.0016301461654446e-12)
(15.439628180538501 -0.87353101654757637 5.0761298471413741e-12)
(15.411858233402814 -1.0121397911317975 -1.9525467774041891e-12)
(15.391143267065065 -1.1615522020777418 1.6592447945135819e-12)
(15.378209045209331 -1.3196361534274363 1.6851031692624499e-12)
(15.373537178222055 -1.4881222978286304 1.7871400901732269e-12)
(15.377600957806495 -1.6642095206948315 1.5720969225759597e-12)
(15.390736808685073 -1.8500943909613541 1.2414014092120778e-12)
(15.413470775207811 -2.0422460139573149 9.1347304431356542e-14)
(15.4455531409762 -2.243302332059133 -6.6594287767789801e-13)
(15.488083026214031 -2.4492280800874173 1.1287307675237375e-12)
(15.539455264155972 -2.6626330209896385 -3.0704656142354789e-12)
(15.602343607227859 -2.8799243632502352 -3.6880466331668389e-12)
(15.672405294186564 -3.1021194610740812 -3.6965836986117758e-12)
(15.755687629847779 -3.3290240058423923 -5.9536482329104917e-12)
(16.323646473320164 -0.16878695958426013 -5.6442542562250215e-12)
(16.400165553423964 -0.032150498007368557 1.9697701907718536e-12)
(16.3405059807268 -0.076896640028534399 -2.9920153026051219e-12)
(16.363483408898979 0.0078579375877412452 -3.3338112150037051e-12)
(16.283528925413467 -0.00067996294091053221 3.1613398377939834e-12)
(16.258135279374383 0.036805615366375152 2.8013147990982603e-12)
(16.173191559607556 0.02884055300235636 1.542060859522451e-13)
(16.117961771035507 0.030960620997072294 2.0326307852178826e-12)
(16.032406762951677 0.0082801025727613428 1.6927909712677941e-12)
(15.961967670091802 -0.017874155202744824 1.678234054404889e-12)
(15.877575316895303 -0.060436759031019756 1.5848468960219025e-12)
(15.801236142553581 -0.11118817468909435 1.2578391381802691e-12)
(15.719760865095855 -0.17502626856135917 1.2348989385532107e-12)
(15.643476401456388 -0.24796785385179174 1.0399478168333985e-12)
(15.566765319319822 -0.33182223176194586 1.3512977828652865e-12)
(15.494514000399565 -0.42521355790889992 1.0149939164661991e-12)
(15.424441292382012 -0.53038142853325065 -2.6453368470672234e-12)
(15.358881033680458 -0.64601299536233514 -3.1522480794734317e-12)
(15.297495674192854 -0.77381972679714595 -6.9783891086550917e-12)
(15.241579058479925 -0.91175344437228001 -6.9734444258222296e-12)
(15.191681956080799 -1.0618931349909015 -6.7205207722397401e-12)
(15.148513610479242 -1.2214512602137617 -6.61271995560685e-12)
(15.112957571514649 -1.3932009058749024 -4.9421593085678588e-12)
(15.0854511116796 -1.5732545588317366 -7.5307753812833703e-12)
(15.066833814826278 -1.7653256454879722 -1.0710612105888926e-11)
(15.057613903016531 -1.9641297021604123 -1.0296455536822969e-11)
(15.058015143171117 -2.1745371836720002 -9.4642652207745042e-12)
(15.069318577638711 -2.3897762925548429 -8.6263662571843378e-12)
(15.089971418786988 -2.6157024882044926 -9.4850387272619502e-12)
(15.12359322515208 -2.8447456762055339 -9.5298231008349108e-12)
(15.164523221895587 -3.0822579425914607 -1.0145421290794284e-11)
(15.221856079367363 -3.323242848124552 -9.5638141308553476e-12)
(16.487659022225984 -0.20246871781829179 4.2217968126963227e-12)
(16.578753447909765 -0.024048490775946025 4.2742392769448128e-12)
(16.501924511270083 -0.06854389484667911 4.544163163297668e-12)
(16.526159249265664 0.040121082519137034 -3.2712652082053769e-12)
(16.426903857494775 0.038567220633923836 -3.8349949009831502e-12)
(16.393855626233556 0.088105320869319811 -4.0919193055752686e-12)
(16.29192470792221 0.087085949925767819 -2.4316567832104331e-12)
(16.225163377638538 0.096600201931182142 -1.8666410467229063e-12)
(16.124225448371043 0.080059858472720138 -1.5172250672199737e-12)
(16.040228736060087 0.059963222301253824 -1.6872091624640184e-12)
(15.940170984061488 0.023259659435583922 -2.3598644285514815e-12)
(15.84797849474575 -0.021801264439236853 -5.6839395790422946e-12)
(15.748767643231004 -0.079981444601194274 -6.2057467105874902e-12)
(15.653482987163045 -0.1472967627757088 -9.4784925656718073e-12)
(15.556029689756903 -0.22580952507858457 -6.4157087720866715e-12)
(15.461553483506062 -0.31394127914238451 -5.9245893218872114e-12)
(15.367788563679188 -0.41415341703523284 -5.3764855150381545e-12)
(15.27704077107258 -0.52497124306693843 -6.6114644254572418e-12)
(15.189065584153122 -0.64880536059962279 -6.2341047766260087e-12)
(15.105006279214662 -0.78322155661308446 -5.9140450079385648e-12)
(15.025710393101271 -0.93125331646228093 -1.9375416096470209e-12)
(14.951728756672422 -1.0893073806962992 -1.8245704774109625e-12)
(14.884473911213007 -1.2615492192721212 -2.2477618923512628e-12)
(14.824174080625754 -1.4427113888638283 -6.6411400730869539e-12)
(14.772431355932715 -1.6385822704094883 -7.1678694008372456e-12)
(14.729472208072503 -1.8415486986065246 -6.906263604646167e-12)
(14.696456108362565 -2.0596725323017839 -5.8741145347672526e-12)
(14.674426781447472 -2.2822878778567253 -5.9875989102831235e-12)
(14.662583085247171 -2.5202501365042305 -7.2386635364361926e-12)
(14.664951473329561 -2.7597203846879648 -9.5438481580709064e-12)
(14.675306409490803 -3.0135813706057433 -1.0893428642698759e-11)
(14.705531656980108 -3.2680393076454197 -1.0932286167448717e-11)
(16.687761207528769 -0.24218156275257374 3.6981404431680933e-12)
(16.798051122503903 -0.013733917414390669 4.2057125446019576e-12)
(16.700014304880082 -0.056971363194842882 3.7185337454567521e-12)
(16.726861130561272 0.077494617596554696 -2.703395811832485e-12)
(16.606046607849951 0.08393585522398446 -7.325053374597834e-13)
(16.565019694707868 0.14516851979115258 -9.6135117243144507e-13)
(16.444818586080761 0.15133641093764341 -1.0396411645639799e-12)
(16.36581045592342 0.16771862421170503 -2.6636678197516266e-13)
(16.248502940697151 0.15741576589302891 3.1263966144292741e-12)
(16.150411433793252 0.14328131419516066 2.5147334981545618e-12)
(16.034371203298285 0.11294685338931845 5.4691744637014517e-13)
(15.926463698733727 0.074465264599753486 2.3958825143283962e-12)
(15.809962564018532 0.023400694391396564 5.2244449606008423e-13)
(15.696417325867923 -0.036787324463591058 1.9628553603351622e-12)
(15.579122668085859 -0.10827166500636352 2.776221013252212e-12)
(15.463349790695771 -0.18929834439269702 2.8397840221320446e-12)
(15.346814218037153 -0.28259283317985107 2.9846199732864597e-12)
(15.231659920337128 -0.38639345185560181 3.1196625329604897e-12)
(15.117729910308196 -0.50385701444554143 3.1762079740029775e-12)
(15.005871290942776 -0.63203739327189379 3.4183678381464324e-12)
(14.897276175770807 -0.77517517671132607 3.4285161426737524e-12)
(14.79214263447877 -0.92870785255232491 5.7094323435837458e-12)
(14.692537106970935 -1.0985732389363296 5.0812176903061261e-12)
(14.59823275260409 -1.2778176431032271 3.171312201270731e-12)
(14.511900563102472 -1.4749077180880155 3.6990657082328683e-14)
(14.433092540632144 -1.6793251885139606 -4.6422535130304239e-13)
(14.364531819601588 -1.9033802880706259 -5.0176843767575558e-13)
(14.306341308887301 -2.1312704015287403 -5.3146152071024156e-13)
(14.259610886250485 -2.3809493051455983 -9.4025406607698633e-13)
(14.227689199927877 -2.6295046227019241 -3.4391668226001309e-12)
(14.205390323900028 -2.9017188539083785 -3.1833506899017809e-12)
(14.206377347489031 -3.1693113161918927 -3.4208648206767748e-12)
(16.926924872424831 -0.28758552595594788 2.9594672180548709e-12)
(17.061933348305896 -0.00082811005063224651 4.0402220615851293e-12)
(16.9392710376409 -0.040987829288454236 3.4651428957855802e-12)
(16.969601614000663 0.11978821072255262 8.6853517639593075e-12)
(16.826869924745044 0.13579934377313876 1.0066962133789276e-11)
(16.778159990342026 0.20782766795906438 8.2631037445033597e-12)
(16.640420187452065 0.2217034719420537 6.7245445566512811e-12)
(16.54953518858127 0.24440513176361184 1.0943591215568009e-11)
(16.416441987074894 0.24050072383770171 6.6630516406516023e-12)
(16.304335380426991 0.23206989325104871 6.8983757047552629e-12)
(16.172427089922682 0.208284656916746 6.528528158455029e-12)
(16.048724067819649 0.17651488111965383 7.3403363713990374e-12)
(15.915193786250358 0.13307835962350906 6.1426194728350551e-12)
(15.783871492127679 0.080951599232817209 6.9342325105663359e-12)
(15.647432732164464 0.017845233150731027 7.0837080676475102e-12)
(15.510999639865654 -0.054594847968321675 7.5861016069087077e-12)
(15.372211844972004 -0.13926714293856315 9.1413814324034349e-12)
(15.232956908780542 -0.23396667767485704 1.074934725180801e-11)
(15.093309470290588 -0.34271300008262323 1.107503935988733e-11)
(14.953659991522997 -0.46193730581144549 1.412155362743174e-11)
(14.815563236774794 -0.59729605974789735 1.1996415474891707e-11)
(14.678643791741754 -0.74303641708515689 1.2040171064984414e-11)
(14.545724014638527 -0.90729591329124204 9.4193739365665048e-12)
(14.415797819422222 -1.0811079406064878 1.2169028781677675e-11)
(14.292882421298984 -1.2762802294758986 1.1733405405764841e-11)
(14.175341383690368 -1.4788054906910224 7.9117802550203613e-12)
(14.068214335593822 -1.7063782962079037 7.2411688815942831e-12)
(13.969708236124637 -1.936848542911549 7.0316659275507755e-12)
(13.884463465024401 -2.1975821584313646 4.4324716650939868e-12)
(13.813309603497128 -2.4535303683302119 1.9879089041738394e-12)
(13.755026793690094 -2.7469294100705595 4.4822018984252225e-12)
(13.722727115436818 -3.027542288636309 3.8555463320245296e-12)
(17.205479473932638 -0.34076114770397936 -3.0651639568243266e-12)
(17.368284938919764 0.013064021504871024 2.0141204921983449e-12)
(17.215921733955643 -0.021938010804208319 6.5343651003187822e-12)
(17.248136976431674 0.16526703412808547 5.6465646872497189e-12)
(17.081836783142112 0.1915738622391023 5.6136423154540114e-12)
(17.02463846313006 0.27347945133147805 5.6466096268141271e-12)
(16.869895897940175 0.29520232893679504 5.7125269880724178e-12)
(16.767792951813096 0.32394738995950112 6.4310310985321992e-12)
(16.620522652238666 0.32687914817133579 1.0139469897725595e-11)
(16.495874769765685 0.32452445484175163 9.4418725526251145e-12)
(16.349911271898907 0.30795715209993574 4.4506435811271729e-12)
(16.212012364235051 0.28350828882456353 6.8884789683299863e-12)
(16.063066492630842 0.24839385668085015 6.7806048944247219e-12)
(15.91538794477515 0.20502129105795949 6.9514091774578364e-12)
(15.761336268312435 0.15133331515479365 7.3178781744951864e-12)
(15.60571980185431 0.089018972585676162 1.0733241953155799e-11)
(15.446062970863146 0.014722929403802721 7.1195345585662589e-12)
(15.283773831153477 -0.06902977212486687 6.9239086068328282e-12)
(15.119175685680045 -0.16708195085668703 3.0073325911409673e-12)
(14.95213367021811 -0.27488369520482492 2.8916373126516467e-12)
(14.784768828922411 -0.39975978671178025 3.9858907060176171e-12)
(14.615868016011232 -0.53453036226323003 5.4127496650098939e-12)
(14.449062558978452 -0.68989008144828412 9.2120530565522485e-12)
(14.282168064266658 -0.8544919428842076 1.1767549155004033e-11)
(14.120823361565444 -1.0440918353003259 1.0776688445848466e-11)
(13.961540593979418 -1.2408013956231665 9.2589537353166677e-12)
(13.812416796306719 -1.4686377778858093 9.5300314950480869e-12)
(13.66847667955151 -1.6983185168129564 8.4679959492478836e-12)
(13.539989460960197 -1.968682149616674 7.0725214685910259e-12)
(13.422550545625921 -2.229980543478101 4.4328599587098864e-12)
(13.323664569739876 -2.5481369189044054 1.9350592442615597e-12)
(13.251435747162294 -2.8427334025452846 1.8191491909226221e-12)
(17.521457986997337 -0.39870003724551195 -1.3964816785917106e-12)
(17.715997655815606 0.030895546308330121 -1.7165953619071917e-12)
(17.528667796641674 0.0047376079354107268 -1.6632713137995409e-12)
(17.562740700425191 0.21655823695610207 -2.0355558900230938e-12)
(17.371738503052025 0.25378671244504752 -2.0013298845114448e-12)
(17.306168042541053 0.34318234404199838 -1.8137215394110471e-12)
(17.13521904620206 0.37206771211317063 -1.7363782776818701e-12)
(17.022671121116677 0.4053191038483443 2.8175554469543716e-12)
(16.862659737195688 0.41439415663232759 2.0907713278316569e-12)
(16.726789046416599 0.41737908787341804 7.1883715777772816e-12)
(16.568474736691481 0.40781851005634012 7.9435924064420388e-12)
(16.417960496971489 0.39064810524749649 5.7406216854788052e-12)
(16.255323907966012 0.36418669357478828 5.5011371947012403e-12)
(16.092855095923998 0.33012581377724198 6.2223236250174598e-12)
(15.922740420999661 0.28665693049144247 6.0194913431009787e-12)
(15.749449187798399 0.23545721838431222 2.0899946997054271e-12)
(15.570642640181445 0.17298261600588 2.4996628168247877e-12)
(15.387061416068955 0.1022819888894024 6.2103054163759416e-12)
(15.199129307893504 0.017272640135469898 6.2224171402702978e-12)
(15.005848897954316 -0.076588298950049802 5.7059100884291083e-12)
(14.809794035516253 -0.18831003050267781 3.4189452618067477e-12)
(14.6087903473693 -0.30871591566593709 3.6752326713928526e-12)
(14.407526571668143 -0.45148337751232986 5.9722137134330155e-12)
(14.202320183327979 -0.6024852557055701 6.2401930839612144e-12)
(14.000430688113966 -0.78208013701857215 3.8382270481827664e-12)
(13.79589477164083 -0.96785903502840998 7.5447773408994342e-13)
(13.600469564363786 -1.1911853737124785 4.0544815549701515e-12)
(13.404529170919158 -1.4151682271918811 4.3511649031641478e-12)
(13.226305967411234 -1.691780078709952 4.4299391626962917e-12)
(13.052453379178155 -1.9554332775150696 4.469751233891431e-12)
(12.90611489553466 -2.3017083158208047 4.5224899384675469e-12)
(12.783566862141443 -2.6133691792768938 4.55863771843974e-12)
(17.877674596075291 -0.46672617121337862 1.0716642826753555e-12)
(18.104219418956266 0.050274844398829704 1.0596546020736841e-12)
(17.874490927589605 0.034759294780121519 3.6131290712677274e-12)
(17.906894663091521 0.2699371157771645 -7.12253605811433e-13)
(17.689073471387569 0.31812322859856051 -4.6765725266945176e-13)
(17.613143335560462 0.41355900519980693 1.4902582675753593e-12)
(17.425947494113959 0.44945185430015061 -1.1470481936509129e-13)
(17.302792139708664 0.48685037612368665 2.0324310096422609e-12)
(17.131139477600698 0.50229689098885377 -2.2707055539348828e-12)
(16.985294374790712 0.51090191069515445 5.6155490432243084e-13)
(16.816660970133395 0.50882890500313949 -1.3363252818463917e-12)
(16.655775870130839 0.49943906179498077 -1.3411248988341306e-12)
(16.482090379330376 0.48217684696617275 -1.3391651677553637e-12)
(16.307515281616091 0.45803490065977365 -1.7636312134734792e-12)
(16.124122055126922 0.42549829970844494 -1.8075654781089381e-12)
(15.935766599217317 0.38630133964986918 -1.8202319394807948e-12)
(15.740299742009102 0.33655575415213984 -9.1935134683576464e-13)
(15.537831672223605 0.28006357088348899 -2.4669520444530646e-12)
(15.329230895105004 0.20979701520674338 -4.2907758555277124e-13)
(15.112410247173795 0.13264159781463075 -1.4226773189311437e-12)
(14.890286647930701 0.037221427906112485 -3.8668080252171707e-12)
(14.659216007150007 -0.065355416399966601 -4.1166746140434806e-12)
(14.424780979825426 -0.19196909579848723 -6.3377663447844985e-12)
(14.181360073246667 -0.32478800534331764 -1.3666032207968395e-12)
(13.938307829813917 -0.48914565829016987 1.0675925082134197e-12)
(13.686449401004992 -0.65810934198202209 -1.4997199971079219e-12)
(13.441297205467064 -0.87052550866281431 -1.378558909054189e-12)
(13.187197063272754 -1.0825418132010383 1.3709441236041537e-12)
(12.951996326381002 -1.3593289795305721 1.3667956010710077e-12)
(12.709853168151753 -1.6213183103629774 1.0133107961455279e-12)
(12.508566276492809 -1.9986006967482297 9.3705946761037084e-13)
(12.322182640004604 -2.337532956875314 8.1157161428760623e-13)
(18.268495346895591 -0.53644549293166399 2.1041131857950913e-12)
(18.532075337450586 0.077767548142063492 1.3661738089926403e-11)
(18.252612903119875 0.077906920491454312 1.8081862128113623e-11)
(18.284693873632637 0.33151741578829791 1.4270411191692878e-11)
(18.040150587297351 0.3906182853828371 1.4959757085294594e-11)
(17.955078658706402 0.48845094034452657 1.5071406782292464e-11)
(17.753164885369625 0.52964067904083045 1.6310551763366214e-11)
(17.620489471814846 0.56864859926075995 1.3314889812298443e-11)
(17.438452269645381 0.58861124395060416 9.2065054094994345e-12)
(17.283377157564363 0.60099754476037182 6.3742917289313589e-12)
(17.105164193725251 0.6050803061555422 7.3886419738839333e-12)
(16.934367092059563 0.60246662407923679 7.6838764720405519e-12)
(16.75023991423188 0.59395192923003248 8.5063339446091654e-12)
(16.564319931116696 0.57966119578043218 4.3073613834706852e-12)
(16.36882626078425 0.55845147459577293 4.3386146813890361e-12)
(16.166960517111658 0.53197812232134745 4.0565538687098532e-12)
(15.956825756990135 0.49600201441718267 4.0653270483092395e-12)
(15.737679013394448 0.45496535704901708 4.2028435709322181e-12)
(15.510839161758609 0.40069888885300875 5.7638610619183283e-12)
(15.273176379923381 0.34177156951927723 2.218015938012423e-12)
(15.028171806038262 0.26484961229374604 -1.1282643269830372e-12)
(14.770343221848712 0.18386171994707554 -1.1902464131600151e-12)
(14.505700025811048 0.077987353841598703 -1.5118878518358552e-12)
(14.226132564025059 -0.031275632733723462 -3.0919097296042159e-12)
(13.942158202788526 -0.1750394130008503 -1.9692781398812619e-12)
(13.641108006562144 -0.31972003329865212 -1.2882000033471786e-12)
(13.342394152105737 -0.51284973851970317 -1.5685409960578049e-12)
(13.02395567982588 -0.70345937790264945 -1.3249575637640722e-12)
(12.725110299771577 -0.97034875935511433 -1.2703515141500216e-12)
(12.403402197218895 -1.2261541525272817 -5.007733028048343e-12)
(12.144222665895812 -1.6350097165195774 -5.1101913597064843e-12)
(11.892811831084686 -2.0276077269334252 -5.5265288104362902e-12)
(18.706416526492454 -0.62060211605636395 2.4591469810200064e-12)
(19.003256115931983 0.10648348922063669 7.4491024105877434e-12)
(18.66312326950839 0.12214393133235094 1.1739751021175712e-11)
(18.687609113615714 0.39135078052697242 1.2790694489356315e-11)
(18.413547849223857 0.46085370387004093 5.8094244858003723e-12)
(18.315233945866268 0.56012696758615654 7.2086968277749825e-12)
(18.097507098900667 0.6070357812781576 7.8134757200509452e-12)
(17.953998871727297 0.6483643449738018 6.7559396640753519e-12)
(17.762020170126039 0.67400289323169171 7.7101711116495548e-12)
(17.598709632730486 0.69148319869762054 9.7423711678047029e-12)
(17.413103362838992 0.70291881141794998 1.0858244754573105e-11)
(17.235222371145909 0.70803220502874376 1.1752089175811306e-11)
(17.044146681687636 0.70870946345463126 1.3349820251118764e-11)
(16.850579814838277 0.7043986763078498 1.2339466791370683e-11)
(16.646830501979885 0.69432944561458465 1.110246241562819e-11)
(16.43515746731731 0.68040723881607124 7.3520505368448769e-12)
(16.213910836705686 0.65799718347438396 6.8248094442372907e-12)
(15.981356827954061 0.63258370670679243 6.7286208982369431e-12)
(15.739424230614713 0.59471913094637141 4.6276374773367327e-12)
(15.483831984370811 0.55512064960541829 2.3350011972855062e-12)
(15.219031371562108 0.49802791356196513 2.1793733994857063e-12)
(14.937975967427295 0.44083755160353172 2.2098522187139758e-12)
(14.648193684768016 0.35885080968598121 4.6871561741587906e-12)
(14.338611272178762 0.27888680847900982 4.0904032434280855e-12)
(14.021239607152475 0.16368193181942206 -1.1728315571107098e-12)
(13.67862637738531 0.05176757236187466 -9.9602697458179883e-13)
(13.333788807573823 -0.11263402403919928 -1.3205143827855034e-12)
(12.957875743438587 -0.27413994745088721 -1.8727572819219466e-12)
(12.601363674287452 -0.52069878041693196 -1.3245843660686121e-12)
(12.21333849065687 -0.77099793593119037 -1.1983599684812989e-12)
(11.926932552740119 -1.2295801007938545 -4.5617042078930384e-13)
(11.650572663819201 -1.7479485256930665 -1.5142393910056262e-12)
(19.17476142445198 -0.69817148847255828 1.6900202786809055e-12)
(19.512437545287888 0.15087576591575763 4.3862834426504992e-12)
(19.102293224088591 0.18973018405972147 1.0765224259278772e-11)
(19.125093451182636 0.46506031034304601 1.1830913943200086e-11)
(18.824976294527886 0.54429433928178994 1.0896397507478825e-11)
(18.717740557907479 0.6400085895064771 1.0983553510749981e-11)
(18.487710265284139 0.68939765327860392 1.1176024345588416e-11)
(18.335694953542745 0.72882332970395003 8.9521542385102917e-12)
(18.135405106513858 0.75625812280791893 1.1028673557583013e-11)
(17.964185315937183 0.77493142206955667 1.305080871367393e-11)
(17.770556790419544 0.79043084997998858 1.3735058853310648e-11)
(17.583835140223606 0.80060099251452899 1.495317336391509e-11)
(17.383611153083599 0.80891602385166006 1.4151195811582506e-11)
(17.180297814168458 0.81380015286926344 1.3001506773279636e-11)
(16.966893834978631 0.8149914541569433 1.2372952859033021e-11)
(16.745050591062235 0.81425162032163667 1.2242871800673103e-11)
(16.513750926122562 0.80655280630246962 1.0798483607356165e-11)
(16.270410229654694 0.79798522535143224 1.0512367210296942e-11)
(16.017713290059678 0.77772198849379937 1.3476713027210538e-11)
(15.750124392453902 0.75846108306139493 1.4730548552750613e-11)
(15.472856798499556 0.72196655131122589 1.2669670078035452e-11)
(15.176974889488978 0.68927846316031272 1.1068847673049253e-11)
(14.870963751679264 0.63144480701952566 1.0107153313838639e-11)
(14.541254598515671 0.58163542306624005 1.048906228711312e-11)
(14.20116960740557 0.49563833816912017 1.2245002529745803e-11)
(13.830791307144397 0.42145232281946382 1.0479061324024516e-11)
(13.455080996744977 0.29114233044012 6.0432906991936336e-12)
(13.044518368158515 0.16750499670285829 5.2044525710592707e-12)
(12.664324518003557 -0.060837040354294152 5.4343507201611277e-12)
(12.267573352004298 -0.33420258480366188 5.6175864778086717e-12)
(12.061107318326403 -0.87717918030521458 5.2614947879749297e-12)
(11.947061981175695 -1.6634847670923112 5.2907193901106563e-12)
(19.711518950234417 -0.80032952798073287 9.7925380781378562e-13)
(20.078632682682258 0.19319552255802086 -2.0203259010592332e-12)
(19.58480473349298 0.24937842180859535 1.9908427333289325e-12)
(19.590388128391485 0.52662165843867392 8.1978587627533845e-13)
(19.258864949967556 0.61494033849271901 2.2244137357488307e-12)
(19.13381961880329 0.70824424728185442 6.6492768589534251e-12)
(18.887324271439997 0.76266329888949225 1.0239867961263983e-11)
(18.722882829582883 0.80378293920030308 8.6896405491269452e-12)
(18.513115533126058 0.83700239261454124 1.0833794498803418e-11)
(18.334684158450486 0.8613222702248553 1.2661463207683585e-11)
(18.136423311955841 0.88484424612385371 1.1343195676173207e-11)
(17.946702345382487 0.90325142980469142 1.157561612445525e-11)
(17.745270934416233 0.92053888050317145 1.2817387797890352e-11)
(17.541257936941996 0.93458280444988195 1.3525274601944871e-11)
(17.327795277423576 0.94551010021895787 1.4848304999478084e-11)
(17.105126873225803 0.95568514814823513 1.5505554402488294e-11)
(16.87264586134334 0.95955053571681304 1.276762862854998e-11)
(16.626715738642829 0.9647195101885504 5.496963529452826e-12)
(16.371143683220691 0.95878378784739871 7.4292250926324435e-12)
(16.099520223133556 0.95754360639296332 7.9335958285045325e-12)
(15.819003321126372 0.93973638057218267 8.2918423052952937e-12)
(15.51978414531157 0.93130794185681964 7.4848722141685564e-12)
(15.213996848910311 0.89807060846040521 6.9168232800943512e-12)
(14.886688464305537 0.88067777114990164 7.5507492678258701e-12)
(14.557140671392505 0.82584691759651085 7.7064364651889178e-12)
(14.20501335737265 0.78970435395532745 6.6330935946409186e-12)
(13.869410096124552 0.6900885775308736 8.0771756990898292e-12)
(13.526254162039223 0.58539739474892349 5.1833984694541125e-12)
(13.268752377591522 0.34238021384130779 5.073195591373098e-12)
(13.103780245387382 -0.041017699709076171 4.865588407147954e-12)
(13.294673983001664 -0.85055177919598324 7.1336812999128571e-12)
(13.697205752402647 -2.1467987550094163 1.0303396627454009e-11)
(20.301518667427747 -0.87711806955597904 4.9053239763866148e-13)
(20.712841483602819 0.26371563204890397 1.8748936580161665e-12)
(20.124143181900116 0.35212120466794899 -1.8212309379326745e-12)
(20.130601804498468 0.61647638543295624 5.9407166942512919e-13)
(19.779880348663166 0.71221092878705816 2.6829295647564497e-12)
(19.65007342710976 0.79591745372073675 2.6669208826512722e-12)
(19.397573835138459 0.84890514930605432 3.4041483855302625e-12)
(19.229434681024625 0.88369540965626792 4.8023512360647119e-12)
(19.017822228771735 0.91428317917296487 3.7232482412817859e-12)
(18.838258252884604 0.9351917216833262 5.9507064846811339e-12)
(18.639691044159619 0.95830780503646118 4.3288047596326962e-12)
(18.448696870504872 0.9775838624668971 5.6154741191347737e-12)
(18.246597050577371 0.9992548741146382 8.5215320897202718e-12)
(18.043543638602049 1.0199261542520306 8.721524595744178e-12)
(17.834962312583308 1.040523321445362 1.1150105988846605e-11)
(17.621622862766301 1.0628933860666487 9.0773222221488429e-12)
(17.405171555627273 1.0808555923174659 9.0371729909278159e-12)
(17.18296229166587 1.1021416099176269 1.0930524993414817e-11)
(16.962186057219519 1.1124224499738944 9.8141929289903329e-12)
(16.737610573054603 1.1292869044824327 9.4972987610986401e-12)
(16.520470565585434 1.12782121738798 9.5808410775981977e-12)
(16.301912272403904 1.1374631246281282 7.0034746846340564e-12)
(16.098434772513023 1.1177360694336411 4.4948519940644499e-12)
(15.896400753784251 1.1163220831260985 7.2755061522802948e-12)
(15.721502115596264 1.0674906685084844 7.4480098838043018e-12)
(15.561022411327402 1.034244342388126 7.4807910666052847e-12)
(15.464207089826667 0.90710127700068577 6.780511702979391e-12)
(15.445445427395248 0.74911634088899259 6.9102239915799099e-12)
(15.628494509245037 0.33359597932722529 7.053056560821669e-12)
(16.059529950137737 -0.37905415638375101 7.0623297790311752e-12)
(16.859682929416902 -1.5924552401146783 8.2743180657383171e-12)
(17.868896897073096 -3.3821727913020569 7.8850815405911992e-12)
(21.142729659360043 -1.0036068930703415 1.8666300574369299e-13)
(21.572250964309358 0.32169943378375865 2.4011763359803698e-12)
(20.882506782862059 0.42210699940889695 5.361895919381066e-12)
(20.856657322099093 0.66801782222633432 6.9704393957847623e-12)
(20.478306699040395 0.77111543243828706 6.1279938230454379e-12)
(20.331831711156305 0.85068024079311144 6.6414606682646454e-12)
(20.073621201793504 0.90921848811645645 5.5228233287066613e-12)
(19.906166658303508 0.94659208761097702 4.4393819104388351e-12)
(19.706288679799197 0.98378717646206615 4.4667434274387489e-12)
(19.549998207621304 1.0118894104420173 4.0742826900632827e-12)
(19.391755481419178 1.0446735398472811 3.7359421466839565e-12)
(19.260458668416597 1.0733670810201665 3.679946003537185e-12)
(19.141803747580678 1.1023843768277399 3.7120992004091299e-12)
(19.046924868346874 1.1278257594815859 3.7531399704106047e-12)
(18.973470964748568 1.1505881160104092 3.8840610248909153e-12)
(18.922754320023127 1.1737954189473123 3.7703842114686645e-12)
(18.897524225358126 1.189499581499567 3.681444031600556e-12)
(18.893709351123604 1.2071995564479894 4.7249920133270602e-12)
(18.917959296090157 1.2092792240398722 5.3310205874373725e-12)
(18.96200387179622 1.2173308775897496 6.1792471687747396e-12)
(19.035505746090603 1.2010798539859688 6.1647710837666613e-12)
(19.126206827977036 1.1970084547614475 6.1664666526957079e-12)
(19.249401348599275 1.1553261757665099 6.2103209201581789e-12)
(19.392589217952043 1.1326530020814853 6.1704243486516802e-12)
(19.592046679277047 1.0436449987875955 7.3011040484477883e-12)
(19.848875032234883 0.95942948412942008 6.5123927976900726e-12)
(20.239720019905 0.72333420618044009 4.3550685441282551e-12)
(20.760716459585797 0.36934768167370885 5.2162004877291769e-12)
(21.535593018356572 -0.34023747663917953 5.9548749927788386e-12)
(22.446786006462901 -1.3223167926117907 5.4330803370186898e-12)
(23.567841716341714 -2.8011475311835614 5.1734559901731878e-12)
(24.791150876573987 -4.8619922752965099 5.7585993491880291e-12)
(22.531909239023417 -1.0637314770194144 4.4387202456364282e-14)
(23.011783783529204 0.4265032926400017 2.2386524405734188e-12)
(22.235311592054753 0.57292109898639176 3.3301394864111644e-12)
(22.261805467415545 0.78210454858408518 5.6433634228762815e-12)
(21.954409552666462 0.88539274318536754 5.6257414024197875e-12)
(21.903858109463147 0.94564996672420176 3.4766003736584037e-12)
(21.77369970586923 0.99270399578375168 3.8754482637842175e-12)
(21.762766464291929 1.012622280453896 6.0273267850402234e-12)
(21.762807120466686 1.0323322080084067 4.2354880543650428e-12)
(21.847957722077364 1.0378995889580851 4.9021790709965976e-12)
(21.976531496334061 1.0460294375501267 4.4403549109846824e-12)
(22.172379077673156 1.0468346095237315 2.6246827186845165e-12)
(22.418784038292596 1.0483257610069501 2.7748981089772397e-12)
(22.717562986247042 1.045606251318844 3.1649029245123795e-12)
(23.056811085897717 1.0403311248958305 2.6534999441216486e-12)
(23.431098483291077 1.0354139136185359 2.9513090788760768e-12)
(23.837697640853641 1.0224645790101941 9.1522633814878469e-13)
(24.266505635020096 1.0129789104504383 7.1084367052349737e-13)
(24.719703929608531 0.98695873852608484 2.0511986281756655e-12)
(25.185246664952594 0.97032296918018579 2.9593883028081192e-12)
(25.672041715131204 0.92712035566855255 2.8753638702720341e-12)
(26.169386157310665 0.89999264875125518 3.1880674010887251e-12)
(26.698072168415074 0.82575575631238252 3.96648084352527e-12)
(27.252714848402256 0.76418888889248082 3.2554781233022246e-12)
(27.869477410774717 0.59937848787397341 2.5766084764506327e-12)
(28.535615048012627 0.40337940030898212 4.7133069487116097e-12)
(29.316319612985026 0.0063426331901848525 3.2555684046929441e-12)
(30.154198152388297 -0.48357087559832951 3.2699021488602373e-12)
(31.038664244678078 -1.30793816251166 4.2423187678481752e-12)
(31.917066680842719 -2.3426277452833713 4.0826231471932583e-12)
(32.824789475962653 -3.9180428087655623 3.1673950129650605e-12)
(33.791587175269704 -6.0454610836663507 2.6178074797329751e-12)
(25.969802915915469 -1.2398877353718314 -1.9342119351882616e-12)
(26.54933614586653 0.48450585883482156 -7.243121111814141e-13)
(25.923331154106371 0.60703633750452179 -3.0891858012679585e-12)
(26.131808610677663 0.75567229622196197 7.7322821027628336e-13)
(26.134718793472569 0.8443066663792923 6.8954597954093573e-13)
(26.448779808784874 0.88215902377854361 -1.1742690564694919e-12)
(26.783006617095424 0.91010803265750273 6.4590443157662591e-13)
(27.292650625281265 0.90425590860030103 2.7173421503403184e-12)
(27.868739630114931 0.89357605216026825 2.6908268509168117e-12)
(28.553375120925185 0.86711529042818281 -8.4237209711765227e-13)
(29.297927434730653 0.84252660170055105 2.8142121890294473e-13)
(30.107801292567824 0.81129464698986076 -1.7909598823555395e-13)
(30.955244091588021 0.7776662011632689 2.2928331132614771e-13)
(31.826724126470292 0.74462143268777303 6.6916711581064198e-13)
(32.706670752563028 0.70979728922587726 9.3901666910298455e-14)
(33.584535075669876 0.68053175332452831 -4.21143782115537e-13)
(34.456268912935506 0.64222260765136596 -7.962745049478836e-13)
(35.31020599583865 0.61362727965104236 1.096599799792041e-13)
(36.149549820084523 0.56508961351062381 9.0049839072274335e-13)
(36.963510918873936 0.53106297874662134 1.3848803109858772e-12)
(37.764334307738579 0.46029560055771956 1.1486417784741195e-12)
(38.543109628125265 0.40560341095146812 1.2021695673945782e-12)
(39.324388122088799 0.28312426932620011 1.036876260829078e-12)
(40.0950548883417 0.17559226934811598 1.9725838484756078e-12)
(40.873225567639487 -0.042121610895030408 2.8816771421668895e-12)
(41.609351156779226 -0.26172483265178398 3.6525765743253553e-12)
(42.303364477257801 -0.67617938089742291 2.9243281731685503e-12)
(42.905981654000676 -1.1264496716419299 2.8597103385115085e-12)
(43.43962609526173 -1.9211503241279762 2.2394996267422848e-12)
(43.872189480403037 -2.8939972713228292 2.2454424232833958e-12)
(44.231182384094353 -4.4763488130980553 2.2769925071480237e-12)
(44.602054423696231 -6.568180686109093 2.2731849561524642e-12)
(34.795921444926599 -1.2947938247090156 1.5740727534338199e-13)
(35.841734423687917 0.51446874342238191 8.2114047146851862e-13)
(35.783629207197116 0.66522193931070783 -7.1277976740857435e-13)
(36.655134114822182 0.72559430685962978 -7.3915062014704221e-13)
(37.483958202771355 0.74279013842069475 -2.1237630954566329e-12)
(38.631072318719603 0.69236629027575491 -3.4482756082077414e-12)
(39.824188581898476 0.63322108058490401 -3.0259895927889333e-12)
(41.134473379249798 0.54715303515022717 -4.6450224274642875e-13)
(42.453239509325584 0.46432238435691747 8.6161483221278094e-13)
(43.790222112797593 0.37499457601347957 8.2004642172288225e-13)
(45.105725075847523 0.29176644212564606 7.9513390653528845e-13)
(46.405120058906519 0.21386368898649216 1.9854892507432208e-12)
(47.654950885262522 0.14699240984367626 1.8490999704126169e-12)
(48.84552974843151 0.093360907877947319 1.6879696154826167e-12)
(49.977291875975645 0.043061645724883822 6.0842573864178513e-13)
(51.03884789065652 0.0070427806554352644 1.637038748938025e-12)
(52.040759643355457 -0.035807194906409434 1.6208029778315913e-12)
(52.970250892839815 -0.061634857703464684 1.5425103826758218e-12)
(53.843479462256049 -0.10805030415542662 1.2330274887707492e-12)
(54.642557982844139 -0.13340715838840286 1.2171422847498247e-12)
(55.386882574958314 -0.19786630549743492 1.2350398594768557e-12)
(56.050058150367512 -0.23780995207662214 1.2361306252082288e-12)
(56.647301567203115 -0.34623114706416019 1.7107363200339612e-12)
(57.141165045663598 -0.42512784323726827 1.2569111787809473e-12)
(57.552260335788766 -0.60843745652102432 1.7203004887806003e-12)
(57.843466967501833 -0.76460814114459918 1.690792929855701e-12)
(58.020983338488442 -1.1035992885513928 1.6274058773892945e-12)
(58.040427056132209 -1.4590671697722479 1.178799780943322e-12)
(57.91224805032671 -2.1560051845489272 1.1445131507351218e-12)
(57.584831712470624 -2.9934719917812633 1.1533206717919561e-12)
(57.038121332788812 -4.4642356500638991 1.2144711573695013e-12)
(56.384444119665858 -6.3377780566300519 1.2293763183942995e-12)
(59.808469003685701 -1.7384766361437658 1.7483606324410943e-14)
(61.494446298514198 0.24340449201947029 5.1429395209327816e-13)
(62.448537609808184 0.22520587730760988 1.4982246529227826e-12)
(64.070215704719757 0.15150918291991974 4.8226295756883861e-13)
(65.649149302172162 0.084259563865269352 1.4065140017013669e-12)
(67.323302736433831 -0.0012389329367327292 1.360969779053734e-12)
(68.860649968716174 -0.074314592835943979 1.2989341870847907e-12)
(70.284098389157833 -0.14365936203097646 2.1279769020244496e-12)
(71.528739763186707 -0.20653338174162009 2.3668512585117059e-12)
(72.604980863229386 -0.25830131001747897 2.0411385933878356e-12)
(73.505864224669594 -0.30940652408545383 1.7019994604743881e-12)
(74.234712447285872 -0.34401473162607954 2.1349191961613895e-12)
(74.826692758182546 -0.37887239915835524 1.1720031942378844e-12)
(75.296937482559827 -0.39372449793163816 3.45669597416041e-13)
(75.675195203455317 -0.41769200135488982 3.478895718747828e-13)
(75.966808938114411 -0.41891105922241256 3.6550914726309799e-13)
(76.196745045440466 -0.43874824104771626 5.291687055313909e-13)
(76.360727009023321 -0.43150177075457435 1.4528309766732307e-13)
(76.478874610661052 -0.45481728720842768 -2.342082205095773e-13)
(76.539240909356764 -0.44346929664814244 -2.2517663071328406e-13)
(76.557727534144192 -0.47765155732380726 1.3178865089549086e-13)
(76.513648122140097 -0.46684268957543618 1.4142416988525076e-13)
(76.415605964548902 -0.52325464889937534 5.1149599253648808e-13)
(76.236089812701167 -0.52206376056191484 5.1973912199964614e-13)
(75.983604521881944 -0.62753084774056067 7.2472443923625453e-13)
(75.62014461110148 -0.67745687336698279 5.3169872105239485e-13)
(75.148118879672367 -0.89224616551403002 1.1529103845134479e-13)
(74.509481959794471 -1.0833916301169308 1.0671753061917175e-13)
(73.680928169493328 -1.5571626873649111 -2.613346116579943e-13)
(72.601896959624099 -2.1359329930897335 -2.6575219845991421e-13)
(71.229963899276441 -3.2859519375153776 9.5175002501472246e-14)
(69.652087588656599 -4.7614078060065319 6.9052299861054113e-14)
(142.63382471637786 -1.7197936041582913 1.7431685813456829e-15)
(141.5810781247562 -0.14848105257337296 -2.3968919276894506e-13)
(139.40057692521685 -0.078818279422073478 -2.39828459961007e-13)
(137.52078612760519 -0.1630097075751229 -2.4024397464433628e-13)
(135.39011741193136 -0.25406284976879573 -2.4098833494948053e-13)
(133.18524805054773 -0.33682117790791122 -2.4339351206034386e-13)
(130.87780095221464 -0.39839259430358115 -7.2419122243607025e-13)
(128.55320533622813 -0.44058587561074652 -7.3877017736093956e-13)
(126.22497756822649 -0.47395599446000142 -7.4300018361626007e-13)
(123.93832571305119 -0.4881002989566568 -7.5053857615175503e-13)
(121.70778091972909 -0.50105605532597852 -6.3089712876122793e-13)
(119.55625294877171 -0.49618175679718102 -2.5759195261232087e-13)
(117.4929513985231 -0.49979512340294607 -2.5831187965315359e-13)
(115.52780834068281 -0.4862213129475122 -7.7545801084111066e-13)
(113.66251893375527 -0.48692487895428765 -6.5698236504394121e-13)
(111.89864000753103 -0.467726658911091 -3.9943703882269812e-13)
(110.23209725133695 -0.46961884129736819 -6.7131273312561291e-13)
(108.65960466641901 -0.44697795589008588 -6.7663910724454355e-13)
(107.1719366793065 -0.4533950838850126 -6.8396577705376804e-13)
(105.76393898288561 -0.42815026290889752 -6.9090596746801245e-13)
(104.42252877453816 -0.44217081041057266 -9.7429249785766392e-13)
(103.14294746453965 -0.41439875777789786 -9.8236924106477397e-13)
(101.90731479700128 -0.44037757297035601 -9.9193724352815276e-13)
(100.70327842361407 -0.41362718622662176 -1.0003753937622718e-12)
(99.493438490947156 -0.46732268771272079 -1.0104959949074408e-12)
(98.254680030900815 -0.46850668380218335 -1.3100576050678274e-12)
(96.909215371614067 -0.58680592508740181 -1.3255974705852826e-12)
(95.394087907789242 -0.6832706474447614 -1.3436989224314214e-12)
(93.53806682303815 -0.97459975961248546 -1.065990987756204e-12)
(91.154388396399327 -1.3653295076202572 -1.0949631071078648e-12)
(87.838377608482944 -2.1986839100310123 -1.1437789583205686e-12)
(82.954505191850131 -3.350805526590408 -1.2222527557039806e-12)
(19.113255183853251 -0.28090186117363669 3.1591014413379448e-10)
(19.339646573600202 -0.29481933779330893 2.7929801539379278e-10)
(19.577982753892066 -0.31354120103694511 2.3668048010719875e-10)
(19.838659278595667 -0.33245556658444503 2.2527783448815986e-10)
(20.111061719159348 -0.34767788952165901 2.5187751379121565e-10)
(20.390652659847905 -0.36528118542694898 2.4776866717295426e-10)
(20.689780700248068 -0.38427740890085998 2.4330530341253694e-10)
(21.002156605866951 -0.40338422526628326 2.4437880423871088e-10)
(21.344592581187317 -0.42966667768437267 2.5487044200713351e-10)
(21.70412404530288 -0.4433854489008735 2.3329964356098075e-10)
(22.071943967131656 -0.47009813446097531 2.7380285590256042e-10)
(22.471002034238779 -0.49021136112988256 2.8339533279266117e-10)
(22.884941621947878 -0.51570094565353475 2.5837311265278534e-10)
(23.328780802832767 -0.53957343087112331 2.4188919273206366e-10)
(23.793317270422573 -0.56588912893407906 2.4090040394952504e-10)
(24.286939908235787 -0.59220078442925528 2.4135302053811331e-10)
(24.805050515923622 -0.62000514752563107 2.3821137904512978e-10)
(25.352219431879501 -0.6489652276916742 2.208388135669006e-10)
(25.926430020781957 -0.67940684270092722 2.1641040657957733e-10)
(26.531122169780346 -0.71099414485881107 2.2690165187585331e-10)
(27.167178040580847 -0.74315348360042011 2.0318956530893668e-10)
(27.836092842286373 -0.77616364776410551 2.1111268427022117e-10)
(28.539250055440828 -0.81002577529044539 1.643282486157925e-10)
(29.278072586389847 -0.84473308190509189 1.2688818567910592e-10)
(30.054184483908074 -0.88045898344350504 1.2371170849119537e-10)
(30.869143555345218 -0.91710642008521615 7.1458241372262337e-11)
(31.724725135859167 -0.95493357807318169 9.69131597935087e-11)
(32.622763336613417 -0.99372299851322321 3.5727395004309221e-11)
(33.565147999663616 -1.0338814311559426 4.2131398180932388e-11)
(34.553925704588899 -1.0749790272870308 4.7538202257878643e-11)
(35.591272485097264 -1.1176671050379998 4.1211268380326105e-11)
(36.679405238653018 -1.161356251090564 2.2978389469420198e-11)
(37.820790883854471 -1.2068276371111681 2.2738828525180043e-11)
(39.017978400809241 -1.2533976201333055 1.3562061213016653e-11)
(40.273683368148276 -1.3019655143302198 -1.3060317811632241e-11)
(41.590790125115511 -1.3516759478115572 -1.2769899483570321e-11)
(42.972359355625073 -1.4035999225436149 1.3563341085392442e-11)
(44.421808622331895 -1.4568510764831513 4.5073815501790456e-12)
(45.942343908692429 -1.5126014097914651 2.6574353195197904e-11)
(47.537984508253849 -1.5697456672025785 2.2080736177214869e-11)
(49.212503535493617 -1.629811794238772 2.1775371019690503e-11)
(50.970252534851213 -1.6914295707036555 1.3200762579752822e-11)
(52.815783659577427 -1.7563832416378904 -1.2518411428928583e-11)
(54.754080194229061 -1.8231291984381932 -3.7647134265958963e-11)
(56.790219293825068 -1.893455789555258 -3.3241294864960197e-11)
(58.929996925895409 -1.9659623244359345 -2.4713045590762934e-11)
(61.179457188875062 -2.0424485094238443 -2.7229281830943468e-11)
(63.545102869408488 -2.121433359166454 -3.0651345751324021e-11)
(66.033702848458304 -2.2049196843108776 -2.6292508964456357e-11)
(68.653599663488279 -2.2914025002596583 -1.4007140185539321e-11)
(71.412234343009587 -2.3830307278373071 -1.8023346130035269e-11)
(74.318935513596145 -2.4779777809617305 -1.7812497470160472e-11)
(77.383415941212263 -2.5785089130845877 6.4641243369352709e-12)
(80.616421586927331 -2.6836621561732663 6.3320617710599418e-12)
(84.028581751268391 -2.7948421339248837 6.33639040505747e-12)
(87.633471812857124 -2.9107872856418382 1.0344727369366237e-11)
(91.443854481428588 -3.0348931686374061 6.2633476098751283e-12)
(95.476064863215626 -3.1638748907693759 2.0071763824576349e-12)
(99.744803713979053 -3.3026291626526261 6.051941218584504e-12)
(104.2693532937577 -3.4463865973706538 5.9109206733073328e-12)
(109.06949317072976 -3.6026408101525162 -2.2210125248690001e-11)
(114.16629121681004 -3.7638571243261425 -2.868099643524375e-11)
(119.58586885263138 -3.9391053395280333 -3.1448304020716585e-11)
(125.35290899700448 -4.1224807789573443 -4.3641338625250071e-11)
(131.4988637692004 -4.3210532619068642 -5.5071536763977117e-11)
(138.05428827888011 -4.5285356551820088 -7.4021633171928352e-11)
(145.05878114312139 -4.7517992410932015 -7.3815172859823772e-11)
(152.5527161206868 -4.9893737242788996 -8.5028070074089792e-11)
(160.57675415876446 -5.2432372117129518 -7.7274925794139026e-11)
(169.18784780787237 -5.5104835900800673 -7.897931176964762e-11)
(178.43834610643779 -5.8007612169013196 -8.4113487848921463e-11)
(188.38728143126048 -6.1004186140589223 -8.1283671981106784e-11)
(199.10997722649611 -6.4231745044732946 -9.1154507831251931e-11)
(210.67406972535915 -6.7607824572509525 -8.44135629666258e-11)
(223.18270823039407 -7.1403722585331817 -8.435929932177646e-11)
(236.80562077145788 -7.5691108198896382 -7.3663756828704736e-11)
(251.70555947765908 -8.0330549837892047 -6.0338332806874494e-11)
(268.04174021313764 -8.5211881053591298 -5.5105038795625051e-11)
(285.96264960576849 -9.0247369140694378 -5.0897345121735691e-11)
(305.608356651473 -9.5157263280401061 -4.5561973676740865e-11)
(327.09690481059044 -9.969637890379845 -4.3563504857273523e-11)
(350.49194057989462 -10.328491415800553 -4.1469148298316115e-11)
(375.69526222597136 -10.522299616903886 -2.9920491590854069e-11)
(402.9650934605113 -11.453426557821443 -2.1047464920280308e-11)
(435.08554128030227 -11.851616604953039 -1.5800896206912164e-11)
(470.35749234347497 -11.786122370080966 -9.2599241182840378e-12)
(508.06078120993715 -11.445289705159691 -3.0568879726378791e-12)
(548.2151991706869 -11.081817389626158 -1.6983233767993585e-11)
(591.91458277934203 -11.112247106706061 -2.3203546618340077e-11)
(641.86604503028116 -10.681801713157304 -2.3444299232573308e-11)
(697.21451743489035 -9.4991309859176312 -1.8665371520027202e-11)
(756.64672346456723 -8.1642973057639825 -1.1413243341658408e-11)
(19.749893666723523 -0.96196514299694791 3.4210090241500974e-11)
(20.005481259736065 -1.0091440959546893 4.0523652596469575e-11)
(20.274130740260688 -1.0657227741517417 4.3899533250897845e-11)
(20.575143414976445 -1.1230720699895094 5.297656859160321e-11)
(20.886486835401318 -1.1712478097107151 5.46781032586712e-11)
(21.19761137423858 -1.220797006291241 5.3186246171612942e-11)
(21.532906857970637 -1.2751838490354508 5.3472385063097264e-11)
(21.883572617137371 -1.3338925775324642 6.3526988889285972e-11)
(22.277423254187767 -1.404897132786864 7.2495742715823936e-11)
(22.683498439934976 -1.450120821490136 6.4945828955267451e-11)
(23.083815408703636 -1.5139447054675779 6.6665964899567793e-11)
(23.529708892975851 -1.5724569195848117 6.1388284362173068e-11)
(23.988179994826385 -1.6397453353073175 5.2794957904293405e-11)
(24.482724662696416 -1.7060966098373165 7.049391334733704e-11)
(24.998528001736783 -1.7765467569054241 7.3563606631414468e-11)
(25.546060097681416 -1.8471679617210655 6.4017404261700497e-11)
(26.118519996853603 -1.9200311651845596 6.3914350094878449e-11)
(26.720199608267148 -1.9937083312232764 5.9548498156990004e-11)
(27.347282166098502 -2.0688326041003249 4.6342780254093852e-11)
(28.004756742680826 -2.1464511587700534 4.7462141201947162e-11)
(28.694506570671987 -2.2259874632576948 5.359262253031344e-11)
(29.417572144521611 -2.3076886674884602 4.3969836506654103e-11)
(30.175666857387711 -2.3914630231959775 4.3766662674211814e-11)
(30.97011171449217 -2.4774050127212393 3.4150949301732344e-11)
(31.802666187608423 -2.5656074643719422 4.0369706218020049e-11)
(32.674894905956769 -2.6561170085321022 4.9713365462092526e-11)
(33.588681551289461 -2.7491159740458428 4.6726034860689416e-11)
(34.545821039769557 -2.8445850949467779 5.0013227766955588e-11)
(35.548376359372867 -2.9427777125121239 6.0630895519762164e-11)
(36.598391452459794 -3.0435981089232973 5.339814579227107e-11)
(37.698155079926877 -3.1474173681090805 4.2590894494377984e-11)
(38.84997071069148 -3.2541039097256137 4.5626401803769435e-11)
(40.056383058060369 -3.3640833194537647 4.5299950776464778e-11)
(41.320017421744105 -3.4771867869666755 3.9423619728604452e-11)
(42.643657958162976 -3.5939466456533213 3.2942343337198981e-11)
(44.030423446459665 -3.7141820596777451 3.2419622379606823e-11)
(45.483311952225179 -3.8384378318941703 4.1387870510481904e-11)
(47.006006139635801 -3.9664728828945712 4.9342874525586838e-11)
(48.601776172518008 -4.0990347618991381 4.4050692685983717e-11)
(50.274867983478188 -4.2356305210414815 4.5545703914095563e-11)
(52.029091719179377 -4.3773941394635161 4.6723804812327893e-11)
(53.869118280448056 -4.5236128162636122 5.2022578866189785e-11)
(55.799369681555866 -4.6755181028474206 4.8806464386059653e-11)
(57.825322851732018 -4.8325099377553311 5.4988705944364341e-11)
(59.951872077737924 -4.9958099186560423 5.3514183430254392e-11)
(62.185345545890108 -5.1648477941542339 4.9934479497933082e-11)
(64.531671085796731 -5.3408445182644533 4.541821909669359e-11)
(66.99797614292153 -5.5232654193119064 4.5197613217520947e-11)
(69.590822094217529 -5.7137013422887044 4.0640574981654883e-11)
(72.319070404841838 -5.9111874586545472 3.7511519123958359e-11)
(75.190162369338722 -6.1178896310457791 3.3088261221285752e-11)
(78.214299599675854 -6.3326266396293125 3.9917577562457995e-11)
(81.40037087594763 -6.5578581174345256 3.9742380614202983e-11)
(84.760420117896857 -6.7923798380851252 4.2432077095057876e-11)
(88.305519810735277 -7.0384708252181944 4.0963327633420586e-11)
(92.048743907258938 -7.2957103775029779 4.1722793458908045e-11)
(96.003660811136044 -7.5657551075453471 3.5589201002701463e-11)
(100.1872503504467 -7.8491719395933233 3.1937123493848392e-11)
(104.61422571797813 -8.1471947755497336 2.7728925009613862e-11)
(109.3047765091669 -8.460285581719301 2.7563927836426871e-11)
(114.278402829896 -8.7908090524800837 2.8459810738705479e-11)
(119.55864278803179 -9.1383117134968348 2.6555939279738633e-11)
(125.16798001804946 -9.5062282485717837 3.13579461931536e-11)
(131.13588526220178 -9.8932060222773686 3.0031154325422074e-11)
(137.49213235347528 -10.304344308906019 3.3966944087310898e-11)
(144.27034386644672 -10.73731548127045 3.3834603791721269e-11)
(151.50543195435779 -11.197360042374944 2.9820146811330075e-11)
(159.24253502377758 -11.682298314639766 2.981893708201996e-11)
(167.52297325899528 -12.19825711638037 3.11224527445105e-11)
(176.40170108895086 -12.740473657985929 3.2110969147464438e-11)
(185.93330378127953 -13.318287322388217 2.9737700589262946e-11)
(196.18094036386722 -13.923484543217072 3.0156604625109326e-11)
(207.21311130321641 -14.563829677719152 3.1369677359331089e-11)
(219.11069590300266 -15.235911158885001 3.5126737002924086e-11)
(231.97561292546081 -15.980911873902702 3.1070960625515079e-11)
(245.98947010027354 -16.801402418668083 2.8016698182684274e-11)
(261.30898211546685 -17.678989062967609 2.7775372434403179e-11)
(278.06847027946003 -18.588599014349118 2.7718190317718381e-11)
(296.39188624178962 -19.516817106132013 2.5857523362724844e-11)
(316.39025876330879 -20.418002282277339 2.0946890615014722e-11)
(338.1496902174045 -21.252818508428273 2.1137162154556905e-11)
(361.71792871995922 -21.949154958513994 2.3176270507154014e-11)
(387.01228883681438 -22.38445449439935 2.2261372209620275e-11)
(414.34986301428683 -23.884183253662499 2.709349738554729e-11)
(446.85063878028268 -24.562772036059524 2.8973570850714057e-11)
(482.03287430945676 -24.520558247734428 2.7614338587596226e-11)
(519.31061762284662 -24.052255113518381 2.6771062324976994e-11)
(558.99804258212987 -23.510987964508228 2.600561244604338e-11)
(602.46997411900952 -23.438180584456312 2.4513297701502627e-11)
(652.43091462404516 -22.543666288820884 2.0201770798758179e-11)
(707.20782085079986 -20.382508769561383 1.4928475641947847e-11)
(765.30924641938861 -17.683641837329695 1.4546359656098061e-11)
(19.492491383073446 -1.586922764335722 -3.1431676247736365e-12)
(19.742970012545005 -1.6645813414943447 -2.8071489753310322e-12)
(20.005589149556595 -1.7531011869561797 5.4794680348486692e-12)
(20.3103482673929 -1.8435498147234861 5.7015001744781141e-12)
(20.622553852942435 -1.9250643649838066 3.2039587389901793e-12)
(20.926118124715472 -2.0078243243858265 2.7499425222302323e-12)
(21.258382832385749 -2.0959292657377824 -7.0759261224951011e-12)
(21.605680948080323 -2.1883316894147256 -7.9125322451541543e-12)
(22.009143519057819 -2.2963672263574377 -9.8824678998944606e-12)
(22.417387551343669 -2.3793580712299676 -9.8603455145285158e-12)
(22.80581187162327 -2.4824604397253767 -3.5097421695202629e-12)
(23.253828056946617 -2.5795578961092303 -5.6777925123726118e-12)
(23.70989000605854 -2.6874151763864265 -5.0663076556919602e-12)
(24.208210791642486 -2.7945859311334815 -1.7276827578787408e-12)
(24.726216722106962 -2.9078429467047386 2.9260197555985183e-12)
(25.27826532905943 -3.0222648225272009 5.2172775795473087e-12)
(25.853971106989114 -3.1406739413197058 -1.1507051487433419e-12)
(26.45847621695227 -3.2603681514451472 -8.8324041454141967e-13)
(27.085946758742747 -3.3824881906335107 -7.7677203639516387e-12)
(27.743439986972813 -3.5080519026325141 -9.8276654752351831e-12)
(28.433456364484893 -3.6366531982751655 -3.3700740217484874e-12)
(29.156657675461979 -3.7686570446142427 -3.3987756746899439e-12)
(29.914959115428474 -3.9039943037576346 3.1506493039352416e-12)
(30.709558084937608 -4.0428885594946147 3.0263776434598191e-12)
(31.542275903339902 -4.1854270076818265 4.5059466603085911e-14)
(32.414641847215201 -4.3318004659936227 -1.5424233616638314e-12)
(33.328560720385134 -4.4821504734079962 -3.2225735245617192e-12)
(34.285812177289081 -4.6366556564184629 -4.9973938755634911e-12)
(35.288489131918652 -4.7955052300372225 -8.8906764050441221e-12)
(36.338627871233321 -4.958891374712505 -9.8498073346123069e-12)
(37.438537365919494 -5.1270090556249501 -3.278454105931532e-12)
(38.5905295350599 -5.3000578690892102 2.9980826530598085e-12)
(39.797158821891323 -5.4782730121254115 3.0030656136475006e-12)
(41.061075676934564 -5.6618667446016326 3.4696272630730803e-12)
(42.385082598904148 -5.8511561049406016 3.6989597804487919e-12)
(43.772257596305117 -6.0463745820844998 2.2068635610813232e-12)
(45.225633066995684 -6.2478545364687639 4.8368720019067789e-13)
(46.748828802769069 -6.455848259660951 -3.0134396389154659e-12)
(48.345260082062758 -6.6708606465185092 -7.8591398239337685e-12)
(50.018990626007678 -6.8929892139229381 -9.4400663260872131e-12)
(51.773931807225594 -7.1229015706277297 -1.077920201440747e-11)
(53.614836967743756 -7.3606920973844279 -1.0953267235046409e-11)
(55.545937366456293 -7.6070565726090607 -1.4218467681227762e-11)
(57.572923558112137 -7.8622249562183519 -1.6332252658138985e-11)
(59.70051112532034 -8.1269836350567353 -1.6450855081565696e-11)
(61.935129043621842 -8.4015676637692742 -2.0266549852267058e-11)
(64.282641045289893 -8.6869069313528993 -1.5401556160890752e-11)
(66.75006871441083 -8.9831717457508322 -1.3859353331023844e-11)
(69.344261509050185 -9.2917173778899578 -1.3454037180453553e-11)
(72.074010855016297 -9.612271005563354 -1.4334668640839129e-11)
(74.946473385895956 -9.9470108729175841 -1.8726012310389348e-11)
(77.972126589454774 -10.29516846572265 -1.9890847123225205e-11)
(81.159793988866952 -10.6596316248561 -1.9686831297961224e-11)
(84.521865765062927 -11.039381521466998 -1.8546695544328042e-11)
(88.068350388652419 -11.437424091748616 -1.8337898364676289e-11)
(91.813776644618528 -11.853929800510334 -1.8599050167851044e-11)
(95.770830005806431 -12.289730821058052 -2.0987041906923364e-11)
(99.956675881672112 -12.748542911305337 -2.2712017168213817e-11)
(104.38654875651852 -13.22863082721449 -2.3031971288013078e-11)
(109.08011269375082 -13.734743980016049 -2.3350783506323866e-11)
(114.05729270393039 -14.266763488942638 -2.3362035894400145e-11)
(119.34093699462755 -14.828043820450667 -2.187146395748987e-11)
(124.95586339371475 -15.419165967621433 -2.0017180683930782e-11)
(130.92990978711597 -16.043136755828968 -1.9297324609186074e-11)
(137.29247593170544 -16.703494031152125 -2.0118503003770069e-11)
(144.07878525456465 -17.399413214407307 -2.1146793810978377e-11)
(151.32468047733218 -18.138418431835159 -2.2659505650922183e-11)
(159.07504104592209 -18.91642806451792 -2.1719637165019247e-11)
(167.37083949869395 -19.743827328945731 -2.1800796164791948e-11)
(176.27012518960532 -20.615158545912752 -2.1082550423052094e-11)
(185.82518390946322 -21.539517994531586 -1.9349259342091789e-11)
(196.10444038763077 -22.513102888199594 -1.9922523325586293e-11)
(207.17652136704956 -23.540935898576937 -1.9914808837674076e-11)
(219.12363248064599 -24.620144917044271 -2.1788067704667017e-11)
(232.05756353973615 -25.797793720368649 -2.165460430929118e-11)
(246.18497070661536 -27.07980014707946 -2.0455674534601906e-11)
(261.65528535926973 -28.444926380842368 -2.2334649505333506e-11)
(278.58811555599544 -29.861753028365968 -2.2820189982836495e-11)
(297.08430046065979 -31.310459117544333 -2.0756138221099201e-11)
(317.24375202287888 -32.733033308525314 -2.0874763831727926e-11)
(339.12517274243737 -34.070498055015463 -2.1133534593106701e-11)
(362.769015869295 -35.243886621443032 -1.9061209279546098e-11)
(388.06438194332458 -36.091911255478557 -1.7946503853138371e-11)
(415.48163376622358 -38.102569357861981 -1.5005722647944708e-11)
(448.69531781371006 -39.121571614320743 -1.3926552273240071e-11)
(484.22283841963338 -39.197062159391187 -1.6773077266483074e-11)
(521.51853388137613 -38.651952975647255 -1.719467452724968e-11)
(561.16820043863925 -37.882241182253793 -1.8410644357645688e-11)
(604.87520149084082 -37.502457482909961 -1.6059596957915646e-11)
(655.68450920245573 -35.948061051374928 -1.8839481486130644e-11)
(711.18994551282469 -32.630016115894882 -2.3992331388127436e-11)
(769.67500177134707 -28.161750107605616 -2.4921234147155881e-11)
(19.213192493310558 -2.1111927175603382 3.6480902283187126e-12)
(19.455281701735636 -2.2183865440864055 1.3603795626665164e-12)
(19.70954302955316 -2.3389805913860893 -1.4998101034105908e-12)
(20.015474752378008 -2.4637402951868279 1.112418057357789e-12)
(20.327159332453551 -2.5755106674551227 -6.449553329568162e-15)
(20.621383266904175 -2.6874827130501209 -7.8948671929977738e-12)
(20.94897581101608 -2.8064529508398097 -8.1638929788470474e-12)
(21.291086202532295 -2.9323990997574008 -1.5628726050115681e-11)
(21.703335840886993 -3.0768758242064185 -1.9288304013193139e-11)
(22.113084734142387 -3.1902194164876985 -1.371472214411896e-11)
(22.487531645241489 -3.3261025047618697 -1.8630429904197047e-11)
(22.935784808756566 -3.4578902441734298 -1.8490853348972317e-11)
(23.386954233688616 -3.6022721727006233 -1.3913116758041182e-11)
(23.886807978608065 -3.7468359268021616 -1.857849862351094e-11)
(24.404586629247966 -3.8988234715859162 -1.8636361842270571e-11)
(24.958773824113809 -4.052723962736354 -2.0525438919868235e-11)
(25.535047584523731 -4.2109040222861678 -2.0339063265727419e-11)
(26.139549591012493 -4.3704801822689392 -1.8423856409592348e-11)
(26.764227674839876 -4.5330124724618583 -1.6669372564635132e-11)
(27.418228066867588 -4.7000394137045376 -1.3458909211696394e-11)
(28.104652963871885 -4.8712351594162495 -1.4482273353614794e-11)
(28.823816713642131 -5.0469361984274981 -2.013403707031852e-11)
(29.577814171354646 -5.2271106897208162 -1.8593329046721006e-11)
(30.367720358753402 -5.412028146651469 -1.6831023872299936e-11)
(31.19541410229974 -5.6017988924376336 -1.825688860040517e-11)
(32.062370370751232 -5.7967052230370948 -1.3207839487860813e-11)
(32.97052111468458 -5.996893661395938 -1.1329045025539018e-11)
(33.921621724375825 -6.2026881660868645 -8.9953451751827698e-12)
(34.91777493727907 -6.4142580162467997 -1.2975256111502788e-11)
(35.960987644225007 -6.6319456179399063 -1.1448193416301357e-11)
(37.053572792155471 -6.8559107402148838 -1.3599007509050997e-11)
(38.197831165833293 -7.0865775501316328 -1.2723356090488823e-11)
(39.396319224904907 -7.3240921588169678 -9.3509839403969417e-12)
(40.651666109923418 -7.5689281233754642 -1.5393368733198846e-11)
(41.966686083676962 -7.8212507306343078 -1.2868563537216721e-11)
(43.34443019993391 -8.0815919059727293 -1.0432692769299512e-11)
(44.78796484994335 -8.3501696544960247 -8.7462862817872768e-12)
(46.300838124843374 -8.6276110439744809 -8.0353471536946439e-12)
(47.8864476410726 -8.9141422864249655 -1.4936765960510526e-11)
(49.548828300500581 -9.210431098260413 -1.5338894627252225e-11)
(51.291853723300356 -9.5167804493041714 -1.9888209026762099e-11)
(53.12018333021426 -9.8339684321767997 -2.0861306997949404e-11)
(55.038123007252089 -10.162270471703939 -1.7912604341053901e-11)
(57.051212871777601 -10.502578654179663 -1.5501770876172955e-11)
(59.164145521384249 -10.855367495265666 -1.7679933312737186e-11)
(61.383367973843498 -11.22144249068192 -1.7580489796127141e-11)
(63.714674532526857 -11.601588807161544 -1.9832181257926767e-11)
(66.164820707468493 -11.996600588821353 -1.8866018929438147e-11)
(68.7408276516325 -12.407409647800023 -2.2838510901493654e-11)
(71.451182789939693 -12.83508478516737 -2.4447349916173377e-11)
(74.303379447709887 -13.280652377313549 -2.3935601942336856e-11)
(77.307525124620383 -13.745245561151501 -2.502897659833179e-11)
(80.472135954803605 -14.230214528132995 -2.4507933326515533e-11)
(83.810307346976884 -14.736743514330684 -2.4322598806719774e-11)
(87.330812627675584 -15.266992147987599 -2.3385712241378339e-11)
(91.049586502500318 -15.822018814815056 -2.3270752470602226e-11)
(94.977611326053236 -16.403193832588467 -2.3210712031413958e-11)
(99.13315465067528 -17.014560961634679 -2.5277324953436536e-11)
(103.53186060354072 -17.655111040023531 -2.4578308711085229e-11)
(108.19100105719517 -18.330144639038995 -2.2892160041443417e-11)
(113.13295323916529 -19.03988144595613 -2.278058994541352e-11)
(118.38002312265648 -19.788797564876276 -2.2762598170110276e-11)
(123.95673942965671 -20.577774308882926 -2.2131491512459725e-11)
(129.88985512058511 -21.41158752349369 -2.2546035104701311e-11)
(136.21146024823696 -22.294246177283011 -2.1579663748269693e-11)
(142.95532556247687 -23.224888074329421 -2.089875466678648e-11)
(150.15703083371804 -24.213225995728209 -2.0228498098756062e-11)
(157.86446948481202 -25.255265839770193 -2.1071554429512425e-11)
(166.11554995540618 -26.364076655208986 -2.2153575400189326e-11)
(174.97273363750259 -27.534123062144971 -2.0751163096752e-11)
(184.48670953498794 -28.775058074002782 -2.1879268861079531e-11)
(194.72911989077321 -30.087196069929345 -2.1603292479269489e-11)
(205.76892549927294 -31.471893007166578 -1.8723596912585947e-11)
(217.69107668501888 -32.930921863174078 -1.8547363602346605e-11)
(230.61583464088412 -34.512928907094611 -1.8367220448241912e-11)
(244.78002744613391 -36.229630876759863 -1.8167638861680626e-11)
(260.33715702465577 -38.055257595049504 -1.9489849770349051e-11)
(277.39170748877632 -39.955327483296315 -1.8892044058320737e-11)
(296.02754047226682 -41.901393291476936 -1.9529740327419672e-11)
(316.33459691314334 -43.828136096108814 -2.0731066600354218e-11)
(338.34525855438903 -45.65637821442045 -2.1045683200442086e-11)
(362.07411751674658 -47.302869466283852 -2.0480347973478163e-11)
(387.37151374910883 -48.58081479378837 -2.0067019575297059e-11)
(414.87243431294416 -51.094583176467921 -1.7996266180248041e-11)
(448.97623927611443 -52.441617900616222 -1.7176488734673319e-11)
(485.10942505390869 -52.64891229666182 -2.0010069375473845e-11)
(522.67644479950047 -52.06544515506171 -2.1126012995327297e-11)
(562.50231152503454 -51.092001335526369 -2.242063577984768e-11)
(606.68208356402283 -50.365012281669912 -2.2817182943767064e-11)
(658.76319543985414 -48.117280819254283 -2.4947800765673073e-11)
(715.4928156642319 -43.657614383897311 -2.6602659186959204e-11)
(774.81350700038126 -37.48689224373657 -2.5547627829561344e-11)
(18.707018732205679 -2.5621020689199145 -1.6461337232413102e-11)
(18.933964088785576 -2.6946795673483086 -1.6233395656961729e-11)
(19.173805628373771 -2.8428685317535125 -1.6058061057072473e-11)
(19.472390928997225 -2.9976069631415219 -1.3967851997605393e-11)
(19.77636530172559 -3.1368296305305896 -1.1688045886207949e-11)
(20.055289852456763 -3.275160245174753 -1.1519240933073935e-11)
(20.372140552829958 -3.4212524343985402 -1.1305733638999199e-11)
(20.702556872821216 -3.576774806690953 -6.4276144224551498e-12)
(21.115410121526477 -3.7531851913626642 -8.3617747388509747e-12)
(21.518749779486619 -3.8968082900210628 -9.6574096380983698e-12)
(21.873395825761101 -4.0626486668426471 -1.1875721847798219e-11)
(22.314400618994547 -4.2261609502835205 -1.5511214762952539e-11)
(22.75334018775586 -4.4035622241103107 -1.4902045659538599e-11)
(23.246784149586368 -4.5821213888620269 -1.3226555674984303e-11)
(23.756121518251085 -4.7694489624922118 -1.1815448524072144e-11)
(24.30399505651048 -4.9591635297370216 -1.56237608060467e-11)
(24.872267011204276 -5.1538893231661973 -2.1175406709571442e-11)
(25.468382889786334 -5.3502979670893422 -2.4668384175108945e-11)
(26.081991304501912 -5.550139216257965 -2.2850932651996511e-11)
(26.724305117499966 -5.7551828219060299 -2.0372947844137923e-11)
(27.39878898246991 -5.9653198795637028 -2.0325629295102926e-11)
(28.105512856731913 -6.1808780547510471 -1.8751107117120492e-11)
(28.846666788908543 -6.4019116846865138 -1.8985563187208914e-11)
(29.623240533170137 -6.6287647293819445 -1.5844654797978777e-11)
(30.437134947815448 -6.8615815926755204 -1.137185025333732e-11)
(31.289788689943734 -7.1007515698832586 -1.5842411190338995e-11)
(32.183136790999356 -7.3464231006969971 -1.8058733555868279e-11)
(33.118920029529974 -7.5990596063180931 -1.7600596229100609e-11)
(34.099231860741057 -7.8587713748025676 -1.5140984624840245e-11)
(35.126059853649288 -8.1261038830942489 -1.4556252722859115e-11)
(36.20173016369224 -8.4011382373287482 -1.3987587298276437e-11)
(37.328492447230154 -8.6845229312277095 -1.0782632260175646e-11)
(38.508908797565553 -8.9762642436268614 -1.3803819069908899e-11)
(39.7455772684905 -9.2771762872956334 -1.1826595047671267e-11)
(41.041316134095247 -9.5872037944054007 -7.6314449248000146e-12)
(42.399114575971346 -9.9072934926213101 -7.6062108711509924e-12)
(43.822075562899649 -10.237348221821099 -7.5630214748537743e-12)
(45.313643716804982 -10.578455747526768 -1.0939567262599236e-11)
(46.877269615251457 -10.930499261075347 -9.9178282765128865e-12)
(48.516888521804674 -11.294734510708635 -9.5220256931776982e-12)
(50.236356281205204 -11.671044234831067 -9.4777241476475247e-12)
(52.040206272504392 -12.06083250006119 -1.1534390008240427e-11)
(53.932806053110717 -12.463977479566342 -1.1475965845477693e-11)
(55.919395832762341 -12.882085304740952 -8.2912239572876051e-12)
(58.004872788415248 -13.315241819470469 -7.6928801281483277e-12)
(60.195367202020535 -13.764694052479134 -7.1062542178346e-12)
(62.496614280695091 -14.231235208002355 -7.5769325603822762e-12)
(64.915397803194793 -14.716178026436744 -7.5190098947529032e-12)
(67.458555474018169 -15.219973809458098 -7.7060009460534133e-12)
(70.134348512993085 -15.745091063407354 -8.1915262468759539e-12)
(72.950269512158911 -16.290918218242542 -1.082911345016446e-11)
(75.91607908998148 -16.861616627681574 -9.2050635035226423e-12)
(79.040757187604768 -17.455691722816059 -8.2636706681902429e-12)
(82.336316617366705 -18.077413041524409 -6.032209110966711e-12)
(85.812180696561839 -18.727405207797833 -7.9711736633773183e-12)
(89.484266647088077 -19.407923551680238 -7.8543927894202792e-12)
(93.362475875682549 -20.12153073366704 -7.76730231474541e-12)
(97.465724605189749 -20.870005230720807 -7.7927325352281637e-12)
(101.80934970790143 -21.657117123208632 -9.6153572539334134e-12)
(106.41023176093006 -22.485058796035364 -1.0298455548617309e-11)
(111.29147345198091 -23.356317110893396 -1.0221196337125694e-11)
(116.47421446822712 -24.275650956378396 -1.0167646951593152e-11)
(121.98395241566624 -25.245277906393994 -1.0196426411436025e-11)
(127.84544537163777 -26.271176531756929 -1.0198427980101448e-11)
(134.0936546069081 -27.354591333139236 -1.0139599562354162e-11)
(140.76152082686167 -28.502944099756338 -1.0099955379112472e-11)
(147.88407588429735 -29.717761223422908 -1.0359998701478721e-11)
(155.51045987466563 -31.005783761145629 -1.198385961302398e-11)
(163.67593206357029 -32.373898215253696 -1.3292472426063835e-11)
(172.45015418094326 -33.820572536231928 -1.2489856574559409e-11)
(181.87891723106927 -35.357855927317978 -1.2533047080070499e-11)
(192.03786491272066 -36.987726226807617 -1.2408177484374589e-11)
(202.99926941715688 -38.707319081184501 -1.2420885432150665e-11)
(214.84629850336148 -40.52810117627088 -1.2350038241467683e-11)
(227.71224266403371 -42.49616493345372 -1.2571828248541453e-11)
(241.86072653535575 -44.632557081386459 -1.3329436120734298e-11)
(257.45340561913065 -46.903542124090407 -1.4335672745456735e-11)
(274.58362956875561 -49.286606378349653 -1.4343004042893281e-11)
(293.31881706986223 -51.72649951411438 -1.4716293520187893e-11)
(313.74530096788988 -54.167354792327309 -1.6220296411526613e-11)
(335.86985448297492 -56.502528734193831 -1.6191325218053605e-11)
(359.68218477517269 -58.644833254754083 -1.6374880338275615e-11)
(384.99023228976512 -60.380155312715985 -1.5853647046894291e-11)
(412.60410613911046 -63.440309523295504 -1.7457966256306371e-11)
(447.6727198575735 -65.171151716332531 -1.8423824077196699e-11)
(484.53509091242233 -65.571476780243671 -1.9147557566104958e-11)
(522.51571199107059 -65.020858521471681 -1.968192318726249e-11)
(562.67439912996736 -63.901050256022081 -2.0904810025724805e-11)
(607.49222756826816 -62.855551807149077 -2.1581778289143271e-11)
(661.06044280221727 -59.91608408273256 -2.1774579664361961e-11)
(719.35381373050132 -54.350557220652007 -2.0492408893774861e-11)
(779.86179131407187 -46.325794678143659 -1.7528573719769659e-11)
(18.179383496756778 -2.9103069228856437 -6.1484546070406051e-12)
(18.388727256521854 -3.0663870181692565 -1.9445128152287684e-12)
(18.612152457381058 -3.2410372555708937 3.4728098041941062e-13)
(18.899707808235419 -3.4249162389438701 7.5394431160816458e-13)
(19.193535822287842 -3.5890543665206893 8.7718935131614311e-14)
(19.455898824552794 -3.7508687699537155 -2.4105722943987477e-13)
(19.76035682535742 -3.9216454334667135 -2.1035688835016608e-12)
(20.07736898005048 -4.1054838567305714 -2.1093385106887434e-12)
(20.487448851658748 -4.3122858758862614 -2.4778732457084049e-12)
(20.88234896745837 -4.4813016957733796 -6.5432770546348819e-12)
(21.216429726511127 -4.6728769391314433 -6.4747266003662474e-12)
(21.647807308769067 -4.8646761988091782 -7.1238145261809202e-12)
(22.072322411220952 -5.0716505895622443 -7.2366967442483888e-12)
(22.556479148937196 -5.2809758920650536 -4.7627872566743513e-12)
(23.054424850683095 -5.499915364481951 -1.7650925392245888e-13)
(23.59279279110088 -5.7217449683971688 2.2791543396989043e-12)
(24.149859468814689 -5.9490452555752187 8.9563755886601726e-13)
(24.734349006732874 -6.1779349732309043 1.0788608053760416e-12)
(25.333728418458541 -6.4104472454269068 2.5630261280184944e-12)
(25.961092756007904 -6.6487921690542535 6.9152020397497667e-12)
(26.620137606781775 -6.8930701396672287 6.884953021079858e-12)
(27.310790749423756 -7.1435664483950383 1.0214677834355709e-11)
(28.035290970998851 -7.4004323469729059 1.2080982377352445e-11)
(28.794576473651073 -7.6640729549988205 1.2041257854312334e-11)
(29.590551647666047 -7.9346572314084787 9.8991856405813446e-12)
(30.424632987375379 -8.2126999216392207 9.7708477223973889e-12)
(31.29875256910379 -8.4983125757161222 4.7028332689015386e-12)
(32.214632824068552 -8.7921603516457907 3.7078732310427776e-12)
(33.174361697051552 -9.0942072964145311 3.4317399714628667e-12)
(34.179908136693328 -9.4053172655960537 3.4193013220574247e-12)
(35.233597737200043 -9.7253190488638346 4.5147461887028225e-12)
(36.337644338516405 -10.055233412385512 3.2450845107398488e-12)
(37.494627258370421 -10.39479234603558 -4.5910710059919238e-13)
(38.707074676024469 -10.745301523497389 1.1694357133914956e-12)
(39.977846722265859 -11.106205358773357 2.2348622306739656e-13)
(41.309783434718739 -11.479156011792211 1.5457719031895029e-12)
(42.706099058016129 -11.863449010774529 1.1568493010826751e-12)
(44.170052405951004 -12.260974637862793 1.9713611803671324e-12)
(45.705204404605468 -12.670917285506119 2.2394556220391164e-12)
(47.315265394483745 -13.095406659700505 7.3462236885387873e-13)
(49.00425046710523 -13.533439337622974 -1.0503365767561161e-12)
(50.776383164756091 -13.987758146427554 -8.4853156512937353e-13)
(52.636239340171386 -14.456802580676456 -8.2149756193908015e-13)
(54.588601829700735 -14.943937998202349 1.1156968359807398e-12)
(56.638696355697618 -15.447798065293435 1.1448182043814292e-12)
(58.792116064408134 -15.971099599624162 2.1391803707362798e-12)
(61.054719555788921 -16.513733402951544 2.1465974756018497e-12)
(63.433291509855827 -17.078248987770323 2.8628274496164232e-12)
(65.934176258957805 -17.663703166767238 3.0821491014499309e-12)
(68.565725897401933 -18.275012003941235 1.9851838558823903e-12)
(71.33517954635343 -18.908782444048899 1.7114832749835323e-12)
(74.2519316165791 -19.573295426719994 2.0063547942631755e-12)
(77.325796061063699 -20.262910882466095 1.0458149530320643e-12)
(80.566631644389517 -20.986571758722818 3.4526844103177476e-12)
(83.985632998392234 -21.74161436634099 5.2812593011469021e-12)
(87.597305979458213 -22.53308601859851 6.2749429949489266e-12)
(91.412400532532786 -23.362927909742975 8.0839714803471624e-12)
(95.448529713954386 -24.233628805678144 9.7925342697984647e-12)
(99.720581520914735 -25.148893459061057 9.5795947228222292e-12)
(104.247734396545 -26.112715310548754 9.2149280993355764e-12)
(109.05058672679195 -27.12624217215906 9.7130652480523419e-12)
(114.14987020610126 -28.199007257335474 1.0112994784892908e-11)
(119.57158635425316 -29.326720810891629 9.9449393788134471e-12)
(125.3420474380556 -30.526027834575501 9.6502327294679996e-12)
(131.49474368799673 -31.787285931943742 9.5341238760431281e-12)
(138.06104341798618 -33.132779866903711 9.0874317721858564e-12)
(145.08010566659928 -34.549224342795299 9.1190107155124516e-12)
(152.59496354049537 -36.063535007620587 9.0751372816884024e-12)
(160.64928837835535 -37.662268946606098 8.9792927161150032e-12)
(169.3091050343981 -39.36603189097724 8.3462569443306477e-12)
(178.61743524057849 -41.172771383045621 1.1462674016181657e-11)
(188.66053132061501 -43.096161293066487 1.1617668244134801e-11)
(199.5063114312016 -45.128914205627723 1.1487566112165728e-11)
(211.23618686113369 -47.288091112068251 1.1650633072566277e-11)
(224.00331876000584 -49.623035977290016 1.1472959675021268e-11)
(238.09346576254899 -52.161943496774121 1.0082377331604358e-11)
(253.67898990981246 -54.863913284717405 9.7033350307099564e-12)
(270.83755235579798 -57.724925022156988 1.0158031695882193e-11)
(289.64204196638224 -60.652775481560468 9.5592429490509101e-12)
(310.15569613512122 -63.616036440628626 8.8567398594235073e-12)
(332.37956943611459 -66.465941137308633 8.4527903792401276e-12)
(356.27091997305632 -69.124573049463322 8.2963465371138015e-12)
(381.59389768508601 -71.336157840713682 8.3191787764617511e-12)
(409.34178801511172 -75.009626085253743 7.0980235751179836e-12)
(445.43192420806452 -77.187158464323005 4.3308820231215227e-12)
(483.14278167171534 -77.839872463397555 7.8491852786091836e-13)
(521.67249077306622 -77.366157215851374 -2.553421525695272e-13)
(562.32042535357766 -76.154564682933938 -2.5038623065546599e-12)
(607.93729780705291 -74.830467985817492 -3.8600561185237221e-12)
(663.23324329359741 -71.178455455823737 -5.3129891510577377e-12)
(723.39166430902242 -64.573786897861069 -6.0374743929016871e-12)
(785.47073097090833 -54.617368661349317 -5.1586820121037267e-12)
(17.591950913204919 -3.1841377757674021 1.7615093827437249e-12)
(17.781777892965525 -3.3611533679997638 2.0885277729736023e-12)
(17.987456386617723 -3.5597950921751504 5.0374070701165821e-12)
(18.260643998745177 -3.7703694518898088 1.7584603326115293e-12)
(18.542220149316314 -3.9573726866284562 6.2334259088971467e-12)
(18.787268325907242 -4.1403243035394199 8.3167311459076161e-12)
(19.078242654576201 -4.3332352314551841 7.4465026557555047e-12)
(19.380682982092114 -4.5428058562547546 6.2504546714120865e-12)
(19.784901060282703 -4.7773642301600248 6.2371922175724792e-12)
(20.169212894589347 -4.969815437705563 5.4666073395432508e-12)
(20.482593736432349 -5.1843153890195648 6.5046259946297714e-12)
(20.902465164910758 -5.4014098228321661 1.0620925423718334e-11)
(21.311085670976233 -5.6346396392546376 1.0627179878040384e-11)
(21.783730757486335 -5.8713128030853765 1.0549122593297691e-11)
(22.267999306695415 -6.1185062971018764 1.0739194152189516e-11)
(22.794358506363928 -6.3689946372349082 1.498347812372864e-11)
(23.337655104304059 -6.6253179199382721 1.5267669108190724e-11)
(23.908026177696478 -6.8830145932353561 1.6037432829929845e-11)
(24.490848995533646 -7.1444130748340351 1.8033109444182072e-11)
(25.10098101083398 -7.4121039275206515 1.7839969741086244e-11)
(25.742167716244445 -7.686449193584199 1.7734730576415116e-11)
(26.414302482403087 -7.9677155310160517 1.5590525374851526e-11)
(27.119607436274467 -8.2561322564569846 1.5482878450517486e-11)
(27.859017029538709 -8.5522111548561544 1.32364551775393e-11)
(28.634406585916189 -8.8560984726661172 1.3010123325905653e-11)
(29.447227792984751 -9.1685053094798423 1.2119289796696651e-11)
(30.29934227867426 -9.4894306404873809 1.1498181966817184e-11)
(31.192539900885478 -9.8197701704014637 1.1411528345891694e-11)
(32.128841930039506 -10.159356342072195 1.1292070198776603e-11)
(33.110217524991725 -10.509313992743413 1.0821261104234466e-11)
(34.139036757079651 -10.869250110307082 8.1347014394332541e-12)
(35.217428791208128 -11.240611849877677 7.2160544374973758e-12)
(36.347974849604356 -11.622699874941755 7.0694394492203539e-12)
(37.533237739578318 -12.017385372950987 5.1850658696200362e-12)
(38.776023859216174 -12.423628952073486 7.2621948450051544e-12)
(40.079053303778267 -12.843733055550832 7.1343717272284389e-12)
(41.445720277835548 -13.276350111563659 5.2016494508107293e-12)
(42.878970982932593 -13.724234616507639 4.298807378740041e-12)
(44.382554386271828 -14.185664605233802 3.6677675261243138e-12)
(45.959959211598587 -14.663928001916814 2.1674541788919599e-12)
(47.61509362047719 -15.156976965464569 4.5125185923478724e-12)
(49.352346820437539 -15.668599195165744 4.4047546567474395e-12)
(51.176151956967679 -16.196509894583166 4.4400528621387021e-12)
(53.09055404797251 -16.744803334989246 4.5204871998190505e-12)
(55.102009064687842 -17.311460519212972 4.0584537808541714e-12)
(57.214627318049239 -17.900454081535138 2.9140755619533547e-12)
(59.434811936289272 -18.510238789311824 2.8699375691157057e-12)
(61.769206857978098 -19.145193976073621 4.6615489042887164e-12)
(64.223620082192241 -19.802729392281048 4.5784471063197234e-12)
(66.806765068526332 -20.489998823902756 4.0591964623104984e-12)
(69.5251607802048 -21.201908653422439 4.4343310562030051e-12)
(72.388002995543658 -21.947932860407732 5.3226270372152744e-12)
(75.406399744791159 -22.722384976119983 4.8682456232636973e-12)
(78.586563979432469 -23.535450794548055 3.9268499028865965e-12)
(81.943749727275545 -24.382255706891733 2.1480111089454467e-12)
(85.488547981119211 -25.271723428403838 8.117013831553804e-13)
(89.23329962810169 -26.2022785076853 2.3385308329470212e-12)
(93.195122590500191 -27.181812150870133 2.5320694571908376e-12)
(97.389136111673949 -28.207626811795766 2.425559346788666e-12)
(101.83308557969781 -29.292618263462803 2.9580307083728046e-12)
(106.54688675190187 -30.430116515010504 4.4399144373049743e-12)
(111.55308150806499 -31.638279793249438 4.2208709024113031e-12)
(116.87781654247473 -32.905101817411726 3.1584096196814074e-12)
(122.54260091285312 -34.257744269903732 3.4052936180190448e-12)
(128.58694468793917 -35.676428547822738 2.991967652807046e-12)
(135.0365032826229 -37.196785232667374 3.9591968780320186e-12)
(141.93563761255734 -38.793468624961584 3.6285415911622556e-12)
(149.32105988167652 -40.509703920343334 2.2641449355268581e-12)
(157.24721157591341 -42.314062181920924 1.9818942408559176e-12)
(165.76619636982926 -44.253153625107856 2.0529557035744992e-12)
(174.93552935696033 -46.301378485520921 1.3934915001852768e-12)
(184.83327804753526 -48.494222850714991 -1.4686077128206905e-13)
(195.53451146107946 -50.814607488334275 -1.1058652955062378e-12)
(207.11552928130962 -53.292483588129429 -1.1724718713073868e-12)
(219.74935353953512 -55.966161470114983 -1.2241435882621077e-12)
(233.74561551684397 -58.891699920100848 -1.7471523146009113e-12)
(249.27909686776633 -62.010888025242252 -2.9413133891017404e-12)
(266.42240175411087 -65.336743571054924 -3.487317864408332e-12)
(285.25687132004111 -68.754206275552704 -2.9654186033494414e-12)
(305.81488617731583 -72.241230563381478 -2.0109617128187205e-12)
(328.11232917927697 -75.61739743619863 -2.0916188146291161e-12)
(352.05923559384428 -78.804993354470412 -1.2579046285144868e-12)
(377.39653701579067 -81.521326903744651 -9.3787638097348678e-13)
(405.27956923758472 -85.870883512423489 3.3029019362033273e-13)
(442.41414663451019 -88.588983988894398 -3.0406120091104317e-13)
(481.04571119430051 -89.560247033745611 -2.5950569661245608e-12)
(520.24453576172618 -89.225281678162062 -2.8183961169316322e-12)
(561.48907490965667 -87.976714380027872 -4.2952942510474788e-12)
(608.04154042193829 -86.432378068513586 -5.156564910359135e-12)
(665.24315785962733 -82.06179734243743 -6.1803108464934118e-12)
(727.43466178832921 -74.414992240154703 -6.6142772371552931e-12)
(791.53631751724959 -62.535948225586594 -6.4231215115742701e-12)
(17.006146443865333 -3.374759981905036 -6.1750320575200546e-12)
(17.175372504629767 -3.5712598568723832 -2.1734136757739186e-12)
(17.362534211620822 -3.7930359034942396 -2.0095044694789733e-12)
(17.619198060839587 -4.0293992046246725 2.1978638347716496e-12)
(17.887299544344248 -4.2376688142101777 5.1710089605417586e-12)
(18.11514224026763 -4.4397274982055244 5.6931876717156109e-12)
(18.392232687990347 -4.653045916537053 6.985349904332347e-12)
(18.679777868006987 -4.8868827410695364 2.417843039363971e-12)
(19.076004251721187 -5.1475912359956961 1.8652156590839403e-12)
(19.448848862220981 -5.3602163416711459 8.0201388937994288e-13)
(19.742163156106763 -5.5947411913229228 -3.2504923579074799e-12)
(20.149538579321728 -5.8341867235507419 -3.1609803988100009e-12)
(20.541570964283032 -6.0907316225319592 -1.0846023838357187e-12)
(21.001359088114206 -6.3516030874106777 -1.0541399146525404e-12)
(21.470527150074282 -6.6238258716199159 -1.011486067281822e-12)
(21.983206246271003 -6.8995610559423985 9.5678114836390031e-13)
(22.510997816136285 -7.1813658441422179 1.1445190771396722e-12)
(23.065560133296472 -7.464136672894397 1.5427953615015405e-12)
(23.630265169761913 -7.7505648253628587 -6.1601942960015576e-13)
(24.221613477000581 -8.0436440852376805 -3.1429197138620332e-12)
(24.843216284832593 -8.3440471838956185 -3.1770569391417548e-12)
(25.495078521165297 -8.6519597913560204 -5.1986698658202961e-12)
(26.179307207842314 -8.9677858074516728 -5.0477467479389942e-12)
(26.896932121479225 -9.2920254609450481 1.0464944626727847e-12)
(27.649739952997948 -9.6249770598410631 1.1531887192725016e-12)
(28.439259471016424 -9.9673023575380597 1.0917484705561848e-12)
(29.267304524293731 -10.319197834376871 4.9315971144657673e-12)
(30.135704816364917 -10.681423250182673 6.5341969642695159e-12)
(31.046436432937892 -11.054102577451607 4.3737556346065429e-12)
(32.001576469256143 -11.438114069653064 4.6760981011832067e-12)
(33.003310833413614 -11.833421934094611 6.4461124090043893e-12)
(34.053969149696087 -12.241193002638699 6.9997171142555506e-12)
(35.156013011903504 -12.661149317393177 6.7575902007039705e-12)
(36.311992051988042 -13.094742793917701 6.7933155474358769e-12)
(37.52472400202798 -13.541531936975966 8.891388331122137e-12)
(38.796972861846093 -14.003243282340541 9.7148850098019129e-12)
(40.13197714585278 -14.479174927667225 1.0950517814149425e-11)
(41.532739612767422 -14.97150562748965 9.2265532036915479e-12)
(43.002966937961276 -15.479197175375507 7.8896118205853106e-12)
(44.545937818740619 -16.004941324567138 6.6956989898354864e-12)
(46.165895353772463 -16.547393909859174 7.6011562911615576e-12)
(47.866439670846887 -17.109551388019888 3.8358627461916735e-12)
(49.652568565566291 -17.690180897266711 6.0146349826676483e-12)
(51.527898928510069 -18.292620354363745 6.0045084349468906e-12)
(53.498866786579832 -18.915099054024793 5.9753078938377313e-12)
(55.569131695467746 -19.562352234533797 4.2230282955573101e-12)
(57.74539903041169 -20.231494538566061 4.1075974829896811e-12)
(60.033988628355111 -20.928627830063864 2.3169806177363946e-12)
(62.440246633456823 -21.65016808656684 2.4281738031796604e-12)
(64.972703122458199 -22.403615137443683 2.2993984678451676e-12)
(67.638592378027553 -23.184946692220905 2.2962884752047636e-12)
(70.445318583139581 -24.00193469635262 2.779996215820482e-12)
(73.404609503293429 -24.850898217559354 1.7051275711699666e-12)
(76.522528895837681 -25.74217427407196 2.4787096788864794e-13)
(79.81456440005033 -26.668733345662773 5.2536326465712302e-13)
(83.288983545593268 -27.644565811064183 7.5542722583565513e-13)
(86.960052389764414 -28.662112652024096 3.0966452149677111e-15)
(90.843908521560394 -29.736599499337242 -6.6021469072304751e-13)
(94.954859293365004 -30.858855938717994 -1.14253654819326e-12)
(99.309354746243571 -32.049442823717101 -7.6219612015056784e-13)
(103.93055415139756 -33.295066978661843 -1.0620322822700839e-12)
(108.83712098969852 -34.620016736562853 -1.5004004813613774e-12)
(114.05594596649433 -36.010486577534863 -2.7884335924341611e-12)
(119.60802532819685 -37.494629419432968 -3.5867234437370172e-12)
(125.53542732742638 -39.053787106592807 -4.5609586250363289e-12)
(131.85708385749183 -40.72580641661029 -3.8288880991145443e-12)
(138.62562760708391 -42.483530049120759 -3.8751244696143937e-12)
(145.86928608811013 -44.375553439529376 -4.5931687814374015e-12)
(153.65174784537734 -46.365821562179676 -4.6142440556585792e-12)
(162.01312356530255 -48.512790231718107 -4.5246016180346978e-12)
(171.0269612778574 -50.777903642993145 -4.5671045491291436e-12)
(180.75698926744735 -53.216167094606135 -6.0082808671681126e-12)
(191.29074927906723 -55.796246171191811 -5.9674378377010205e-12)
(202.69661367877109 -58.568888693831987 -6.0513213181354483e-12)
(215.17052544298863 -61.55373530920523 -5.1569654520844129e-12)
(229.02989313502206 -64.847867635071182 -5.9823064847469173e-12)
(244.47267080738897 -68.364575137498278 -4.4213236913984631e-12)
(261.55400548511835 -72.141544407107929 -4.0529614704040328e-12)
(280.37116279245828 -76.04164888335562 -4.7685206358642902e-12)
(300.93503077995132 -80.053440300298021 -4.2962007281882479e-12)
(323.27005404499312 -83.96219698608202 -4.2978500491109064e-12)
(347.24789145436625 -87.689617169459893 -3.9337566512217572e-12)
(372.57450566389173 -90.937511981227331 -4.6533658790137736e-12)
(400.59882775345483 -96.011189565936235 -3.3669282139672357e-12)
(438.76468203219326 -99.392089648715583 -2.7807830156214447e-12)
(478.38379339684184 -100.74463133196426 -3.8945848885253539e-12)
(518.33951677589141 -100.61807192331419 -4.1850012533883721e-12)
(560.29796873475368 -99.374367219004228 -5.2821483077345155e-12)
(607.91205391922153 -97.678457462004829 -6.0137548361669591e-12)
(667.19585721488988 -92.606459656834161 -5.5551202172375372e-12)
(731.60328882512033 -83.915099226331591 -5.6245800391009978e-12)
(797.83993061221395 -69.834280886295588 -6.3750764610220786e-12)
(16.417300033821519 -3.5015654200054431 -2.7839925003715083e-12)
(16.565591287054872 -3.7164630805401075 -3.2795720682612365e-12)
(16.734375127162032 -3.9607908429228482 -2.2705126984007191e-12)
(16.973472993433141 -4.2221254461286062 -2.3901646339083731e-12)
(17.227972531408124 -4.4506855968452035 -5.3796817553594831e-12)
(17.439547399938203 -4.6704763575575443 -5.2814822144203966e-12)
(17.703411650976591 -4.9027502743434468 -5.334500504491633e-12)
(17.976709049486153 -5.1591213449369384 -5.3539624985002086e-12)
(18.364027720687542 -5.4443842197978825 -6.7445386140415963e-12)
(18.725392665674779 -5.6749828232805575 -4.7984935017246765e-12)
(19.000062483503431 -5.9273357414605341 -5.4574088493382062e-12)
(19.394993022276406 -6.1863848197469142 -5.3553177311610235e-12)
(19.77070332798715 -6.463516672929126 -2.6974798780853343e-12)
(20.217319206091165 -6.7454897111018397 1.3272052776059154e-12)
(20.670928510816118 -7.0396479322095544 9.2018733232185302e-13)
(21.169262585658252 -7.337318103703157 9.5848232251567642e-13)
(21.680770982790385 -7.6412438500322049 8.4643594036457458e-13)
(22.218789001795127 -7.9456086136340263 2.6917418150872936e-12)
(22.764761643365169 -8.2535147102209958 8.6070860664856139e-13)
(23.336712955603645 -8.568348411977702 8.9379830787289637e-13)
(23.938010005361569 -8.8911148797980921 8.5461841782166934e-13)
(24.568825725556319 -9.2219224874017609 8.3021957017490587e-13)
(25.231163366512821 -9.5613803695030057 7.6037317770367955e-13)
(25.926133726225437 -9.9099422604921905 7.2580697982028939e-13)
(26.65549669718359 -10.268121798971785 7.1893394686330194e-13)
(27.420829046393109 -10.636469261177089 2.6511065587226705e-12)
(28.223944202931111 -11.015444936966521 1.2896366547027062e-12)
(29.066724740758143 -11.40563459119104 -1.781349961259456e-13)
(29.95113457729418 -11.807442726134612 -1.0675007142362301e-12)
(30.879313427441669 -12.221534293723682 -1.0506647108008222e-12)
(31.853436810057325 -12.648246745132916 2.908800508816052e-13)
(32.875895475213717 -13.088378728145758 -1.1818341016789587e-13)
(33.949107093131992 -13.54219442553171 -1.4204832599194381e-12)
(35.075735729741488 -14.010616606106248 -2.0571649693075895e-12)
(36.258474586490983 -14.493851210250853 6.2831043114045413e-13)
(37.500219593284235 -14.992956494022785 2.2212896064370891e-12)
(38.804064047680548 -15.508081853413564 -1.7983300532934621e-12)
(40.173119950443748 -16.040476928270529 -4.9771234499585356e-12)
(41.610896212824407 -16.590153877227788 -9.2475861006549747e-12)
(43.120807249348651 -17.158692545926712 -9.3243273465495261e-12)
(44.706771288940082 -17.745864750562891 -8.7837574712990012e-12)
(46.372564650763351 -18.353752725685563 -1.0100708248420627e-11)
(48.122759314555147 -18.981814628154101 -1.0502312283301703e-11)
(49.961205023643849 -19.633007823209713 -9.0205357283078466e-12)
(51.893730025351324 -20.305674941444593 -8.9710358373872269e-12)
(53.924007255307792 -21.005005676892356 -8.9166433225710215e-12)
(56.058909008885315 -21.727085583279774 -8.8903202544733525e-12)
(58.303627383336639 -22.479732902302583 -8.7652136857576936e-12)
(60.664289427665132 -23.257928864108393 -8.7324273802615633e-12)
(63.148221024125128 -24.070006259524657 -8.5400684795371151e-12)
(65.763123476812609 -24.911754021701633 -8.4460959073402834e-12)
(68.515927262814898 -25.791939723616778 -8.0576461889013097e-12)
(71.417547014038206 -26.705400708117686 -8.2830914561958789e-12)
(74.47410850411039 -27.664934545984085 -7.7491014032426649e-12)
(77.701561629999958 -28.660324779771052 -7.4441662500661002e-12)
(81.105576403698848 -29.711870210368314 -8.2071691662814275e-12)
(84.703174720880384 -30.803205720411395 -7.122094714351529e-12)
(88.507109953367447 -31.960019476461575 -7.3857375135517644e-12)
(92.533431808168558 -33.165454012537587 -7.8463466049249575e-12)
(96.796736354003315 -34.445715457422573 -8.1179940492368101e-12)
(101.32248150618878 -35.783892657193952 -8.2068812538879938e-12)
(106.12427525326862 -37.209598957884737 -7.1353864664033194e-12)
(111.23373358277328 -38.705658821911442 -7.760810139121898e-12)
(116.66779478604008 -40.302504974888507 -6.6612284098274866e-12)
(122.46995321009247 -41.982430057956272 -7.3478017165234982e-12)
(128.65788147118252 -43.784772262979992 -7.723992294942504e-12)
(135.28616485317454 -45.681951959098583 -8.9142751407277471e-12)
(142.37815327471159 -47.726004058124502 -8.5188482048706357e-12)
(150.00444239150661 -49.878911077125288 -8.5301446169567466e-12)
(158.19590005207507 -52.207412241135792 -8.4915121980359244e-12)
(167.0384863149622 -54.663313415676853 -8.514978147743559e-12)
(176.58243979058065 -57.321063961181459 -8.5809872156129329e-12)
(186.93025722373434 -60.132106682037247 -8.3383661372210102e-12)
(198.13911821632408 -63.170661559139198 -6.9228344846260979e-12)
(210.42609141859037 -66.442281828633512 -7.4747790197431037e-12)
(224.11270663943199 -70.079037510532814 -7.9822245465576888e-12)
(239.42741428133093 -73.9727740711335 -7.37118575604424e-12)
(256.3998874027132 -78.186963662003208 -7.3152746645865155e-12)
(275.15447302860218 -82.55502813568927 -7.3197139789340783e-12)
(295.67315023888801 -87.09141386759498 -7.3194717021444002e-12)
(318.00452191107428 -91.530658751443056 -6.7621348291280351e-12)
(341.96967539848231 -95.805475961244468 -5.7326278637615041e-12)
(367.25842328809227 -99.607109025395417 -6.2913157976212882e-12)
(395.40975757408785 -105.43456880520078 -5.4153160823464808e-12)
(434.54885707742989 -109.61864992600151 -5.5273960453765986e-12)
(475.21294054667533 -111.42703459943978 -6.4216988754599291e-12)
(515.99641054704807 -111.57756272792625 -6.9309033497675423e-12)
(558.77300241326816 -110.37265438917412 -8.1744125214499213e-12)
(607.54219762503237 -108.60045556633226 -8.3687568009118218e-12)
(669.04817052421504 -102.83034535892497 -9.4410603012495435e-12)
(735.85195075649233 -93.231207686610261 -1.0989638747714488e-11)
(804.58369606289784 -76.649969341731477 -1.1316784860053029e-11)
(15.842902725563963 -3.5651894642338697 -8.5892301572995323e-12)
(15.970197832711962 -3.7980459627527376 -5.8015392439260333e-12)
(16.120903515980721 -4.0655466856237519 -5.9047846381920934e-12)
(16.342182388056269 -4.351869199241917 -6.8896104843784773e-12)
(16.583498818995292 -4.6002463488485237 -9.7149751184570206e-12)
(16.780130740607188 -4.8367410728174045 -8.2474270387765162e-12)
(17.031782475961915 -5.0870834329499788 -7.7211087755705475e-12)
(17.291895125444167 -5.3646193653774352 -7.6154957101040172e-12)
(17.67005460320939 -5.6733434309677095 -6.1462912727293173e-12)
(18.020520824563786 -5.9193934787681588 -8.045322453501034e-12)
(18.278083302556645 -6.1875786445656109 -8.0607038881612909e-12)
(18.66102361410351 -6.4635111257840254 -8.2088474291175365e-12)
(19.020883985236434 -6.7587301960880941 -1.0321992567868413e-11)
(19.454376188590803 -7.0588152654433811 -1.0182246961792294e-11)
(19.892225175199407 -7.3719710301116956 -1.0349689807601658e-11)
(20.37587981733288 -7.6884048742941395 -1.0584763955095527e-11)
(20.870603575710156 -8.0112281009600892 -1.328661178473679e-11)
(21.391636247048716 -8.333896278245426 -1.2822174952608404e-11)
(21.918509733108785 -8.6599184963785287 -1.0685246079828593e-11)
(22.47072151834854 -8.9931563901135245 -8.5670243728481507e-12)
(23.051269716694527 -9.3348652496442188 -6.5468447077203161e-12)
(23.660596122938077 -9.6852016077669045 -6.7481147461540439e-12)
(24.300591290112258 -10.044875639500619 -8.2018431647075095e-12)
(24.972489747023932 -10.414433552775183 -8.5461129028543861e-12)
(25.678056501756032 -10.794474600177351 -9.2588442435825282e-12)
(26.418960061958931 -11.185618138498212 -1.0949641708440331e-11)
(27.197053341132623 -11.588414745430802 -1.1396148583329704e-11)
(28.014328213420903 -12.003499013201111 -1.379747577166481e-11)
(28.872779041994356 -12.431351697193806 -1.2848195715869972e-11)
(29.774672256996531 -12.872676857469424 -1.3669566453276281e-11)
(30.722203077438234 -13.327914840859677 -1.4281960622760943e-11)
(31.717888280239308 -13.797839880529468 -1.4710017757590192e-11)
(32.764172962456072 -14.282876287152941 -1.7082148351101532e-11)
(33.863797946860252 -14.783806196653723 -1.651609238181523e-11)
(35.01951221251371 -15.301092211937195 -1.5897458548775847e-11)
(36.234231942570631 -15.835533916907467 -1.426718205945585e-11)
(37.511054575757484 -16.387566717812376 -1.4156201256606035e-11)
(38.853082810155428 -16.958163563326927 -1.4694452615547174e-11)
(40.263727601436067 -17.547539896602913 -1.5432911860126934e-11)
(41.746319096001642 -18.157064845601251 -1.5466654455177552e-11)
(43.304647017992394 -18.786579111013619 -1.5700408487855949e-11)
(44.942275034517813 -19.438096510065513 -1.5880920587552414e-11)
(46.663502687158989 -20.110842454223032 -1.5874567242390443e-11)
(48.472083401977358 -20.80800758980309 -1.435232455162294e-11)
(50.37314485115153 -21.527495269295436 -1.4592341166221649e-11)
(52.370719388798385 -22.274979059059564 -1.4810938284704523e-11)
(54.470745093962584 -23.045818277303525 -1.5696861568227029e-11)
(56.678043504909958 -23.848900804866176 -1.4500373077370281e-11)
(58.999418737690078 -24.677770066095547 -1.5599000496898397e-11)
(61.440317433539747 -25.542748514794681 -1.4092023474568894e-11)
(64.009330481440884 -26.437130780601084 -1.196533296755524e-11)
(66.712161478956219 -27.37313021688032 -1.1366392527930516e-11)
(69.560063005350059 -28.342090431007509 -9.6122168987710114e-12)
(72.558686538292449 -29.360562753741078 -9.3627351314650419e-12)
(75.722733250879088 -30.414838714828765 -9.1251556801424779e-12)
(79.058318996767795 -31.529688135198118 -7.914877186449487e-12)
(82.583486773623093 -32.684293962516172 -6.9257636395360815e-12)
(86.305869150545405 -33.90962060514309 -7.6982538468802916e-12)
(90.247685838585738 -35.184381366669356 -7.5753601141895885e-12)
(94.41751247839467 -36.53970329481178 -6.7549712981337357e-12)
(98.843793255373086 -37.954518571467418 -6.9675558391456591e-12)
(103.53657160901211 -39.464265367496708 -6.3501008356667479e-12)
(108.531685274742 -41.046275190086256 -6.5366906171791003e-12)
(113.84079132540569 -42.738451689563298 -6.1145603160673496e-12)
(119.51026512021997 -44.51704552085819 -6.1975374773545345e-12)
(125.55379678734325 -46.427731269037551 -5.3893618189303565e-12)
(132.0304419823066 -48.440810048049713 -6.0475726798655359e-12)
(138.95786202930483 -50.610754651318537 -5.9474992934160966e-12)
(146.41201924292398 -52.901125309358051 -5.3517822291606209e-12)
(154.41550590343704 -55.379696111523636 -5.3169761259081692e-12)
(163.0653673534926 -57.998834710367611 -4.7005978997619149e-12)
(172.39765665537999 -60.839660143914571 -4.4147173627621376e-12)
(182.53217825354182 -63.85121977613607 -4.4112743068646836e-12)
(193.50989687656946 -67.11484358209816 -4.7007897437235378e-12)
(205.57253822356816 -70.643851114074749 -4.6869885822430968e-12)
(219.03857624600107 -74.577726150976801 -4.3287716756754266e-12)
(234.17265168628049 -78.819576790379543 -3.4973980324950764e-12)
(250.98031148549191 -83.439229125936862 -3.6228579960354984e-12)
(269.61865221870886 -88.259397554002234 -3.5369779534605369e-12)
(290.03849288528534 -93.311011246088114 -4.1112025355470629e-12)
(312.32339372274379 -98.286645021910189 -4.4531768409177322e-12)
(336.22984632366325 -103.11512203022419 -4.8046431073612343e-12)
(361.44245449654022 -107.5023969661019 -4.2441186351917552e-12)
(389.70835598654838 -114.07764398873577 -4.3503695795668326e-12)
(429.73570431078542 -119.23507489167152 -4.561364490458487e-12)
(471.50808919239694 -121.59558060514981 -6.8742058110002542e-12)
(513.18870111901208 -122.10306858458206 -7.4442887888525196e-12)
(556.88928939306027 -120.96628265150306 -8.5950127449919946e-12)
(606.88437097918461 -119.20270772936369 -9.5250907874210109e-12)
(670.734515462849 -112.70121629494301 -1.087941769956929e-11)
(740.00126511670749 -102.30790199003604 -1.2892041739029746e-11)
(811.71962993660907 -83.109838111496302 -1.2451794204148703e-11)
(15.281747187894487 -3.5785970781704823 -9.161185002875714e-12)
(15.388525188254995 -3.829641938930282 -1.089847129676344e-11)
(15.522024399412476 -4.1220980023934661 -1.4999401026595679e-11)
(15.72648733581967 -4.434132957915689 -1.5505999004154489e-11)
(15.956049205404932 -4.7026293861760955 -1.8855289685061055e-11)
(16.139892948050424 -4.9552567712035076 -1.6498968819470065e-11)
(16.38121201574727 -5.2231650915150345 -1.7642011405811517e-11)
(16.630023230773677 -5.5203983475530833 -1.7142373589707917e-11)
(16.999872588036155 -5.8517470544161494 -1.710858808746587e-11)
(17.340858456997456 -6.1109729333305998 -2.0073665024050403e-11)
(17.583290342224863 -6.3933831331063953 -2.2694434302332464e-11)
(17.955505393074596 -6.6834668747191213 -2.2213133818602969e-11)
(18.300544979207487 -6.9944284474899616 -2.162812082315963e-11)
(18.721722155288912 -7.3096745090434663 -2.0673843975646805e-11)
(19.144220065065277 -7.6389782012925336 -2.2310537613525565e-11)
(19.613563657321929 -7.9711361146213688 -2.3188773157206776e-11)
(20.091652909374563 -8.3097631353774819 -2.2293434713187876e-11)
(20.595924205853436 -8.6476757840890297 -2.4758610862891275e-11)
(21.103997304221444 -8.9887081206572024 -2.4910861022756944e-11)
(21.636832247504298 -9.3373703563699184 -2.4887620974186961e-11)
(22.197015724175643 -9.6950491210486458 -3.1206345803970149e-11)
(22.785347807535953 -10.062098433167609 -3.0037228298961933e-11)
(23.403682745446503 -10.439275303561223 -2.6891109207129115e-11)
(24.053438530380767 -10.827322234491351 -2.5188606876866582e-11)
(24.736502762280843 -11.226931552043292 -2.6460458491629027e-11)
(25.454702665527876 -11.638873784378248 -2.8388923413992281e-11)
(26.210065750081306 -12.063811127059305 -3.0531344104150683e-11)
(27.004772133823629 -12.502480401805485 -3.0066907533253185e-11)
(27.840984351937738 -12.95545421561024 -2.6897887064820891e-11)
(28.721138115653012 -13.42349614942046 -2.7189090554159648e-11)
(29.647614966956976 -13.907189937633715 -2.5538409401098443e-11)
(30.623067033671063 -14.407284495596942 -2.4648707395681665e-11)
(31.650097856619308 -14.924348279338613 -2.4378334446684228e-11)
(32.731496199400013 -15.459057281721323 -2.2615623611264651e-11)
(33.869999681687844 -16.011899039447684 -2.1014831862606297e-11)
(35.068516703008932 -16.583545183163725 -2.0106244144731393e-11)
(36.329892916996037 -17.174317388982026 -1.9596188168792113e-11)
(37.657201470940173 -17.78503879521481 -1.7523901808532822e-11)
(39.053429057456704 -18.415806781465093 -1.5248920831601818e-11)
(40.52184488119223 -19.067702136845451 -1.5076650176788685e-11)
(42.065586291435551 -19.740556118502166 -1.289685161377748e-11)
(43.688171539486817 -20.435898044088503 -1.2887151902602411e-11)
(45.393024753387785 -21.153213275290682 -1.2639836967843736e-11)
(47.18398447294161 -21.894908210396459 -1.021200135913788e-11)
(49.065144598792656 -22.659862266395098 -1.0115831339062797e-11)
(51.040670521636379 -23.451874502829618 -8.613902807018402e-12)
(53.115523698974279 -24.268880797976379 -1.0368838397209962e-11)
(55.294472159390473 -25.116433553533881 -1.0160470473171775e-11)
(57.583564810685672 -25.991688220316654 -8.7342174580449293e-12)
(59.988125222662191 -26.901563987849045 -7.0036941349042753e-12)
(62.516172971767723 -27.842785044650579 -7.2424975378856173e-12)
(65.173056185352181 -28.824287585148205 -6.1311141927549869e-12)
(67.969784419982332 -29.841309547683462 -5.4987770144990896e-12)
(70.911353077426341 -30.906202739351759 -4.68178561652013e-12)
(74.012656223185076 -32.011194305634085 -2.8498565457066367e-12)
(77.278634974993821 -33.173793052740308 -2.786754827882993e-12)
(80.728236771542441 -34.382572563534531 -1.946226656210367e-12)
(84.367122889568847 -35.6596146128987 -1.2813110824145357e-12)
(88.219143486569578 -36.991743262042256 -9.7854652372366387e-13)
(92.290052744182091 -38.404411821874696 1.063626789066674e-14)
(96.611090741257911 -39.882508339983957 8.5731374626602456e-15)
(101.18803304346703 -41.456468327569411 1.5341070816222145e-12)
(106.06054839783515 -43.109030879426577 1.2340151058868399e-12)
(111.23521292884877 -44.874876210714831 1.4881929200362303e-12)
(116.76289599369559 -46.735000395354888 6.8999225012952127e-13)
(122.65146254780009 -48.730370439678204 2.2525099758192388e-12)
(128.9648552069726 -50.839083580583868 2.2861764157788618e-12)
(135.71456059096772 -53.108341406079902 3.0379053723457181e-12)
(142.9813255425222 -55.513715588867839 3.2301952190067087e-12)
(150.78230101901912 -58.110715022591151 2.9884337165535503e-12)
(159.21940856131596 -60.869805170932132 3.815646434232016e-12)
(168.31979265198402 -63.855373199655645 3.1572570368791373e-12)
(178.2142584075724 -67.038882370625146 3.0098540232647238e-12)
(188.93295693903866 -70.483688980914238 2.8255726694686283e-12)
(200.72864013070117 -74.23680330627279 2.8690771856112588e-12)
(213.92478854455692 -78.412679753317434 2.8515047085783117e-12)
(228.79925911195005 -82.956486592200193 3.910859881400716e-12)
(245.35455888825857 -87.909080805333289 3.7164214045276022e-12)
(263.77116596867631 -93.13882641102235 3.1807446080006099e-12)
(283.98590215267581 -98.634239510107463 2.9690120240062278e-12)
(306.12868390514853 -104.13548923046756 2.9982180427312233e-12)
(329.8846939671223 -109.5025627209087 2.6412585439906273e-12)
(354.95464208621985 -114.48719015238673 2.1368123238192512e-12)
(383.31820272330896 -121.76124606914102 2.016865803716737e-12)
(424.07983837952304 -128.01833109741591 1.2041826821589349e-12)
(467.05431011693253 -131.13700391179 -8.1468519511816086e-13)
(509.71597445790985 -132.12653845052552 -2.1786120862954192e-12)
(554.46576302206563 -131.11844779316621 -3.5595491228994043e-12)
(605.73645370503937 -129.43059740003756 -5.0069002113295896e-12)
(672.07072882241187 -122.21849303619481 -6.4681351299807985e-12)
(743.76739913085089 -111.07325855632392 -7.6356786401357973e-12)
(818.6960753343493 -88.889759327280473 -6.7653401583829597e-12)
(14.73737861613796 -3.5457220114696266 -1.114717230972084e-11)
(14.824317709570821 -3.8156803237747616 -1.3060986566257725e-11)
(14.941458225330303 -4.136503007804917 -1.2462273772410296e-11)
(15.131147211461199 -4.4759250417420988 -1.323303069544879e-11)
(15.35102794247887 -4.7654186734495259 -1.6427424973523359e-11)
(15.524705153741785 -5.0339008257579083 -1.935370298459258e-11)
(15.7580166773185 -5.319132002193343 -1.7212446398365447e-11)
(15.997758459452248 -5.634526243908665 -1.7872678665974336e-11)
(16.36078918031831 -5.9879916277580616 -2.1415698694337642e-11)
(16.69419399090954 -6.2578004049352849 -2.4134760212622983e-11)
(16.923394597232729 -6.5530209487002935 -2.3992060587031152e-11)
(17.286526483860399 -6.8544032510481596 -2.0857647018237311e-11)
(17.617808844480074 -7.1788930708024736 -2.0910091251699793e-11)
(18.027830607573691 -7.5064832262817713 -2.462466152241306e-11)
(18.435617999126496 -7.849235391294564 -2.3773736888389726e-11)
(18.891435140108751 -8.1944156959652208 -2.0808319888802475e-11)
(19.353519415605561 -8.5460748675505602 -2.4834107854565253e-11)
(19.841869136708624 -8.8967202863552703 -2.4737553930782292e-11)
(20.332231823880214 -9.2502934127400191 -2.5941078089512806e-11)
(20.847089023133496 -9.6123637882715247 -2.2682237795279147e-11)
(21.388730761800939 -9.9842472070038379 -2.2063503685150504e-11)
(21.958440151330432 -10.366759503811766 -1.9985808938462048e-11)
(22.558220689875409 -10.760684107975152 -1.6451341090615682e-11)
(23.189819611259729 -11.167086355686052 -1.5164919720824914e-11)
(23.855450584674838 -11.586877611881221 -1.4692998573696715e-11)
(24.557349667432387 -12.020990023543211 -1.3613002623383824e-11)
(25.297887394512227 -12.470448611804553 -1.4028607791433167e-11)
(26.079691297094701 -12.935877043548059 -1.5280219193032465e-11)
(26.905135364796838 -13.41828058118006 -1.4310558009957658e-11)
(27.776981082228549 -13.918043995304483 -1.1999577817130202e-11)
(28.697644093166918 -14.436367094884714 -1.1743916007731822e-11)
(29.66995966838001 -14.973258540085856 -9.7069104057234999e-12)
(30.696280233858044 -15.529900438226651 -9.4406318321508283e-12)
(31.779377313272484 -16.105855493865057 -8.2398650629163623e-12)
(32.921405249218921 -16.702189381430379 -6.3812006473980411e-12)
(34.124994080894012 -17.318074586062398 -4.9431094313977804e-12)
(35.392215601127852 -17.954671786522411 -3.0339647508957106e-12)
(36.725711824272622 -18.610888455105552 -4.2539627740711147e-12)
(38.127567106512473 -19.288130465107816 -3.7947909472390985e-12)
(39.600592778925474 -19.985018348582063 -3.1932004410007992e-12)
(41.146957349451775 -20.703507607787039 -2.699844375442393e-12)
(42.769793630040532 -21.441957681502551 -2.627456722571451e-12)
(44.471587855481211 -22.203107260910247 -1.272806067445745e-12)
(46.256067966362046 -22.985285235629529 -2.1665431024765468e-12)
(48.126264642088415 -23.792064578316737 -1.6588151694922607e-12)
(50.086575337785959 -24.621643357110365 -1.4588854334518682e-12)
(52.140733839085073 -25.478559185780362 -8.5740599903364352e-13)
(54.294047560168792 -26.360919466603928 2.8665046396308561e-13)
(56.551130349307471 -27.274451555019969 3.2006134323490768e-13)
(58.9184222637613 -28.216990891070228 -4.3607834043914751e-15)
(61.402065524379552 -29.195691982192528 1.1976298888516682e-13)
(64.008992370904735 -30.208314562356843 7.9012165490165553e-13)
(66.747876014246273 -31.262872715874742 2.2466299238447793e-12)
(69.625857562011305 -32.358156701408568 2.332625867824425e-12)
(72.655071661176947 -33.501911623637604 3.4816466492763005e-12)
(75.842806914304745 -34.695351883131806 3.4102737179388752e-12)
(79.205193741663692 -35.944978603420807 4.5205191178077576e-12)
(82.750080878780423 -37.254873360491032 3.4235414249325745e-12)
(86.498761946360887 -38.631009841270732 2.9621021343281498e-12)
(90.458891597210922 -40.080109305820351 2.8806033143346797e-12)
(94.659305778617579 -41.607031873640352 3.544872210517358e-12)
(99.107112058459379 -43.222749933191523 2.8638661204707554e-12)
(103.8403398748966 -44.930498204323456 3.0997437968206958e-12)
(108.86607345944431 -46.745841578996327 3.7648547205698593e-12)
(114.23410941144368 -48.670155761349172 4.1874544096984701e-12)
(119.95187290833016 -50.725202997269186 4.4238163403849692e-12)
(126.08337608473872 -52.910071563344893 5.0100871503123747e-12)
(132.63838434874336 -55.252818225798656 4.9110092285992963e-12)
(139.69862341613921 -57.750818170535013 4.8507599043688818e-12)
(147.27858747166175 -60.439139701408692 4.0341786218579986e-12)
(155.48211786003534 -63.313564108617449 3.9507689828188702e-12)
(164.33349691578186 -66.415568086286015 3.2081277443931334e-12)
(173.96504333804145 -69.74299424857395 3.426534593916481e-12)
(184.40472730209422 -73.33903682872635 2.9988095441111958e-12)
(195.90863360113514 -77.285607051978602 2.8081539266818611e-12)
(208.80959315419258 -81.674609360042226 3.217675989970863e-12)
(223.38786104761479 -86.485072136067586 3.9879865281635675e-12)
(239.64825269099398 -91.726151493790439 4.2945873251873498e-12)
(257.76886794148209 -97.317350514065524 4.6583861768846799e-12)
(277.69913675146745 -103.19234054774323 4.6447627728241806e-12)
(299.56270453535939 -109.15891319459959 3.9179589474150717e-12)
(323.05737503889543 -115.01839016255613 4.0948544151867523e-12)
(347.8948998030711 -120.53626177668282 3.0725036552719465e-12)
(376.26789116957116 -128.52139931162557 2.7707452481862084e-12)
(417.43894098773256 -135.7031803977045 1.4765285677407423e-12)
(461.51227375410309 -139.78576631396854 -1.580846881205871e-14)
(505.22069631612635 -141.3930041208512 -7.9041824950152571e-13)
(551.15975441998432 -140.69579443125244 -1.2729299303083165e-12)
(603.75805474722836 -139.06530737385449 -2.0210365558819243e-12)
(672.72679194491502 -131.3790782227268 -3.4054910313478475e-12)
(746.80026243930592 -119.56444156989883 -4.6513853866715239e-12)
(825.17522334366174 -93.758301455745055 -4.1388479553347918e-12)
(14.209190444953931 -3.4752336083609925 -6.1816791717931063e-12)
(14.277491325754953 -3.7655462714578016 -6.3561503268427891e-12)
(14.379184541236102 -4.1203988971568313 -8.7076721718071792e-12)
(14.557828470646273 -4.4903529960898592 -8.720626248266082e-12)
(14.771179193592126 -4.802506132620711 -1.1222985830344942e-11)
(14.938130980645715 -5.0869555866822003 -9.8514101267736861e-12)
(15.166551326835263 -5.3894030107727104 -1.1146665720242746e-11)
(15.399947309720607 -5.7209968792658321 -1.0933950638759894e-11)
(15.758465466744685 -6.0964866964072177 -1.0910062300645571e-11)
(16.086794942280562 -6.3738068229368352 -9.2505556844616429e-12)
(16.304667714595727 -6.6807109302746071 -9.8148969908003565e-12)
(16.660976490380033 -6.9904152698144841 -8.2992166250408331e-12)
(16.979791849015832 -7.3263804564604884 -3.9916348459830429e-12)
(17.380524337404282 -7.6638834048830029 -3.0830362459651592e-12)
(17.774971515796011 -8.0177804032547062 -3.8065311950981861e-12)
(18.219160228817529 -8.374143492021803 -3.4643221799847693e-12)
(18.667388386230225 -8.7370713514207186 -9.0539853175772443e-13)
(19.142597284333213 -9.0994456847142224 2.6330312871393784e-12)
(19.618870681030486 -9.4649880481281787 4.809360619260247e-12)
(20.120390921939681 -9.8410821140400593 3.9083854917847599e-12)
(20.649647005711646 -10.228732067392929 1.3183866773151359e-12)
(21.208601230507465 -10.629561953406485 1.1432733317481749e-12)
(21.799978671471901 -11.044446929559431 5.1929234000315063e-14)
(22.426077051863654 -11.475103813473563 2.6663935905212178e-12)
(23.089893888012607 -11.922772830818271 3.9778555585231802e-12)
(23.794093694528687 -12.388737748966197 3.7759957288000185e-12)
(24.541614626772347 -12.874267980358441 3.7883301371852779e-12)
(25.335126023169032 -13.37979359086791 4.0496792065159397e-12)
(26.176923252599323 -13.906072271403408 3.5609410881193056e-12)
(27.069178751196784 -14.452808912947399 3.4697464510975061e-12)
(28.013820797327924 -15.020695832974488 3.7719613894080775e-12)
(29.012869012072244 -15.608847254764129 3.7275432230213815e-12)
(30.067821809582089 -16.21786756245697 3.7515192370454418e-12)
(31.180425741325227 -16.846202600458174 4.4694609835089598e-12)
(32.351876899372307 -17.49450590982061 3.577135117283824e-12)
(33.583844542674385 -18.161036883651636 3.0671346853318739e-12)
(34.877425569410399 -18.846868889840088 2.0153573193206277e-12)
(36.234500363679047 -19.550072435185438 1.6790027891824763e-12)
(37.656316525866224 -20.272325501578258 2.7170533124719016e-12)
(39.145122541791721 -21.011371111274741 2.8872086705868733e-12)
(40.702145069577256 -21.769640553181546 2.9074312034640274e-12)
(42.330228610079935 -22.544684140390643 3.0975707941806828e-12)
(44.031291640379756 -23.340390514778747 2.0271943354954191e-12)
(45.809074538987176 -24.154004228878627 1.6838286898653124e-12)
(47.665956936240839 -24.990611374583445 2.7306731466545564e-12)
(49.606656769981988 -25.846906228059421 3.7711614572738906e-12)
(51.634081757115368 -26.729621305465923 4.4405330508365845e-12)
(53.754155256395421 -27.634757575495854 5.0597244855166385e-12)
(55.970608946442603 -28.57115979595482 5.535950164562922e-12)
(58.290650928627791 -29.533630253496902 5.425263715034924e-12)
(60.719162162907082 -30.533237394729952 5.7559901263005461e-12)
(63.264474624715369 -31.563705855314613 5.3921783348334351e-12)
(65.933291132421672 -32.638357301087161 5.2047609813539781e-12)
(68.734969774507022 -33.750439260820613 5.1987672743152396e-12)
(71.678838424723068 -34.914714039937323 3.9736996320151008e-12)
(74.774949545019055 -36.124853975074984 4.9036955914410326e-12)
(78.036195310378105 -37.396550884908876 5.0414947164544347e-12)
(81.473514756346844 -38.724481853249785 3.3479157479742792e-12)
(85.104421965314032 -40.125398701951376 3.5927015266801342e-12)
(88.940192250560173 -41.595160155556826 3.8614150376433897e-12)
(93.005164833401679 -43.151028038345267 3.7086225945140121e-12)
(97.31050406582419 -44.79171498958943 4.1411607516389664e-12)
(101.88929144277832 -46.534102937900862 4.1632962142975411e-12)
(106.75269954539694 -48.380673751677676 5.035155894379087e-12)
(111.9453046014394 -50.347396469654143 5.0272698655907052e-12)
(117.47853080467829 -52.44232744847551 4.9965689824536233e-12)
(123.41129315645122 -54.679823317716142 5.5037454475758544e-12)
(129.7568087063475 -57.074378731198863 5.4102791732847951e-12)
(136.59198215967962 -59.638874202434209 4.9988345906610508e-12)
(143.93415741911571 -62.395375835786858 4.9086693745130305e-12)
(151.883129827891 -65.355303267798547 4.8615783403882427e-12)
(160.46482839303042 -68.548615879207674 4.8521733546385605e-12)
(169.80982394278479 -71.988047296530155 3.7961818913312275e-12)
(179.94704226579401 -75.709264793639349 4.0581063680485445e-12)
(191.13090599178838 -79.813289741134142 4.1859170918482966e-12)
(203.701850634121 -84.390527176876077 4.0103415573233056e-12)
(217.94556786796625 -89.430800501846505 3.3485766589297753e-12)
(233.86814266615949 -94.941459361806096 3.4575048624444042e-12)
(251.64965935072453 -100.85549792985444 3.1476623231067573e-12)
(271.24651495481515 -107.09761255128664 3.4113001720349775e-12)
(292.78220020288092 -113.48841493204939 3.4080108181321845e-12)
(315.96580773633366 -119.82130529143436 4.2222935158837598e-12)
(340.53121566083206 -125.81940509570457 3.3872877925920331e-12)
(368.81997464190067 -134.63386662274868 3.8063567992664933e-12)
(410.24426778696107 -142.57548357909471 3.3392506475659688e-12)
(455.041678463793 -147.59366105642835 2.6396304257338162e-12)
(499.67922560398546 -149.79781137665464 2.1151790201010746e-12)
(546.72585606684356 -149.56590668234307 4.117862000047384e-13)
(600.64468447039326 -147.87421840644706 -3.2432987866103356e-13)
(672.00792120776998 -139.91890909859109 -4.7104055609656012e-13)
(748.4646826554241 -127.56329220882952 -7.0627697376505213e-13)
(830.91596130999221 -97.89676709202061 -8.9141670096165084e-13)
(13.695153899319516 -3.3718088766550194 -1.9306727984609797e-13)
(13.74665587423039 -3.6838728321939995 -1.0215544209766914e-12)
(13.833361322569235 -4.0811110811705289 -1.8788375451743643e-12)
(14.00682368791413 -4.4867595807589096 1.1235124340355084e-12)
(14.218123864147222 -4.8236137905128862 -1.2825576308854609e-12)
(14.382639737258515 -5.1244041310980357 -1.1388409563572384e-12)
(14.610198158438596 -5.4435626741059453 1.8288506985955818e-13)
(14.840232239614476 -5.7887905998367577 2.27350346994145e-12)
(15.197448080602506 -6.1867230854277899 -2.6833933384800877e-13)
(15.523978616069105 -6.4678020338657101 -1.1649979895587962e-12)
(15.732247917922852 -6.785670799636339 -6.5776493664369827e-13)
(16.084986298053046 -7.1010615114635307 -1.5096773352308683e-12)
(16.393258550250941 -7.4471094420449386 -8.812666873548871e-13)
(16.788155714883992 -7.7935993534276307 1.8843272340203892e-12)
(17.172832076157281 -8.158084710278505 1.3736279435156681e-12)
(17.610444382929884 -8.526712319246041 1.9396807492348071e-12)
(18.051499372457112 -8.9026550772954671 1.810094231354058e-12)
(18.522391928031457 -9.2804558242043935 3.8146895363683393e-12)
(18.996226660230587 -9.6633342216483431 2.7809122391349772e-12)
(19.499365213978841 -10.061825026939244 1.763694245960751e-12)
(20.035537063204696 -10.476454065499153 3.5688313702387106e-13)
(20.607366393030741 -10.910174517732058 1.3796072795945457e-12)
(21.218276293897183 -11.363725747457188 1.2988537952901174e-12)
(21.870656296215781 -11.839164737560756 1.4118662685681491e-12)
(22.567625332282631 -12.337251908580802 2.5071360074049542e-12)
(23.311250989471279 -12.85868068414339 2.6357257742901539e-12)
(24.103628416756315 -13.403439003203228 1.7368709975898463e-12)
(24.946126440674483 -13.970565870320586 3.2521631925798643e-12)
(25.83979737732259 -14.558965097465219 2.8568127181993134e-12)
(26.785631625579967 -15.167903051875387 3.9167776097226151e-12)
(27.784231391626246 -15.796892947156813 2.9007291662247291e-12)
(28.836241302871048 -16.444577215349945 2.6597393302966101e-12)
(29.941892278172411 -17.110153917146746 2.9328027226610359e-12)
(31.101664042625526 -17.792093932385193 2.7888165043777224e-12)
(32.31597661525079 -18.49005902123378 2.29500078380357e-12)
(33.585530662576822 -19.202728806397062 1.5382649243231104e-12)
(34.910902181688684 -19.930248229347139 7.2311958266327232e-13)
(36.293228723266829 -20.671544175659676 7.0531085868084061e-13)
(37.733446659211886 -21.427308937375727 5.2419208648440851e-13)
(39.233163653500299 -22.196043756911564 2.8773573923776428e-12)
(40.794024896771738 -22.979513602211235 2.6881887920721057e-12)
(42.418543155960947 -23.777083430427727 1.334691442686188e-12)
(44.108904700303881 -24.591579625485558 6.435053473920007e-13)
(45.868607145883487 -25.422040518234443 1.0978201196856567e-12)
(47.700323374936829 -26.272262941286147 1.6421099392802885e-12)
(49.608350060835484 -27.140722403302526 3.2000308654088203e-12)
(51.595945518537881 -28.032733501742758 4.2802354742135255e-12)
(53.668796499709522 -28.946400449713984 2.437429223458431e-12)
(55.830953859754942 -29.888933277885542 2.7453921727037098e-12)
(58.089434138717515 -30.857377195981801 3.6256932856073788e-12)
(60.449396352079475 -31.861070987939424 3.6734359954916935e-12)
(62.919072782306976 -32.895982537626061 2.8516563562472589e-12)
(65.505040875081093 -33.973827329809133 1.6318115667298549e-12)
(68.216863717219908 -35.08979691174838 1.9489415485876279e-12)
(71.063383946022412 -36.257540164284904 2.8664078449016405e-12)
(74.05533327722388 -37.472080554426697 2.9008430634430555e-12)
(77.20450171476142 -38.748709586292392 2.4944219340430693e-12)
(80.522716660972563 -40.082668306628925 2.3739865977697067e-12)
(84.026093081072091 -41.490924679336814 1.7789919299859967e-12)
(87.727050666707385 -42.969386429674401 1.7545256777853469e-12)
(91.647990411659762 -44.536280815245824 1.4376572816710008e-12)
(95.801537379656693 -46.189640447968486 2.1471075094952284e-12)
(100.21838649392069 -47.947998572021099 2.7019398871267441e-12)
(104.91123994394729 -49.812766023421588 2.2006718951926925e-12)
(109.92192781735953 -51.802139486715085 2.4392748893390535e-12)
(115.26333072772178 -53.922691431917144 3.0836396412601366e-12)
(120.99151425743358 -56.191627938200341 3.0354091620702201e-12)
(127.12074875173579 -58.621863685583115 3.1337860404297193e-12)
(133.72511904862517 -61.229634311946214 3.1314432515616731e-12)
(140.82248376728393 -64.035523258874406 3.0871416319477778e-12)
(148.50999937898345 -67.055018086713261 2.5672676159473665e-12)
(156.81330877675214 -70.317164005241352 2.011187453951587e-12)
(165.86095478100759 -73.838527797734372 1.5086349254221616e-12)
(175.68136647687675 -77.657972820722392 1.576182861294761e-12)
(186.52810292290849 -81.884781767228617 1.5758009292237604e-12)
(198.74268640519284 -86.617268393324267 5.8086713417492295e-13)
(212.61660302640402 -91.847098500095314 1.1024533859688913e-12)
(228.15566711886424 -97.594405109347178 8.8479018778200418e-13)
(245.54581745171154 -103.79076035904583 2.3528601251371585e-13)
(264.747313012012 -110.37345082157212 2.1434516512599641e-13)
(285.89137599068437 -117.15643200724793 2.2737126124057207e-13)
(308.69640319119065 -123.94271753701244 -1.3876649389832563e-13)
(332.91610507355324 -130.40186471263715 -2.7630820376343326e-14)
(361.02370574970405 -140.0968120737389 1.3407983537418003e-12)
(402.62207693786382 -148.86722718403453 1.8323605738557733e-12)
(448.03574098302954 -154.80214368161791 2.0184794092817082e-12)
(493.57861598906999 -157.63075554078827 1.8314927193922658e-12)
(541.61047387075723 -157.86248186550762 6.4575279214384421e-13)
(596.87130988625859 -156.0706129776286 1.5440936574400469e-13)
(670.3167969704233 -147.85366509418051 -5.3009868163027122e-13)
(749.04720899336382 -135.00522692160038 -1.2863194091707717e-12)
(836.04847222522301 -101.63944094336955 -1.7112284957988716e-12)
(13.192663675569692 -3.2421441489700671 -7.0959853021474205e-13)
(13.231037016701844 -3.5768866576886889 -1.1645966359529378e-12)
(13.302349141881123 -4.0285994582422013 -1.4255387715498982e-12)
(13.480183906682939 -4.4789581476142297 -3.1453877692751223e-12)
(13.696199194858485 -4.8432696127289301 -1.6364195951819221e-12)
(13.864051625823413 -5.161170618473248 -4.2223458164907507e-12)
(14.096206107232703 -5.4960739785410446 -3.3591213816990081e-12)
(14.326335145818232 -5.8513762593887888 -1.5093450971183996e-12)
(14.686964027809935 -6.2738454219253166 -5.0341787671280517e-13)
(15.016563849874414 -6.5537326622201997 1.5772643697844677e-12)
(15.217869717486396 -6.8833446172701205 2.5189499430713367e-12)
(15.573202983885256 -7.2038847407314055 4.6854473589791773e-12)
(15.876336044757712 -7.5612721575859734 7.1627253725977099e-12)
(16.274377100320422 -7.9207988745780051 7.1531464551390369e-12)
(16.66088065096303 -8.3013772271569906 7.0590810884756531e-12)
(17.108141758783912 -8.6922457894824632 7.0664337204496826e-12)
(17.563818445701774 -9.0946230803197867 3.7136817385712027e-12)
(18.05743639104502 -9.5060701060061437 2.2141853884851827e-12)
(18.561487857805286 -9.9287807588106691 2.2141157095128842e-13)
(19.103802778925186 -10.37712079821393 3.0956272796511318e-12)
(19.688873026080444 -10.849310352659097 4.274392726183224e-12)
(20.318075367604255 -11.34721597316527 2.2813119515696435e-12)
(20.994676232529919 -11.870083703545211 3.640236400976972e-12)
(21.719277383002655 -12.418948786918836 1.2196285116470028e-12)
(22.493306092520445 -12.99262002765696 2.5814008459382451e-12)
(23.316504453021327 -13.589787841518019 1.7246195740567051e-12)
(24.188813803479313 -14.208492525441942 4.0384050686342861e-12)
(25.109435900881987 -14.846571110675878 2.7630091048259343e-12)
(26.078403784671156 -15.50260166522105 3.4513945287005998e-12)
(27.095609516038714 -16.17509405936589 3.5035136604999907e-12)
(28.160248243622824 -16.862452301849451 3.1493753421814434e-12)
(29.271905215954387 -17.562853135769011 2.7968140092260591e-12)
(30.430066148584395 -18.275208344617006 1.8092170676605231e-12)
(31.63466363768902 -18.998178519269235 2.1054218042416925e-12)
(32.885649280774494 -19.731385995252822 1.4704530449984787e-12)
(34.183487726898164 -20.47378463518789 1.2465124196942708e-12)
(35.528638731068483 -21.225666454261621 1.689696224431922e-12)
(36.922226830290327 -21.986320504097659 2.3724648481386099e-12)
(38.364993995173968 -22.756608179530211 2.3618745684001752e-12)
(39.859160061883038 -23.53622196556416 2.0750188525665107e-12)
(41.406931672840706 -24.327288314169955 1.6691644111255405e-12)
(43.010803337470868 -25.129761292243277 7.4768489340291614e-13)
(44.673313589868783 -25.946247627178018 1.3162340577987277e-12)
(46.39776105547913 -26.776696222464512 1.0380028355072323e-12)
(48.186964632941802 -27.623927814250489 1.818402875382544e-13)
(50.045528990502874 -28.487893180472959 1.4885515206649044e-12)
(51.977116272869694 -29.373414266119592 5.3282190079262657e-13)
(53.987359718393265 -30.280187823917693 9.224218812562401e-13)
(56.080705151522103 -31.214332787475396 1.4728358762751367e-12)
(58.264098894290662 -32.174775720674837 3.1486271683084991e-12)
(60.54268533523296 -33.169245588210266 2.8615035048839501e-12)
(62.924520324780119 -34.195655766586512 2.3411205854730508e-12)
(65.41622589171719 -35.263935731892438 1.8975472657747767e-12)
(68.02747249168209 -36.371686649436135 1.2483508678602597e-12)
(70.766868813189532 -37.53052863919217 9.7921114533960574e-13)
(73.645371776957418 -38.737806083464626 1.6195371686295862e-12)
(76.67424212484579 -40.007049134851997 2.1059181155368003e-12)
(79.865677366498844 -41.335772734356681 1.2949322867764299e-12)
(83.234867710777536 -42.739128889051372 6.2744928193668553e-13)
(86.794846802759494 -44.215186528801944 1.2752138117446247e-12)
(90.566610352762567 -45.780600207545369 1.2183406334356887e-12)
(94.563616278774305 -47.43531504746683 1.0932227125342171e-12)
(98.814796573364248 -49.196584052331424 2.1717331336012727e-13)
(103.33371533756971 -51.067671263743108 -2.916662274386482e-13)
(108.16012048798743 -53.065700572035169 -3.3309728455468925e-13)
(113.30759222200133 -55.199001177811454 -3.4767015403749109e-13)
(118.8300021704338 -57.484023402087644 -2.5158075642273848e-13)
(124.74191221731922 -59.935509343348187 3.2416826812993628e-13)
(131.11519604479003 -62.569227704854782 2.8872812647520321e-13)
(137.96735015295579 -65.407788073148865 1.0070026848605266e-12)
(145.39344294635205 -68.466691336820475 1.2066523135609674e-12)
(153.41778455969504 -71.777575807858966 4.4116953324526355e-13)
(162.16717308811613 -75.357034052819301 7.0308008525658512e-13)
(171.66787255693106 -79.248880979986794 7.052913792611036e-13)
(182.17178887666768 -83.568139039302466 1.2032265787688745e-12)
(194.016749220745 -88.423345120678775 7.1429553792652767e-13)
(207.5029112918516 -93.805421512245132 9.967715855794707e-13)
(222.63049056406302 -99.752200228305156 1.261340454496714e-12)
(239.59408962370907 -106.18788164370109 1.2022304485532996e-12)
(258.35372243095821 -113.07330326686134 1.1362541949042475e-12)
(279.05376137756878 -120.20854569893567 1.2156713554044645e-12)
(301.41947669164142 -127.41748930676727 1.4681743074530874e-12)
(325.23029726822284 -134.31635752909884 1.0792181195166452e-12)
(353.06838740535386 -144.87085273960355 1.6365534405494428e-12)
(394.70514243705776 -154.54772451143759 1.1656526660369984e-12)
(440.59984564469841 -161.42571470404201 8.0610787347919408e-13)
(486.98846679324021 -164.96128057749496 8.3676380347665762e-13)
(536.02644151473669 -165.63015217638446 -1.2642633616743498e-13)
(592.59248734064624 -163.73899034095678 -4.924934498515725e-13)
(667.97018477286565 -155.2960764282839 -1.8050278308740527e-12)
(748.89154006176045 -141.95543434337606 -3.4141908283435562e-12)
(840.67095311491528 -104.78908335127326 -3.2751695437613459e-12)
(12.695093123213468 -3.0950129653985021 4.4678823216500856e-12)
(12.726247214292417 -3.4493014244661859 3.9130967335919332e-12)
(12.77949277715482 -3.971293888144114 3.3648753638198445e-12)
(12.976418237384028 -4.4814198449322769 1.463521951196284e-12)
(13.208716242460554 -4.8761206796393237 -1.5386250633312275e-12)
(13.388520856747373 -5.2126745146405016 -1.5037655011587587e-12)
(13.634285839990902 -5.5612505810991832 -1.3330934078329025e-12)
(13.86984371201275 -5.9233521851525062 9.7302950678589536e-13)
(14.244176018672688 -6.3763315602182757 2.7649101487602649e-12)
(14.588053219381523 -6.6526126880262426 7.8622016521229236e-13)
(14.789856983199003 -6.9997733722237738 1.4268697059335188e-12)
(15.164669851195196 -7.3335355941970963 3.9444397488184052e-12)
(15.481964625499943 -7.7143060750928045 4.9463372175029197e-12)
(15.911076507706921 -8.1068802510452045 6.6991577429252852e-12)
(16.33573030973055 -8.529630399520201 4.1847391067843157e-12)
(16.836332445682324 -8.9769350481289347 1.1177548265714874e-12)
(17.358026110140216 -9.4441622396186578 -5.5573411526930148e-13)
(17.930402043557635 -9.9305380497853282 -3.0414467910526833e-12)
(18.523479210331988 -10.434803651624218 -2.5682812984283043e-12)
(19.163677685229363 -10.972367300620315 -1.019170516907617e-12)
(19.8537311965231 -11.536661691141779 -5.7469361449029885e-13)
(20.591414962870029 -12.128499025612161 2.1495386836555036e-13)
(21.378926184656301 -12.745143665375805 -1.0031356799420045e-12)
(22.213367441630322 -13.384340383038944 -1.0260837802025938e-12)
(23.093898755598989 -14.042883089803846 -1.1128538623379149e-12)
(24.01799222415595 -14.717878797770858 -1.2540178508078959e-12)
(24.983994455099069 -15.406639756507468 5.0318753737108826e-14)
(25.990035441846775 -16.10710731027757 -7.0411806306342291e-13)
(27.034758365794637 -16.817799399520602 3.6161445199451316e-13)
(28.116834157010221 -17.536534571706575 1.4444351159199228e-12)
(29.235399049696944 -18.261731674590827 1.694442064663895e-12)
(30.389902436961346 -18.992162251236877 4.9116937571841006e-13)
(31.580150983223849 -19.727212643081632 3.7714089745076492e-13)
(32.806366267134322 -20.466315842178695 -7.7697836559845873e-14)
(34.069024721785489 -21.209565524344249 -4.1246938129208363e-13)
(35.369064022388166 -21.956880244365177 1.4091153096265059e-13)
(36.707647799698925 -22.708922706743593 1.5717205936269076e-12)
(38.086398641077594 -23.465946176710432 2.2075134932638819e-12)
(39.507096455960557 -24.229230305756865 2.2897497148542916e-13)
(40.972146705549669 -24.999874250241028 -1.5673557886119291e-12)
(42.483697198639291 -25.779379877056826 -1.6081820820704098e-12)
(44.044736959992974 -26.568588297578728 -1.6548848259788272e-12)
(45.658022756482907 -27.369502021148783 -1.2434877423801264e-12)
(47.326794369783315 -28.183104307797901 -1.0939183729060932e-12)
(49.054782413073241 -29.012023596448913 1.0665976638785013e-14)
(50.846939102632902 -29.857891596442261 2.9485279608599541e-13)
(52.707209532533412 -30.724395146858448 3.9404714640091968e-13)
(54.640946624947347 -31.612698272981348 3.135181320835235e-13)
(56.652793702929699 -32.527376007049305 8.3973040984798962e-13)
(58.748976295556851 -33.469046047460409 1.007898864852337e-12)
(60.934936936069832 -34.443018015780403 9.8015414753142566e-13)
(63.218872069720149 -35.450250356360698 9.4009175198547771e-13)
(65.607625081718993 -36.498705777321078 2.7916966293460841e-13)
(68.110617931583008 -37.588687635811631 -1.5364486930354478e-13)
(70.736351888734291 -38.729371392718129 8.4959184978669037e-13)
(73.49533421247331 -39.92070803618698 1.6434601469694801e-12)
(76.398698359177956 -41.173379646527593 1.5607005736004002e-12)
(79.458522683152054 -42.488187628281501 6.1422442816606874e-13)
(82.689792354332397 -43.877268109262843 5.0309125942252053e-13)
(86.105364103840571 -45.342132613063306 -1.1692140859640784e-13)
(89.725634978978547 -46.896401237233931 1.0204192681845907e-12)
(93.564025848601943 -48.543431130829887 1.655359402367236e-12)
(97.648520883307768 -50.29737074951769 5.0125656291611927e-13)
(101.99269364704762 -52.165083536435574 3.8946049193772237e-13)
(106.63507597454431 -54.160631006356347 1.4104560625786227e-12)
(111.58907180845949 -56.295957249775213 1.2153041996457479e-12)
(116.90719944018863 -58.584713727487049 1.254262456440594e-12)
(122.6034742211309 -61.045232275450708 1.337787193300672e-12)
(128.74830721708841 -63.690818466843751 8.5423913421641216e-13)
(135.35804957608789 -66.547694172616943 2.8294752124969377e-13)
(142.52626154880409 -69.629502413575153 3.467902876363195e-13)
(150.27525009083828 -72.97169716419404 7.7148952417273922e-13)
(158.73027563678332 -76.589297877011873 3.6729069097685462e-13)
(167.91450240524605 -80.531469931859704 2.876008636998852e-13)
(178.07760658314714 -84.916453944779079 1.5141983726062306e-12)
(189.55144905419809 -89.864642839507496 1.2960695320268919e-12)
(202.63953969354199 -95.365028078544341 1.2789496339780135e-12)
(217.33908272958567 -101.47350015965254 1.6825244723097757e-12)
(233.85257644554102 -108.10664888385577 1.7310106016052327e-12)
(252.13572579352132 -115.25359045798939 1.6912036716806694e-12)
(272.34997722223937 -122.69695637847548 2.0886331801074129e-12)
(294.22471430583983 -130.2921388261579 2.5528820612358938e-12)
(317.57110177916502 -137.59986599517151 1.7330167669659527e-12)
(345.05543663429654 -148.97246950877263 3.1122588021560418e-12)
(386.59489164753012 -159.62184822516576 2.5919265736129149e-12)
(432.85904124511893 -167.49241590611709 2.2803538190968202e-12)
(480.05748670713047 -171.78522939355452 1.9120693153360024e-12)
(530.12080680183419 -172.89637884653567 9.9252714733683828e-13)
(587.98625496838599 -170.86080991416819 5.0419995254718797e-13)
(665.11747428936644 -162.278091484502 -8.2168330600370372e-13)
(748.15437579530942 -148.48697228715955 -2.6960852820675331e-12)
(844.86258415212944 -106.9739063550666 -2.8374471713474897e-12)
(12.215956258374749 -2.9428148924124145 3.7650297436090302e-13)
(12.25364764669607 -3.3093696716985797 1.2992836950669503e-12)
(12.284202813686516 -3.9251737451447157 1.3412924942778207e-12)
(12.526771680113281 -4.5259733820585897 1.3285894776276353e-12)
(12.795478459799664 -4.9595492718575818 -1.7707106648526002e-12)
(13.001532291273863 -5.3194037482471064 -2.3941412881442066e-12)
(13.275490158940906 -5.6814919805984685 -2.4492446473881692e-12)
(13.526844427819123 -6.0505881851894427 -1.8604661397516315e-12)
(13.93604281014596 -6.5519085632537521 -1.9519210558119316e-12)
(14.323827045584377 -6.8300118434880694 -2.2506406151965015e-12)
(14.556108415179908 -7.2203609622522054 -1.9144430587817729e-12)
(14.997794623377366 -7.6021300461448336 -2.2501564290898848e-12)
(15.387304299674653 -8.0491097475124072 -2.2738439137507158e-12)
(15.916298230128024 -8.5293403317876315 -4.7341607187827333e-12)
(16.457235239922021 -9.0514304686342708 -2.1444912618832333e-12)
(17.089583704967275 -9.6128635505226523 -1.52281090782256e-12)
(17.754229855188477 -10.199150866433 1.3450196863497988e-12)
(18.474600692405488 -10.807890954262422 1.48059611125464e-15)
(19.216690548201033 -11.430475823325086 1.0282104367266863e-12)
(20.003575980644683 -12.08220340477216 1.0769177536591739e-12)
(20.837034730387419 -12.753067973003809 5.3113309435069867e-13)
(21.710325563040481 -13.443234102609477 -1.1734720052879252e-13)
(22.62238283100816 -14.147247240650364 -1.3081824286164869e-12)
(23.568604567183009 -14.861503618833874 -2.1011252015286193e-12)
(24.547070027516877 -15.582787182269175 -2.2997839245929891e-12)
(25.554960154659113 -16.30859911266031 -2.6848845554325313e-12)
(26.590725978806763 -17.03708382403623 -2.4464594744029397e-12)
(27.652884061536927 -17.766833968964239 -1.5948889866726379e-12)
(28.740429735820531 -18.497007237742626 -1.6161026645272364e-12)
(29.852721288095598 -19.226761586485456 -4.9977253812104538e-13)
(30.989717698853642 -19.955764650788488 -6.3252721696406184e-14)
(32.151786223385976 -20.683819387131379 -4.1127631431381587e-13)
(33.339592720595263 -21.411191876869783 -8.8119045060739691e-13)
(34.55417678450366 -22.138190761929554 1.6631515908707597e-13)
(35.796788022463886 -22.865564328154626 4.0207291069718817e-13)
(37.069029169183281 -23.593977964636466 4.0344147834935981e-13)
(38.372668026092242 -24.324519730637455 3.8955972472649897e-13)
(39.709856868866012 -25.058161367938336 -5.1493441552727569e-13)
(41.082905730504351 -25.796324436473004 -3.4702608707586279e-13)
(42.494435813909249 -26.540419819341544 -6.3499403813825861e-14)
(43.947087223014989 -27.292049335119248 -2.4235001961044962e-13)
(45.44407889446547 -28.052698132681112 -2.1057389507024453e-14)
(46.988661711114247 -28.824296904910039 7.8639517069084834e-13)
(48.584682111380609 -29.608683839918754 -9.397159281306872e-13)
(50.236107072241232 -30.408655825600938 2.1178602722809282e-13)
(51.947221685384093 -31.226204038631568 1.8203403620287219e-13)
(53.722387537675871 -32.063964035554463 -2.2347639242761705e-13)
(55.566783549703594 -32.924124945901902 -3.687865982155573e-13)
(57.48517151645639 -33.809824994782915 -5.5096247973552956e-13)
(59.48339662263988 -34.723567530164978 -2.9460746665681607e-13)
(61.568107420181754 -35.669297229727334 8.3486086828462635e-14)
(63.746969890837477 -36.650820793398545 4.3993784221815078e-13)
(66.02684457248229 -37.673007004477704 7.4040968163463322e-13)
(68.415888845013541 -38.739008711057082 1.1160805867516368e-12)
(70.922461013917427 -39.853771669277791 1.6420446045898729e-12)
(73.557392382698794 -41.021505762119254 1.6408848584708476e-12)
(76.33195775995307 -42.25005936350734 1.0542880791399857e-12)
(79.257457482976861 -43.543969399929303 1.0556662380871255e-12)
(82.348748407575414 -44.911590490607267 1.9524605205243772e-12)
(85.618092691085067 -46.358114145955078 1.7538411321926484e-12)
(89.085765143563691 -47.893486061708643 2.4809560008528124e-12)
(92.76479636053638 -49.525097336774621 2.2495096795645858e-12)
(96.682756640926058 -51.263374067415263 1.8710563689421749e-12)
(100.85259311605181 -53.119442501517511 2.2809856552827872e-12)
(105.31228434740636 -55.103324917181183 2.1605727472213847e-12)
(110.0743833806129 -57.231468603818826 2.0224412497647858e-12)
(115.19077720058165 -59.513628391999958 1.9815543390105492e-12)
(120.67422943901967 -61.972675716988519 1.831758804399585e-12)
(126.59440157643043 -64.618215322791229 1.7902245704782841e-12)
(132.96578591301235 -67.481042837361912 1.9618051531941068e-12)
(139.88108214802983 -70.571646106134409 1.9959570674644616e-12)
(147.35994714111794 -73.930129764150649 2.4565732306662621e-12)
(155.52653887228021 -77.568606103171376 2.1994243793142756e-12)
(164.4002725596273 -81.542231640540209 2.1802994933671384e-12)
(174.22840576116374 -85.969459757891244 2.1640813815148222e-12)
(185.33497056465825 -90.983680412712332 1.6209898446291695e-12)
(198.0223585772745 -96.570114312732485 1.0826976705445335e-12)
(212.28477840587803 -102.80387731885449 6.3555405844057033e-13)
(228.33194468341628 -109.59311808504546 3.4984593908122016e-13)
(246.11325663572228 -116.95913958378277 6.9919219174661503e-13)
(265.80896625592425 -124.66358233423588 6.2548486084977453e-13)
(287.14903348536842 -132.60451506779933 2.3094356595728171e-13)
(309.98282600389814 -140.28458242857613 -1.1762236133702097e-13)
(337.03423649262101 -152.41390769179878 1.2300964952698438e-12)
(378.33400175242565 -164.08835062875269 1.8069739067948177e-12)
(424.85193558984423 -173.01385241548752 1.7804307555268545e-12)
(472.82013872820619 -178.11143404091919 1.9405159927633805e-12)
(523.92489294065365 -179.67960004277865 1.4880027330087818e-12)
(583.07151264627203 -177.43783806060063 1.0292723939713608e-12)
(661.75071571229125 -168.79913973206567 -9.0868276793722932e-13)
(746.83399409812444 -154.75626531820737 -3.4189476104385451e-12)
(848.73308699616223 -108.10258028589482 -3.4102630898148543e-12)
(11.814230740669286 -2.8245268283846294 -8.461340170360922e-12)
(11.887228338568592 -3.1896827954014584 -6.9986978562462779e-12)
(11.895456236012629 -3.9344758253138155 -4.5150490172037073e-12)
(12.231427384949328 -4.6836536976266032 -3.5337356771095995e-13)
(12.574753754137106 -5.1733244802421119 -2.5269760241823715e-12)
(12.835219600890657 -5.5711812715821889 -4.3443410910284628e-12)
(13.170334568897701 -5.9555026736294208 -4.2019229047951288e-12)
(13.473957157944719 -6.3529122840500447 -5.2531460347703478e-12)
(13.989220892452652 -6.9595799674138483 -3.794566468031316e-12)
(14.507229170491964 -7.2991330889843145 -3.9951778861166393e-12)
(14.853084215009508 -7.800537361112009 -5.697368975486594e-12)
(15.458174342193965 -8.3119240592972705 -6.4951865625932258e-12)
(16.019151146743667 -8.8990515983905443 -3.4073838026582812e-12)
(16.737738778567255 -9.5370528004627921 -3.7858508090898051e-12)
(17.474737211593954 -10.210690153467501 -3.497684300814784e-12)
(18.299950930702785 -10.921550194068855 -1.9938449320591516e-12)
(19.15127948887589 -11.644190991324987 -1.89762153807543e-12)
(20.04087432068048 -12.3739990153965 6.7840852642831574e-13)
(20.935831083215866 -13.099906859282298 2.2520252425369153e-12)
(21.857220156377615 -13.838466890811901 1.6219334695406919e-12)
(22.808589229879288 -14.58000197284257 -8.418968381377878e-14)
(23.781241763853103 -15.323953743095293 -1.2742918991896668e-12)
(24.774850723496677 -16.066766352008884 -1.8503896626706512e-12)
(25.785469640321811 -16.806672837357727 -1.8547394316069269e-12)
(26.812519814748001 -17.542304428764091 -1.7563022363328403e-12)
(27.854553145863406 -18.272777265475764 -1.4150952131998485e-12)
(28.91137919184758 -18.997738752939611 -1.4475463731278128e-12)
(29.982829586226458 -19.717084653664845 -1.0493130155186353e-12)
(31.069223389843437 -20.431126704952966 -6.6013782674875797e-13)
(32.171103366676931 -21.140125011066331 -8.9137284820471787e-13)
(33.289353393683733 -21.844566740295956 1.1595586017398118e-12)
(34.425117577046976 -22.545005574129966 1.1462500248958991e-12)
(35.57975600558278 -23.242234473698993 7.7699325550722439e-13)
(36.754866799573996 -23.937092277061176 -2.4796717839953782e-13)
(37.952190480311359 -24.630642710944816 1.5241987476738279e-13)
(39.173708921528487 -25.323963250119117 7.3899517903644572e-13)
(40.421536746476363 -26.018316714910849 5.856053567894284e-13)
(41.698055674259791 -26.715033559628605 1.0199682479987584e-12)
(43.00578847176768 -27.415578358660735 4.9414746820536086e-13)
(44.34751658560964 -28.121673832707561 1.4577994982517273e-13)
(45.726123913072598 -28.834947276044627 1.1280609413883655e-12)
(47.144906937416962 -29.557314989410042 7.3869625614872392e-13)
(48.607300010310055 -30.290579872642454 8.3617221796887243e-13)
(50.117202222737802 -31.037072402824307 1.7306703593373276e-12)
(51.67860159735195 -31.79894675572427 1.3616529942934985e-12)
(53.29589580011757 -32.57891252155347 1.2889134571113937e-12)
(54.973692620379943 -33.379050377267568 5.306462556955906e-13)
(56.717287033685921 -34.202632634360668 1.8926830520912933e-13)
(58.532068688301777 -35.051942214178467 5.5723020963185933e-13)
(60.424287250566792 -35.931329741453744 4.7400950109921896e-13)
(62.400307656476386 -36.843527761255388 4.7710701252471057e-13)
(64.466556390988032 -37.793422998734869 9.23393038324184e-13)
(66.630474781410598 -38.782951399981748 8.2645669167527381e-13)
(68.898883333389961 -39.818069488569066 4.8798940542932938e-13)
(71.281997033171464 -40.9012761069554 5.5158398582096112e-13)
(73.789816210909834 -42.040709214470944 1.5007999903909165e-12)
(76.432859116754003 -43.240627824325394 1.3970008285714364e-12)
(79.220911750167986 -44.507405698328235 1.3231377398815112e-12)
(82.170118016547676 -45.846531602172391 1.3463228607492152e-12)
(85.291936120983053 -47.267925234423913 9.5416024971993836e-13)
(88.606615906641338 -48.777916037833727 7.6379983618873692e-13)
(92.125993461264144 -50.387567480669524 1.4520304859546357e-12)
(95.877746700932931 -52.103028270273413 2.1327230542475841e-12)
(99.873909104520621 -53.939998602848597 1.7210463080935383e-12)
(104.15244509045012 -55.904299420226458 1.3023447057581179e-12)
(108.72445663007831 -58.017067459974065 1.1407388480536311e-12)
(113.64180543025267 -60.283711345039087 1.2222608379240534e-12)
(118.9154395275558 -62.731925829803345 1.2862431444963501e-12)
(124.61488636235262 -65.367104502217643 1.3896768754547811e-12)
(130.75218591725897 -68.22486885730774 1.2135216757355873e-12)
(137.41976498414996 -71.312023513063949 4.6587360183091478e-13)
(144.63409666895819 -74.673441300437418 -2.5463887950839593e-13)
(152.51865480701801 -78.317684666880183 -3.8811177249699333e-13)
(161.08850048498775 -82.305866992418103 -7.3500234599146018e-13)
(170.58847375322293 -86.754170956819692 -1.0956889940527679e-12)
(181.33253199190921 -91.809738785254893 -1.6502326106295778e-12)
(193.62077423183453 -97.451964294290462 -7.8904669468555719e-13)
(207.44201874729589 -103.77712906620451 -8.3958547957644548e-13)
(223.01349076665491 -110.68125994529062 -1.2542968325961242e-12)
(240.27469334747445 -118.2245844498127 -1.2562240471487357e-12)
(259.4259582211443 -126.14078664663494 -1.2628707751631344e-12)
(280.19336064878331 -134.38349828100039 -9.6402290811977072e-13)
(302.47189658726893 -142.39324395917885 -1.2641851839787074e-12)
(329.0167349078273 -155.20046203229532 -3.2436154588028904e-13)
(369.93354157311643 -167.9456553947617 -1.8727778789212023e-14)
(416.59245449470762 -177.99985969091611 -2.1282007054796482e-13)
(465.28863895856875 -183.9379610669863 3.0699331682102376e-14)
(517.43997008762437 -185.9819216118369 -6.9338015747594085e-13)
(577.84274581679983 -183.44361274019491 -6.7769318924493744e-13)
(657.84023578517451 -174.79258783183909 -1.9263440879137628e-12)
(744.79860866057061 -160.82411715981988 -3.9666885955625839e-12)
(852.38070404669133 -108.33127401387598 -3.4026590387288332e-12)
(11.727085122804651 -2.8235023188351098 -8.1929972674938238e-13)
(11.907648512969196 -3.1932390473556485 1.2673766450219852e-12)
(11.943595576285771 -4.1375146113124401 2.508302843882758e-12)
(12.484751951126544 -5.1566403337161608 2.0966592272753994e-12)
(12.990506571470704 -5.7716296774968807 -6.4621113968204528e-13)
(13.369910764511932 -6.2668776269055453 2.1526397935222051e-12)
(13.833101895679221 -6.7347229204499861 3.186159890102459e-12)
(14.268303391527278 -7.2439877836597129 1.637025936448962e-12)
(15.001197754055443 -8.0583867136742455 1.4725812087536108e-12)
(15.733194215757841 -8.5464900011674558 1.634624645373075e-12)
(16.270444087437021 -9.2050368209799078 -9.5660145893586677e-13)
(17.091707820970544 -9.8847906991141397 -1.106096297852668e-12)
(17.86524783341936 -10.620189718527079 -1.167488446591151e-12)
(18.780897684544392 -11.400808035238017 -1.4998041870341484e-12)
(19.703299600529249 -12.193192773477149 -1.7940113743485358e-12)
(20.687011704524622 -13.004392564076948 -8.4060051202215271e-13)
(21.676460199605181 -13.804193836798866 -1.0422350339519396e-12)
(22.677075381618298 -14.590961800564509 -7.7056297815666571e-13)
(23.662298235653722 -15.356219571598878 -3.3711149824888179e-13)
(24.653312317774066 -16.117857669817671 -7.497118212031917e-13)
(25.65658529279958 -16.869234904660022 -1.974151358437813e-12)
(26.664629121423015 -17.611204581559505 -2.4950181623846763e-12)
(27.679420507271466 -18.342838082128253 -1.0113085251280135e-12)
(28.698795229487409 -19.06394187914935 -9.6659894988994534e-13)
(29.723627323582836 -19.774785599230604 -8.929963532247779e-13)
(30.753867007912724 -20.47563270984972 -2.4516630496851012e-13)
(31.790395656955393 -21.167102844509696 7.7101209427117141e-13)
(32.834021781507765 -21.849837547310507 2.7781737176999273e-12)
(33.885851578279635 -22.524720858667131 1.9988481110352811e-12)
(34.947077261375291 -23.192571190806898 1.1964995134363688e-12)
(36.019106636860663 -23.854303216418547 2.6883006288495804e-12)
(37.103517541230119 -24.510847633697292 2.7129895929550432e-12)
(38.202033258809244 -25.163258162975975 1.8373945314525697e-12)
(39.316554208980506 -25.812643801964036 1.5138521520019418e-12)
(40.449092818555783 -26.460209618783292 6.9486784256462919e-13)
(41.601854459060348 -27.107277159657375 3.5848313863966268e-13)
(42.77716044074716 -27.75516642618588 5.37009407705818e-13)
(43.977546161589828 -28.405465279799802 8.8705489845562557e-13)
(45.205689186757851 -29.059579651010981 -3.1764041999747872e-13)
(46.464471976318393 -29.719485598006703 8.4491828737385031e-14)
(47.756914992847555 -30.386647761635551 1.6396361838918432e-13)
(49.086314505468813 -31.063397847183353 5.9885194227549344e-13)
(50.456194167476077 -31.751198770161185 7.4389339949866031e-13)
(51.870344618808083 -32.452911468661242 1.3449275417112803e-12)
(53.332852767232062 -33.170122614638906 1.3067379588026068e-12)
(54.847995245526711 -33.90632801595153 4.0386852463878656e-13)
(56.420546785377134 -34.662944205823294 3.6711464631775254e-13)
(58.055570793717941 -35.44421644861076 3.275029001349271e-13)
(59.758690194628429 -36.251490453778445 3.284589880509541e-13)
(61.535809269998119 -37.09021696689129 2.7364486055906963e-13)
(63.393513866082081 -37.961580397697865 3.8375293166266343e-14)
(65.338362217349442 -38.872263628515945 -1.9164896099530445e-13)
(67.378391139057825 -39.82258631360984 9.0433177371605225e-14)
(69.521049522993351 -40.821118192625882 3.4482917103626126e-13)
(71.776682737423485 -41.869139344787087 2.5814185370231245e-13)
(74.152304058757252 -42.975612096840436 5.1628709185069613e-13)
(76.659101808831764 -44.140996012360731 1.9169861441556197e-13)
(79.307040807306521 -45.375901660961098 3.1170310182752894e-13)
(82.112955968132823 -46.682158788587238 -3.198151697463674e-13)
(85.085423812540085 -48.074409897302353 -1.322313207042176e-12)
(88.245178895888174 -49.552157239009439 -1.2183462338409872e-12)
(91.604136167441638 -51.132701208410857 -4.4066467060650256e-13)
(95.189940258318202 -52.819021712857982 2.391440961436413e-13)
(99.012810124588427 -54.63030132097343 7.3987295920271666e-13)
(103.11112640678918 -56.567894027580124 6.1937301516379535e-13)
(107.49439022601329 -58.657536910142703 5.7278070364094402e-13)
(112.2148260499107 -60.900698408247933 -2.1921816923533099e-13)
(117.28118525818624 -63.329356814451387 3.694607957093421e-13)
(122.76325984629599 -65.94502109271798 1.5483812802426946e-13)
(128.67028356639136 -68.787521190005123 -2.6432758882791974e-13)
(135.09478892604156 -71.860417970023207 3.4232037581960171e-13)
(142.04982647819708 -75.212531773924198 1.7183916294467332e-13)
(149.6584325744054 -78.849245274453452 5.4363874028316738e-13)
(157.93113090915045 -82.836648429840253 8.3876923638682284e-13)
(167.10983271027413 -87.286730432518823 7.5479623310033277e-13)
(177.49626930246907 -92.360442159549279 6.2861618427443144e-13)
(189.38697613799914 -98.029895096062361 7.7608708453476573e-13)
(202.76688995917041 -104.41492637690989 5.1696584757261506e-13)
(217.85769458918244 -111.39395158182224 9.100666341818656e-13)
(234.58530199462524 -119.07287802700824 6.2700972008184511e-13)
(253.17266452331205 -127.15115563885699 4.0148646789565079e-13)
(273.33509039734992 -135.64933422561307 9.0767088144889828e-13)
(295.02087821338307 -143.94064998728871 3.5187373022518838e-13)
(320.98427517305981 -157.3280957433 1.3219143259761648e-12)
(361.36103348370676 -171.17374820300159 8.1162557620685451e-13)
(408.04542446248888 -182.42627245191119 3.8019146396835389e-13)
(457.44197782610905 -189.25873710147542 -4.6369192994925386e-14)
(510.63397924521308 -191.80906037089159 -1.0855277394137793e-12)
(572.25370798589279 -188.85300988264666 -1.0660376976075534e-12)
(653.3136719801106 -180.15984472890065 -1.0530798033941528e-12)
(741.96201974755695 -166.59381065885668 -1.4257550977422218e-12)
(856.0586965478642 -108.33377449178572 -1.3778268137073351e-12)
(12.436101118363837 -3.1510434895100223 3.210446156308863e-12)
(12.855205076125943 -3.6095778171251709 3.1400530505493411e-12)
(13.053632982335429 -4.8799460757027422 1.3126754695602446e-12)
(13.948651989078 -6.3436719161496988 -1.5055063164098724e-13)
(14.705875591263435 -7.1930837172578466 -1.5653328584827438e-12)
(15.2612589468678 -7.8632370184081264 -4.724769273658589e-13)
(15.884970430356768 -8.4696212110164275 -3.558763841829002e-13)
(16.501423886074363 -9.1520688394422898 3.5512868758680915e-13)
(17.462313065902769 -10.155771087927025 5.5464511761844426e-13)
(18.386472660551824 -10.787060807058428 -2.2048490736769683e-12)
(19.091523371542149 -11.554061818242323 -1.964653790400064e-12)
(20.070230625895469 -12.342335659120172 -3.0783801958492042e-12)
(20.992807969321923 -13.155511907030784 -1.9655174797082325e-12)
(22.025903227417537 -14.000225111952807 -8.1191723863257864e-13)
(23.05176030596045 -14.835323442105377 -6.9496722899563156e-13)
(24.11017466935192 -15.671397834382924 -1.0612971912624909e-12)
(25.157154476067941 -16.480541263946694 -2.1261172655167207e-12)
(26.194111201615033 -17.263386159460374 -1.0902460120657244e-12)
(27.200888426752883 -18.014369434271746 -7.6525551146034065e-13)
(28.198212061917985 -18.749636083999043 -9.0744417956370766e-14)
(29.195957444693736 -19.467294819104808 -6.654229387478181e-13)
(30.187940972783974 -20.16929190169931 -3.7650142284357612e-13)
(31.177615008773472 -20.856628902491018 1.1523357090259124e-12)
(32.164144471614684 -21.530077732996023 1.2166197339490859e-12)
(33.149251830303136 -22.190804144583293 1.0872548637877987e-12)
(34.133721352522215 -22.839682512516486 1.0548624192709766e-12)
(35.119027621439564 -23.477805922457662 1.3849289375128563e-12)
(36.106516469887382 -24.106192342336378 1.0298260286178963e-12)
(37.097732101517195 -24.725978908349131 1.5913684546700784e-12)
(38.094249902634481 -25.338245485421236 2.5988511967241902e-12)
(39.097778067273047 -25.944101307407461 2.3706542613670661e-12)
(40.110137498528601 -26.544676703068621 1.6473454712410393e-12)
(41.133259207807818 -27.141134811677293 2.3400714702866875e-12)
(42.169211053024448 -27.734740869873509 1.2542832380003207e-12)
(43.220157665682898 -28.326737011870062 1.164202964927793e-12)
(44.288420673937885 -28.918607082195603 7.3706568698340172e-13)
(45.376437471463433 -29.511634531375098 5.1727437045360995e-13)
(46.486808285017304 -30.107609594522138 7.0164846232607736e-13)
(47.622299591705605 -30.707808187834154 6.9931747860490718e-14)
(48.785832104757077 -31.314468433738412 4.7088487286055399e-13)
(49.980531490531639 -31.928816627455333 4.4909418195050167e-13)
(51.209677155030384 -32.553590556175202 4.5738733637303761e-13)
(52.476892307309193 -33.189875280208014 5.2584828505594003e-13)
(53.785882166516394 -33.841048981187676 -6.2593389428625355e-14)
(55.140866719204695 -34.508117341256515 -2.5248750491091469e-13)
(56.545976437291557 -35.195257641469432 -8.3932058406108802e-13)
(58.006104838125523 -35.90313866893198 -4.183068388807149e-13)
(59.52603118352183 -36.636966715924196 -6.0363803422685229e-13)
(61.111526941522122 -37.396921052119509 -4.5216838102435413e-13)
(62.768028380196093 -38.189864109977712 -2.7314898460696814e-13)
(64.502414968934545 -39.015182045652722 3.5261848282998706e-13)
(66.320595146502185 -39.881820844608932 4.3421500000524367e-13)
(68.231289322500899 -40.787821803222755 2.7704908291067281e-13)
(70.240974666029771 -41.744473900219376 -9.5936222000258284e-14)
(72.360654092636068 -42.749473348498071 -6.3451887194160062e-13)
(74.597197742269842 -43.816366856831955 -8.8759136262438722e-13)
(76.964176413867577 -44.940780692029158 -1.3269596575275399e-13)
(79.46961899857817 -46.140980624002808 5.6979330410849041e-13)
(82.129101936879536 -47.409771206743322 -2.9597980865577892e-14)
(84.948963238803742 -48.768708328326035 -4.147685381786377e-13)
(87.953811556012852 -50.208994426473822 -4.7833189953228362e-13)
(91.151147420751542 -51.757711345728872 5.9486101433516383e-13)
(94.568882325863086 -53.40777314618667 1.0337532523414613e-12)
(98.217771170739042 -55.185407437675543 1.421706099605125e-12)
(102.13618105791475 -57.08986329201381 1.3793750865314163e-12)
(106.33120440916316 -59.149001416476317 8.0032764381609573e-13)
(110.85571677447065 -61.361311535679164 2.806999971099146e-13)
(115.7163033580179 -63.761850322632057 4.7253809000867808e-13)
(120.98311850563884 -66.349588770691454 6.5247543888287731e-13)
(126.66254176405448 -69.166916444540291 9.5608019770995433e-13)
(132.84727185087135 -72.215730573197774 8.5506067953783992e-13)
(139.54709228579554 -75.546881132165382 8.3417310805822696e-13)
(146.88460536365682 -79.164194828121239 -2.1862064817837298e-14)
(154.86622563527371 -83.136693109427398 -8.0455807553780266e-13)
(163.73033840591873 -87.571829343363092 -8.6819663011626127e-13)
(173.76526210245643 -92.642180326216135 -1.2493277871903857e-12)
(185.2644194927521 -98.314006672651786 -6.6614522682993325e-13)
(198.20288229796924 -104.72843926666579 -1.3103430855606662e-12)
(212.80953805019664 -111.74425380706454 -8.5036008132448995e-13)
(228.99237664165113 -119.5161267249961 -4.3780296165817657e-13)
(246.99865171258105 -127.70531645176966 -3.3129492199967179e-13)
(266.52735315908654 -136.41025431530258 2.5721902967683753e-14)
(287.58623312918087 -144.93263133664689 -3.3558572860177839e-13)
(312.89447594374627 -158.78515673413133 5.225117558176533e-13)
(352.56984029627228 -173.74588551712401 8.094858911913691e-14)
(399.15561595043198 -186.25080040055832 2.4139719716623392e-13)
(449.19099062632273 -194.03495397692419 1.9078560487988942e-13)
(503.40322408429057 -197.13204119093817 8.6832454061911161e-14)
(566.21420212626401 -193.62737281896798 -7.706045308885554e-15)
(648.07606088910995 -184.89569174350368 -8.2880122497034071e-13)
(737.93660299659484 -171.60380242011519 -2.1901076113112898e-12)
(859.01816457090456 -107.8138037174416 -2.3123408426741871e-12)
(14.814018755750606 -4.0987903114117739 9.4121855595512699e-12)
(15.50599895443831 -4.8483607960816002 9.3182880863850502e-12)
(15.926891241159458 -6.5168836778126558 8.2264399382811176e-12)
(17.129125043977822 -8.4893559599788819 4.7959476509275116e-12)
(18.089467208398705 -9.6245207801511228 3.5471884811245768e-12)
(18.765937149630965 -10.476009637742566 3.9123947574640695e-12)
(19.497375657447563 -11.232249634794938 4.8177817983651558e-12)
(20.2361760944301 -12.047417167056327 3.8876368619841184e-12)
(21.328006326720708 -13.129289433408601 2.6626806075426109e-12)
(22.363350875964933 -13.846450930962115 1.8314644565227239e-12)
(23.166471576879424 -14.650026944894352 2.1848436424784704e-12)
(24.220901440140253 -15.475815772163847 3.6689930267332469e-12)
(25.214524044443792 -16.299534696507511 3.4638232043499901e-12)
(26.287925640682058 -17.14149976455543 4.094580972073722e-12)
(27.341992652725246 -17.9583510242126 3.0781234748732477e-12)
(28.404976161735327 -18.762492712882143 2.4563815866871325e-12)
(29.442085760149535 -19.529611373362862 1.4960350647761108e-12)
(30.45301586120658 -20.261076682520695 2.3587383194078014e-12)
(31.423319985653851 -20.953936555887584 2.2014908146384022e-12)
(32.37516088123099 -21.625772596377079 2.2293279905928923e-12)
(33.320154984809946 -22.278245865836681 2.7024198172987046e-12)
(34.253551785446966 -22.913187450205768 2.539561938022657e-12)
(35.179467629569643 -23.532630363269252 2.1107150404838542e-12)
(36.097940979059672 -24.137684832140501 1.8666388675011901e-12)
(37.011064174975559 -24.729860926348231 2.3235834900156768e-12)
(37.920095334743685 -25.310265836266037 1.5795860704081444e-12)
(38.826784529049192 -25.880153251113317 1.5042313239001708e-12)
(39.73275072318657 -26.440669111927001 9.316597646795623e-13)
(40.639744664257023 -26.993015574021431 1.2276092692719573e-12)
(41.549527173595543 -27.538366881947507 1.4184709355032723e-12)
(42.463950371489219 -28.077885640352296 1.3801858943256709e-12)
(43.384947995752356 -28.612781956493784 1.3699472141831912e-12)
(44.314543625651083 -29.144231568140349 9.5538451963935921e-13)
(45.254876286100142 -29.673581712638139 4.372564964960196e-13)
(46.208175891669946 -30.202031526295368 5.872339125622882e-13)
(47.176806509146523 -30.731184240480268 5.8149637997970244e-13)
(48.163256807000785 -31.262211914646709 7.2522311362932731e-13)
(49.170137456164348 -31.797093547719886 4.9225301350176063e-13)
(50.200267359087668 -32.336897099928905 3.3145790839631688e-13)
(51.256543541279683 -32.88414697401948 3.9612041095999697e-13)
(52.342156861474102 -33.439732567705732 1.0492751137564651e-13)
(53.460316054215738 -34.006811568472344 4.6830180883778837e-13)
(54.614721087031647 -34.586030498007368 2.6056972597251117e-13)
(55.808940750413434 -35.181279415745031 2.7546577786452199e-13)
(57.047308284375767 -35.792990436283276 -6.0556421269626486e-13)
(58.333781027554828 -36.426000158499797 -2.1135927493369245e-13)
(59.673399002990251 -37.08023960895796 2.7450398908147676e-13)
(61.070672824605055 -37.761842188439637 1.6526038070681801e-13)
(62.531574498019118 -38.469854517208027 -7.3154378937490583e-13)
(64.061143599663623 -39.212542814353363 -4.9777548680480028e-13)
(65.666604061445241 -39.987443001759864 -1.6153428204700876e-13)
(67.353219668651008 -40.805686054179837 9.9597192674781622e-13)
(69.130151596150924 -41.662660207174454 1.140131611444682e-12)
(71.002810259403546 -42.572732013149974 7.2969769697388291e-13)
(72.982883333210552 -43.529894444884953 5.0498841633277665e-13)
(75.07599359735832 -44.552065109717802 6.3702990280703545e-14)
(77.296911008830833 -45.630213786588541 -4.1633308511003001e-13)
(79.651642495047682 -46.787657127032652 -4.8346246851480088e-14)
(82.1590983731801 -48.012157409208797 3.3819394718855007e-13)
(84.824515925913246 -49.332157479245041 5.0562479872825652e-13)
(87.672962164719692 -50.732092361132445 4.542465996362845e-13)
(90.704618014195631 -52.245283245851638 9.2151170658709867e-13)
(93.954674185165587 -53.853411800201997 6.262430935349048e-13)
(97.427789987581491 -55.594517466110467 6.3782144363470709e-13)
(101.16327132317596 -57.457816890055227 5.9271057144846201e-13)
(105.16856723500452 -59.477506122268082 1.1639936168530969e-13)
(109.49628979821136 -61.651651074930498 2.0461029807348494e-13)
(114.15080526667532 -64.015007466350184 2.332811217605427e-13)
(119.20233863217145 -66.566558744345045 8.497432609547352e-14)
(124.65480494238395 -69.348272642577683 -1.4163801095682316e-13)
(130.60060985222836 -72.36344189345381 -2.1795115561553299e-13)
(137.046913078253 -75.661524769352383 1.1445145554924914e-13)
(144.11531692324127 -79.24806938575415 1.9529114220069364e-13)
(151.80914475760167 -83.191352781987064 3.0521781575581645e-13)
(160.36231584402165 -87.595855532403618 -2.6525555862641804e-13)
(170.04916943021979 -92.641300095031042 1.0993362106591202e-13)
(181.15898867541861 -98.291058752829869 -1.375509753505207e-13)
(193.65560467308876 -104.70423018263121 -2.1016716014444996e-13)
(207.7742982045942 -111.72032580880597 -1.0936142291713145e-13)
(223.40231012004648 -119.54282595915826 -4.2439683963586408e-13)
(240.81191363909059 -127.7904747647101 -7.1224760521924254e-13)
(259.67914956292071 -136.65195218681845 -4.7972831912908425e-13)
(280.08039105732894 -145.35237448535864 -8.9650708480033766e-13)
(304.66058837259868 -159.54805766391809 5.2707321099815447e-13)
(343.45468465605364 -175.60969333481978 6.4178459333979217e-13)
(389.80309382804717 -189.39848237041403 2.7717979567481992e-13)
(440.40405403596202 -198.19890261967782 2.5910961381964572e-13)
(495.59635868998492 -201.88101211669232 1.291101192184166e-13)
(559.55667896887348 -197.71401294754071 8.4254220019953613e-16)
(641.90655667685178 -188.91657240070708 -1.590216876787121e-12)
(733.02362361885116 -176.21468891155632 -3.8249799725892315e-12)
(860.29367832255605 -105.50431526676665 -3.5376876093355643e-12)
(19.427114174436461 -5.6128153745930049 6.8153247462107652e-12)
(20.216977230052393 -6.8602549301144249 7.2137020744898297e-12)
(20.732380332666864 -8.9025912556967146 5.5801549220488763e-12)
(22.026245061813015 -11.372743807914507 5.2124047233719343e-12)
(23.058202142982228 -12.833878054356568 3.9078277588550313e-12)
(23.770703702292693 -13.887296694363737 4.9768626519032741e-12)
(24.537820896973848 -14.804146155541625 4.7542261050046574e-12)
(25.340635874225573 -15.72020152873842 4.909526410134601e-12)
(26.485318594654188 -16.810759757432628 3.9114156482602338e-12)
(27.555067995119401 -17.566484562132626 3.5299419149369501e-12)
(28.393632184887139 -18.354646531446829 3.6450038352796551e-12)
(29.446920899012284 -19.158314640814741 4.3562338018858123e-12)
(30.435097319213 -19.935918238887293 3.7241314584334091e-12)
(31.471810393082947 -20.716313731168157 3.9879449142655973e-12)
(32.476912071105637 -21.459932596270193 2.9389416484359401e-12)
(33.469896424893484 -22.178950296202363 3.6846344487789073e-12)
(34.425796419135068 -22.854054323371244 4.1006205698076333e-12)
(35.346531450478146 -23.492077053008114 3.4130893166006287e-12)
(36.226697329391421 -24.094297357541912 3.3042603793310459e-12)
(37.086758641624797 -24.677223406799154 2.5820922052557703e-12)
(37.936665020148098 -25.24221088389465 2.5253520801873428e-12)
(38.773176285402513 -25.790736696602028 2.4276270029865329e-12)
(39.600261047146425 -26.324853571876396 1.5306172903682385e-12)
(40.41841303791648 -26.845737256399609 1.5265138023346933e-12)
(41.229740606772516 -27.354925784703575 1.5129834258669346e-12)
(42.03567102058517 -27.853577020284892 1.7695365929922595e-12)
(42.837989007687149 -28.342934110986658 1.806214799015671e-12)
(43.638374751505125 -28.824143963023754 1.7168627513002413e-12)
(44.438612119946008 -29.298370383391433 1.7896929705026167e-12)
(45.240494625046836 -29.766784310395511 7.2044198756562126e-13)
(46.045893198375332 -30.23051499743309 7.0181926943118486e-13)
(46.856748595763676 -30.690793915849511 5.0726569940534586e-13)
(47.675089051118732 -31.148740898129549 5.0866754908602459e-13)
(48.503046361865579 -31.605760185524097 5.0546584057496818e-13)
(49.342851265728477 -32.06294464087884 3.5915137937643221e-13)
(50.196847708588571 -32.52201724952193 3.2744870284674979e-13)
(51.067530211098244 -32.983966912973045 6.5535922973296904e-13)
(51.957468239804484 -33.45098989522409 7.3339743148766662e-13)
(52.869499381790384 -33.923860896509836 5.7655900154571082e-13)
(53.806449407830712 -34.405432082101626 4.7020574075289557e-13)
(54.771554890094457 -34.896194115059778 3.6601001934910579e-13)
(55.767911471393411 -35.399703238881969 6.0045112099911597e-13)
(56.799283990040358 -35.916192958729297 -1.5786494964328313e-13)
(57.869077531573311 -36.449952225578322 -3.465805785485391e-13)
(58.981710914039944 -37.000960315420173 1.1535720778970874e-13)
(60.140944045095232 -37.574512338210958 6.7501388520192809e-14)
(61.351917880726461 -38.16998748867185 -5.2846631385505681e-13)
(62.618868977737762 -38.79417734197439 -4.1819867831091134e-13)
(63.947907523047625 -39.445254211458163 -8.1450181555077584e-13)
(65.343676250598705 -40.132568250873319 -1.2789601496806555e-12)
(66.813690497996689 -40.852215534119878 -1.0720116359523379e-12)
(68.362600073315647 -41.616953562764024 -1.2227377474488096e-12)
(70.000058061102209 -42.420347810448781 -1.6684149872199424e-12)
(71.730507157777538 -43.278532450190049 -9.8905269421290313e-13)
(73.56631922695432 -44.183735451939611 -7.0957237693720836e-13)
(75.512075397117727 -45.155368354617288 -9.2918989749289709e-13)
(77.583036738347687 -46.182970209104781 -8.9168947194188269e-13)
(79.78388156598065 -47.290982137000277 -7.5390691738199887e-13)
(82.134146346231304 -48.4660657183247 3.5133399625361789e-13)
(84.637677552510155 -49.737678971798267 4.1687831286749768e-14)
(87.320607344651364 -51.089909586087686 8.1664551018614944e-13)
(90.184985529070531 -52.557957475377641 8.379073065287244e-13)
(93.265719644905715 -54.122666264063007 3.8431299377698189e-13)
(96.558122665433018 -55.822535531797058 -9.021850430664382e-13)
(100.10893235297124 -57.639445740810032 -1.2536590798723594e-12)
(103.9203859644478 -59.612398048790773 -1.3988094532047308e-12)
(108.04658502705699 -61.739699024996334 -5.7523157266705801e-13)
(112.49159015966634 -64.0550569278616 -3.2591996864721813e-13)
(117.32447428183902 -66.561447222369182 -2.9378235586137536e-14)
(122.54745291084146 -69.295705809549716 -2.885039594752806e-13)
(128.25142029124706 -72.267129072079427 -5.4394440947936413e-13)
(134.44215402683787 -75.518633658713611 -6.2884796156155464e-13)
(141.23895386737945 -79.06255410446191 1.421450038332576e-13)
(148.64387943206756 -82.961048032719447 2.1509702001079e-13)
(156.88459970436742 -87.318963189673866 2.3455164818096601e-13)
(166.2217040459615 -92.316218438798927 4.4337964713117105e-13)
(176.93822224196231 -97.91916764654502 6.819795443949365e-14)
(188.9875324640729 -104.29839543555146 3.6250100574511059e-13)
(202.60876844266235 -111.27789761433772 1.1246410898998139e-12)
(217.66700428239864 -119.10575407194465 7.4507064048550156e-13)
(234.45871158598572 -127.35743691229543 7.5944002321911907e-13)
(252.63023871021477 -136.31892710197559 1.0175963937592369e-12)
(272.33724327863621 -145.13468024010791 4.1766729693920513e-13)
(296.11084513256105 -159.54643461713536 2.1251951790101671e-12)
(333.85575379447891 -176.65717514554441 2.087600872902599e-12)
(379.83029142999641 -191.7756603596811 1.2661797470890947e-12)
(430.87000004089691 -201.65504233006789 1.0120547771733323e-12)
(486.95835601476904 -205.90482641125197 5.3536487547697054e-13)
(552.01284411062704 -201.05048104742397 3.2198791429546936e-13)
(634.51443954697493 -192.03188949436455 -1.3235738704501653e-12)
(726.26024077278623 -180.2765985541844 -3.0967944917648806e-12)
(861.2877053811834 -102.37648888426769 -2.7818513979598635e-12)
(26.31908571100848 -7.2513915289346311 4.7720391185028519e-12)
(26.917303057646116 -9.3424907126304895 4.1585233260997381e-12)
(27.33189905512252 -11.791683115580421 3.3651709333503245e-12)
(28.457528407425393 -14.78738980966569 3.2924438579908832e-12)
(29.421742889830529 -16.663633075443705 4.0432902569837542e-12)
(30.084488328232034 -17.974027392769148 3.3593771463463309e-12)
(30.810480350546584 -19.081425206650643 2.9992919199467917e-12)
(31.611202667796874 -20.063328651280489 2.4744407133151309e-12)
(32.721727589315755 -21.057178546941675 9.9180211164049379e-13)
(33.744511251953931 -21.780871735789876 1.5901115915971179e-12)
(34.550355276372464 -22.492136567722923 1.8313912442795754e-12)
(35.528371029992805 -23.208158575315036 3.1924061680060699e-12)
(36.435894986515642 -23.882577967452974 3.8257278727561519e-12)
(37.363806754474965 -24.545984179065336 3.8799085789975169e-12)
(38.250280544022026 -25.165366652969738 3.4209783652814987e-12)
(39.112193362993757 -25.756940795526123 3.621405029479906e-12)
(39.935900699336237 -26.309581440131986 3.768463131485769e-12)
(40.726208755890646 -26.833374488726058 3.0705282530088994e-12)
(41.481349689946597 -27.330662016282535 2.9725688104495411e-12)
(42.215881557768924 -27.810536539139122 2.4784714446654982e-12)
(42.939897452825043 -28.274582658674159 2.2716516104425765e-12)
(43.650050202740466 -28.724034411714001 2.2398168926205201e-12)
(44.35028882391925 -29.160958131478207 1.4858309407985932e-12)
(45.041357023653447 -29.586490490001314 1.4131214801674037e-12)
(45.725346778891364 -30.002112533331609 1.6919028825547416e-12)
(46.403772123549565 -30.408957589100879 2.2677244108385856e-12)
(47.078406789329676 -30.808204853422897 2.2767909374767264e-12)
(47.750937439461666 -31.200958405056976 1.5877802871033743e-12)
(48.423131694789532 -31.588312838660968 2.1404169756204987e-12)
(49.096767573325465 -31.971410730027298 1.4224469690817393e-12)
(49.773694124894483 -32.351312875365345 1.3865440332428013e-12)
(50.45582138264276 -32.72926263673402 6.8582842648830908e-13)
(51.14514849875178 -33.106284141805745 6.1449593353274145e-13)
(51.843764979789256 -33.48384580133532 2.8506449364018336e-13)
(52.553875755833161 -33.862885658331919 -3.8588369863974536e-14)
(53.277765756021608 -34.245269909146728 6.1251472589624886e-13)
(54.017915884119127 -34.631740010428956 6.6711876006885366e-13)
(54.776811842401266 -35.024748847959501 8.3984314307000138e-13)
(55.557294957843695 -35.42470781915187 4.6810342013483408e-13)
(56.362067563656915 -35.834810142200567 -2.1573132020880009e-13)
(57.194399678290573 -36.255148944137304 -4.5597028303801853e-13)
(58.057225050117196 -36.689568219521426 -2.3286829780303482e-13)
(58.954347732393927 -37.138034521384377 4.4091646255258199e-13)
(59.888989150437048 -37.604979795237753 -5.4637785582182742e-13)
(60.865592211413706 -38.090219181399846 -1.0677154585881573e-12)
(61.887730537557452 -38.599115135828875 -1.0297811966630726e-12)
(62.960562975196758 -39.130899335165857 -8.7427449421416246e-13)
(64.088095399557758 -39.692519869827507 -4.2611074385490832e-13)
(65.276481455475036 -40.281765066749784 -6.9649645338062171e-13)
(66.530007099405466 -40.908507555053802 -1.1935415869396313e-12)
(67.856390682588909 -41.567973623531458 -7.2569654096773656e-13)
(69.259677670976757 -42.273814739902285 -1.3548762754612538e-12)
(70.749925368302371 -43.018576313605649 -1.2059266700452146e-12)
(72.330642346553617 -43.819107145227505 -1.13882516850374e-12)
(74.014663258597537 -44.667231105057077 -1.6134878359643842e-12)
(75.805719923595859 -45.582182624731701 -1.7670673508974964e-12)
(77.719393144571384 -46.553911322967764 -6.6760665157408543e-13)
(79.759440288287465 -47.605851154607194 -2.4976232463470188e-14)
(81.945793696013183 -48.725987031868449 -1.1019408730362936e-12)
(84.281076303213524 -49.9413838696371 -8.5709771189339161e-13)
(86.791542843805587 -51.239408081956569 -1.2670896107133855e-13)
(89.478098002923517 -52.649911100419985 -8.5485178847079809e-13)
(92.374882978409886 -54.161483018356876 -1.2813008160362899e-12)
(95.4817163081416 -55.806549322586307 -2.1343552703379631e-12)
(98.842419954374094 -57.574583179848489 -2.8074935617936587e-12)
(102.45208165643801 -59.495183923025401 -2.6640749297294807e-12)
(106.36896890562213 -61.566911073698911 -2.1956536475089576e-12)
(110.59690793383712 -63.821515088282112 -1.8203944160144701e-12)
(115.20280302822376 -66.272157030894419 -2.5834912997127146e-12)
(120.18856135459298 -68.944576768133615 -2.4138323095156767e-12)
(125.64150451634357 -71.859907429251265 -2.4239464547556729e-12)
(131.56788696190921 -75.048245147326668 -2.3699664332723144e-12)
(138.08249972500354 -78.53475928263633 -1.8783230635052661e-12)
(145.18872272180246 -82.369068684310562 -1.2597712980925689e-12)
(153.1058549781099 -86.660505145817496 -9.9519045189359109e-13)
(162.08145372605074 -91.581855272377027 -9.313492286248749e-13)
(172.38903908878177 -97.108591407824846 -7.2990413343887945e-13)
(183.9736576947129 -103.41531686280443 -5.8321744271137533e-13)
(197.07457696882983 -110.31624394779351 -8.8295608422106743e-13)
(211.5359512659125 -118.09546840875549 -1.0748492049178532e-12)
(227.67574148491687 -126.2931837684975 -7.2734447874634226e-13)
(245.10760323547501 -135.28685339300037 -5.1349758738561654e-13)
(264.07368435234645 -144.14933284416855 -1.2859787820845661e-12)
(286.95091466289284 -158.63086735011512 1.0330418620058517e-13)
(323.45361206523273 -176.68582358601753 -4.9051341260110098e-14)
(368.85221095657613 -193.14786931847658 6.1817266640655697e-14)
(420.18823936175181 -204.20089276871894 1.1886579461275203e-13)
(477.06237516344396 -208.9657859692216 -3.2099519315746691e-13)
(543.04008619171964 -203.42856902041794 -5.4169876794270737e-13)
(625.39736989682854 -194.08459460491952 -9.804129305730871e-13)
(717.25188658112279 -183.17841261839877 -1.8498793531167206e-12)
(859.74375988986151 -98.665089534351509 -1.8142058238754371e-12)
(34.818590585696874 -8.5917459253458137 2.3722387174391945e-12)
(34.998323713369714 -11.84385364679258 2.2852476000344948e-12)
(35.282341805144341 -14.798083977312265 2.1959295832682576e-12)
(36.064033227332203 -18.372770342208938 2.1475430457765484e-12)
(36.868249980862672 -20.789607128546891 2.5878449045207097e-12)
(37.45445985389788 -22.445564365905412 2.6493786143920098e-12)
(38.123585180710414 -23.803543841867292 2.5938497956520618e-12)
(38.911562291782921 -24.854517136538245 1.7167338202134861e-12)
(39.926548073706449 -25.70442930973449 2.2898970035603017e-12)
(40.81970074509703 -26.342535374746081 2.0815472117115201e-12)
(41.510907193239454 -26.933170914317621 2.6889593967454578e-12)
(42.327785572302588 -27.50761466557077 2.5167714607915813e-12)
(43.069741967901514 -28.030075005784283 2.4201978378835502e-12)
(43.813955951920811 -28.534522448953016 2.3244177466429014e-12)
(44.519145512218003 -28.999598822248903 1.9180104040443054e-12)
(45.201113170114446 -29.443156839142489 1.5521639662079183e-12)
(45.852119689326422 -29.859774372109182 1.1863980799465592e-12)
(46.474559762415915 -30.257529952379279 1.9018501697451442e-12)
(47.068383889558937 -30.635956930961331 1.8717412347245346e-12)
(47.644683336822766 -30.998937633406808 1.9288240371706215e-12)
(48.211184106443241 -31.348769263934731 2.528419984653362e-12)
(48.765208018560621 -31.686564587041381 2.0841994573896027e-12)
(49.310308919919486 -32.0143090223496 1.7049896077673925e-12)
(49.847409761361462 -32.333064365221951 1.7997321866893342e-12)
(50.378465636763302 -32.644183687308399 1.0968383941347798e-12)
(50.904973738988708 -32.948711789085635 1.0600301128921199e-12)
(51.428615695970748 -33.247719242220732 1.2643872756077123e-12)
(51.951005181113111 -33.542224572452476 1.2933354425568239e-12)
(52.473824688251085 -33.833215723869706 1.094326507981908e-12)
(52.99877108809855 -34.121784151072312 1.0960434304601215e-12)
(53.527616536070319 -34.408877452637988 1.0731167130013111e-12)
(54.062186244062673 -34.695748647490483 7.1615183100487431e-13)
(54.604410276019962 -34.983276160473267 1.0479747623192151e-12)
(55.156287563491382 -35.273008475014258 7.569650318551729e-13)
(55.719964521670406 -35.565674878222822 7.3297322150702468e-13)
(56.29762187580458 -35.86330680868749 4.3342883555911231e-13)
(56.891706270974503 -36.166343202084327 1.0589579185619862e-13)
(57.504569716815332 -36.477512515057818 3.5965169814841124e-13)
(58.139042369358819 -36.796841714864058 4.4936180198506514e-13)
(58.797657264440382 -37.127793628019241 -4.3530382875533456e-13)
(59.483687814789512 -37.470205200481885 -1.256758095298829e-12)
(60.199878717055384 -37.827913566668919 -1.2158312149818421e-12)
(60.949997298416804 -38.200984762651906 -1.0111005774288785e-12)
(61.737106229225738 -38.593475529989838 -1.1314347089033178e-12)
(62.565545985365887 -39.00560036490262 -1.8071445924475413e-12)
(63.438764220753193 -39.442113135545569 -2.2120435476330408e-12)
(64.361760391660738 -39.902780773452832 -2.2733852417264906e-12)
(65.338402433852053 -40.393939012799656 -1.8461856434278397e-12)
(66.374672385963109 -40.9137145292421 -1.1501057035488807e-12)
(67.474611626194246 -41.471693374444456 -9.4277220524132987e-13)
(68.64594008882942 -42.063045972670032 -3.8638915379278254e-13)
(69.89218501383813 -42.70133439908679 -2.5598491669696993e-13)
(71.223602311801699 -43.379160941528397 4.2440199999507355e-13)
(72.642857231326275 -44.112609602561903 4.2279943589073572e-13)
(74.163148011478995 -44.894673436133985 -6.1762115923436951e-13)
(75.787596769221082 -45.742823271582189 -3.3348844369218766e-13)
(77.531714508092477 -46.649119974030526 -1.149835454011866e-12)
(79.398636896584591 -47.634172235827656 -1.4403923902746385e-12)
(81.408204069972854 -48.689074415877073 -1.3346187556178449e-12)
(83.56233729256067 -49.836955252121285 -1.2840797338073789e-12)
(85.887183379297085 -51.06954085889074 -1.5131559656176987e-12)
(88.382931576595311 -52.411359752763232 -1.4489862696784403e-12)
(91.083554021029741 -53.85651953721365 -1.1570898949877209e-12)
(93.987479950193958 -55.430355024999244 -1.1794889035419589e-12)
(97.138132693477985 -57.132362095295818 -1.2090366320378935e-12)
(100.53472941583138 -58.987381739465619 -1.7477560741225069e-12)
(104.23256222750054 -60.995013606245692 -2.3207230711706029e-12)
(108.23215911666193 -63.174958544047513 -2.4719667592383014e-12)
(112.59611817744421 -65.557339143913282 -2.6704895627489878e-12)
(117.32846058433431 -68.15007806319322 -2.3930009632217104e-12)
(122.51020415448933 -70.992381461779686 -2.5385108143351223e-12)
(128.15100734626233 -74.09484710547396 -1.9090088851131674e-12)
(134.35839602803838 -77.502259201060284 -2.0899006599962957e-12)
(141.14030524583742 -81.245624488402683 -2.0554240559739655e-12)
(148.70460597282343 -85.441497793333852 -1.9845985448566703e-12)
(157.28693866096157 -90.250039969382499 -1.353314058540314e-12)
(167.14701582005634 -95.662443866258144 -9.9030632451720152e-13)
(178.22433594060419 -101.8444705630087 -1.6552781850801651e-12)
(190.75405619966952 -108.61533954768636 -1.8340536380545603e-12)
(204.5620606518502 -116.27215645259436 -1.6159397143085213e-12)
(219.9828123041822 -124.34826368906791 -1.2696618588699192e-12)
(236.5995637252999 -133.28237681154897 -7.4313700804163826e-13)
(254.74431850060515 -142.11578758231431 -1.1072929483477779e-12)
(276.60377525714159 -156.48789322842171 -1.2169849089586458e-13)
(311.63011522978951 -175.31934681971117 -1.8347867951786235e-13)
(356.1932307107341 -193.06824940201645 -7.4249086309278092e-14)
(407.57012452436885 -205.39819660137425 -9.686548795399401e-14)
(465.02956024799948 -210.62109195113896 -4.1751886926640948e-13)
(531.6473753597254 -204.45056746935913 -4.4999948482532291e-13)
(613.42358335838628 -194.79520318212604 -8.6445055554317117e-13)
(704.68435667322319 -184.55040498806918 -1.5520903903963835e-12)
(853.05483539744637 -93.834720895394454 -1.995174231144951e-12)
(44.788644370383842 -9.3958928768728036 1.6483068992673035e-12)
(44.352535349326956 -14.527373660286498 1.6213414442285998e-12)
(44.434622350470477 -18.029106636805711 2.1939861940152475e-12)
(44.659216454739109 -22.162394670857637 1.9355804800983903e-12)
(45.159840711504195 -25.263963608602559 2.0708839210573272e-12)
(45.608340973954178 -27.376487864651565 2.1216790157982302e-12)
(46.170930727245107 -29.022476568015232 1.5239258915604953e-12)
(46.892633918799639 -30.059812474614912 1.4869188020114712e-12)
(47.748639486607139 -30.596909733636188 1.4894284778453016e-12)
(48.442436924069149 -31.037992721039505 1.7172318141279294e-12)
(48.958314894671553 -31.446979886476388 1.7755606491502229e-12)
(49.563083296141102 -31.834098648665627 1.3641236063861238e-12)
(50.093666021097604 -32.17661634754328 8.4132582563158877e-13)
(50.620288000495108 -32.505362265797956 1.4290053550801016e-12)
(51.114099518118543 -32.807635554042882 1.1577511524409981e-12)
(51.586145116134226 -33.09587331737773 9.5561915932728458e-13)
(52.032551939069457 -33.36578435235235 8.9328657533893833e-13)
(52.456568689639333 -33.624889502026249 9.5973552244245948e-13)
(52.859495671586004 -33.871997415489993 9.7661005821474484e-13)
(53.248782876501906 -34.106933394767125 9.7617516708057022e-13)
(53.63021809178683 -34.331759831146272 1.0288817930507747e-12)
(54.001314938876767 -34.547630718344749 9.4630325765454761e-13)
(54.365337041402647 -34.756333639534361 3.3180305433902362e-13)
(54.723232691873775 -34.958769964337996 3.486090565431831e-13)
(55.076782753351566 -35.156101991194255 3.6158309482785428e-13)
(55.427390956807706 -35.349228661332397 5.178185358666541e-13)
(55.776593747360963 -35.539065615735424 2.9881659164272163e-13)
(56.12587811354949 -35.726513772826621 1.9513621170955854e-13)
(56.476793121429566 -35.912415758371885 -9.5950951280203996e-14)
(56.830911051412393 -36.09780067553843 -1.7908742126148018e-13)
(57.189888166922358 -36.283468341081601 -3.4139049044319142e-13)
(57.555431925170971 -36.470675934640653 -2.4675932382306448e-13)
(57.929372191055776 -36.660138741753101 -5.6130842536920181e-13)
(58.313590736602102 -36.853463530118951 -6.7358555936139506e-13)
(58.710158987283201 -37.051178992677904 -1.0758654758148171e-12)
(59.121127952863517 -37.255450789391951 -1.1022786695103719e-12)
(59.548885289786874 -37.466452422554241 -1.0095802258381405e-12)
(59.995619683228817 -37.687084331364481 -1.0102498256188734e-12)
(60.464132912895714 -37.917136024134031 -5.9115881514674481e-13)
(60.956731228878724 -38.160079450569427 -9.462920292623835e-13)
(61.476679331435534 -38.415786199322618 -1.2120123805822312e-12)
(62.02649839674671 -38.687683054553197 -9.4994024464232313e-13)
(62.609848003177468 -38.976348026770282 -1.1808915821479394e-12)
(63.229661955782049 -39.284953723296077 -7.9050273687461963e-13)
(63.889999861555616 -39.614606111291977 -3.828783333169816e-13)
(64.59427886892496 -39.968837454527957 -1.0034083739506472e-12)
(65.347094794139011 -40.348525567099294 -1.3106347930830995e-12)
(66.152341415861301 -40.758698568811745 -1.3842234797609771e-12)
(67.015556583291556 -41.198510156494564 -1.0661919686877414e-12)
(67.940684769426156 -41.676446253016167 -7.0264616439166689e-13)
(68.935228159693125 -42.188452280860062 -9.2388508919587677e-13)
(70.002284015308732 -42.747106825228855 -1.1272167370463312e-13)
(71.152354267967993 -43.345927947937277 -2.2197451221703117e-13)
(72.387491304532375 -43.999615273454523 2.1173665558321034e-13)
(73.72066104776043 -44.703472973912106 2.8483139865599333e-13)
(75.154913176220319 -45.471194326788627 -1.4168848213525267e-13)
(76.705156822871302 -46.299110133370945 -3.7809085788664373e-13)
(78.374794920468005 -47.202479855788106 -8.7056576671557587e-14)
(80.182616330632541 -48.178597896488682 -5.4963923867253087e-13)
(82.131170181528674 -49.242815086612552 -1.1931015094935231e-12)
(84.24479760522226 -50.395965010582451 -1.8345824863420338e-12)
(86.525271321121352 -51.651413629459569 -1.8111093432448293e-12)
(89.003744600300394 -53.016462534188776 -1.8552853929466176e-12)
(91.682258967080443 -54.50166968727433 -2.2639570516027128e-12)
(94.601217006269962 -56.122022603884524 -2.1166171227409644e-12)
(97.762904533649433 -57.884607235605984 -2.344857928558738e-12)
(101.21785086729756 -59.810738923026534 -2.4273465174844871e-12)
(104.9622339063031 -61.898461456462215 -2.5082538043444722e-12)
(109.05199777423043 -64.191173447523497 -2.4395579351606534e-12)
(113.49586447148704 -66.679756389954434 -1.9532398695519419e-12)
(118.36683837506344 -69.41987483029709 -2.0072250745445192e-12)
(123.67933603496192 -72.406585744985861 -2.1022628461250244e-12)
(129.53045549446517 -75.699053083190194 -2.1826461269929329e-12)
(135.93509446737593 -79.312833847535529 -1.9410682716293001e-12)
(143.0871576790741 -83.363691841337328 -2.1307975894504495e-12)
(151.20841700200393 -88.005167553368153 -2.3465334252857724e-12)
(160.54336035159744 -93.239022092970004 -2.0454290111929027e-12)
(171.02791971882786 -99.221817758164079 -2.2301063114406219e-12)
(182.88756931316959 -105.78125311871925 -2.4496522181294251e-12)
(195.93668494046619 -113.21353358292507 -2.4137494269663504e-12)
(210.5129021675657 -121.06846348745275 -2.4979841756172615e-12)
(226.18421412691873 -129.81143150388257 -2.28508685186135e-12)
(243.36110175203302 -138.51754067006752 -2.5766564632216784e-12)
(264.01724586725686 -152.53843747821054 -2.328692002308068e-12)
(297.25222628446005 -171.86714786391775 -1.9593534888125019e-12)
(340.5648075863831 -190.74920455312662 -2.0810889821927064e-12)
(391.51724255990416 -204.35862639919711 -1.7930971559875461e-12)
(449.17344218617882 -210.03743419108974 -2.1598386983449629e-12)
(515.82496272458127 -203.38403799761048 -1.9360127162334065e-12)
(596.28899322395023 -193.59224825353832 -2.3569732375013172e-12)
(686.20912606264812 -184.22253775911051 -3.0988910684126553e-12)
(836.97851933561958 -87.832011512065151 -3.2920649691659727e-12)
(55.125676249735342 -9.4990765187504937 1.2318619653108707e-12)
(54.006445516800483 -16.67632222439455 1.2513128409892832e-12)
(54.359724420165378 -20.919313964213178 1.2080959775653653e-12)
(53.918592278869305 -25.645627826809424 3.913986962426091e-13)
(54.001120017232317 -29.521374581669839 2.871275663412472e-13)
(54.376112635509848 -32.249696542823663 6.845540155148581e-13)
(54.961218304262374 -34.33625752789758 7.3120049234979712e-13)
(55.696876386369269 -35.464059130164415 5.8429095196966504e-13)
(56.330101705911417 -35.713573894022282 3.859055234491184e-13)
(56.703478478319902 -35.889917688820518 2.2124941719796275e-13)
(56.916721954896637 -36.078996449259435 -1.4680664555300477e-13)
(57.210269845005193 -36.243027702551188 2.125936854811433e-13)
(57.442085832069388 -36.379497139430526 2.7430101452050263e-13)
(57.674863205136177 -36.510408098138583 1.8571979833277731e-13)
(57.886912058165017 -36.625655206852386 6.1314299237053682e-14)
(58.088038293629388 -36.734734299951413 2.9111178294371786e-13)
(58.275507767725536 -36.835266770839837 4.3825651723167187e-13)
(58.452354643831562 -36.935132961814176 2.1833858956857588e-13)
(58.619958372429473 -37.031932078932265 2.3901133934275315e-13)
(58.780760065091606 -37.120839727227256 1.5127437609146497e-13)
(58.937872729754261 -37.203181790481231 4.7540202742185451e-13)
(59.088609007375204 -37.279985519835044 1.5195113977085484e-14)
(59.235558318250753 -37.352696467506043 1.0056505364578604e-13)
(59.379371352011908 -37.421959167616293 1.3723702020433513e-13)
(59.521366245905583 -37.488629245805413 1.2316863441277072e-13)
(59.662624285862925 -37.553364794591033 7.8953775265328622e-14)
(59.804358332029949 -37.616862218564748 -3.4820616924298597e-14)
(59.947783909752474 -37.679858735699923 -2.2472348572145124e-13)
(60.094205578911009 -37.743008350742087 -1.8958574175358934e-13)
(60.244980504727643 -37.807255723742777 -7.8597890980275489e-13)
(60.401590765117987 -37.873233184586425 -9.3431364579628365e-13)
(60.565570457760607 -37.942188506465293 -3.6712417346304803e-13)
(60.738631846055718 -38.01468493075312 3.0106137199877366e-14)
(60.92250936877339 -38.092370281905588 -6.4354842345253038e-13)
(61.119175616551459 -38.175616075032998 -5.9789821700780282e-13)
(61.330536932438406 -38.266640296293964 -7.1366467998090389e-13)
(61.558912642944598 -38.365491538922804 -8.0434765955418635e-13)
(61.806321546720312 -38.475035395515235 -1.0796641922782658e-12)
(62.075518435309576 -38.595115034142083 -4.8170025756967509e-13)
(62.368622613785597 -38.728860745112925 -8.3987597944681508e-13)
(62.688817711708232 -38.876600244566596 -7.0594399835843554e-13)
(63.03845357723965 -39.040905272478781 -7.9773021778349913e-13)
(63.420966527160793 -39.223275520002311 -8.2812788157446666e-13)
(63.839243243723232 -39.425606682100671 -6.8041598474208437e-13)
(64.296939258347422 -39.650245574008714 -1.0077156151454579e-12)
(64.797543511233769 -39.899160453660869 -8.281157460088196e-13)
(65.345087380827835 -40.174640182640239 -5.0572282484513164e-13)
(65.943641819972427 -40.480021469008655 -4.4534904178513816e-14)
(66.598015791750242 -40.816006757315897 -1.6724741364138347e-13)
(67.312412342122457 -41.189125332835978 -4.465179780104165e-13)
(68.093604815618932 -41.59747670930949 -1.038631899020763e-12)
(68.945134467425916 -42.050688098530628 -9.2498054726035204e-13)
(69.876930981725778 -42.546346203496242 -6.745198119022651e-13)
(70.892255489862194 -43.0943727215328 -3.9641916922205312e-13)
(72.004651748252371 -43.695283222359762 5.174321889738995e-14)
(73.217555429671876 -44.358186581898615 -5.2819147680713694e-13)
(74.54468858108541 -45.085066970929518 -3.1969606876593216e-13)
(75.990192415307959 -45.884134666782444 -2.9566973794033614e-13)
(77.570993279557896 -46.760773717812597 -6.6994217752032533e-13)
(79.290933160684759 -47.720108303091777 -6.7471289806000501e-13)
(81.171403635024163 -48.774691924291673 -9.9393581716193107e-13)
(83.216365169891375 -49.92335578063016 -5.4538253264425795e-13)
(85.452436215843733 -51.189951480706483 -8.7234315996768188e-13)
(87.88590196625141 -52.564836701684143 -6.0964336403277904e-13)
(90.550305276379248 -54.079588401130586 -6.4387060587273436e-13)
(93.448113772364948 -55.723446120015389 -5.5358596707645515e-13)
(96.616012981796416 -57.533331674747373 -7.7313342475203465e-13)
(100.05726455631994 -59.494915232909669 -9.1643687300307341e-13)
(103.82355720559073 -61.656640666822724 -9.6988100661641787e-13)
(107.92525181928758 -64.00414162947942 -5.5110612424654039e-13)
(112.42675701442238 -66.593722218824723 -3.8988563152209862e-13)
(117.34468377637019 -69.417538438611444 -6.7077138490632215e-13)
(122.77134686785453 -72.533656554544436 -4.2476165716560775e-13)
(128.72386590355651 -75.965213692714713 -5.949267294156038e-13)
(135.38227435631433 -79.80392760731695 -1.0279074410836287e-12)
(142.94511579807929 -84.21221750609682 -8.6418719540955198e-13)
(151.6473027256832 -89.182656990655175 1.1707278603665801e-14)
(161.41498855545368 -94.87744381647444 1.7882621937851004e-13)
(172.46732085491112 -101.11994038053687 6.208207342870032e-13)
(184.60360660688082 -108.20601819697993 3.525504726529863e-13)
(198.16277452007702 -115.71129616174512 -3.7337780277939149e-13)
(212.70023154080718 -124.0998716033284 -7.1744398616258716e-14)
(228.68671376757754 -132.54880857714178 -5.9807833201904649e-13)
(247.85298522520912 -145.92768417941207 -7.4334104220875705e-14)
(278.86655953860901 -165.3557561516192 -3.5201616704777802e-13)
(320.30637123005022 -185.10957051667538 -1.4149826328194114e-12)
(370.0318583225598 -199.81452070424487 -1.5074868147257845e-12)
(426.96179399951558 -205.87968288321105 -1.6449028025317074e-12)
(492.49143008514068 -198.90935256075173 -1.5598774612222476e-12)
(570.42054485330777 -189.34669963229601 -2.4004325786925322e-12)
(657.56708375526864 -181.42685246156546 -3.5534736823772946e-12)
(807.5407041724493 -80.03587944618512 -3.9819662404814749e-12)
(67.230922144064053 -8.7312464938440684 6.1307321491211142e-14)
(65.167813813903237 -20.230964190840286 1.9461519113279177e-13)
(65.160435207280827 -24.467535980383431 5.6953650262629048e-14)
(63.720653630380532 -29.303243476100505 5.4144336187226815e-13)
(63.103694781038449 -34.158634063686797 3.3591963425075654e-13)
(63.117245171537874 -37.6230515115587 3.767307611247481e-14)
(63.426709934681746 -39.978739104950641 7.3607017603128605e-14)
(63.950270662828203 -40.75016589456046 -3.4013003973688834e-13)
(64.335339849052929 -40.287070321350981 8.0829581580751359e-14)
(64.444345708473833 -40.050152657726585 -1.8428872842325629e-14)
(64.404488007197287 -40.04210250134426 7.3139311794646832e-16)
(64.435818436264483 -40.033624923565689 -4.4546827963615582e-13)
(64.391813683687118 -39.994342868936286 2.5600506922586047e-14)
(64.336875991253493 -39.945293629975914 1.7186754570122397e-13)
(64.258205413727609 -39.880227964353296 1.9901816349991143e-13)
(64.16725838739282 -39.809025350137269 7.2853264845948086e-13)
(64.065606211285598 -39.732314332184238 6.8098700536650537e-13)
(63.958564110454873 -39.657936674254294 2.7492734720493743e-13)
(63.848679441508885 -39.585406950759229 4.2505862869112849e-14)
(63.73465204884954 -39.507201747299433 -2.4676243806030152e-13)
(63.617655033470257 -39.424198285069622 -3.59790251200919e-13)
(63.49511168131486 -39.337195049521057 -1.1445837749185099e-12)
(63.369427952663003 -39.247565339777488 -5.3231272413275165e-13)
(63.241291290166664 -39.155866928507763 -2.738366632500998e-13)
(63.111951031525983 -39.062850919436912 -3.0441313202005537e-13)
(62.982457640821274 -38.969177937484389 -6.6074788665896248e-13)
(62.853983458323995 -38.875476804001821 -1.0657715768686096e-12)
(62.727726672398525 -38.782536004315396 -9.6007084431975462e-13)
(62.604990212403713 -38.690975903378558 -1.053817532155328e-12)
(62.487142900698444 -38.601806225167095 -1.4381686267142189e-12)
(62.375703664408896 -38.515673118940079 -1.9458409878867731e-12)
(62.272248242559634 -38.433873971853373 -1.9477575794172083e-12)
(62.178550432626039 -38.357063354535256 -1.2926478387769293e-12)
(62.096410427044205 -38.286864262030974 -1.5073898069920202e-12)
(62.027862855164528 -38.22387964004853 -1.0570657424326931e-12)
(61.974889842805183 -38.170096306888667 -1.008164476817756e-12)
(61.939845794839385 -38.126019667048176 -1.4720982288192782e-12)
(61.924773709650587 -38.093984872450143 -1.8962453733223839e-12)
(61.932495390108272 -38.074521322725566 -1.2715108823251551e-12)
(61.965005026015724 -38.070037073260295 -1.6138652165381176e-12)
(62.025635740719004 -38.081504641661496 -1.2753987426731111e-12)
(62.116494159344462 -38.111019996076728 -8.761222726578278e-13)
(62.241145180489383 -38.160187990302319 -8.860469717802216e-13)
(62.402223906322519 -38.231022354337341 -1.0242736223672458e-12)
(62.603451504389298 -38.325350315550565 -9.2619386904224429e-13)
(62.84809315793683 -38.445747936580347 -1.9474716758388865e-12)
(63.140090177429741 -38.593719355163969 -1.4400607589966331e-12)
(63.483488619202767 -38.772947216727196 -1.7024949120709562e-12)
(63.882563465767866 -38.984368469382346 -1.8028854440533247e-12)
(64.342020475252397 -39.232768317719767 -1.9847168100749922e-12)
(64.867381690485615 -39.519766279063191 -2.1530274406084182e-12)
(65.463704829775509 -39.849154003009254 -2.2611316794716158e-12)
(66.139418808160343 -40.227755956649332 -2.7981933201510447e-12)
(66.90318780578643 -40.655622384485227 -2.7924516065917102e-12)
(67.76485396848301 -41.140402239692826 -2.4132247726587372e-12)
(68.72693178591588 -41.686747396301485 -2.8661533391034906e-12)
(69.801597417767056 -42.299124831275421 -2.7151991633842608e-12)
(70.992346094017776 -42.98201192443625 -2.1707946463515973e-12)
(72.314472969795318 -43.743003268025539 -2.4666960661712195e-12)
(73.770902860075125 -44.584243915449512 -2.1232023194254152e-12)
(75.381167395523235 -45.51848947531564 -2.0796818507903155e-12)
(77.147314858380156 -46.544327843009853 -1.0752668262559783e-12)
(79.093474681409361 -47.680733124203869 -1.2240449402042111e-12)
(81.220474157037813 -48.92152639325711 -9.0753236745943964e-13)
(83.555531548932336 -50.287010356413383 -5.8208876382657565e-13)
(86.100049685625677 -51.776308131234238 -1.1771163766887991e-12)
(88.894338529331392 -53.417078040149484 -1.031069105521817e-12)
(91.939605603596846 -55.206381229979407 -1.0259109176613745e-12)
(95.285328584001121 -57.174365011917402 -1.0747159012466967e-13)
(98.936243066497354 -59.32450320652314 1.4755326358625208e-13)
(102.9597255977414 -61.689554776394957 -4.3178685696906004e-13)
(107.36213126618431 -64.287341642374145 -1.4030257680067208e-12)
(112.23401596681992 -67.143645359772577 -1.556863570323268e-12)
(117.5761145223324 -70.307598895832996 -1.4935468865462699e-12)
(123.56962446168268 -73.828740212564824 -2.0050264402456148e-12)
(130.37468144716027 -77.883512457284553 -2.0601594183826238e-12)
(138.23342334875426 -82.45645792305605 -2.2040885719371018e-12)
(147.05897321793276 -87.714659106451762 -1.8095388271796184e-12)
(157.06260444976857 -93.490997909660734 -1.6619641725129519e-12)
(168.02857804710902 -100.0396298354391 -1.1310593909434439e-12)
(180.28896039359603 -107.03220850563702 -9.7738865796187933e-13)
(193.38234976654036 -114.80946014435425 -3.5779107864976951e-13)
(207.79710873399475 -122.80892718023725 -4.5151791358194687e-13)
(225.00443053299696 -135.05329854545789 6.6889582233237617e-13)
(253.25269479733967 -154.06075329611764 3.8373075239259203e-14)
(291.99892381318296 -174.33715529572109 -1.0915982900420065e-12)
(339.38237368550114 -189.7219144172704 -1.2519872497642178e-12)
(394.20830151713193 -195.91905222255767 -1.0886462867549579e-12)
(456.97071657489062 -188.83343456540774 -1.3111841915536934e-12)
(530.7381100953686 -180.25304507446083 -3.1275919967549607e-12)
(613.43686589966967 -174.48336760101478 -5.3522121469691185e-12)
(757.32516103222633 -68.73486329676129 -5.3014940651870718e-12)
(75.572368085282719 -7.259933805265792 -1.3132922296437033e-12)
(72.398392369267413 -19.650851322352075 -1.2334325307533241e-12)
(74.578210938656696 -25.780547715719322 -1.3188452512429789e-12)
(71.884734916753331 -31.11420891897837 -1.3684322797539105e-12)
(70.17852069917231 -36.297810650584452 -1.1262022454473012e-12)
(70.276478892949655 -40.510092211523592 -1.1005005044168259e-12)
(71.161094507053193 -43.790343301605759 -9.0307008048294534e-13)
(72.177990457574793 -45.280952543362702 -1.0762706718579787e-12)
(72.446923458457448 -44.843996592005183 -1.4060371257621913e-12)
(72.003846534267282 -44.260732212467694 -1.3507268913891694e-12)
(71.288232771491209 -43.813888205022778 -1.4676670878768794e-12)
(70.689394365899318 -43.397894817758292 -1.0599227194722799e-12)
(70.03050826277746 -42.972670927060413 -1.186170477429955e-12)
(69.362293241595566 -42.545935557793044 -1.1148893834518568e-12)
(68.684023766026769 -42.115294983624402 -1.064411016582906e-12)
(68.010678561961086 -41.689593618725318 -1.1687938744394397e-12)
(67.349189106224131 -41.273358590905431 -1.4443832742194691e-12)
(66.705707314702877 -40.873517909699423 -1.4793145080057832e-12)
(66.076532736129025 -40.487103148937585 -1.389034362556751e-12)
(65.450792050554853 -40.100389563709207 -1.3144611655235813e-12)
(64.828018208677861 -39.713544591957309 -1.4464315586405938e-12)
(64.205864225069831 -39.327034848771405 -1.781745434485211e-12)
(63.586413777392764 -38.941992867981483 -1.8615455384873432e-12)
(62.970533161191717 -38.559044317943268 -1.6994944381384269e-12)
(62.35951572122692 -38.178944337545062 -2.0089680216943954e-12)
(61.754629732168546 -37.802514358007159 -2.2653715042962959e-12)
(61.157343466542251 -37.430543736545779 -2.5232669501950396e-12)
(60.569226193463486 -37.064065636947582 -2.4267804330955118e-12)
(59.992014897980567 -36.703976177209753 -2.4876298867619609e-12)
(59.42753210576064 -36.351538981514871 -2.5507819927367473e-12)
(58.877744464995558 -36.007734781187501 -2.9298857238935006e-12)
(58.34464208873559 -35.674021841703492 -2.754865029917148e-12)
(57.830325182998003 -35.351401730543955 -3.1396355595663381e-12)
(57.336858328854206 -35.041451863133872 -2.8487246140189046e-12)
(56.866370561757279 -34.745130347334005 -2.4090942773349683e-12)
(56.420909440516148 -34.464068380477052 -2.5601243801977452e-12)
(56.002621808263115 -34.199152225988989 -2.2390575690720911e-12)
(55.613444772650944 -33.952049065346422 -2.3255092903551555e-12)
(55.255678019636733 -33.723593321510208 -1.9436135307112573e-12)
(54.931073163335768 -33.51548822929945 -2.2539415175237781e-12)
(54.642228339567801 -33.32857994360571 -2.3199278617820748e-12)
(54.390817324101555 -33.164695499352554 -2.654831196821877e-12)
(54.179654991688551 -33.024582950277193 -2.7195165929900613e-12)
(54.010668000682749 -32.910549975657325 -2.9715666096148301e-12)
(53.886874629148956 -32.822943859031412 -2.7425123837292883e-12)
(53.810575680313661 -32.76496897190475 -2.8074644411270646e-12)
(53.78508179153269 -32.736501250192205 -2.3535800213107023e-12)
(53.813228509211292 -32.741436395808059 -2.290698031405706e-12)
(53.898607422437514 -32.779975484433827 -2.5152155430319805e-12)
(54.044527381962396 -32.85536891197048 -2.693005353934713e-12)
(54.25519895035994 -32.970502199197277 -3.1476801885061144e-12)
(54.533486601591534 -33.124697620363662 -3.2202945760161857e-12)
(54.883699128027345 -33.327622080938561 -2.7859615569397845e-12)
(55.306314907223829 -33.567177523511681 -2.3237980061444841e-12)
(55.805547114513146 -33.852045085161777 -2.7732797732593341e-12)
(56.384935348180271 -34.186245431428176 -2.903965944109526e-12)
(57.053825284597039 -34.573091387957362 -2.7065086741625002e-12)
(57.81483976189638 -35.01668803472414 -2.4914097278247948e-12)
(58.680019044721391 -35.521586545470491 -3.3914926523962058e-12)
(59.650912004024327 -36.091534069821655 -3.4571551121268266e-12)
(60.743504979877187 -36.732694140781156 -3.1320279224532142e-12)
(61.957861707594539 -37.449377803223555 -3.1084635983782643e-12)
(63.314957477177593 -38.248269158201254 -3.6137921876702717e-12)
(64.813801105642625 -39.136556294126571 -4.124928883045756e-12)
(66.480798703619357 -40.122460426273172 -4.6146152924495205e-12)
(68.314770708071251 -41.212131043821813 -4.6612137653360968e-12)
(70.349799301643031 -42.416089300924263 -3.9293266319773414e-12)
(72.582168082099074 -43.745825571240772 -3.8332889639716855e-12)
(75.054743949350964 -45.208851918000143 -4.003805844438303e-12)
(77.766247355750906 -46.824193659918699 -3.4513694403101508e-12)
(80.770621772203967 -48.594966530464625 -2.9045573892448555e-12)
(84.066464609159127 -50.562194686001199 -2.3979046183513948e-12)
(87.728152425480559 -52.717063760717778 -2.7941761853934173e-12)
(91.749411862746015 -55.124628866112296 -3.0580110102027659e-12)
(96.254262348108966 -57.777486609408903 -2.1691536181582336e-12)
(101.38785750753907 -60.85328792835999 -2.5328869865773479e-12)
(107.36228491491946 -64.324527195464043 -2.4877990026510418e-12)
(114.12152198487895 -68.363911996727097 -2.0773426547405681e-12)
(121.89119465624047 -72.858227663217718 -1.772584794214323e-12)
(130.41618088578218 -77.962851519908057 -1.5246406560289041e-12)
(140.03463336774374 -83.482465027266471 -1.3715836135078422e-12)
(150.25639166663333 -89.575152978663496 -8.2543545466199686e-13)
(161.49094765921535 -95.900401912744982 -7.6021841190656401e-13)
(174.84768541720112 -105.40157136594854 5.531616790333677e-13)
(198.53581220840735 -121.23551484870083 3.6227235747829139e-13)
(232.36879873514457 -139.41345107495036 -4.448433083763449e-13)
(274.64904118055193 -154.44483053019363 -6.4514097046174402e-13)
(323.62660210726108 -161.94710728705164 -1.44516604988179e-12)
(378.48334689539547 -157.71634250370346 -1.5820302840576841e-12)
(442.22808200995502 -151.66103553959655 -2.8285831516467803e-12)
(516.78261207964829 -148.1598753163521 -4.3247494284557556e-12)
(662.55501369477133 -63.176232944629369 -4.3163719431697512e-12)
(819.98126307103837 -6.3505883183252285 -7.7315996878678532e-12)
(887.55273894075378 -3.7059781957751978 -1.208379059793007e-11)
(960.60877539448722 -0.24012330533060111 -1.0478119378666034e-11)
(1039.2652126351468 2.8244097485650426 -1.0159532648351328e-11)
(1113.9326919760317 6.2965318593925934 -1.3357326031859983e-11)
(1187.3049908255764 10.789650048703916 -1.0015913733594703e-11)
(1257.4407857919696 14.525632386108347 -9.4522325925794595e-12)
(1322.7913058580341 18.173692122190403 7.473389087270084e-12)
(1386.181754056498 22.59211124564731 7.3446830679994222e-12)
(1449.0880164625239 25.803839352179462 1.1105254135944319e-11)
(1508.6135474053497 28.140639978934161 1.0996092063193901e-11)
(1561.9248700146468 31.566894685334226 8.8334393120394377e-12)
(1612.767414514354 34.03842595255071 -4.6778992313443308e-12)
(1662.2941665148114 32.673398548052226 -7.1311002115566953e-12)
(1705.4832341514295 30.900428697861734 -7.2526564615155047e-12)
(1742.9869172520566 31.845767324436991 2.9172976001636076e-12)
(1779.762045189007 31.716082224474256 2.6472410810625721e-12)
(1813.8649948294312 27.533289764789188 4.5371478171494213e-12)
(1841.2902256451027 22.372380403559365 4.6063788097907966e-12)
(1864.11346670991 19.6739314382488 4.6812493811296589e-12)
(1885.5699978623059 19.035927103802074 4.7133703508652393e-12)
(1906.1007054646223 16.78162798228032 6.7033120187483725e-12)
(1922.9228360895361 13.098212300062217 7.2717482885756194e-12)
(1935.7374061114467 10.883721437648477 3.3756023993546833e-12)
(1948.3406005279676 11.131222586716138 5.2592599602341685e-12)
(1961.7168699061228 12.628620180754806 5.3250060451625293e-12)
(1975.8562173514974 12.934495797422279 3.9491337480910714e-12)
(1988.4687802620681 13.206982051555157 4.0174520946642896e-12)
(2000.9367099069925 14.59472927859748 4.7237834153014089e-12)
(2015.6430481051207 17.18327922101691 9.8287789720771753e-12)
(2032.1832075929142 18.909979796583507 1.0603402089825453e-11)
(2047.609224469458 19.911787947396625 9.9540890181083943e-12)
(2062.4948002784267 21.789723246243586 1.1000762546128843e-11)
(2080.001440904939 23.831243276895531 1.393443700871823e-11)
(2098.8907910810117 24.951809785442151 1.4347879367349743e-11)
(2115.7310764457834 26.407318095515659 6.2945815125196525e-12)
(2133.1141163346524 27.704955822907415 5.9004894389275091e-12)
(2151.6617945359149 28.669446420909619 5.8249034206793189e-12)
(2169.4645993482932 29.192581437431425 4.9645011345930062e-12)
(2181.5659175603996 32.986918779980492 4.3259585487290792e-12)
(826.91453434021798 -13.904953430408616 1.2764733376564023e-11)
(891.75095353645042 -8.4448968830760265 1.1230025127289851e-11)
(961.00733501536399 -1.171515290780629 1.0028522835923425e-11)
(1035.4360443553471 5.5818900955920929 9.9144444519901316e-12)
(1105.3999435127898 12.441241679791977 7.5395730945463592e-12)
(1172.575407040885 21.030867327667423 6.3630996036517621e-12)
(1236.5285539308409 29.158693278628661 6.0159402681641581e-12)
(1297.8753420012426 36.146999762033069 1.9358214435427953e-11)
(1356.6066235509188 43.253633605607476 1.9366168595786421e-11)
(1411.8992051611992 49.831065031155568 1.9450031727876927e-11)
(1465.9057310290177 56.134457376768019 1.4106913781875074e-11)
(1519.2459360408955 61.560654367882734 1.4632788485462219e-11)
(1567.2639416920779 64.417231612344949 9.5271220417801813e-12)
(1608.5090981135575 64.952335050170859 9.3314890663738642e-12)
(1649.5315493716462 65.529494425746094 9.2782708702357308e-12)
(1691.2875630421718 66.549327484644124 1.2473693946342656e-11)
(1726.920937724394 65.41829420300347 1.2216291534853812e-11)
(1755.3905969134398 61.526265390957697 1.2279228659925448e-11)
(1782.8480618999226 56.937595594136155 1.1362309772030429e-11)
(1811.42147098848 53.154633408914712 1.2064942837097485e-11)
(1836.3862462642487 50.338598512680136 1.2128617771108783e-11)
(1855.1045131160517 46.627235981222228 1.2189511194506862e-11)
(1872.0234321696782 42.381388760408072 1.1270591038802625e-11)
(1890.1004804557745 39.283016582731634 9.8666793385339694e-12)
(1908.7160341222693 37.477962884006899 9.3439941644321098e-12)
(1923.7425411920135 37.092190732093357 8.7100100256120749e-12)
(1936.1751729693351 36.88652050077836 8.3332124165183929e-12)
(1949.4327230461495 37.274851246114068 7.2932130526787226e-12)
(1964.647805604051 38.628959438489524 6.5792426015202259e-12)
(1980.7328513657778 40.402962019591207 9.8666748171274987e-12)
(1994.0564486780522 42.5854403275168 9.9221119119848526e-12)
(2007.2347840319585 44.829168928932532 9.3114216497458823e-12)
(2022.3839896984441 47.258488087634198 9.3193934887079575e-12)
(2038.0819677531031 49.872400970928723 9.9506044000722508e-12)
(2053.7227866318322 52.00477968518431 9.6856480145890694e-12)
(2068.7079188011139 54.613010783315488 6.9162880088964461e-12)
(2084.2771374731842 56.845131799919137 6.5566146222846247e-12)
(2100.6663710105991 58.764148923930961 6.513623507514338e-12)
(2116.6840229777558 59.80864249576873 6.3672097729626636e-12)
(2133.2568309758508 61.651506420210467 5.8389568481005338e-12)
(831.83634986223274 -21.984011593212166 -2.4559280614775961e-11)
(897.24823928997068 -13.265818956584454 -2.4753687854346705e-11)
(967.17519140220043 -1.7451463184690423 -2.4699094125425583e-11)
(1041.1226131747953 9.4034403061723673 -2.39261534003972e-11)
(1110.5316711983469 20.430869606142544 -2.4220369751579566e-11)
(1178.4926950423787 33.274487189891126 -2.4390448194766971e-11)
(1241.7699183539453 45.88848663435629 -2.4982987211034948e-11)
(1300.3180040028769 57.268836143582249 -1.7600133576073609e-11)
(1357.9545041563972 68.173126791497907 -1.7478268162422393e-11)
(1414.7322920221454 78.233676561285606 -1.3788929666602487e-11)
(1469.0543207939393 87.757821959664454 -1.3732122270338652e-11)
(1518.1552725181116 95.350278344762629 -1.2938877797892926e-11)
(1561.8792742893522 99.951776896064459 -1.2846378719216567e-11)
(1604.591256956719 102.54912469007614 -1.2718065967992224e-11)
(1648.0603367803369 103.98199709394939 -1.266125373870987e-11)
(1687.5194012857839 104.11374613281093 -1.0253148605619547e-11)
(1719.5139389604221 102.03252881901612 -9.7714230274673171e-12)
(1747.5293978088648 98.082589538986994 -8.9216670428173381e-12)
(1776.0983474155853 93.312109296394766 -8.5107981164147742e-12)
(1805.7233090961427 87.967336695923905 -8.4959148782626034e-12)
(1831.925908508287 82.321241509439147 -8.4135767539725768e-12)
(1850.9729254316605 76.785393806043885 -8.4781313685361077e-12)
(1867.7108165993341 71.465130737637438 -8.562667411238899e-12)
(1885.3652664230622 67.432514167176606 -9.7847974500537144e-12)
(1904.3157050406394 64.569255403972249 -9.0300185207999132e-12)
(1922.3271574808118 62.363296263533179 -9.1103395394065696e-12)
(1935.7877445560912 61.343860718324393 -9.6208814524316296e-12)
(1948.4518543277295 61.843676041955405 -9.5979634537924066e-12)
(1962.8501106508315 63.570651939455665 -9.4629205896721118e-12)
(1979.1543443005755 65.321110290534563 -8.2046754347866112e-12)
(1994.3941173432065 67.714651181056908 -8.2110686106868905e-12)
(2007.3333576825416 71.139992257851858 -8.4942250312310641e-12)
(2021.7252795150398 74.602211564958694 -8.6269439968805019e-12)
(2038.2222499110428 77.762576058365511 -7.8650325062822197e-12)
(2053.2551705918368 80.98372409657307 -8.0447807487160663e-12)
(2068.2396355176188 84.938231194794795 -8.581618832402647e-12)
(2084.1863803072479 88.149756806243872 -8.4815021873199923e-12)
(2099.9994505944182 91.016785654770374 -8.3630356547045867e-12)
(2115.2529622560255 92.947525124090063 -8.2679258173028614e-12)
(2129.8690597326695 94.279459777982453 -7.9839769670798817e-12)
(837.89573698838296 -29.04014729328118 -2.5126544643901736e-11)
(903.76645111935409 -16.996616483896112 -2.4539593877293667e-11)
(974.74587192616764 -1.471707303950857 -2.3791638445581424e-11)
(1049.3414351061165 13.121065808876045 -2.3611995109687566e-11)
(1116.3030706792551 28.101655582546467 -2.3316915196989631e-11)
(1182.289825832378 45.518851201516902 -2.2845243908559663e-11)
(1247.2378754605775 61.400650368133611 -2.2484678349763947e-11)
(1305.53839200581 75.790016962887393 -2.0002135610226367e-11)
(1358.6696708601419 90.64415245320933 -1.9428830557359364e-11)
(1412.8779088290166 104.04141039853687 -1.5969042514154861e-11)
(1468.4017656944004 115.26308464525145 -1.8226990312890245e-11)
(1518.0456233436905 124.0648986812346 -1.7719632971018796e-11)
(1559.6843535456815 130.34816828790068 -1.7440679293297971e-11)
(1598.891455588657 134.09632443380917 -1.7138296385775661e-11)
(1639.7575642366889 135.65042341959222 -1.7121063205878076e-11)
(1680.0265944609321 135.09059466272862 -1.3688289010229261e-11)
(1713.2412166338299 132.00712646144731 -1.3752752684025057e-11)
(1740.2024274731793 127.02186142819485 -1.4013363092497787e-11)
(1765.9931825397684 121.5437075954936 -1.3956316756568891e-11)
(1793.0657871566032 115.92848881185671 -1.3664724367218546e-11)
(1820.2896414280751 108.89238847017347 -1.3769493769820511e-11)
(1841.3256168034804 101.49343694277739 -1.3717455383324677e-11)
(1857.7714421286823 95.215528029663375 -1.3642771021194606e-11)
(1875.214404003643 90.99773024286209 -1.5025053219922312e-11)
(1893.8911968668938 88.201968902426813 -1.3149224795901672e-11)
(1911.2754744504814 85.42891556286412 -1.3396518499070005e-11)
(1927.0692339073571 83.760527714811232 -1.3003056385898817e-11)
(1941.7276340251231 84.002395257173617 -1.2889205766065218e-11)
(1956.2336580938922 86.323758737830374 -1.2727766874232793e-11)
(1971.8878888229738 88.748744580089877 -1.2547845391418591e-11)
(1988.1288457408634 91.161509345479473 -1.2545266493754963e-11)
(2002.8819224828669 94.770983069032624 -1.2593671845478702e-11)
(2016.3540694504579 98.936599514900095 -1.2391277772152756e-11)
(2031.1020130374429 103.18920499855982 -1.1703821589941064e-11)
(2048.0424763995115 107.3160778375002 -1.1857690805557977e-11)
(2064.0226265148603 111.67055983066788 -1.1967499238661127e-11)
(2078.143184718464 115.52862134125053 -1.1982267299767543e-11)
(2092.9044598339678 119.42977538584054 -1.1935091346136722e-11)
(2108.4631878836685 121.99660528749615 -1.1799728697460826e-11)
(2123.5929745672079 123.39377504303908 -1.1635509030414176e-11)
(844.47367088705664 -35.607812175785071 -1.6803799086763761e-11)
(911.96812027194733 -20.3882555960279 -1.5929571876745948e-11)
(983.48045787520289 -0.30740161955418199 -1.5601004124711408e-11)
(1058.0092226654949 18.005740681069941 -1.5326952204844754e-11)
(1127.0297866516992 35.992505671025825 -1.2023010463440307e-11)
(1191.6302767978166 57.730181200579068 -1.1645573211226634e-11)
(1251.9645284083504 77.978287292831482 -1.1860907359647653e-11)
(1311.7932765208527 94.987346746938925 -9.6693069014253206e-12)
(1367.9067566166821 112.32181560839371 -9.7277510562430413e-12)
(1418.3688192385896 128.72830471868227 -9.4809027354498123e-12)
(1468.8150974009741 142.35781818021488 -1.3751936552167405e-11)
(1518.481785923497 152.07000817766752 -1.2254434694929799e-11)
(1561.5085859322237 158.3840741516282 -1.2281306563695393e-11)
(1599.0484339629199 162.47941113155687 -1.1330326818241875e-11)
(1637.6229553978274 164.57035537653675 -1.1547762891965483e-11)
(1675.4464256073775 163.34187741042442 -1.0095190569233404e-11)
(1706.2774113451972 158.93348070280121 -1.0367037505953333e-11)
(1733.1845680637823 152.9859640846218 -1.0191125022999658e-11)
(1761.5685007947136 146.62471087764854 -1.0280304505851287e-11)
(1789.1172596575482 140.29371286486131 -1.0138968793864381e-11)
(1811.3382751172282 132.77734909952656 -1.0167801415226474e-11)
(1830.7024155150439 125.01976078508079 -1.0066576362833539e-11)
(1851.1541292119673 118.58792517625088 -9.9162871161889023e-12)
(1872.3879114361889 113.62497474431073 -1.015236757861791e-11)
(1890.4762242987458 110.44281587126122 -8.302100789974701e-12)
(1905.5960260700369 108.08308623650497 -8.3334872402743887e-12)
(1920.8543180011134 106.76335586787316 -8.0957352012160606e-12)
(1938.020833794026 107.2228147397899 -7.9050208711528354e-12)
(1955.9653657441841 109.3009167097603 -7.682700978890958e-12)
(1970.5458599349872 111.81098468775635 -7.5171050299575216e-12)
(1984.4362341094202 114.97211447509707 -7.2982021008909149e-12)
(2000.2343721930279 118.916181204645 -7.1905644535710293e-12)
(2016.0180530606272 123.33815427336809 -7.6462952734468298e-12)
(2031.7781565148478 128.28226114719516 -7.6157864506304661e-12)
(2046.4552209150995 133.03434074498779 -7.7685833953359574e-12)
(2061.7477405593318 137.74925062800352 -7.746102091958463e-12)
(2077.7410346368283 142.13696828981958 -7.5402285632940026e-12)
(2092.9874830646204 146.80242060639924 -7.4563588278649094e-12)
(2107.4825691019291 149.91171097737771 -7.9600499708677609e-12)
(2121.9025865953254 151.36333110007297 -8.212560378330947e-12)
(851.51155215010908 -41.251181226887184 -5.7448399988415578e-12)
(920.84374320143252 -22.910194116187107 -5.801570272930258e-12)
(995.60785591356148 1.1756670078595153 -5.58323428973004e-12)
(1068.0068034235812 23.765435951700631 -5.7839683420367556e-12)
(1134.9929255681423 45.207839606807823 -1.6330193761197478e-12)
(1203.0053738187939 69.975850566333676 -1.7859210331153968e-12)
(1263.3778461565219 94.097913818759636 -2.1053740354714287e-12)
(1317.0127647027164 114.65048108605963 -3.2703012020508117e-13)
(1371.9821437917897 133.76013235356587 -5.4976738824274831e-13)
(1425.9256439246415 151.59625623291706 2.5315348345947306e-12)
(1475.3855179156135 167.2162246144168 2.0470674098381019e-12)
(1519.5914126895441 177.96177032743094 2.7514664526887515e-12)
(1559.5329883805418 184.08629057066887 1.9376040093988809e-12)
(1598.9012416607579 187.77319512206009 2.1553080043964077e-12)
(1637.9831769024545 189.01177830973907 1.3670610144447273e-12)
(1672.0011921621444 186.79816707893227 1.5240868424022683e-12)
(1700.0229483845978 181.96602732580769 8.9097421397254093e-13)
(1726.8197925802808 175.77310183524938 7.5265314259123469e-13)
(1755.2899805842726 168.33646870300242 5.2244968465554032e-13)
(1783.0441086320081 160.32248535742403 2.2413747053532647e-14)
(1805.2832946359079 152.88668343970522 -5.3245730663951664e-13)
(1823.9898886429066 145.98922544645728 -5.6454143488016487e-13)
(1842.9890372642496 139.8334442190814 -6.297661353535645e-13)
(1863.9353026564229 134.54025471534814 -8.0357178582909961e-13)
(1884.9316425671 130.99040648114479 -1.1596202696381571e-12)
(1901.4937252985528 129.09198912188165 -1.2012306899528316e-12)
(1916.5262927121823 128.5553067296336 -1.0778534711645144e-12)
(1933.1720403152729 129.78125702505042 -1.090168403185679e-12)
(1951.6022704137197 131.32916044575629 -1.1945475380142232e-12)
(1967.3499130535938 133.7819827543548 -6.487241692831824e-13)
(1982.8418516745733 137.91391097200042 -8.0109953346862818e-13)
(1998.5168016728351 142.28662412422284 -8.4980477033920964e-13)
(2013.7124606040475 146.77610091327699 -1.7180460651167837e-12)
(2029.9675139290707 151.73228790979667 -1.3895182192965058e-12)
(2045.5391313802133 156.91204767514509 -1.427204306487805e-12)
(2060.5023525998977 162.28840676491544 -1.4120699714016711e-12)
(2075.992805028834 166.95819386085265 -1.4655265907223269e-12)
(2091.5681445335058 171.9071940706863 -1.5073761981887215e-12)
(2106.0687510886573 175.39050042154619 -2.084296052175746e-12)
(2120.2278129849919 176.89958814120419 -2.5198912820049083e-12)
(859.64898146774658 -46.409844935084898 -6.5104961035217578e-12)
(930.10466103053636 -24.284623376625213 -6.9419512903164529e-12)
(1007.5994516767487 3.7505606247913388 -7.1588720454600121e-12)
(1081.8747655719153 29.666324355855306 -7.5472775288615702e-12)
(1146.2610517794615 55.118862598263583 -5.7743705357353908e-12)
(1210.9054454746329 83.630946113459018 -6.1165557215828566e-12)
(1274.2352673312887 110.14132487407495 -6.4035175669658903e-12)
(1329.1509125161251 133.62792013587807 -4.7226453197666492e-12)
(1378.6313304613163 155.35235753575105 -4.713281997320864e-12)
(1429.6040702233281 174.03579667561743 -1.5535196557120527e-12)
(1480.6343111529213 189.88851364514213 -1.3935916158539862e-12)
(1523.9823000855836 201.18398277215857 -1.3004444876560185e-12)
(1560.6460324975983 207.70801905842421 -1.0082300747066678e-12)
(1597.4700542652697 210.46017135303063 -9.1312924125717463e-13)
(1635.5519538763349 209.77324221590098 -1.0465322316879385e-12)
(1669.2780375093794 206.59593351376063 5.7952170203877747e-13)
(1696.5611709826585 201.53892956979251 4.9643307131332689e-13)
(1721.6176201264832 194.97101452171046 4.8820058182458428e-13)
(1748.096888760482 187.06506740176073 5.6141003177045266e-13)
(1775.8308694580435 178.38457523840216 -5.4682442260293087e-13)
(1799.7223025294124 171.00853278992955 -1.6797734963331774e-12)
(1818.6968731107704 164.55331137710002 -1.7981244828596355e-12)
(1837.1130280076152 159.02577825197173 -1.8412674165799218e-12)
(1857.2967193186551 154.70385109248411 -2.1161744140945946e-12)
(1879.0258312497519 151.61273691157206 -2.2650814957643715e-12)
(1897.7142525665347 149.52867090221767 -2.1505088096415308e-12)
(1913.3192008679664 149.60063355111697 -2.1240179798804514e-12)
(1930.6131444163661 151.67880816702814 -2.2300387703333258e-12)
(1948.2202784201918 153.28694060167189 -2.2324683644667374e-12)
(1965.1386001878936 155.83064155143035 -1.5540890683027588e-12)
(1981.8855300343778 160.234985397299 -1.6394353529330824e-12)
(1997.3761407007414 164.88495231451031 -1.7274718111174621e-12)
(2012.9387042105802 169.53551399594917 -1.6441608660201116e-12)
(2029.439166673056 174.52460622630954 -1.5173872166320489e-12)
(2044.9763394088459 179.88971349128965 -1.4924475487204733e-12)
(2060.2393490330983 185.5997404648682 -2.0276171009394774e-12)
(2075.772553106071 190.56853196735253 -2.1900000952149518e-12)
(2091.1640464538527 195.7217594876237 -2.3529591886042603e-12)
(2105.4798459805502 199.40508004069122 -2.777760693306438e-12)
(2119.4052728544802 200.87375480185909 -2.8002395838699017e-12)
(868.50211118360016 -50.993605162016266 -7.121196695380007e-12)
(941.52395679776976 -25.262471741804365 -8.1505157925815174e-12)
(1019.8520970043362 7.6983306098626931 -8.6966632628103839e-12)
(1093.8125645095622 36.827442868382683 -8.9924942031875338e-12)
(1160.4570354901973 65.007753806039545 -9.2975808550753659e-12)
(1222.9910347208604 97.892731630339256 -9.3610207367152096e-12)
(1282.7663646421345 127.29580382807907 -9.2339550568591468e-12)
(1338.6284306355278 151.82500624455608 -7.6316404734202351e-12)
(1387.7443121140059 175.52257576932774 -7.464005424634099e-12)
(1435.4827777840608 195.77812882404442 -7.2569461749942371e-12)
(1484.5053093691799 211.40521802996514 -7.1589242365101354e-12)
(1527.4904763799655 221.93969968054517 -6.8459895445918909e-12)
(1562.7436439630033 227.8167426440987 -6.6267054487778176e-12)
(1596.491168195339 229.66379231352855 -5.512851426388347e-12)
(1632.0564159506712 227.85624393689551 -5.4277197146947291e-12)
(1665.960996999818 223.68961760550141 -4.6282776490493154e-12)
(1693.3475515962475 217.73747430204622 -4.4601991570538168e-12)
(1717.1916908963838 210.62816971785949 -4.3172265340054452e-12)
(1741.7770758471154 202.88623485296338 -4.2160614077658686e-12)
(1768.0799550673858 194.90064614424261 -4.780583677857234e-12)
(1793.4789605317314 187.80404166435429 -5.275507141420273e-12)
(1813.4756801300482 181.52008997047599 -5.1946236362963214e-12)
(1832.0033116011509 176.70294915087274 -5.2244917469782372e-12)
(1852.3426830031299 173.67774443682134 -5.4121562132341907e-12)
(1874.2062852386925 171.49266101967774 -4.8456386997183797e-12)
(1892.4555111515247 169.4399470275419 -5.1643152261242843e-12)
(1910.335082220332 170.03091943777108 -5.1739658861093305e-12)
(1928.6724464151971 172.48819321520389 -5.4660998227234364e-12)
(1945.25528796001 174.62845303305053 -5.8271290066874009e-12)
(1962.8793390793301 177.33105163119475 -5.5282747433039182e-12)
(1981.1014809367998 181.582384548368 -5.5455607684502233e-12)
(1996.6134483728899 186.38000489643991 -5.5432130730910767e-12)
(2011.5677878420959 191.22065228823544 -5.4066564016932567e-12)
(2028.5776336202689 196.20560593656589 -5.316009918242216e-12)
(2044.5796097499319 201.67737095776957 -5.2587118302404131e-12)
(2059.5960904773401 207.61222880588022 -6.3833154006511269e-12)
(2075.2386257719832 212.68703648459405 -6.3856183290924501e-12)
(2090.727150383987 217.92204577934402 -6.5775651474585609e-12)
(2104.8037534625405 221.78457638141646 -6.8803468127476784e-12)
(2118.594460307007 223.09757074973896 -6.536374194539494e-12)
(877.49182914018024 -54.553254599089584 -1.1185827999362154e-11)
(953.32373082566323 -25.381949953570103 -1.2969086187022369e-11)
(1035.0196066685028 11.834042137617356 -1.2848549234366355e-11)
(1105.7757185904891 45.228404259916644 -1.2626327734124705e-11)
(1171.1195557354133 76.357874558239303 -1.0954393644223849e-11)
(1236.8388611740265 112.21068514869039 -1.0661405559494095e-11)
(1294.731980231101 144.3146340163722 -1.011198130692081e-11)
(1345.7687722159767 170.25833330407428 -1.0143491230699709e-11)
(1394.8745250103384 195.1100259849261 -9.9898727179755201e-12)
(1442.9862873515822 215.9527256177839 -9.8356590752866366e-12)
(1489.3674612280545 230.95868308682532 -9.6203942035703243e-12)
(1529.1102880082658 240.20893692606163 -9.3974446308066272e-12)
(1562.5487641936934 244.77824408317298 -9.1386297279374994e-12)
(1595.668857735943 245.71468364677614 -8.1978878399735922e-12)
(1630.3726882520389 243.27419284156551 -7.916450638479479e-12)
(1662.4581320286684 238.06979636571398 -8.1297750671878402e-12)
(1688.3064683609005 231.0893062336248 -7.9025570001759981e-12)
(1711.7041264226179 223.68564796129667 -8.6917688832655219e-12)
(1736.4362961642146 216.64612263246448 -8.4923947504824957e-12)
(1762.9176871136476 210.18057131168064 -8.4426797389368935e-12)
(1787.8539633829844 203.41580002779875 -8.5779536619519334e-12)
(1807.5124919751515 197.3034679956543 -8.7133650773944646e-12)
(1826.7718465701385 193.47501767077864 -8.7601043497362985e-12)
(1848.2995875672327 191.9607150385668 -9.210270816991084e-12)
(1870.2437960835127 190.28108571496909 -8.5236751558173111e-12)
(1888.2169160393714 188.90184872633907 -8.6597053685725944e-12)
(1907.2489346008961 189.79336713550757 -8.5945603430343544e-12)
(1926.4876133388032 192.35707048185094 -8.6473114816081087e-12)
(1943.1863313328734 195.17989852708084 -8.7165183539002486e-12)
(1960.7039727742374 198.11271813982137 -7.5880199804244435e-12)
(1979.4987764277387 201.97324437599895 -7.4961957159203747e-12)
(1995.4044252558722 206.84650461755282 -7.7590851885843335e-12)
(2010.7075022042054 212.01024419053402 -7.8524712631606106e-12)
(2027.6140906306377 216.89370634033506 -7.4065174442707366e-12)
(2043.8547154925473 222.33601646499042 -7.5577054032885788e-12)
(2059.165288730389 228.38965505238556 -8.1745939354747247e-12)
(2074.4523578000644 233.52195053857776 -8.179768568896025e-12)
(2089.923451504058 238.74487020884567 -8.1687753969703961e-12)
(2104.188020578245 242.7542310283126 -8.2325588531515266e-12)
(2117.7398943386866 243.7839773058565 -8.1191219029249774e-12)
(887.31313007809217 -57.422143193865764 -1.1718969849414042e-11)
(965.02088799536239 -24.003646893955789 -1.2585303018449359e-11)
(1049.102179305193 17.013011602841708 -1.1622821547723145e-11)
(1121.4098735232276 53.65626588133798 -1.1113647324074901e-11)
(1182.9208292078911 88.589928910529096 -9.2776225722341771e-12)
(1245.6398712828245 127.48490421034279 -9.0106829502426012e-12)
(1306.0454209330142 161.02394735589473 -9.1044249437498844e-12)
(1357.0134750474103 188.13696228071328 -9.1120453603599342e-12)
(1401.7638300922895 213.93230137472253 -9.0271470004927471e-12)
(1446.4679859883036 234.27356277834451 -9.0203002154760375e-12)
(1492.1581804815935 248.05722102628579 -8.9371515071201306e-12)
(1531.1516250421662 255.96675569439893 -9.1520183949408946e-12)
(1562.8093829609447 259.27458596725091 -9.1739773221497635e-12)
(1593.9241389197575 259.05527578393583 -8.6555274989103581e-12)
(1626.8927249139749 255.76185726660057 -8.5900849330330346e-12)
(1658.0372244814794 249.77228235097684 -9.221216051487139e-12)
(1683.226936166513 242.35700034766145 -9.2849561375224238e-12)
(1706.3973182268028 235.18377869995174 -1.0153539182459612e-11)
(1731.2130254250794 229.19003826751796 -1.0147916694577107e-11)
(1757.8302876770731 224.07275352841063 -1.0196782681368715e-11)
(1781.6796990547341 217.65298172429635 -1.0438756952805279e-11)
(1801.4081185958853 212.2853852127291 -1.044774945647463e-11)
(1822.1324185280537 209.7864829426513 -1.0407551560915503e-11)
(1845.0688010984632 209.46102493612349 -1.0629717664693923e-11)
(1865.9545444803625 208.0298954194692 -1.0506988262564787e-11)
(1884.0183631602083 207.43885766109409 -1.0320133031704683e-11)
(1903.98199763397 208.77063057759017 -1.0317032726297512e-11)
(1924.1725153578946 211.43771919967713 -1.01481574229019e-11)
(1941.0439421447156 214.57515218753429 -9.9670984433730661e-12)
(1958.0941571407586 217.7805996408577 -9.2876699237908971e-12)
(1977.1937914901832 221.52719053198285 -9.1976886285666838e-12)
(1994.041399490301 226.30340378409366 -8.9693529866461711e-12)
(2009.0865965357982 231.69078825098271 -8.8163792582111299e-12)
(2025.8846233702343 236.43157642604854 -8.3240107165764525e-12)
(2042.5483732590747 241.77131954385229 -8.1579634422761555e-12)
(2057.7719407122017 247.77356102485743 -8.0720765993013257e-12)
(2073.0531494944335 253.04089980850659 -8.1914468436757466e-12)
(2088.6055843272943 258.1686614755115 -8.2143677193935832e-12)
(2102.8667590410123 262.24996563286555 -8.1754345207427807e-12)
(2116.2295376715583 262.87779127917446 -8.2070838410817587e-12)
(897.48300749504949 -59.841267656489919 -6.2403824744373665e-12)
(977.89339125652896 -21.809171461859538 -6.0760183501578918e-12)
(1061.5445947201003 24.041847368184492 -6.0126224835892202e-12)
(1134.3011592449268 62.999953067213639 -5.7846645392524765e-12)
(1197.9358839288691 100.32249569652136 -5.8536546526771515e-12)
(1256.2234958836495 142.84875090506358 -5.7371513480399645e-12)
(1311.6085393112437 178.0732236692923 -5.4619263838916902e-12)
(1364.3675777548976 205.03741444042453 -5.5906928795704842e-12)
(1410.1295852354599 230.8517322787801 -5.9600799275898974e-12)
(1450.4616404776609 250.82289547900268 -4.7557191456238734e-12)
(1492.4880771382457 263.188941827912 -4.9222727870302492e-12)
(1530.5679504864634 269.14015155648508 -5.1961787873131867e-12)
(1561.4431816212036 270.80368014628709 -5.4538465289683209e-12)
(1591.1471588568529 269.5922609524838 -4.9936023889688363e-12)
(1622.7637168980639 265.91131960928999 -5.3079938608952693e-12)
(1652.4776586537937 259.42179541490293 -5.1191153387749053e-12)
(1676.9148010975027 252.0025838666279 -5.1632137509399077e-12)
(1700.4101478264968 245.54620165869503 -5.3238659038758586e-12)
(1726.0837388775763 240.90471095737126 -5.2403445346928891e-12)
(1752.5973160324559 236.55492045894252 -5.587607335683668e-12)
(1774.7762867466863 230.86266876320946 -6.2364761786653366e-12)
(1795.1250992059684 226.78019909739348 -6.17858306635508e-12)
(1817.5960426185875 225.61360872586306 -6.0934513312695916e-12)
(1841.058790389739 225.6493121188424 -6.0038966090689772e-12)
(1860.8358060088826 224.71641802449551 -5.9047086762991124e-12)
(1879.2606597671761 224.96715819691181 -5.8113910725541228e-12)
(1899.943086546016 226.81889107851612 -5.7123716408276377e-12)
(1920.5861391195642 229.44531351751951 -5.6590765428243889e-12)
(1937.5235818285582 232.68665632995382 -5.6509460080468166e-12)
(1954.4823183378253 236.21057986900431 -5.3469369697179991e-12)
(1973.613268302468 240.06014406439374 -5.2423969827742782e-12)
(1990.8451216869196 244.56349142455602 -5.2797975208731559e-12)
(2006.4998071450168 250.05639890448541 -5.3789439165917959e-12)
(2022.5536178118414 254.75735438126162 -5.0597428445813232e-12)
(2039.5842666247142 259.93870626897547 -5.0180206129391715e-12)
(2055.2216365249074 265.73836777793457 -4.9223289326045439e-12)
(2070.1764263172695 271.15572549751005 -4.8167652758529658e-12)
(2085.4317311248788 276.13473942146703 -4.7246736423174171e-12)
(2100.2041566501839 280.27694018352287 -5.0220833953401684e-12)
(2113.4703434103812 280.38902967232843 -5.6011000603552379e-12)
(906.76457952827968 -61.25625049736135 -3.7717361143698656e-12)
(991.48043912151775 -19.36997363444792 -5.0734494134996102e-12)
(1073.9515707264993 31.715114181997869 -4.8518555559654009e-12)
(1143.5814838917458 74.30965915357163 -4.7743846547982667e-12)
(1208.7660108705161 112.41142769394285 -4.644439810400962e-12)
(1268.2819096008375 156.89952868816675 -4.4713418509824443e-12)
(1318.5914049088979 194.6925431593462 -4.453427681750391e-12)
(1366.3840429249797 221.70123455499333 -4.3687259770287645e-12)
(1413.5084154903286 245.66182090094003 -4.4323981518423632e-12)
(1452.8214166221619 264.85679472134302 -2.3083617262792193e-12)
(1491.9473474969418 276.00177876837546 -2.5108208708518913e-12)
(1527.648262676171 279.73636104874521 -2.5072721830066428e-12)
(1557.16537366844 279.72134641861561 -2.720440980607912e-12)
(1586.4979363585207 277.88222793701698 -2.7537348159846209e-12)
(1617.4178732458029 273.93449267551205 -2.768343817168084e-12)
(1645.4737057065779 267.29926889934734 -2.4013169996338332e-12)
(1669.3430546300185 260.4265241405912 -2.5417072377279667e-12)
(1693.2898110398801 255.07992470092088 -2.5574465958829644e-12)
(1719.7308430514579 251.69580399349343 -2.521738871741836e-12)
(1745.5405959582886 247.72936586609259 -3.3117288042954247e-12)
(1767.0710789051946 243.34517199651037 -3.7759024523515391e-12)
(1788.2874023016693 240.75130487947214 -3.7906234531246879e-12)
(1811.8958203659342 240.35125633423243 -3.6850603127650446e-12)
(1834.7473481593991 240.41937577449963 -3.7060751078076668e-12)
(1854.0204843797701 240.39947406196191 -3.8265080765961921e-12)
(1873.1630218631369 241.52543218568738 -3.8189412490601102e-12)
(1894.6148889529727 243.68763996549151 -3.7292112577142007e-12)
(1915.085867621862 246.07667039296081 -3.7063273346467811e-12)
(1931.8667379769718 249.49024085864716 -3.7030590576864499e-12)
(1948.8656780710385 253.3259046882329 -3.3033520207998216e-12)
(1968.2096634588129 257.34262390794294 -3.1724760952508863e-12)
(1985.597757733839 261.58798587693695 -3.1613373924372303e-12)
(2001.506354426155 266.90809810711812 -3.2239805197382218e-12)
(2017.222392167917 271.69286883696594 -2.8082053859655892e-12)
(2034.2706797063065 276.67457688530504 -2.7532594132046949e-12)
(2049.7174332871418 282.27030142406073 -2.6152894170379176e-12)
(2065.4425903964529 287.65581736519079 -2.5871194798285045e-12)
(2079.9027850003872 292.61222523930962 -2.6729535985040425e-12)
(2095.0564602344393 296.70498974290149 -3.1397682881692851e-12)
(2108.3723875872265 296.22896653804673 -3.5496328195949229e-12)
(914.65832642546263 -61.241422307867708 -1.1265015453707964e-12)
(1003.6575826830857 -16.105163201933095 -2.7977441040891182e-12)
(1086.6569058062873 39.042421909699485 -2.8990043323245059e-12)
(1152.2612478803328 86.069314450847017 -2.7850263879773e-12)
(1213.6667991352385 126.01295646013486 -2.7946776542455184e-12)
(1276.038253911481 170.54653689157945 -2.7883779928391882e-12)
(1326.0102806604812 209.29890863763384 -2.8497347310292501e-12)
(1367.8568558556553 237.17553936392918 -2.2082748801056009e-12)
(1411.6217647035021 259.37341785154769 -2.0532668572323277e-12)
(1452.9052127320404 276.38593228598108 -1.3663796131106548e-12)
(1489.255507672229 285.53730043201386 -1.795231016177913e-12)
(1521.0999934189228 287.63814661997912 -1.8131098106283783e-12)
(1550.3746379262473 286.82405385026306 -1.9263291757073568e-12)
(1580.437798188108 284.25832560635104 -1.5879396085230131e-12)
(1609.7480731473383 279.70963680504479 -1.6658776472849109e-12)
(1635.5661607349125 273.60758449644874 -1.6517942776271987e-12)
(1659.4651387296276 268.03997321724449 -1.6375589230826326e-12)
(1684.8926107902146 264.01113486869457 -1.6616364517949322e-12)
(1711.8627886076172 261.08891247561274 -1.6724928814371784e-12)
(1735.9911932952914 257.80428208297008 -1.966432096182516e-12)
(1757.2813575244227 255.05611823342366 -2.3477528112598179e-12)
(1779.2977916268369 253.82220271370181 -2.3439041330394295e-12)
(1803.5559077367557 253.72097756173525 -2.3317600601913872e-12)
(1826.4841745505012 253.98436410483029 -2.3192013745109198e-12)
(1845.6304763736639 254.8428299396144 -2.3474923036894705e-12)
(1864.4461913556213 256.6435049054553 -2.461341883961222e-12)
(1885.7148449289298 259.11733429592033 -2.4636257459706684e-12)
(1906.6146790594958 261.34592344550646 -2.3723333078496881e-12)
(1924.1386954031723 264.89991472208038 -2.5209507638516536e-12)
(1940.8533667095476 268.97495404744325 -2.0567158397293763e-12)
(1959.5874776132728 272.99949357536582 -2.0307033540989462e-12)
(1976.9442738026009 277.17510636690537 -2.0586750639839768e-12)
(1993.7528253726775 282.1922371386014 -1.8890433813459646e-12)
(2009.0431866945578 286.99334812131571 -1.3725373397479726e-12)
(2025.8912174236823 291.81472170432193 -1.393909358696117e-12)
(2041.5460463834993 297.37265374764752 -1.4000084161633015e-12)
(2057.1788007432397 302.35691028279973 -1.3810573749169684e-12)
(2071.356303921591 307.38289662593047 -1.3487494862562814e-12)
(2086.9514745700153 311.37829308316736 -1.3521756909922977e-12)
(2100.4526866315073 310.39427679195927 -1.7585674754044099e-12)
(922.26238139945576 -60.367783438124704 -1.9475186120682911e-12)
(1013.290310253371 -11.351010047526836 -2.4028811338750338e-12)
(1097.4801477113997 46.718277326802692 -2.5539239630048984e-12)
(1162.4647328617516 96.856669657614148 -2.9047688468374766e-12)
(1218.2593271005828 139.85228919298311 -2.2112855297501665e-12)
(1277.595773004206 184.78402322518735 -2.3343765879818493e-12)
(1330.2538491354574 222.27504240560881 -2.5114939843403935e-12)
(1370.3507769178711 250.26990340505404 -1.0411762603124618e-12)
(1408.4493326709094 271.73836953470209 -1.1392333935719739e-12)
(1447.4771730725806 285.52355159537535 -1.0993873784784992e-12)
(1484.1061529070012 291.90514747191133 -1.6832397340707071e-12)
(1514.116049740732 293.2657570867193 -1.6849908614814195e-12)
(1541.4314836050291 292.07390839679363 -1.7559348054961005e-12)
(1570.142777280495 288.69142978797879 -1.0106539251014013e-12)
(1599.5204751424985 283.89385895629999 -1.1086433031527618e-12)
(1625.3891360915343 279.06768131028286 -1.3003559294110519e-12)
(1648.930453521556 275.02821619488088 -1.4670741511473705e-12)
(1673.664002678938 272.0432624851984 -1.3569555481295295e-12)
(1700.5731397281149 269.40631091325599 -1.2001754139213045e-12)
(1725.6648932953156 267.21942639807554 -1.4564312986107946e-12)
(1747.1205968526403 265.79180214858229 -1.7989085790381627e-12)
(1768.3785622739908 265.53479479206163 -1.8030784207488207e-12)
(1791.9605405086422 266.03016425938978 -1.8485355104578708e-12)
(1815.8871929947925 266.51407013673895 -2.1598554506382101e-12)
(1835.5149254832211 267.82963540494569 -1.7287941673434918e-12)
(1854.1102354548411 270.26357468667715 -1.8431391484400105e-12)
(1875.1498183869624 273.07285423766592 -1.8680153044985507e-12)
(1895.1373669124143 275.41230729970704 -1.8359575711910873e-12)
(1913.572439221977 278.89454102797583 -1.7824027289617441e-12)
(1930.7033768800063 283.04837502530484 -1.4262773924968961e-12)
(1949.0693025318744 287.14958046757039 -1.436737498124417e-12)
(1966.3474364746062 291.36769753724087 -1.3824602890513283e-12)
(1983.0529727579965 295.86835326941099 -1.335377549706626e-12)
(1998.347712381825 300.69212711686509 -1.294540840237594e-12)
(2015.0574471944337 305.462760594781 -1.3291464879211067e-12)
(2030.6852805605163 310.83235962072928 -1.3305900312581742e-12)
(2046.2258220075298 315.50639253148131 -1.3284633410359221e-12)
(2060.3588091041447 320.52791605029898 -1.283121761461785e-12)
(2076.3224765373952 324.27966289322728 -1.2783907254401804e-12)
(2090.0714426009872 322.73091708831936 -1.3695756096951553e-12)
(930.30784751981309 -59.226481090197247 -3.3086815141314515e-12)
(1022.2578101301922 -5.3770193494023273 -3.3694523213089865e-12)
(1105.5118204426788 55.929681139105135 -3.4844428481566212e-12)
(1171.6626425714974 107.15857274400203 -4.7453269701746066e-12)
(1225.0085448955053 152.44742826310269 -3.8358614267406855e-12)
(1278.4048188658596 199.01964228656914 -3.7211351781129178e-12)
(1329.3514065292898 234.80818421774336 -3.9077415741006553e-12)
(1371.1140669896008 260.86897632599289 -2.3771199373472731e-12)
(1406.3591785516587 281.40568663408374 -2.3125485597961258e-12)
(1440.5910135842023 292.92028086238577 -2.1533961574725589e-12)
(1475.4112484485879 296.4264363551568 -2.1554402182066953e-12)
(1505.9270907910598 296.67579229750874 -2.1351457977940546e-12)
(1532.1145542932725 295.41517448515089 -2.1491202887719467e-12)
(1559.0491531735713 292.12491049722479 -1.3293026797343223e-12)
(1587.6749381372815 287.66622134843152 -1.4081732312639085e-12)
(1614.0858603653571 283.81451699687813 -1.116869664784868e-12)
(1637.5732252986193 280.9464478113016 -1.1721173532535917e-12)
(1661.7249647657438 279.1585389523558 -1.178135950690663e-12)
(1688.1365347451326 277.49913556838459 -1.1585659896688099e-12)
(1713.6290738003793 275.94936370490012 -1.472894441144962e-12)
(1735.2326642925304 275.21938875647686 -1.7978414741471776e-12)
(1756.4391519650219 275.95443051695452 -1.8339093530638243e-12)
(1779.9050626833041 277.63400868896895 -1.9837432860750954e-12)
(1803.7165728901823 277.9225992681923 -2.2693880225814971e-12)
(1823.2506268977804 279.3854797705294 -1.4394342974935354e-12)
(1841.9617026930812 282.64801395672896 -1.4457830741397377e-12)
(1863.2751516091739 285.67694821196653 -1.4667414820394826e-12)
(1883.3211931574156 288.0953176598743 -1.5375397112918465e-12)
(1901.0086304215972 291.59944867672738 -1.6688410578373826e-12)
(1918.4566092797857 295.83826881918748 -1.3150185134153338e-12)
(1937.3778672979931 299.82705687437982 -1.2860527771718596e-12)
(1954.0251870497486 303.93901793401864 -1.3955569271271782e-12)
(1970.381330619605 308.29616955612261 -1.4419399173279594e-12)
(1986.2398245288466 313.09367349191342 -1.5170640736047181e-12)
(2002.9037778489687 317.66908220865878 -1.6000228842951466e-12)
(2018.1895052161801 322.86203292454553 -1.5884929394714231e-12)
(2033.5848572510367 327.32077066900888 -1.6262767588257697e-12)
(2047.7126940974517 332.28138472849537 -1.64375083959173e-12)
(2063.8342142632182 335.6669340739769 -1.6420387544178974e-12)
(2077.979773756635 333.16685283222046 -1.595124478066792e-12)
(938.41099444691872 -57.727440889743114 -3.0939450358452164e-12)
(1031.6560993592241 1.0149683551403048 -3.371291595573946e-12)
(1112.0429691520119 66.436891762720506 -3.440300798404986e-12)
(1177.6480557531847 118.04135838272417 -4.9016660530969943e-12)
(1231.3797641784547 163.86755441352423 -3.9875514530038401e-12)
(1280.5434937890868 211.84644477334646 -3.8199561909271648e-12)
(1326.3831908716131 246.93540065076576 -3.8579412181829016e-12)
(1367.7412563654436 269.98979376565109 -2.6997015517494999e-12)
(1402.9739489554056 288.19971071402171 -2.6407765450241968e-12)
(1433.8551651397934 297.85916018698282 -2.5917447528923775e-12)
(1465.1667376575044 299.69808407626471 -2.9895618836532623e-12)
(1495.5807588872708 298.62690826340855 -2.9194533161687342e-12)
(1521.8691644500366 297.30516512358929 -2.8263517023278197e-12)
(1547.4849003207642 294.56963909586813 -2.4019747231209292e-12)
(1575.0547626219632 291.12784771476578 -2.3225153101797751e-12)
(1601.6690271699958 288.03749823014255 -1.5644588498622651e-12)
(1625.351678400111 286.07009642688115 -1.5145866808015669e-12)
(1649.4062154538353 285.59237522318904 -1.5299949579431564e-12)
(1675.5755438352285 285.09030180185675 -1.5693012739514176e-12)
(1700.68823460816 283.84968357502999 -1.5851514087798988e-12)
(1722.123799400697 283.8309881471389 -2.2294077060463411e-12)
(1744.0596493071523 285.68195758649188 -2.2843791526764244e-12)
(1768.1237245910365 287.7782558155406 -2.2451408996069111e-12)
(1789.2083736502834 288.19565113979462 -2.4816842695896297e-12)
(1810.047420326475 290.29803577079156 -2.3217207107425941e-12)
(1830.5106615688567 293.8526087579296 -2.3377152286091739e-12)
(1850.0942206522257 296.82966682329089 -2.5162881341544544e-12)
(1869.2441063470737 299.52596393456685 -2.5822839061777192e-12)
(1888.6348433271944 303.15729707701485 -2.6150871085979882e-12)
(1905.7356247235132 307.29822168793885 -2.1542935114577824e-12)
(1923.5169483476473 311.12691914402052 -2.3631785025542057e-12)
(1940.7898541035154 315.33240471415297 -2.3042592304362727e-12)
(1957.5317216566946 319.57034765101128 -2.3451374096985509e-12)
(1972.8029086440474 324.16849489723785 -2.3140402835206068e-12)
(1989.1339781816705 328.54542789218095 -2.387218136983959e-12)
(2004.7115512356115 333.66230955180453 -2.3414810063707989e-12)
(2020.0450485900583 337.90425837726116 -2.4036299553239076e-12)
(2034.001972383581 342.77798067295458 -2.4764676325736008e-12)
(2050.0954939166309 345.77109668331212 -2.4464573949566295e-12)
(2064.5437350393004 341.64903542670396 -2.3126272774038273e-12)
(946.10916928254164 -55.445281619055862 -3.4288890638182288e-12)
(1041.1543121632162 7.4513596092931236 -4.7739202289535982e-12)
(1118.0329740088723 77.231829387984448 -4.507518563663756e-12)
(1180.7167948783742 129.74835487152936 -4.4021191201683639e-12)
(1235.0694918816162 174.78719694248292 -3.3014471816962417e-12)
(1282.5300493362349 223.03134960355058 -3.3576292477502687e-12)
(1323.7564399307587 257.47749875832062 -3.4728137470769297e-12)
(1361.3809852557315 278.13452624226568 -2.8308640363304892e-12)
(1396.828123780215 293.0166804715335 -2.7005287010118189e-12)
(1426.3774081305803 300.50016133927528 -3.1294735312067219e-12)
(1454.8837129903714 301.40869375794534 -3.9198525199017635e-12)
(1483.6430462392796 299.75610050261031 -3.8316671004051859e-12)
(1510.3294382829554 298.32749286573676 -3.6391162156319536e-12)
(1535.3957018076453 296.41491936463422 -3.6449702451565123e-12)
(1562.3719081787858 294.31658974376052 -3.6273081193095038e-12)
(1588.7409340365605 291.81036794469696 -3.1694411408878298e-12)
(1612.2496274763075 290.59148154874981 -3.0563992039535369e-12)
(1636.3666880665546 291.6429143174467 -3.0516490012609626e-12)
(1662.7459033249529 292.02207678316682 -3.0094460636312337e-12)
(1687.2716967026256 290.72842214980039 -3.0668800941781405e-12)
(1708.3918531116333 291.71942548427864 -3.6900961344810226e-12)
(1730.5900772757193 294.77377503094203 -3.685548992593987e-12)
(1754.7503639272527 296.46504844843156 -3.7910448514129791e-12)
(1776.081025194823 297.62484663600543 -4.3526061302850469e-12)
(1796.0404516937631 300.26503697587373 -4.3435571255795011e-12)
(1815.9496435387503 303.71035283120648 -4.4058003568227907e-12)
(1836.761361675435 306.77974557621116 -4.3879740987738209e-12)
(1855.7887235101027 309.94325354880459 -4.451014417003106e-12)
(1873.8261649864692 313.27603319573205 -4.4496316329097268e-12)
(1891.3512091586247 317.4482978991179 -4.2892794748247118e-12)
(1909.7836862833951 321.42254757406556 -4.2140082078789877e-12)
(1926.4626449244261 325.49076872599437 -4.1546651032392729e-12)
(1942.6630477519921 329.40562864005858 -4.1379731199498081e-12)
(1958.2928550322133 334.03183311517904 -3.8718270489725286e-12)
(1974.6340462984722 338.28881171459125 -3.826318017318234e-12)
(1989.9731736718002 343.23216294879717 -3.8504829071117063e-12)
(2005.0870050086576 347.20385978433154 -3.7548492082579406e-12)
(2019.004456084612 352.04566840962343 -3.6555511287807283e-12)
(2035.1707799216126 354.60934836344012 -3.5604942579046457e-12)
(2049.8620265503591 348.00944991947995 -3.2267909927552428e-12)
(952.74703699642134 -51.671038469028609 -2.8661540048511083e-12)
(1050.2339557671712 14.104083483211706 -3.9512292152974504e-12)
(1124.1018222309845 87.509141152184725 -3.5487489277128733e-12)
(1181.9044138073889 141.6588049726401 -3.2370621667262753e-12)
(1235.1756040945279 185.50281096080826 -3.0969509850665859e-12)
(1282.445792441584 232.82599074225328 -3.1219287967731352e-12)
(1320.4638928851502 266.18645562083611 -3.349768989723428e-12)
(1354.9815279466511 284.91211705235833 -3.0259086445799734e-12)
(1388.2830171243054 296.16674967630115 -2.9472266799169537e-12)
(1416.4365459016751 301.28309732581857 -3.3935391391279339e-12)
(1443.6276005667876 301.68459545389652 -4.1404012184655207e-12)
(1471.4698022296932 300.36275811438355 -4.2023303579686543e-12)
(1497.8066980226586 298.8741932080589 -4.199123491688034e-12)
(1522.5105796789687 297.93381678544745 -4.0200452620665381e-12)
(1549.2684112678191 296.8570108739184 -4.052323446444042e-12)
(1574.2384326284441 295.06965658168781 -3.836428015873008e-12)
(1598.484181617755 295.03919188426471 -3.9412139423422133e-12)
(1624.2448679412648 297.10397085216829 -3.9553876927964832e-12)
(1648.4170634456443 297.5941381333875 -3.9243831323734416e-12)
(1671.1680574308168 297.07678450402926 -4.0963293081648153e-12)
(1695.1363445782558 299.12429881197824 -4.502248124190617e-12)
(1717.7301679213888 302.63877606068365 -4.4485564140808146e-12)
(1739.2035917386111 304.14774324881239 -4.4129028017439305e-12)
(1760.5507579918358 305.92298598266132 -4.6223330761721298e-12)
(1782.0948287574918 308.97854076850678 -4.1881544653683201e-12)
(1801.6833232893682 312.64331766701207 -4.0880803400022701e-12)
(1821.060303357548 315.54788000880944 -3.9745622077780896e-12)
(1840.3210948374474 318.9365446065392 -3.8081409485974277e-12)
(1859.0983338047768 322.3489529112116 -3.8120248398245832e-12)
(1876.2027122934594 326.54709989275489 -3.274388378980398e-12)
(1893.88554488813 330.31176396382267 -3.2415351383308354e-12)
(1910.7678759141061 334.38468572480792 -3.1781186096903661e-12)
(1927.1176012770134 338.15633380043312 -3.1095517769727555e-12)
(1942.5659612645788 342.74035015833329 -2.8072581543951859e-12)
(1958.5759238425101 346.73444558025096 -2.6781418458509804e-12)
(1973.8969428975067 351.59149492394022 -2.9112239705289519e-12)
(1988.8581183026304 355.29442695916811 -2.9258589083782471e-12)
(2002.6573888748453 360.15495972825352 -2.9349751836560272e-12)
(2018.8041997953073 362.15465542263689 -3.0039511143541934e-12)
(2033.5667545753763 351.94071482029597 -3.0414512760066813e-12)
(958.24874160480226 -46.273480872842818 -1.4331803843006203e-12)
(1056.0263417194171 22.330187062487809 -1.9134810056981954e-12)
(1130.6474338747616 96.958782331207701 -2.1352680091520876e-12)
(1183.1086744850893 152.58528896548842 -2.2825587021086659e-12)
(1231.3150513945461 196.22247714534666 -1.508225630474886e-12)
(1279.9736533104474 241.54508151757963 -1.4604474210018615e-12)
(1316.0435065526019 272.88096059696807 -1.7760529662114772e-12)
(1346.3955772602344 289.52416468598534 -1.120357614184779e-12)
(1377.7922267641231 297.85436503268312 -1.2873853819729437e-12)
(1405.5727299071546 300.80671445840341 -1.1051823842705753e-12)
(1431.3448927429026 300.93852535718901 -1.6466570025651831e-12)
(1457.8463264313734 300.15053321915406 -1.891586717064161e-12)
(1483.5740397432266 299.17266109588149 -1.9775919599258044e-12)
(1509.0791099268906 299.12187752318533 -1.7993240779500582e-12)
(1535.0845266374213 298.56861536393222 -1.9356104928983099e-12)
(1559.3769145743497 298.18043145884525 -1.2975032537748649e-12)
(1583.9612094167585 299.33051376295725 -1.2348601991156369e-12)
(1609.6206377861636 301.33652876688899 -1.241500949425491e-12)
(1633.6348011894381 302.02505177470329 -1.2885455016231612e-12)
(1655.8314775161655 303.28761390514427 -1.5154990993489566e-12)
(1679.1558112661198 305.76704748066658 -1.9316065667796387e-12)
(1702.7495322691498 308.86939771991536 -1.8896267629935445e-12)
(1723.913134022607 310.73859130157791 -1.9100284825276679e-12)
(1744.15487844526 313.55484905782254 -1.9034732277067967e-12)
(1765.5493555451785 316.55887970505535 -1.4097504742580224e-12)
(1785.7859744954062 320.1040684632228 -1.4179069638294536e-12)
(1805.0029318240265 323.18134101491654 -1.4103863646593349e-12)
(1823.5313573296248 326.91964726136496 -1.42508534802368e-12)
(1841.8157567440426 330.09016955555205 -1.3211347698152995e-12)
(1859.4407262019952 334.33980380633233 -9.0857199646733504e-13)
(1877.087684854564 338.01282355361644 -9.7154452351308116e-13)
(1893.3865808247883 342.07704440919844 -9.9365056364212987e-13)
(1909.3570126617465 345.5917836564322 -1.0196135465487458e-12)
(1925.0662552263432 350.20819081755894 -9.3099495085937794e-13)
(1940.8646265958055 353.90143588808365 -1.0390780236111532e-12)
(1955.9371980113078 358.71169800296843 -1.2213148962920661e-12)
(1970.6375401507653 362.07851167430613 -1.2654347638438754e-12)
(1984.324173159747 367.06495143849634 -1.307729176824983e-12)
(2000.4907269095586 368.32458255289868 -1.4343820376015602e-12)
(2015.2092697966834 353.12648263663249 -1.9034174146300516e-12)
(965.13941184703754 -41.154720570323406 -2.5302987202542713e-12)
(1058.4271059381572 32.472384946466988 -2.6976048501561446e-12)
(1132.5701138702937 106.91312706665951 -2.5956451596533143e-12)
(1186.1844880483998 161.55748675265147 -2.5935074537812474e-12)
(1227.9869067200293 205.86474374182112 -1.8409806593256702e-12)
(1271.3468084216731 249.402384878693 -1.7660537991762239e-12)
(1308.9933096995994 277.8617146506615 -1.7862236719418603e-12)
(1338.7124029277056 292.01549040487203 -1.022786329059977e-12)
(1365.4727100011085 297.64012490286098 -9.4895340087722772e-13)
(1390.8662516280972 298.97093978076043 -1.4879156009141725e-13)
(1417.1660473462412 299.46358842840442 -5.5629143336989e-13)
(1443.9833704899809 299.5507495390487 -6.9241719430593059e-13)
(1469.0361628068708 299.10068461481609 -6.6727597686993231e-13)
(1493.0093602246791 299.59996361510355 -5.0463511958730021e-13)
(1518.8926119084847 300.14365540249605 -5.524225712765472e-13)
(1544.4043781543469 300.81617447209652 -6.0637860160888763e-14)
(1568.1098977728968 302.5153796107561 -1.0092983945238658e-13)
(1592.5817957205052 304.82660637325625 -1.0080713666491426e-13)
(1616.5392390934037 305.98113350440093 -6.1791313785844722e-14)
(1639.9630450947843 308.38350852922213 -2.3550058500231773e-13)
(1662.6327291277389 311.25403296725636 -5.2186272842150822e-13)
(1684.4479528090762 314.05740672891739 -5.1916980467745613e-13)
(1705.922314880971 316.33753157421194 -5.0531065795766103e-13)
(1727.4979575824814 319.96539033536084 -1.0423042208628325e-12)
(1747.6454406254275 322.90308282406005 -1.0678849371832861e-12)
(1766.9048845502596 326.36273153706082 -1.119204607859196e-12)
(1786.2610367710802 329.56245173560421 -1.135203149609968e-12)
(1805.4351976049668 333.51559614365175 -1.1357339321090787e-12)
(1822.8281390761247 336.62360764237206 -1.1386624750846838e-12)
(1840.1250970204801 340.85014610770446 -1.0096336946284082e-12)
(1857.4196282781072 344.30634970191323 -9.966221313116121e-13)
(1874.0115930127777 348.38034392922691 -9.0214507340410115e-13)
(1889.4173360525569 351.78978464248769 -8.5463984701665538e-13)
(1905.1494591679314 356.28896043195579 -6.4657063536464153e-13)
(1920.2586003435867 359.68030962992265 -5.055104289458796e-13)
(1935.5342319040656 364.43792849903525 -7.8308691933872993e-13)
(1949.634231292315 367.52730205041951 -7.349415377223189e-13)
(1963.3933100379738 372.60926125098649 -6.8340759401944413e-13)
(1979.3218978192131 372.92194056969447 -6.7838741413796637e-13)
(1994.0084449484314 350.9879177494405 -1.057262281626078e-12)
(970.29311445048245 -36.103432220586129 -3.3015020377345715e-12)
(1063.1729251797822 41.987133724203161 -3.2215167761312082e-12)
(1129.3862601086948 117.25604364301915 -3.0044436436465676e-12)
(1181.1461897606728 169.42474108987739 -2.9409887938640369e-12)
(1225.6460399964101 213.53711314802598 -2.8820176993844671e-12)
(1264.4506345390464 256.35979052785308 -2.6990488588426634e-12)
(1296.6641702124136 281.03382294186889 -2.6594468336991719e-12)
(1325.1317545462416 291.56823795356354 -1.8322522151439338e-12)
(1351.5565377106198 295.45357592413131 -1.7254275013731582e-12)
(1375.8527234132955 296.60384650923362 -9.1391678078840209e-13)
(1400.8365678445739 297.52604227794069 -1.1002373833891966e-12)
(1426.8728650820815 298.15372078036728 -9.8382651241564117e-13)
(1451.23313448255 298.12432907409419 -9.590383193339721e-13)
(1475.9756973809767 299.86834963246656 -9.9222135954563232e-13)
(1501.6888680291554 301.32254810124704 -9.845580032141531e-13)
(1525.472880728644 302.36733166943333 -4.1557790233745624e-13)
(1549.866351307111 304.67572513730073 -3.2538740334518969e-13)
(1574.6314472256424 307.56889769995092 -3.1668053786774093e-13)
(1597.3921282882827 309.30590680908318 -3.6675785407053279e-13)
(1620.3190576104857 312.17367004212133 -6.5539697499880748e-13)
(1643.1123528192932 315.09974897104576 -7.5441653650086876e-13)
(1664.8762885848209 318.37107449568197 -7.4932308845214006e-13)
(1685.6162544520594 321.06111236373283 -7.5605097403292262e-13)
(1706.6437386044111 324.70008378935006 -9.475860342927509e-13)
(1726.678480947957 327.65351030233654 -9.1166619839738797e-13)
(1745.8935098658619 331.44290967449945 -8.9470260042508067e-13)
(1764.6278186613522 334.6932560555926 -8.8244407980058555e-13)
(1783.2243441123635 338.46006419686432 -8.932443047899413e-13)
(1800.3457854461358 341.57070670015867 -7.9607920099251992e-13)
(1817.5586328025806 345.88452514435085 -6.188272934053207e-13)
(1834.2913402030481 349.13397042698045 -5.6289118629642678e-13)
(1850.350230222439 353.02702149046502 -5.998847783978347e-13)
(1865.3940290026555 356.36675715960047 -7.4062500359990183e-13)
(1880.9141375854201 360.68140331294182 -6.9916854383579728e-13)
(1895.5281719176467 363.86402553455696 -6.4744548361503433e-13)
(1910.3666172104538 368.42360037579971 -9.7362718761043018e-13)
(1924.0079487142148 371.27204255931281 -1.0989841230151714e-12)
(1937.2455258573286 376.33761534982978 -1.0338721509544169e-12)
(1953.5183568536531 375.36842454020768 -9.5156391422965614e-13)
(1968.1291902900655 344.6765144058578 -9.861923975081356e-13)
(970.30348779606481 -29.108426725175534 -2.4612622726717387e-12)
(1063.9990945668767 51.240939480269034 -2.4051023239487339e-12)
(1127.4748589825515 125.99581778621638 -2.3075950156056051e-12)
(1171.3432011300938 177.0338652950669 -2.5660062918781856e-12)
(1212.980970389289 219.85031803687792 -2.1015055383103573e-12)
(1253.9040472819554 260.8723082624619 -2.1558509539818521e-12)
(1284.4926861757674 282.00566793953794 -2.355200105063221e-12)
(1308.8015118011826 289.45140779615991 -1.4887804228853458e-12)
(1332.7611682387699 291.84403262960546 -1.5278336649265903e-12)
(1356.6406344707725 293.11821608907661 -1.2715395982533136e-12)
(1381.8891680816403 294.79480431662722 -1.4820834304351377e-12)
(1407.1328192944361 295.91653175606308 -8.9963962661291735e-13)
(1430.8561960280829 296.7762659617099 -8.9784495555781338e-13)
(1455.6434146534139 299.40877580844506 -8.8959196928149866e-13)
(1480.9409326476705 301.09895919038894 -7.3085978273704956e-13)
(1504.3832356364528 303.11148616688098 -4.1174756183496375e-13)
(1527.9813951526257 305.86912062765981 -4.325576272108885e-13)
(1552.4957544836197 308.92217693970292 -4.5153126099211989e-13)
(1574.8972985094745 311.21651603153157 -4.0245885170426159e-13)
(1597.3970992311677 314.67711567014294 -3.5903918997138806e-13)
(1619.4022832601802 317.61618515444638 -8.2753972545078846e-13)
(1640.95676113321 321.02257355299355 -8.5647985352751305e-13)
(1660.9918326575719 324.01891761636165 -8.7130001686023232e-13)
(1681.6490905542873 327.86070937845869 -8.7120878287208087e-13)
(1700.8097192076398 330.7136723325724 -7.4960120093808758e-13)
(1719.6620907635875 334.57379426229824 -7.1564927532536205e-13)
(1737.5713164764361 337.80245527111907 -6.3468444957369363e-13)
(1755.7217320564353 341.49673473308775 -6.4483761813552339e-13)
(1771.9156384559351 344.51528047531724 -7.3559532257157336e-13)
(1788.7478193551894 348.71458701797479 -6.0573518182179844e-13)
(1804.3183347530623 351.67047570483271 -5.5434983670106698e-13)
(1819.9418361610456 355.4307536096855 -5.9050908290397717e-13)
(1834.0020763965551 358.57275934742484 -6.6640853547147541e-13)
(1848.9239233186236 362.57545178643846 -6.8129576676286015e-13)
(1862.2247722109439 365.43841512860564 -7.7049814577707822e-13)
(1876.4386862373412 369.73731997543746 -6.8974104487961715e-13)
(1888.8123202799952 372.16035791894575 -6.2665244744863588e-13)
(1900.9394480693586 377.09140795807633 -6.9949615437349272e-13)
(1917.3812828576033 374.24151037353158 -7.2599201081094179e-13)
(1932.5736112726479 333.41033716119694 -8.517166362261974e-13)
(968.34892485435796 -21.42601593885356 -1.8893863688279323e-12)
(1057.4600570581201 61.482869995232996 -1.9697315994636021e-12)
(1118.2843186336625 132.93307914113586 -1.8676141695566721e-12)
(1161.6686957693205 182.47315292814707 -2.1106422856639895e-12)
(1199.4820438452414 224.85420080150755 -9.2926008505160725e-13)
(1235.9498023942958 262.25929006221622 -8.9460195949848222e-13)
(1263.3442886636753 279.26330783273556 -1.1561567473550679e-12)
(1286.1395538792269 284.89602211722166 -7.356782812881351e-13)
(1309.1105919082281 286.8780886986026 -1.1157716425413962e-12)
(1332.358047505546 288.57955281341356 -3.2053100226300315e-13)
(1357.0699828202739 290.73758938841939 -7.1468600693352904e-13)
(1381.8244160409445 292.35730379238532 -1.1497284736721022e-13)
(1405.1691949165429 294.15967547880166 -1.2146052579539211e-13)
(1429.8387954791833 297.43869207235417 -8.7026372880615279e-14)
(1454.0420156888802 299.37904410968611 1.2100053637687724e-14)
(1477.1646909317037 302.09758333683942 3.0935273565875516e-14)
(1500.3635493406398 305.3382934142906 -1.0473897731523858e-13)
(1523.9275836505701 308.5312191093218 -1.7075511358901226e-13)
(1545.4312209260563 311.1907142671883 -2.5162394469547637e-13)
(1567.5248504978595 314.96896518870489 -2.2899323185150441e-13)
(1588.2414556448239 317.94673685993831 -6.6724390323103737e-13)
(1608.8044701465185 321.36801323685518 -7.5117051514367289e-13)
(1628.0001343376591 324.5750541594407 -7.2652316996673364e-13)
(1647.6972315542264 328.29947627730161 -8.1174732467751964e-13)
(1665.2328573201119 331.05872858822892 -6.2853284932945437e-13)
(1683.1633232866948 334.80116304053405 -6.8693962861783787e-13)
(1699.6520999042821 337.90165002186768 -6.8988456384429067e-13)
(1716.374678052038 341.23388678603868 -7.6688572126692434e-13)
(1730.9112434843553 344.11516338999269 -7.6041557608037379e-13)
(1746.4571462729671 347.85661154459365 -4.7310017939979193e-13)
(1760.0440973875141 350.52378882940422 -4.7251278936667004e-13)
(1774.1140200691889 353.79332714720078 -5.7455268414660086e-13)
(1786.1841411233809 356.61048880405718 -5.2648675376494523e-13)
(1799.400780168874 359.94304851550038 -4.854081679599994e-13)
(1810.4675484785325 362.49003747870336 -5.0302105925831222e-13)
(1822.6733621148758 366.03822705648281 -4.9303207981545522e-13)
(1832.4785387338322 367.99590542236757 -4.820201383738132e-13)
(1841.9834140758664 372.23224733803539 -5.1906173845202572e-13)
(1859.032780430292 366.97762262242679 -5.3900369565436661e-13)
(1877.5125192054404 316.43087546551828 -6.5289672145025911e-13)
(959.2492099227685 -13.952981437858538 -2.3197265678004121e-12)
(1046.43567439205 69.900358392140703 -2.4449421593897503e-12)
(1099.978567581848 136.91520570483902 -2.5314571386468186e-12)
(1137.5282829490163 183.51788307319026 -2.7318074596431932e-12)
(1173.2129407198888 225.25584208241892 -1.5800788650682038e-12)
(1206.4500655524146 259.69324836258494 -1.5847426570990182e-12)
(1231.2823227792635 273.50772592031211 -1.4928569804812267e-12)
(1252.6784439323631 277.65121586482354 -1.1557483116191539e-12)
(1274.9099041749 279.39815536296919 -1.6308341795639052e-12)
(1297.7778546501313 281.64082328986399 -7.7274779489263819e-13)
(1322.0204785412479 284.33762777804606 -8.2440884476389014e-13)
(1346.001281324023 286.48327911371302 -6.6899455201655946e-13)
(1368.8751890555181 289.04664110452734 -7.1746132183311036e-13)
(1392.9985119483692 292.69751985363553 -5.1079729118095277e-13)
(1415.9474406318564 294.98842445161017 -6.9948796788763919e-13)
(1438.0984868812773 298.20474795378419 -5.1163827391221472e-13)
(1460.1012809451056 301.61408761029634 -4.9911705377875452e-13)
(1482.2412065550704 304.90979269026894 -5.3190668512821379e-13)
(1502.2062446153056 307.81986137272236 -3.329462188541668e-13)
(1522.7999715868191 311.501141639379 -5.1059475670545862e-13)
(1541.5422687585879 314.40632235754879 -8.9684465035262986e-13)
(1560.3237026002982 317.74970012871535 -9.3867421468078281e-13)
(1577.3829180640037 320.81656378614963 -9.8735597002965168e-13)
(1594.8380578358453 324.07067651696633 -1.6251579037640269e-12)
(1609.8854181967499 326.66051314811614 -1.2633285364446476e-12)
(1625.4929385785265 329.93021559326581 -1.3219265075248364e-12)
(1639.1759952787181 332.59453136551014 -1.3038796906011554e-12)
(1653.1587261526265 335.29404857616862 -1.2765292137216074e-12)
(1664.9088929511297 337.84160580835834 -1.3199244194983525e-12)
(1677.6738900645257 340.75215020263789 -8.9477806508212147e-13)
(1688.1655514785234 342.95757329296299 -8.2745311963220949e-13)
(1699.3294527056712 345.40973433706836 -7.6991189939936094e-13)
(1708.4443341993656 347.75312279094589 -8.7898217501583255e-13)
(1718.7186990640591 350.134187720841 -7.774619225496606e-13)
(1726.7907523680881 352.2573183934735 -7.6640248537176169e-13)
(1735.9148379213386 354.73508222087543 -8.5189189642474607e-13)
(1742.7994929701704 356.32240700579626 -7.7828898034143886e-13)
(1748.883940309845 359.46235356104648 -8.2326757219087212e-13)
(1766.5187670058838 351.09698792746258 -8.4144285903039651e-13)
(1792.2337602251655 292.51669309672695 -7.5742164969162295e-13)
(938.21651897432707 -6.4774023949737822 -3.3030005559826257e-12)
(1019.2204986431498 75.509269329187532 -3.3661839604563723e-12)
(1066.1933808335245 137.19452129849157 -3.3109586280601558e-12)
(1100.0654832638222 181.88239988283303 -3.6384819099269912e-12)
(1132.7684767039025 222.99897361037816 -2.5402848938784686e-12)
(1162.6568407141383 253.93481551177973 -2.5091978830865846e-12)
(1185.1984210289588 264.17323674480934 -2.4684108665294267e-12)
(1205.0777040180521 266.93341164504955 -2.1831887984916905e-12)
(1226.1157341898854 268.53854147305054 -2.3029453483914428e-12)
(1248.0531674787715 271.2627551244683 -1.5933715722170001e-12)
(1271.0964362625002 274.2747869298322 -1.8077163530595242e-12)
(1293.5595699321034 276.86658829252559 -1.2974273265365602e-12)
(1315.1298443681965 279.88847462341187 -1.238379239274887e-12)
(1337.6382574480494 283.6456050904149 -5.5117518803073767e-13)
(1357.7726267848473 286.01716151690874 -5.6779531866566381e-13)
(1377.8174242785087 289.37827624912296 -1.0923366418371627e-13)
(1397.2285154537808 292.66795282700093 -1.6254528036729277e-13)
(1416.5202178000136 295.72546188585397 -2.0233839520631708e-13)
(1433.4411673232853 298.52093868996593 -2.2134285812442901e-13)
(1450.9688867537907 301.71021176647872 -7.555478048090347e-13)
(1466.2928527292302 304.28770856097969 -1.0496951375915215e-12)
(1481.798862136312 307.13296971808273 -1.1761401755519011e-12)
(1495.3326237485805 309.74766218119987 -1.2581206954623954e-12)
(1509.2110509192896 312.24646924990299 -1.4832143536522239e-12)
(1520.7392257620143 314.45032919658092 -1.1213015362499786e-12)
(1532.9499881340225 316.93160979284585 -1.1522765504152279e-12)
(1543.1363808199744 319.05061131819144 -1.2618489481186669e-12)
(1553.7610386675694 320.97832006491348 -1.4323884623077302e-12)
(1562.4238947902975 323.1133409641904 -1.513105658033891e-12)
(1572.052775406401 325.10473833406411 -1.0024502273946458e-12)
(1579.6109207205536 326.90414913252289 -1.1290153436724642e-12)
(1587.9741647485118 328.56548572299482 -1.1301299108717454e-12)
(1594.6148315109833 330.54531072792184 -1.1416868551893694e-12)
(1602.3495685057635 332.09418063503676 -1.0161574625953967e-12)
(1608.2813910605157 333.96004704891601 -1.1319012831125623e-12)
(1615.1939340081035 335.58266364279143 -1.4080873047572011e-12)
(1620.2496697455547 337.06755949419039 -1.4377220857897042e-12)
(1624.1228515909738 339.29950305849417 -1.468935525730262e-12)
(1640.675449952631 327.044190409723 -1.4415471257928894e-12)
(1673.8033716677678 260.84908550643348 -1.2485673133815502e-12)
(901.82633379637116 1.1836950001744539 -4.0714250050971391e-12)
(975.56192041477982 80.370216622110874 -4.2041580483955687e-12)
(1016.5150755000387 135.50616911345065 -4.2072406331327147e-12)
(1046.0105040139579 177.37673975321582 -4.8216412925479581e-12)
(1075.4381838673594 217.43597812990561 -4.2059321624622079e-12)
(1100.5663594648779 243.69225684658323 -4.2174075049397074e-12)
(1119.7237345833864 249.873252129853 -4.0098139222184001e-12)
(1137.1766418273021 251.31219524358895 -3.6412100968759614e-12)
(1155.5327930095264 252.78587492918325 -3.5349608536244496e-12)
(1175.049049908024 255.66796638360859 -2.8026588629087357e-12)
(1194.799107332118 258.56009518677905 -3.0836659871495731e-12)
(1213.8876215831949 261.19349374147907 -2.3199596722990246e-12)
(1231.8071601464258 264.17899157049482 -2.2346103050061137e-12)
(1249.6649123176633 267.25094123913902 -1.8480973856592746e-12)
(1265.30408473442 269.44614418562543 -1.8457164807745692e-12)
(1281.4459199853013 272.37654644747175 -1.5105530638501676e-12)
(1296.6289807864596 275.19902046474539 -1.4320504303040719e-12)
(1311.6372735619991 277.59974012591135 -1.8341674310302595e-12)
(1324.6637136161351 280.08653808351414 -1.9397441185988963e-12)
(1338.3263397218493 282.51477080285269 -2.2098053561658422e-12)
(1350.0649178885217 284.75964825845335 -2.5277092944451857e-12)
(1362.188916887759 286.96167584723327 -2.6081096122379777e-12)
(1372.6722246403726 289.2322576557591 -2.5432307846264189e-12)
(1383.6000342420398 291.07624976672469 -2.834802494898342e-12)
(1392.7587068535499 293.13754495952082 -2.5861857190503623e-12)
(1402.6049531584938 295.00129146002354 -2.5625844014509858e-12)
(1410.8333451063445 296.93908921965925 -2.5520777841306818e-12)
(1419.5521352966027 298.40012461034803 -2.4886512743304512e-12)
(1426.8428173482323 300.46920261157032 -2.3494665777528172e-12)
(1434.8794615679467 301.91838305745665 -1.9705739187062045e-12)
(1441.3623302525621 303.70919943082748 -1.959517362964322e-12)
(1448.5083670339861 304.97444132132546 -1.9744528328595175e-12)
(1454.4071990012887 306.93903084620462 -1.946776464551798e-12)
(1461.0854022291651 308.09587574441309 -1.8980203980429495e-12)
(1466.485581642477 310.00396799427932 -1.8843992786107863e-12)
(1472.586562967442 311.19070585245493 -1.888820515903357e-12)
(1477.188518624642 312.84793211250786 -1.9055063734405298e-12)
(1479.7219466135487 314.56091810770141 -1.9299984657728265e-12)
(1492.66991701865 297.67989605335379 -1.8783047257098636e-12)
(1525.7963881766184 222.53100450783452 -1.6949420363792137e-12)
(844.41805320356877 8.9967853816559362 -5.2025856105230955e-12)
(909.97401461805771 83.582483620318769 -5.078005075350944e-12)
(944.54920175625534 129.42339780261261 -5.0197495133105195e-12)
(967.73934334805176 168.68119098917396 -5.4941821649457335e-12)
(993.51304602998323 205.72754816906792 -4.8378199386989063e-12)
(1010.9483006086416 226.35565781657962 -4.6805638186129114e-12)
(1024.5997488926471 228.41053511852911 -4.5664676565915251e-12)
(1037.6617409567064 228.61444238617895 -4.332130948979908e-12)
(1051.2081688844287 229.79446541655943 -4.265138355700348e-12)
(1065.0839568532147 232.06660159866115 -3.9326527920142192e-12)
(1078.1151241005639 234.1752186442092 -3.9787800191898153e-12)
(1090.8730375859532 236.06346248360447 -3.6397167167574815e-12)
(1103.5955216457994 238.56368054425897 -3.4775092544091342e-12)
(1116.2799618291424 240.68998514753773 -3.3942862125828775e-12)
(1127.8743601365136 242.73484121821792 -3.3869876259652508e-12)
(1140.0107692798149 245.01184636289915 -3.2211506369782746e-12)
(1151.6551060062782 247.44779772270971 -3.205216751757937e-12)
(1162.9221537765573 249.21363624023297 -3.635814971504807e-12)
(1173.4040723749513 251.5823683142051 -3.4251403642220708e-12)
(1184.1694602160105 253.42384933619411 -3.3172021359848326e-12)
(1193.9605811334534 255.61575844810329 -3.6095972684687628e-12)
(1203.8370693550453 257.35025362301303 -3.553898280086455e-12)
(1212.9503204844048 259.59481432560108 -3.44741255980447e-12)
(1222.0376102664793 261.04047593881324 -3.7467986713874698e-12)
(1230.3251083755308 263.18442347306973 -3.1070385168385163e-12)
(1238.7969841985314 264.68970700749253 -3.0282119133435279e-12)
(1246.4644954685098 266.70909779553659 -2.9594551406072583e-12)
(1254.1028672281354 267.92637638444654 -2.9623302469890659e-12)
(1261.1887781409494 270.08596348301074 -2.8469226816305712e-12)
(1268.3279143262639 271.29682217649446 -2.7485521521806642e-12)
(1274.7321742679394 273.21780028554161 -2.6706101455805393e-12)
(1281.1352857782706 274.31100979734401 -2.6329337550147436e-12)
(1287.0970282169021 276.36488860811153 -2.45535785177333e-12)
(1293.0503213109519 277.42374479824917 -2.284756835018687e-12)
(1298.5597131142356 279.46385225208326 -2.2337137524324065e-12)
(1303.8702558203377 280.47107355445189 -2.2444759411638913e-12)
(1308.4236137912837 282.52331435278546 -2.2467553029984252e-12)
(1308.4012945785655 283.71614564948749 -2.1753604907449197e-12)
(1316.4249827801893 262.41760943636035 -2.1436183284902372e-12)
(1337.5953596712034 180.50824342993408 -2.0134412706663865e-12)
(736.36294471393785 5.6632217780767879 -4.211836370956151e-12)
(793.56029591646029 71.233466661398353 -4.2082393614138863e-12)
(799.75440728738715 108.56665004044322 -4.0316087557175032e-12)
(816.95195606875131 141.75260821390609 -3.9644124317240545e-12)
(835.63928793415994 171.80635612514288 -2.9948127423306053e-12)
(832.73953597263903 186.12281495667929 -3.0456967994419411e-12)
(826.19784391858332 184.13162461243999 -2.9806241596885277e-12)
(825.99162484735723 181.75604380514756 -2.8215724427418975e-12)
(826.75911011942515 180.49693988411377 -2.7858826766699898e-12)
(828.99377210007231 180.45726551110249 -2.8101974189593322e-12)
(832.23800677587155 180.74741708328764 -3.1343157413809205e-12)
(836.42650535385496 181.04526213052722 -3.0329141831098385e-12)
(841.03811137073569 182.02450392326878 -2.9971390028640968e-12)
(847.09435220715795 182.77499560370535 -2.7453090722430822e-12)
(852.3350102185567 183.75285284455072 -2.6894536518283972e-12)
(858.922167426952 184.90796176492006 -2.1937490662799285e-12)
(865.52446679804746 186.39769620557945 -2.2176846140563211e-12)
(872.98510505491811 187.43283687166308 -2.2017038279347891e-12)
(879.40848292612077 189.09081701941358 -2.1635470722493271e-12)
(887.37147638034992 190.37295030021556 -2.4199477559688847e-12)
(894.05617352950708 192.04134546206893 -2.7697036273834461e-12)
(901.80303457156435 193.33895093503946 -2.7632678400232795e-12)
(908.34050380474616 195.12910304796657 -2.7526755134426529e-12)
(915.92485609474454 196.28805178887376 -3.109872847614647e-12)
(921.87808893651948 198.01899390648458 -2.7092182395218413e-12)
(928.99324890761511 199.24446061333592 -2.5690519413618714e-12)
(934.59268958761174 200.8870374548151 -2.4760603636234414e-12)
(941.05088528988142 201.89227813986093 -2.4067009169986007e-12)
(945.92292332353622 203.59216834290353 -2.441008553294136e-12)
(951.92822547334276 204.61063496603532 -2.4258869287485036e-12)
(956.18383282176922 206.1052012968232 -2.3029169306269667e-12)
(961.36838729314195 206.99466889811686 -2.2536437379669412e-12)
(965.03608974284793 208.55899847018014 -2.2184746097980749e-12)
(969.81518715906464 209.48833504766409 -2.15658976578342e-12)
(972.94735736774192 211.05594922972978 -2.0639202421490613e-12)
(977.21122490151106 211.92516971304565 -2.0506964342130626e-12)
(979.24454770308876 213.77580646753114 -1.9438359336885981e-12)
(984.80466788024876 215.28099919884858 -1.8200176288374556e-12)
(971.97337908709289 194.32270044044262 -1.7087096026909838e-12)
(973.65195762072563 133.11972898724929 -1.7285060266128425e-12)
)
;

boundaryField
{
    inlet
    {
        type            zeroGradient;
    }
    outlet
    {
        type            inletOutlet;
        inletValue      uniform (0 0 0);
        value           nonuniform List<vector> 
28
(
(2181.5659175603996 32.986918779980492 4.3259585487290792e-12)
(2133.2568309758508 61.651506420210467 5.8389568481005338e-12)
(2129.8690597326695 94.279459777982453 -7.9839769670798817e-12)
(2123.5929745672079 123.39377504303908 -1.1635509030414176e-11)
(2121.9025865953254 151.36333110007297 -8.212560378330947e-12)
(2120.2278129849919 176.89958814120419 -2.5198912820049083e-12)
(2119.4052728544802 200.87375480185909 -2.8002395838699017e-12)
(2118.594460307007 223.09757074973896 -6.536374194539494e-12)
(2117.7398943386866 243.7839773058565 -8.1191219029249774e-12)
(2116.2295376715583 262.87779127917446 -8.2070838410817587e-12)
(2113.4703434103812 280.38902967232843 -5.6011000603552379e-12)
(2108.3723875872265 296.22896653804673 -3.5496328195949229e-12)
(2100.4526866315073 310.39427679195927 -1.7585674754044099e-12)
(2090.0714426009872 322.73091708831936 -1.3695756096951553e-12)
(2077.979773756635 333.16685283222046 -1.595124478066792e-12)
(2064.5437350393004 341.64903542670396 -2.3126272774038273e-12)
(2049.8620265503591 348.00944991947995 -3.2267909927552428e-12)
(2033.5667545753763 351.94071482029597 -3.0414512760066813e-12)
(2015.2092697966834 353.12648263663249 -1.9034174146300516e-12)
(1994.0084449484314 350.9879177494405 -1.057262281626078e-12)
(1968.1291902900655 344.6765144058578 -9.861923975081356e-13)
(1932.5736112726479 333.41033716119694 -8.517166362261974e-13)
(1877.5125192054404 316.43087546551828 -6.5289672145025911e-13)
(1792.2337602251655 292.51669309672695 -7.5742164969162295e-13)
(1673.8033716677678 260.84908550643348 -1.2485673133815502e-12)
(1525.7963881766184 222.53100450783452 -1.6949420363792137e-12)
(1337.5953596712034 180.50824342993408 -2.0134412706663865e-12)
(973.65195762072563 133.11972898724929 -1.7285060266128425e-12)
)
;
    }
    fluid_to_graphite
    {
        type            noSlip;
    }
    wedgeBack
    {
        type            wedge;
    }
    wedgeFront
    {
        type            wedge;
    }
    defaultFaces
    {
        type            empty;
    }
}


                                                                               
