                                                                               
                             
                                                                   
                                                            
                                          
                             
                                                                               
FoamFile
{
    format      ascii;
    class       volScalarField;
    location    "1.5/fluid";
    object      T;
}
                                                                               

dimensions      [0 0 0 1 0 0 0];

internalField   nonuniform List<scalar> 
5304
(
3187.2985305994821
3186.9718939352433
3186.8772747883982
3187.2525109568742
3185.0334629494328
3184.8094118398808
3184.7980541609318
3185.3465375429887
3185.026219719522
3184.8044778681433
3184.7955365080256
3185.3448409053772
3187.2827575895212
3186.963424785778
3186.8750917620864
3187.2521342124619
3183.3582357287682
3182.0947872209899
3180.8446894965509
3180.222227323055
3175.717170194087
3174.6697925533949
3173.6691468675103
3174.075707794635
3175.6948221723096
3174.6528949803424
3173.6595903441271
3174.0697609080398
3183.3148971389687
3182.0625259764333
3180.8268753931611
3180.2142912165232
3185.9024975092593
3183.0854717314783
3180.8251912592173
3179.9351006865345
3173.3506557544929
3171.6702838712558
3170.2542831477954
3170.8967679301009
3173.3206111837785
3171.6487336963623
3170.2430714138573
3170.8909024921422
3185.8460101237938
3183.0480615422721
3180.8083622513245
3179.9311304568341
3185.3434115948394
3184.7915569541096
3183.6554949195129
3181.6859746703367
3199.1217259822488
3199.0456921859486
3198.9489217654514
3198.8208462179259
3199.9485280910985
3199.7534284341514
3199.5921259937008
3199.5522311659497
3199.6542944965918
3199.1662784851919
3198.7081357617813
3198.407228497043
3199.1394931743348
3198.5145816518061
3197.8897202753847
3197.4484274561928
3198.4398521842295
3197.726866992235
3196.9928152005236
3196.4864321173704
3197.4176379711384
3196.6330755283616
3195.8307901587036
3195.3157500722914
3195.9629441809784
3195.1490726690545
3194.3431226200983
3193.8740779137524
3193.9796884562857
3193.200376726717
3192.487664118466
3192.1657212757236
3191.1944354541342
3190.5616832134028
3190.1641303979127
3190.1736520674549
3170.7508537395911
3169.8294992892597
3167.7848746388536
3164.0468269271742
3197.102419665433
3196.8016057698892
3196.4082129363983
3195.8230619407518
3199.5364704353228
3199.0415615991064
3198.5403529032124
3198.1398692680204
3199.6185820664077
3198.7842802986211
3197.7881573257187
3196.9714994833093
3199.2470226008113
3198.076484953981
3196.6024086780135
3195.4076604050993
3198.6471358677859
3197.2242290237441
3195.4239597556461
3193.9323923375978
3197.7787401188612
3196.1134030244648
3194.0909981920677
3192.4100234546745
3196.4189915850998
3194.5520266649214
3192.4083331046459
3190.6565541701998
3194.0839359801284
3192.2024724161715
3190.1476011457803
3188.5293373480758
3190.3244995946116
3188.6876994865252
3187.0408067848562
3185.9434345504997
3135.3817360249163
3133.8615830147901
3129.8703086136175
3122.1116290812834
3188.2013650649137
3187.2237734922674
3185.7135016562556
3183.2146335966595
3196.8450463580862
3195.8012419330239
3194.4873573706145
3192.9726024984084
3199.051426453424
3197.8015572566419
3196.2447786256994
3194.8565661279235
3199.6954263600828
3198.2497621547855
3196.4295270367902
3194.7462574249485
3199.8457579410874
3198.1824991250151
3195.9999904283454
3193.941028921874
3199.7358120873378
3197.7727130614321
3195.285922702099
3192.9514084865123
3199.1327387941142
3196.8499119777807
3194.1636619833334
3191.6789899206206
3197.6888048827914
3195.0510139596418
3192.2888254148711
3189.9061266378844
3194.41091392102
3191.5954010198484
3189.0047523649105
3187.2346835218218
3182.3519992058295
3184.7087759301048
3184.7087213689383
3182.3519293965692
3198.8287059565719
3198.9658036155788
3198.9655735154411
3198.8284761635327
3199.2851669842589
3198.7790466443357
3198.7784715211069
3199.2849381528499
3197.8618742776785
3197.1992085060028
3197.1988730702492
3197.86253082241
3196.7321324808954
3195.904829751847
3195.9047128717029
3196.7335237426078
3195.6303350589965
3194.5615892216933
3194.5615674187957
3195.6322435777329
3194.331141982886
3192.9648338369989
3192.964747762212
3194.3333452300826
3192.7739560461919
3191.0557719106523
3191.0555412894182
3192.7762679257371
3190.9005597797873
3188.9475405042108
3188.94694253335
3190.9027874004591
3188.9220313749229
3186.8382065740798
3186.8371904529331
3188.9235423696141
3165.5355666529754
3169.6600296072829
3169.6599983590686
3165.5355590525846
3195.7779626314737
3196.1706273088648
3196.1700823766278
3195.7776762522876
3197.4750275130837
3196.6549732196981
3196.6548102004458
3197.4762860493793
3195.6281158575821
3194.1367330385674
3194.1376256680505
3195.6324645679938
3193.6764287513124
3191.7301767520312
3191.7321166547754
3193.6827627943399
3191.8706915937646
3189.3900821896818
3189.392827826231
3191.8786764627489
3190.0152909327335
3186.885822130123
3186.888945159184
3190.0244008286136
3187.9234746920888
3183.979638671251
3183.9822801778714
3187.9324367870358
3185.4165582826008
3180.4135593995916
3180.4151637037753
3185.4237589103473
3182.4118095412873
3176.3499699691388
3176.3480203753738
3182.4151896333378
3125.7918420989981
3133.6277600084477
3133.6281054803908
3125.7924039914919
3183.4031753973395
3185.0915703373444
3185.0906285086294
3183.4030516201328
3192.1124243125287
3191.5407865710845
3191.5419398275885
3192.115429951783
3193.6151095863247
3192.0262050004885
3192.0295243029659
3193.6204957734972
3192.8624356134278
3190.6497072513771
3190.6547005085854
3192.8734627554522
3191.6101743659292
3188.8838262518871
3188.8898337486362
3191.6248073434676
3190.1918830288096
3186.7362970704576
3186.7427029425221
3190.2086647154251
3188.4448886625332
3184.0224190772733
3184.0281356538189
3188.4625503916195
3186.1211340087339
3180.2061185632797
3180.2094030038834
3186.1370175735256
3182.6245384642111
3174.6814615023777
3174.6816614209265
3182.6356991435036
3181.6859195364709
3183.6553907589328
3184.7914065525197
3185.3433082459069
3198.8207137125178
3198.9487294484215
3199.0454734209652
3199.1216970616256
3199.5523377554514
3199.5914179394304
3199.7508999846677
3199.9452516476526
3198.4083004612794
3198.7071034378523
3199.1609232770547
3199.6439004359399
3197.4501774770147
3197.8885175818382
3198.5073113540211
3199.1260118987402
3196.4886882674577
3196.9914251276168
3197.7177912464949
3198.4242784523112
3195.3184075572913
3195.8290222438286
3196.6223326807185
3197.3998092899301
3193.8768638635734
3194.3407477678143
3195.13685761223
3195.9431163998934
3192.1683720600095
3192.4844511632618
3193.1869766977502
3193.9586871860961
3190.17507788287
3190.1597864884643
3190.5478972351016
3191.1706533158244
3164.0468024890597
3167.7848205287278
3169.8294001787185
3170.7508062450506
3195.822998048267
3196.4075085605127
3196.8000464704824
3197.1008434238202
3198.1411849304927
3198.5392719615161
3199.0359520936208
3199.5268256207601
3196.97556579825
3197.7868577963545
3198.7732790593705
3199.6006827773117
3195.4136077150315
3196.6008744089372
3198.0600969277689
3199.2208754393828
3193.9399191242751
3195.4220979109546
3197.2042830565592
3198.6127737253801
3192.4182435383923
3194.0882602377801
3196.0907290513278
3197.7369979383666
3190.6642922378323
3192.4040955621394
3194.5270933372931
3196.3729665741639
3188.5345972466207
3190.1402301593412
3192.1750483158289
3194.0364341840759
3185.9432493613572
3187.0282022326378
3188.6571905683809
3190.278021489662
3122.1119868381656
3129.8708640159848
3133.862248540901
3135.3821836300021
3183.2150725510214
3185.7116278300041
3187.2182813400832
3188.1952316493912
3192.9756107816306
3194.4858875065006
3195.7901441756594
3196.8265951485882
3194.8616814285238
3196.2441313993318
3197.7858325053021
3199.022478158091
3194.7575873534702
3196.4303404225448
3198.2323423301086
3199.6586712755097
3193.9564173787676
3196.0032581592627
3198.1638583289046
3199.8051122051993
3192.9700364599498
3195.2909378294471
3197.7536779736529
3199.6934571244201
3191.6984162598151
3194.1687903538636
3196.8304210748511
3199.0894746174608
3189.9227030647166
3192.2905553702603
3195.0288340599177
3197.6441284025232
3187.243882737032
3188.9986473868717
3191.5673424144275
3194.3621736000337
3187.6514813636836
3184.013210362893
3181.4510205992115
3180.9085973894021
3171.9812994062186
3169.2678303738689
3167.5340492779337
3168.8417871222769
3171.9444087420352
3169.2440090992081
3167.5232377103562
3168.8393052714855
3187.5993998470294
3183.9814178276642
3181.4404963522352
3180.9130729255821
3186.501658629807
3181.2828692138974
3177.9909704408728
3177.5551857729383
3169.9999718281097
3166.8569301526318
3164.5050235837689
3165.0463316240439
3169.967069669086
3166.836346942714
3164.4955591546809
3165.0439067102925
3186.4543156158875
3181.2564022159895
3177.985054690258
3177.5617736436652
3184.4628503600629
3178.623177290428
3174.8214682177809
3173.9847987964486
3167.6424935182631
3164.1602660406766
3161.320813973894
3161.2216831044097
3167.607670138455
3164.1384283829202
3161.311227200074
3161.2189077499638
3184.4174399405642
3178.5969900255059
3174.8148146738536
3173.9902019181168
3180.5836502613024
3173.9986481906658
3169.7157848814932
3168.5613504391076
3164.5534870020401
3160.9833111362655
3157.6435605210672
3156.5843362061905
3164.5220499101429
3160.9643208888378
3157.635330925923
3156.5816745599773
3180.542610682538
3173.9767768055463
3169.7112526293336
3168.5670271951553
3173.114950193491
3167.3240825323774
3163.0074381996001
3161.1545165045022
3160.4415252695694
3157.4422185110334
3154.0479601808088
3151.8141969874241
3160.4096922646227
3157.4229092580986
3154.0390682257075
3151.8111719847707
3173.0872611555533
3167.3075637303073
3163.0042794833157
3161.1604274903261
3162.6316783473681
3159.5507460739618
3156.215619915039
3153.9679719092255
3156.0406115419082
3153.7742742802579
3150.8415363907834
3148.0146928913223
3156.0114968838925
3153.7551733926475
3150.8316079056781
3148.0115119188326
3162.5994621746649
3159.5287930986588
3156.2080323171845
3153.9708954107473
3152.4285308923049
3152.1428389430121
3150.6401021138859
3148.116443591623
3151.0060467253097
3149.9367998496014
3147.6775580287845
3144.7412127857338
3150.9898207720689
3149.9226525578379
3147.6656587733037
3144.7352554952572
3152.418493395428
3152.1367532228355
3150.6430754813086
3148.1298600554182
3132.4092070692132
3135.8695421093344
3136.5323700090357
3134.7365369902836
3137.8871721658566
3138.1689790775081
3137.5919837156521
3135.7503436611751
3137.8055024284636
3138.089998928182
3137.5276486447829
3135.706420333971
3132.3376162091317
3135.7852308541846
3136.4656913766057
3134.6977605337111
3120.7830016065554
3127.0433050318297
3129.8126966792306
3129.2226063626595
3132.3038323936403
3133.5234372737668
3133.7354363300037
3132.6305747565043
3132.4416237280439
3133.6376176962922
3133.824060760493
3132.6975323979732
3121.0118631381629
3127.2521441124286
3129.9802982406327
3129.3461007220953
3102.7832111408839
3114.2526125186346
3121.198514166239
3122.3492666900333
3124.917960724466
3128.079638061256
3130.4187334339631
3130.5193289470549
3124.8880780042632
3128.0532575483344
3130.4051545792477
3130.5179906808526
3102.6672023435358
3114.1560403523877
3121.159183752462
3122.3554835008404
3119.9694327239063
3118.2831199749417
3113.6512399392768
3103.8629206532723
3178.4228062219786
3177.5682780579928
3175.4799817469798
3171.119210446227
3192.1241214409147
3190.9888782028124
3189.4900755223007
3186.7708294601857
3196.8783999624175
3195.6673900689489
3194.0355341460149
3191.7901131696613
3198.7358315435072
3197.4064665444894
3195.5068317235105
3193.4243367132594
3199.5703454290515
3198.0451902343202
3195.9147222462248
3193.7713299225193
3200.0030354881019
3198.2088015088293
3195.8844789498967
3193.6382221012577
3199.9801768567131
3197.7787180652872
3195.273413503322
3193.0137534698342
3199.1458588137466
3196.3497384231337
3193.6563322280958
3191.542771864084
3196.4203449764718
3193.0804452350199
3190.3438936161306
3188.8156647059236
3089.9313273457678
3090.6061550151344
3083.9210823949375
3071.917964887954
3162.2079637381962
3163.7900738993885
3159.3358717921806
3153.244097551204
3183.2292684521371
3183.8887057194956
3180.8402359899464
3177.0205261170504
3191.7091317118966
3191.6071336602758
3189.2715961764934
3186.2469381737778
3195.7396022807652
3195.0748081526435
3192.9222075142652
3190.3318106437014
3197.7779946706664
3196.6296283336187
3194.4785029669288
3192.1350295538728
3198.8070842803841
3197.0540322640436
3194.81312740469
3192.5865053227085
3198.8747850476389
3196.6105736516683
3194.2432670634012
3192.0759649200127
3198.2479388749566
3195.0564998305522
3192.3579575873164
3190.3330982275675
3195.7124136943985
3191.5737433933482
3188.3728002548678
3186.8283322148877
3054.6274144175891
3058.8937039273533
3050.5062620613448
3034.3132453402159
3134.3512196711804
3141.5924844236442
3135.6683004439847
3125.6998715025238
3164.0902987970107
3168.9706385210879
3164.7303159219027
3157.5969057840334
3179.4004973868095
3182.2459413257657
3179.0321994558221
3173.8563821564308
3187.7893159666696
3189.1129295457681
3186.5313993705295
3182.5315105453765
3192.4176628044929
3192.5187953268351
3190.1954646263284
3187.0835633158467
3194.8973464685087
3193.6725048363387
3191.4316022417252
3188.9473007886209
3195.7387099098605
3193.2362985708978
3190.90730516033
3188.6663617519494
3195.3349813891432
3191.6022036228046
3188.8517071426381
3186.8953896817152
3193.1097176181902
3188.5071674280475
3184.9709365884414
3183.298332079863
3016.4998854508758
3026.9729898481646
3016.0434764965767
2998.964715724328
3104.787742992703
3118.2069925365431
3109.1762173350558
3098.286497686131
3140.7556289452586
3151.4712162825253
3144.3886461449397
3136.5498061139888
3161.3362746727453
3169.2029603477804
3163.8132725900073
3158.1417591191753
3174.0160846257654
3179.1781080892765
3175.0729877989797
3170.9111582487408
3182.0015141145154
3184.598782697768
3181.4602475665474
3178.2675493199094
3186.7642458233818
3187.032444488244
3184.4447223136744
3181.9236383485495
3189.4137811752362
3187.1130569316724
3184.5612170697809
3182.5346409500094
3189.5904808711584
3186.2105389182129
3183.2651170515505
3181.2795544637902
3188.2506621845564
3183.8811154776108
3180.0855706370398
3178.0715967556571
2971.051228503507
2991.278137863816
2978.4154871584351
2957.6430677356966
3067.5721260421042
3089.9240576725419
3080.2500635792749
3066.0274290014349
3108.9367283889651
3128.1607678418432
3120.5273390170769
3109.4060391412904
3134.0089050031725
3150.1202094310074
3144.2224352109961
3135.3518854563731
3150.653677876453
3163.4446978239762
3158.9907781680186
3151.9035606778853
3162.0451723061819
3171.4355899679958
3168.1245575490502
3162.4385601640902
3170.0641466230391
3175.7964136073347
3173.2305498835062
3168.6753930594946
3175.5235549660347
3177.3585025472771
3174.952876580136
3171.3911113468994
3178.6840478108479
3177.0516579934269
3174.237271703671
3171.0869048617892
3178.3518058750701
3175.3686196758354
3171.8523174423785
3169.2598752691406
2919.3394518666059
2949.5484015162633
2931.7236025238085
2911.7107764559205
3026.1639717588173
3058.2728913118649
3045.0632089080764
3031.7689825425859
3073.1822493860122
3101.0144340139127
3090.3797794577968
3080.1696515919502
3102.4452490815142
3126.4251419945508
3117.9171493988633
3109.8233072896555
3122.6570989223042
3142.5782237192384
3135.9725257620025
3129.540006814364
3137.1704152251582
3152.8886627303241
3147.9587035228515
3142.8119452451137
3147.9060456370485
3159.1476901718811
3155.5390457485241
3151.3664129076778
3155.7692762054289
3162.3727590916915
3159.70724847057
3156.2292682391603
3161.6677936625342
3163.635232824417
3161.1873804591851
3158.0974384314327
3164.5523420979534
3163.4963317903889
3160.9908920233779
3158.3058575007231
2860.4111222927627
2903.2229110601133
2883.7054667676211
2861.2201156206484
2978.0144771075579
3024.4135516818219
3010.9139047510707
2995.2068723873945
3031.1799480981394
3072.3965301933304
3062.0116405185145
3049.2660965179102
3064.892524896241
3101.4821992425282
3093.4888930172638
3082.7160840045708
3088.8503818119857
3120.7229026513578
3114.79285704736
3105.643232915696
3106.7866592659493
3133.8033327264857
3129.6876921687794
3121.9189032358618
3120.4675754952577
3142.5496975042824
3139.973344328444
3133.404732184601
3131.8015496475514
3147.6146429363657
3146.7487177442549
3141.3121225846157
3140.7812434587286
3150.4902387132479
3150.5062488986823
3146.3526720787045
3148.6161886279806
3152.447619812468
3152.0945358286649
3149.2967080229027
2791.0757185765619
2843.1975828155159
2816.4975031331346
2796.8984843879039
2922.0937895036504
2981.2962147041417
2961.9040972963412
2948.8660459129383
2982.0033318235787
3035.3279490677178
3019.8291298822901
3009.4436050577833
3020.1377564078889
3068.2407049303329
3055.7655438794277
3046.8577831167063
3047.5174216420451
3090.5130172879635
3080.735945604406
3072.9000034168739
3068.4821109894506
3106.2677548256306
3099.0112804234163
3091.9995808683198
3084.7169127030907
3117.3608197249168
3112.4979593277894
3106.3086618409197
3098.8126109995906
3123.9578835683797
3122.4848186884306
3116.9738238062205
3110.9202513854375
3128.0715605394116
3129.3869997576094
3125.1346140497699
3122.0833168198014
3131.0571360073482
3133.6243606851858
3131.321738385549
2715.4954061782746
2782.9213131385841
2756.6835162693592
2738.4646567267114
2863.5788545873561
2942.5938477888799
2924.6596617037198
2912.2855095952564
2932.8705860224682
3004.4413144023988
2991.0553180703787
2980.8531923383398
2977.2940675243758
3041.9666625384771
3032.0577076847371
3023.0717860166069
3009.5200147860373
3067.6203358953567
3060.7646298555637
3052.8112208043808
3034.3848475300692
3086.1273603521404
3082.1284542345702
3075.1672379706065
3054.2178237702187
3099.2095673236254
3098.3242185700951
3092.4526849471958
3072.0725312422514
3107.0471027615163
3110.3640435846564
3105.9030825836926
3087.9455412921425
3112.2668647425453
3118.6629528312301
3116.2264715887959
3103.0887094863174
3116.8928784827508
3123.7128037400689
3123.2623366198077
2632.8182893687917
2708.2223386563237
2672.1196873164226
2656.8899321235012
2797.4562395828798
2894.6457384882128
2868.2709329005966
2859.095717931863
2875.3732172793902
2966.0192306498998
2945.3248491210707
2937.5703646565094
2925.6097864144567
3009.4565384793937
2993.3358689922088
2985.7210218670789
2962.4831432988317
3039.6232055768533
3027.8135436501188
3020.1551377865417
2991.1968355765298
3061.706265706649
3054.4189971287101
3046.793014746027
3014.4534470855738
3076.9943043371395
3075.3187573520927
3068.2720447052225
3036.7047003118564
3085.8724083049619
3091.3493708058772
3085.8819754602264
3058.0026351793008
3092.2935335495927
3102.8940165848512
3100.2106215100775
3077.6829468874143
3097.7397777878759
3109.9884561908302
3110.3544846541886
3108.756932561887
3117.9388954300694
3117.9389225115656
3108.7578439831145
3172.3063507797192
3174.9675869585531
3174.9659942172511
3172.306260754895
3186.5164990745138
3186.8631171835245
3186.8634561661147
3186.5195124305078
3190.601413214476
3189.886664277381
3189.8891416947517
3190.6097929300463
3191.8068143227129
3190.3499677091336
3190.3544506223766
3191.8185420987552
3191.8044275719926
3190.0055029101281
3190.0114227786416
3191.8190463934179
3191.357771574365
3189.0336152791951
3189.0403391552936
3191.3748226011576
3190.261843421662
3186.743054454435
3186.7490955411831
3190.2801012591167
3187.9558371366365
3181.9216672608477
3181.9255116578829
3187.9732762482813
3183.8893927579979
3174.592277774454
3174.5938242305501
3183.9027171302041
3079.8328148630217
3090.5107881437243
3090.5129958832822
3079.8349765558055
3156.4065498422597
3160.5332020468395
3160.5325842512843
3156.4066513528287
3177.9602332986528
3179.4175652192234
3179.4175322481574
3177.9631092246696
3185.9376772900282
3186.0061745856037
3186.0079580596357
3185.9449413355842
3189.2637992369682
3188.5551270782234
3188.5587198133276
3189.2749655349003
3190.5211570445722
3189.1164941382253
3189.1215904168403
3190.5354645747857
3190.4882368517501
3188.3998555749417
3188.4052201869017
3190.5044752620443
3189.4370117276803
3185.7539747348765
3185.7584308870319
3189.4540652651622
3186.5122657276656
3179.6258323093343
3179.6279382900561
3186.5285453321512
3181.1047522675071
3170.4079954509816
3170.408593820026
3181.1173267290487
3045.630190616293
3057.8590064583232
3057.8601761451405
3045.6336861115483
3131.2306130051015
3137.1757562121297
3137.1735332365574
3131.2319225567421
3160.4914667187345
3163.8082098549912
3163.8066488956451
3160.4944807894353
3175.0664837895019
3176.6308562226318
3176.6306505824596
3175.0724869974906
3182.5738256524019
3182.9681060605785
3182.969447543333
3182.5834049709924
3186.1829366495303
3185.3594992616531
3185.3622647632787
3186.1956077966979
3187.0882890272565
3184.8500676520334
3184.8527855399107
3187.1029102413518
3186.044750966787
3181.7897375682328
3181.7914779988837
3186.0595123203798
3182.7350220713897
3174.7234199968011
3174.7232653125725
3182.7488847338586
3177.0444467769848
3165.6725970660773
3165.672277162731
3177.0556970010284
3013.7103617619509
3026.1732749028656
3026.1771540215627
3013.7157652682654
3106.7021952172804
3113.8135146146469
3113.8129479015761
3106.7033221929382
3141.90058989725
3146.4040889576186
3146.4032635814206
3141.9019377391664
3161.3435062831918
3163.8334299582998
3163.8333051748077
3161.346626683423
3172.4777732555644
3173.3100439408181
3173.3106053859628
3172.4832811939045
3178.4116142042776
3177.6145305450823
3177.6149552863126
3178.4195763005218
3180.5327203111601
3177.5298886259156
3177.5297065580194
3180.5428567941271
3179.8471666476694
3174.6877000271056
3174.6862866552965
3179.8581553397967
3176.8285744003201
3167.6852822339015
3167.6824815060309
3176.8398596720554
3171.1607701727398
3159.4395168171113
3159.4380163430305
3171.1709286365526
2975.5616040582545
2989.0143845804632
2989.015402927032
2975.568286082163
3076.4587476959396
3084.9600364296498
3084.9567882806909
3076.4630924639068
3116.4636166021569
3122.4804160378376
3122.4760471064437
3116.4681592912693
3140.0506145993809
3143.9674643948756
3143.9629115418666
3140.0565404064969
3154.7154006932037
3156.6820059975666
3156.6775748527566
3154.7233785341127
3163.537878850746
3163.3859068742272
3163.381263863092
3163.5481613357006
3167.9197848207664
3164.8040173902909
3164.7987201308047
3167.9319244790381
3168.3943914386427
3162.6051459519017
3162.599112776466
3168.4076934122168
3166.5309658380588
3157.0136016134488
3157.0086424592869
3166.5433023189066
3162.2831569708615
3151.9629185784675
3151.9607677664994
3162.2938820394334
2933.5524528113306
2947.3074089396391
2947.3094483707932
2933.560278527927
3045.2248724547003
3054.1592556743126
3054.1575829866401
3045.2297503334025
3089.9276527156812
3096.4656144150567
3096.4625531673951
3089.9313290217433
3116.9938918115599
3121.4174565965736
3121.4134396557192
3116.997266706639
3134.5856860302224
3136.8724166619368
3136.8674504291948
3134.5894467445414
3145.8908145626197
3145.773416242961
3145.767097761845
3145.8954168012956
3152.433255288483
3149.3689494449027
3149.3610787326929
3152.4387432572103
3155.0882182763885
3148.9478013343387
3148.9391833500413
3155.0948512090058
3154.8801761010714
3147.0939921839467
3147.0870832825085
3154.8873017083652
3153.4912920177671
3146.2235253531185
3146.2201117589175
3153.4981981322794
2884.5999566086894
2900.5967612052668
2900.5918784469136
2884.6101878218274
3009.4845522210508
3020.102556265867
3020.0931303968423
3009.4960476807482
3059.5646561960889
3067.7259770397022
3067.7146779236505
3059.5770935029668
3090.271458414592
3096.3306435042127
3096.3179217011443
3090.2853769773546
3110.9803856234075
3114.870908916399
3114.8571249359584
3110.9965155881077
3125.2479047450688
3126.7138714177968
3126.6994374535034
3125.267021517725
3134.7834242928743
3133.5245035566172
3133.5103859052033
3134.806232818511
3140.6577819662712
3136.8451626792116
3136.8340849496899
3140.6840995081866
3143.9324637454597
3138.6477254959595
3138.6422768833322
3143.9601126043826
3145.9342629257258
3141.2483024453481
3141.2464372572581
3145.9569071328651
2824.726295069871
2842.0083338695208
2842.0004603863376
2824.7450049408117
2967.4060581042468
2978.5683730747064
2978.5558876275236
2967.4227748866147
3023.9533333679392
3032.4091263388968
3032.3948218994719
3023.9679185547693
3058.6214753790296
3064.9601164293672
3064.943803558021
3058.634992803517
3082.4550653040392
3086.7794400639532
3086.7606492849873
3082.4682174622517
3099.564503289088
3101.9083481222792
3101.8865338221726
3099.5775505474594
3111.899833582414
3112.4937666416345
3112.469090606287
3111.9124447117861
3120.6928476477456
3120.2350842403594
3120.2090508671877
3120.7030967634842
3126.9670767103376
3126.5246256076853
3126.4978473568767
3126.9696515055616
3131.641638851911
3132.0110119082747
3131.9798082293064
3131.6292880227829
2764.2270480438187
2787.0868703298934
2787.0628189800304
2764.2645231117467
2928.4682368369595
2944.222241267883
2944.1905919368046
2928.5170876063016
2993.051313402872
3005.8077465939355
3005.7743551686199
2993.1022939811337
3032.7167634244015
3043.4247498066679
3043.3904571973408
3032.7701881129101
3060.5493563456189
3069.4963998998414
3069.4627234501108
3060.6065868126116
3081.3455620559862
3088.5770145954903
3088.5476090771408
3081.4080810290102
3097.3289746691953
3102.8596679544662
3102.840284318082
3097.3975506051302
3109.6848587400987
3113.7158392219362
3113.712659789478
3109.7563769728213
3119.0586694295935
3122.2401200316035
3122.2571739849095
3119.1341791663722
3125.7227219902979
3128.9823490254257
3129.0230760679606
3125.8124958710023
2691.5324366949949
2721.2699144893127
2721.2398802533517
2691.6445466831447
2884.2679367072151
2905.1425563944822
2905.1060945915056
2884.3726140705749
2958.6710193575682
2975.6948326542874
2975.6588498000729
2958.7661814592434
3004.1964617438534
3019.0756885114351
3019.0429685500017
3004.2882727534084
3036.6727245090824
3049.97743725909
3049.9509095761919
3036.7633513496462
3061.6146175286517
3073.8632108491661
3073.8440452669342
3061.7029711503023
3081.3464183599508
3093.0872956322455
3093.0781194756923
3081.4268648549046
3097.1564340534655
3108.4740250730811
3108.4785115204604
3097.2365494022433
3109.6884916200706
3120.3353752017883
3120.3503484951034
3109.7662581801055
3118.6375630937182
3127.7326229476071
3127.7434275033356
3118.684787683952
3103.8634803422815
3113.652467270173
3118.285117103298
3119.9713434252672
3171.1198451324913
3175.478236621339
3177.5629295214039
3178.4178772129262
3186.7742434370775
3189.4889457119161
3190.9789285822872
3192.1094894863986
3191.7988779966468
3194.0363841148187
3195.6538957625507
3196.8533360422484
3193.4367258988268
3195.5099780579794
3197.3909671493766
3198.7030605899986
3193.7883639438696
3195.920406859907
3198.0293552216372
3199.5331301370161
3193.6588367572554
3195.892807474761
3198.1939335287252
3199.9643850810635
3193.0360762992941
3195.2823543475106
3197.7634144611275
3199.9403905974514
3191.5630948765988
3193.6621599597524
3196.331553587625
3199.104569683283
3188.8291724794876
3190.3416446767487
3193.055959027402
3196.3771149681056
3071.9195922125778
3083.9230498424313
3090.6082275090043
3089.9326626207253
3153.2451837769377
3159.333717856739
3163.7821618424409
3162.2008954497587
3177.0241181618067
3180.8386509450252
3183.8782663968932
3183.2163990111771
3186.2550729646546
3189.2726408254202
3191.5945835341026
3191.6891986302389
3190.3442811627938
3192.926418888921
3195.0614574353508
3195.7130434533087
3192.1517450780943
3194.4854608217051
3196.6164052574645
3197.7466111041681
3192.6066301244505
3194.8220807944294
3197.0410989032266
3198.7723471973882
3192.0969567479324
3194.2526083530929
3196.5975308659185
3198.8387798775179
3190.3534627116219
3192.3657725807279
3195.0422345079146
3198.2110101775393
3186.8432970852487
3188.3735383773474
3191.5541613064061
3195.6732574754219
3034.3155370650306
3050.5104626242314
3058.8997673982335
3054.6332995652415
3125.7020748863652
3135.668291178808
3141.5877972336248
3134.3484278034393
3157.6013041479655
3164.7306436283848
3168.9622560509438
3164.082402782527
3173.863947240226
3179.0343444781688
3182.2366229523755
3179.3894968565428
3182.5431233477493
3186.5364638552096
3189.1036791552688
3187.7753795925787
3187.0988432398335
3190.2027692438351
3192.5096382061806
3192.3964317260834
3188.9655323963252
3191.4407727839889
3193.6631917237673
3194.8709411018481
3188.6860942717321
3190.9168730519359
3193.2270251952532
3195.7095663395962
3186.9148469608886
3188.8596240123288
3191.5915502683047
3195.3048725616482
3183.3115444388468
3184.9705630782141
3188.4890334399274
3193.0766534373533
2998.9684687351028
3016.0483043764002
3026.9786733189158
3016.5046448910516
3098.2885898976588
3109.1762807659611
3118.2000149793962
3104.7834669478507
3136.552709443527
3144.3882075106753
3151.4600457973115
3140.7462781177073
3158.1465470639951
3163.8138204833294
3169.1901731365951
3161.3235392606066
3170.9184374784309
3175.0753058555215
3179.1648887842794
3174.0000153783494
3178.2774473055947
3181.4646950448846
3184.5858291826135
3181.9856174443948
3181.9360593577635
3184.4503953006797
3187.0205461483401
3186.7454695949091
3182.5487875078893
3184.5664965244787
3187.1008935147465
3189.3920164801757
3181.2934753615536
3183.2687025845512
3186.1969809594048
3189.5659562375345
3178.0816074062268
3180.0830809445838
3183.8628474722614
3188.2225440771631
2957.6470509544924
2978.4229872343021
2991.2881838914732
2971.0605003891415
3066.0312522179752
3080.254040849667
3089.9235889835941
3067.574196316988
3109.4108795932739
3120.5309059969359
3128.1563743401575
3108.9347711821802
3135.3585157901889
3144.2268085619316
3150.1140611005662
3134.00437935325
3151.9125250470838
3158.9966241964034
3163.4380576181643
3150.6468915401592
3162.4500438014779
3168.1319961683057
3171.4291270712174
3162.0377366778657
3168.6892889873789
3173.2391005527447
3175.7905842126756
3170.0564977828653
3171.4063353537294
3174.9610543412973
3177.3527525162331
3175.5159046819977
3171.1016825450383
3174.2438272830286
3177.0448481057606
3178.6729703378624
3169.2708073038366
3171.852832960411
3175.3577429257634
3178.3374654079898
2911.7155718423105
2931.7303515093095
2949.5546918185287
2919.3450591583514
3031.7725110830056
3045.0665241899096
3058.2691486396152
3026.1625708808961
3080.172756644085
3090.3819617545191
3101.0060603982238
3073.1761834971499
3109.8265068130522
3117.9189490139847
3126.4138457847889
3102.4356340909071
3129.5438007777516
3135.9743130319466
3142.5651335889243
3122.6444857366819
3142.8165496557394
3147.960374036983
3152.8743261999271
3137.155328794845
3151.3718892297311
3155.540132187416
3159.1325897806164
3147.8890350507613
3156.2350081712329
3159.706714788178
3162.3559587150094
3155.7497990670636
3158.1023032342914
3161.1826751363328
3163.6159577264648
3161.6475819720158
3158.3072320529732
3160.9812187338175
3163.4736807206746
3164.5244519984999
2861.224979541214
2883.71707132352
2903.2359038535124
2860.42225989493
2995.2134678400294
3010.9239275971845
3024.419842987867
2978.0225994226162
3049.2739499035638
3062.0214974607411
3072.3997210579932
3031.1857032965959
3082.7253195674607
3093.499271122872
3101.4836448217743
3064.8965812822444
3105.6542180290185
3114.8042042790184
3120.7237482629562
3088.8533217474587
3121.9318579327783
3129.700165317407
3133.804372132523
3106.7886515288956
3133.4199782902183
3139.9870194067703
3142.5514105559073
3120.4699670883151
3141.3295540849126
3146.7634071473985
3147.6178025311774
3131.8041389415557
3146.3715966463624
3150.5159866265913
3150.4969204888171
3140.7842453465219
3149.3093842445442
3152.0969401080906
3152.4448427257389
3148.6233580443668
2796.9079588726099
2816.508539204453
2843.2063041806832
2791.0819177977842
2948.8739569799209
2961.9140140801069
2981.2979896674701
2922.0960341978839
3009.4503971978456
3019.8377447536582
3035.3254671712593
2982.0013763238899
3046.8640151522945
3055.7730548403547
3068.2350987256837
3020.1321779241694
3072.9062362855448
3080.7424403849736
3090.5049411366476
3047.5091834879636
3092.0059581770283
3099.01636275597
3106.2569176974034
3068.4705638134783
3106.3153747064398
3112.5005704378864
3117.345588740453
3084.7039220386664
3116.9793938024973
3122.4826651408043
3123.9361151580615
3098.798491953256
3125.1344104212576
3129.3798934878491
3128.0397043546527
3110.9023115946197
3131.3086388346242
3133.5978544285331
3131.0187024733705
3122.0611871074548
2738.4846540758599
2756.7139916119595
2782.9506546591742
2715.5176597738664
2912.3104581690141
2924.6911866661344
2942.6218745905749
2863.6087067562585
2980.8791663560755
2991.0869042918944
3004.46681226175
2932.9013933950314
3023.0986808328234
3032.0905745607834
3041.9907072868878
2977.3244850459059
3052.8394254427662
3060.7993158516033
3067.6441335080626
3009.5503297540572
3075.1966523951551
3082.1654087075071
3086.1521192126515
3034.4152941344
3092.4832830837454
3098.3642595036558
3099.2375623023272
3054.246875397067
3105.9305602584336
3110.4090927983516
3107.0842564612381
3072.1044215003603
3116.2710060812765
3118.7261149533201
3112.3321992711622
3087.9874723455237
3123.3405881762192
3123.8177150224406
3117.0093509320609
3103.177405847769
2656.9511707546162
2672.1796303833439
2708.2770478519083
2632.8573605247575
2859.1518993507821
2868.3379688631603
2894.6969071122476
2797.4986838027353
2937.6219462155259
2945.3861719155616
2966.0627422741195
2875.4132060337884
2985.7705950586542
2993.3927263278601
3009.4957930653472
2925.647680054904
3020.2044129441119
3027.8675052777835
3039.6591445076701
2962.5193736714905
3046.8427563080782
3054.4689086727558
3061.7368616558765
2991.2321589537919
3068.3204001929266
3075.360774319649
3077.0143852745073
3014.4925394017555
3085.9267495192767
3091.3794596079852
3085.866966764167
3036.7285511263763
3100.2416031626612
3102.8974648284097
3092.2339822985628
3057.9826886550404
3110.3462244062384
3109.9262194388316
3097.602951678195
3077.5635741739884
3093.091268316502
3104.3898713458811
3112.3611594797967
3115.3698826211453
3117.7588595187908
3120.9481284235112
3123.745256596736
3124.5733712295123
3117.8840512028387
3121.0392416519885
3123.8058816046841
3124.6077618055933
3093.3877787137189
3104.5957854882213
3112.4966266907932
3115.4521468724083
3090.2508047746892
3101.1364037638796
3109.4135063486019
3112.7626703667311
3115.4737317643239
3118.4979793251396
3121.3375862398348
3122.2962746215071
3115.5452421035379
3118.5452876947365
3121.3784725932201
3122.3373423603412
3090.3961864704133
3101.2243148851753
3109.5253262395722
3112.8728330869444
3087.196294999294
3096.12392325052
3103.4076600358944
3107.0320413330219
3111.0483203220665
3113.8282467668018
3116.5420237053327
3117.4881756235291
3111.3305584462059
3114.0413315810661
3116.691526028143
3117.5712716421895
3087.8652663795147
3096.6242635231606
3103.7957490509834
3107.3265689854356
3092.8772378398385
3098.8217271962831
3103.9283997705711
3106.4790361565401
3110.5872052951131
3112.5036436639343
3114.6039372098617
3115.8932914535462
3110.8720109411229
3112.7347272595252
3114.7857921559107
3116.0147256325408
3093.6079552486162
3099.3920721165387
3104.3593210463537
3106.7851649003901
2547.4074485387882
2642.9427790477166
2611.9836764492625
2609.5353354459703
2741.1714584058245
2863.4933598495027
2842.6802531007806
2842.7939624295673
2832.158195970354
2942.7558120151825
2928.1828108930331
2928.1087281387458
2889.2458379247714
2989.5028016863653
2980.0270389486118
2978.8457261258709
2930.4327945656041
3021.3289673306758
3016.6727555033781
3014.6283600178272
2962.0087984137599
3044.2238350330863
3044.4603583353478
3042.0524566863928
2986.6928891449311
3060.2308804814684
3065.7221134332663
3063.8409141996826
3009.9317062818786
3069.1042406291376
3081.4353035736513
3081.1761958172383
3034.422249399573
3075.3973118410181
3092.0351575693817
3094.4710157616955
3060.4019366203047
3083.6927347455885
3098.9484968379566
3103.4434739683957
2516.9385567455452
2621.2294084780174
2594.0071192830287
2594.7385074063582
2721.5868081600988
2851.204747998228
2833.5783382164905
2835.5379528827466
2817.993917320674
2934.1110834794631
2922.6370385539858
2923.906430308577
2878.1971689443385
2982.3974513398866
2975.9786688114723
2975.9406106867132
2921.2426076777419
3014.9580000671467
3013.3683782252074
3012.3766821363388
2954.0072476593423
3038.2173234788866
3041.399014571321
3040.1256441581218
2979.5730358377409
3054.340152875815
3062.6340146902908
3061.9889802100852
3003.2831649914947
3063.2652468382498
3078.0693689586451
3079.1729652161785
3027.8604937455425
3069.7340615698017
3088.3488509507615
3092.1264326274627
3054.989289711014
3078.9095161968125
3095.3495471247024
3100.7821075727011
2450.4243611824099
2575.2642650397943
2556.6228238136059
2560.4784227125565
2678.8427695110577
2824.0544517006965
2813.6587050176199
2817.2892847545932
2787.0854310535528
2914.7197545972799
2910.0357374569321
2912.352734834637
2854.5475186815006
2966.7137989440234
2966.7993032915379
2967.7534410370463
2902.0018900944201
3001.1925045969442
3005.7613839060782
3006.0729127234908
2937.4942033805005
3025.3210605176523
3034.3612849276778
3034.818870816307
2965.1997781480482
3041.5384852561142
3055.4927423665595
3056.9999794571727
2991.8224768717441
3051.0471915052826
3070.3692687613866
3073.9636365599035
3019.6641304311429
3059.6347559424607
3080.3106038660517
3086.3303240716345
3050.5440858256234
3072.3063632124981
3088.0621955391139
3094.5841291522138
2455.7346961592793
2598.0339236803993
2579.7450560831667
2576.2241061789123
2684.4227058081178
2845.0262253840237
2839.070954631125
2836.0367426234056
2793.0749427147566
2933.1839697549681
2934.7488925407069
2932.4476194567146
2860.6756605015958
2981.9529020889981
2988.3831220417051
2986.1982017921737
2907.5839813343709
3012.4838519894238
3022.9066981204473
3021.1323973560379
2941.578075686823
3032.57976265355
3046.847789025212
3046.142178440497
2968.5787457266692
3044.1487957720278
3063.6902564095476
3064.6205013654321
2996.1668704483582
3052.8576511429928
3075.1115147291698
3078.2991561344156
3027.4205121590776
3062.5936651077236
3082.6565666764586
3088.1187691051819
3060.3186637054396
3077.290592941205
3090.0696912184753
3094.9997022409052
2635.8235683239677
2675.6358251201555
2675.6015968748002
2636.0222496776655
2860.8211122508083
2889.3074058144816
2889.2682675990918
2861.0265997045626
2943.1417128749636
2966.9405153615803
2966.9056831008561
2943.3292312006697
2992.4044722547656
3013.305330879235
3013.2776963051542
2992.5761020142718
3027.1777947248829
3046.0307691684325
3046.0123123148296
3027.3412684086984
3053.7217934539558
3070.9197968438875
3070.9118745319938
3053.875606724439
3074.6372268372497
3090.3062804855076
3090.3107093984181
3074.78035557166
3091.1623395674956
3105.2459905918527
3105.2663637305595
3091.2897890672725
3103.8048696251021
3116.0735791052043
3116.1018782694014
3103.9207512725961
3112.4635593368989
3122.5067502676825
3122.5346306462789
3112.5482437067153
2617.1027436854706
2661.8076088404905
2661.8102864238963
2617.5171978522044
2850.9098260497412
2882.7449511062196
2882.7340738492653
2851.3099244571254
2936.7534654955525
2963.2288420561822
2963.2195176927057
2937.1167643583763
2987.653505242019
3010.7832711027841
3010.7793685511028
2987.9830323322017
3023.3907281150327
3044.122054272621
3044.1262840230993
3023.6971396736217
3050.5665314126099
3069.28434113396
3069.2987089154212
3050.8501987410068
3071.9081647912512
3088.6990011876237
3088.72655270115
3072.1655749448068
3088.6870619757174
3103.504455548446
3103.5523729474667
3088.9045848839623
3101.3905922463432
3114.1085074211451
3114.1612050930748
3101.5810852109389
3110.0188621378065
3120.3674138371034
3120.4105602481309
3110.1508237998319
2575.1407509341734
2631.703751472091
2631.8898012866052
2576.4070540004427
2827.3448223763967
2867.9444841718987
2868.0880196718463
2828.5326534030501
2920.9253754814085
2954.3395646321014
2954.4685688040136
2922.0024673672474
2975.9250280896813
3004.6446338429128
3004.7654665449613
2976.8937668783246
3014.1833850637568
3039.3895588919249
3039.509411510197
3015.0626642904895
3043.0317252468931
3065.1822049364787
3065.3067876071905
3043.8224741423683
3065.4672892709418
3084.6982685103167
3084.8368792413839
3066.1550953888209
3082.8694394371582
3099.2679987420333
3099.4322354759875
3083.4284088952495
3095.7648657522791
3109.4706274817777
3109.6207325581026
3096.2298354868435
3104.3736104015052
3115.4897342431759
3115.5949768598075
3104.6974020223729
2597.2572392044094
2656.4535141969045
2656.3548746377405
2598.8985696335421
2849.5787459558264
2890.3739648464284
2890.556495789795
2851.226726061107
2943.2942063935352
2973.8523859692455
2974.0623638951238
2944.5595060690503
2995.8015139756312
3020.9586708355469
3021.228923040816
2996.826704086589
3030.3427644784565
3052.0957502732981
3052.4361989466138
3031.2235858934423
3055.2504528338186
3074.4111825033251
3074.7429818638752
3056.0388289307552
3073.972640058822
3090.9264468860638
3091.1977185558794
3074.6518016786326
3088.0143515629888
3103.0230915527068
3103.2277991171059
3088.5592702317799
3098.1121572587708
3111.1506755958289
3111.2967132881463
3098.5242652012853
3104.6794630819472
3115.2361585621888
3115.3534289771151
3104.9795906300014
2609.6589280913217
2612.1303637485153
2643.0710187814311
2547.5037311807255
2842.9022151422018
2842.8116366623512
2863.6144433679697
2741.2951246917046
2928.2058134680692
2928.3081058538924
2942.8644496541719
2832.2784488555753
2978.9362511336867
2980.1487751831169
2989.5988924052167
2889.3600231055593
3014.7162370817009
3016.7886714496476
3021.4158943101438
2930.5431124103857
3042.1382389116543
3044.5665704248281
3044.3025535456268
2962.111842862344
3063.9247695833692
3065.818448939639
3060.3062165923229
2986.802532569805
3081.255330891162
3081.5269669181653
3069.2044635149709
3010.1012364693879
3094.5451561850414
3092.140579188404
3075.5789098368964
3034.684630427259
3103.5157103394358
3099.0722012607894
3083.8944988640642
3060.701858082698
2594.9609336140406
2594.2670078619699
2621.4578031122164
2517.1220964922572
2835.733950304264
2833.817374106467
2851.4150469176216
2721.8228032147672
2924.0825609668586
2922.8608798642599
2934.2988463634729
2818.2219131471238
2976.1014539891003
2976.1896846933414
2982.5649268934271
2878.4120303233658
3012.5300302244609
3013.5657810991843
3015.1102088306757
2921.4481196071997
3040.2740707951921
3041.5796657215801
3038.3582517636014
2954.2033359843808
3062.1339578258057
3062.7985949887338
3054.4740810809039
2979.7430981745301
3079.3103779859794
3078.2244767636853
3063.4053965697262
3003.3436981571585
3092.2531307090612
3088.4929166687493
3069.7903755571806
3027.9044657729128
3100.8855765440271
3095.4318331133245
3078.9279556964448
3055.0555382614666
2561.0980427860118
2557.3349193156805
2575.8707593015115
2450.9310296546805
2817.8569901543592
2814.3419568161944
2824.6172372996975
2679.5089465855522
2912.8707019546746
2910.6711574537967
2915.2283643901287
2787.7381111072136
2968.2280753599512
2967.3766476725718
2967.1765765858158
2855.1652123687873
3006.5185103001668
3006.2889621318709
3001.6194903995797
2902.5885854216908
3035.2421021082096
3034.8415276629971
3025.7242272551971
2938.0531009989472
3057.4038119272477
3055.9294892261582
3041.9209443788427
2965.7632124258025
3074.3399459328853
3070.7808733670304
3051.4632586697958
2992.3410362747782
3086.675712968859
3080.7052673358162
3060.1218203082362
3020.2012920067086
3094.8799061678851
3088.4340570498534
3072.7617903260029
3051.1509990591808
2578.0772159230337
2581.308062039529
2599.1507922281344
2456.6121641889736
2837.7227394677834
2840.7809930455523
2846.3009083275238
2685.8378479846019
2933.8633781091598
2936.2926558058484
2934.3714891850782
2794.5293421267838
2987.3750966942093
2989.7519598910249
2983.0264235670088
2862.0284265061423
3022.1174715174257
3024.0811305868392
3013.4254589549532
2908.8081585360219
3046.9028672698964
3047.7946560615205
3033.325753143828
2942.6498125678131
3065.2259114473936
3064.3973110097431
3044.6663186225205
2969.5409675436772
3078.783630100238
3075.6605295973304
3053.4679755282173
2996.942060621871
3088.5157167226134
3083.1260391982314
3063.247536625573
3028.1612934316991
3095.3171031142915
3090.4930291748319
3077.8524630887641
3061.1413435320078
3079.7827622213013
3091.248059017782
3098.9756401506897
3101.7247765387933
3106.1887103009408
3109.4414717733607
3111.9858570499759
3112.6946784761781
3106.6308656220808
3109.8686666489516
3112.26791001933
3112.897661917174
3080.7583615918829
3092.0043751063486
3099.5923421935145
3102.2096831813701
3069.4311686955598
3087.1389391234648
3095.929514176979
3097.6002263491973
3103.6051287291534
3108.0697576959728
3110.5460633153521
3110.6071658504657
3104.6040517868328
3108.7333759589778
3111.0422611738231
3110.9183854692637
3071.224721391297
3088.2710613071831
3096.827045274516
3098.3928493458106
3065.9693670959427
3083.9413861403391
3092.9028732916472
3093.7144418488524
3101.7499549635395
3106.5400955274413
3108.9900788709747
3108.2294911284202
3103.1846602878545
3107.4787740511333
3109.6202286313646
3108.7080348061395
3068.1616939019882
3085.3727250580482
3094.2254306068207
3095.0114718600034
3057.9121348916524
3079.3243827420902
3087.2600574339021
3084.6440952207295
3100.0488608560663
3104.8499451081448
3106.4918678435693
3103.1270915308187
3102.0132238912747
3106.2240099086948
3107.7604136018085
3104.3418618531173
3059.757232425553
3080.9297568698248
3089.6972750634241
3087.6703955455996
2389.6266954867292
2498.7422723062837
2473.4402185030754
2463.6290427967906
2636.5009814126765
2771.1861710027119
2749.3364098420789
2743.0174203449114
2756.5753647511574
2876.5021283287301
2860.8866382853084
2853.775055219513
2832.1406006432303
2937.115753514599
2927.9185671171135
2921.1542127466728
2885.2782102802062
2978.7945272468842
2976.2040092501479
2970.6936721854267
2924.9540189708641
3008.6240944088727
3012.1840772427249
3008.7505305023942
2954.8151531497715
3029.5005510926012
3038.8027420511839
3038.3746841354
2980.3944012918282
3043.179052321786
3058.1274170713846
3061.1352900473094
3007.4043117011838
3054.0538267761185
3072.2069740618308
3077.8024180152192
3039.4412512243739
3066.2586868853746
3081.6840128703579
3089.0458909219979
2363.4566088272004
2473.9495432700987
2455.0997443560241
2439.1401080291284
2604.6045488428335
2738.9096638585565
2722.1182470313379
2701.8584483677737
2728.3786902410939
2849.8998181345169
2836.7390552581314
2818.6194137451098
2808.5851986293915
2915.3103384198489
2907.1423399749247
2891.0733814724299
2865.5373856186452
2959.9488381396773
2957.2599650247244
2943.6657922002273
2908.4279586953066
2993.0699027828782
2995.4194544607758
2984.9115116927105
2941.3580512360477
3019.4088913749897
3025.3111530500587
3018.0901965470307
2967.9852262026748
3036.7739684372013
3048.3797981902708
3045.3850321680052
2993.2549084846592
3048.8906146397776
3065.5502337200664
3066.9459509533285
3022.9629744421891
3060.0057119030521
3077.3439449248026
3082.4266574394824
2343.5809248175688
2451.7145020116
2440.4369340392354
2415.5424340808313
2600.8419619631891
2720.5639362025995
2710.5863217708697
2679.637098778258
2726.2178632032815
2834.0815892087585
2826.2969386045352
2796.2181146438124
2807.2591719991324
2901.8390652239068
2897.3408814920203
2870.258041048538
2864.6285713831239
2948.3022776017951
2947.7706687097975
2925.1185677456137
2907.922444414563
2983.1664034150176
2986.594340916186
2969.030050417538
2941.3662117136628
3010.9565772106685
3017.5354263256395
3005.4055296297183
2968.1748770488261
3031.1464094141056
3041.8905394169469
3035.5407161622438
2992.7222832900929
3044.8504551783058
3060.4292626874203
3059.5042670707494
3020.5484731482584
3056.5267703733289
3073.6652645569193
3076.9370436844952
2323.1794960755356
2433.9373493140024
2437.4280981585398
2399.7134697927904
2577.6509397917089
2702.3514754528128
2696.796966912274
2641.7139286395332
2705.0023454806496
2815.5734316686026
2808.0502495091796
2759.2666082811893
2788.9388073065784
2885.0350351006473
2878.619327689396
2836.360104863084
2848.7499405580443
2933.4366839671934
2929.9126076432849
2894.3265971124438
2894.2696046030305
2970.2556326085855
2970.1792627924974
2941.1997985871817
2929.9122983261964
2999.8381535388644
3002.854240594907
2980.5996327077055
2958.3427742867284
3023.1136706153015
3029.4373302814101
3014.1623322736955
2982.8534058300011
3039.304869883817
3050.4924428922491
3042.3308948345975
3008.7137229092014
3051.1403449717309
3066.0834974773884
3063.8355206221554
2468.832050259286
2567.6151299428848
2568.7812020147762
2471.915337514291
2749.1426535837968
2827.8713439975554
2828.4093444505188
2751.9607160285536
2862.0163875426465
2924.610755753924
2925.1010149660679
2864.8031777797987
2929.885514885927
2981.0745573307781
2981.4426993767102
2932.3173844705425
2979.1413021085873
3021.4751598714442
3021.6862011081171
2981.1564030822615
3016.7602943025572
3051.748286643503
3051.9447751913644
3018.4055691691306
3046.16516627189
3074.4805635978964
3074.7619307352379
3047.5413141972244
3069.1646473271157
3091.2936583792803
3091.6315689237786
3070.3396332971161
3086.3142141685971
3103.0514200575089
3103.3897231018459
3087.3405912249059
3098.6299601955475
3110.5192629677549
3110.748810158289
3099.269940944243
2437.3195098830629
2543.1751741908647
2544.964418871391
2440.8706068490478
2699.0571586243582
2796.9515969737126
2798.8079104730382
2704.555431960373
2817.8725151543808
2899.7117545627125
2901.358844952777
2823.1737173110446
2892.0958943619553
2960.3190857869254
2961.7685740803745
2896.78203189332
2945.7383836925578
3002.6254816518835
3004.0199645716489
2949.8288941417036
2987.5054096242961
3034.7297015105069
3035.8730414604306
2991.199933332769
3021.3036324774339
3060.2091542279518
3061.0790261557481
3024.403314303448
3049.3165915196378
3080.3969731404454
3081.0967567385037
3051.6905866023749
3071.9041404888653
3095.498195437865
3096.1144212642653
3073.721972811752
3089.7662210853136
3106.4768188844482
3106.8340001920137
3091.0551919657833
2409.0364826300201
2517.6988551552404
2519.8980994710187
2411.7799617644837
2683.2009214671416
2778.4225697113475
2780.6671094823382
2688.7092237889665
2803.2753352010968
2884.4970966863034
2886.719056866878
2809.6560997513866
2878.4307574354675
2947.4155343244024
2949.5124479371552
2884.8669977670111
2932.7112227801372
2991.2260287189497
2993.2237896973866
2938.8876794747471
2975.488108178175
3024.6497088551309
3026.4305966206839
2981.2412577760601
3010.7617529390168
3051.3554516061454
3052.8774758077798
3015.8191800415771
3040.4615269370315
3072.8537918592647
3074.1400730524019
3044.5922673593318
3064.8137367893196
3089.4490694721967
3090.5474919844073
3068.1263725532913
3084.2786073160673
3102.0591509105534
3102.6634391076286
3086.5590381721477
2381.5846143053545
2492.5734670213956
2495.4429716408727
2379.5134240019242
2639.0130188378421
2749.5365726757555
2751.5758643237277
2641.6433544629972
2757.2466861237149
2857.216724542262
2859.6492921179861
2761.1903603665637
2835.1019093901391
2922.9282593018502
2925.7425047679603
2839.7279842323928
2892.9806995014928
2969.2928896585472
2972.2946606213263
2898.2131980478034
2939.731252132327
3005.133845825344
3008.1631660352646
2945.5116724446048
2979.4124402548646
3034.0618741031635
3037.137065045848
2985.5985781601839
3013.8630030025902
3057.9579130283105
3060.8925085920951
3020.2388450095918
3043.4170256411717
3077.3446556172835
3079.9754435931563
3049.6876016349893
3068.1282276809238
3092.9481051895109
3094.5037817660577
3073.5959000630364
2463.0239651647912
2474.2396085956675
2499.5181569527626
2390.3574809319257
2742.741566919191
2750.0572828421359
2771.7820648400843
2637.071265862498
2853.8601388000257
2861.563605618393
2877.0733512165275
2757.2141697041193
2921.4493905156887
2928.5189421981659
2937.6415472876606
2832.8414987467968
2971.177758728455
2976.778111356899
2979.278608071289
2886.0085764363494
3009.3460067612718
3012.7873576049601
3009.2347786352207
2925.6878135892739
3039.0033895093648
3039.4862484644982
3030.2028683175809
2955.5879089245491
3061.7609567517161
3058.8057140435467
3043.8729525424906
2981.2096098352176
3078.5133026625977
3072.9174000730482
3054.8395040576033
3008.2364383858721
3089.5588746326689
3082.3072905684444
3066.9546057218263
3040.3139982736097
2435.5923722340162
2455.1443004572334
2474.2636721673121
2363.6848776022339
2700.4691495910147
2723.4856055009423
2739.8075895108173
2605.3555476602423
2818.0909009431302
2838.4535941510776
2850.968438565867
2729.2873472877372
2890.7296207497766
2908.9017076522809
2916.391094160494
2809.5938593603746
2943.4223498009987
2958.8928701124819
2961.0136413707278
2866.6130620619406
2984.8846222327702
2996.8207160459083
2994.038382769907
2909.5355199669193
3018.4561007206707
3026.4423515453509
3020.2869352683706
2942.4894603534781
3046.0078093452512
3049.3464991323585
3037.5893575379146
2969.0703241081678
3067.6739599890102
3066.5302048025183
3049.8406793535937
2994.535883757937
3083.0295187428546
3078.2770405483425
3060.9662907390898
3024.3403101234335
2399.0759874261043
2436.3643649475312
2449.6751704922126
2341.9348380168553
2667.9529973742233
2708.8230826608337
2719.3785180205837
2599.5868345107529
2787.9869800511901
2825.4471131955929
2833.7125183874359
2725.596215401456
2865.5671279951607
2896.8908664074729
2901.9239075392561
2807.129565621553
2922.6403799823133
2947.9408206683956
2948.7155018187455
2864.8892304317169
2967.9255275581927
2987.2860937571913
2983.7896561109978
2908.486773047206
3005.1755042667351
3018.5117215972987
3011.7837343924293
2942.1800643321167
3035.9269707314857
3043.0333531124593
3032.0425987517024
2969.14438930386
3060.4146096992167
3061.6326240597659
3045.9188969803868
2994.016860655614
3077.9719295808604
3074.8465913543941
3057.6269467121451
3022.1061646815442
2356.083046999016
2422.9099569453501
2429.2160893509317
2320.5717693578326
2601.2783056154158
2677.9075631383707
2694.2377241813183
2569.2901314249398
2722.7063975366968
2791.5116535813845
2808.1394542924709
2697.5964873312114
2805.2013181040702
2864.9951946621122
2878.7251087746349
2783.2645131892218
2869.1564655397647
2919.4972456735741
2928.3859218279763
2844.790273154561
2922.4180177870599
2963.0286469210687
2966.5608373725049
2891.8054561444478
2968.2781627888235
2998.7431048771132
2997.5857555340585
2928.8181823359937
3007.6911816658821
3027.9368511361658
3022.3763481496317
2958.1350257874456
3040.4326310239489
3050.7518277888425
3039.5460501299103
2983.3319905287767
3064.8020779388821
3067.3346484583872
3051.4103198413845
3009.5119764141641
3063.0754693175659
3078.4736034364414
3085.078090776678
3081.1687970748058
3099.7263412126981
3103.6638508727651
3104.9102841427293
3101.3462830743551
3101.6172683140717
3105.2309487151679
3106.6134654262628
3103.3492983283591
3068.8917439857751
3083.1622399275384
3091.1254270926288
3089.963089972036
3069.5928525741674
3077.4647038060862
3081.6108814120457
3075.5826378548654
3099.3888378914862
3101.8811819323123
3102.2127478749985
3097.8889890458131
3101.2023684762562
3103.6240559201506
3104.4146799278078
3100.9615046882891
3076.2411402166385
3084.7945825033166
3091.2207926122787
3089.9792830079564
3069.162991191879
3074.2326464527346
3075.6815574478637
3066.8251811455134
3098.1553369999824
3099.4070049226029
3098.7061528273557
3092.9145317521393
3100.7758038406396
3102.7298497057182
3102.9520398926643
3098.8280462116199
3080.2019426955917
3086.7409443586098
3091.8491346504907
3090.5098493064088
3057.2607053882793
3058.2190684328189
3056.4885088024589
3045.1008576209488
3092.3504960363684
3091.2328493419582
3088.2953031966272
3079.9670116867565
3100.7249008748236
3101.0145505847036
3099.3485421512528
3093.3004044930344
3090.1668315068696
3092.6263517809998
3094.5912326682119
3091.4862306067166
2315.6501667896105
2413.6701170655961
2424.9406821318216
2342.4070748387403
2597.0216785970451
2691.6489264618094
2689.5111706404628
2608.127635662865
2724.9213281691887
2807.8147921784534
2802.9292326467421
2731.4742830712621
2807.6571806660809
2879.928569375094
2875.0336812002502
2813.4450079492208
2865.2969716857642
2930.3914451918299
2927.2826216677104
2875.7930369578194
2908.2957916186315
2968.4344480278583
2967.9263345166414
2926.2327045531924
2941.6977461279034
2998.1985056951585
3000.7456034429115
2968.3832988947333
2968.8352077581108
3021.2524207105075
3027.2868965247876
3003.9008673857493
2993.1719859035738
3038.120313855768
3048.0752656182244
3033.6555129824196
3018.5426784912515
3051.0128320630074
3063.1776527276438
3056.5936159720945
2311.7552287523322
2377.8486041245078
2393.8998658480073
2268.5891460601279
2622.9070076661164
2674.2487354637224
2670.7122870550716
2557.0503219592256
2753.9929580070057
2795.9698191352568
2788.4406122873147
2687.7059988730848
2833.0957632454492
2871.1313915746364
2863.525758570825
2774.7672632104186
2886.3232945277396
2923.6116221088514
2917.9955172482514
2842.0625309425327
2925.594939051573
2963.049112044449
2959.992957808709
2897.6834955452509
2956.5227139183689
2993.6188666146527
2993.5818975490915
2945.1845335796115
2982.5887351502392
3017.3702108269354
3020.6673014811231
2985.6886497968167
3006.5942058842147
3035.4712747157419
3041.8707895244729
3019.7353526364586
3030.5555326867197
3050.0368861504116
3058.0125314187471
3046.3212547116691
2301.1340087669255
2342.9442602038689
2357.072588902894
2227.4641478075082
2620.6428796397536
2646.717788191625
2642.8412563586926
2527.6254853566716
2753.8575349595985
2774.2419725691639
2765.3811579957191
2661.9830980524875
2835.4200967770053
2853.1402634171386
2843.0217914490904
2750.5009298869004
2890.5688922102495
2908.8003066161286
2899.5699300652786
2818.6855089649366
2930.9110589636302
2950.759919451873
2943.5912421794792
2875.3286509747936
2962.4315655182695
2983.3789327147229
2978.9533732735099
2924.3622701466543
2988.6832156878904
3009.023761529701
3007.705259626804
2967.0652859084416
3012.0249641539199
3029.2786466098028
3031.0248696414774
3003.9644429518994
3033.8702932833294
3045.9764186971533
3049.5923688583316
3033.8656486547166
2240.8701922612572
2248.2998849402488
2265.1746192117139
2150.1880512069274
2576.496905630293
2566.6427066631572
2567.223578159917
2467.1604373444779
2716.4100111681705
2705.9430244844084
2699.2632749554136
2607.631232227644
2802.8287231994746
2794.1207018501641
2783.612007008679
2698.9901846670682
2863.5200114071918
2858.1105142536953
2846.2427275548544
2769.0225863295382
2908.868079605269
2907.457452941595
2896.4464346282243
2827.7580709200356
2944.3785937802381
2946.9575597269854
2937.7589431003826
2879.6571430157514
2973.338174538686
2978.93663621211
2972.1884067187966
2926.323190114274
2998.1369591053485
3004.9202052656847
3001.1687106926179
2968.2437870900249
3020.481970985903
3026.1923990874748
3025.2046928588024
3004.1626125058656
2359.6766351777137
2488.7323473125443
2494.7470250488436
2392.1372339230325
2624.3545830840812
2752.715121390826
2761.9722461105425
2666.1518576476828
2744.4886722550145
2860.1269896629842
2869.7593058145376
2787.3227670997753
2824.2924306315008
2925.0841199836409
2934.2856265820083
2864.5917201353582
2884.3770181686232
2970.5369265712957
2979.2277405264244
2920.5071360835163
2933.0890626488726
3005.2663705183377
3013.3186888539844
2964.2218754369492
2974.1431886227692
3033.4870583036632
3040.391658214588
3000.1266615033755
3009.3724742723971
3056.8725860336417
3062.2966766783111
3030.3303273487841
3039.2436959936445
3075.9374809235792
3079.9473318478758
3055.634965957137
3063.7845080694674
3090.9565292397556
3093.7332164251757
3075.8197331057354
2297.2999912715827
2477.5892867264583
2490.3612537626004
2391.0872755875807
2580.138820345835
2747.5505431015636
2761.0447848546642
2670.3746698827122
2707.2625651238932
2854.9280176187649
2868.7239278872084
2791.0782304630734
2792.8445957851113
2920.1965680102076
2933.4380275503922
2868.7347649900162
2858.6417681086873
2966.1943937300093
2978.5882103198096
2925.388137334407
2912.5687377716754
3001.4297546059288
3012.7492026575219
2969.4469174434912
2958.0515250070675
3029.7015175164006
3039.7451955269535
3004.9183790097327
2996.7350602237207
3053.021017671424
3061.4608860408357
3033.939223710961
3029.4207809626405
3072.0797606021861
3078.7743431822246
3057.6222974781267
3056.1553131491019
3087.0962480795688
3091.6256043125691
3076.1921496047817
2226.3442906321029
2451.5418306444349
2480.2344250976294
2392.8216431112005
2530.6656378033113
2727.2888051652294
2755.3112797132226
2673.6660804549979
2667.7249006101133
2836.4918581147181
2863.4649914713978
2793.8573687534022
2759.0593752624713
2903.4604267313493
2928.8359438926618
2871.1706812099442
2829.3150618437853
2951.3899282237103
2974.6899290235528
2927.8226937376071
2887.4229461403002
2988.5663920427573
3009.3886238050118
2971.9320163340694
2937.161378873092
3018.6036128348574
3036.7135619286578
3007.3889245630417
2979.9789502228841
3043.4870347792671
3058.5750085375316
3036.085275916832
3016.097585243635
3063.9681613935227
3075.8828821356669
3059.1000090703342
3045.6747924627198
3080.5722812839913
3088.9219690487498
3076.9133421765546
2150.6387478669981
2389.8383563933085
2458.4611118819143
2393.154027859493
2473.4215737738714
2676.908564788705
2741.9185698657111
2681.3857361719861
2617.6318890341236
2792.1509419716804
2851.9187528870589
2800.8677326113993
2712.7190064970255
2863.7124516835543
2918.4105928067834
2877.2398149468877
2785.6867723613054
2916.0526270279279
2965.2503297387389
2933.3698485338464
2846.4328432448046
2957.5852756436034
3000.6098044062546
2976.994197949216
2899.194961070154
2991.8811428351428
3028.4804233106142
3011.5740330504013
2945.8530098745327
3020.7343193115162
3050.8311883644342
3039.1345418957003
2986.7985387848098
3044.8171381819379
3068.60931084495
3060.9733370077656
3021.0725439184221
3064.6110963694487
3082.2844716309714
3077.7936646794528
2356.0839865572871
2429.8549995465301
2426.4240759331988
2321.6210146375042
2624.9068476332495
2694.7732624499131
2701.5692983224253
2593.6156379528416
2750.4244597527486
2810.2480108611089
2817.5742772581325
2721.8014460479776
2832.998792580016
2882.9382059880822
2888.2923966953267
2804.9805077952146
2894.6104204219037
2935.246451884067
2937.4547129505313
2863.1208676792803
2943.4706920707818
2975.8353466479884
2974.5579027476556
2906.8454128270682
2983.5965987003956
3008.447601831389
3003.5649972016499
2941.0017290969449
3017.1342935689695
3034.5380713571685
3025.9423357045262
2968.7560882684811
3044.7527345181393
3054.5975615797188
3042.2605074568601
2994.0324512642896
3065.754178946248
3069.4070363411706
3055.3655981786151
3021.2369371486302
2344.2693863060508
2429.1826256602753
2418.9060028319782
2324.8331281666974
2618.2928787911378
2697.2076210682158
2701.9944108405743
2620.38064573367
2742.6136869293846
2812.4327627999642
2819.0577534686749
2748.155351973392
2825.9156956651896
2885.6742671594852
2890.5044177665341
2827.8785495209622
2889.605672909111
2938.5034906275605
2939.9758704399064
2882.4456786290739
2940.8647318091521
2979.1211953928032
2976.7535118179062
2923.1051047201763
2982.9053715381024
3011.1100973471748
3004.9535051489374
2955.0871591455161
3017.3187628238138
3036.107814622108
3026.6345540787784
2982.0052033621137
3044.9415298538643
3055.1359728129432
3043.2468160099993
3007.4352819038227
3065.5403519388283
3069.8044842163176
3057.7464633249551
3034.5258529219527
2349.4083545692874
2432.3250795131125
2414.0334581603584
2327.4593671777752
2624.4922065864989
2700.7245607433365
2702.4887873749258
2630.1670313157188
2747.8413051347779
2815.4420430481159
2820.3587690386544
2758.2430835182586
2830.5660346741597
2888.5349778070836
2892.1844735974128
2836.9925200038556
2894.0135504021919
2941.4251777899881
2941.8965070471468
2890.5059535119526
2945.1671782586186
2981.9236005721505
2978.6511997757425
2930.3021434434008
2987.0876828270034
3013.3536832649984
3006.6568806286477
2961.7993026621812
3021.0461487051311
3037.7316125285083
3028.2068831264992
2988.7972438845613
3047.76465323206
3056.3520119434397
3045.3017196947376
3014.7103285292733
3067.4936221941985
3071.1782159970521
3060.8500117031431
3042.1007581124754
2368.4456705968128
2447.2139872008374
2415.8711833758853
2345.7352573706589
2648.4311297990348
2719.7180343472469
2714.8657090859756
2669.0648286122519
2768.6649912389448
2832.3490415590827
2833.1290452769103
2793.4988720274659
2848.8731712459025
2903.4927045351383
2903.8836570477365
2866.791304487027
2910.3453831404336
2954.7556997286219
2952.2415060993299
2915.6120314167283
2959.6420758341087
2993.5198966496896
2987.661272122622
2952.3820050431518
2999.3708099273276
3023.1621748488369
3014.7139434229293
2982.2779105371424
3030.8445424772544
3045.8255587623357
3036.0369607357893
3008.9955118345752
3054.9844243185112
3063.2852851724515
3054.0480758571953
3035.1755651554663
3072.8498684272326
3077.5863980232753
3070.8221105787352
3061.2128895321612
3080.0223510214341
3076.4356512127047
3070.2535735922384
3051.9947914207883
3095.9458389665419
3095.0942435188322
3091.5409510898289
3081.7188661668715
3097.8311394232114
3098.5667202696932
3097.3539113426937
3091.4778816475464
3079.6925465610016
3084.6167693773509
3088.1737841576205
3086.2900194927588
3088.9989977579457
3086.1240677589458
3080.3912486482031
3062.4065705702278
3094.5932415387497
3093.9844208828472
3090.3998160276742
3081.1026146191421
3086.9557572663639
3090.063039476825
3090.5938529150403
3085.3750820313717
3051.5689191954511
3062.3433265281938
3069.5811941868824
3070.0197271949314
3091.2497977849184
3088.2858616088561
3080.8992495957641
3061.5551989527589
3093.1107571590774
3092.7502767673659
3088.9746967571764
3079.2484158239067
3081.0822708804762
3085.741346092294
3087.0876558568593
3082.2172933904753
3040.4790852554065
3053.9749574170023
3062.6313305938215
3064.0681934494792
3090.8086613740174
3087.9423715499706
3080.2094592283847
3060.265616596881
3088.444199341619
3089.1404210095866
3085.3949611207418
3075.0456377198016
3066.5388173757924
3074.7740830803873
3077.8597604521838
3074.1719984598089
3015.2615572951026
3034.5049850539085
3044.4480631050292
3046.3831891725226
3090.0505016391139
3086.9461558915809
3078.2954423974979
3057.1492982448099
3085.8185253014799
3087.0357047458647
3083.3594424897274
3072.5912116165268
3060.5511234636815
3070.0057387028337
3073.7821964978762
3070.4144610423518
3005.5791053089738
3026.6490274411212
3037.050329699608
3039.0102517799073
3087.72569296249
3084.1253001422961
3074.0447645358713
3051.0089678063873
3078.7918519034483
3081.317051972183
3078.0289864935748
3066.8227906146399
3045.2689600758818
3057.3781720949046
3062.2004619080199
3059.8963179337998
2981.7630787591952
3005.8068690260075
3013.4075442609328
3013.2784515639614
3085.8679844412609
3081.5387710539812
3069.6172569495566
3044.1630680122939
3075.9799374741028
3078.4973806594248
3074.9233098980108
3062.7215982026946
3040.2712341091728
3052.7168355499634
3057.8728466713769
3055.1761354932578
2973.4604767217043
2997.5699653389893
3005.4783807337126
3003.7916094173065
3080.7819304606824
3073.543447417951
3054.8870039524763
3020.4100597286256
3069.8725749088603
3071.8128822122981
3066.7602173998584
3051.2436683887081
3028.7277961609411
3041.5910272279025
3046.7371271843999
3042.617290588285
2953.1431779054078
2976.0904674860017
2981.115159238348
2968.592778389002
3076.9851250632751
3068.0551066516928
3045.7506797762162
3005.0328601374326
3067.3994345162018
3068.1859275881261
3060.9280996157595
3041.5478709782651
3026.041125276105
3038.0784409127614
3042.2388913016184
3035.8017062150689
2946.6560660583095
2968.8685715674787
2973.4082058323552
2960.9292284145959
3056.8823960938662
3028.8988164721859
2976.3943320238282
2883.9258005990232
3057.4764004934559
3049.3352986117757
3018.7059890601936
2957.2257003109553
3016.8560123102607
3025.1545802440596
3014.9751601795342
2980.9911292894935
2893.3417272618481
2922.2978445944859
2939.25563181914
2898.6539084431538
2347.9050011045751
2294.9271043338495
2279.5509202907447
2163.7632298926119
2666.9922211838439
2617.7472010636516
2590.2690540093759
2473.0030361471854
2804.4705407512383
2757.5074494476944
2725.1099911460478
2613.7398508986225
2882.7395809868426
2841.8292997563221
2810.5407070421456
2705.4335249283531
2930.8503531461843
2899.5549142940254
2872.1845571107706
2776.1665915290073
2964.8544760406462
2941.9395919488284
2919.3947865353994
2835.4024480650223
2990.995120109123
2974.7602481415192
2956.7637174138358
2886.4508251837983
3013.4248774502175
3001.4082690576661
2987.048199470194
2931.726471338894
3034.0250935137619
3024.1978264478698
3011.913397360921
2973.7193150075441
3053.8195848574264
3045.2926222372917
3034.4208747243511
3010.5405978642912
2482.6687931278275
2394.0158165941361
2334.738374780994
2177.2109117046489
2763.7434241642823
2695.7711202168316
2644.6412840699768
2493.4856466179513
2878.5451301504481
2818.8596519414041
2773.0673286567289
2634.0657154779688
2944.1049448121908
2891.8029046518959
2850.9802203246572
2725.2014995325244
2982.9199902448959
2940.986261299774
2905.9019375884513
2794.908672204353
3008.3287101895789
2976.3065642379966
2947.0239204191935
2852.4704275046101
3028.3978630484348
3003.5155000780524
2979.071579426603
2902.0892942995438
3046.1896880929703
3026.1932020873742
3005.1603271165018
2946.9656120949726
3062.1618363302532
3046.6107719781512
3027.5935020440506
2989.0886149383509
3075.7082248003685
3065.8624954578722
3050.6165769220597
3025.095363757639
2567.7499913780557
2462.5986281180913
2381.5257105866754
2183.9657619920604
2815.3776826776175
2736.5329443816677
2672.0848944523682
2498.6420734676071
2910.0304563847913
2844.776234762242
2789.456310467986
2637.2568143181793
2965.9454314798672
2909.8298596133213
2861.3202165782591
2726.6464188173327
3002.4579586739383
2955.1249983364414
2912.8615363077843
2794.9770452303264
3027.0894484120108
2988.4388709790283
2952.222852152287
2851.8749270798348
3045.7027019335474
3014.238052209927
2983.4818976886977
2901.4852695804138
3061.033874402443
3035.6190966317727
3009.4447589677729
2946.3212699632222
3073.8396572106649
3054.8103895140216
3032.3321272605181
2987.8773492366431
3083.1220339788001
3071.8312254594539
3054.210779724413
3024.402729747912
2625.0244318429181
2511.5139029542179
2414.69074577212
2183.9066912298308
2853.1996997652882
2771.1795186063491
2697.295528474353
2503.5098374185282
2935.6566989130656
2868.8272148902624
2806.6073395736375
2640.8703057570419
2983.3256078661038
2926.6800754632573
2872.5669746057447
2728.2036788939099
3016.0409261621171
2967.5542184908691
2920.1931137406941
2794.8597209445943
3039.6211975367614
2998.4749375417864
2957.3108997965537
2850.9518925264892
3057.0516891618086
3022.8729323760958
2987.4242121313673
2900.4342631764166
3070.2605055152176
3043.0550433839303
3012.7783067476826
2945.4525085314158
3079.945057304566
3060.6776206295949
3035.1838571527637
2987.0981240066617
3086.2060035226591
3075.2298797280491
3056.2850258899898
3023.8839626757599
2657.1576699475168
2540.8161166643408
2435.400409047907
2181.3187520489059
2874.3729388589186
2791.7768741047585
2712.2850771971052
2502.7321521511667
2949.7797071071113
2882.9167217308204
2816.782478092262
2640.3919405657948
2992.8038704257851
2936.2040350495213
2878.7494622049062
2727.3086023354872
3022.739827085356
2974.0656923772485
2923.3447387759215
2793.2810505005477
3044.9096642265135
3003.2601641639908
2958.416260811091
2848.4655394647621
3061.2950595914367
3026.645283726155
2987.4283776834222
2897.5970532152915
3073.0626921209141
3045.789170362737
3012.4971557603112
2942.6424264472566
3081.0297326494497
3061.9446455727671
3034.9636240933914
2984.2876392024882
3086.1453319483271
3075.1138642689575
3055.5285177712162
3021.5120024004113
2668.0680115354662
2549.7712816110134
2435.7874726195746
2170.6271797057061
2888.3334977603795
2807.3171927910926
2721.1513119112005
2498.3791489142577
2960.4249109477673
2896.0542887406
2824.3709282469754
2637.4746342349085
2999.9643939408061
2945.7977891678406
2883.337121147405
2724.2838038021123
3026.8173039244907
2980.2525516312176
2925.0277562013794
2789.6561716559577
3046.7617187971973
3006.6122366759364
2958.1176532527315
2844.4661635940383
3061.8045585606383
3027.975007039985
2986.2438560037763
2893.3873149142619
3072.8839176328843
3045.8916642728723
3010.756840670887
2938.4275121273345
3080.4257858368733
3061.4378082167104
3032.7262975428698
2980.3562373995437
3084.9508007367854
3073.9785960663044
3052.6256775175189
3017.3843054866329
2663.7993786153261
2544.3946113190664
2429.0437917517716
2151.3259977600346
2888.3221522200574
2807.1757992905946
2718.605378803551
2483.9872303241227
2960.891491282172
2897.3397251170654
2823.2020539042333
2626.8098121336507
2999.9517942418242
2946.6883931835418
2882.0865988696542
2714.9458407712327
3026.2337792784119
2980.2399223043785
2923.2428871214288
2780.6430350212818
3045.7345756067321
3005.957032016232
2955.5815766314677
2835.5356837086115
3060.5116615078027
3026.8760173086425
2982.8781407723727
2884.7513831790775
3071.3281114111574
3044.4236207961617
3006.8512806416611
2930.3055672793694
3078.6068213450321
3059.358464131145
3028.6883017719938
2973.0308856304955
3082.9719450348211
3071.3158534925642
3048.4890026553262
3011.0270792811207
2640.3456594042286
2516.3482838775471
2394.6784686627329
2081.1283741366769
2881.0778191024447
2795.6175790608781
2697.9389872672787
2417.5026219992042
2956.7482073212032
2890.4853215198732
2808.8569237856805
2573.2555829061139
2996.5029626904511
2941.1555567139117
2869.529486984864
2670.3755371642346
3022.4726414734787
2974.6543321935442
2910.1822241434361
2742.4342696494859
3041.2600206454208
2999.4957814847289
2940.6711543881643
2802.428515693899
3055.2690026703754
3019.6731146054067
2966.5889128849894
2856.2163497104725
3065.5936309522149
3036.5820088872201
2990.4129581551615
2905.7463991279237
3072.7513522985223
3050.9166710887971
3013.4858267794534
2951.975705594969
3077.2400155025753
3062.4453185408661
3034.2630689610214
2991.799436931055
2598.368432455155
2460.923507935001
2310.2438366319066
1807.3672935551522
2859.2992061037321
2761.5522618022796
2631.3589401803861
2044.5465438814344
2943.1299583530363
2870.436300524238
2764.9584322412015
2216.6351158057046
2986.367677638636
2927.3327643754174
2837.545732239013
2353.9951109500694
3013.8589055213238
2963.6767717915345
2886.6279827041758
2479.6603566175413
3033.5801836379696
2990.1977122598855
2924.2061809515117
2607.1632833526955
3048.3998600450732
3011.344126177506
2954.5683710502708
2737.4412615971314
3059.4879245163506
3028.9630215744392
2979.4616388450017
2832.3699620565776
3067.4743862189857
3043.916097928618
3002.3128194351716
2905.1110843526385
3072.7903802635237
3056.6810409274412
3024.3480341684594
2963.5943821759679
2358.9684498433644
2177.0002414156511
2146.057703664605
2010.0282791130664
2630.3862418876824
2464.7156058182381
2426.0391273653609
2234.3487869444893
2755.2771057208256
2618.404617974571
2572.0471551786345
2341.8060594724002
2833.2977633435071
2724.6832379300731
2662.9596683481241
2381.5218079015162
2885.8223612344887
2798.5099268832828
2720.6877907024132
2406.3037984375383
2925.1327511365462
2850.0605304928117
2765.8281269369181
2433.1253731876063
2959.9150491462351
2891.2766767020175
2804.605121181934
2471.7340244832853
2991.8649827010122
2927.5132431341622
2845.5167826417987
2538.6830138858218
3019.1618164136385
2962.8150073673219
2880.3761743431332
2644.4162967974562
3038.3566953029631
3000.1106695870208
2940.8386125720081
2787.0273991536319
2162.3956933507911
2382.395721439992
2439.8890456035815
2382.925096969776
2475.6752034634014
2671.4198785497765
2728.3713231380048
2673.7232749887467
2617.7715145357988
2788.7579027510883
2841.246242527593
2793.3335233857711
2712.0189863691548
2861.2397880005146
2909.3196464569774
2869.6660444116246
2784.9360317729656
2914.1489972166491
2957.5871013272726
2926.2361464025548
2846.1711245163979
2956.2574908218844
2994.4892635491478
2970.6171263794613
2899.6767242261171
2991.143081952946
3023.6221096773706
3006.0838352973828
2947.0901302266798
3020.5815009199141
3046.9059551550213
3034.4206987033058
2988.6854059792454
3045.4362508781783
3065.3953362141924
3056.7498330503613
3023.7006777676634
3065.7421951497695
3079.68981321409
3073.8140033773052
2159.213942333638
2359.7572630147492
2399.8047579379527
2345.3980419484406
2481.2299818479728
2661.8362682763377
2699.8153226401814
2640.9872063361831
2622.5453881408189
2782.5492063421839
2817.4384531185351
2763.0778565761198
2716.0627082662295
2856.5742898305539
2888.7168780799589
2840.6554911952039
2788.7488106141373
2910.487807660189
2939.8208252361442
2898.7261987063266
2850.2133615739726
2953.4556514920891
2979.4763575717948
2945.3999636606645
2904.4339765302589
2989.2099619036053
3011.1563767764806
2983.7640914625194
2952.7517078804876
3019.3952017559914
3036.6316680099167
3015.1619147952892
2995.1841924716346
3044.6294211419827
3056.9239005414202
3040.0911729738955
3031.0100208401318
3065.0014984338163
3072.6785151581407
3059.155973035211
2144.8285770907637
2326.0448721424245
2376.8059116611234
2312.9380807479542
2473.7159916568353
2640.1620053648767
2685.3943331298869
2614.8812749732274
2617.2162431497868
2765.7786484859812
2806.3412583024001
2743.6691807367329
2711.0771656586626
2842.5064210667829
2879.3202273413222
2826.116562667984
2783.7959018552183
2898.5579913138395
2931.6472076842306
2886.9372345824986
2845.3463695747778
2943.7251467080473
2972.4148284591529
2935.0444903631637
2899.8344722946572
2981.7242538580799
3005.244602043495
2974.4505893136625
2948.9703514612283
3013.8740172566886
3031.763948931638
3006.7328164018445
2992.4543018923496
3040.69873006733
3052.8677673595844
3032.5918163922843
3029.4998237305003
3062.2577209185079
3069.2135665697397
3052.4886799347269
2120.5124809791128
2282.1698555542198
2332.878970774359
2230.1679659236065
2463.160923788836
2617.8990693879509
2660.2224099753685
2542.6534080580973
2610.5625011225152
2750.7433320176351
2787.4041892984369
2681.7315454602285
2705.1968203993224
2831.0695825318594
2863.4509436029293
2773.3101225931655
2777.8226723964121
2889.4536259560819
2917.5491775985447
2842.3648637863776
2839.3300544358572
2936.4101071558425
2959.5254450283301
2897.7471633046912
2894.131074771627
2975.8030622515489
2993.4035046292965
2943.019739474852
2944.1576945316469
3008.7548187058924
3021.0870035146331
2980.2281338434495
2989.0358880430881
3035.9110424964674
3043.4835411550739
3010.3017596183649
3027.3086115891942
3057.5885030244685
3060.8935225412292
3034.066552350338
2106.267482980254
2241.2548257453927
2314.9556716052084
2192.8971892064174
2453.5166968042377
2589.7232667345761
2648.363760746196
2499.6360006718787
2603.8882062310481
2729.2005911754609
2777.5609365215391
2642.707941702105
2699.4947280203455
2813.0960481789575
2854.4795581889607
2738.5360044812396
2772.2911231148896
2873.9212987934884
2909.4220157395484
2813.0100587067077
2833.7822877425028
2923.0019774042557
2952.4948007884368
2874.3294546409452
2888.6276628310202
2964.5276119681248
2987.6097750059248
2925.1494830730785
2938.666314984469
3000.0974501201413
3016.3463724601907
2966.6450324812627
2983.8724895943456
3029.8565248474124
3039.3620661410487
2999.8738068189073
3023.0396136107979
3053.8838329828127
3057.0616523425297
3025.5599354070187
2074.3783854368908
2185.3361815215521
2277.4223126240504
1916.6539003443211
2432.1726953101811
2553.7246021565602
2629.2593233652196
2224.2372049753308
2588.6538989224268
2703.1904798495407
2764.6366839791317
2409.7148705688569
2686.5248945667904
2792.4532333432562
2843.8728506605312
2559.9836551041717
2759.7323128966877
2856.5708880459247
2899.4182381369133
2681.6955942140389
2821.1382767134182
2908.1245598214427
2942.3345429966757
2774.9386033441119
2876.0111492429992
2951.8820359635092
2977.0519526893036
2847.3553835303651
2926.4073451587378
2989.634322362509
3005.6330288500385
2906.8359490499661
2972.7053390972615
3021.4491738691572
3028.9305789309446
2955.7491374633851
3014.0336624114602
3046.8794673118878
3046.9791505440344
2994.5422736404089
2033.2496403219
2144.9759382525008
2248.102567492143
1767.5830055738838
2390.2693374489031
2520.5459787717209
2605.5310971766871
1941.5999248712885
2556.0388579356527
2678.06015805475
2746.6200371891455
2073.1886721809356
2660.5748449069811
2772.2597845922737
2829.4985311823343
2236.9573536073081
2738.0957618129464
2839.5693523890304
2887.8861796425767
2439.1570414495295
2802.5530798481045
2893.610434588054
2932.9279973487783
2637.5034332197924
2859.96608420859
2939.5488021605865
2969.0291993026758
2782.5385833820942
2912.7527864086678
2979.4711981309611
2998.5960636121999
2873.5846781758519
2961.4398935553195
3013.3342714247501
3022.759102110077
2935.9267527015677
3004.9867916571802
3041.0608903437042
3041.6819218058645
2980.7211523686847
1842.8954306374105
2015.0016871399816
2160.1594610232519
1933.5298034211567
2156.4372894998328
2402.4155422876293
2534.2098545762578
2078.2592150580531
2344.5183619908198
2589.1007364129723
2694.4610402005487
2158.7613197229357
2490.8445217941639
2708.3013100150702
2789.217033757348
2234.3079729165752
2611.0290966307043
2792.7933010638758
2855.0216688359196
2328.9498475894984
2711.931498153675
2856.92182091729
2905.6520491030451
2451.0591042144583
2794.0759029974288
2907.9490798600559
2946.318839465303
2595.9688757756307
2858.3710993736913
2951.6026054435374
2979.5507201322403
2736.4293648914977
2916.6450990816174
2990.1314487783843
3006.6883405473163
2848.3657851247735
2970.3713938498204
3024.175858753752
3028.0469980754474
2927.1301664509847
1761.6870249179415
1969.4758154803251
2093.5697660636683
1981.1989275666738
1877.7102590788829
2332.1392677617991
2462.833615950829
2148.1119172694307
1951.8396308213437
2502.4548625281923
2636.4366007041062
2216.5108048415168
2054.914680810552
2613.4693345450037
2742.0402986274325
2269.0625368199549
2213.1612701675158
2702.8297366874249
2816.5001127754531
2340.6858059838746
2439.6774488982278
2786.4148214181087
2874.4060814836926
2447.7092834251671
2663.7715860631938
2862.9706340049156
2922.5218933528431
2582.1525423769322
2800.3931095995881
2924.9308252180554
2962.6870249433687
2717.762979664818
2887.8422907065001
2972.0067954768206
2993.9769125632015
2830.9240961164965
2953.1576906429018
3010.6686792625455
3018.4152903030854
2913.3627497910011
2025.6402387659227
1839.0279613060172
1879.5168587213384
2123.9030253941628
2163.2604214019748
2101.1313830018057
2151.5789921831715
2279.703427509281
2205.138954164534
2234.617431443136
2316.1920829812225
2335.7445855941965
2207.3039177788501
2316.4531675387402
2433.3238663079269
2347.3911505141145
2208.3407101202229
2377.3864231492807
2522.3389120200109
2344.8779158455341
2230.8337804341536
2439.4803378466213
2600.6771733222799
2354.0850908282682
2307.1404000044754
2523.9574390884486
2681.0430268287751
2411.1095625348753
2459.8437496779065
2644.0138773589956
2776.2736461936893
2521.3845291804978
2625.3103897497176
2769.7802019273022
2867.1523483049514
2654.5499843701273
2779.6670551831744
2867.7898996849967
2929.2510617221956
2781.0902576854319
2334.1861462817624
2402.0032794721178
2377.2955938189425
2294.0561913677907
2619.7177336692871
2671.1607341039235
2655.75396840641
2587.4176753003171
2742.9357885856407
2790.0765622055465
2783.7844145707018
2730.9462173312581
2824.1048269538041
2866.6948044863984
2863.6498545600998
2819.7237198370713
2886.6806679226274
2923.6894627550537
2920.3384505943054
2880.9880672822601
2938.1343930526618
2968.0905485221551
2962.4595002608039
2924.8058387946503
2980.9792393382913
3002.3008494201831
2993.9611563435565
2959.2611095521729
3015.7485951204098
3028.8337973046118
3018.3086254000373
2988.7945100954221
3042.8062123806808
3049.3416190065677
3038.2272834097994
3016.2482769343069
3062.9544710760847
3065.6893638470037
3056.5725819560371
3043.8999478785609
2182.1603594982598
2300.6707867136124
2289.7855757422717
2205.0285895681945
2486.7022537238122
2579.1762278246229
2565.2514873699711
2478.1181810757121
2641.288494902923
2708.4871419766505
2698.1627575679104
2625.3500772695529
2743.5352895568603
2792.2428066633338
2784.8555566362288
2725.0001174877998
2816.5307740521835
2854.5780142000772
2848.7750086678511
2797.97287148744
2874.2203435026918
2905.3316881092528
2899.6025780529708
2854.9860158394877
2923.9923794352303
2948.1704420023316
2940.8691644703895
2900.5343983675816
2967.5869558571248
2983.7358521046995
2973.6763949411834
2938.3549269753403
3004.100601434016
3012.3925525457239
2999.5544577915612
2971.0127027725443
3032.3185921365621
3034.7223810860582
3021.6863157067464
3002.5689310235425
1849.4831604543515
2185.709162769228
2239.6886695819876
2162.6121820942881
2131.4289584694834
2477.3034741318152
2531.9033313280461
2445.2630587208064
2356.6010186445992
2628.5086760633822
2669.0030496636073
2593.8218232471963
2555.1899934539319
2735.61329988749
2759.5632650560751
2695.9416563378986
2712.7541877485382
2816.2390468026133
2826.7669732799509
2771.6804137455883
2818.0030090806736
2878.553542946876
2880.2667464616306
2831.3575711262765
2891.8770275144093
2928.2828558002388
2924.1178894112759
2879.7013226015852
2947.5127354620481
2968.5023869091074
2959.551849527822
2920.0969802127629
2990.4841245348107
3000.2134132567808
2987.5603770770017
2955.1609946775652
3022.2102638994484
3024.5918915668499
3010.8866892655669
2988.32668592655
1899.625108740529
1942.6152332566619
2099.2049301084353
2066.5982680949078
2078.7582407465206
2184.1516016088149
2421.6879195233078
2368.8959983678187
2200.1940102184517
2346.6285392853219
2576.5493873787282
2523.4687381762819
2329.4437024679801
2495.6701627125358
2682.3026356924292
2631.3628828120018
2467.8255025098456
2631.4892654511477
2762.7256181570624
2713.0645553369673
2611.5106492773348
2747.3411480168334
2827.2443359918252
2778.5436148457384
2742.6917111509697
2839.843112155218
2880.3077456910119
2832.8959087632857
2849.6145724931753
2910.2439794667971
2923.7914395874359
2878.9923111643434
2930.3130430576398
2960.8051875953761
2958.5318508525638
2918.950647968808
2985.4656266607535
2996.4303973302221
2985.7735137882632
2956.2286745619081
1915.7597411722004
1942.1568352630491
2056.3568428600161
2019.0216226261562
2125.6681888154117
2138.0085381043004
2348.8419147545778
2328.8281710610909
2245.5844743583884
2262.3689650555316
2503.7015663904049
2487.8859212161447
2346.7025229730598
2387.1217315254248
2619.8134050001272
2599.5951572220356
2456.2767884110744
2524.1529788823759
2714.8617102002022
2685.0991789367704
2585.7869128739226
2664.988268688669
2792.8612961258859
2754.1884417970678
2717.4373845715409
2786.8325574275445
2855.5347324360405
2811.8414795644726
2828.6998936237246
2876.7637303445185
2905.5015448693257
2860.9408710520734
2912.9390884037193
2940.2394694842055
2944.682181746402
2903.5711125961921
2971.6906144675327
2983.4405190001967
2974.956574107764
2943.3168932616718
1893.2804363089365
2017.2702980182376
1998.1719017009464
1919.511386908649
2085.8242562068281
2141.170532678424
2235.1095543252518
2235.9224844160181
2199.2708012680605
2229.5881325577102
2357.2194949488035
2400.692136030671
2313.4965467962493
2322.4202712232827
2464.3823745434256
2518.7608052438768
2429.8694447036223
2425.6125186622535
2569.5189016102768
2611.871117829513
2538.3598260425015
2538.6383370386957
2671.0547849591017
2689.6467068660704
2644.603379269211
2656.5383365182602
2763.1728500505433
2756.5355834602929
2748.6403382149811
2770.2266836075737
2840.1296913087585
2814.6614518483029
2841.8870966376981
2866.2240782139384
2899.7743878342903
2864.8986610132761
2919.726190473169
2937.3163039226047
2943.6132012231637
2910.8549818001152
1923.1399316761947
2041.0736293780262
2121.8626080054114
1900.8792360632165
2086.8717839848637
2185.8467576288344
2264.0277353505035
2211.0477572769696
2167.0749730211032
2251.3827459347881
2356.0620785573251
2372.7745519093774
2236.0990905613585
2312.1591899056557
2445.4449074493737
2489.8041670277253
2313.5097684351786
2391.379566074479
2539.9651151253033
2583.4387276956827
2420.1683919573193
2498.2145989246119
2638.2390791176622
2663.1337614342319
2562.1843499958195
2626.5430682317678
2733.1783953433687
2732.9659100017948
2708.9474955508108
2748.8450770371414
2815.8183551580792
2794.8647629257557
2824.202772953055
2849.2400604677823
2880.9496394642147
2849.0435882027805
2906.6444532577007
2923.4931191720843
2929.8826909013815
2898.3907499398774
1997.7113384511683
2114.6839568052828
2049.8108671450054
1835.890144233166
2198.7916749147312
2245.2809733960621
2241.5604793387756
2140.5599554229566
2284.9172213895185
2307.5416057854191
2333.2802284831564
2301.2601067224709
2334.0145684854183
2356.2947136653634
2404.8190172334585
2417.5097200720224
2372.8966900522296
2408.2370680911563
2477.4462763035594
2512.2568094061826
2427.783439374959
2474.342063240379
2558.9825863378173
2595.5258466632654
2507.76333120655
2563.0586441529149
2649.6771789215113
2671.5600902003507
2612.624874300333
2673.505588627183
2741.9502473719676
2741.9624742311739
2735.7285773785648
2784.5821499502781
2824.1524817836089
2806.5894784477073
2843.2974877164925
2876.9735073529669
2890.6479932105049
2865.9524295812325
2020.4872847275587
2077.0202854387976
1931.5671568276325
1765.6966381796428
2254.4708636601131
2233.2138209612585
2169.2529775292278
2098.8905356610185
2351.6549480935023
2306.5767832576958
2298.6119312077685
2279.677971076509
2400.5106181812134
2364.5749695524501
2390.9714266156298
2401.5739183567885
2426.0828502224595
2421.2931089013982
2468.3758621351003
2494.8782617391162
2454.6605406117451
2482.489725355767
2546.876556041705
2575.1902004049439
2516.1653804861389
2560.2749593708381
2632.5253097040954
2650.3373520553482
2613.4807809440204
2660.4287473975842
2723.4221741108768
2723.1920656901571
2732.3703125159072
2768.7462312530879
2808.5988962457882
2791.262273388526
2836.9569239265084
2863.5790993630903
2878.837948596748
2854.4997764937862
2127.5661141391752
2147.205564891261
1946.7020440308961
1872.341805385227
2365.026585103481
2298.1889076462962
2086.7466421921063
2012.6220469857592
2469.4880464456865
2375.2938117686886
2176.4221142299734
2108.4821733714007
2518.3220023633112
2422.6428342568424
2254.051235312003
2188.1033136563692
2524.1193912523104
2459.9770524405362
2325.4934934297207
2256.8181993494172
2495.6127444290005
2493.2056944503292
2394.3619070941177
2319.5185368396874
2493.3515608336083
2537.6786536895829
2464.8732177774573
2388.6939380810045
2533.8398200948604
2598.8216935978435
2547.6691922401128
2474.5469905866698
2626.5997216877545
2682.7138956465851
2653.4202364600342
2588.4725544866315
2741.2188717309114
2784.2608831386951
2765.3882957320179
2709.4031180313918
3058.3464099631365
3049.2012980646268
3016.5511045378598
2965.585053243396
3059.018986911175
3053.3238160333867
3037.9612085556
3017.7172842840778
3030.9832514947452
3032.5210339270639
3028.9283618066847
3018.5604830198031
2981.9226930617533
2995.3125239878354
2993.4180670362866
2994.4441884352791
3052.3792347896756
3048.7259145690323
3026.024190972691
2947.1671978467734
3046.525259225125
3046.4211386051184
3043.4081549049552
3032.9580125995494
3010.7140824145026
3024.3589429779122
3025.4627581549321
3024.3615863917894
2951.283834479972
2995.0770870891474
2992.8987400482342
2974.4996491405605
2534.6992501228642
2430.7980944315186
2273.4829331926026
2248.6925355501044
2847.4506308635591
2734.7229008625513
2627.8477290346432
2665.0685700901286
2925.3441173842471
2827.9592368972208
2727.4236062124246
2744.4363431124611
2962.134493351678
2871.2737970872804
2793.8914500056176
2762.9171904198233
2983.8116151105696
2908.1208112687004
2853.3770619152574
2707.0673957794043
3004.9748324868815
2942.384943809599
2883.7733180430369
2681.5149060764215
3020.9163647571231
2968.2155782772529
2907.0241428864956
2672.9618025471955
3034.178740544332
2991.9869402136405
2923.3398228473284
2695.8695988395175
3043.5168907861748
3010.3771074729439
2946.9715896902658
2727.2005753202238
3050.1719673197249
3026.4328578557825
2937.9137089440665
2768.6870226753085
2559.9399427489834
2622.6590354156911
2470.4267220764636
2376.0045960420052
2934.8596793439333
2911.9106444893027
2838.8512176221971
2641.7288179770021
2970.2396848108233
2947.8457611039853
2911.059904234693
2739.7323423337984
2977.6638278173677
2970.1664808852715
2929.8768126328305
2777.4148640055328
2995.1999254784118
2989.074873203127
2951.1343544140395
2789.7396855289949
3010.0573195319616
3003.5329309747885
2963.470103805108
2804.5585730203229
3021.7607006240883
3014.711812629404
2970.4142466278263
2816.0273811753946
3032.4234565516376
3024.3406261702562
2975.8895351118895
2828.3659840647774
3040.2638536861496
3031.0163528304561
2981.5839653965645
2834.5049013498315
3046.6229710460493
3036.8039140428091
2988.1334902289868
2861.3516232141569
2088.7758126694507
1981.9764143261407
2088.8582941473878
2168.7681366964289
2302.5521584403532
2283.1312720487417
2436.1064703476809
2418.8146564507492
2339.749365232386
2386.636858472677
2561.176803083722
2471.0433557161459
2346.4869591284532
2456.0600075664493
2649.8989867904033
2489.8517447518248
2389.6428144877877
2517.1106778845474
2717.3998563088685
2520.7598202777422
2459.0373677883863
2588.6828235173516
2772.9427108872528
2611.42688473711
2567.3680915060577
2675.9600784964414
2837.6626093395807
2680.8453210415105
2697.0245902979182
2785.3055161259103
2896.5440104675699
2783.6166634437054
2821.9118755532572
2883.7577790047349
2951.5966567233245
2874.910817413057
2909.0190982206509
2970.6780544561439
2990.4883437868839
2951.2316218534506
2327.0538113215102
2284.8563250724487
2422.0364194243343
2439.1703790793463
2499.5860276318645
2525.017440032042
2677.9265370825592
2643.1342385653152
2567.3002062742403
2624.0731975681028
2764.829007762306
2719.5691326736264
2626.4700717163714
2684.3704401159926
2800.0708294931324
2764.4964966030284
2687.0441700583078
2753.6081079797741
2847.9402740655132
2811.3313379534125
2745.2718865181337
2824.6148186128335
2894.9781044680631
2852.3148663298339
2800.4329278366627
2893.9873591536534
2938.1331257550587
2886.6767618134691
2847.9810018806807
2952.0056256469848
2973.7726943906282
2918.7126378803509
2881.2835712810133
2988.3406661610716
2997.605774890234
2939.9890777103315
2903.8980549589519
3009.5374416812283
3012.2307137918315
2950.6125229630043
2215.5975998546551
2141.8207714345544
2149.4331030982739
2260.8380638154945
2532.3984713431896
2363.4711760449027
2311.0986598378859
2443.6893521796646
2611.4320751986434
2446.7244707242439
2372.8108903310758
2488.4037871090095
2643.3456276028269
2502.0738930966172
2446.5336638055783
2543.3219109755432
2669.3304406874172
2542.1421073460128
2524.8968398191
2590.2897933568752
2693.9870166116925
2578.3305049443707
2612.4369171182752
2643.1220983738231
2723.9732734112263
2629.7237565339251
2698.1198767795518
2692.7202307946191
2796.7310087355477
2695.6284058537044
2792.2225292850189
2758.4693768793604
2841.2189094460564
2797.4037374018008
2873.0003181846623
2829.0816216583225
2913.8965079831855
2906.7119830606794
2934.138611118567
2900.8387752913791
2439.044199936739
2387.9535779396838
2363.0302481121003
2271.9885595207725
2646.1155079695309
2558.7536427427867
2557.4685835913738
2480.8512757264057
2720.0101284277584
2618.7409236187032
2631.3724866814928
2573.7686833835128
2755.3312509134462
2656.9418216432655
2690.4509283109774
2595.3438003119659
2785.4513243855904
2691.0744841825153
2749.8187759463822
2618.3953137831058
2816.3381463693709
2729.7074657674298
2799.5214976393158
2640.7663293105343
2839.1620008044852
2778.2352968914397
2840.1953442970857
2665.2948556744791
2858.2661615500665
2832.3190880533703
2876.5947676401515
2725.8986705505358
2866.9714391201442
2887.2678676279829
2912.5662661328715
2795.9269493063416
2892.2301388013175
2941.3035607336119
2945.5278925028078
2869.8933065149872
2941.882733581177
2938.9860963803012
2923.921104903272
2827.8268727304621
2934.6266313359938
2934.5603657234592
2934.3744498679498
2926.5447945060464
2901.5531451995876
2912.9222239356864
2916.5525767697559
2916.3673655813063
2846.5256793795161
2888.8734926115312
2889.0554107455937
2857.8824314367757
2436.3709039547143
2496.1033329205179
2373.3060789691804
2265.4983066571212
2841.0306343051789
2807.5488895269677
2721.5732188859533
2507.5871996769429
2898.6326497428281
2902.5327065433007
2820.9873352738623
2580.0080755603062
2843.3268013897223
2839.63792450457
2863.6970828705794
2673.6353180770052
2898.2929589420064
2893.7662759965538
2827.6698927057041
2720.6917346253153
2912.6113568437672
2902.3171402411326
2858.0320441585322
2692.6606002417802
2912.8934508481489
2905.5977578916541
2863.3578435610666
2720.4521060910392
2921.8310634025675
2914.644553337308
2870.5876935863957
2728.9128393599171
2929.1286096644349
2920.7693832936793
2877.6617680580352
2734.504409111933
2935.8079298899443
2927.6584148599086
2887.1820697624894
2765.3064465207049
2240.6037417424336
2219.4224116291298
2342.5749731245674
2355.3944995818183
2451.1533410124075
2461.0276687036244
2576.4580679076562
2581.6063949847112
2545.1710911405039
2558.4906326862783
2653.1311032487315
2669.8300988470951
2581.9663232167381
2642.0121521162937
2755.2566307675752
2724.9957887041965
2628.6544224877034
2693.5305336667802
2779.7054744314946
2747.1650777138352
2680.1087745372706
2751.2940346575315
2803.8315449607389
2769.0669164646652
2722.3555627208707
2807.3543002378851
2839.3125982202923
2795.7428527551497
2755.8248795766331
2851.1040061594267
2869.7606826016727
2822.4124418694246
2784.9418024494112
2882.1224437979304
2889.692553211577
2838.2799555990655
2801.5249005130759
2902.1888354035977
2903.413176457289
2845.1939481332652
2356.2464902658407
2318.0943460578892
2298.956816660721
2208.2453626894403
2570.3865240961227
2513.3842643357116
2503.3705389790225
2407.2120513955856
2628.4686583535913
2588.9832137423923
2595.2522377842233
2473.0249239839372
2692.7425937171197
2610.7964319292942
2644.5758143868093
2555.7779183937955
2729.0729054629392
2615.8312310903502
2683.3177231041273
2516.9838314893668
2739.7338821446042
2649.1934151133682
2719.9778097845287
2550.6572275147705
2750.0841026336548
2695.2743503524857
2748.7950921031934
2573.9210856849691
2761.4050768479883
2741.3185736477035
2777.9172449156385
2610.1215078457467
2766.9839515967087
2791.145862055615
2808.9445361000285
2676.4278849314728
2795.8891829739132
2839.8427300363765
2839.0379433005569
2755.9140875403409
2840.6453886114737
2837.9588201012566
2818.3782666355864
2739.3866787929296
2834.4564577263477
2836.3498821711005
2833.7521157152582
2823.2174273410105
2794.0048590762026
2812.3985131882955
2816.1404208325039
2813.8522806000537
2724.3756286157322
2777.8009326315032
2782.5993063182459
2759.2297816823593
2215.768532623913
2278.2230172653049
2160.8477633278553
2052.7733651058593
2614.1764926303604
2629.4887628683641
2536.5545344420862
2339.4132540892933
2712.4974344346333
2716.8203113881495
2637.613735303546
2421.647122945707
2750.4785264028001
2757.3090828292056
2698.167225037088
2513.3273235670035
2766.9789749371503
2769.4154038992679
2731.9669871432957
2571.7939569542377
2782.0294752681402
2781.0288452422219
2739.8014012986428
2600.5769656625089
2796.7518037715395
2794.4060918371024
2752.6381623967272
2614.8297719987263
2808.780098546004
2805.7317783296094
2764.077125377727
2630.5891022595288
2819.2320710164672
2814.6428924658589
2775.1473425273953
2644.1554192216631
2828.5343833881248
2823.8841157774982
2789.1498774258444
2680.9810136995197
2043.0362333577048
2034.1236986977085
2142.6358687598449
2143.831995004819
2304.1381471583572
2312.1990111253263
2417.5327013893625
2423.4898771528588
2393.6798642854928
2412.7123008974354
2505.413906813159
2510.4571967694405
2449.300210297889
2503.0918308151104
2599.3185954033324
2572.6155748560445
2505.5365386128346
2565.4108830955943
2642.7934785762277
2614.3589742783361
2559.687338545511
2632.076523305871
2689.8328733377652
2653.5293351239752
2610.0092554163061
2695.2830277073886
2732.0679708378875
2687.2632359252621
2653.4452698380114
2747.0067745595466
2764.3968977472409
2716.0898096423389
2682.3340159998866
2777.6103449649308
2785.3418773168846
2732.216517119195
2704.2524421943758
2799.1390280154483
2800.5822653941582
2742.5914418751718
2140.1785450518682
2119.8724068853435
2101.9605044860191
2015.9051984935336
2409.9378204629979
2364.4506331252423
2347.4059863566272
2224.6985535503495
2478.2648289675531
2434.3017164340731
2431.4336085047989
2296.8222462655667
2544.884734923427
2475.9166244952394
2492.9771326196174
2384.6031034347425
2587.7820257821436
2510.6561535271026
2544.8685566577806
2438.0491307793768
2618.4107747823159
2544.5646181206866
2591.7416863415469
2445.2658586825669
2640.9825290455778
2584.9229494824276
2633.2504948761289
2461.5647451793297
2656.5382768055015
2633.9129664833486
2662.9719588720277
2488.4621729208898
2666.4667975997531
2683.6960408110872
2688.5813231723573
2541.2341508867821
2698.4403738094143
2729.4525747598623
2715.6395380834674
2619.2455940507298
)
;

boundaryField
{
    inlet
    {
        type            fixedValue;
        value           uniform 3200;
    }
    outlet
    {
        type            zeroGradient;
    }
    symmetry
    {
        type            symmetry;
    }
    focusWall
    {
        type            fixedValue;
        value           uniform 750;
    }
    walls
    {
        type            fixedValue;
        value           uniform 750;
    }
    fluid_to_graphite
    {
        type            fixedValue;
        value           uniform 480;
    }
}


                                                                               
